Company Name,Current Rank,Previous Rank,Senior Executive Name & Title,Year established,Offices interstate,Number of external WA consultants,Industries Serviced,Number of full-time WA inhouse consultants,Total staff in WA,Percentage of Business-Other,Core business,Notable clients,Percentage of Business - Consulting,Offices in WA,Fee Per Hour,Ultimate holding company,Is the organisation headquartered in WA?,Types of consulting practiced
Bain & Company,,,Stuart Love(Partner),2011,,,,,,,,,,1,,,,
Logikal,92,,"Bruce Bairstow(Co-Founder, Director)",2007,,,"Mining, infrastructure, utilities, oil and gas,…Mining, infrastructure, utilities, oil and gas, defence, construction.",8,15,,,"Rio Tinto, FMG, Iluka, Georgiou, Water…Rio Tinto, FMG, Iluka, Georgiou, Water Corporation, Western Power, BAE Systems, Woodside, QGC, Chevron, Arrow Energy, MWH, Subsea 7, Technip,Sandvik, Balfour Beatty, Leighton, Laing O' Rourke.",,,,,,
Aurenda,101,31,Deb Macksy(Managing Director),2002,,1,"Mining, mining services, transport and logistics,…Mining, mining services, transport and logistics, aged care, community care, disability services, manufacturing, contract cleaning, hospitality, and other high risk industries.",7,15,5%,"Aurenda assists employers to reduce the financial…Aurenda assists employers to reduce the financial and human cost of workplace injury, through the development of preventative safety systems; education and training; and proactive management of workplace injuries when they occur.","Byrnecut Mining, Craigcare Group, Nulsen…Byrnecut Mining, Craigcare Group, Nulsen Association, Swan Transit, Mount Gibson Iron, Toll, Volgren",95%,1,WND,Aurenda Pty Ltd,Yes,
JMJ Associates,85,18,"Mike Goddu(Co-Founder, Partner)",2005,1,6,"Mining and metals, oil and gas, marine,…Mining and metals, oil and gas, marine, construction, manufacturing.",9,14,,"Safety leadership consulting to the energy,…Safety leadership consulting to the energy, manufacturing, mining and construction industries. JMJ specialises in transformational change for organisations, projects and operating facilities, with specific practices around eliminating workplace injury, enabling high performance teams and leadership development.","Chevron, INPEX, JKC, Lend Lease, Origin Energy,…Chevron, INPEX, JKC, Lend Lease, Origin Energy, Boeing Aerostructures Australia, Shell Development Australia",100%,1,,"JMJ Associates, LLC",,
The Emotional Intelligence Institute,212,110,Rachel Green(Director),2012,,2,"Mining and resources, energy sector, professional…Mining and resources, energy sector, professional services, health, local government, state government.",1,3,40%,"We help your team and organisation develop…We help your team and organisation develop emotionally intelligent communication with your clients, stakeholders and customers. We teach people how to stay calm in difficult situations, reduce anger, anxiety and frustration, and build emotional resilience under pressure and during change. We provide executive coaching, leadership development, and master-classes on emotional intelligence. We conduct emotional intelligence testing, personality testing and testing of your decision-making capability.","Bankwest, Landcorp, Horizon Power, Synergy, Baker…Bankwest, Landcorp, Horizon Power, Synergy, Baker Hughes, Dept Housing, Fremantle Hospital, Alcoa, RealMark RealEstate, BHPB, and more.",60%,1,Varies,RachelGreen.Com Pty Ltd,Yes,"Provision of emotional intelligence assessments.…Provision of emotional intelligence assessments.
Provision of face-to-face coaching in the workplace for leadership teams."
Barbaro Group,,,Tony Barbaro(Managing Director),,,,,,,,"Land Transport Risk Management, In Vehicle…Land Transport Risk Management, In Vehicle Monitoring Systems, Driver Safety & Training, Functional Safety Leadership",,,1,,,Yes,Vehicle and driver safety and training
Corporate Governance Risk,,,Grant O'Connell(Chief Executive),,,,,,,,,,,,,,Yes,
Ledger Financial Group,90,36,"Steve Ledger(Founder, Managing Director)",2003,2,,All industries.,8,20,50%,"Recruitment, human resource consulting, finance…Recruitment, human resource consulting, finance advisory, accounting advisory, insolvency advice, organisation, design and development.",,50%,1,$85-$450,Ledger Capital,,
Growth Coaching International WA,125,61,Grant O'Sullivan(Director),2007,6,10,All industries,5,7,50%,"Executive coaching, facilitation and leadership…Executive coaching, facilitation and leadership training","Department Of Education WA, Vic, NT, Veolia,…Department Of Education WA, Vic, NT, Veolia, Institute of Chartered Accountants WA (ICAA), TR7- Total Human Resources, St John of God Health Care, WA Primary Principals Association, , GESB, Presbyterian Ladies College (PLC). Hale School.",50%,1,Varies,Growth Coaching International Pty Ltd,Yes,
Benchmark Projects Australasia,,133,"Chris Carman(Founder, Managing Director)",1985,1,2,"Land development, property development, marina…Land development, property development, marina and port development, major infrastructure, roads and bridges.",,2,,Project management.,"LandCorp, Hemsley Investments, MRA, Port Hedland…LandCorp, Hemsley Investments, MRA, Port Hedland Enterprises",100%,1,$200,Davina Holdings Pty Ltd,Yes,Project Management
Realising Potential,115,63,"Jackie O'Dowd(Founding Partner, Chief Executive)",2002,,NFP,"Civil and mining, manufacturing, petroleum,…Civil and mining, manufacturing, petroleum, professional services, retail, construction,, facilities management, Services, manufacturing, Financial services,  Software Developments and distribution",NFP,NFP,20%,"Strategic performance architecture, enterprise…Strategic performance architecture, enterprise architecture, business consulting, I.T. consulting., Intelligent BPM, Transformation and Optimisation",Available upon request,80%,1,Project based fees.,,Yes,"Management, Transformation and Change, Business…Management, Transformation and Change, Business Optimisation, Change around Mergers, Aquisitions, Restructure or Divestment"
Susan Harwood & Associates,245,86,"Susan Harwood(Company Director, Gender Equality Specialist)",1994,,,"Mining, tertiary, Local Government, State…Mining, tertiary, Local Government, State Government, Private Sector",1,1,3%,"Leadership, coaching, teambuilding, gender equity…Leadership, coaching, teambuilding, gender equity initiatives, gender analysis of policy, investigation of workplace grievances, including bullying and harassment, mediation. Gender specialist working on international projects in developing countries.",UNWomen (Serbia); Pacific Islands Secretariat;…UNWomen (Serbia); Pacific Islands Secretariat; Sime Darby (Malaysia); sity of WA;  Ogden; DFAT.,97%,1,$275-350,,Yes,"Management consulting: workplace bullying,…Management consulting: workplace bullying, discrimination and Harassment. Leadership development. Gender equality; disability and social inclusion."
Silver Lining Cloud Solutions,47,,Stuart Goodreid(Director),2014,,,,25,25,,,,,,,,Yes,"Salesforce, CRM, Integration"
Akamai Management Group,74,37,Tri Suseno(Managing Director),2007,2,3,"Resources, oil and gas / energy, manufacturing,…Resources, oil and gas / energy, manufacturing, investment fund, shipping, retail, hospitality, engineering, pharmaceutical, technology.",10,78,60%,"Strategy consulting, corporate advisory,…Strategy consulting, corporate advisory, investments & management",WND,40%,4,Varied depending on seniority,Akamai Management Group,Yes,
Westinfo,188,,Wade Halvorson(Chief Executive),2007,,,,2,3,85%,"Delivering high quality, innovative online…Delivering high quality, innovative online learning programs to client organisations and working with them to integrate learning into the daily operations of their workforce.","Woodside Energy, WA Water Corporation,",,,,,Yes,"Corporate learning programs designed and…Corporate learning programs designed and implemented to deliver client organisation objectives. Provide and host online learning courses in Business Skills, IT User Skills and IT Technical Skills. Channel partner with Skillsoft, the world's dominant e-learning provider."
HumanConnection,152,77,Wendy Lamotte(Director),2006,3,8,"Technology, government, natural resources, Non…Technology, government, natural resources, Non for Profit .",4,4,50%,"Business transformation and capability,…Business transformation and capability, behavioural change  management, organisation performance optimisation, strategic and operational HR advisory services, ICT strategy, enterprise architecture,  and talent acquisition.","Government, CSC, Roy Hill, Fiona Stanley Hospital…Government, CSC, Roy Hill, Fiona Stanley Hospital, Defence Housing Australia",50%,1,,SCW Nominees Pty Ltd,Yes,Various
Traction360,,,Sam Keats(Professional EOS Implementer),,,,,,,,,,,,,,Yes,
Equifax,166,96,"Kevin Allen(State Manager, WA & NT)",1986,4,,"Banks, financial institutions, trade credit,…Banks, financial institutions, trade credit, telecommunication and utility companies",3,3,50%,"Credit bureau, employment verification services,…Credit bureau, employment verification services, marketing services, fraud risk solutions and solution consultants",,50%,1,,,Yes,"Financial, human resources, credit risk,…Financial, human resources, credit risk, collections, data mining, direct marketing."
Future Effect,107,45,Jenni Conroy(Managing Director),2009,,NFP,"Energy, utilities, industrial and government…Energy, utilities, industrial and government sectors",NFP,NFP,30%,"Future Effect provides specialist advice in the…Future Effect provides specialist advice in the energy, utilities, industry and government sectors.  The diverse skill set of our staff, including accountants, engineers, financial analysts, economists and corporate affairs specialists enables us to provide a balanced perspective to our clients when solving critical issues and progressing major commitments.",,70%,1,,Future Effect Unit Trust,Yes,"Management, industry-specific operations,…Management, industry-specific operations, governance, finance, analytical, legal@regulatory"
Thorntons Business Advisors,,,Troy Anderson(Business Advisor),1970,,,,,,,,,,,,,Yes,
BIM Drafting Services,,,Leon Gaglia(Business Systems Manager),,,,,,,,,,,,,,Yes,
Wedge Consulting International,162,61,Darren Wedge(Managing Director),2008,2,,All industries.,NFP,NFP,,Assisting Inventors commercialise their products…Assisting Inventors commercialise their products in the USA,,,1,,,Yes,
Centre for Association Management,114,67,Ron Adams(Managing Director),2002,,,Not-for-Profit,6,6,,Provision of association management services for…Provision of association management services for the not for profit sector,WND,,1,Varies depending on budget and services required.,Centre for Association Management Pty Ltd,Yes,
Interstaff International,88,,Sheila Woods(Managing Director),1988,,,Corporate migration projects for the resources…Corporate migration projects for the resources and oil and gas industry,NFP,NFP,,Immigration advisory services.,,,1,,,Yes,
Pracsys Economics,96,57,"Michael Chappell(Founder, Managing Director)",1997,1,,"Property development, construction, state and…Property development, construction, state and local government, tourism, fisheries, aquaculture, agriculture and resources.",8,9,,"Urban economics, feasibility, economic impact,…Urban economics, feasibility, economic impact, economic development strategies, governance, business planning, strategic business planning, financial modelling.","Department of Planning, Department of Sport and…Department of Planning, Department of Sport and Recreation, Peel Development Commission, City of Albany, LandCorp, Department of Transport, Curtin University, Murdoch University, Main Roads WA, AMP Limited.",100%,1,WND,Systems Edge Management Services Pty. Ltd.,Yes,Economic and management consulting
VCI,,,,,,,,,,,,,,1,,,Yes,
AME Offshore Solutions,,,Gus Costas(Director),2002,,,,,,,,,,,,,Yes,
Grover Projects,,,,,,,,,,,Specialises in developing innovative strategies…Specialises in developing innovative strategies for the successful delivery of major projects within the utility sector.,,,1,,,Yes,
Pay@bility,72,,Lance Compton(Managing Director),2018,,,,12,12,,,,,,,,Yes,"Salary packaging, novated leases"
Veritas Engineering,,,,2004,,,,,,,,,,,,,Yes,
2020 Global Business Consultants,93,54,Jon Petelczyc(Director),2001,,NFP,,8,10,,,WA State Government,,1,,,Yes,"Accounting advice, business planning, capital…Accounting advice, business planning, capital structure advice, corporate governance solutions, performance alignment, pricing and costing of services, probity, procurement and tendering advice, strategic planning, strategic risk management, taxation advice, audit"
Maitland Consulting Group,181,108,Ruth Maitland(Managing Director),1994,,80,Public and Private sector including SMEs and NFP…Public and Private sector including SMEs and NFP and Local Governement.,NFP,NFP,50%,,,50%,1,,,Yes,"Management, strategic planning, human resources,…Management, strategic planning, human resources, organisational development, change management, facilitation, executive coaching, coaching, learning and development, psychometric tests, and a range of learning and development tools."
Hospitality Total Services,108,85,Mario Sequeira(Director / Chair Foodservice Consultants Society International (Asia Pacific Division)),1992,,1,"Hotel, taverns, restaurants, small bars, cafes,…Hotel, taverns, restaurants, small bars, cafes, aged care, lifestyle living, hospitals, liquor stores, retail, other hospitality and tourism.",6,8,,"Hospitality management and foodservice design…Hospitality management and foodservice design consultancy. Interior design, business improvement, liquor licensing.","Sodexo, Hilton, BGC, Hawaiian, City of Perth, MRA…Sodexo, Hilton, BGC, Hawaiian, City of Perth, MRA, Gastevski Group, Kapinkoff Nominees, Southern Cross Care, Bethanie, Sonya Gastevich,",100%,1,$275,Hospitality Total Services (Aus) Pty Ltd,Yes,"Hospitality management, foodservice design,…Hospitality management, foodservice design, interior design, liquor licensing, council applications"
Consulcad,,,Simon Sands(Director),,2,,"Public and social sector, resources and…Public and social sector, resources and infrastructure, commercial, SME",,,,,,,1,,,Yes,Project and portfolio management.
One Stop Corporate Solutions,242,,Sabina Schlink(Principal),2006,,52,,1,1,,Through our vast network advisers we are able to…Through our vast network advisers we are able to provide our clients with 24/7 business support and guidance on all aspects of their current and future business operations. We work closely with our clients to establish firm internal and external processes to ensure that the business is profitable. We also work together with them to identify future growth opportunities. Our focus is enabling clients to deal with the everyday issues as seamlessly as possible so that they can concentrate on running their business successfully and position it for future growth.,,100%,1,$450 (excl GST),,Yes,"Through our network of advisers we provide advice…Through our network of advisers we provide advice on everything that a business needs from A to Z to enable it to function successfully. We provide professional guidance in relation to successfully establishing a business and advice on the best corporate structure, developing good corporate governance protocols, developing polices and procedures, contract management, risk mitigation and management and crisis management protocols."
Amlec House,176,104,"Chris Cubbage(Director, Principal Consultant)",2004,,NFP,All,NFP,NFP,,"Security, risk and investigation management…Security, risk and investigation management consultancy and training.","Local Government Preferred Supplier - Security…Local Government Preferred Supplier - Security Consultants, State & Federal Government Security Agency Panel Provider, ASX100-300 Client Base",100%,1,$180+,,Yes,"Security, risk, technology and governance"
Solution Minds Consulting,42,25,"Jamon Johnston(Founder, Chief Executive)",2006,1,6,"Mining, Oil and Gas, Utilities, Not-for-profit,…Mining, Oil and Gas, Utilities, Not-for-profit, Aged Care, Community Care, Resource Services, Manufacturing, Distribution, Government, Education, Disability Services, Engineering and Ports",26,26,,"Help organisations become more streamlines,…Help organisations become more streamlines, modern and competitive for the digital era, through improved business processes and modern enterprise platforms. 

100% independent ERP and digital transformation advisors and consultants.","Boeing, Synergy, Fremantle Ports, Mid West Ports,…Boeing, Synergy, Fremantle Ports, Mid West Ports, Activ, CCIWA, REIWA, P&N Bank, Imdex, Programmed, Keystart, Ausdrill, Structerre, Land Surveys, KCGM, Talison Lithium, Independence, Japara, Silver Chain, Tyremax, Fluidra, Steel Blue Footwear, Bethanie",100%,1,$200-$400,,Yes,"ERP and Digital Roadmapping, Business Process…ERP and Digital Roadmapping, Business Process Management and Improvement, 100% Independent Enterprise Software Selection, End-to-end Project and Change Management"
Miles Morgan Australia,94,63,"Barbara Macnish(Founder, Director)",1997,1,12,"Education and training, commonwealth, state,…Education and training, commonwealth, state, local government and NFP sectors",8,10,,"Social and economic evaluation, policy and…Social and economic evaluation, policy and applied research; training, strategy, program and policy evaluation, career development policy and training, competency frameworks and learning and development.","OECD, Australian Departments of Prime Minister &…OECD, Australian Departments of Prime Minister & Cabinet, Education & Training, Jobs & Small Business, WA Departments of Training & Workforce Development, Primary Industries & Regional Development; Australian Red Cross, Government of Saudi Arabia",100%,1,From $150 GST inc.,,Yes,"Evaluation, social and economic policy, applied…Evaluation, social and economic policy, applied research primarily in the education, disability, aged care, transition to employment and human services sectors."
CultureCounts,,,Michael Chappell(Managing Director),,1,,"Arts & Culture, Education, Government, Health &…Arts & Culture, Education, Government, Health & Community, Libraries, Placemaking & Activation, Sports & Recreation",,,,,"Perth Festival, Fremantle Arts Centre, Barking…Perth Festival, Fremantle Arts Centre, Barking Gecko Theatre Company, Spare Parts Puppet Theatre, Black Swan State Theatre Company",,1,,,Yes,Management consulting.
Business Agility,,,"Deborah Banning(Co-Founder, Director)",,,,,,,,"Business coaching & executive coaching, business…Business coaching & executive coaching, business improvement & growth, digital business transformation, project & change management, strategy & business planning, Board governance & performance, Rapid business startup packages",,,1,,,Yes,
Applied Innovation Centre,174,115,Peter Newman(Managing Director),2003,,4,"All industries, private and public",2,6,,"Consultant and training in innovation,…Consultant and training in innovation, organisation and management/leadership.","DFES, Landgate, Department of Mines and Idustry…DFES, Landgate, Department of Mines and Idustry Regulation, Department of Culture and the Arts, Department of Housing, Department of Water, Department of Fisheries",100%,1,$150 - $200 per hour,,Yes,"Innovation consulting and training, human…Innovation consulting and training, human resources, corporate investigation, leadership and general management training,corporate investigations."
BLJ Australia,148,98,David Jones(Managing Director),1999,,,All industries.,4,5,,Range of services designed to make the operation…Range of services designed to make the operation of any business easier and more cost effective.,"Horizon Power; Paspaley, Navitas Limited, Slater …Horizon Power; Paspaley, Navitas Limited, Slater & Gordon Lawyers, AWH Pty Ltd, DBP Transmission.",100%,1,Contingency based or determined by function.,N/A,Yes,Procurement
Your Financial Controller,189,,Kevin Mackmin(Managing Director),2015,,3,,NFP,NFP,,,,100%,1,,,Yes,Financial
Select Carbon,,,Dean Revell(Chief Executive),2010,2,,Agriculture,,24,,Developing carbon farming projects throughout…Developing carbon farming projects throughout Australia.,,,1,,,,Environmental
Evolution Settlements,167,56,Valerie DeCosta(Liensee ),,,,Real-Estate,3,3,,Conveyancing,,,1,,,Yes,Governance
iSOL8,217,,"Craig Power(Founder, Managing Director, Principal OHS Consultant)",2015,,1,"Mining and mineral processing, general industry,…Mining and mineral processing, general industry, agriculture, oil & gas, utilities",1,2,10%,"Investigations, expert opinions, audits, risk…Investigations, expert opinions, audits, risk review and assessment, OHS documentation, tender review and submissions.","Rio Tinto, KCGM, Several WA and Interstate Legal…Rio Tinto, KCGM, Several WA and Interstate Legal Firms",90%,1,Variable,iSOL8 Pty Ltd,Yes,Occupational health and safety.
Infinite Consulting Group,182,,Andrew Madams(Director),2019,,3,,2,3,,,,,1,,,Yes,"Management, leadership, employee engagement,…Management, leadership, employee engagement, executive development, executive team alignment, executive team coaching"
Maxxia,69,41,"Rick Sherlock(State Manager, Western Australia)",1990,10,,All,12,15,,,,,1,,McMillan Shakespeare,Yes,"Salary packaging provider, novated leasing…Salary packaging provider, novated leasing provider, provider of NDIS plan management."
The Nexus Network,139,94,Jan Saggers(Managing Director),1997,,8,"WA public and private sectors, not for profit…WA public and private sectors, not for profit sector, tertiary institutions.",4,12,,"Management consulting including organisational…Management consulting including organisational design, program/policy development and review, strategic planning, research, analysis, training, facilitation/mediation, strategic human resource management, executive recruitment, governance, risk management, implementation support and job design/classification.","Over 30 government agencies including health,…Over 30 government agencies including health, education, employment and training, public sector management agencies, and WA-based universities.",100%,1,WND,,Yes,Management consulting
The Tall Poppy Publishing Group,202,137,Paul Appleton(Managing Director),1998,,NFP,"Mining, retail, finance, insurance, stockbroking,…Mining, retail, finance, insurance, stockbroking, health care, education, libraries, real-estate and development, non-profit, airlines, airports and space.",NFP,NFP,,"General management, marketing and economics,…General management, marketing and economics, performance improvement, financial planning and control, organisational design and development.",WND,100%,1,$550 per hour.,The Tall Poppy Consulting Group Pty Ltd ATF The…The Tall Poppy Consulting Group Pty Ltd ATF The Meconin Trust,Yes,"Management, financial, educational."
MacroPlan,128,,"Stuart McKnight(General Manager, WA)",2006,6,75,Property industry,5,6,40%,"Property, economic, demographic and planning…Property, economic, demographic and planning research and advisory work. MacroPlan covers all property sectors and its specialisations include: retail advisory (including retail needs and sustainability assessments); planning and development project feasibility; retirement and aged care; residential development (infill and greenfield); tourism; major infrastructure projects, and cost-benefit assessments.","Aigle Royal Group, BGC, Brookfield, Coles, ISPT,…Aigle Royal Group, BGC, Brookfield, Coles, ISPT, JLL, Colliers, Leighton Properties, Dexus, Charter Hall, Peet, Satterley, Stockland, Pindan, UDIA, PCA, Woolworths, Mirvac, Metcash, Sirona Capital, WA State Govt, Australian Government",60%,1,,MacroPlan Holdings Pty Ltd,Yes,Property economics and strategic land use…Property economics and strategic land use planning.
Integrated Managed Services,137,81,Brad Weir(Managing Director),1999,,NFP,Mining; oil and gas; infrastructure; alumina,NFP,48,75%,"Provision of technical specialists and…Provision of technical specialists and construction management. Consulting services, business systems selection and integration, specialised recruitment.",Alcoa; INPEX; BHP; Chiyoda,25%,1,NFP,,Yes,"Industrial relations, human resources, health and…Industrial relations, human resources, health and safety, construction management, maintenance technical specialists."
Total Leader & Coach Solutions Australia,161,105,"Gregory Bayne(Founder, Director)",2009,,12,"Resource sector, government, not for profit,…Resource sector, government, not for profit, accounting & finance sector.",3,5,,"Leadership development, facilitation, team…Leadership development, facilitation, team development, executive coaching, training, organisational culture, business development.",Riotinto; Woodside Energy; Calibre; Worley…Riotinto; Woodside Energy; Calibre; Worley Parsons; Transfield Worley; AHG; Bankwest; Burswood Casino; IPAA WA; Engineering Australia; Water Corporation; DEEWR; Centrelink; DofSubsea,100%,1,$300 to $450 per hour,Total Leader and Coach Solutions Australia Pty Ltd,Yes,"Organisational change, leadership development,…Organisational change, leadership development, waste elimination, mental well-being and resilience, high performing teams"
Gas Trading Australia,,,Allan McDougall(General Manager),,,,,,,,,,,,,,Yes,
Tower Human Capital,106,70,Dale Calhoun(Director ),2008,,12,All,6,18,,"Strategic human resources, organisational and…Strategic human resources, organisational and individual effectiveness, strategic capability, career management, career transition, executive coaching, talent and leadership development.","Amana Living, Anglicare WA, ASC, Atlas Iron, BHP,…Amana Living, Anglicare WA, ASC, Atlas Iron, BHP, CBH, City of Perth, DevWA, Goldfields, Holcim Lafarge, Horizon Power, Jackson McDonald, KPMG, Lynas Corp, Programmed, PwC, Racing & Wagering WA, RAC, South32, St. John of God, Telstra, WA Super",100%,1,,,Yes,"Strategic human resources, career management,…Strategic human resources, career management, organisational effectiveness and development"
Acor Consultants WA,,,"Sean Page(National Strategy Leader, Clients)",,10,,,,,,,,,1,,,Yes,
Arcadis,,,,,4,,,,50,,,,,1,,,,Design & consultancy for natural and built assets
Tender Plus Consulting,169,,Louise Ferguson(Senior Tender Specialist ),,,,,3,3,,,,,,,,,
Red Wind,126,,"Tully Young(Founder, Managing Director)",2013,2,,,5,7,,Payroll solutions to mining and oil & gas sectors,,,1,,,Yes,"Red Wind is a specialist outsourced payroll…Red Wind is a specialist outsourced payroll provider serving the unique requirements of the mining, energy, industrial and aged care sectors.

Their expertise is interpreting complex awards and agreements with employees spread across multiple and often remote project sites."
Wyatt Martin,205,,"Ben Wyatt(Co-Founder, Director)",2021,,,,2,2,,,,,1,,,Yes,
Epigroup,,,Jake Cole(Managing Director),2012,,,,,,,,,,,,,Yes,
808 Ventures,222,170,"Gary Macbeth(Co-Founder, Managing Partner)",2017,,,,1,1,100%,Venture Capital,,,1,,,Yes,Venture strategy and finance
Business Foundations,62,,Phil Kemp(CEO),1993,,,SME businesses,15,18,,"Equipping SME's with the skills and knowledge to…Equipping SME's with the skills and knowledge to start, operate and grow their business.",,,1,,,Yes,Small business training
Fujitsu Australia,52,35,"Peter Grassi(Chief Executive, Asia Pacific)",1981,27,NFP,"Public sector, health services, justice services,…Public sector, health services, justice services, insurance, finance, utilities, mining, oil & gas, resources.",NFP,NFP,80%,"Mobility, Big DATA/BI/Analytics, Cloud TCO,…Mobility, Big DATA/BI/Analytics, Cloud TCO, Transformation & Change, Strategy, Enterprise Architecture, IT Effectiveness, Cost Optimisation, Technology Roadmaps, End User Computing Sstrategy, Disaster Recovery Strategy, Value management.","Department of Finance, WA Health Support Services…Department of Finance, WA Health Support Services, WA Police, Department of Communities, Lotterywest, Dept of Fire and Emergency Services",20%,4,WND,Fujitsu Limited,Yes,"Mobility, Big Data/BI/Analytic, Cloud TCO,…Mobility, Big Data/BI/Analytic, Cloud TCO, Transformation and Change, Strategy Enterprise Architecture, IT Effectiveness, Cost Optimisation, Technology Road-maps and User Computing Strategy, Disaster Recovery Strategy, Value Management, Digital and IoT, Innovation, Cyber Security"
Gaines Advisory,,,"Alison Gaines(Founder, Managing Director)",2020,,,,,,,,,,,,,Yes,
Ankura,172,,"Chris Clark(Senior Managing Director, Perth)",2018,1,,,3,,,,,,1,,,,Insolvency.
Harrier,78,59,Vicki Smith(Chief Financial Officer),2007,2,,"Healthcare, mining, energy, education, retail,…Healthcare, mining, energy, education, retail, science and technology, construction, engineering",10,23,,"HR & talent consulting, specialist recruitment…HR & talent consulting, specialist recruitment projects, talent acquisition, recruitment process outsourcing (RPO), managed services programs (MSP), Talent Acquisition as a Service (TAaaS) project recruitment solutions.","Chevron, Coles, BHP, Rio Tinto, Deakin University…Chevron, Coles, BHP, Rio Tinto, Deakin University, AGL, CSIRO, KinCare",,1,,,Yes,"Strategic HR and talent consulting services…Strategic HR and talent consulting services including, talent mapping, recruitment technology and innovation, employer branding, employee value proposition, internal mobility, diversity & inclusion"
Hunter Executive Search Consultants,153,,,2013,,,,4,4,,,,,,,,Yes,"Specialising in the recruitment of permanent…Specialising in the recruitment of permanent professional positions in Engineering, Mining & Resources, Environment & Water, Geosciences, Building Services, Government and Not-for-Profit."
Step Beyond Strategy,130,122,Janelle Marr(Managing Director),2007,1,NFP,"Health and ageing, Human services, Education,…Health and ageing, Human services, Education, Government, Energy, Resources, Agribusiness, Transport, Infrastructure, Utilities, Professional services, Finance, Insurance, Heritage, Parks, Creative industries",NFP,NFP,,"Corporate strategy and planning, Governance…Corporate strategy and planning, Governance advisory, Business and operational transformation, Analytics and insights, Public policy, Impact frameworks, Organisational design, Portfolio and change management, Implementation support","Department of Health, WA Country Health Services,…Department of Health, WA Country Health Services, Pilbara Ports, RAC, CSA Global, Corruption & Crime Commission, St John of God, Curtin University, Silver Chain, Tattarang, Minderoo, UNESCO, Activ Foundation, ASG Group, Ronald McDonald House, Paladin",100%,1,,,Yes,"Strategy consultancy working with business and…Strategy consultancy working with business and investors to shape a better future across all industries and private, public and social sectors"
The APP Group,40,30,Stuart Bell(National Accounts Director),1989,7,,"Government, Retail, Commercial, Industrial, Land…Government, Retail, Commercial, Industrial, Land Subdivision, Services, Education, Health, Transport, Aviation, Aged Care.",27,27,85%,"APP is an integrated property and infrastructure…APP is an integrated property and infrastructure consultancy offering services across all phases of the capital investment lifecycle - Strategy, Definition, Delivery and Transition.","Development WA, Brookfield, Main Roads WA, Hoyts,…Development WA, Brookfield, Main Roads WA, Hoyts, Dexus, AMP, Curtin University, Sentinel Australia, Shire of Serpentine-Jarrahdale, Shire of Harvey, Perth Airport, PTA,  ISPT, Lend Lease, Vicinity, Westpac, Murdoch University, Wesfarmers, ALDI, TOLL.",15%,1,,Five V Capital,Yes,"APP is an integrated property and infrastructure…APP is an integrated property and infrastructure consultancy offering services across all phases of the capital investment lifecycle - Strategy, Definition, Delivery and Transition."
Campus Intuition,226,,"Samantha Hall(Co-Founder, Principal Director)",2020,,3,"Universities, higher education campuses",1,1,,,"University of WA, Curtin University, University…University of WA, Curtin University, University of Melbourne, Cranfield University, University of Technology in Sydney, University of Bristol, Edith Cowan University, James Cook University.",,1,,,Yes,Higher education campus design and research.
Cartec Consulting,215,149,Cliff Carter(Director & Principal Consultant),2004,,2,All industries,1,2,,"Human resource management, workplace relations…Human resource management, workplace relations advice, occupational health and safety, policies and procedures, HR / IR planning, HR outsourcing, recruitment, organisational reviews.",WND,100%,1,WND,,Yes,"Human resources, Industrial relations, work…Human resources, Industrial relations, work health and safety, organisational development, business restructuring, HR strategy."
Blue Zoo,131,25,Pat Scally(Chief Executive Officer),2006,,1,All,5,5,30%,"Management Advisory services in the areas of:…Management Advisory services in the areas of: governance, risk, compliance, strategy, sustainability, and technology. Blue Zoo also provides an international award winning cloud based business capability maturity evaluation and improvement planning software platform, to clients in Australia and Asia.","Newmont Mining Corporation, BHP Billiton, Synergy…Newmont Mining Corporation, BHP Billiton, Synergy, WA Government, BankWest, Victorian Government",70%,1,$255,,Yes,"Governance, risk management, strategy,…Governance, risk management, strategy, sustainability, cybersecurity, information technology management, compliance and organisational resilience."
Economics Consulting Services,191,127,"Murray Meaton(Founder, Managing Director)",1997,,,Mining and oil and gas and industry associations,NFP,NFP,,Strategic and economics advice,"Chevron, Rio Tinto, BHP Billiton, Woodside,…Chevron, Rio Tinto, BHP Billiton, Woodside, Yamatji Land and Sea Council, Chamber of Minerals and Energy, AMEC",100%,1,,,Yes,"Government reviews and submissions, forecasts,…Government reviews and submissions, forecasts, native title advice and negotiations, economic impact studies."
Consultas,190,126,"Marjolein Towler(Director & Principal Consultant, Business Process Management & Improvement)",1987,,2,Any industry,2,2,10%,Process management and process improvement…Process management and process improvement consulting,"of Bayswater, Nintex Promapp, WA Department of…of Bayswater, Nintex Promapp, WA Department of Education, Town of Claremont, Shire of Serpentine Jarrahdale, Inpex, CCIWA, Mungalalu Truscott Airbase, Perth Airport, TechnipFMC, University of Western Australia",90%,1,WND,,Yes,"People centric business process capture, analysis…People centric business process capture, analysis, improvement, including the development of business process management systems. 
Process transformation and strategy, workshop facilitation, stakeholder and change management, project management, coaching, development of training, delivery of training."
Evolution Workplace Solutions,79,91,Michelle Butler(Director),2016,,NFP,All,NFP,NFP,,,,100%,1,,,Yes,"Workplace rehabilitation, injury management,…Workplace rehabilitation, injury management, corporate health, injury prevention."
Glide,232,156,Michael Woodhouse(Director),1999,,2,"SMEs, family businesses, NFPs",1,1,25%,"Special projects, tenders, community engagement,…Special projects, tenders, community engagement, business structure/restructure, business and marketing plans. Practical, hands-on. Also help with online presence and marketing/presentation materials.","Auscare Group, RuralWest, Act2Secure",75%,1,from $130,,Yes,"Management and marketing services for SMEs and…Management and marketing services for SMEs and NFPs including special projects, tenders, community engagement and online presence."
Encanta Event Management,143,57,Renee Bennett(Managing Director),1996,1,,Associations; Corporate; Government; NFP,4,7,5%,Managing and delivering conferences and…Managing and delivering conferences and exhibitions throughout Australia and Asia  for all industry sectors. Association Management Services with full Secretariat Support.,Australasian College of Emergency Medicine; Royal…Australasian College of Emergency Medicine; Royal Australian and New Zealand College of Radiologists;University of Western Australia; RTAA,95%,1,,EECW Pty Ltd,Yes,"Create, organise and manage world-class…Create, organise and manage world-class conferences, events, meetings and exhibitions across Australia and Asia."
Hoist,234,,Cameron McDiven(Creative Director),,,,,1,1,,,,,,,,Yes,"Design thinking, brand consulting, workshops,…Design thinking, brand consulting, workshops, marketing strategy, naming, identity, guidelines"
Belay Consulting,214,147,Maree Gooch(Managing Director),2011,,4,"SME's, Agriculture, Education, Tourism,…SME's, Agriculture, Education, Tourism, Hospitality, Local & State Government",1,2,,"Strategy and business transformation, strategic…Strategy and business transformation, strategic planning, business coaching and financial resilience.",Murdoch University; DPIRD; WAFIC; HLB Mann Judd;…Murdoch University; DPIRD; WAFIC; HLB Mann Judd; Main Roads; Peel Thunderbirds WAWFL,100%,1,POA,,Yes,"Business transformation and turnaround, strategy,…Business transformation and turnaround, strategy, financial resilience and governance, R & D tax incentive submissions."
For Blue,216,177,Andrew Outhwaite(Managing Director),2020,,1,"Marine, maritime and any ocean-related",1,2,20%,"For Blue are specialists in commercialising…For Blue are specialists in commercialising solutions and innovations for the marine industry. They generate exceptional returns for their clients through attracting funding, investment and talent to scale their technologies and businesses. They provide advice on pathways and strategies to commercialise and deliver business cases, feasibility studies, funding applications. For Blue have fifteen years experience working with manufacturers, researchers, government agencies, startups, social enterprises and industry associations. They are available, astute and aligned with their client aspirations and look forward to being of service.","City of Cockburn, City of Fremantle, Department…City of Cockburn, City of Fremantle, Department of Primary Industries and Regional Development, The Incubator Network, Scitech",80%,1,,,Yes,"Investment: business cases, feasibility studies,…Investment: business cases, feasibility studies, funding applications, investment memorandums.
Talent: leadership development, talent attraction, Leading-edge governance and operating systems.
Strategy: strategic planning, innovation facilitation, environmental sustainability, social impact, NGO partnerships."
Keogh Consulting,157,,Margit Mansfield(Chief Executive),1986,1,6,All,3,6,,"Strategy, business transformation, organisational…Strategy, business transformation, organisational development, culture, leadership development, executive coaching, assessments.","Woodside, RAC (WA), Altrad Australia, GPA…Woodside, RAC (WA), Altrad Australia, GPA Engineering, Curtin University, Murdoch University",100%,1,,,Yes,Management
John Broons Advisory,238,192,John Broons(Director),2003,,NFP,Various,NFP,NFP,,"Coaching for CEOs and family business executives,…Coaching for CEOs and family business executives, business advisory services, facilitation and succession planning services.",,,1,,,Yes,"Family businesses, succession, strategy,…Family businesses, succession, strategy, management"
MODAL,145,85,Ed Benier(Director),1993,,NFP,"Mining and resources, oil and gas, engineering,…Mining and resources, oil and gas, engineering, health, government, manufacturing, SMEs and others",NFP,NFP,,"Culture development, engagement, leadership…Culture development, engagement, leadership development, coaching, high performance teams","BHP, Alcoa, City of Bayswater, Wesfarmers,…BHP, Alcoa, City of Bayswater, Wesfarmers, Western Power",100%,1,WND,,Yes,"Leadership development, team performance, culture…Leadership development, team performance, culture, and workplace coaching."
Polymathian,197,,"Michael Dallimore(Senior Advisor, WA)",2020,1,,"Resources, rail, power generation",2,2,50%,Industrial mathematics. Software deployment of…Industrial mathematics. Software deployment of mathematical optimisation techniques to solve complex scheduling problems.,"Rio Tinto, Mineral Resources, Aurizon",50%,1,,,Yes,"Data and analytics, simulation, operations…Data and analytics, simulation, operations research"
Platinum Mix,243,102,"Becky Sangster(Owner, Principal Marketing Consultant)",2009,,10,Small to medium businesses across all sectors.,1,1,,Marketing Consultancy,"AusGroup, TEGA Industries, MATCHD, Wesco, Red…AusGroup, TEGA Industries, MATCHD, Wesco, Red Spear Safety, Irvin Bullbars, Carbide Tools.",,,$110-$180,,Yes,"Brand and marketing strategy, marketing asset…Brand and marketing strategy, marketing asset development, campaign implementation."
Mark Stone & Associates,168,99,Mark Stone(Principal Consultant),1990,,,,3,3,,"Microsoft excel specialists, financial models,…Microsoft excel specialists, financial models, management reporting, visual basic programming.","WA Health Department, Perth Energy, Synergy MG…WA Health Department, Perth Energy, Synergy MG Kailis Group, Water Corporation",,1,,,Yes,Financial systems
Norrish and Associates,240,159,Michael Norrish(Principal/Sole Director),1998,,,"Retail, commercial, manufacturing, transport,…Retail, commercial, manufacturing, transport, building and construction, health services, labour hire, earthmoving, school bus contracting, small business centres, home improvements,wet and dry hire of machinery, grader operations,rural fencing.",1,1,,Business planning ; forecasting and coaching…Business planning ; forecasting and coaching/mentoring,WND,100%,1,$200 per hour (ex GST),Norrish Pty Ltd,Yes,"Business planning; profit and loss forecasting;…Business planning; profit and loss forecasting; cash flow forecasting; coaching; mentoring, administration."
Merz Consultancy,49,59,Belinda Mead(Office Manager),2012,,NFP,"Market and regulatory advisory services, asset…Market and regulatory advisory services, asset management systems, engineering and design, project delivery",NFP,NFP,30%,"Regulators, electricity market operators,…Regulators, electricity market operators, utilities, generator performance reports, energy, renewable, transmission, substation design, protection, power system analysis, studies, power system modelling, power system planning, design & drafting.",,70%,1,,,Yes,"We specialise in power distribution, transmission…We specialise in power distribution, transmission and generation projects and are able to deliver power projects from idea inception through to commissioning. We also provide electrical engineering and other energy-related services."
RISC,77,82,Martin Wilkes(Managing Director),1994,1,NFP,Energy,NFP,30,,Energy resources and petroleum industry…Energy resources and petroleum industry consulting.,,100%,1,On application,,Yes,"Energy industry transactions advice, energy and…Energy industry transactions advice, energy and resource project investment advice, independent technical and commercial advice and due diligence, ESG issues, expert witness"
Alldale Enterprises,224,153,Paul Mackell(Proprietor),1995,,,"Contract mining, IT, communications, security,…Contract mining, IT, communications, security, plumbing, not for profit.Retail, Education, Retail,Publishing,",1,1,13%,"Installation and implementation of management…Installation and implementation of management reporting and information systems.
Business Succession and Exit Planning.","Air Drill PL, Telfar PL, Dynamic Digital Depth,…Air Drill PL, Telfar PL, Dynamic Digital Depth, Mercy Care, Chamber of Commerce, RAAFA Retirement Villages, Fremantle Housing Association, Dunbar Freight Management, Curtin Centre for Entrepreneurship, Dept of Environmental Protection, Roy Weston.",87%,1,$150 - $200,Alldale Enterprises Pty Ltd,Yes,Financial - management reporting; succession and…Financial - management reporting; succession and exit planning. In early 2017 Succession Plus selected Paul Mackell as an Accredited Advisor (Perth).
RSA Consulting,186,102,Rachel Akehurst(Chief Executive Officer),1994,1,,"Oil and gas, mining, agriculture, government,…Oil and gas, mining, agriculture, government, education, manufacturing, Finance",,,,"Consulting, leadership training, coaching",,100%,,,,,"Management, leadership, cultural transformation,…Management, leadership, cultural transformation, coaching"
Steve Cartledge Consulting,210,146,Steve Cartledge(Director),2006,,,All sectors,1,3,,"Leadership, Culture, Communication and Change…Leadership, Culture, Communication and Change Management.","BHP Rio Tinto GoldFields Water Corporation Perth…BHP Rio Tinto GoldFields Water Corporation Perth Airport Wood Worley Technip St John of God, Sodexo, City of Perth Transport Local Government, Sport & Cultural Industries DPIRD Treasury DFES Optus Stadium St John Ambulance Stockland Ngala Linear",100%,1,WND,N/A,Yes,"Leadership specialist, high performance teams,…Leadership specialist, high performance teams, senior level facilitation, executive personal coaching, 360 profiling."
Super Thinker Solutions,201,135,Daniel Kehoe(Director),1987,1,1,All sectors of commerce and industry - private…All sectors of commerce and industry - private sector and public sector.,2,2,20%,The Super-Thinker® Business Improvement Tools…The Super-Thinker® Business Improvement Tools incorporating the 7 Keys Concept™ for engaging people in continuous improvement are used to improve any aspect of organisation/business performance.,A Who's Who of Australian business and government.,80%,1,$300 per hour plus GST,BKC Pty Ltd,Yes,"Leadership, culture, people, innovation. Using…Leadership, culture, people, innovation. Using the 7 keys concept for engaging people in continuous improvement. Using the Great 5 End Results Process. Using the Leadership Attribute Performance Matrix. Developing leaders through The Leadership Plays."
Senex Consulting,200,134,Roger Daventry(Managing Director LEM FIMC CMC),1978,,2,"Project services companies, industrial…Project services companies, industrial manufacturing companies, mining companies, government and education departments, administrations. Teacher Tactile Learning methods",2,2,5%,"General management consulting, visual project…General management consulting, visual project centre control, performance improvement, OHS realisation; employing visual, interactive methods to ISO standards  Tactile learning for education","BHP-Billiton, Adani, (SKM), Water Corporation WA,…BHP-Billiton, Adani, (SKM), Water Corporation WA, WVA/ANC, Prism,  Lumitex, Education Dept WA",95%,1,Project value rated with client brief,Livingstone Pty Ltd,Yes,"Management governance and project control,…Management governance and project control, education delivery"
Red Emu Advisory,198,,"Keith Gordon(Co-Founder, Director)",2016,,,,2,2,,,,,1,,,Yes,
Lee Hecht Harrison,120,74,Lyndsay Potts(General Manager),1995,5,NFP,All,NFP,15,,"Workforce transformation, career transition,…Workforce transformation, career transition, outplacement, career development","GE, P&G, Rio Tinto, Monsanto, Toyota, Masters,…GE, P&G, Rio Tinto, Monsanto, Toyota, Masters, Woolworths",100%,1,$500,Adecco Group,Yes,"Workforce transformation, future of work, career…Workforce transformation, future of work, career transition, redeployment, career development, change management, leadership development, executive coaching"
Team Buffalo,211,148,Travis Thomas(Chief Executive Officer),2019,,,"Private sector, small business, medium business,…Private sector, small business, medium business, local government, Not for Profits",1,3,50%,,"IGO, Department of Health, Water Corporation,…IGO, Department of Health, Water Corporation, Mechwest, Curtin University,  City of Cockburn",50%,1,,,Yes,"Leadership development, people, culture, strategy."
The Pacific Institute,170,90,Tim Horgan(Managing Director),1980,,8,All industries,3,3,,"Leadership, culture and performance consultancy","St John of God Health, Synergy (WA), Dept of…St John of God Health, Synergy (WA), Dept of Communities WA, WaterNSW, Water & Power (NT), Catholic Education (TAS), Fonterra (Sing), Credit Union SA, VICT (Vic), IGA (WA)",100%,1,Varies per project and skills required.,,Yes,"Leadership, culture, change management,…Leadership, culture, change management, performance, well-being and safety."
Synergies Economic Consulting,154,118,Martin van Bueren(Director),2013,3,20,"Resources, energy, water, rail, ports,…Resources, energy, water, rail, ports, environment, agriculture and government sector (public policy)",4,4,30%,"Broad range of economic policy, economic…Broad range of economic policy, economic regulation and business advisory services.","Department of Primary Industries and Regional…Department of Primary Industries and Regional Development, WA Treasury, DevelopmentWA, Aqwest, Horizon Power, Western Power, Department of Water and Environmental Regulation",70%,1,Not for publication,,Yes,Economic and policy advisory
Sustainability,67,,,1999,1,10,"Mining, oil and gas, lenders, infrastructure &…Mining, oil and gas, lenders, infrastructure & construction.",12,26,,"- ESG Consulting & Auditing, 
- Coaching for…- ESG Consulting & Auditing, 
- Coaching for Leadership, HSE, Fatality Prevention and Contractor Risk, 
- Lender’s Consultant for environment and social (E&S) Assessments and Due Diligence / Monitoring, 
- Auditing against international standards (Cyanide Certifications & Re-certifications, ISO, Environmental Ministerial Statement, Licenses and Permits etc.)","Avetta, Glencore, Synergy, Water Corporation,…Avetta, Glencore, Synergy, Water Corporation, European Bank for Reconstruction & Development (EBRD), Oyu Tolgoi (Rio Tinto), Perth Mint, US Apparel & Textiles.",100%,1,,Sustainability Pty Ltd,Yes,"- Consultation & Advice, 
- Auditing,
-…- Consultation & Advice, 
- Auditing,
- Coaching, 
- Outsourcing,   
- Assessments, Due Diligence & Monitoring."
Pit Crew Management Consulting Services,185,,"Peter Dyball(Founder, Managing Director)",2004,,,"Resources, energy and infrastructure",NFP,NFP,,"Pit Crew Management Consulting Services Pty Ltd…Pit Crew Management Consulting Services Pty Ltd is a specialist consulting firm largely servicing clients who operate in the resources, energy and infrastructure sectors. For the past 17 years, Pit Crew has worked with some of the most significant organisations in Australia and Canada, private, industry and government, providing labour market forecasting and analysis for major projects. In short, our reports inform stakeholders which skills and occupations will be in short supply, where, when and by how many.","BHP, Woodside, Inpex, Rio Tinto, SACOME, GHD,…BHP, Woodside, Inpex, Rio Tinto, SACOME, GHD, Monadelphous, Perth Airport",,1,,,Yes,"•	Labour Market Analysis, Forecasting and…•	Labour Market Analysis, Forecasting and Modelling
•	Industry Analysis and Strategy Development
•	Business Development and Services  Marketing
•	Communication and Group Facilitation"
optaMAX,178,,Deanne McDonald(Managing Director),2006,,NFP,Infrastructure and Real Estate,NFP,NFP,25%,Project management and advisory services.,"Water Corporation, CBH, AECOM, Clough",75%,1,NFP,optaMAX Holdings Pty Ltd,Yes,Project management and advisory
Hemsley Paterson,121,,Warwick Hemsley(Chairman),2014,,,,5,9,,,,,,,,Yes,"Property valuation, property advisory"
Kingston Development Group,,,,2019,,,Property,,,,,"Frasers Property, Brookfield Properties, EG Funds…Frasers Property, Brookfield Properties, EG Funds Management",,1,,,Yes,"Development of large-scale residential, build-to…Development of large-scale residential, build-to-rent and mixed-use projects."
Cumberland Consulting Group,165,,Jon Bilson(Managing Director ),1990,,,,3,3,,,,,,,,Yes,"Management consultants and business psychologists…Management consultants and business psychologists focused on strategy, people and culture."
Encon,71,,,2017,,,,12,12,,Project management and development management,,,1,,,Yes,Building and construction consulting
Omni,,,,,,,,,,,,,,,,,Yes,
Aria Telco Management,,,Rob Heldoorn(Director),2018,,,,,,,,,,,,,Yes,
Mecone,,,,,5,,,,1,,"Urban planning, policy and development advisory…Urban planning, policy and development advisory consultancy",,,1,,,Yes,
WCA Solutions,57,,Bernard Mackin(Director),2000,,3,"Resources, Medical, Education, Not for Profits,…Resources, Medical, Education, Not for Profits, Government, Agriculture, Professional Services, Fisheries, Hospitality and many more",18,18,,"Delivery of HR and WHS services to Australian…Delivery of HR and WHS services to Australian business owners and operators to help them reduce their people risks. Supports clients to ensure their Human Resources and Workplace Health & Safety practices are compliant with Australian legislation and laws. 

Our team of Human Resources and Workplace Health & Safety experts delivering the full spectrum of Human Resources and Workplace Health & Safety services, remotely or in person at our clients' premises. Supports many small to medium business operators to deal with time-sensitive and confidential people risks and challenges.","JSW Drilling, Austral Fisheries, Vimy Resources,…JSW Drilling, Austral Fisheries, Vimy Resources, Black Brewing Co, WA Government, Tasman Oil Tools, Guardian Exercise Rehabilitation, WA Ballet, Leeuwin Estate, Linear Clinical Research, Dambimangari Aboriginal Corp.",100%,1,$100-$350,Warner Consulting Australia Pty Ltd,Yes,"Strategic HR & WHS Management; HR & WHS Risk…Strategic HR & WHS Management; HR & WHS Risk Management; HR & WHS Compliance; Recruitment; HR & WHS Systems & Processes; Organisation Design; Change Management; Performance Management; Grievance, Bullying & Harassment; Remuneration & Benefits; Employee Engagement & Culture; Training, Development & Coaching; Health & Wellbeing"
Driver Trett,149,89,"Mukul Soul(Managing Director, Asia Pacific)",2012,2,2,,4,5,,,,,1,,,Yes,"Industry specific dispute resolution, claims…Industry specific dispute resolution, claims support services, contract administration, claims preparation, front end planning works, adjudication/claims"
Indigenous Management Group,,,"Judd Harris(Managing Director, Chief Executive)",2017,,,,,,,,,,1,,,Yes,"Personal, ongoing support to new and existing…Personal, ongoing support to new and existing Aboriginal businesses with contract acquisition, strategy development, goal setting and tracking. Facilitating opportunities between Aboriginal businesses and governments, corporations and NGOs who want to engage them."
Page Advisory,,,Chris Page(Founder),2021,,,,,,,,,,,,,Yes,
Wolfe Systems,117,172,Ben Latter(Managing Director),2015,,,,NFP,NFP,,,Crazy Domains,,,,,Yes,"Business Technology Solutions, IT networks"
Fusion5,97,66,Sven Martin(Chief Executive),,9,,,8,8,,,,,1,,Fusion5,Yes,"Management consulting, project management,…Management consulting, project management, business systems consulting, technical consulting."
Airscope Industries,138,,Richard Bentley(Chief Executive),2014,2,1,"Oil & Gas, Mining, Utilities, Industrial.",4,24,85%,"Reality capture, management and visualisation.",,15%,1,250,Airscope Industries Pty Ltd,Yes,"Data strategy, reality capture, data management…Data strategy, reality capture, data management and processing."
PeopleSense by Altius,10,11,"Anya Stephens(Co-Founding Director, General Manager for Business Development)",2003,65,"1,500",All,180,200,25%,"Injury management, employee assistance programs,…Injury management, employee assistance programs, organisational development, injury prevention.","Department of Education, Department of Health,…Department of Education, Department of Health, YMCA, Department of Fire and Emergency Services.",75%,10,Variable,Altius Group,Yes,"Organisational, staff development, mental health,…Organisational, staff development, mental health, EAP programs, injury management, preventative health, WHS, disability."
McKinsey & Company,48,,"Jane Thompson(Managing Partner, Perth)",2012,4,,,NFP,NFP,,Global management consultancy firm,,100%,1,,McKinsey & Company Inc.,Yes,"Business and corporate strategy, operations…Business and corporate strategy, operations transformation, organisational design and leadership development, digital and analytics transformations, across industries in the public, private and social sectors;"
Nous Group,25,23,Craig Knox Lyttle(Principal),,8,,"Education, Health and Ageing, Human Services,…Education, Health and Ageing, Human Services, Resources, Energy, Environment, Utilities, Central Agencies, Justice and Emergency Management.",51,65,,,,100%,1,,,Yes,"Strategy, digital and design, transformation,…Strategy, digital and design, transformation, organisational performance, leadership and talent, public policy"
Sia Partners,38,28,David Prendiville(Partner),2002,,,"Natural Resources, Financial Services, Health and…Natural Resources, Financial Services, Health and Aged Care, Agribusiness, Government and Utilities and Transport and Logistics.",27,43,,"Corporate strategy, planning and facilitation,…Corporate strategy, planning and facilitation, digital transformation, performance improvement, marketing and customer experience, project and change management","BGC Contracting, Arc Infrastructure, Gold…BGC Contracting, Arc Infrastructure, Gold Corporation, St John Of God, Barminco, RAC, CBH Group, Amana Living, Tourism WA, Hawaiian, Scitech, Silver Chain, WA Super, P&N Bank, CBH Group, Wesfarmers Chemicals, Energy & Fertilisers, Woodside, The Perth Mint",100%,1,Variable,Churchill Capital Consulting,Yes,Management Consulting
HFM Asset Management,35,22,,2003,4,18,"Aged Care, Retirement Living, Commercial,…Aged Care, Retirement Living, Commercial, Critical Environments, Defence, 	Education, Government, Health, Hospitality, Industrial, Social Housing, Residential, Retail.",31,34,30%,Environmental and building services consultancy.,"Hawaiian Group, Perron Group, Westfield, Mirvac,…Hawaiian Group, Perron Group, Westfield, Mirvac, Primewest Management, Rydges, Charter Hall, Curtin University BGC, Charter Hall, Knight Frank, Jones Lang Lasalle, CBRE, Prendiville Group, Property Bank WA, Bethanie Group, Juniper Aged Care.",70%,1,Various,BGIS Pty Ltd,Yes,"Sustainability & Engineering consulting services…Sustainability & Engineering consulting services including mechanical HVAC design, electrical design, Solar PV feasibility studies, Project management, NABERS, WELL, GBCA ratings, Technical Due Diligence, Asset Management, Net Zero, WELL, GreenStar, Facility Management Advisory."
EY,7,6,"Fiona Drummond(Partner of Assurance, Managing Partner of Western Region since March 2018)",1989,6,,,236,858,,"EY is a global leader in assurance, tax,…EY is a global leader in assurance, tax, transaction and advisory/consulting services.",,,1,,,Yes,"Transformation, performance improvement, risk, IT…Transformation, performance improvement, risk, IT, cyber security, government, management."
Franchising WA,,,"Mark Fernandez(Chief Executive, Director)",,,,,,,,,,,,,,Yes,
Create Enterprises,207,178,"Carol Wallbank(Founder, Managing Consultant)",2004,,6,"Start ups, SME's, Financial Services, Renewable…Start ups, SME's, Financial Services, Renewable Energy, NFP's, Resources",1,7,70%,"Specialising in marketing, international…Specialising in marketing, international development, partnership management, stakeholder management, change management, business development, project management, media and ESG.","Gold Road Resources, Rangelands NRM, Indigenous…Gold Road Resources, Rangelands NRM, Indigenous Services Australia, Roy Hill Community Foundation, Perth Airport, PCH Foundation, Variety WA, Kennerlys, Veev Group, Murlpirrmarra Connection, Banjima Native Title, Australian Producers Consortium,",30%,1,$150-$200,,Yes,"ESG, carbon, stakeholder relations, indigenous…ESG, carbon, stakeholder relations, indigenous relations, partnerships, fundraising, business development, marketing, social media, media"
Capitalis,65,51,Stuart Gunstone(Operations Director),2003,,,"IT, telecommunications, utilities, mining…IT, telecommunications, utilities, mining services, tourism, retail, government.",NFP,NFP,75%,Strategic market research and business consulting.,"Microsoft, Google, Monday.com, Xero, Symantec,…Microsoft, Google, Monday.com, Xero, Symantec, Adobe, Fujitsu, Dropbox, ECU, Polycom, TransGrid, Hills, Donhad.",25%,1,WND,,Yes,Management
Business Station,105,,Colin Jorgensen(Chief Executive),2003,1,18,Small business,6,33,,"Four incubators with state of the art facilities,…Four incubators with state of the art facilities, Co working space, Hot desks, Seminar rooms, board rooms, End to End business advisory solutions , supporting Start up through Scale up programs, Business Accelerator programs, Community development",,,4,,,Yes,
TBH,37,32,Stephen Coogan(Director),2005,6,,"Building and construction, defence, energy,…Building and construction, defence, energy, government, heavy industry, infrastructure, ICT, mining, oil and gas.",28,28,,"Planning and scheduling, claims and dispute…Planning and scheduling, claims and dispute resolution, project controls, project, program and portfolio management, risk, value and cost management services.","Building Management and Works, Office of…Building Management and Works, Office of Strategic Projects, MRWA, UGL, FMGL, RIO, Downer EDI, Chevron, Multiplex, John Holland, CPB, McConnell Dowell, Tottle Partners, Jackson Mcdonald,  Rio Tinto, Doric, Badge Constructions WA, King & Wood Mallesons",100%,1,,,Yes,"Programming and scheduling, integrated project…Programming and scheduling, integrated project controls, cost management, project management, P3M, dispute resolution, risk management, and independent technical advisory."
Right Management Consultants,80,58,"Stacey McDougall(Service Delivery Manager for WA, SA, VIC, NZ)",1991,6,10,All sectors,10,15,,Talent and career management consultants.,WND,100%,1,Varied,Right Management part of the ManpowerGroup,Yes,Talent and Career Management Consulting.
Compu-Stor,89,36,Jeremy Manford(Chief Executive Officer),1987,4,,"Government, Legal, Healthcare, Accounting, Oil &…Government, Legal, Healthcare, Accounting, Oil & Gas, Insurance, Retail.",NFP,40,,"Complete range of records management and…Complete range of records management and consulting services:
Document Storage,
Records Management,
Off-site Media Vault,
Pick and Pack,
Destruction Services,
Digital Mailroom,
Business Process Automation,
Invoice Management,
Contract Management,
HR Document Processes,
Scan OnDemand,
Scanning Services,
Solution for Government,
Tape Transcription and Media Remastering,
Complete Information Management System (CIMS),
CIMS Essential and CIMS Online,
CIMS Online Portal,
Audits and Compliance,
Policies and Frameworks,
Corporate Strategy,
Advisory Services,
Resource Supply,
Training and Development.",WND,,1,WND,,Yes,"Information Management, Digital Transformation,…Information Management, Digital Transformation, Consulting"
Equal Group,118,93,Leon Michailidis(Group Manager),1994,9,15,"Mining, manufacturing, engineering, construction,…Mining, manufacturing, engineering, construction, transport and storage, insurance, public administration, education and training, hospitality and tourism, health and recreation, recruitment.",5,20,90%,"Recruitment, HR consulting, IT, training, audit…Recruitment, HR consulting, IT, training, audit and certification services.","Airbus, BHP, Landgate, Adecco, Hays, CBRE, and…Airbus, BHP, Landgate, Adecco, Hays, CBRE, and numerous other public & private sector organisations within Australia and overseas.",10%,4,Approx $150/hr to $300/hour,"Business units include Equal Group Enterprises,…Business units include Equal Group Enterprises, Equal Consulting, Equal Assurance, Equal Laboratories and Wise Decisions.",Yes,"Recruitment, human resources services,…Recruitment, human resources services, information technology services, audit and certification, and other management services."
Fortis Consulting,158,41,Michelle Jenkins(Chief Executive),2007,,NFP,"Academic institutions, defence, federal, state…Academic institutions, defence, federal, state and local government, NFPs, health and aged care, energy, resources, financial services, hospitality and tourism.",NFP,NFP,25%,"Management consulting with specialisations in…Management consulting with specialisations in diversity for performance, organisational development, community and stakeholder engagement and workforce development consulting.","Federal Department of Health, UWA, Community…Federal Department of Health, UWA, Community Vision, Brightwater Care Group, Curtin Uni, Department of Defence, Dementia Australia, WACOSS, several large listed companies along with local, state and federal government agencies.",75%,3,,Fortis Consulting Pty Ltd,Yes,"Fortis partners with clients to deliver…Fortis partners with clients to deliver specialist management consulting services. Fortis helps clients maximise ROI by harnessing the potential of diversity, building capability and creating an optimal culture. Working with the Aged Care and Disability Sector to help enhance cultural and business performance."
Decarbonology,132,,"Cameron Edwards(Co-Founder, Director)",2021,,5,All Australian companies,5,5,80%,"Assisting companies become Net Zero Carbon…Assisting companies become Net Zero Carbon through scientific measurement of carbon emissions, providing certifiable offsets and verifying the process.",Confidential,20%,1,Per application,N/A,Yes,"Carbon emissions, life cycle analysis, carbon…Carbon emissions, life cycle analysis, carbon emissions reduction strategies, carbon offsets, certification and verification, sustainability."
Gevers Goddard Jones,180,158,Leslie Gevers(Director),2002,,1,Government and not-for-profit organisations…Government and not-for-profit organisations involved in aged care.,2,4,50%,"Management consulting, social research,…Management consulting, social research, evaluation and training.","Department of Health and Ageing, Health…Department of Health and Ageing, Health Department of WA",50%,1,$200.00 plus GST,Gevers Goddard Jones Pty Ltd,Yes,"Primarily work with aged care service providers,…Primarily work with aged care service providers, not for profit organisations and Government in the following areas: policies and procedures development, management training, organisation reviews, evaluations, research."
Mawson Consulting,183,,"Shane Hughes(Founder, Partner)",2002,,,,2,3,,,,,,,,Yes,"Organisation Design, Workplace Culture,…Organisation Design, Workplace Culture, Leadership, Business Growth & Integration."
Innovation Unit Australia New Zealand,122,,"Keren Caple(Founder, Chief Executive)",2017,1,,"Health and social care, education and justice.",NFP,NFP,,"Bold ideas that will deliver long-term impact for…Bold ideas that will deliver long-term impact for people, address persistent inequalities and transform the systems that surround them. Create better outcomes and experiences for vulnerable people and better outcomes for the wider system.",,100%,1,,,Yes,Education and social care.
Don Hancey WA Food Ambassador Food Hospitality Export & Product Development Consulting & Commercial Kitchen Hire,209,92,Don Hancey(Director),1990,,,"Food, hospitality and tourism.",1,3,50%,"WA Food Ambassador, food, wine, tourism,…WA Food Ambassador, food, wine, tourism, hospitality, food and product consultancy, BRAND WA, and commercial kitchen hire.",,50%,1,"Varies, hourly & daily, and specific projects.",hancey trust,Yes,"Hospitality, WA Food Export, Product Development…Hospitality, WA Food Export, Product Development and Commercial Kitchen Hire."
Oliver Wyman,46,41,Robert Radley(Partner),2022,2,,"Mining and engineering services, utilities,…Mining and engineering services, utilities, telecommunications, higher education, healthcare, aged care and community services, government, financial services and industrials.",25,25,,"Strategy development and planning, organisational…Strategy development and planning, organisational design and effectiveness, performance improvement and capital productivity, transaction effectiveness and support, implementation support.",,100%,1,,MarshMcLennan,Yes,"Oliver Wyman combines deep industry knowledge…Oliver Wyman combines deep industry knowledge with specialised expertise in strategy, operations, risk management, and organisational transformation to help clients optimise their businesses in Asia Pacific."
ToBe Advisory,246,,Michael Watts(Managing Director),2019,,,All,1,1,,"Consulting and advisory services in Business…Consulting and advisory services in Business Strategy and Analysis, Environmental Social Governance (ESG), Business Transformation and Improvement.","Office Solutions IT, Intelife",100%,1,,ToBe Group,Yes,"Business Strategy and Analysis, Environmental…Business Strategy and Analysis, Environmental Social Governance (ESG), Business Transformation and Improvement."
Partners in Performance,60,,"Peter Mann(Director, Energy Transformation ANZ)",1996,,276,"Airline, banking, building and construction,…Airline, banking, building and construction, chemical, utilities, environmental, FMCG, government, manufacturing, media and entertainment, medical, metals, mining, oil and gas, port, rail, pulp and paper, retail, telecommunications.",16,18,,Management consulting,,100%,1,,,Yes,Management
One Degree Advisory,241,,Andrew Farrant(Principal),,,,,1,1,,,,,1,,,Yes,
Graham Short Consulting,,,Graham Short(Managing Partner),,,,,,1,,,,,1,,,Yes,
Cube Consulting,55,,,2000,,,Mining,20,22,,"Resource estimation,
independent review,
due…Resource estimation,
independent review,
due diligence,
mining studies,
operational support.",,100%,1,,,Yes,Geological and mine engineering.
Bridge42,34,25,Andrew Durkin(Managing Director),2003,3,,"Cities and Infrastructure, Commercial and…Cities and Infrastructure, Commercial and Industrial, Education and Research, Health, Living (Residential, Retirement and Aged Care), Retail and Hospitality, Sport and Recreation.",32,41,,"Bridge42 is a national consulting firm providing…Bridge42 is a national consulting firm providing strategic, future-focused and vertically integrated property advisory, development and project management services for circa $10 billion in land, masterplanning and built form developments. It also collaborates with government and industries on various economic development, climate change, community and policy initiatives.","BHP, Charter Hall, CSIRO, Curtin Uni,…BHP, Charter Hall, CSIRO, Curtin Uni, DevelopmentWA, DPIRD, Golden Group, GPT, Hawaiian, ISPT, Mirvac, Murdoch Uni, Peet, Perron, PHIA, QIC, Ramsay Health Care, St John of God Health Care, Stockland, SwanCare, UWA, Vicinity, WesTrac, Woodside.",100%,1,,Bridge42 Pty Ltd,Yes,"Emerging Futures: research, knowledge exchange…Emerging Futures: research, knowledge exchange and industry partnerships. Advisory: property and commercial advisory, asset and portfolio planning, business case, market demand and feasibility studies, financial modelling, funding strategy, performance and transaction management. Development Management: development strategy, planning, design and development management, sales and marketing management. Project Management: project management and support, superintendent services, contract administration, tenancy delivery, peer review / project assurance."
Carbon Transition Pathways,,,Rob Minson(Managing Director),2020,,,,,,,,,,1,,,Yes,Energy transition.
Facilita Consulting,194,,"Susanna Durston(Director, Principal Facilitator)",2021,,,"Oil, Gas, New Energy & Mining, Manufacturing,…Oil, Gas, New Energy & Mining, Manufacturing, Education, Government, Automotive, Retail, Arts & Recreation, Professional Services, Technical Services, Technology, Not-for-Profit",2,2,,,,,1,,,Yes,"Strategic planning, change management, business…Strategic planning, change management, business improvement, project management, group facilitation and organisational development."
Castledex,,,Bruce Dewar(Managing Director),1968,,,,,,,,,,,,,Yes,
EnerMech,116,,,2009,9,,"Offshore Oil & Gas, Onshore Oil & Gas, Midstream…Offshore Oil & Gas, Onshore Oil & Gas, Midstream LNG Refining, Petrochemicals, Infrastructure, Maritime, Defence, Power, Semi-conductor, Renewables.",5,100,,,,,1,,,Yes,Energy Sector
NRI,,,,1996,5,,,,,,,,,1,,,,
Employment Services & Solutions Australia,,,Graham Lilleyman(Director),2000,,,,,,,,,,1,,,Yes,
Ad Astra Corporate Advisory,,,,2021,,,,,,,,,,,,,,
JANA,,,,,,,,,,,,,,,,,,
Frontier Advisors,,,,,,,,,,,,,,,,,,
Perth SEO Studio,,,"Evan Cunningham-Dunlop(Founder, Chief Executive)",2023,,,,,,,,,,1,,,Yes,
Fortin Pipelines,,,"JP Fortin(Founder, Managing Director)",,,,,,,,,,,1,,,Yes,
Cato Brand Partners,,,"Kate Gibson(Business Director, Perth)",1990,3,,,,19,,,"Commonwealth Bank, Macquarie Bank, a2 Milk, MAS…Commonwealth Bank, Macquarie Bank, a2 Milk, MAS Airlines, Donate Life, Qantas Airlines.",,1,,,,Branding and design.
idoba,,,"Sarah Coleman(President, Chief Executive since 2020)",2020,,,,,,,,,,1,,,Yes,
Fortuna Advisory Group,59,,Dinesh Aggarwal(Founder & Group CEO),2011,,,,NFP,57,,,,,5,,,Yes,"Accounting, finance, legal, business advisory and…Accounting, finance, legal, business advisory and wealth management."
Braxford Consultancy,110,92,Gary Gliddon(Managing Director),2001,,,"WA State and Local Governments, not-for-profit…WA State and Local Governments, not-for-profit organisations, construction & IT sectors",6,7,55%,"Risk management, corporate governance, business…Risk management, corporate governance, business advisory.",,45%,1,$180 - $250,,Yes,"Risk management, tax planning, internal audit &…Risk management, tax planning, internal audit & governance"
VML,76,66,,2012,3,4,"Financial Services, Member Led, Energy, Retail,…Financial Services, Member Led, Energy, Retail, Mining, Health, NFP",10,40,50%,Purpose led and sustainable business solutions,"Synergy, APM, Murdoch University, Rio Tinto,…Synergy, APM, Murdoch University, Rio Tinto, Horizon Power, Keystart, Water Corporation, Capricorn",50%,1,Project Dependant,WPP,Yes,"Organisational Strategy, Purpose Creation &…Organisational Strategy, Purpose Creation & Alignment, Legacy Executive Strategy, Contemporary Marketing Structures, Employee Experience, Customer Experience, Product & Service Design, Innovation & Technology, Brand & Creative Strategy, Commerce Solutions
Data"
Hawker Britton,195,,"Juliana Plummer(Director, WA)",2017,,,"Oil & Gas, Mining Services, Banking & Finance,…Oil & Gas, Mining Services, Banking & Finance, Consulting",2,2,,,,100%,,,WPP Inc,Yes,Government relations
Hunt Capital,235,,Jonathan Shack(Managing Director),2019,1,NFP,,NFP,NFP,,Facilitating equity capital raises,,,1,,,Yes,Financial and Business Development
Edanbrook Consultancy Services,,,McGregor Thom(Chief Executive),2015,,,,,,,,,,1,,,Yes,Engineering
R2R Services,173,161,"David Thomas(Managing Director, Chief Executive since 2007)",2005,2,10,"Resources, industrial, tourism and government.",2,20,95%,"Facilities/asset manager and consultant, food…Facilities/asset manager and consultant, food safety auditor.","PKKP, BHP, Grounded Construction, PKKP Aboriginal…PKKP, BHP, Grounded Construction, PKKP Aboriginal Corporation, Woodside, Velocity Village, Bruce Rock Engineering",5%,2,Negotiable,R2R Services,Yes,"Facility Management, catering services, building…Facility Management, catering services, building services. governance, food safety, auditing, COVID-19 documentation and implementation. Build Own Operate, security, cleaning and site catering operation auditing."
Element Advisory,23,,James Curtis(Chief Executive),1989,,,"Energy & Natural Resources, Government & Defence,…Energy & Natural Resources, Government & Defence, Property & Commercial, Transport & Infrastructure, Community & Health, Industrial & Manufacturing",65,75,,,,,,,SLR Consulting Pty Ltd,Yes,"Regulatory and Strategic Advisory,
Social &…Regulatory and Strategic Advisory,
Social & Cultural Advisory,
Digital & Technology Advisory"
Multiplan,32,,Kane Nitschke(Managing Director),1993,,,"Mining, commercial, infrastructure, resources",40,40,,"Construction modelling, shop detailing","Fortescue Metals Group, Wesfarmers, Multiplex,…Fortescue Metals Group, Wesfarmers, Multiplex, Rio Tinto, NRW, Grove Group",100%,1,$95,,Yes,Construction modelling
Boston Consulting Group,24,17,,2010,,,"Partner with clients from the private, public and…Partner with clients from the private, public and not-for-profit sectors in all regions.",60,70,,Boston Consulting Group is a global consulting…Boston Consulting Group is a global consulting firm that partners with leaders in business and society to tackle their most important challenges and capture their greatest opportunities.,,,1,,,Yes,"Management, corporate strategy, digital,…Management, corporate strategy, digital, operations improvement, people & organisation, business improvement, cost reduction, risk, large capital project management"
Julia Ewert,,,"Julia Ewert(Founder, Sales Strategist, Professional Negotiator)",2017,,,,,1,,,,,1,,,Yes,Management
PAEMAC,,,,2018,,,,,,,,,,1,,,Yes,"Engineering, construction"
Wellspring Group,,,"Marcus Tan(Founder, Executive Chair)",2001,,,,,,,,,,1,,,Yes,"Health, economic empowerment and education"
BDO,73,64,"James Massie-Taylor(Partner, Tax, Office Managing Partner)",1978,12,,,16,303,95%,"Audit, tax & advisory.",,5%,1,,,Yes,Sustainability consulting & project &…Sustainability consulting & project & infrastructure advisory.
ERM,,,Sabrina Genter(Partner),1988,,,"Mining, financial, legal, public sector,…Mining, financial, legal, public sector, infrastructure",,,,,"BHP, South32, Goldfields, Vale, Roxgold, Griffin…BHP, South32, Goldfields, Vale, Roxgold, Griffin Mining, Northern Star, Echo Resources, Bellevue Gold",,,,ERM Emilion Australia Pty Ltd,Yes,"Mining Operation Support, Development Studies,…Mining Operation Support, Development Studies, Mineral Asset Valuations, Due Diligence, Expert and Independent Reports, Valuations and Corporate Advice, Project Assessments, Environmental, Sustainability and Governance, Hydrogeology, Hydrology, Resource Estimation, Geometallurgy, Geoscience, Geochemistry, Studies, Exploration Management, Data Management Systems, Machine Learning and Technology Advisory."
Land Insights,127,,"Michael Taylforth(Founder, Principal)",2002,,,,5,6,,,,,1,,,Yes,Planning and environmental solutions.
Developed - Planning | Spatial | Delivery,70,,"Daniel Paton(Founder, Managing Director)",2020,,2,,14,16,,,,,1,,,Yes,"Town Planning 
Research 
Surveying & Spatial …Town Planning 
Research 
Surveying & Spatial 
Delivery & PM 
Strata"
Corbel Property,,,,,,,,,,,,,,,,,Yes,
Valuation and Resource Management,,,,,,,,,,,,,,,,,Yes,
Business Events Perth,54,,Gareth Martin(Chief Executive),1972,,NFP,Business Events,NFP,NFP,,"Funded by the Western Australian Government…Funded by the Western Australian Government through Tourism Western Australia, the City of Perth and member partners across the State, Business Events Perth has been securing high value conferences and incentive groups for Western Australia for over 50 years.",,,1,n/a,,Yes,Business Event Bidding. Destination Marketing…Business Event Bidding. Destination Marketing. Venue Referral Services.
Pendium Advisory,95,116,Mark Sinclair(Managing Director),2012,3,1,"Residential, Strata and Commercial Real Estate",8,9,,"Making the complex simple in rent roll brokering,…Making the complex simple in rent roll brokering, consulting, and transacting.","Macquarie, Colliers, Ray White, Judo Bank, The…Macquarie, Colliers, Ray White, Judo Bank, The Agency, BankWest, NAB, Stone Real Estate.",,1,,,Yes,"• Rent Roll and Real Estate Business Valuations
…• Rent Roll and Real Estate Business Valuations
* Brokerage of Real Estate Agencies and Rent Rolls
* Advisory Services
* Finance Brokerage for Agencies
• Strategic Business Review
• Business Growth Plan
• Due Diligence & Acquisition Assistance"
Greenbase,,,,1998,,,,,,,,,,,,,Yes,
Ithaka Media,237,,Jeremy Mullally(Creative Director),2018,,,"Cyber Security, Technology",1,1,,,,,,,,Yes,Video Marketing and Strategy
CyberCX,12,14,"Steve Schupp(Executive Director, WA)",2019,5,,All,140,140,,"Global cyber security, manage cyber risk, respond…Global cyber security, manage cyber risk, respond to incidents and build resilience in an increasingly complex and challenging threat environment.",,60%,1,,,Yes,"Cyber Security, Security Operations Centre,…Cyber Security, Security Operations Centre, Incident Response, Governance Risk and Compliance, Security Testing."
DataDivers,28,23,Chris Benthien(Co-Founder),2020,1,2,"Mining, oil and gas, health, education,…Mining, oil and gas, health, education, government, insurance, not-for-profit, utilities, banking and finance, transport, startups.",45,45,,"DataDivers is a dedicated consultancy for all…DataDivers is a dedicated consultancy for all things data and analytics. From data strategy, to building your data platform, to advanced analytics and data science, to creating a data culture.","Fremantle Ports; Telethon Kids Institute; Perth…Fremantle Ports; Telethon Kids Institute; Perth Mint; Department of Finance; MMG; South32; Department of Mines, Industry Regulation and Safety",100%,1,,,Yes,"Data advisory, data strategy and architecture,…Data advisory, data strategy and architecture, data governance, data platform establishment, data visualisation, advanced data analytics and ML, data science, managed analytics and data engineering support, and artificial intelligence."
Akkodis,6,6,"Omar Alim(General Manager, Delivery & Account Management)",1998,5,151,"Mining, energy, transport, logistics, health,…Mining, energy, transport, logistics, health, State and Federal Governments",240,394,1%,"Systems integration, IT consulting, IT staffing &…Systems integration, IT consulting, IT staffing & Academy training services. Services offered include managed services, project & program management, architecture & application development. Akkodis' solutions include application modernisation, Microsoft & AWS business solutions, data analytics, AI and cloud.",,99%,1,,The Adecco Group,Yes,IT
Verity Consulting,,,Sandy Chong(Principal),2005,,,,,,,,,,,,,Yes,
Context Capital,142,168,"Chris West(Co-Founder, Principal Consultant)",2020,,,"Wealth management, financial advice, not-for…Wealth management, financial advice, not-for-profit, family offices.",4,8,,Investment consulting,,,1,$350,,Yes,"Investment, governance, operations."
WSP,1,3,Ryan Eales(WA Co-Regional Director),1962,13,,"Mining, transport, energy, Defence, property,…Mining, transport, energy, Defence, property, water, utilities, energy, government,","1,055","1,132",,"Strategic consulting, advisory, planning,…Strategic consulting, advisory, planning, engineering, environmental management and planning, program management and project delivery, construction management, operations and maintenance.",Major mining clients; Government transport…Major mining clients; Government transport clients; contractors; oil & gas; state and local government agencies.,,2,,WSP Global,,"Strategic advisory, Project and Program Delivery,…Strategic advisory, Project and Program Delivery, Multidisciplinary Engineering and Environmental Consulting; Digital; Stakeholder Engagement; Strategic Asset Management; Infrastructure Investment Decisions; Planning; Social Performance; ESG; Net Zero; Transport & Mobility; Mining Infrastructure: Mine Closure; Mine Waste; Renewables; Energy Transmission; Generation & New Energy; Building Services; Water; Maritime."
PwC,9,7,"Martina Crowley(Managing Partner, Perth)",1896,9,NFP,"Mining, oil and gas, services to mining,…Mining, oil and gas, services to mining, government, telecomms, health services, higher education, manufacturing, utilities, technology, financial services, transport logistics, industrial products, defence, shipping, infrastructure, agriculture.",NFP,455,50%,"Strategy through execution - strategy, management…Strategy through execution - strategy, management consulting, operations consulting, people and change management, program management, delivering deal value, finance transformation, shared services, tech consulting, systems integration, project delivery services, enterprise architecture, risk management, fraud and forensics investigation, cyber security, actuarial capital project management, capital project productivity.",,50%,1,,,Yes,"Strategy, technology, analytics, operations,…Strategy, technology, analytics, operations, strategic procurement and supply chain, transformation, economics, risk and regulatory, fraud and forensics, actuary."
SLR Consulting,18,,"Scott Bird(Technical Director, Growth Lead WA)",2004,19,,,169,175,,"SLR is an international environmental consultancy…SLR is an international environmental consultancy over 4000 professionals. We are consultants in the energy, infrastructure, land development, and resources sectors. SLR manages environmental approvals, town planning approvals, biological surveys, aquatic surveys, contaminated site management, social performance, heritage, hazardous materials and asbestos management, hydrology, acoustics and vibration, and provides renewable energy solutions.","Alcoa, MRL, Woodside, Development WA, Synergy,…Alcoa, MRL, Woodside, Development WA, Synergy, Horizon, Water Corporation, BHP Billiton Iron Ore, Holcim, Rio Tinto, Chevron, ABN, Perron Group",,1,,SLR Consulting Australia Pty Ltd,Yes,Environmental
Talent Consortium,175,,"Sharon Parcell(Founder, Director)",2014,,,"industrial , resources , services, nfp",2,6,60%,,,40%,1,275,Talent Consortium Pty Ltd,Yes,"HR consulting, workforce planning, values based…HR consulting, workforce planning, values based recruitment, assessment centres, leadership coaching."
Lester Blades Executive Search & Board Advisory,109,97,Geoff Blades(Founding Partner),2002,,,All,6,8,,"Executive search, executive advertised…Executive search, executive advertised recruitment, c suite, board reviews, board recruitment, board advisory.",,100%,1,,,Yes,"Executive search, executive advertised…Executive search, executive advertised recruitment, c suite, board recruitment, board advisory, board evaluations."
Gerard Daniels,91,53,Michael McAnearney(Founding Partner & Director),1986,1,2,All industries,8,19,90%,International professional services group with…International professional services group with divisions in executive search and board & executive leadership.,,10%,1,WND,Gerard Daniels Australia Pty Ltd,Yes,"C-Suite, Senior Management, Governance, Board &…C-Suite, Senior Management, Governance, Board & Executive Leadership, financial across all sectors"
Talenting,113,93,Jonathon Woolfrey(Managing Partner),2018,,,"Government, Not-For-Profit, Private.",6,7,50%,,"Major government departments including Department…Major government departments including Department of Communities, Department of the Premier and the Cabinet, WA Country Health Service and others.",50%,1,,Talenting International Pty Ltd,Yes,"People and culture, human resources, industrial…People and culture, human resources, industrial relations, organisational strategy, governance and board advisory."
Envision Digital Pty Ltd,231,118,Rod Wakefield(Managing Director),2015,2,4,"Mining, Construction, Manufacturing, Logistics,…Mining, Construction, Manufacturing, Logistics, Mining Services, Software, Technology, Digital Marketing, Consulting and Trades",1,1,70%,"Envision Digital® is a niche Connector App…Envision Digital® is a niche Connector App Product Development business.
Envision Digital® specialise in software implementation, integration, automation and digital enablement services.","BambooHR, Sage, PandaDoc, Constant Contact, APRA…BambooHR, Sage, PandaDoc, Constant Contact, APRA AMCOS, RPMGlobal, BMH Electrics, T-Shirt Ventures and FieldInsight",30%,1,NFP,,Yes,"Enterprise/ERP Consulting
Business Systems…Enterprise/ERP Consulting
Business Systems Consulting
ISO Certification Consulting
Integration and Automation Consulting
HRIS Training and Consulting"
Worley Consulting,5,5,"Jessica Pringle(Managing Director,  Australia Central  (Mongolia and South Australia))",2014,5,,"Energy, chemicals and resources including gas,…Energy, chemicals and resources including gas, hydrogen, power, oil, chemicals, minerals, mining, water, infrastructure (including rail, roads, marine and coastal, buildings)",NFP,327,,"Worley Consulting combines front-end technical…Worley Consulting combines front-end technical and commercial consulting capabilities to offer clients a differentiated blend of strategic consulting and deep technical consulting expertise in the energy, chemicals and resources sectors.  We understand specific commercial, technical and collaboration challenges, proudly accessing decades of project and business experience to provide informed advice and ensure strategic, practical and commercially orientated solutions.","BHP, Rio Tinto, Woodside, Fortescue Metals Group,…BHP, Rio Tinto, Woodside, Fortescue Metals Group, Burrup Fertilisers, Department of Transport, WA Port Authorities, Main Roads, Water Corporation, Public Transport Authority.",100%,2,Varied depending on staff working on assignment.,Worley Limited,,"Technical, strategic, environmental, advanced…Technical, strategic, environmental, advanced analysis, water infrastructure, water resources, road infrastructure, rail infrastructure, ports, marine and coastal, geomatics, closure, decarbonisation, upstream and midstream hydrocarbon process, power, energy transition, asset advisory, social, geosciences, safety and risk."
Heidrick & Struggles,177,,Luke Robbins(Principal),2015,2,,All,2,5,,"Executive Search, Leadership Assessment,…Executive Search, Leadership Assessment, Succession Planning, Coaching, Leadership Advisory, Culture Acceleration, Organisational Development",,100%,1,,,Yes,Employment. Leadership. Assessment.
ANSON Management Consulting,141,51,John Broweleit(Chair),1995,,6,"Community Services, Not for Profit, Government",4,10,50%,"HR Consulting, Governance, Risk & Compliance,…HR Consulting, Governance, Risk & Compliance, Social Ventures, Strategy, Occupational Safety and Health, and Recruitment - Standard, Recruitment - Executive","Nulsen, Outcare, Hope Community Services, ASeTTS,…Nulsen, Outcare, Hope Community Services, ASeTTS, Nascha, Baptistcare, Future Living, WAAMH, Foodbank",50%,1,,,Yes,"HR Consulting for Not for Profit organisations,…HR Consulting for Not for Profit organisations, Profit for Purpose businesses, Government agencies and Social Ventures"
Korn Ferry,119,91,"Beau Yorke(Senior Client Partner, Sector Lead, Energy & Resources, ANZ)",2015,5,,All industries,5,15,75%,"Management consultants, CEO recruitment,…Management consultants, CEO recruitment, executive reward, executive coaching, leadership transformation, organisation structure, change management, performance management, pay databases, worforce effectiveness, employee engagement, diagnostic surveys.",,25%,1,WND,Korn Ferry International,Yes,"Executive search, leadership assessment and…Executive search, leadership assessment and development, organisation strategy, rewards"
EnergyTec,36,26,Damien Moran(Managing Director),1993,1,1,"Property - Commercial, Industrial, Retail, Strata…Property - Commercial, Industrial, Retail, Strata Mixed Use, Strata Residential, Aged Care, Airport Estates, University Campuses",30,NFP,85%,"•	Meter Reading, Reconciliation and Billing –…•	Meter Reading, Reconciliation and Billing – Embedded Networks, Energy and Utility 
•	Technical Advisory – Meter network Audits, Embedded Network Conversions, Submeter Supply, install, programming and commissioning
•	Retail / renewable Energy Services – Energy Procurement, Solar, battery Energy Storage, Distributed Energy Resources (DER) and Electric Vehicle Charging
•	Tariff review optimisation
•	Electricity Tendering (Energy Procurement)","CBRE, APIL, Centuria, Colliers, Cygnet West, JLL,…CBRE, APIL, Centuria, Colliers, Cygnet West, JLL, Knight Frank, Hawaiian, Dexus, Perth Airport, GPT, AMP, Charter Hall, Cushman Wakefield, Savills, B Strata, Curtin University, Edith Cowan University, Richardson Strata, ESM Strata.",15%,1,,Energy-Tec Holdings Pty Ltd,Yes,"•	Energy Roadmap Solutions and Advisory for all…•	Energy Roadmap Solutions and Advisory for all property sector projects from start to finish
•	Renewable Energy Implementation – including Advanced metering (AMI), renewable Generation (Solar), Battery Energy Storage System (BESS) and Electric Vehicle (EV) Chargers
•	Embedded network conversions consultants and project management
•	Technical Advisory – Meter network Audits, Embedded Network Conversions, Submeter Supply, install and commissioning, Solar and EVC Feasibilities"
Sitevisuals,186,,"David Shawcross(Co-Founder, Director, Chief Technology Officer)",2008,,,,NFP,NFP,,,,,1,,,Yes,Time-lapse Photography
TCS NDT,99,,Alisa Hewling(Managing Director),2019,,2,,8,8,,,,,1,,,Yes,Non Destructive Testing
PWD Digital Agency,29,,Oliver Wood(Managing Director),2007,,,,43,43,,,,,1,,,Yes,"Marketing, digital marketing."
Future Smart Strategies,179,170,Ray Wills(Managing Director),2007,2,,"Mining, resource, engineering, construction,…Mining, resource, engineering, construction, property, renewable energy, sustainability, education, training, health, IT, hospitality, investment, infrastructure, venue management",2,4,,Providing intelligence on the future of markets.,,,1,,FDRW Pty Ltd,Yes,Strategic advice across all sectors
Diversus,14,15,Dien Tang(Director),2006,4,NFP,"Diversus works across various industries…Diversus works across various industries including mining, oil & gas, agribusiness, banking & finance, insurance, healthcare, government and the not-for-profit sectors.",NFP,NFP,20%,"Diversus is a provider of end-to-end business and…Diversus is a provider of end-to-end business and software consulting, from up-front strategic business planning and analysis through to systems design, implementation and support of complex software applications and technology environments.","Fremantle Ports, Royal Life Saving Society, HBF,…Fremantle Ports, Royal Life Saving Society, HBF, Tourism WA, Rio Tinto, St John of God Health Care, Arc Infrastructure, Office of Digital Government",80%,2,,Diversus,Yes,"IT Consulting, IT Strategy, Application…IT Consulting, IT Strategy, Application Development, Cloud Solutions, Customer Experience, Cybersecurity, Digital Transformation, Data & Insights, Intelligent Automation, Mobile Innovations, Modern Workplace."
Enginuity Consulting,230,154,Rob Davis(Principal Consultant),1998,,,"Family business, technology commercialisation,…Family business, technology commercialisation, manufacturing, mining service",1,1,50%,"Family business governance, executive mentoring,…Family business governance, executive mentoring, corporate advisory, management consulting  and technology commercialisation.",NFP,50%,1,$300,,Yes,Management
Futureproof,134,121,"Ben Swan(Founder, Director, Sustainability Consultant)",2018,,,"Mining, resources, industrials, tech, agriculture…Mining, resources, industrials, tech, agriculture, services",5,5,,Strategy and communications,,100%,1,,,Yes,"Sustainability Consulting,ESG Consulting."
RPS,15,13,Murray Burling(Executive Director),2003,21,"1,014","Property, Energy, Transport, Defence & government…Property, Energy, Transport, Defence & government services, Water, Resources",130,193,,"RPS is a global professional services firm…RPS is a global professional services firm working across six sectors: property, energy, transport, water, resources, defence and government services. Its services span twelve clusters: project and program management; design and development; water services; environment; advisory and management consulting; exploration and development; planning and approvals; health, safety and risk; oceans and coastal; training and communication and creative services.","BHP, DevelopmentWA, Stockland, Santos, Local…BHP, DevelopmentWA, Stockland, Santos, Local Government, Department of Defence, AFP, Curtin University, Star of the South, ConocoPhillips, Diamond Offshore",100%,3,Varies,"Tetra Tech, Inc.",,"Water services; environmental; marine science;…Water services; environmental; marine science; advisory and management consulting; planning and approvals; project and program management; design and development; exploration and development;  health, safety and risk; oceans and coastal; training & communication and creative services."
CDI Experts,68,55,Tony Hughes(Managing Director ),2014,2,10,"Mining, oil & gas, power, renewable energy, rail,…Mining, oil & gas, power, renewable energy, rail, infrastructure, commercial, residential, industrial process",12,15,,"Project Management, Cost Management and…Project Management, Cost Management and Secondment of Consultants into Projects. Construction claims advisory & dispute resolution, provision of delay and quantum analysis for construction disputes. Expert witness services.",,100%,1,,CDI Experts Pty Ltd,Yes,"Project Management, Project Development…Project Management, Project Development Management, Cost Management, Construction claims advisory & dispute resolution, project management, planning and project controls, quantity surveying & cost management, commercial & contract management."
8Squad,87,63,Kel Henderson(WA Lead),2017,3,93,,9,9,80%,Salesforce,,20%,1,,,Yes,Salesforce CRM implementation and support.
Informatics,83,76,,2017,,NFP,"Construction, Mining, Oil & Gas",NFP,NFP,10%,,,90%,1,,,Yes,"Artificial intelligence, data & analytics,…Artificial intelligence, data & analytics, business performance improvement, digital & cloud transformation, systems integration, managed services & support."
Rapid Teams,123,,"Angus Firth(Director, Principal Consultant)",2018,,,"Mining, Resources, Aged Care, Government,…Mining, Resources, Aged Care, Government, Manufacturing, Oil and Gas, Financial/Banking.",5,8,,"Experiential team development or team building…Experiential team development or team building workshops and activities. Amazing race programs in Perth, Fremantle and Busselton linked to company values as well as the exclusive Optus Stadium Pathfinders program.","BHP, Amazon Web Services, Rio Tinto, CBH Group,…BHP, Amazon Web Services, Rio Tinto, CBH Group, Westpac, Chevron, WesTrac, Commonwealth Bank, APA Group",,,,,Yes,"Team development, team building, team day…Team development, team building, team day workshops and team events."
Lucid Consulting Australia,26,16,"Simon Thwaites(Director, WA)",2012,7,,Construction Industry,51,58,10%,"Founded in 2000, Lucid is the largest employee…Founded in 2000, Lucid is the largest employee-owned and Australian-owned engineering consultancy to operate in all mainland regions of Australia. Its team consists of over 300 professionals with 8 offices around Australia.

Lucid's vision is to be Australia's most forward thinking, agile and influential engineers and asset advisors. 

Lucid has a strong track record and impressive project portfolio spanning a wide variety of industries and sectors including Defence, Health, Education, Research, Aged Care, Commercial, Critical Facilities, Industrial, Public Realm, Transport and Utility Infrastructure.",,90%,1,Professional Services,Lucid Consulting Group Ltd,Yes,"Asset Management,
Communications and Audio…Asset Management,
Communications and Audio Visual,
Electrical Services,
Fire Engineering,
Fire Services,
High Voltage Engineering,
Hydraulic Services,
Mechanical Services,
Project Management,
Public Realm,
Security Services,
Specialist Lighting,
Energy and Sustainability,
Vertical Transportation,
Structural Engineering"
Welldev Group,213,165,Randal Wells(Managing Director),2017,,NFP,"Property, Resources (NPI), Infrastructure.",NFP,NFP,,"Property Development Management. 
Decide. Act…Property Development Management. 
Decide. Act. Develop.","DevelopmentWA, Maxima Opportunity Group, Civeo,…DevelopmentWA, Maxima Opportunity Group, Civeo, Resource Accommodation.",,,,,Yes,"Property development management,
Independent…Property development management,
Independent project review,
Independent tender adjudication,
Business decision-making best practice."
V1 Aviation Consulting,247,,"Matt Granger(Director, Principal Consultant)",2018,,,"Aviation, and some NDIS support providers.",1,1,15%,Aviation,"Maroomba Airlines, RFDS Central Operations, RFDS…Maroomba Airlines, RFDS Central Operations, RFDS Western Operations",85%,1,200,,Yes,"Consulting support and research to small and …Consulting support and research to small and  medium operations, up to large airlines.  Operations manual production, risk assessments, Air Operator Certificate establishment & variations, route planning, aircraft selection, regulatory compliance assurance."
Ausenco,27,,Reuben Joseph(President - APAC/Africa),1995,,,,NFP,NFP,,,,,,,,Yes,"mine planning, mine studies, pipeline,…mine planning, mine studies, pipeline, sustainability, asset optimisation, feasibility studies, detailed engineering"
Theodorsen Industrial Relations,221,152,John Theodorsen(Director),2004,,,All,1,2,10%,"Industrial and employee relations consulting…Industrial and employee relations consulting services, registered industrial agents.",,90%,1,,Theodorsen Consulting Pty Ltd,Yes,Industrial and employee relations.
Triangle Growth Partners,171,161,Kent Matla(Partner),2018,,4,,3,3,50%,,,50%,1,,,Yes,"Business innovation, Business transformation,…Business innovation, Business transformation, Export readiness execution and expansion, Investment preparation (reflecting shareholder and enterprise value), Cross-border transactions, and Mentoring.

Triangle Equity Partners is the delivery leader for ScaleUP WA (see www.scaleupwa.com.au) which is WA’s premier growth program for achieving business breakthrough. ScaleUP WA is designed to accelerate business growth, propelling innovative businesses that are  growth-focused to new heights. ​Catering to SMEs across various sectors including food and beverage, emerging technologies, greentech, circular economy, and ​agriculture, ScaleUP WA is a central hub for entrepreneurial development in the region.

Triangle Equity Partners is also the Australian country partner for the Global Innomation Management Insitute (see giminstituteorg), the largest global innovation management certification practice based out of Boston, USA. TEP founded the Australian Innovation Management Institute (see www,aiminstitute.org.au) with the deep purpose of advancing the understanding and development of innovation and innovation management across Australia."
Bedivere Group,50,46,Nick Male(Director),2014,,12,"Minerals and resources, construction, engineering…Minerals and resources, construction, engineering, infrastructure, SME / Start ups, Energy, Off-set and Environmental project support",21,24,10%,"Contracts, commercial, project services and…Contracts, commercial, project services and corporate consultancy, predominantly in the minerals and resources sector including related energy and carbon off-set projects.",Confidential,90%,2,,,Yes,"Commercial, legal, and corporate services;…Commercial, legal, and corporate services; interim management, senior secondments, business advisory, carbon supply chain integration, carbon project support"
Anacta,163,,Mark Reed(Director),2022,5,,,3,3,,,,,1,,,Yes,"Campaigns, stakeholder relations and…Campaigns, stakeholder relations and communications."
Interspacial Systems,236,157,David Karr(Principal),2000,,,"Manufacturing, service, education, IT",1,1,40%,"Business optimisation, lean management, game…Business optimisation, lean management, game theory, benefit and risk analysis.",WND,60%,1,WND,,Yes,"Business optimisation utilising lean management,…Business optimisation utilising lean management, game theory, benefit and risk analysis."
Paatsch Group,136,,Brad Paatsch(Managing Director),2019,1,1,"Sport, recreation and leisure; local government",5,5,,"Sport, recreation and leisure planning and…Sport, recreation and leisure planning and infrastructure development","WA Cricket, Town of East Fremantle, City of…WA Cricket, Town of East Fremantle, City of Fremantle, Town of Bassendean, City of Bayswater, Perth Glory, Fremantle Football Club, Gage Roads, WAFC",100%,1,Various,Paatsch Consulting PTY LTD,Yes,"Sport, recreation and leisure"
Lamplighter Performance Consulting,196,114,Peter McLean(Managing Director),2007,,,"Across industries and sectors - private,…Across industries and sectors - private, government and non-profit",NFP,NFP,25%,"Strategic development, performance, leadership…Strategic development, performance, leadership and communication improvement. Process consulting, executive coaching, speaking and L&D Services. Individual and organisational development. Myriad capabilities.",,75%,,Value-based,,Yes,"Management, strategy, leadership, performance,…Management, strategy, leadership, performance, governance, process, communication, innovation, human resources, organisational, culture, behavioural forensics, Keynote speaking, professional speaking"
GrantSmart,233,,Anne Furey(Founder & CEO),2006,,,"Defence, Agrifood, Manufacturing, Technology,…Defence, Agrifood, Manufacturing, Technology, Innovation, Mining Services, Energy, Government, private and NFP",1,1,,GrantSmart specialises in preparing competitive…GrantSmart specialises in preparing competitive Government Grant applications with clients across the private sector; as well as Not For Profits and Local Government.,"Franmarine Underwater Services, Foodfolk, Jevons…Franmarine Underwater Services, Foodfolk, Jevons Robotics, City of Stirling, Cannaponics Limited, Fero Group Limited, Gridcognition, Tribe Technology, City of Rockingham, Local Drinks Co., West Winds Gin, Trandos Farms",100%,1,,,Yes,"Preparation of Government grant applications and…Preparation of Government grant applications and Review Services for Government Grant Applications
Award Applications"
Horizon Digital,66,69,"Jesse Hill(Co-Founder, Managing Director)",2021,,13,"Mining, mining services, transports and logistics…Mining, mining services, transports and logistics, civil construction and utilities, manufacturing, technology",14,24,85%,"We build custom digital solutions that automate…We build custom digital solutions that automate processes, streamline operations, or create new products and services to help businesses gain a competitive advantage in their industry.","BHP, Rio Tinto, Electric Power Conversions…BHP, Rio Tinto, Electric Power Conversions Australia (EPCA), Technip FMC,Orica, AWH, Vertech Group, Instant Waste Management, DigitalX, Pioneer Water Tanks",15%,1,,,Yes,"Technology consulting focused on digital…Technology consulting focused on digital transformation, data and AI, agile coaching, and commercialisation of new technology products."
3Pillars Asia Pacific,64,31,Stephen Ibbotson(Director),2008,,15,"Finance, Insurance, Utilities, Defence, State…Finance, Insurance, Utilities, Defence, State Government, Oil & Gas, Health, Engineering, Professional Services, Mining.",15,15,,"3Pillars Asia Pacific is a multi-disciplined…3Pillars Asia Pacific is a multi-disciplined consulting business that combines expertise in people development, process improvement and performance measurement. This integrated service model brings together the fundamental pillars that support organisational development and growth - people, process and performance measurement.",WND,100%,1,NFP,3Pillars Pty Ltd,Yes,"People capability optimisation, process and…People capability optimisation, process and operations optimisation, program performance optimisation"
marvinHR,98,,Nick Marvin(Director),2005,,4,Medium-size Enterprise,8,8,20%,"Management consulting, outsourced HR, executive…Management consulting, outsourced HR, executive search.","WA Football Commission, WesTrac, Football West,…WA Football Commission, WesTrac, Football West, Singular Health (ASX:SHG), CWA, Catholic Archdiocese of Perth.",80%,1,$660,,Yes,"Recruitment & HR Consulting 
Management…Recruitment & HR Consulting 
Management consulting, team performance, organisational culture, values and behaviours."
Control Risks,227,,"Jon Greenaway(Market Director,  WA)",2021,4,,,NFP,NFP,,,,,1,,,Yes,"Risk management, security consulting, threat…Risk management, security consulting, threat assessments, investigations, business intelligence, cyber risk, data analytics, political risk"
Pathfinder Marketing,19,,"David Toby(Director, Co-Founder)",2016,,,,100,7,,,,,1,,,Yes,"Performance Marketing
Growth Hacking
Digital…Performance Marketing
Growth Hacking
Digital Marketing
Digital Advertising"
Digital Hitmen,103,,,2016,,,All,7,8,20%,SEO (search engine optimisation),"Remsense, Unusual Pet Vets, Online Flooring Store",80%,1,150,,Yes,"SEO, paid search management, web design, social…SEO, paid search management, web design, social media management"
DBM Vircon,22,15,David Dawson(Executive Director - APAC),1972,1,,"industrial, commercial, infrastructure, public",65,86,,,"Rio Tinto, BHP, Woodside, Fluor, Civmec, Aurecon",,1,,,Yes,"IT: digital engineering, 3D modelling, detailing,…IT: digital engineering, 3D modelling, detailing, design and animation"
Flying Foam,155,196,"St John Hammond(Founder, Principal)",2010,1,1,"Beverage production, Hospitality.",3,8,70%,Brewery & distillery design and supply.,"Shelter Brewing Co, Feral Brewing Co, Bailey…Shelter Brewing Co, Feral Brewing Co, Bailey Brewing Co",30%,1,On application,Flying Foam Pty Ltd,Yes,Brewery & Distillery Design And Supply
Super Smart Energy,150,137,Adam Gangemi(Managing Director),2018,,,"Mining, Oil and Gas, Agriculture.",4,5,,"Strategy, 
Carbon Emissions,
Net Zero Roadmaps,…Strategy, 
Carbon Emissions,
Net Zero Roadmaps,
Engineering Studies,
Tenders,
Sustainability Reports,
Lifecycle Assessments.","NRW, Newmont, Regis Resources, Perenti, Sadleirs,…NRW, Newmont, Regis Resources, Perenti, Sadleirs, Western Power, WA State Government",,1,,,Yes,"Carbon and Energy Advisory: Decarbonisation,…Carbon and Energy Advisory: Decarbonisation, Carbon Footprint, Sustainability."
Supply Chain Services Australia,146,99,Stephen MacPherson(Managing Director),2006,,4,"Retail, manufacturing, resources, mining services…Retail, manufacturing, resources, mining services, defence, health, FMCG, 3PL",4,6,10%,Logistics and supply chain consulting,"Lend Lease, Sandvik, Roy Hill, South 32, Mineral…Lend Lease, Sandvik, Roy Hill, South 32, Mineral Resources, BHP, Woodside, Rio Tinto, Northern Star Resources, Monadelphous",90%,1,250,Supply Chain Services Australia Pty Ltd,Yes,"Management, Supply Chain and Logistics"
Checkside,111,38,Sam Willis(Director),2004,1,,"All industries, primarily emerging and mid-sized…All industries, primarily emerging and mid-sized private and listed companies.",6,7,,"Strategy development, strategy execution and…Strategy development, strategy execution and leadership development.",,100%,1,,Checkside Pty Ltd,Yes,"Strategic management consulting including…Strategic management consulting including strategy development and strategy execution, organisational design, leadership development, advisory board and executive coaching."
Veev Group,45,40,"Steve North(Co-Founder, Managing Director)",2010,,,"Oil and Gas, Services, Engineering, Local…Oil and Gas, Services, Engineering, Local Government, State Government, Construction.",25,28,,"Technology advisory, technology planning, system…Technology advisory, technology planning, system and vendor selection, program and project delivery, change management, business analysis, business process management and improvement, crisis management and business continuity planning.","Fortescue, Roy Hill, BHP, City of Stirling,…Fortescue, Roy Hill, BHP, City of Stirling, Murdoch University, Keystart, Pilbara Ports Authority.",100%,1,$185-$350,,Yes,"Your partner in technology advisory, we can…Your partner in technology advisory, we can assist you by providing extensive industry experience in selecting, improving and implementing technology solutions.

If you’re looking to improve your business, need to upgrade your structures or are about to embark on a new technology system, we can help you get the right balance and find the best products or solutions to suit your business model. 

Think of us as your Technology Advisory Company, offering expert advice in IT Advisory, Process Engineering and Improvement, Program Delivery and Change."
Quantum Management Consulting & Assurance,129,106,Geoff White(Director),2005,,2,"Government, finance, education, professional…Government, finance, education, professional services and health.",5,6,50%,"Specialise in providing internal audit and…Specialise in providing internal audit and management consulting services for clients, particularly for all levels of government, financial institutions, not-for-profit organisations and commercial organisations.","State government, Not-for-Profit organisations,…State government, Not-for-Profit organisations, Local governments.",50%,1,Negotiable depending upon the service,,Yes,"Governance, management, financial and business…Governance, management, financial and business improvement, environmental health and safety, and cybersecurity."
OccuMED Consulting,56,,"John Low(Executive Chair & Chief Occupational Physician, Managing Partner)",1996,,,"Mining, Defence, Oil, Gas, Construction,…Mining, Defence, Oil, Gas, Construction, Healthcare",NFP,NFP,,Occupational medicine services,,,5,,,Yes,Medical
Perspektiv Australia,63,57,Patrick Ilott(Chief Executive),2017,4,12,"Infrastructure, Government, Resources, Product…Infrastructure, Government, Resources, Product Manufacturing, Corporate.",15,17,,"Corporate ESG;
Sustainability Ratings &…Corporate ESG;
Sustainability Ratings & Certifications;
Climate, Carbon & Circularity Advisory;
Social Impact Advisory.","Pilbara Minerals, Chalice Mining, CPB Contractors…Pilbara Minerals, Chalice Mining, CPB Contractors, Laing O'Rourke, Main Roads WA, Public Transport Authority.",100%,1,$150-$350,Privately held,Yes,"Corporate ESG;
Sustainability Ratings &…Corporate ESG;
Sustainability Ratings & Certifications;
Climate, Carbon & Circularity Advisory;
Social Impact Advisory."
ACIL Allen,82,52,John Nicolaou(Executive Director),,5,50,Economy-wide,10,10,,,,100%,1,,,Yes,"Economics, strategy, policy."
Colliers,16,,"Richard Cash(Chief Executive, WA)",2022,25,,,120,150,,,,,3,,,Yes,"Capital Markets
Industrial Investment Services…Capital Markets
Industrial Investment Services
Retail Capital & Middle Markets
Investment Services
Office Leasing
Retail Leasing
Real Estate Management Services
Flexible Workspace
Occupier Services
Project Management
Strategic Advisory
Valuation & Advisory Services
Research
Marketing
Hotels
Workplace Management Services
Agribusiness (Valuation & Advisory / Sales)
Healthcare & Retirement Living"
Quadrant Advisory,219,161,Paul O'Farrell(Managing Director),2016,,1,All industry sectors,1,2,,"Mid-market clients with turnover greater than …Mid-market clients with turnover greater than $20M or debt facilities between $5M - $100M. We source funding solutions from major and regional banks along with alternate financiers. We operate on a fee for service basis, 100% paid for by our clients.",,,1,,,Yes,"Corporate debt advisory, banking advocacy,…Corporate debt advisory, banking advocacy, succession planning and risk management & governance services (including advisory boards)."
Kern Allied Health,31,24,"Mark Kerns(Founder, Director)",2006,,,Health,40,65,,"Kern Allied Health is a NDIS Registered provider…Kern Allied Health is a NDIS Registered provider offering our participants a range of allied health services across the hospital, aged care, disability and occupational health sectors.","Fortescue Metals Group, Ramsay Healthcare,…Fortescue Metals Group, Ramsay Healthcare, National Disability Insurance Agency.",100%,2,$200,Kern Pty Ltd,Yes,"Allied health services - physiotherapists,…Allied health services - physiotherapists, occupational therapists, speech pathologists, psychologists and exercise physiology."
Metattude,239,221,,1998,,NFP,Public and private sectors,NFP,NFP,,Senior Leadership Professional Development,"Australian Defence Force; WA Police; Department…Australian Defence Force; WA Police; Department of Mines, Industry Regulation and Safety; Department of Fire and Emergency Services; Splend; BHP; Rio Tinto; Fremantle Commercial Diving; Dredge RoboticsFremantle Ports; Sandvik",100%,,,Bonne Nuit Productions Pty Ltd,Yes,"Board, CEO and executive coaching; consulting and…Board, CEO and executive coaching; consulting and development for leadership, culture, performance and productivity improvement; corporate people-centred turnaround; specialist in dealing with difficult but valuable people."
Think DONE Management Consultancy,187,123,Linda Steele(Queen of Efficiency),2010,,1,All,2,3,,Strategy and efficiency,WND,100%,1,WND,Think DONE Pty Ltd,Yes,Strategy and efficiency
PJA,160,,,2022,1,,,3,5,,,,,1,,,Yes,"Transport planning, engineering, placemaking."
Alvarez & Marsal,41,,"Nicholas Reid(Managing Director, Head of Perth Office)",2022,4,6,,26,33,,,,,1,,,Yes,"Management Consulting
Tax advisory
Disputes &…Management Consulting
Tax advisory
Disputes & Investigations
Infrastructure & capital projects advisory
Restructuring"
The Dichotomy Group,220,,"Pat Hall(Owner, Director)",2005,,,"Defence , Government agencies",1,2,,,,100%,,,,Yes,"Stratgeic management, with a focus on Defence,…Stratgeic management, with a focus on Defence, cyber and national security segments"
Entego,133,,Harry Street(Director),2020,,,"Energy markets, electricity and gas markets…Energy markets, electricity and gas markets. Commercial and industrial customers.",5,5,,,,,,,,Yes,"Energy market operations, electricity and gas…Energy market operations, electricity and gas market strategy and advisory, electricity and gas contract procurement."
The Values Partnership,203,133,Miles Protter(Director),2014,,2,"Mining, oil and gas, engineering, construction,…Mining, oil and gas, engineering, construction, government, education, arts",2,2,50%,Mentoring individuals and teams in values and…Mentoring individuals and teams in values and purpose focused leadership. Aligning teams for high performance.,"Subsea7, Worley, South32, Snowy 2, Alcoa, Public…Subsea7, Worley, South32, Snowy 2, Alcoa, Public Service Commission, thyssenkrupp, CleanTeQ, Goodstart",50%,1,$500+,,Yes,"Mentoring, leadership development, values…Mentoring, leadership development, values alignment, high performance teams"
LachWil,112,,Peter Pruyn(General Manager),2021,,,"Mining, construction, communications",6,7,40%,"Providing a wide range of project services to…Providing a wide range of project services to clients, in challenging, time-stressed environments by simplifying complexity and leading with a people-centric management approach.",,60%,1,,,Yes,"Projects management, advisory, governance,…Projects management, advisory, governance, systems integration"
Integral,75,28,"Jonah Cacioppe(Executive Director, Managing Director & Chief Executive since 2019)",1991,3,55,"Public Sector, Private Sector. Energy and…Public Sector, Private Sector. Energy and Resources, Legal, Construction, Health Services, Not-For-Profit",10,65,20%,"Leadership, coaching, executive coaching,…Leadership, coaching, executive coaching, training, RTO, strategy, people development, public courses and surveys.
Able leadership Development Platform","Deloitte, ABN Group, Dept of Finance, Dept of…Deloitte, ABN Group, Dept of Finance, Dept of Mines & Petroleum, P&N Bank, AHG Group, WA Police, City of Joondalup, City of Perth, Department of Health, Dept of Education, Baptistcare, Public Sector Commission, Multiplex, Dept Defence, Chevron, Fortescue",80%,1,Varies,Integral Development,Yes,Leadership development and coaching programs.
Dr Paula Smith - Powerful Presenting and Leadership Communication,228,,Paula Smith(Chief Executive),1990,,10,Across Industries,1,1,50%,"Training, coaching and keynote speaking","BHP, Water Corporation, ALCOA, Western Power,…BHP, Water Corporation, ALCOA, Western Power, DCBA, Rio Tinto, Department of Health, WALGA, Royal Perth, Toyota Finance, Anglo Gold Ashanti, DEMIRS, Edith Cowan University, Main Roads",50%,,,,Yes,"Presentation skills master classes and coaching,…Presentation skills master classes and coaching, leadership communication, leadership development, executive coaching, bespoke workforce development training, keynote speaking"
BidWrite,81,74,"Nigel Dennis(Co-Founder, Director, Chief Executive)",2008,2,18,,10,12,20%,BidWrite provides consultancy services to…BidWrite provides consultancy services to businesses seeking support in bidding. It also offers an industry leading Generative AI platform and bid training to those who wish to improve their skills and knowledge.,,80%,1,,Bid Write Pty Ltd,Yes,"Bidding industry-specific consulting 
Generative…Bidding industry-specific consulting 
Generative AI Bid Writing"
Velrada,21,12,Glen Hinde(Chief Financial Officer),2009,4,,"Velrada works primarily with global, local &…Velrada works primarily with global, local & national clients across the whole resources and energy industry vertical value chain including primary explorers and producers, infrastructure and EPCM providers, and services government/regulatory agencies.",71,71,30%,"Business management consulting and systems…Business management consulting and systems integration with strong practices in enterprise services, risk, strategic IM, digital intelligence, integrated operating centres, infrastructure. Microsoft Architecture, Microsoft Development, Microsoft Data & AI, Microsoft Office 365, Change Management, Business Analysis, Testing, Training, Governance, Project Management.","BHP Billiton, Sodexo, Department of Planning,…BHP Billiton, Sodexo, Department of Planning, Venues West, Woodside Energy, South 32, SA Health, WA Treasury Commission, Department of Finance, Rio Tinto, Downer, Department of Transport, Monadelphous.",70%,1,$250-$450,Velrada Capital Pty Ltd,Yes,"Management consulting, IT consulting. Microsoft…Management consulting, IT consulting. Microsoft Architecture, Microsoft Development, Microsoft Cloud, Microsoft Dynamics, Microsoft Data & AI, Microsoft Office 365, Change Management, Business Analysis, Testing, Training, Governance, Project Management."
DrawHistory,151,65,"Jeffrey Effendi(Founder, Chief of Innovation since 2021)",2015,,5,Purpose-led businesses and nonprofits,4,4,,"DrawHistory is a strategy and design agency for…DrawHistory is a strategy and design agency for ambitious, purpose-driven brands in search of progress. Our studio of social researchers, strategists, communicators, and designers are contrarians who help brands reimagine better futures through behavioural change. We’re proudly one of the Asia-Pacific’s first and highest scoring Certified B Corp agencies.","Change.org, UNICEF Australia, WA Department of…Change.org, UNICEF Australia, WA Department of Premier & Cabinet",,1,,,Yes,"Consumer insights, brand purpose and strategy,…Consumer insights, brand purpose and strategy, content strategy, communications strategy, creative direction and design, digital design and development"
Ready To Help,244,162,David Shawcross(Principal),2006,,,All,1,1,,"Commercialisation of technology and new product…Commercialisation of technology and new product development. Business development, strategy.",Masters Psychology,100%,1,,,Yes,"Technology and product development, intellectual…Technology and product development, intellectual property protection, business development, advisory board and primary board membership."
Agreement Hub,140,128,"Kellie Swanson-Hill(Founder, Managing Director)",2002,,6,Mining,4,10,,,Various ASX 200 companies as well as Aboriginal…Various ASX 200 companies as well as Aboriginal Corporations,100%,1,Varies,,Yes,"Land access negotiations with Traditional Owners…Land access negotiations with Traditional Owners for mining, infrastructure and renewables; Navigating governance; ESG alignment; Cultural heritage management"
The Marketing Room,51,44,"Tahnee Sharp(Founder, Managing Director)",2018,3,,All,21,21,,"Provide organisations with either of the below…Provide organisations with either of the below part-time resources:
In-House Outsourced Marketing Manager,
In-House Outsourced Marketing Consultant,
In-House Outsourced Social Media Manager","RAC Insurance, Avivo, SKG Radiology, WALGA,…RAC Insurance, Avivo, SKG Radiology, WALGA, Asthma WA",100%,1,$110 - $205,TMR WA,Yes,"Marketing strategy, social media strategy"
Nexx AU,184,,,2022,,,"Industrial, Construction, Commercial,…Industrial, Construction, Commercial, Agricultural, Resources",NFP,NFP,,Product design & procurement services,,,1,,,Yes,"Product design & development
Product procurement…Product design & development
Product procurement & supply"
Impact Seed,102,86,"Sven Stenvers(Founder, Director)",2015,,NFP,"Corporate, Not for profit, Government, startup…Corporate, Not for profit, Government, startup and First Nations businesses",NFP,NFP,50%,"Our vision is for a sustainable, resilient, and…Our vision is for a sustainable, resilient, and inclusive Western Australian impact-driven economy that empowers communities and
values culture and environment.
 
With a decade of on the ground experience working with WA impact entrepreneurs, businesses, government, funders, not for profits and Aboriginal corporations, we work in partnership to create systems-level impact and provide strategic advice, investment and connections that enable organisations to deepen and scale their impact.

As a proudly West Australian-based advisory our focus is on place-based projects that aspire to create deep impact here in WA, leveraging our state’s greatest strengths: natural and geographical advantages, resource rich public and private investment sectors, entrepreneurial and innovation talent, and deep traditional Aboriginal knowledge of how to care for Country on which we all depend.",,50%,1,,,Yes,"Impact and ESG advisory, impact strategy, impact…Impact and ESG advisory, impact strategy, impact measurement and evaluation, impact investment management, field building impact investment, community investment, social enterprise development and First Nations engagement"
Longreach Media,135,110,"Angela Nutton(Founding Director, Longreach Media)",2018,,,,5,5,50%,,,50%,1,,,Yes,"Media and Marketing,Strategic Planning,"
Canford Hospitality Consultants,164,151,"Phil Cockman(Director, Consultant)",2000,,,"Hospitality, Tourism",3,3,,"Hospitality Planners
Liquor Licence application…Hospitality Planners
Liquor Licence application professionals 
Feasibility studies
Hospitality Project Management","West Coast Eagles, City of Joondalup, Nando's…West Coast Eagles, City of Joondalup, Nando's Restaurants, Town of Cambridge, Cellarbrations Liquor Stores, IGA-D, Grill'd Healthy Burgers, Dome Cafes, Spices Catering, Northbridge Brewing Company, General Public Co., The Raft, Fallow, X-Golf, Bottle-O,",100%,1,$380 incl GST / $2450 incl GST,,Yes,"Liquor Licence Applications
Feasibility studies …Liquor Licence Applications
Feasibility studies 
Business reports
Kitchen/Back of house layouts 
Protection orders
Food and beverage planning 
Public Interest Assessments
Hospitality Developments
Council development applications 
Lease negotiations
Business plans Budgets / Cash flow analysis
Drafting services"
Oxygen Group,159,72,Sean Johnstone(Director),2003,,3,"B2B, Wholesale/Distribution, Manufacturing,…B2B, Wholesale/Distribution, Manufacturing, Professional Services, Property Services",3,5,65%,,NFP,35%,1,WND,,Yes,"Strategy Execution
Performance Mgt / Advisory…Strategy Execution
Performance Mgt / Advisory Board / NED
Debt & Equity Finance
M&A"
Corporate Affairs Australia,104,152,"Simon Corrigan(Founder, Partner)",2021,,,,7,7,,,"Agrimin, Azure Minerals, Buru, Pilbara Minerals,…Agrimin, Azure Minerals, Buru, Pilbara Minerals, Chalice Mining, Global Lithium",100%,1,,,Yes,"Corporate Affairs: Government Relations,…Corporate Affairs: Government Relations, Community Relations and Communications."
Emergination,229,145,Justin Davies(Managing Director),2009,,4,"SME market, industrial, mining & resources,…SME market, industrial, mining & resources, technology, government and commercial enterprises.",1,1,10%,"Strategy development and execution, board…Strategy development and execution, board advisory, business coaching, innovation development and execution, company growth.","Department of Jobs, Science, Tourism and the Arts…Department of Jobs, Science, Tourism and the Arts; Department of Premier and Cabinet; City of Subiaco; Stirling Business Centre; Helicopter Logistics; Intrinsic; Clean Plant.",90%,1,"$300 for Lead Consultants, $250 for Senior…$300 for Lead Consultants, $250 for Senior Consultants.",,Yes,"Business advisory and coaching, management…Business advisory and coaching, management consulting, sales and marketing strategy, strategic planning, facilitation."
Knowledge Society,206,103,"Elena Douglas(Founder, Chief Executive)",2015,,,Education,1,9,,"Knowledge Society is a social purpose…Knowledge Society is a social purpose organisation that works with education systems to design and deliver school improvement programs.

We believe school improvement, informed by the best evidence, is the most powerful lever to improve education and life outcomes for the nation's young people.","Catholic Education Western Australia, Catholic…Catholic Education Western Australia, Catholic Education Canberra Goulburn, Department of Education WA, Melbourne Archdiocese Catholic Schools, Catholic Education Sandhurst",,1,,,Yes,Help schools and education systems improve…Help schools and education systems improve student outcomes.
Viridian Advisory,30,,Suna Cavanagh(Regional Head WA/SA),2017,,,,43,43,,,,,,,,Yes,Financial planning and wealth management
Wolfpack Global,204,125,Mark Jackson(Founder),2015,,,All,2,2,,,,100%,1,n/a,,Yes,Facilitation of peer support and peer learning…Facilitation of peer support and peer learning for groups of business owners. Group coaching.
Acuitus,223,209,Scott Vanson(Principal),2012,,,Property,1,1,,Property,Lendlease,100%,1,$120 - $220,,Yes,"Property - development management, commercial…Property - development management, commercial property analysis, new business."
Ascend 7,147,143,"Rox Dawson(Founder, Managing Director)",2009,,NFP,"Energy and resources, financial services,…Energy and resources, financial services, government, education, engineering, construction, manufacturing, wholesaling, retailing, not for profit",NFP,NFP,50%,"Digital transformation, digital marketing,…Digital transformation, digital marketing, eBusiness, online management systems, ecommerce, online stores, product information management, content management systems (CMS), business process reengineering, project management, Virtual CTO (vCTO)","HWE, AIMWA, Iluka, BHP Billiton, UWA, ENJO,…HWE, AIMWA, Iluka, BHP Billiton, UWA, ENJO, PANDORA, Abel McGrath, FMG, Sustainability, Comsupply, Managed IT, Hall Chadwick, Accounts Flow, Enware, Watts Water, Ultramax, Teak, Castech Solutions",50%,1,$100-$500,,Yes,"Digital transformation, digital marketing, online…Digital transformation, digital marketing, online management systems, ECommerce, product information management, software development, project management"
Lisle Group,218,206,"Trent Lisle(Founder, Principal)",2020,,,"Resources (mining, oil & gas), Mining Services,…Resources (mining, oil & gas), Mining Services, Energy, Infrastructure & Utilities.",1,2,,,,,1,,,Yes,Financial advisory
Birch Advisory,225,106,Andrew Birch(Executive Director),2009,,,,NFP,NFP,,"Corporate Advisory & Finance, Business Turnaround…Corporate Advisory & Finance, Business Turnaround, Restructuring and Safe Harbour, Transformation and Strategy",,100%,1,,Holand Family Trust,Yes,"Management, financial and strategic consulting…Management, financial and strategic consulting services"
Proven Project Management,86,53,"Greg Rowe(Founder, Director)",2015,,,Property and Construction,17,22,,Project Management,"Curtin University, DevelopmentWA, Perth Airport,…Curtin University, DevelopmentWA, Perth Airport, Indigenous Land and Sea Corporation (ILSC), M/Group, Avolta",100%,1,,Greg Rowe Pty Ltd,Yes,"Project Management, Superintendency, Design…Project Management, Superintendency, Design Management"
Taits Consulting,208,,Alan Tait(Managing Director),2017,,4,"Mining, Transport, Utilities, Construction",1,4,,"WHS Legislation Compliance Audits, Safety…WHS Legislation Compliance Audits, Safety Leadership Training & Coaching, Critical Risk Management, Mine Safety Management System Development & Audits, WHS Management System Development & Audits, Contractor Management","BHP, Deloitte, dss+, Rio Tinto, Perenti,…BHP, Deloitte, dss+, Rio Tinto, Perenti, Kimberley Mineral Sands, Wyloo, Pilbara Minerals, Foraco",100%,1,,,Yes,Safety Consulting (Mining and General).
YouGov,61,152,Claudia Readett(Office & Facilities Coordinator),2000,2,NFP,"Energy, finance, health, insurance, property,…Energy, finance, health, insurance, property, aged care, government, local government, sport, tourism, utilities, building and manufacturing, FMCG",NFP,NFP,,"Brand and communication development and…Brand and communication development and evaluation, corporate reputation measurement and stakeholder consultation, New product and service development and evaluation, EX, CX and UX evaluation, Industry intelligence, behavioural data aggregation and analysis.","Western Power, Synergy, Kleenheat, Department of…Western Power, Synergy, Kleenheat, Department of Premier and Cabinet, Harvest Road (Harvey Beef, Leeuwin Coast), Squadron Energy, Mineral Resources, Venues Live (Optus Stadium), Horizon Power, Energy Policy WA, Independent Living Assessment.",100%,1,Variable,YouGov,Yes,"Marketing consulting, market research, brand and…Marketing consulting, market research, brand and communications tracking, data integration and evaluation."
Turner & Townsend,13,13,"Matt Billingham(Operations Director, ANZ)",2001,10,15,"Mining, energy, infrastructure, building.",145,160,,"A global professional services provider that…A global professional services provider that supports organisations that invest in, own and operate assets.","We work across the natural resources, property…We work across the natural resources, property and infrastructure sectors. In WA, our clients include Rio Tinto, BHP Billiton, FMG, Roy Hill, Chevron, Woodside, Shell, PTA, METRONET, MRA, BMW, Brookfield, Dexus, NAB, AMP, Woolworths and CSIRO.",100%,1,,Turner & Townsend Pty Ltd,Yes,"Project services, project management, cost…Project services, project management, cost management, quantity surveying, project controls, estimating, scheduling and planning, PMO, risk management, contract services, claims management, contract management, consulting and advisory."
IPS Management Consultants,44,41,Katina Law(IPS Director),2015,2,5,"Agriculture, Mining, Construction, Manufacturing,…Agriculture, Mining, Construction, Manufacturing, Energy, Transportation, Telecommunications, Pharmaceuticals, Chemicals, Textiles, Financial Services",50,70,10%,Management consulting,"Services Australia, Department of Finance, ACSQHC…Services Australia, Department of Finance, ACSQHC, DEWR, Main Roads, METRONET, NAB, Multiplex,",90%,5,Various at different levels,,Yes,"Management consultancy, human resources, business…Management consultancy, human resources, business advisory, organisational development and leadership, policy and evaluation, First Nations advisory, cultural competency training, RAP, workforce solutions, project services"
Longreach Business Consulting,,,,,,,,,,,,,,,,,Yes,
Paywise,43,37,Frank Agostino(Chief Executive Officer),1997,3,,"State Government, Local Government, IT, …State Government, Local Government, IT,  Shipbuilding, Energy, Health, Fishing, Tech, Oil and Gas, Marine",25,91,,Salary Packaging and Novated Leasing.,"WA Government, Curtin University, Uniting Limited…WA Government, Curtin University, Uniting Limited, Pathwest, Barminco, NES Fircroft, Notre Dame University, Austral Ships, Woodside, NT Government, WALGA.",,1,,COG Financial Services Ltd,Yes,"Salary Packaging,
Novated Leasing,
Employee…Salary Packaging,
Novated Leasing,
Employee Benefits."
LRY Group,,,Lavin Raja-Yogam(Group Managing Director),2009,,,,,,,,,,,,,,
Toro Engineering,,,"Vaughan James(Founder, Director)",2020,,,"Resources, renewables, non-process infrastructure…Resources, renewables, non-process infrastructure and industrial",8,13,,Civil / Structural Engineering,,,1,,,Yes,Engineering
GHD,2,1,"Sheldon Krahe(General Manager – Western Australia Region, Executive Director)",1975,43,,"Asset intensive industries - private sector,…Asset intensive industries - private sector, public sector, transport, water, property and buildings, environment, mining, industry, oil and gas.",NFP,874,20%,"Multi-disciplinary engineering, technical,…Multi-disciplinary engineering, technical, digital, environmental and project management services.","BHP, Main Roads WA, Copenhagen Infrastructure…BHP, Main Roads WA, Copenhagen Infrastructure Partners, Water Corporation, Alcoa, Fortescue, Western Power, Horizon Power, Rio Tinto, Synergy, Rio Tinto, Western Power, Port Authorities.",80%,5,Varies,GHD Group Limited,,"Engineering (water, energy, environment,…Engineering (water, energy, environment, resources and property and buildings), Infrastructure Investment and Economics, Transactions Advisory and Business Cases, Asset Management, Risk, Assurance and Regulation, Digital Twins, Infrastructure Cybersecurity, Digital Engineering, Smart Cities and Innovation, Sustainability (including ESG, Decarbonisation and Circular Economy, EIA)."
Scyne Advisory,20,,"Iara Morris(Managing Director, WA Lead)",2023,8,,Public sector and government agencies in…Public sector and government agencies in Australia.,90,90,,"Supporting public purpose organisations to build…Supporting public purpose organisations to build more resilient, secure, equitable and prosperous communities. Scyne is conflict free from the for-profit private sector, with rigorous governance and accountability frameworks and ethical standards.",,,1,,,Yes,"Strategy & Transformation,
Finance,
Risk &…Strategy & Transformation,
Finance,
Risk & Cyber,
Data & Digital,
Infrastructure & Property"
Plexus Global Consultants,,,,2006,,,,,,,,,,,,,,
Fitzpatrick & Co Advisory,,,,2022,,,,,,,,,,,,,,
Consilium Corporate,,,Ranko Matic(Managing Director),,,,,,,,,,,,,,,
Saferight,,,Mack McCormack(Managing Director),1990,,,,,,,,,,,,,Yes,
Entrepreneurs in Residence,193,,Greg Riebe(Executive Director),2000,,2,,2,2,,"Entrepreneurs in Residence Pty Ltd (eir) unites…Entrepreneurs in Residence Pty Ltd (eir) unites leading experts and
industry practitioners with early-stage businesses to transform, scale and sustain innovative-driven ventures.",,,,,,Yes,"ScaleUps (innovation-driven SMEs):
- Scale-Ready…ScaleUps (innovation-driven SMEs):
- Scale-Ready Diagnostic 
- Strategic Positioning for Investment and Harvest
- Export Market Readniess
- Business Transformation 
- Advisory

StartUps:
- Commercialisation
- Investment Readiness Diagnostic (Investor-Venture Fit)
- Mentoring

Capital & Finance: 
- Angel Investors
- Equity Crowdfunding
- Venture Capital"
Lime Theory,144,,"Matt Neil(Director, Principal Consultant)",2019,,,"Mining, education, government, construction,…Mining, education, government, construction, engineering",4,10,,,,,1,,,Yes,"Business intelligence, data analytics, IT, data…Business intelligence, data analytics, IT, data platform, management consulting, Power BI"
Bailey Abbott Group,,,Glen Appleton(Managing Director WA),2020,,,,,,,,,,,,,,
EMJ Consulting,192,128,Melanie Grohovaz(Director),2013,,5,All,NFP,NFP,50%,Insolvency Service,Please enquire with Directors,50%,1,$650,,Yes,"Corporate Restructuring through formal insolvency…Corporate Restructuring through formal insolvency appointments or informal debt arrangements.
Insolvency appointments including Liquidation, Small Business Restructure, Voluntary Administration and Receivership.
Advisory services to directors and/creditors when dealing with other insolvency practitioners for e.g. where the directors appoint and administrator."
KPMG,8,8,"Trevor Hart(Partner of Audit & Assurance, Global Head of Mining, WA Chair)",1907,13,,"Oil and gas, energy, mining, renewables, water…Oil and gas, energy, mining, renewables, water and electrical utilities, education, defence, defence services, infrastructure, government & healthcare, power & utilities, financial services, industrial markets, consumer markets.",206,610,,,,,1,,,Yes,"Analytics, information & modelling, business…Analytics, information & modelling, business transformation, customer & operations, demographics, economics, financial management, people & change, policy, programs & evaluation, strategy, technology, actuarial, board advisory, climate change & sustainability, financial risk management, forensic, internal audit risk & control, social media intelligence, infrastructure & asset advisory, cyber & digital."
McGrathNicol,39,28,"Rob Kirman(Partner, Restructuring )",2004,6,,"Mining services, resources, agriculture, property…Mining services, resources, agriculture, property and construction, retail, transport, manufacturing, infrastructure.",31,45,,Advisory and Restructuring,,,1,,,,"Forensic, governance, risk & compliance, strategy…Forensic, governance, risk & compliance, strategy and business improvement, technology and transactions."
FTI Consulting,84,77,"Stuart Downes(Managing Director, Construction, Projects )",1982,4,NFP,"Construction, oil and gas, mining, shipbuilding,…Construction, oil and gas, mining, shipbuilding, agriculture, healthcare, technology, contracting, manufacturing, transport & logistics, retail.",NFP,NFP,,"Disputes & Advisory, Strategic Advisory &…Disputes & Advisory, Strategic Advisory & Management Consulting, International Arbitration, Asset Management, Portfolio, Program & Project Management, Technology Enablement & Data Intelligence.","WA Health, St John of God Health Care, Sara Lee,…WA Health, St John of God Health Care, Sara Lee, Sun Cable Services Australia Pty Ltd, Energy Co",100%,1,Variable,,,"Strategic Communications, Corporate Finance and…Strategic Communications, Corporate Finance and Restructuring, Construction Projects & Assets, Economic and Financial Consulting, Healthcare & Human Services, Forensic & Litigation Consulting."
Component6,,,,2003,,,,,,,,,,,,,,
AGuyIKnow,,,,2015,,44,"Mining, Government, Oil & Gas, Defence,…Mining, Government, Oil & Gas, Defence, Engineering",NFP,15,,AGuyIKnow is a technology company that provides…AGuyIKnow is a technology company that provides muti-tiered Training Solutions.,"BHP, CBH, Coles, Rio Tinto, TedxPerth, ASC, CEWA,…BHP, CBH, Coles, Rio Tinto, TedxPerth, ASC, CEWA, Core Lithium, Energy Queensland, South32, UWA, Dart Institute, ASC, Relationships Australia, St John, Titles Queensland, Anindilyakwa, EpilepsyWA",36%,,,,Yes,"Managed Services, Learning Architecture, Project…Managed Services, Learning Architecture, Project Management"
Accenture,4,3,"John Pascoe(Managing Director, Perth Clients & Energy)",2007,6,50,"Energy, oil & gas, mining, utilities,…Energy, oil & gas, mining, utilities, infrastructure, manufacturing, health and public service.",NFP,450,40%,"Consulting, Technology, Industry X for WA.","All tier 1 mining and energy clients, key WA…All tier 1 mining and energy clients, key WA branded clients.",60%,2,$100-$1000+,Accenture International Limited,Yes,"Strategy, consulting, digital, technology,…Strategy, consulting, digital, technology, industry X, digital marketing and operations/outsourcing."
Hewshott,156,,"Peter Hunt(Founder, Group Chief Executive, MD for Australia)",2002,,,,5,7,,"Independent consulting - acoustics, IT, audio…Independent consulting - acoustics, IT, audio visual, Theatre",,,1,,,Yes,"Acoustics, ICT, Theatre, Audio Visual"
Alphabiz Solutions,53,47,"Shadi Kheder(Director, Business Development)",2009,1,5,"Manufacturing, METS, Job & Service Management,…Manufacturing, METS, Job & Service Management, Wholesale & Distribution, Retail, Not-for-Profit.",20,25,25%,"ERP: business management systems, payroll & HRM…ERP: business management systems, payroll & HRM systems, business intelligence, software development.","Peel Mining, Ross North Homes, Work Clobber,…Peel Mining, Ross North Homes, Work Clobber, British Sausage Company, Playgroup WA, Aboriginal Legal Service, Adventure World, LTR Medical, Work Clobber, Ross North Homes, Peel Mining, Stefani.",75%,1,200,,Yes,Information Systems - ERP & Payroll Systems…Information Systems - ERP & Payroll Systems. Software Development. Business Intelligence Development. Software Consulting & Project Management.
Interfuze,58,107,,2018,,,"Health, Mining, Government, Insurance,…Health, Mining, Government, Insurance, Infrastructure, Energy",20,22,30%,"We’re a technology consultancy that prides…We’re a technology consultancy that prides ourselves on providing the best fit solution to your business and needs, via  the pragmatic application of proven emerging technologies. With seven years of consistently high ratings from our quarterly client surveys backing our 'quality' moniker.  We aim to providing businesses with real value, and getting that value to you as early as possible.  

Interfuze is able to support you at any point on your digital journey, from high level roadmaps, solution & data architecture, advice on SaaS solutions, writing custom code to integrate or build what you can't buy (putting the 'Inter' and 'fuze' into Interfuze)  and creating insightful reports over data that we can set up to be well governed, all delivered in a commercially pragmatic manner aligned to your core business via our team of PM's and BA's.","Rio Tinto, Fortescue, WAPHA, East Metropolitan…Rio Tinto, Fortescue, WAPHA, East Metropolitan Health Service, Keystart, Arc Infrastructure,",100%,1,,Interfuze,Yes,"Microsoft Gold Partner & Atlassian Gold Partner. …Microsoft Gold Partner & Atlassian Gold Partner. 
Digital transformation, digital strategy, enterprise architecture, solution architecture, data governance and architecture, systems integration, custom application and integration development, Azure Cloud Solutions & DevOps. Microsoft PowerPlatform solutions. Atlassian Platform implementations (project & portfolio management, service desks, business processes). All underpinned by Agile delivery. IT Business Analyst, Project Management and Change Management delivery services. Business Process Improvement and Workplace tools."
Visagio,17,16,"Monique Mattos Vimercati(Managing Partner, Director)",2011,4,,"Mining, oil and gas, agribusiness, banking,…Mining, oil and gas, agribusiness, banking, education, government, retail, not-for-profit, transport/logistics.",140,150,,"Management consulting, technology consulting.","Alcoa, Anglo American, BHP, Fortescue, Goldfields…Alcoa, Anglo American, BHP, Fortescue, Goldfields, Hancock Iron, Pacific National, Rio Tinto, WA Government, Wesfarmers, The Kids Institute",100%,1,,,Yes,"Management and technology consulting - AI,…Management and technology consulting - AI, business and digital transformation, advanced analytics, operations research and management sciences."
Deloitte,3,2,"Tim Richards(Managing Partner, Western Australia )",1891,8,,"Energy and resources, financial services, public…Energy and resources, financial services, public sector, health, utilities, manufacturing.",637,882,,"Strategy – growth and transformation, Analytics…Strategy – growth and transformation, Analytics and Cognitive, Digital Customer and Marketing, Platform Engineering, Business Operations, Human Capital, Actuarial, Technology Strategy and Transformation, Enterprise Technology, Finance and Performance.  We also offer a full suite of digital services, covering digital strategy, user experience, content, creative, engineering and implementation across mobile, web and social media channels.",,,1,,,,"Strategy – growth and transformation, Analytics…Strategy – growth and transformation, Analytics and Cognitive, Digital Customer and Marketing, Platform Engineering, Business Operations, Human Capital, Actuarial, Technology Strategy and Transformation, Enterprise Technology, Finance and Performance.  We also offer a full suite of digital services, covering digital strategy, user experience, content, creative, engineering and implementation across mobile, web and social media channels."
First Focus,100,73,Neil Smith(Chief People Officer),2003,5,20,All industries,7,30,,,,,1,,,,IT Consulting
JourneyOne,11,11,Charandeep Chhabra(Chief Executive),2010,1,10,"Mining, oil and gas, health, education,…Mining, oil and gas, health, education, government, insurance, not-for-profit, utilities, banking and finance, transport, startups",155,155,10%,"JourneyOne is a team of business and technology…JourneyOne is a team of business and technology consultants who combine strategy, technology, and human insight to deliver lasting transformation. Services include advisory, strategy development, enterprise and solution architecture, cloud-native software development, cloud platform implementation, complex program/project execution and agile delivery. JourneyOne is an AWS and Microsoft Partner.","Woodside; Fortescue; Arc Infrastructure; BHP;…Woodside; Fortescue; Arc Infrastructure; BHP; Murdoch University; Department of Health; Department of Finance; Department of Mines, Industry Regulation and Safety; Australian Energy Market Operator; AFG",90%,1,,,Yes,"Digital and IT strategy, advisory, architecture,…Digital and IT strategy, advisory, architecture, digital transformation, project execution, software development, agile delivery."
iCatalyst,33,,,2021,3,17,,34,41,40%,"Microsoft Business Applications advisory,…Microsoft Business Applications advisory, implementation, delivery and on-going support services","Western Australia Return Recycle Renew Limited …Western Australia Return Recycle Renew Limited (WARRRL), Scitech, Helloworld, Progility Global, ECA WA, Gold Educational Tours, Catholic Education WA, Inflatable Packers International, ICON Engineering",60%,1,,,Yes,"ERP Implementation, CRM Implementation, Cloud…ERP Implementation, CRM Implementation, Cloud Transformation, IT Consulting, Digital Transformation"
