Commodity_neo4j_id,dim_0,dim_1,dim_2,dim_3,dim_4,dim_5,dim_6,dim_7,dim_8,dim_9,dim_10,dim_11,dim_12,dim_13,dim_14,dim_15,dim_16,dim_17,dim_18,dim_19,dim_20,dim_21,dim_22,dim_23,dim_24,dim_25,dim_26,dim_27,dim_28,dim_29,dim_30,dim_31,dim_32,dim_33,dim_34,dim_35,dim_36,dim_37,dim_38,dim_39,dim_40,dim_41,dim_42,dim_43,dim_44,dim_45,dim_46,dim_47,dim_48,dim_49,dim_50,dim_51,dim_52,dim_53,dim_54,dim_55,dim_56,dim_57,dim_58,dim_59,dim_60,dim_61,dim_62,dim_63,dim_64,dim_65,dim_66,dim_67,dim_68,dim_69,dim_70,dim_71,dim_72,dim_73,dim_74,dim_75,dim_76,dim_77,dim_78,dim_79,dim_80,dim_81,dim_82,dim_83,dim_84,dim_85,dim_86,dim_87,dim_88,dim_89,dim_90,dim_91,dim_92,dim_93,dim_94,dim_95,dim_96,dim_97,dim_98,dim_99,dim_100,dim_101,dim_102,dim_103,dim_104,dim_105,dim_106,dim_107,dim_108,dim_109,dim_110,dim_111,dim_112,dim_113,dim_114,dim_115,dim_116,dim_117,dim_118,dim_119,dim_120,dim_121,dim_122,dim_123,dim_124,dim_125,dim_126,dim_127
commodity_1,-0.05729614,-0.05024816,-0.18868403,-0.03832632,-0.1544179,-0.1436335,-0.115184784,-1.0223173,0.16134284,-0.27380955,-0.0390619,0.014219265,-0.120459124,0.19314085,-0.8397367,0.06625241,-0.036674276,0.057844866,-0.24167342,0.07806355,-0.13764007,-0.142549,-0.11914199,-0.2986351,0.056174193,-0.073854744,-0.13576666,-0.45639488,-3.2361767,-3.015386,-0.13731691,-0.09406571,-0.92581177,0.04943915,0.16605455,0.07839688,0.018561639,0.015325274,0.09237693,-0.045504563,0.027562633,-0.019988343,0.22639151,-0.22838935,-0.18273783,-0.069945,0.20721437,0.02791141,-0.05181967,-0.15477997,0.29088914,0.27755296,0.0019135033,-1.156123,0.03083729,-0.1361837,-0.33603665,-0.20713857,0.11205282,-0.1319911,0.10808013,-0.04960136,-0.091983475,-0.031092467,0.20370464,0.061126787,0.08262233,0.18114078,0.35363856,-0.11146739,0.3156882,-6.479672,0.033818703,0.4521246,-0.09204126,-0.1946241,-0.057615913,-0.12416635,0.28156483,-0.03735355,0.40542662,-0.20368598,-0.011835558,0.32940787,-0.15414926,0.17682332,-0.035058685,0.2111106,0.0056081647,-0.24336188,-0.030264733,0.1435415,-0.34549907,-0.008275746,0.020933604,-0.1218678,0.015623007,0.05788272,-0.084713615,0.1364379,0.05811516,-0.059548587,-0.038816433,0.03745266,0.010571197,0.089884795,0.28097957,0.05504533,-0.2553402,-0.015022436,0.18899086,-0.043018702,-0.16178547,-0.2026534,-0.04792902,0.39518076,0.24272124,0.01179534,0.22664586,-0.07016049,-0.15424006,-0.11511924,0.1393647,-0.121465705,0.11307895,0.26551807,-0.091813445,0.072181664
commodity_2,0.1453766,-0.104540505,0.0071577993,-0.021550218,0.027768994,0.21881883,0.014608794,0.10108595,0.14285849,-0.041745238,0.07709335,-0.030079834,-0.046921115,0.016228214,-0.34058422,0.015944846,-0.014443322,-0.16814376,0.12480521,0.11220505,0.042728264,0.066126935,-0.08620878,-0.18122111,0.10721649,0.09064942,0.060594477,0.04699231,0.061536144,-0.15865926,0.07218538,-0.075755544,0.17233571,-0.07039787,-0.030393649,0.07045137,0.0023545753,0.1526688,-0.09494872,0.0789324,-0.06526824,0.04718801,-0.14200544,0.021121249,-0.056062065,0.33017823,-0.04550883,-0.17929478,-0.16194883,-0.102440394,-0.13806696,-0.014351679,0.046511516,-0.26236677,0.007972864,-0.019517897,-0.18433106,-0.050793964,-0.14947364,0.046603546,-0.033944845,-0.10332118,0.071020894,0.010587771,0.02337844,0.01077558,-0.12957698,0.1218468,-0.06749612,0.06586297,0.019160766,0.24018323,-0.16413915,0.09544578,0.13080978,0.03858475,0.06359229,0.14481086,0.10134337,-0.09420809,-0.28218752,-0.09285826,-0.16658717,-0.15326987,0.0217651,-0.012532027,-0.08815807,-0.01506046,-0.03357358,0.07961097,0.094333835,-0.021678533,-0.057382733,0.040477317,-0.120210156,0.05440721,-0.05480144,0.00953765,-0.25859964,-0.08940842,0.15905851,0.020467732,-0.07036349,-0.102040485,0.0044713644,0.108279385,0.09477814,-0.0063588577,0.07581332,0.07584364,0.028149415,0.09275908,-0.45760268,-0.06316999,-0.020622665,0.08624268,-0.031816535,0.07906181,-0.1367865,-0.16950855,-0.039112113,-0.13116744,-0.07185278,0.022231622,-0.1504027,-0.036388583,0.19679974,0.035537716
commodity_3,-0.0505027,0.14518069,-0.09061632,-0.12931542,-0.012195215,-0.015558406,0.038279705,-0.44285148,-0.11713334,0.11705974,0.13280423,0.12297161,-0.048468053,0.04324801,-0.069142714,0.011841342,0.1404884,0.022089235,-0.14915319,-0.10539332,-0.07281644,-0.10959714,0.22259058,-0.014531815,-0.2843882,0.04047876,-0.09092121,0.07361344,0.020821244,0.06675249,0.06587011,0.024506088,-0.21970002,0.026319977,0.027272271,-0.15704165,-0.13762209,-0.042980287,0.093466006,-0.12847477,-0.018925805,0.10656138,0.16790386,0.18281789,0.054036073,0.025323866,0.011320441,-0.17043456,-0.023463305,0.24101146,0.16994424,0.02794534,-0.30491558,-0.008247577,0.00417394,0.08630809,-0.0219374,-0.03538881,0.008817029,-0.12834004,-0.1683034,0.22425641,-0.15007311,0.13216595,-0.1563751,0.09685784,0.10214431,-0.26106575,-0.11448762,-0.17681184,0.062507205,0.36449325,0.17659189,-0.006890605,0.110939875,-0.26025292,-0.20162824,-0.12833622,-0.48137683,0.23878665,0.15742606,-0.0058054393,0.053849194,0.050697602,-0.0832113,0.060839847,0.07792857,-0.043250658,0.15995878,0.014557427,-0.15544873,0.09117883,-0.24045679,-0.02781695,0.07046131,-0.19126584,0.049652096,-0.0142953675,-0.16834667,0.08574661,0.022360126,0.08783015,0.040643465,0.05478056,-0.030358795,-0.09616484,-0.0503556,0.0750516,-0.0005481786,0.1804184,-0.040758662,0.045377076,0.34095436,-0.005373731,-0.0051350794,0.043487098,-0.14838007,-0.011029211,0.26427898,0.103112794,-0.059192058,0.24253607,0.10991065,0.1761592,0.11216158,0.06854001,-0.18640758,-0.11359429
commodity_4,0.06551084,-0.15714002,-0.027300615,-0.01133774,0.018583355,0.12967087,0.053250395,-0.15808946,0.11180994,-0.072815776,-0.106782034,-0.04187625,-0.14642334,0.09817671,0.17159007,0.049387373,-0.07472813,0.12808481,0.025152635,-0.097568974,-0.007752094,-0.024439897,0.025898084,0.19388519,0.036056917,-0.054468077,0.02989788,-0.29398462,0.21579452,0.08777033,-0.13452671,0.054413933,0.41131404,-0.14241807,0.18861678,0.16508281,-0.14592078,-0.07595813,-0.049242888,0.013350017,-0.14442644,-0.13259986,-0.05741524,-0.079527624,0.045346875,0.0056196046,-0.024732322,-0.16204649,-0.043745793,-0.025433991,-0.020915033,0.09426033,0.029748416,0.16703738,-0.012024093,0.008710878,0.017712262,-0.05242234,0.07403307,-0.06802546,-0.23116527,-0.13837385,0.10422445,-0.0639234,0.11774315,-0.11391439,0.052801672,0.01437329,0.2525056,0.11441079,0.048073146,0.18917835,0.036726568,-0.27088666,-0.019482661,0.06952308,0.060572833,-0.04164572,0.0881346,-0.001445014,-0.015819551,-0.69001615,0.07421126,0.15313764,0.08728159,0.064191334,0.0058312756,0.15608077,-0.052412376,-0.19268264,-0.047804873,-0.03290068,-0.025562942,0.004980395,-0.21073139,0.19417743,0.09466232,0.053830393,-0.028793521,0.061828148,-0.053284258,-0.010022655,-0.11916911,0.09707878,-0.05744321,-0.11851057,-0.112432376,0.02471447,-0.113292165,-0.2977229,0.062138002,0.038342506,-0.18806456,0.083046705,0.12995392,0.060782023,0.026639417,0.0825491,-0.040896118,0.07590235,-0.2449883,-0.049070638,0.05325393,0.027101927,0.20439047,-0.1335069,0.057440206,0.07532244
commodity_5,-0.11761241,-0.09996529,-0.043519333,-0.07121773,0.009215677,-0.11126062,0.056252345,-0.18873313,-0.16991164,0.019306567,-0.09914687,0.041495945,-0.031760756,0.12297501,-0.49278852,-0.055031862,-0.053318083,0.016515108,-0.05523815,-0.038845707,0.025155367,0.1526324,-0.100583345,-0.15062532,-0.08340375,0.014165956,-0.0018704791,0.10791746,0.34758335,0.03634465,-0.07608831,0.2567641,-0.30376098,0.062903486,0.010882024,-0.09707943,-0.0004357046,-0.020054812,0.08348533,-0.043846514,-0.14011063,-0.08305903,0.07200582,-0.016476834,-0.011578266,0.1513332,0.15370838,0.62957025,-0.039941233,-0.034525253,0.20071384,-0.2115434,-0.067764625,0.18840906,-0.075633526,0.06787794,0.10784949,-0.08842871,0.051715195,-0.01967978,-0.16537878,0.093411505,0.31426907,-0.16873595,0.1521083,-0.018603796,-0.024990018,0.06979775,0.07911571,0.061123002,-0.028455602,0.18182604,0.10343326,0.0021963688,-0.18124168,-0.09402337,0.035052378,0.052462257,-0.04294489,0.08575576,0.0090269875,0.12327378,-0.0459378,0.02674471,-0.12555432,0.059604798,0.10698535,0.11850141,-0.077800624,0.09739209,0.16338661,0.17095904,-0.22830017,-0.16750592,-0.028068751,0.10303182,0.104895994,-0.07363464,-0.07059317,0.33734795,0.07863493,-0.07072668,0.02450357,-0.065922156,0.060885772,-0.16290465,0.09304633,0.06609531,-0.2218425,-0.3635593,-0.052568205,0.043316677,-0.16131215,0.051388066,0.08386688,-0.06124618,0.043474425,-0.035920355,-0.03532589,0.067598864,0.21098389,-0.0116624925,0.009335145,-0.1865527,0.027532455,-0.01751425,-0.13463485,0.08543346
commodity_6,-0.017392276,-0.6884566,-0.35265133,-0.20074895,-0.6863632,0.17016529,-0.15138958,0.8058496,0.49512762,0.2967587,0.40011606,0.59556645,-0.14337696,0.4766895,0.9554806,1.2513946,1.1587298,1.5857754,0.07231805,-0.10134904,1.2446847,0.08896331,-0.8719463,-0.22446342,-0.53311306,0.7313783,-1.3928583,-0.2652474,-0.24858125,-0.113543734,0.4287821,-0.14251004,0.0515357,0.26165977,0.3164964,-0.7242843,1.2205821,0.2183735,-0.79371285,1.1894374,0.45221967,2.00895,0.9690491,0.9967383,-0.88158625,-0.914986,-0.027139226,0.46991983,0.871914,-0.94124824,0.58721215,-0.38995886,-0.3378588,-0.73860085,0.567764,0.012544796,0.38880876,0.21575762,-0.92504174,0.77204543,0.27510312,-0.54060936,-0.8513386,0.6261357,-0.7438766,-1.692723,-0.34301665,-0.89241713,-0.9649772,0.19658697,0.7541159,-0.10207123,0.20977607,-0.37689772,1.8915738,0.8481599,-0.8077701,0.80327153,-0.2474504,-0.26499832,0.9187885,0.29595742,0.13427764,0.1802773,-0.167947,0.67491126,-0.7100913,-1.1983703,0.06197473,1.0593662,-0.44699085,1.6843817,0.54046184,-0.06293512,1.754926,0.70225304,-0.60992724,0.31256947,-0.11777069,0.06843013,0.047931876,-0.44532794,1.1010499,-0.16504432,1.347494,0.40836897,0.6541896,-0.26088393,-1.7848257,0.7941054,1.1088842,-0.5068871,0.42730188,0.7110884,-0.56571364,0.41130707,-0.869776,1.2740356,0.9842431,-0.47467828,0.52456033,0.3929125,-0.4959891,0.01934195,-2.762124,-0.16775936,0.62542,-0.026222866
commodity_7,-2.194629,1.3109622,-0.9347439,1.0147805,-0.1002334,-0.7894011,0.4593996,1.5566401,-0.92588276,-0.1601279,2.4988413,-0.75061476,0.2170755,-0.74212945,-0.67975456,-0.03644313,-0.4502372,0.40920213,-0.82418656,1.5093738,-0.23479363,0.17129548,1.5015212,0.8938799,0.4835541,0.6323875,-0.30895376,1.7636541,0.2546052,-0.66755575,-0.27376178,-0.8648762,-0.02668913,1.9605303,0.55467874,1.2888497,0.2150896,-0.10129813,0.91566676,-0.1623124,1.6025665,0.39379632,-0.7996435,-0.8833151,0.65049165,-0.3082087,0.5880346,0.5985664,-0.0072707506,1.2554231,-0.7864449,0.2481096,-0.4789173,0.038260974,0.03987581,0.2133768,-0.13776818,0.29027703,0.94652134,1.5146935,0.36172333,1.1370192,0.7172406,-0.76598215,0.32526618,2.0472088,-1.1459621,-0.077326156,-0.26025873,-0.5373115,0.95252997,-0.44602582,1.1858264,-0.99904263,-0.70139563,0.66330564,0.4391695,-0.16226669,0.5137054,-0.6335727,0.7981688,0.8101553,-1.7435434,1.2447046,0.45772606,-0.9280985,-1.4131403,0.22924975,-0.12159754,0.70255667,0.60449535,-0.50917596,1.7100784,0.40282443,-0.3494517,-0.969379,-0.42323416,-0.25439143,-0.19670716,-0.9372936,-1.1139109,0.438014,-0.10992699,-0.9099822,1.2991766,1.2481291,1.1403171,-0.14291354,-0.69267356,1.0689092,-0.24129933,-0.835535,-0.8718768,0.5735979,1.2876788,-0.33839184,0.34732202,-0.7131475,0.14675125,-0.850862,-1.3529857,1.5984309,-1.5140538,-0.43637106,-0.8869334,-0.98511845,-0.51010597,-1.0196407
commodity_8,0.9542052,1.1607761,-0.19901143,0.8599538,0.03015832,-0.53711134,-1.0841767,-0.4741016,1.4513944,-0.1871362,-0.5864674,0.5312805,0.67288864,-0.7830591,-0.19971195,-0.582504,-0.5636836,-0.9855189,-0.86571604,1.6709331,-0.36007077,0.9480031,0.24020779,-0.76517653,-0.3112809,-0.2981196,1.0942297,0.8893929,-0.60760146,-0.9215928,1.0301563,-0.012592374,-1.1156654,-0.66947454,-1.8746896,0.16661261,1.2165753,0.6614393,-1.0691823,-0.8442724,0.97129357,-1.0054044,0.22996219,-0.073770545,-0.66025805,0.70323914,0.16807702,-2.051015,0.07554017,-0.9587335,-1.2693697,-0.019026594,1.2904768,-0.2984101,1.7200899,-0.9964475,0.49418503,-0.8186635,-0.1450481,-0.92419887,0.6646412,1.1070684,0.20088187,1.1958827,-0.26145634,0.74438304,0.46075463,0.47846645,-0.17044403,-0.7928442,-0.18002398,0.59168684,-0.63763666,0.6694789,-0.211235,-1.9017812,-1.0512973,-0.36456615,-0.76573855,-1.1583514,0.48396975,1.8523645,0.04814744,0.096321106,0.5991916,0.3034199,-0.27903455,-1.4055885,0.1916236,-0.05466054,-1.0849103,-0.15750527,1.0462784,0.40981376,1.0281782,-0.41184917,0.62395984,1.2945102,0.37651938,-0.6263633,1.0064595,0.23496515,-0.4734346,0.50366056,-2.0373564,-0.18721421,-0.18539548,-0.05124919,1.3679179,-0.9063128,-1.5651698,0.14373203,-0.40013784,-1.4419776,-1.4118419,-0.20675287,0.026676228,-0.19391854,-0.036126096,-1.1970328,1.4590786,-0.45370874,0.43753734,0.510596,0.68603307,0.9007469,0.8696793,-0.38169834
commodity_9,-0.23846522,0.45400667,0.7337083,-0.24185656,0.10156695,-0.072542906,0.38610423,0.27143696,-1.2160171,-0.113099426,-0.3269037,0.24392082,-0.73261803,-0.048352215,1.0110434,-0.73272127,0.15587862,0.055856355,0.194156,-0.2010717,0.3633815,0.29594347,-0.5432035,0.1536724,-0.24309774,0.24702199,0.16564353,-1.1496024,0.038210586,0.18696778,0.46926206,0.07624248,0.77278125,-0.19694583,-0.4278385,-1.0377606,-0.26110342,-0.36659288,0.95197743,-0.058947936,0.63776594,0.3979218,0.036589287,0.35951304,0.175802,0.20952408,0.046517976,0.33226377,-0.07921859,0.16774322,-0.299942,0.54442346,-0.06747519,0.4633198,-0.065853424,0.16864258,0.24827702,-0.08593319,-0.5267916,0.124256015,-0.22088504,-0.12663645,-0.5919996,-0.04157765,0.24160029,-0.13147481,-0.23551746,-0.2783848,-0.6379349,-0.32414845,0.11977973,0.35564464,0.18500553,1.9305146,-0.29576018,0.06711563,0.32640427,-0.069834545,-0.35321882,0.41548312,-0.31381825,0.3191152,-0.5601299,0.011939953,0.34838262,-0.11377636,-0.020413475,-0.44130856,0.12972774,-0.016384594,0.16803783,-0.51774263,0.7847719,0.059803594,0.18226722,-0.2976852,-0.7655044,0.16415507,-0.38559484,0.1214819,0.2157719,0.22352162,0.37466076,-0.30231342,-0.2852705,0.25946116,0.44626498,-0.19352658,0.26617765,0.3220925,0.12851608,0.0791456,0.38549486,0.17672634,-0.6578306,0.4050421,-0.007812761,-0.20646575,0.34511575,-0.2904863,-0.0037964839,-0.14098892,-0.12200537,-0.5394685,1.0392334,0.032907475,0.035535272,0.075254574
commodity_10,0.3673859,-0.20437822,0.31015682,-0.14055017,0.14821114,-0.16496962,0.1299071,0.21115962,0.06902134,-0.21004546,0.2137465,-0.17266573,-0.22815645,-0.3160497,0.0014604277,-0.07023034,0.19384891,0.17347172,0.100834996,-0.22246595,-0.013897666,0.12111535,-0.1238837,-0.19621535,-0.11240096,-0.15380143,0.20763303,-0.13601099,0.12463893,-0.5902125,-0.37731504,-0.020359484,-0.008732604,0.23322785,-0.23877415,-0.2537472,0.05435401,0.11386315,0.055170488,0.07710414,0.11885908,-0.33291468,0.027709685,-0.13904338,-0.22550377,-0.16820313,0.104886994,0.14297342,-0.26455086,0.035178386,-0.05532392,0.27265188,0.059451915,-0.54158944,-0.120003335,-0.03026578,-0.31110948,0.11182037,0.16512476,0.2344471,0.37412956,0.027834134,-0.13443325,0.15630981,-0.11067492,0.1446775,-0.23906821,0.1367849,-0.26165262,0.33615592,0.55300933,0.17453173,0.2456042,-0.022698835,-0.028651726,-0.47424665,0.49150094,0.24234018,1.0563824,-0.15854116,0.4964016,0.09509907,-0.4590984,-0.35978547,0.18040231,-0.08202985,-0.0498419,-0.60676026,0.1362599,-0.25067982,-0.11889905,0.31810302,0.35780832,-0.1460633,0.19967924,-0.23501788,0.40732625,0.31771418,-0.14522369,0.33899108,0.49437913,-0.3007809,-0.23350452,-0.00920738,0.13936697,-0.18476652,0.13331246,0.09825566,-0.2759964,-0.058726463,-0.11904915,-0.24943893,0.34309658,-0.04146482,0.35151982,0.017899485,0.09382399,-0.21057487,0.1491228,0.54428905,0.25787553,-0.46896398,0.0021616716,0.042211413,0.13527842,0.54080766,-0.031808883,0.23276724
commodity_11,0.05413263,-0.8109241,0.082543984,0.9988129,-2.2492766,-0.06381576,-0.06517966,-0.43168816,-0.8838573,0.6078838,0.35957584,-1.3585999,0.14941815,-0.7933757,1.5995253,-0.2778055,-1.1697125,-0.7634554,-0.2923481,0.50786775,-0.63936865,1.2475929,-0.62227005,0.57586414,0.3852565,0.01576825,-1.0253041,0.17128932,-0.29535496,0.24970531,-0.44968793,-0.6051516,1.5483569,0.4135703,0.7816971,0.13995524,-0.43415162,-0.723019,-0.83803445,1.0408642,0.10068485,1.1026067,0.64017797,-0.000543698,-0.5983014,0.015877334,0.4518507,0.16460808,-1.3618764,-0.37842956,-0.6331403,-1.3141108,-1.3243656,-0.71076643,-0.23971443,0.27662987,-0.42919657,0.2022667,0.25930363,-0.6620772,-2.8700361,-0.6125112,-0.7305454,-0.9446805,-0.8030866,1.0710021,0.081341036,-0.48361796,1.3935446,0.027709486,0.27941912,-0.70467865,1.3165696,-1.0537162,0.3659585,0.4971495,-0.09541091,-0.33897826,-2.5822506,0.13277124,-0.2939899,0.29056293,0.46504235,-0.8142192,-0.5853636,0.2239282,0.7280205,-0.34787405,0.4818232,0.25975406,0.050284375,-0.7752962,0.6222146,-0.47208834,-0.27036986,-0.60173273,-0.0006755348,-0.14933042,0.026484622,0.5532723,0.5054544,-0.5274553,-1.2638046,-0.7136064,-0.69194454,0.75567204,0.9689777,1.1959531,0.76380336,1.2346944,-0.0003040078,0.022521377,-0.27391264,-1.731783,0.22641814,0.3966874,-0.4722111,-0.7707909,-1.0003343,0.7485298,0.13760148,0.615793,0.55476004,-1.1628273,0.18799284,1.3694859,0.8676655,1.2464828
commodity_12,-0.026106618,-0.078765795,-0.5069047,-0.6498503,-0.20544961,-0.06734802,0.15738253,0.0023533627,-0.2737835,-0.30968267,-0.09900691,0.038816243,0.3195981,-0.13420914,-0.14514299,-0.43398392,0.015882902,-0.10915762,-0.15071657,0.029869828,-0.3455094,-0.090989105,0.005478069,-0.1554077,-0.20992556,0.037383605,-0.14627932,0.4476404,0.05319912,-0.011735412,-0.20632406,0.41859582,-0.05172878,-0.07741014,-0.38852856,0.0094422465,0.18073513,-0.22815338,0.033680256,0.18405731,0.14068629,-0.12740621,0.34245285,-0.23365913,-0.0150121,0.6337072,-0.37993583,0.1350207,-0.23591694,0.03067149,0.16838618,0.3548546,-0.23154135,-0.21441874,0.1031359,0.2026976,0.01406158,-0.48281965,-0.07292245,0.13491137,0.39172798,-0.39746317,0.047868636,-0.05490348,-0.3047904,-0.1946715,0.04754117,0.5003735,-0.2270921,0.085873105,0.8162112,-0.33974364,0.14196944,0.051271744,-0.16447154,0.26299438,0.068342485,-0.18341884,1.090656,-0.0972763,0.47949135,0.17242992,-0.32349998,-0.2545612,0.44180104,-0.22775789,-0.15281524,-0.5282553,0.11324877,0.07671125,-0.43001404,0.09965694,0.1125718,0.004555427,0.04474657,-0.47256958,0.31457397,0.11052984,-0.44266602,0.2888538,-0.25454035,0.099070795,-0.11293318,-0.12888105,-0.16454056,0.019513045,0.07317336,-0.45846644,-0.4040046,-0.012652334,0.19756186,0.27728263,0.5412827,-0.18388431,-0.14794172,-0.20284608,-0.0081563005,-0.5736533,0.13732952,0.32176155,-0.15885523,-0.11033304,-0.20212038,0.14626633,-0.23767132,0.4876805,0.46391544,-0.16271551
commodity_13,0.13288079,0.032827772,0.18556063,-0.5244338,-0.29887405,-0.46257412,0.25716943,0.32692537,0.25998652,-0.16302596,0.08131795,-0.0042745504,0.18604194,-0.28055954,-0.24506713,-0.3315205,-0.00984063,-0.14745052,-0.15407863,-0.08691195,0.21089432,0.03823459,0.03007889,-0.010213587,-0.14852433,0.086091734,-0.074328706,-0.11161023,0.07191407,-0.5673633,-0.2566543,-0.1644671,-0.18946867,0.055456724,0.15562724,-0.086237565,0.19795175,-0.0537418,-0.10200606,-0.063159846,-0.013267156,-0.33366963,0.33879563,-0.22042513,-0.03913399,0.50160736,-0.2289336,0.06065997,-0.7900979,-0.034060884,-0.29084417,0.6528924,-0.19555223,-0.4231013,0.13328212,0.12182927,-0.042207424,-0.133504,0.35369897,0.11589062,0.32857135,-0.246253,-0.12630518,-0.19676414,-0.18139449,0.20857446,-0.17866994,0.11308925,-0.1885778,0.09524454,0.25869152,0.06541456,0.5572619,0.18274952,-0.106869645,0.38352925,-0.5398526,0.085207924,0.62689996,0.46069685,0.63305366,0.18514834,-0.029729437,-0.11911967,0.263357,-0.05845474,-0.0682405,-0.20192209,-0.003029226,0.4140188,0.07526121,0.15175135,-0.14852428,-0.008909663,0.5070653,-0.21485348,0.2205592,-0.08305128,-0.22671942,0.07695654,0.14469866,-0.0154872,0.5088308,0.009531497,0.2388829,-0.23057763,0.09087488,-0.04875398,-0.1267497,0.036299657,0.32504487,-0.13582203,0.61859816,-0.13782072,0.25379035,0.1491565,0.06629307,-0.023315677,-0.095062524,0.26186335,-0.2817673,-0.16721587,-0.024639871,0.12780455,-0.09690089,0.051741548,0.054101147,0.2045605
commodity_14,0.0388435,-0.20047541,-0.26541114,-0.11274131,-0.453929,-0.05011397,0.12984717,-0.11879248,-0.18483338,-0.2586355,0.25068384,-0.21267286,0.0905468,-0.20013091,0.02473052,-0.18250863,0.30580398,-0.05727756,-0.20253125,-0.09444493,0.017591156,-0.35206622,-0.063461594,-0.12005474,0.37141994,0.21337941,-0.43899775,0.07451928,0.10993969,-0.29021704,-0.47876912,0.06389731,0.10603228,0.20575987,-0.21651416,-0.29004163,0.48619735,-0.098377705,-0.088474944,-0.09290507,0.24812709,-0.17273755,0.28655338,0.23919323,0.1940229,0.17932928,-0.4147636,-0.14898455,0.36787704,0.08664388,0.29020357,0.28148356,0.0529723,-0.18742722,-0.1381991,-0.115743764,0.42504078,-0.29588312,0.8197448,-0.070112444,0.2932141,-0.16284826,-0.054887272,0.2456804,-0.08246535,0.2605411,-0.097786,0.26047203,0.047574457,-0.09362137,0.32518595,-0.480468,0.06531368,0.08045984,-0.26517376,-0.37358385,-0.54377013,-0.08422956,0.8176008,0.13458313,0.59680575,-0.17953366,-0.24486662,0.2903689,0.49893793,0.36204112,-0.08872172,-0.43721992,0.20740126,0.36422148,-0.13591948,0.08510409,0.16009511,-0.14465018,-0.21173333,-0.45386943,-0.123184666,0.008017461,-0.20424978,0.13540025,-0.007448365,-0.13697846,0.040358797,-0.29186302,-0.2772707,-0.20692024,0.2125399,0.35149777,-0.021181218,0.3338423,0.21511778,-0.025730634,0.47982815,-0.39738214,-0.13445227,0.21490681,-0.07255756,-0.42424145,0.07411735,0.11282312,0.40665716,-0.10099586,0.06544857,-0.11082745,-0.1974724,0.286017,0.21339272,0.28789777
commodity_15,0.06242522,-0.3163197,-0.20808505,-0.5300868,-0.29364687,-0.12316788,-0.065503135,0.07539873,-0.085963555,0.18895108,-0.17304689,-0.026679222,-0.2700486,-0.6537125,-0.370744,-0.28536585,0.0007691585,0.0135853775,-0.06842418,-0.026798312,-0.29005614,-0.16797164,0.014149926,-0.2178706,0.21663544,0.26379392,-0.3496235,0.26625553,-0.015661534,-0.24487136,-0.35783568,0.13780306,-0.094286926,-0.19899534,-0.0320967,0.106940545,0.05313817,0.16846323,0.026659887,-0.1257654,0.14130506,0.031348273,0.39280125,-0.09056806,0.011941052,0.4235456,0.31420287,-0.31353062,0.02149918,-0.012151245,-0.26799312,0.18365541,-0.21979234,-0.014156184,0.23520347,0.2757871,-0.20636223,-0.089654915,0.59330904,0.11683217,0.5148767,-0.29728284,0.044224627,-0.18753906,0.12554757,0.15941703,-0.44241765,0.3853408,-0.41320327,-0.3771203,0.36262134,-0.13795397,0.21937917,0.22925046,-0.101372294,0.106397875,-0.26397768,0.12304526,0.9949775,0.037947517,0.3456395,0.15926704,-0.064923726,0.27743235,0.5586772,0.39971688,0.3295204,-0.8061211,0.07801771,0.20645931,-0.019950325,0.2253179,0.2383154,0.107839935,-0.14413431,-0.5083424,0.2867927,0.1541525,0.09533925,0.15070184,-0.009060519,-0.41173688,0.15975946,-0.07525728,-0.08793438,0.17067504,0.0684265,0.16597359,0.13953516,-0.15120457,0.49453822,0.29511794,0.52488744,-0.2428235,-0.19336785,0.13475946,0.03336888,-0.13693506,0.06656545,0.54600614,-0.3309199,0.011789546,-0.14272392,-0.15281129,-0.3911878,-0.056665722,0.07714342,0.29581955
commodity_16,-0.18221672,0.11635769,0.06658217,0.31834328,-0.120725594,0.4518686,0.042249575,0.13191946,-0.2693387,0.21089496,0.1654675,-0.30021548,-0.12116731,-0.028900987,-0.3798246,-0.28899178,0.012645472,0.05299338,-0.57495993,0.007904773,-0.03758765,-0.14789441,-0.47932905,-0.0038443499,-0.38217738,0.037607793,0.5129299,-0.2665469,-0.08654335,-0.09861806,-0.25770593,0.29624736,0.031166114,-0.10052676,0.30212998,-0.040380105,-0.067594156,-0.20849362,0.038765755,0.007330846,-0.4392296,-0.099467315,-0.66962665,-0.2570473,0.012689821,0.048703358,0.21894805,-0.3189087,-0.05856963,-0.33232936,-0.10715741,0.089930885,0.10771498,-0.25748482,0.067739084,-0.5529125,-0.2172885,0.120227434,0.4713781,-0.0099279005,0.14271002,-0.16745588,0.12735537,0.46361145,-0.0068437485,-0.16019365,-0.037559953,-0.35060304,0.23533158,0.16039969,0.44057834,-0.1455666,-0.110716246,0.27235603,0.09856006,0.1358245,-0.0008518852,-0.5735927,0.41588783,0.25945288,0.08717831,-0.29164135,0.2636847,-0.14429843,-0.20651686,-0.3479921,0.39363006,-0.105579756,0.5514191,0.11273739,-0.26987642,-0.12580891,-0.20694712,0.054396898,0.23140562,-0.48164925,0.19160937,0.15023881,-0.15935397,-0.1317204,0.05039507,0.20258245,0.10394483,0.37603474,-0.20619808,-0.22849594,0.43279716,0.31434876,-0.05532493,0.16824025,0.71805567,0.23031121,0.24536787,0.0715447,0.1610532,-0.5547711,0.18801816,0.3181365,0.11599062,0.17504406,-0.027480997,0.2640228,-0.5383163,0.13584346,-0.020104155,-0.09371147,0.4998809,0.1051905
commodity_17,0.076237075,-0.026358979,0.08764031,0.24556105,-0.16972919,-0.00684732,0.11537671,-0.018810496,0.2482711,0.036726627,0.23704731,-0.07772149,0.05649672,-0.24624324,0.11153088,0.013110157,0.22360721,-0.14175557,-0.119334884,-0.0105639,-0.48269892,-0.02504414,0.0354104,-0.21285096,-0.17717923,-0.10115494,-0.18099315,0.2741179,-0.18030606,-0.24835867,-0.32190645,-0.033788785,0.041131236,0.20732822,-0.2541102,0.106634274,-0.05835136,-0.1622608,-0.31558985,0.105944976,-0.10163671,0.20542279,0.052444622,0.01749034,0.15125677,0.03275565,-0.22841623,0.012901248,-0.36898834,-0.016408075,0.07426278,0.480235,0.0801853,-0.34395337,-0.043061513,-0.26358253,-0.10257448,-0.29932523,4.0236628e-05,0.20121947,0.2302555,-0.537969,0.11837573,0.20474046,-0.037614897,0.06572511,0.14144523,-0.060271468,-0.19844964,-0.21364416,-0.19069934,0.20551579,0.47100514,0.37860876,-0.28077042,-0.2089737,0.1322302,-0.09289267,0.5991428,-0.03987907,0.76335573,-0.047174793,0.022650559,0.27034712,-0.361415,0.2452816,-0.0057933447,-0.14537206,0.3279937,0.27044353,-0.2757373,0.02035287,-0.0057271016,-0.18646613,0.10202452,-0.35684448,-0.035813544,0.1522164,-0.21447073,0.17228097,0.4656688,-0.043465752,0.13299133,0.15945125,0.08889921,0.034204155,0.022319246,-0.19768852,0.017009437,0.08759834,0.32075277,0.14182805,0.09789143,-0.25629875,0.20471671,-0.050587367,0.1757513,0.55841416,-0.21185744,0.10914762,-0.4149551,-0.027161764,0.091763675,0.09699222,0.13049662,-0.008049038,0.018083919,0.10695616
commodity_18,-0.696452,1.0377063,0.10334538,0.35649484,-0.38282046,0.3855257,-0.574812,1.7031356,-0.117559195,-0.5526711,0.43196967,0.3395927,0.90647286,0.18192428,-1.4355065,-0.9320021,0.7977302,0.28705293,0.7930757,-0.90779406,0.17851657,-0.5499984,0.51813155,1.135225,1.6675189,-0.29144365,0.6736724,-0.8216984,-0.74555737,-0.8720904,-0.534963,1.3204001,0.54684293,0.096005544,-0.4831035,0.47133708,0.7799958,0.42126116,0.55808544,0.45690966,0.7237859,-0.46307907,-0.80017835,-0.7048127,0.019396828,-0.3402717,-0.117984764,-0.83006,-0.4996407,-0.6447305,-0.14089711,0.24741273,0.6244459,-1.0525156,0.79429495,-0.34204292,0.12442866,-1.0478497,0.98205024,0.8196662,-1.5373931,-0.6733049,1.001968,0.030964991,-0.4643101,-0.9843563,0.50176734,0.37750116,-0.007047123,-0.36461675,0.3446933,0.66330564,-0.44338712,0.89184433,-0.2184067,0.5793959,-0.22877735,-0.8878703,-1.3711941,-0.118838355,-0.04464336,0.39741093,0.6706359,-0.11675567,-0.051251955,-0.14646845,-0.5656173,-0.0032148764,1.3710098,0.27792293,-0.7132134,-0.0604857,0.5329415,-0.37753648,-1.453237,-0.47450194,-0.21136853,0.43919098,0.44519472,-0.24330108,-0.36044845,-0.50975454,-1.4293782,0.0146217365,0.27699244,-0.3514375,0.5420305,0.32046208,-0.49662727,0.33875003,-0.10605077,0.13519517,1.431934,0.31881917,0.63498956,-0.6873464,-0.41143352,-0.08946528,0.6957794,0.5994519,-1.1409775,0.103736185,-0.8684719,0.45795923,0.3079669,0.084635496,0.40659183,0.93288994
commodity_19,-0.13051727,-0.030856473,0.2255353,0.17014557,-0.09800905,0.014216971,0.070854865,-0.15161021,0.02396211,0.10290516,0.043379765,-0.26703534,0.23781182,-0.67781943,-0.23305345,-0.03589997,0.2332317,0.08085811,-0.16949666,0.09846548,-0.5973913,-0.021629658,-0.32134646,-0.0011792807,0.114604324,-0.032633346,-0.41517934,-0.25287068,-0.4760642,-0.13124657,-0.1341589,-0.054947875,0.24681373,0.05246172,-0.2354132,0.20543824,-0.105604656,-0.10868653,-0.38923433,0.13888325,-0.6065156,-0.04874139,0.26177078,-0.08024233,-0.3426808,-0.21548104,-0.122856356,0.118753664,0.020335007,-0.01840821,-0.0061261123,0.25806925,-0.03297178,-0.24229118,0.07386426,-0.46204087,-0.11720265,-0.14351079,-0.031089,0.100793555,-0.13509765,0.14243999,-0.20583409,0.1874092,-0.41758132,-0.035008814,0.20018838,0.32229745,-0.05768931,-0.28699222,0.030562941,0.095017664,0.2665322,0.26575637,-0.4084815,0.15319629,0.15955012,-0.16553082,0.19813076,-0.25086287,0.34343073,0.005875993,-0.055622604,0.28114688,0.09746657,0.077511914,-0.08675361,-0.11653478,0.55232596,0.111358516,0.08985305,0.09898795,0.15943086,-0.052730393,-0.33785173,-0.23817076,-0.032944046,0.3705559,-0.043499924,0.38502848,-0.059042133,-0.14628811,0.10809462,-0.34974653,-0.36338282,-0.3592146,-0.21887735,0.12522687,0.11791614,0.08740194,0.14801945,-0.06673964,0.047518708,0.06353726,0.104465775,-0.4028657,0.10658925,0.0721509,-0.08684577,0.029202681,-0.32869726,0.21969463,0.058070686,0.3599501,-0.18559855,-0.18487725,0.28301904,0.099781804
commodity_20,0.27005538,-0.045958187,0.2346702,-0.77341217,-0.5023761,0.44494146,0.1431012,-0.105269395,0.17605247,-0.020183185,0.40091714,-0.13776615,0.18016218,-0.34853184,0.19506355,0.013297661,0.08092466,-0.033035085,-0.20506686,-0.19780174,-0.41990146,-0.29427832,0.041633774,-0.3467947,0.21948719,0.25827074,-0.54053295,-0.31747648,-0.159834,-0.019973148,-0.14221533,-0.15361668,-0.024969898,0.17924781,-0.06302432,-0.047543515,0.4902234,0.26042244,0.0136953965,-0.27116695,-0.25753263,-0.22070946,-0.36603388,0.11386002,0.16922306,0.2117137,0.32800204,0.10160664,-0.48515803,-0.019198895,0.03509454,-0.059638128,0.05751279,-0.44284984,0.011700613,-0.015516936,-0.20907457,-0.099178195,-0.13525517,0.19360101,0.18625249,-0.28669524,-0.013064086,-0.109241724,-0.23948047,0.08058802,0.3668241,0.1270832,0.21155797,-0.3980731,-0.45931733,0.0155327255,0.14120854,0.32913253,-0.09803826,-0.3868483,0.0856251,-0.15877467,0.21705723,0.40363953,0.26649183,-0.31251776,-0.25942838,0.46636802,0.28355289,-0.23976476,0.24787624,-0.3894801,-0.15627173,0.1012608,0.10984798,0.0351107,0.015986932,-0.06930979,0.21821709,0.012111393,0.009209934,0.06261166,0.63317174,0.10122338,0.09772218,-0.16971949,-0.03834065,0.066529594,-0.010837958,-0.24570355,0.110827304,0.06576849,-0.00015258661,0.12683918,0.35878825,-0.08772846,-0.14993313,0.06661686,-0.043332253,-0.6601792,0.08869503,-0.33258405,0.047922872,-0.37045306,-0.39691433,0.031287212,-0.0068250694,0.48895997,-0.0010781158,-0.032184027,0.3275326,0.39849076
commodity_21,-0.30822566,0.09929117,0.34513316,0.7261824,-0.34157556,0.3406454,-0.17012903,0.13733412,-0.37051457,-0.7715263,0.30962247,-0.29501542,-0.51252913,0.4342218,0.17919645,-0.25591618,-0.41147348,-0.42120916,-0.18050015,-0.19580343,-0.64995193,0.16594279,-0.063406505,-0.076442115,-0.28480333,-0.5694413,0.36610892,0.14832108,0.055131696,0.10181772,-0.56674814,0.22576597,0.078679346,-0.53308046,0.3524103,-0.10798911,0.10016201,0.79290855,0.75024146,-0.13439001,0.32250682,0.27092123,0.67493,-0.37678704,-0.9921069,-0.14658575,-0.28157187,-0.120112404,0.20705101,-0.14424793,-0.0073502245,0.70865583,0.25049683,-0.71762156,-0.21837395,-0.7338624,-0.5061931,-0.26784992,-0.022492198,-0.111216635,-0.5288626,-0.0663327,0.30140698,-0.097519055,-0.062266354,0.2555254,0.25654134,0.19363834,0.45798314,0.21813674,0.4032444,-0.24749424,0.42487964,0.044554923,0.14341247,0.2466398,-0.30764,0.32705694,-0.12994426,0.7928653,-0.1013512,0.09542093,-0.10160251,0.3355945,-0.010160729,0.13338308,0.1229426,-0.30411866,-0.7513584,0.33550653,-0.6100573,0.26980102,0.038928032,-0.17713016,0.3853313,-0.25075266,0.07709532,0.06559009,0.5497466,-0.33497524,0.069956966,-0.1768014,0.21098664,-0.060838535,-0.015441609,0.023866585,-0.22171138,0.25469232,0.2450934,0.51942617,0.573192,-0.12466003,0.2550994,0.006662569,0.02070784,-0.21862778,0.019839397,0.0066632647,0.2351404,-0.115279056,-0.27712184,-0.28316286,0.06412277,0.15497209,-0.08576472,-0.3192463,-0.23462039,0.1533811
commodity_22,-0.17578489,-0.16832715,0.32026514,0.018839272,-0.6078603,0.52617806,0.037750497,0.18286997,0.18244345,-0.1567259,0.27634683,0.0036740054,0.13881128,-0.17142114,-0.034506053,-0.07894323,0.31181377,0.11101351,0.039605387,-0.0017944218,0.18390454,0.059048183,0.027472598,-0.044419233,0.013070987,-0.22431952,-0.13577248,-0.46522635,-0.3212125,0.1421966,-0.06706763,-0.065566026,0.016896952,0.077814005,-0.043621022,0.3923966,0.03954764,-0.27617106,0.11360724,-0.43303117,0.014862363,-0.10698685,-0.21205871,0.29503193,-0.0014416588,-0.16769785,-0.008756781,0.11696145,-0.11493019,0.00827571,-0.1374668,0.26585123,-0.11621998,-0.2229319,0.14536628,-0.103133775,-0.19295603,-0.3254922,0.39416173,0.014541057,0.09905133,0.099000454,0.1520799,0.18495022,-0.3368536,-0.074339695,-0.23501234,0.28469175,0.13208278,-0.11464993,0.10092889,-0.074790925,-0.27302742,0.31512585,-0.041417398,0.15308607,0.18230857,-0.08389454,0.15375517,0.16437398,0.1717553,0.29988202,-0.033131108,0.24924004,0.04940992,-0.22035079,0.23788977,-0.13008204,0.23376817,0.09391357,0.06360449,0.38221562,-0.024693726,-0.21156025,0.18152867,0.04909384,0.06487308,-0.16323699,0.0061257505,0.23931348,0.50334346,0.030842435,-0.4470669,0.1728859,0.08088345,0.14900418,-0.18645333,-0.06979608,0.03651973,0.058190044,0.31820732,0.07630221,0.011711822,0.1145561,-0.032537762,0.28469202,-0.16289961,0.10015287,0.053999018,0.5297073,0.071941055,-0.47078556,-0.089092396,0.16589819,0.26758748,-0.29497308,0.010905159,-0.02109899
commodity_23,-0.06478204,0.09746965,0.39024177,-0.029540135,-0.5099851,0.3840898,0.23763248,0.043622423,0.19360447,-0.35810983,0.1607143,-0.10911141,0.16973567,0.03293866,0.07331139,-0.23215267,0.02959639,0.23884535,-0.44686627,0.23506242,-0.31040028,0.006187934,-0.105465785,-0.0018197254,0.14218192,-0.18240103,-0.2236349,-0.5020075,-0.19360942,-0.110568434,-0.57321376,-0.27969146,0.23358235,0.1542623,-0.29711458,0.2701109,-0.30560786,-0.037231013,0.00072589447,-0.28539786,0.015103976,-0.23965137,0.027116716,0.14374031,-0.23433062,-0.09103944,-0.03352605,0.10234515,-0.07504024,0.1406154,-0.35512808,-0.16345207,-0.36845133,-0.20450455,0.20846625,0.12650298,0.23998459,-0.3489907,0.11847551,-0.22315378,0.16293903,0.02266156,0.01749549,0.24379736,-0.11465418,-0.2337704,-0.38559863,0.025241654,0.11910332,-0.24666648,0.034861915,0.21194762,-0.30747485,0.17910983,0.046241224,-0.027850062,0.38864776,0.09668545,0.49702066,0.049222432,0.06934132,0.38919333,0.19071843,0.14975142,-0.23662572,-0.13463822,-0.06596773,0.10327519,0.07420939,0.21739936,-0.14718476,0.15153928,0.1598538,-0.33021834,-0.25517952,0.281737,0.24544258,-0.014935049,-0.0978433,0.28589845,0.09525686,0.13204141,0.15526856,0.24247704,-0.028798446,-0.18980202,-0.20506018,-0.030007465,0.04590997,0.29812908,0.37537196,0.32979536,0.05939074,0.065566234,0.18463998,0.28637475,0.039357077,0.014946984,0.4444151,0.28796834,0.13713959,-0.26804623,-0.24291737,0.28598458,0.22573449,0.21272324,0.103101075,-0.056078807
commodity_24,0.12479958,0.012996288,-0.12349469,0.2055487,-0.34537148,0.47484875,0.093833596,-0.11586498,0.19892873,-0.22016911,0.13856712,-0.14555493,-0.11497467,-0.58083075,-0.11576133,-0.279166,-0.0022589373,0.09285133,-0.37112787,0.15331048,-0.2061759,-0.2879061,-0.23950122,-0.088399425,-0.35571545,-0.08980376,0.14969353,-0.16605903,0.23358048,-0.2118929,0.022812113,0.13304703,0.07098577,0.22446837,0.05038562,0.25727695,0.017204184,-0.24766035,-0.1631589,-0.048215397,-0.42277843,0.092915274,-0.13628821,0.02510635,0.07774316,-0.15295358,-0.054256365,0.2701411,0.2685544,0.12886593,0.0566378,-0.2249395,0.17953344,-0.51619494,0.24934785,0.27453128,0.06931062,-0.16660023,0.13109088,0.05783441,0.4843457,-0.11386807,0.09385531,0.15387236,-0.76094645,-0.2778805,0.22205319,0.32263133,0.113913804,-0.29609314,0.2279512,-0.22858454,0.048929453,0.20452362,-0.03220759,0.27608478,0.04036509,-0.12228314,0.2508495,0.33532408,0.26426178,0.291715,-0.065449275,0.04317872,0.2286175,-0.24126977,0.23217332,-0.04099723,-0.044219803,-0.11835132,0.067575015,-0.084133886,0.1643904,-0.29910442,0.051880024,-0.15784767,0.6176266,0.04610664,-0.13173313,0.22517952,-0.14878646,0.009704587,-0.17829709,0.09735546,-0.10519611,0.00966755,0.23959245,-0.10432412,-0.18872216,0.02614877,0.20061344,0.21185157,-0.09007187,0.040892705,-0.10483212,-0.25939587,0.19855554,-0.085231304,-0.24452022,0.2897645,-0.36120456,-0.2790415,0.06607796,0.5186862,-0.0888701,0.23869051,0.18618268,-0.0094138505
commodity_25,-0.14622392,0.19783565,0.15081182,0.116720036,-0.37561092,0.19826914,-0.18315409,-0.23181084,0.1477331,-0.08788914,0.06370403,-0.16091375,0.38334337,-0.31019312,-0.09575106,-0.1252226,0.02145039,-0.17989697,0.11207943,0.113635585,0.04664323,-0.5392405,-0.08640719,0.08897244,-0.027150055,0.3491565,0.037358176,-0.04783835,-0.08672678,-0.31973532,-0.28511184,0.06798975,0.32769987,-0.07970703,-0.20927995,-0.1770988,-0.11629325,0.15237619,-0.12755747,-0.1957989,-0.3805255,-0.31901705,-0.073829755,-0.0042348485,0.24051864,0.10145931,0.11578716,0.09102504,0.03499379,0.41816193,-0.024463596,0.127122,-0.023265257,-0.3751998,0.07828914,0.055971753,-0.004643306,-0.20355138,0.1569864,0.13018514,0.30646643,0.07286204,0.071405485,-0.28635964,-0.1768452,-0.21122766,0.23100632,0.13975579,0.035617013,-0.0093708495,0.1549327,-0.21593077,0.29635954,-0.023698833,-0.030757893,-0.29902333,0.32710004,-0.4415,0.50002813,0.27637872,0.33489832,-0.23893164,-0.13009404,-0.051793702,0.06824745,0.028060634,0.19079559,-0.32799882,-0.02800653,0.22593834,-0.11100021,0.12776652,0.24184394,-0.18292995,0.25086832,-0.28191677,0.018484008,-0.012209992,-0.11902953,0.29784164,0.095376,-0.26526937,-0.023310822,0.1799707,0.011105451,0.029339291,0.0118341185,-0.20946862,0.077874266,0.12677018,0.004051157,-0.08893788,0.026581088,-0.22753012,0.07024621,0.14803252,0.16272813,0.32167178,0.074585736,0.120575964,-0.072578885,0.21986075,0.027310366,0.5215619,-0.034398038,0.30409458,0.060168132,0.032152444
commodity_26,-0.051129784,-0.20478778,0.1596974,-0.4402647,-0.23389612,-0.23146842,0.20913363,0.21512106,-0.20886019,-0.21339452,0.12412479,-0.07928753,-0.09326445,0.01629657,-0.3072299,-0.16638294,0.17018275,-0.08735021,-0.10297758,-0.126691,0.117678694,-0.09751979,-0.0634605,-0.4609881,0.0047800406,-0.06229385,0.1186093,0.38123915,-0.20418529,-0.4447081,-0.2157997,0.19320107,-0.1499867,-0.16192205,0.0027485946,0.18028723,0.012053218,-0.2779893,-0.28763077,0.18745923,0.35525265,-0.09549645,-0.14965124,-0.15942842,0.04745741,0.4400691,0.24095549,-0.062849715,-0.35872903,-0.22935395,0.043895975,0.1327611,-0.1632761,0.00077145174,-0.020396821,-0.010897224,-0.47399598,0.0836121,0.033092167,0.09214527,0.734372,-0.15034772,0.15338093,-0.20396863,0.009197275,-0.018380405,0.05738978,0.011067018,-0.050820887,-0.26568747,0.3380495,0.03058954,0.23942457,0.119650625,0.05337205,0.32145947,-0.7428779,0.32291374,0.82963693,0.06486401,0.44424835,0.07287465,0.03342463,0.30438533,0.119619265,0.029630654,0.050435796,-0.37722224,0.24272467,-0.18699968,-0.29912314,0.26427957,0.019625898,0.18579932,0.14945222,-0.47902405,0.24585237,0.3053011,-0.043101724,0.33691734,-0.04083264,0.25802076,0.20443657,-0.053580947,-0.12742232,-0.31434587,-0.18083325,0.09831239,0.017946245,-0.039067518,0.46516353,-0.3522386,0.49544924,0.117251374,0.25542358,0.10677058,0.3115081,-0.01935121,-0.014196901,0.1593105,-0.09235742,0.06578846,0.109114915,-0.10552602,0.12283469,-0.02483476,0.17207682,0.080674194
commodity_27,0.08412539,0.26014152,0.43353614,0.0233316,-0.33543342,-0.2517297,0.04455659,-0.017362166,-0.034068167,-0.23057817,-0.283555,-0.27388683,-0.1829263,-0.072908394,0.2251038,-0.25999412,-0.12364825,0.13854124,-0.12383625,-0.059725758,0.09480353,0.0033360468,-0.19737373,-0.46392387,-0.16668782,-0.38992506,0.29923886,0.33430907,-0.11689855,-0.3624885,-0.7465532,-0.17125162,-0.07339504,-0.40352276,0.10856433,0.25120294,0.15258723,0.45792896,-0.105845325,-0.09232023,0.026382083,-0.08223395,0.18619315,-0.03998926,-0.06596133,0.26356667,-0.10970967,-0.2747837,-0.31313226,-0.09858763,-0.03703485,0.5380103,-0.13030992,-0.16800371,-0.1715008,0.006640396,-0.5298521,-0.17697252,0.30023828,-0.091413386,0.2542415,-0.1364102,0.42211565,-0.31959012,0.080596775,-0.01155444,0.081413336,0.07439483,0.0055378927,-0.15490693,0.2782075,0.049010966,0.57767034,-0.05745118,0.026801486,0.6718873,-0.21594064,0.4131466,1.0264536,0.18429615,0.35832173,0.29985744,-0.051958594,0.36790577,-0.060768355,0.12558624,0.15180112,-0.31856734,0.39346325,0.25115862,-0.050707404,0.13744296,0.22550084,0.2642941,0.54269576,0.012869154,0.18744344,0.09672422,0.15246536,0.056564152,0.02313436,0.20461206,0.025723899,0.011344291,-0.105128855,0.017450474,0.16024138,-0.18850286,0.20636283,-0.07151256,0.30404413,-0.23261976,0.23648584,-0.07937934,0.087060876,-0.11142546,0.20801282,-0.09540396,0.10989212,0.15917116,-0.52447015,0.17479464,0.053664863,-0.16151088,-0.06376585,-0.34143797,0.06395307,-0.11881624
commodity_28,-0.101569794,0.045693565,0.057441544,-0.19644766,-0.15911867,-0.022126205,-0.11479137,-0.08911586,0.47294295,0.123671174,0.5352371,0.29518315,-0.24272911,0.0016759321,-0.09466326,-0.016876169,-0.10278234,0.009255491,0.24582075,-0.009454573,-0.14607546,0.0767591,0.16035624,-0.3138274,-0.043248925,-0.017824292,0.3020553,0.115501106,-0.19108583,-0.3268386,-0.05642988,0.044990182,-0.05850729,0.16154285,0.00066899,-0.06957505,0.4554449,-0.5350406,0.021960514,-0.19317421,-0.10736833,0.23897615,-0.124288805,0.20840506,0.005125055,0.0046322816,-0.07537319,0.18972728,-0.4304776,0.10824221,0.140741,0.74426407,-0.046969075,-0.38679898,0.13517237,-0.1349832,-0.057671342,-0.26876605,0.090815835,-0.11849333,0.4784972,-0.5556104,0.005409604,0.08714263,0.072386995,0.119441934,-0.060086466,-0.13111903,0.063954465,-0.2604382,0.21622571,0.12946956,0.067993715,-0.046922423,0.061948273,0.18014145,0.09732294,0.28380013,0.9066583,-0.2740695,0.19435889,0.13279909,0.042273577,-0.15504447,0.007515232,-0.24986047,-0.237543,-0.3762649,0.06873795,-0.0020855838,-0.003679566,-0.08157232,0.039345384,-0.24822369,0.10124442,-0.189966,0.18767059,0.35044262,-0.03898607,-0.025970496,0.27407217,-0.18833749,0.24851145,-0.45684892,-0.3815366,-0.35678715,0.14860822,0.0200465,-0.13431329,0.031685933,0.262243,-0.14246847,0.24610403,0.06178218,0.20048983,-0.21422932,0.13549213,0.046193354,0.025529783,0.44708475,-0.20542707,0.25329688,0.29841316,0.09881192,0.024954842,-0.3706001,0.2416722,-0.10815314
commodity_29,-0.1354912,-0.012645554,-0.09953136,-0.3004723,0.07878293,-0.13187368,-0.38644135,0.06251268,0.09279776,-0.067506984,0.17459498,0.21957235,-0.14702488,0.07537517,-0.03459606,-0.07628794,-0.12871328,-0.041432284,0.24479517,-0.026876625,-0.011421683,0.33512747,0.14974563,-0.058908567,-0.10906804,0.08802609,0.20228836,0.15125641,-0.1514468,-0.23155941,0.1524548,-0.4236378,0.066968285,0.27570236,0.12311713,0.27066797,-0.17298341,-0.34422946,0.06913016,-0.18616277,0.1922942,0.055797003,-0.035855867,0.3123425,-0.07444775,0.0849013,-0.08503084,0.03222245,-0.16366108,-0.06357326,0.39826936,0.65247935,0.077462874,0.080223076,0.014437398,0.033028174,-0.31194586,-0.18833683,0.20961662,-0.37774423,0.07534353,-0.25273496,0.087099984,0.35426715,-0.13404368,-0.13579638,-0.011033275,0.09451595,0.07110626,0.10215774,-0.18865755,0.24844326,-0.32398388,0.15372938,-0.05251817,-0.41350642,0.009245916,-0.16983472,0.9421123,-0.07447203,0.21668221,-0.088746466,-0.26616183,-0.13288587,0.031784523,-0.23098734,0.14943722,0.20280646,-0.0696103,-0.12051988,0.039378032,0.4628286,-0.092936255,-0.13804953,0.18108629,-0.07648164,-0.18841231,-0.24029224,0.0676423,-0.07505521,0.3703512,-0.027694544,-0.097059704,0.26693174,0.2235221,-0.10829353,-0.030238306,0.04539317,-0.002745531,-0.01762453,0.08552518,-0.2636237,0.34942555,0.51439583,-0.12070218,0.13665225,0.24765055,0.24117471,-0.16702811,0.081805915,0.2301847,0.010054852,0.1612642,0.32616955,0.018228516,-0.14196819,-0.061284184,-0.009727213
commodity_30,-0.18288378,0.45601365,-0.48914945,0.6229268,-0.7151446,0.6789206,-0.2159919,0.040750567,-0.5700518,-0.33444908,-0.059435282,0.05782023,-0.5903181,0.36898223,0.888218,-0.5076421,0.16449031,-0.51272947,-0.5171725,0.795399,-0.88623375,-0.5001401,0.2106777,0.056720484,0.24877821,-0.281787,0.116469406,-0.035721343,-0.080630034,0.5432463,0.10556081,0.26804784,0.6664492,0.33230835,0.2428757,0.5562798,-0.6317654,0.62488544,0.4175485,0.0058380314,0.48756784,0.015074898,0.33945528,0.54651093,-1.237901,0.75235564,-0.40188643,-0.003432327,-0.275372,0.3125339,-0.088087946,-0.41437533,0.21572836,-0.8951964,-0.63210887,-0.40747076,-0.66896284,0.23799029,-0.41587433,-0.5638003,-1.5094299,-0.6214834,0.0951879,-0.38667268,0.25593328,0.59619963,0.6277595,-0.3784871,0.3804856,-0.23700774,0.3398762,-0.6439362,0.3954536,-0.35996598,0.59081125,0.44151127,-0.21049692,-0.89564615,-0.97969097,0.35317326,0.021105584,-0.11180182,-0.42190328,0.3223784,-0.008108032,0.3259681,-0.5725688,-0.021471046,-0.21247037,0.6982187,-0.03293777,0.16772562,0.07348628,-0.8021241,0.42335644,-0.7457942,-0.04418605,-0.22678867,0.16850069,-0.43577567,0.14045668,-0.3369124,-0.58618546,-0.45856375,0.43631896,-0.0066707423,0.16816993,1.2504762,0.12356937,0.48616004,-0.06428906,-0.2393155,0.70503676,-0.7625975,-1.0519999,0.1743568,-0.11118311,-0.70777243,0.010978491,0.68594396,0.2838425,-0.21993092,0.13180979,-0.6126588,-0.52586484,0.30472752,-0.19886105,0.91840684
commodity_31,0.057492327,0.05191015,0.13628767,0.042271886,0.19786127,-0.18755542,-0.050428204,0.2231971,-0.094426304,-0.31950575,0.18642439,0.14985546,0.044712946,0.26982015,0.18738173,0.106062,-0.013603962,-0.38367236,0.22539523,0.08679568,-0.1938588,-0.25468248,0.050778855,-0.38032368,0.26833335,-0.20373537,-0.0916778,0.021489747,-0.043529235,0.026199844,-0.26048893,0.058751073,-0.07477831,-0.101410285,0.080173746,-0.17385224,-0.54751647,0.06190969,-0.232068,0.06370347,-0.25462797,0.25346994,0.19911182,-0.027535615,0.24488816,0.2500137,-0.22356775,0.058456752,-0.38548446,0.12154624,-0.03497664,0.09525945,0.097472474,-0.13481666,0.36391595,0.014170454,-0.30836892,-0.5063402,0.13481702,0.16446531,0.3268101,0.26963615,0.08084052,0.15502626,-0.33706427,-0.16258979,-0.06788151,-0.16914162,-0.21610521,0.124588214,0.058179773,-0.06305193,0.02979126,-0.02424544,0.13029736,-0.078401215,0.05782372,-0.06289459,0.4206159,0.01829435,-0.09497261,0.14145921,-0.32040465,0.207113,-0.56214267,-0.28634828,0.04467531,0.44461554,0.34376523,-0.124975644,-0.11271092,0.20415233,-0.098023616,0.39001006,0.19226007,-0.37802157,0.23899755,-0.2183574,0.010218458,-0.058592193,-0.29914722,-0.0031427527,-0.064010024,0.39834613,0.07671817,-0.006140366,0.017380986,-0.15235154,-0.070023015,-0.00304477,-0.049991746,-0.04246737,-0.009924613,-0.2013099,-0.057940602,0.104861185,-0.10961024,0.12984692,0.2153199,0.083107464,-0.02590561,-0.032607164,0.288738,0.25027975,0.13285844,-0.1105105,0.043539554,0.10612451
commodity_32,-0.13052677,0.13434835,0.25106204,-0.17120716,0.34764123,-0.330582,0.30901417,0.22061013,-0.30263656,-0.040284526,-0.07577498,0.30658376,0.3289174,0.20174493,0.31887645,0.028493702,0.050763648,0.016301941,-0.33773842,0.34317487,-0.020657433,0.1706974,-0.014542861,-0.103159614,0.054630276,-0.23977065,0.24006331,-0.24010402,-0.030238643,-0.046954587,-0.20584472,0.069890626,-0.29758912,0.19409786,0.09349494,0.006191748,-0.22316219,0.052001633,-0.065295815,-0.09780627,-0.14152354,-0.070754066,-0.3000538,0.38134006,0.055703547,0.16961737,0.24738279,-0.023707647,-0.37099925,-0.11919889,0.020463064,0.009394902,0.29377487,-0.13777429,-0.020375472,-0.0062666596,-0.52085567,-0.10292923,0.16638309,-0.01656252,-0.09511932,-0.15055811,0.45056787,0.2825078,-0.37876546,-0.1513233,-0.26072448,-0.051346414,-0.027267057,-0.23400447,-0.008669356,-0.028238276,-0.11777301,-0.015630765,0.18575253,-0.1137178,0.24569367,-0.106173955,0.28465077,-0.078057125,-0.045151874,-0.30855528,-0.0386697,-0.014042346,-0.5474581,-0.031452578,0.099769734,-0.0996286,0.15754849,0.09749255,-0.40680385,0.2615943,-0.38576275,0.3370585,0.13264292,-0.38130838,-0.28562757,0.21701346,0.11601605,-0.1405353,0.062508315,0.04766418,0.40326157,-0.056177605,-0.067949526,-0.14637807,0.11552759,0.24661906,0.098434806,-0.04930339,0.28426194,-0.15684469,-0.12580876,-0.13817087,0.31412387,-0.05189324,-0.024955235,-0.10952711,0.16255148,0.027027745,0.00482839,0.13196887,0.095025785,0.2988277,0.10742132,-0.05281051,0.024766807,-0.04542982
commodity_33,-0.003922587,-0.20379859,0.31891719,-0.07288523,0.310979,-0.554049,0.49017787,-0.2641586,-0.3051779,-0.17318572,0.53793925,0.1075299,0.10195311,-0.5141302,0.012584468,-0.3091847,0.25937945,0.040660925,-0.12809223,0.4486388,-0.07680089,-0.07578573,-0.014980889,-0.063755885,0.3494335,-0.19040644,0.23882823,0.34680396,-0.28196287,-0.021412479,-0.3103593,0.15777677,0.029200787,0.26902342,-0.12812982,0.38938722,0.43653068,0.17016646,-0.06975548,-0.28075746,-0.005127985,-0.028839346,0.1213313,0.040942777,0.40350857,0.08893624,0.063347615,-0.12518094,-0.38727266,-0.30890626,-0.2057429,0.3761795,0.13752276,-0.47210976,-0.20964433,0.29547867,-0.19700034,-0.008758082,0.1748761,-0.29286015,0.32975328,0.14862104,0.14926393,-0.3531862,-0.34970528,-0.113378294,-0.07508273,-0.008999661,0.24278635,-0.08042973,0.34484845,0.06272838,-0.13289548,0.16758862,0.2761312,0.052460734,0.42810008,-0.051527727,0.88774294,0.3153186,0.5716963,0.105959095,0.12997939,-0.11542204,-0.07516638,0.04521723,-0.34179282,-0.07908264,0.22175793,0.16102876,-0.1867534,0.40686285,-0.11087401,0.086132616,-0.1722492,-0.42185196,-0.01469133,0.19580632,-0.41094732,-0.09766603,-0.07193426,0.13304979,0.6588814,0.12633763,-0.21273015,-0.036353976,-0.003962727,0.23347962,-0.26336694,0.12128764,0.48527977,-0.28018174,0.3066174,0.1924998,0.20321272,0.028190982,-0.08612488,0.096402384,0.1457547,-0.03684272,0.5296141,0.20560122,0.36396927,0.04487169,0.1428008,-0.08196445,0.050913885,0.3989149
commodity_34,-0.047277763,0.095381334,-0.026097795,0.03799534,-0.20404877,-0.48050922,0.18578395,-0.20148484,0.036725465,-0.2833095,0.04711538,-0.0319222,0.6567566,0.09443794,0.031281393,-0.091417395,0.26216945,-0.41573605,0.20684813,0.49384663,-0.11373516,-0.28883773,0.119066484,-0.34530222,0.15982674,-0.24599276,0.39290878,-0.15870912,0.098384194,0.13091263,-0.015929775,0.08073359,-0.069931924,0.09037278,0.072044566,-0.11602537,-0.22142458,0.31832618,0.02212026,-0.2996672,-0.28232944,0.06251237,0.1251348,0.49874896,0.121138416,0.00457685,0.12830824,0.16809753,-0.31553358,-0.20901084,0.2218081,-0.08288026,-0.10589884,-0.48388767,-0.066936545,0.025024474,-0.25531042,-0.13743572,0.20750305,0.10007884,0.14436354,0.2415916,-0.028116513,0.42916167,-0.38425204,0.10328638,-0.019044194,-0.2466676,-0.6424691,0.14281648,0.04863351,-0.5435554,-0.24780466,0.034732927,0.39705485,0.058253624,0.30095196,-0.023832615,0.32409996,0.33701536,-0.08805799,-0.2212335,-0.1749961,0.19443762,-0.38444874,-0.104694724,0.06635971,0.2611272,-0.1187304,-0.24104962,-0.23147826,0.20961726,0.068943754,-0.15291809,0.16989665,-0.16932355,-0.15650429,0.38943422,-0.0049611162,0.1826265,0.24224477,0.004033161,0.23036957,-0.027302582,0.010137893,0.12795599,-0.08661473,0.2715745,-0.24450935,-0.04947185,0.20090032,0.22746386,-0.081419684,0.21833041,0.3092199,-0.03773139,0.062156264,0.047505554,0.07017827,0.102379635,-0.07524656,-0.00014138687,-0.06730326,0.1841319,0.22049044,-0.099308945,-0.15984742,0.07061147
commodity_35,-0.09434833,0.20599596,0.097083256,-0.033032782,0.09122323,0.09458966,-0.06160781,0.20797478,-0.11318306,0.013417399,-0.011096597,0.34822348,0.18029837,-0.08222681,0.37300768,-0.05219125,0.17025843,-0.31718728,-0.1549929,0.18658555,-0.29892805,-0.14651623,-0.11184399,-0.16463095,0.07441851,0.15303707,0.12532288,-0.361933,-0.35606852,0.072165996,0.010191811,-0.20380306,-0.4409482,0.05452905,0.12803236,0.11149958,-0.44765475,-0.27392936,0.13422124,0.0619597,-0.29136002,0.034653995,-0.06445604,-0.03607459,0.023750793,-0.0022136085,-0.00534831,-0.19940473,-0.5581599,0.083988175,-0.15186152,0.09152419,0.16524476,-0.017456688,0.13827203,-0.083276324,-0.4088838,-0.16154374,-0.079339676,0.053513225,0.3677067,0.05334958,0.2915973,-0.0009788512,-0.11583052,-0.1719967,0.15281714,-0.15110601,-0.036391918,0.15352733,0.08955389,0.016563332,0.06578407,-0.07752684,-0.1778103,0.076613806,0.028835678,0.029956272,0.43302372,0.36796772,-0.060807783,0.042934623,-0.13690121,0.35516602,-0.710017,-0.03783717,0.20574656,0.02150951,0.122224644,0.2379919,-0.33004823,0.37515122,-0.16605966,0.13493167,0.018387608,-0.08865758,0.26324058,0.083912745,-0.07282825,0.08558749,-0.14254579,0.14896227,0.27813566,-0.1213262,-0.0543308,0.02928899,-0.009253649,0.24379684,-0.08177499,0.088908695,0.028365161,0.20137072,0.016598813,-0.08759238,0.23778649,-0.015905362,0.12111649,0.14969273,0.16881458,-0.06763073,0.041783046,0.055589195,0.08612223,0.18026039,0.20080602,-0.13839228,0.25841206,0.15411815
commodity_36,0.124570444,0.18997763,-0.17157793,0.40621835,-0.15261462,0.14644717,-0.14121166,0.29616246,-0.08227719,0.1428717,0.27366495,0.21889931,0.22762588,0.10214785,0.31563002,-0.03863226,0.3191405,-0.12449804,-0.2457925,-0.014840067,0.14882661,0.092004895,-0.0035195427,-0.32471675,0.11085726,-0.71674764,-0.385532,-0.14797692,-0.017735638,-0.014899785,0.098503925,-0.28438488,-0.4660461,-0.3553207,-0.054304693,0.069326654,-0.247542,-0.335537,-0.0010939296,-0.12400488,-0.16932473,-0.041354373,0.4692155,0.0010393632,0.039923277,-0.04265133,0.084220685,0.32677615,-0.19628175,-0.252978,-0.030975532,0.26692277,0.1686488,-0.12626716,-0.04899464,0.30533093,-0.15193242,-0.29001534,-0.1378892,-0.16823742,0.19743747,-0.10208726,-0.054772403,0.105795205,-0.06362857,0.08995132,0.3274305,0.48295036,-0.20057455,0.19390318,-0.5107229,-0.19417478,-0.5519808,0.17352678,0.050133817,-0.35293278,-0.20646276,-0.03871608,0.40820765,0.24447528,0.102866955,-0.32860216,-0.02164941,0.15665972,0.024362953,-0.16813275,0.12255039,-0.03153726,0.15921687,0.13236046,0.08063505,-0.046601377,-0.13481994,-0.06189152,-0.123550065,-0.051567495,0.41681862,0.034595717,0.3471301,0.0116641885,0.32789323,-0.013894241,-0.14856477,0.23289485,-0.21444681,0.12067005,0.44316176,0.262145,-0.17086557,0.043249857,0.29181373,0.015411196,0.1338969,0.07626702,0.1771145,0.16978784,0.06919865,0.047507104,-0.3242333,-0.05062517,0.121701755,0.07724042,-0.097198434,0.08661511,0.075951666,-0.04865631,-0.24712884,-0.03430428
commodity_37,0.10730652,-0.041790262,-0.07471406,0.048129965,-0.21074033,0.39361903,-0.24897085,0.14235348,-0.04650414,-0.1178587,0.10258786,0.105045624,0.19010389,0.07071958,0.11881073,0.03188266,0.12766026,-0.13434114,0.10291477,-0.22743708,-0.20288678,0.33486986,0.34109357,-0.13253598,0.06928529,-0.52073526,0.08612375,-0.17769922,-0.3163503,-0.11989901,0.14178123,-0.15063831,-0.11740921,0.06514948,0.34382755,0.03095169,0.1863403,-0.30618656,0.1730156,-0.045606617,-0.18187347,-0.09692741,0.08041878,-0.107277066,0.20848408,0.18071665,0.057040907,0.0024507956,-0.28788233,0.019466609,0.09499262,0.17513463,0.07899338,-0.2362436,-0.004510762,0.11911534,-0.15512379,-0.016796501,0.12122869,-0.27640003,0.42124513,0.19237337,0.12680085,0.077638485,-0.40973985,-0.13891493,0.052297767,0.19438714,0.4557345,0.16253729,-0.02512135,-0.36336336,0.026779803,0.29091838,-0.07682524,-0.26845333,0.11691151,-0.15360166,0.16525497,0.3971667,0.012774564,-0.13285185,-0.18217574,0.13712646,-0.24329746,-0.047755323,-0.018187165,0.12694287,0.12938921,0.14928052,-0.29681665,-0.19322492,-0.11201804,-0.046841487,0.17271368,-0.07310325,-0.0683584,-0.114664085,0.44744745,0.22156784,0.31281236,-0.10044181,-0.05958767,0.29317102,0.30706346,0.053801913,-0.103348814,-0.12713236,-0.30407214,-0.1466833,0.1318184,-0.2324894,0.01670056,0.099567525,-0.15455733,0.4571928,0.082898535,0.05517657,-0.18363698,-0.15554631,0.25773033,-0.15293609,0.17045552,-0.40627056,0.107019,-0.043582357,-0.052956805,-0.25826356
commodity_38,-0.09867151,-0.28826344,-0.3622692,-0.0032149444,0.33241925,-0.2877135,-0.13000514,0.48107094,-0.22733165,-0.17913048,0.15578191,0.043855432,0.18142067,0.29260355,0.19217654,-0.17831343,-0.09915631,0.17452703,-0.13352129,0.05641438,-0.20316471,-0.21278715,0.10372021,-0.37975612,0.07351335,0.36946607,0.08847152,-0.014356641,-0.27539682,0.068666644,0.27103147,-0.29687735,-0.57402015,-0.09903255,0.24762529,-0.06106595,-0.08071571,-0.13848393,0.3087426,0.35409352,0.22718361,-0.12464351,-0.008097277,0.04697487,0.23986389,0.05300495,0.17490073,-0.34241167,0.17541218,-0.29681277,0.08566521,0.32496473,-0.6938815,0.34993398,-0.2243718,0.057990167,-0.19425035,-0.3656303,0.21436198,-0.24796528,0.72291243,-0.06797868,0.15979569,-0.34338075,0.04568551,0.08484122,0.3871808,-0.4587836,-0.47968405,-0.0023483783,0.23089279,0.0669983,0.19748761,0.57867306,0.053290617,0.10489542,-0.11305058,0.08387612,0.86265117,-0.3371936,0.3866007,-0.24649,0.095189795,0.3041551,0.13341913,0.0031775357,0.021511769,-0.32457098,-0.24543482,0.07847141,0.13166647,0.6149876,-0.12309766,0.3669255,0.18126705,-0.061136674,0.2359843,-0.03145614,-0.029130563,0.2894674,0.8203858,0.07774902,0.18850976,-0.010933151,0.15432815,-0.38383713,0.21189639,-0.14880186,-0.3664455,0.11220953,0.50971776,-0.236161,0.30625847,-0.062766425,0.2924193,-0.11322319,-0.018247694,-0.20166945,0.039867137,0.025710534,-0.20192023,0.17054209,0.09590741,-0.00305853,-0.51150835,-0.39103565,0.18101142,-0.30523902
commodity_39,0.045041375,0.30108207,0.1918047,-0.0150087,0.04452257,0.10447506,0.0022599935,0.07450356,-0.27794752,0.1954111,0.30189267,0.22349092,0.25020215,0.06883837,-0.11337709,-0.15094139,-0.06304964,-0.22076824,-0.10436881,-0.13597238,0.25549722,-0.40592068,0.052242875,-0.22353464,-0.055214964,-0.16644236,-0.13280319,-0.059270024,-0.32712427,-0.2697979,0.19746135,-0.08311036,-0.2201678,0.0556851,0.1015682,0.008591273,-0.34760994,-0.12485875,-0.17211378,-0.049951494,0.029204138,-0.06126907,0.5056571,-0.1645632,0.008834382,0.12547614,-0.041173577,0.08312037,0.20066784,-0.43259224,0.074602135,0.3124394,-0.09399792,-0.18282108,-0.016215075,0.08383031,-0.10124801,0.09112579,-0.045224164,0.0041216677,0.32848823,-0.11789957,0.14190622,-0.10735463,-0.093297355,0.04993291,0.29552755,-0.11191118,-0.025061425,0.30487564,-0.08395838,0.06284716,0.21529835,-0.1487821,-0.13375576,-0.18850471,0.32130328,-0.28000548,0.17667384,0.20980087,-0.29571122,-0.33733982,-0.05836651,0.008161086,-0.32535297,-0.16261072,0.17193845,0.26262265,-0.1627226,-0.061381564,0.11640172,0.087994486,0.13176723,-0.07203787,-0.047571577,0.13562493,-0.0033732122,0.18745418,0.15039705,0.042417906,0.20897713,0.176066,0.16458061,-0.08597931,0.25667644,-0.14290103,0.3277202,0.12149869,-0.19877751,0.05170254,0.11149361,-0.15842271,-0.08390511,-0.14669456,0.11148266,-0.04490941,0.09052437,0.053567626,0.15800247,-0.30925062,0.10394628,0.076354794,0.19218642,0.27038372,0.17143156,-0.31284407,-0.10161087,-0.3156045
commodity_40,-0.23752883,-0.21035942,-0.1535922,-0.33351228,-0.32196653,-0.8057712,-0.18992004,-0.07079199,-0.14741255,-0.07548547,0.13610317,0.32599515,-0.2660524,0.21019576,-0.021172008,0.084351115,0.1894219,0.17287098,-0.043798957,0.050453853,-0.014855017,0.30465204,-0.026185488,-0.27701443,-0.14384559,-0.10265316,-0.023388207,0.07228811,0.012885893,-0.30130184,0.098240755,0.092903025,-0.13673873,0.05421819,0.055253733,-0.19346936,-0.2143047,-0.09187238,-0.14613973,0.09102325,0.31148088,-0.3152031,-0.16672556,0.040447917,-0.12374908,0.055997573,0.09623941,0.077699624,-0.17275782,-0.45032874,-0.1590216,0.3497513,-0.038931604,-0.08406819,-0.16837849,0.45426574,-0.4709427,0.019580698,0.14022383,-0.0064165937,0.754025,-0.14980882,0.21166332,0.03091239,0.050799467,0.41224325,0.09931881,-0.2809483,-0.30533683,0.5612197,-0.10840217,-0.016956434,0.07874417,0.046266172,0.05641983,-0.2492141,-0.6548622,-0.26806536,0.40423447,-0.06960397,0.08523134,0.082255654,-0.1428897,-0.07474444,0.17451479,0.47046694,-0.12807629,0.101922624,0.031015059,-0.022129163,0.1436945,0.3595283,0.2812201,0.3845002,-0.22319554,0.068223886,0.11932472,-0.06619972,0.4802916,-0.004463929,0.20153609,0.25526068,0.14128742,0.21132672,0.24134132,-0.67631817,-0.017749818,0.15504,0.37703538,-0.110230766,0.23231566,-0.0915607,0.4610766,-0.14471488,0.13166845,-0.05760864,0.062152356,0.0065429397,0.0093547525,-0.15193138,0.009672421,0.046720173,0.26844773,0.6099803,-0.28935245,-0.1060528,0.26232883,0.0054504485
commodity_41,-0.6308838,-0.2470153,0.78034383,0.6821618,0.117717296,0.08316067,-1.0431916,-0.37434903,-0.10390013,0.2408312,0.5986538,0.74260753,-0.27124718,0.25882006,0.52910787,-0.4738779,-0.15986896,0.35356283,-0.73788744,-0.40221003,0.013048696,0.4906244,0.5941932,-0.25865743,0.19761655,-0.4109375,0.14588067,-1.0132034,0.6579206,0.106871426,-0.98538065,0.08476518,0.54113334,-0.19046217,0.2863126,-0.25477397,0.1948356,-0.2320448,0.006868061,0.016535033,1.3478364,-0.35622916,-0.20650172,0.26828608,0.88727546,0.98946893,0.07271022,-0.0767164,0.25788334,0.014853428,-0.12138049,0.57206935,0.79477704,0.10948786,-0.512459,-0.4206055,-0.23487818,0.1967899,0.21592341,-0.096772954,-0.43927205,0.4557141,0.52948135,0.6667068,-0.074765325,0.25127557,-0.5729567,-0.058523495,0.4740943,0.5358889,0.36229354,-0.86239266,-0.034708243,0.26400036,0.5640828,0.8283107,0.059221104,-0.04008587,-0.17119323,-0.46155465,0.436378,0.00064641476,0.01633598,-0.34917247,-0.61803627,0.35000694,0.46997088,0.4162579,0.15713161,-0.57586277,-0.050127253,0.6511086,-0.19020528,-0.12520523,0.2733374,0.41874224,-0.7588311,-0.24855986,0.2345612,-0.43872502,0.28098872,-0.1226039,-0.70357674,-0.22995158,-0.2306773,-0.43667063,0.64309,-0.2614665,0.7341339,0.5159607,0.5920227,0.09859294,0.043415934,0.37852138,-0.7876611,-0.23302422,0.20543376,0.057458486,0.43509886,-0.98228663,-0.20815016,0.03969891,-0.07890837,-0.24838594,-0.70093364,0.806774,-0.426185,0.7109695
commodity_42,0.16907816,0.085734785,0.23838194,0.021348437,-0.18189916,-0.17513347,0.0478213,-0.09256579,0.13553615,-0.06572865,0.09091217,-0.033863235,0.0450413,-0.014326119,0.18554062,0.19923393,0.22008982,-0.16173169,-0.02011964,-0.124853745,-0.2600957,-0.27072278,0.19381271,-0.25504956,0.31231558,0.016471004,0.028077452,-0.09083215,0.01809332,0.10539095,-0.19196567,-0.25284204,-0.039407313,0.3071466,0.075188965,-0.18135412,-0.05198491,-0.09845263,-0.27331552,-0.01746887,-0.22366711,0.016281644,-0.013216735,0.059033863,-0.049622703,0.18122205,0.09406205,0.15039086,-0.3174109,-0.26295608,-0.3807145,0.093907155,-0.030615645,-0.19295004,-0.104237705,-0.13685936,-0.17394039,-0.0003610436,0.19566527,0.16729765,0.23479621,0.062487964,0.12474475,0.008375039,-0.34212616,-0.39631107,0.21020631,0.110525355,-0.16484572,0.15620303,0.22696546,-0.13124403,0.11995505,-0.04856274,0.29359964,-0.19395375,0.32995203,-0.011925738,0.6712113,0.54492223,-0.17750579,-0.15755065,-0.070139654,0.45534167,-0.39543626,-0.2093672,0.14607564,0.21365692,0.16562444,0.1231173,-0.23724213,0.25987083,-0.07676276,0.045834985,-0.0075124665,-0.4374201,-0.15408313,0.09425864,0.07493765,0.1550769,-0.073046066,0.1341227,-0.0792511,0.24887513,0.10262079,0.16243859,0.09282224,0.28843534,0.114712454,0.06790213,-0.10532618,-0.04732673,0.07963451,-0.025413472,-0.099273704,-0.17384793,-0.22121191,0.09204479,0.007235066,0.13837323,-0.14483039,-0.057170935,-0.19181953,0.32522288,0.13273674,-0.32056916,-0.12971532,0.05571322
commodity_43,-0.17402938,0.095902406,0.23308098,0.21013898,-0.07859362,-0.043066185,0.0039807293,0.4998464,0.017054603,-0.06199552,-0.4174395,-0.07791206,-0.099507034,0.03156175,0.26151368,0.23194659,0.0589796,-0.08637931,-0.21237145,0.066898026,-0.33735406,-0.20120147,0.22655381,-0.11323369,-0.09796044,-0.08433962,0.26669866,-0.1519986,0.033614308,-0.054257564,0.15003063,-0.4340786,-0.16269194,0.23127292,0.039644822,-0.29446986,0.08420355,0.050149307,0.04822497,-0.32235515,-0.33560553,-0.009473888,0.029145284,-0.17585337,0.1410221,0.25435504,-0.09779732,-0.17253561,-0.14899862,-0.17586407,0.022686344,0.19068204,-0.14604856,-0.18605573,0.17208762,0.33553812,-0.29702324,-0.13535637,-0.32136172,0.021714492,0.24970649,0.18752086,0.08696029,-0.1018548,-0.10928188,-0.25070053,0.020248212,-0.029211944,0.2799156,0.16427584,0.06673208,-0.124884404,-0.27379778,-0.037724975,0.11635162,-0.06952964,0.06853166,0.12364027,0.5931806,0.18353069,0.04319512,0.3585982,0.036816,0.4212815,-0.50814754,0.083983324,0.20683488,0.06594237,0.08296318,0.283356,-0.17575845,-0.038502894,-0.45562574,0.13478039,0.0699199,-0.2565199,0.26652312,0.21984112,-0.08182089,0.023245784,-0.1686281,-0.18123364,0.073576055,-0.3240186,0.03186481,-0.2373518,-0.08433058,0.057072528,0.10878002,-0.20933151,0.3685378,-0.2769583,-0.05795851,-0.18429516,0.05134239,0.18112491,0.17499164,0.18568218,0.10521644,-0.15751919,-0.065915346,-0.033440076,0.14405796,0.35854474,0.47226,0.14434192,-0.026657315,-0.04295601
commodity_44,-0.33148557,-0.011177801,-0.5487022,1.007522,0.70118487,0.3504596,-0.54734975,-0.4843021,0.044893805,0.2328461,1.2493345,0.5921639,0.17398812,-0.22686292,0.55618614,-0.21537937,0.97742593,0.04396109,-0.9743745,-0.350906,0.19270378,0.06352027,0.28498742,-0.28335524,0.46445206,-0.38277474,0.21907715,0.38105172,0.31779674,0.43146622,-0.6772804,0.40670878,0.71404094,0.083025895,0.3794893,-0.386363,0.090989806,-0.24359576,0.104460806,0.5652114,1.1774074,-0.42418176,-0.50683844,-0.38003176,0.68667394,0.35239017,0.6039749,0.07392023,0.70070785,-0.09849577,-0.3694781,0.6815447,0.36665386,0.58746356,-0.5304614,-0.32327887,-0.5117379,-0.39894044,0.6132882,0.19856621,-0.86091495,0.44177392,0.48399186,0.33906817,0.31989008,-0.009855457,-0.7758963,-0.41303924,0.4724554,0.19924048,0.116029344,-1.0020884,0.46311483,0.20502746,0.23146805,0.27738583,0.20706728,-0.21954446,-0.039731808,-0.36024797,0.7834253,-0.030038612,0.065225445,-0.16546504,-0.6409314,0.26821592,0.36509308,0.29539165,-0.13670994,-0.5313023,0.01490053,-0.8014929,-0.25210637,0.37342563,-0.15776886,0.23965627,-0.5954497,0.0062495028,0.46234334,-1.0570036,-0.12295833,-0.2623811,-0.51206774,-0.3803843,-0.15291356,0.117767155,0.76109535,-0.5752694,0.28201452,-0.04176629,0.4985631,-0.5688995,-0.34122878,0.3818816,-0.192946,-0.28491202,1.4436626,-1.347262,-0.055029493,-0.651896,-0.06268232,0.39749637,-0.5890885,0.75791144,-0.63259035,0.99419975,-0.5240684,0.52124244
commodity_45,-0.0014441622,-0.09023752,-0.13693023,-0.02321967,-0.08041462,-0.18749264,-0.005156786,0.061485678,-0.13947478,-0.12128772,-0.14452025,0.090469636,0.0056238933,0.13702752,-0.016562121,0.116304964,0.09425288,0.20603544,0.064615436,-0.04414493,0.41839296,0.29636976,-0.06949684,0.097737886,-0.07881552,-0.08396866,0.008535704,-0.067242526,0.034908853,0.32034042,0.17161533,-0.1896488,0.009732258,0.3539039,0.121142656,0.18418281,0.15587522,-0.37148407,0.11222283,0.026151381,-0.14095396,0.117637835,0.2771694,0.25786775,-0.022067385,0.19583824,0.048826292,-0.103536814,-0.5127807,-0.17253116,-0.16129416,0.39129174,0.19384058,-0.1566698,0.12615651,-0.11483697,-0.35759807,-0.14982398,0.47891545,-0.122256584,0.12923755,0.17811075,0.08203673,0.19726686,-0.4204476,0.100948475,-0.2255421,0.088189594,-0.08344175,0.4943735,-0.13261732,-0.25986898,-0.0051424056,0.012691688,-0.10392589,-0.4933057,0.30165562,-0.14417908,0.6717185,-0.046168115,0.24668403,0.124982215,-0.1507655,-0.16362578,0.16494384,-0.08175476,-0.039503507,-0.15066509,0.2907658,0.00084437255,0.10889892,0.086418174,-0.20055234,-0.20921567,-0.008301564,0.12433363,0.034434095,-0.09424563,0.16336304,0.17389469,0.18009259,0.23871882,-0.031502694,-0.03584915,0.31205577,-0.18873446,0.10940654,0.29199,-0.029716844,-0.09644118,0.080641665,-0.32645112,0.39222237,-0.13714527,-0.05541722,0.43406934,-0.015886022,-0.18002994,-0.17692885,0.10536966,0.22195765,-0.14587627,0.25727218,-0.11522033,-0.1993169,0.1279822,-0.013772493,-0.19671938
commodity_46,0.09113856,0.08055579,0.29979557,0.2988351,-0.061075687,-0.22340007,0.03644766,0.083171345,0.18322709,-0.17105633,0.0495537,0.046860673,-0.11590972,-0.13462809,0.027422383,0.10267252,0.058227543,-0.2536146,0.039915122,0.035689335,-0.26400766,-0.22516249,0.06022305,0.0027390446,-0.03229138,-0.29861715,-0.07378772,-0.047756247,-0.16069426,-0.06908758,-0.010518875,0.01930669,-0.031112937,-0.055848327,0.0069635906,-0.09500405,-0.16038567,-0.12480322,-0.040451802,-0.24660186,-0.28368995,-0.046501353,-0.09633639,0.1251963,-0.06548896,0.001122938,-0.058401413,-0.078972936,-0.37283126,-0.37183562,0.054097243,0.105851285,0.04684129,-0.22052383,-0.031265203,0.16520552,-0.41022515,0.05412069,-0.051641867,0.14448352,0.32090393,-0.17920244,0.3685231,0.3371605,-0.21069436,-0.01122159,-0.2418458,-0.14266144,-0.31305096,0.008993106,-0.120563835,0.06480498,0.4212582,0.038448706,-0.1849277,-0.17055185,-0.120700136,-0.06207618,0.39492127,0.3105306,-0.09042643,-0.013639191,-0.0037012962,0.013523628,-0.6288312,-0.120980084,0.047889307,0.25536227,0.055083603,0.054686967,-0.1643185,0.29787666,-0.2663652,0.05762385,-0.02689822,-0.19369371,-0.037267454,0.27458,-0.10358858,-0.006385453,-0.18680613,0.06443104,0.24028012,-0.08270831,-0.12504509,-0.02210395,0.08267916,0.033191007,-0.03136791,-0.119779974,0.24284671,-0.28996712,0.10306598,-0.01485735,0.1470135,0.12464282,0.029078752,0.047853135,0.18439978,-0.25193673,-0.14347215,0.08630424,0.23129268,0.12637995,0.12485953,-0.10917024,0.07219331,-0.035351884
commodity_47,-0.3608051,0.050323892,-0.305767,-0.07375225,0.16997464,-0.36486143,-0.36730012,-0.15300237,0.078688614,-0.2632494,-0.1463393,0.2763838,-0.009766926,0.156802,-0.047585055,0.1372364,-0.26978055,-0.04558164,-0.20670858,-0.1407714,-0.17375837,-0.06148824,-0.018660467,-0.15223119,0.12466978,-0.24030802,0.2821433,-0.21416523,-0.20381457,0.08898922,0.499465,0.3713516,-0.34907845,-0.028165802,-0.07127327,0.40042377,-0.18253973,0.035293758,-0.36835542,0.28382245,0.33324572,-0.04939888,0.2289021,-0.050812628,0.21989816,0.6907072,-0.22586541,-0.15439497,-0.21586217,-0.1403463,-0.03187442,0.21712482,-0.13513826,0.0035526888,-0.10050091,0.2804007,-0.29258096,-0.20914137,0.22536226,-0.16336827,1.3372993,-0.35210466,0.050188307,0.029688654,-0.10392933,-0.23714201,-0.23384713,0.086521275,0.050995268,-0.021707999,0.06323898,-0.09012908,0.0508898,0.28001183,0.34499,-0.1020122,0.83247215,-0.038724374,0.9403452,-0.09961942,0.23152585,0.32130405,0.1005932,0.3372739,-0.21772702,0.02894259,-0.15293124,-0.11628175,0.2373867,0.036054906,-0.08356677,0.15765125,0.14868282,-0.120037295,0.22775674,-0.15263425,0.5555703,0.04854281,-0.23478806,-0.023443857,0.061742064,-0.07229211,0.25512302,-0.76506287,-0.22755282,-0.034379754,0.35678482,0.13057855,-0.07237918,-0.0636732,-0.34431854,0.0016767257,0.53638977,-0.039492857,0.39076725,-0.16732664,0.2883931,-0.071438104,0.1499297,0.56125474,-0.037145294,-0.19073375,0.3174898,0.13224998,-0.3515286,-0.051905397,0.248656,-0.19139785
commodity_48,-0.06308274,0.01926769,0.0060358373,0.20973909,-0.14398327,-0.09733295,-0.055650022,-0.05072097,0.1653095,0.28137544,0.06270689,-0.073125035,0.18815702,0.18201785,0.011189032,0.39604136,-0.03937643,-0.048753712,0.098590985,0.24154946,-0.29817376,-0.3690902,0.019080564,0.10337108,0.00753869,0.044752967,0.012254567,-0.37787127,0.010971206,-0.25488156,0.16025756,-0.21768983,-0.330902,0.41695103,-0.10298994,-0.21268697,-0.3701293,-0.09510306,0.20367798,0.2520555,0.2335598,-0.2901643,-0.19584134,0.022845438,0.0027643652,0.22748828,0.08728601,0.13215467,-0.086283,-0.014060663,0.163482,0.090711564,0.125617,-0.24289182,-0.02292574,-0.10463112,-0.27594867,-0.5740043,0.12947689,-0.018315144,0.50860065,0.20108715,-0.046409912,-0.196827,-0.05171888,0.056640033,-0.010973779,-0.114571385,-0.085044354,0.33175507,-0.068851456,-0.15591708,-0.1983342,-0.06994321,0.1290139,-0.20996208,0.024936764,-0.16094624,0.35097784,-0.12833317,0.037497725,0.14006902,-0.16567479,-0.1582873,-0.3041377,0.20026106,0.33246833,0.22317383,-0.06361169,-0.050731543,0.26750737,0.29625112,-0.12631938,0.39454907,0.230725,0.035211507,-0.04639727,0.056696575,0.4001092,-0.08741018,0.09899122,0.32350945,0.22496735,0.2588176,-0.09423963,-0.36616987,-0.2876679,0.14459948,0.015564921,-0.13233747,-0.049444437,0.07433495,-0.14505136,-0.18547846,-0.187869,0.31940746,-0.035245303,0.13535841,0.021789389,-0.097665645,-0.10200515,0.23050511,-0.024878588,0.02931902,-0.052384563,0.010163778,-0.09428592,0.062081408
commodity_49,-0.056710772,0.07733765,0.03753401,-0.026602898,-0.030806873,-0.10194623,-0.04761364,-0.007075746,0.1745311,-0.06350087,-0.07990053,-0.031532656,0.4045298,-0.30738872,-0.003137458,-0.030805467,0.09289321,-0.20385624,0.027732093,0.2972186,-0.0656925,0.10395237,0.2170937,0.021527437,-0.10781531,-0.14020231,-0.042710334,-0.31973878,-0.089208774,-0.10006518,-0.03548925,-0.093045376,-0.22106713,0.029303446,0.20407133,-0.12817818,-0.5052265,0.08833766,-0.006002224,0.05588286,-0.09351521,-0.08612337,-0.1908145,0.3572499,0.008074919,-0.11801254,-0.113024816,0.012118861,0.02955502,-0.2437372,0.20136884,-0.04435101,0.11025106,-0.037930112,0.17838357,0.035199672,-0.19049047,-0.14925319,0.013514119,0.011477524,0.21477847,0.09580161,-0.08157546,0.073056065,-0.1615545,0.012240272,0.13781312,-0.04723547,-0.027236246,0.12472915,0.15689734,-0.3146228,-0.22357006,0.0344101,-0.039376963,-0.058219213,0.26895776,-0.108427905,0.35749832,0.3102647,0.14507546,-0.20530003,-0.104858026,0.13040519,-0.054251716,0.111107096,-0.16100182,-0.029400425,-0.10102525,-0.18208617,0.11775875,0.07660518,-0.14397463,-0.12392106,-0.22549468,-0.010524813,-0.06661514,0.06079476,0.1717778,-0.17379801,0.034435954,-0.10054083,0.091861814,0.14197965,0.060612988,-0.02021581,0.10842175,0.09136667,0.08163322,-0.08866473,-0.05101089,0.12709293,-0.10500018,0.00049948075,0.037026223,0.031021,-0.05460203,0.023026366,0.034821972,-0.047893904,0.060730156,0.054404087,0.033823512,0.05690031,0.024333522,0.040738147,-0.05814763,-0.12689388
commodity_50,-0.10609908,0.22672346,0.082699046,-0.095920034,-0.029810494,0.25495896,-0.05276657,0.021481954,-0.31512687,0.12114209,-0.115099736,0.03300722,-0.19322976,-0.04900996,-0.019227248,0.12150775,-0.054935247,-0.14104989,0.26238137,0.26105472,0.03241501,0.17115992,0.1728538,-0.30406624,0.21411833,0.006454027,-0.036797423,-0.20463547,0.03330974,-0.12733941,0.13358556,-0.15754361,-0.14699703,-0.054004375,0.16533221,-0.17029196,-0.29555678,-0.24858081,0.024703002,-0.25953478,-0.038439505,-0.009357928,-0.022460476,0.38979742,0.16148084,-0.242273,-0.28142792,0.024277477,-0.038071867,-0.3618934,-0.049738597,0.3599288,0.07155349,-0.32331318,0.23406185,0.13614576,-0.37931174,-0.24893682,0.13773362,-0.46727183,0.36720365,-0.13060628,-0.24799472,-0.21798515,0.08388747,-0.07208709,0.19476204,-0.19700918,0.14726666,-0.05037223,-0.13757615,-0.32784596,-0.042384546,-0.25357836,-0.022517992,-0.17706232,-0.12753122,-0.06612422,0.15759636,0.18794756,0.1945456,-0.30164468,-0.1163329,-0.08873873,-0.039282404,-0.6117616,0.022439446,-0.08461472,0.32921827,0.15967616,-0.056774657,0.040374156,-0.1648478,-0.2541754,0.12657125,0.27391386,0.0054944763,0.1378434,0.24068226,-0.14964068,0.29227135,-0.019721579,-0.13998666,0.16096501,0.2761046,-0.050000284,0.026607584,0.053206548,-0.12872458,-0.30693093,-0.1464357,-0.08998772,-0.23594074,0.32494023,-0.06440267,-0.2423226,0.02454149,0.19317485,0.06320165,0.14668867,0.054806817,0.3923869,0.308072,0.33814538,0.016400995,0.4716745,0.09175618,-0.25795776
commodity_51,0.16645926,0.17258829,0.2969858,0.19030648,-0.020474765,-0.5656657,0.15333459,0.097768866,-0.042028375,-0.054688692,0.2924281,0.16542499,-0.32554,0.28941074,-0.03044562,0.026781557,0.20018563,-0.06415425,-0.34735185,0.25129652,-0.06386359,-0.106807664,-0.048270404,0.023758166,-0.0046522906,0.11250676,-0.3945667,0.27238747,0.22416858,-0.08747606,-0.23323174,0.031112779,-0.4290289,0.0025412976,-0.08587695,0.20154853,-0.020098709,-0.15885767,0.013824885,-0.14946212,-0.2642272,-0.25686458,-0.08031288,0.0146721415,-0.14164917,0.5358118,0.1724511,-0.10538302,0.21366118,-0.27651373,-0.4193003,0.46582422,-0.08417299,0.23036483,-0.0006472999,0.16145015,-0.166231,-0.28963846,-0.20988612,-0.4492711,0.62087166,-0.24378519,0.101658635,-0.033784483,-0.026442438,-0.058861468,0.21168339,0.18605344,-0.2042573,0.049068727,-0.030080307,-0.42852122,0.21314597,0.08050436,0.13827968,-0.02379419,0.27356175,0.11243474,0.75480366,0.41595662,0.39648813,-0.14287716,0.019400388,0.44285646,-0.5218078,-0.2672381,-0.0014257664,-0.59065604,0.16889246,0.073484324,0.25833368,0.018791813,-0.48853004,0.40100753,0.46960154,-0.2818596,-0.19642466,0.16392465,-0.3774517,0.022922318,0.32093167,-0.32169825,0.22076671,-0.0068782773,-0.0025635934,-0.28497645,0.3165967,0.30723244,-0.37103102,0.13224176,-0.037271116,0.091215216,0.63881284,0.24069308,0.03580801,0.10932724,-0.08698698,-0.07108757,-0.43360105,0.0965611,0.14410141,0.07589346,0.06826258,0.19404057,0.35367724,-0.33809566,-0.07007708,0.113423675
commodity_52,-0.10977795,0.13104841,-0.026298178,-0.4688882,-0.05402927,0.3821342,-0.2367462,0.08921375,0.1476534,-0.39641067,-0.14701985,-0.22324789,0.423945,-0.20924476,-0.04488526,-0.2607489,-0.15465453,-0.032623444,0.29129016,0.04432066,-0.27653727,-0.26859733,0.12877116,-0.13016,0.010456146,0.0930131,-0.21357302,-0.4445303,-0.005127388,0.03852628,-0.03798273,-0.1292741,-0.028785354,0.08028972,-0.15845606,0.0046950695,-0.47457606,-0.06207165,-0.21499722,0.16853449,0.11702509,-0.05531256,-0.16956575,0.25814375,0.012028025,-0.40513894,-0.016864037,0.08032765,0.3461047,-0.36744028,-0.12596129,0.13374516,0.15991203,-0.15646172,-0.022052687,-0.044308152,-0.22107928,-0.37626067,0.11319055,-0.1485096,0.23169063,0.068833746,-0.30473068,0.2398169,-0.008151357,-0.0072118845,-0.10191764,-0.06611845,0.015944332,0.023735732,0.25343618,-0.23839578,-0.08777791,0.13258708,0.10808398,-0.2780033,0.36166814,-0.025328407,0.14563379,0.22666082,0.109135754,0.04208836,-0.028240386,0.16018908,0.41259542,0.050225377,0.01233367,0.07365514,-0.11575068,0.044191185,-0.0035389587,0.10047264,-0.30089957,0.3130821,-0.14664635,-0.10583485,0.034875408,-0.21809609,0.30567712,0.062078435,-0.049606845,0.004189742,-0.07009952,0.18104082,-0.07883455,-0.09425382,0.14755303,0.18971968,-0.08889435,-0.26835597,-0.0046071433,-0.065027155,-0.069915615,0.22727333,0.19460657,0.02170407,-0.024913674,0.097934,-0.08957353,-0.03506488,0.2122937,0.33701986,0.20684554,0.0021052305,-0.031054864,0.062988415,-0.002454261,0.05816446
commodity_53,-0.046174716,0.32665148,0.23146644,0.10533367,-0.0072313873,0.11616631,-0.015289631,0.12869924,-0.05794391,0.06641016,0.2739405,0.20945944,0.27569187,-0.018716384,0.20085591,-0.11847475,0.023563905,-0.19433844,0.047534555,-0.03700566,0.00087440223,-0.38749483,0.024835315,-0.4567997,0.08705588,-0.106947914,-0.25736862,-0.2611303,-0.13026331,-0.080177955,-0.08131022,-0.022696238,-0.16834831,0.080371924,0.08797017,0.025652254,-0.31634447,-0.033951636,-0.19468267,-0.11283907,-0.1767713,0.03154682,0.116662025,-0.34534493,0.063522056,0.091512345,0.108228505,0.10798731,-0.31075263,-0.2844639,0.0053269677,0.21256989,-0.06113897,-0.29340363,0.08119375,0.1296665,-0.33372483,-0.06944613,-0.06466306,-0.13518889,0.25531045,0.01862628,0.09287159,0.2580837,-0.21728463,-0.13002771,0.025747728,-0.022395277,0.27798152,0.13380955,-0.19289972,0.10913777,0.108427964,-0.088608906,-0.16509748,-0.049957905,-0.18796033,-0.10855522,0.35296977,0.5086619,0.062043898,-0.22111821,-0.085502416,0.120869875,-0.3433252,0.050502807,-0.066323556,-0.18190087,0.15736367,-0.018145088,0.108140305,0.39641023,-0.055053424,-0.0013339147,0.018656025,-0.21628347,0.18751867,0.081172176,0.02656674,-0.02530051,0.020727286,0.015163467,0.18064345,0.0458926,-0.0933361,0.034929365,0.30836496,0.1752782,-0.062335014,-0.020850005,0.009524933,-0.07365311,-0.0012509949,-0.17297494,0.14378071,0.055709366,0.045372006,0.036856476,0.124729365,-0.21080521,-0.0728274,0.03114798,0.0053851902,0.31346688,0.10600486,-0.149442,0.028000861,-0.23016934
commodity_54,0.17008922,-0.24236426,0.4654112,0.30459672,0.123741135,-0.36538208,-0.002399513,0.021987898,-0.058039416,-0.37820873,-0.0634973,0.20662579,0.056397606,0.04645197,0.14707032,0.12554678,0.4817275,-0.1449413,0.6039324,-0.45461968,-0.18367232,0.015730834,-0.053906415,-0.19441462,0.061418243,0.54415643,-0.062317166,0.20048372,0.14501964,0.10153536,0.50529367,0.1403955,-0.5214613,0.56961596,0.043332417,0.1938277,-0.53707206,-0.29671234,-0.5942601,-0.76383615,0.40289056,0.1891887,0.3658208,0.0011478511,0.33042586,0.43156296,0.0048814537,0.001416893,0.13516288,-0.01445136,-0.42922834,-0.123261854,0.2134494,-0.097640455,0.15857105,0.07236184,-0.0066640917,0.020241661,0.37222132,0.05736171,0.01187931,-0.033910528,-0.2754452,-0.05136152,-0.07570655,0.43026835,-0.89203274,-0.16731451,0.4310196,-0.2953108,-0.020728875,-0.5806089,-0.06913622,0.089270994,0.0812408,0.088274375,-0.02980443,0.08377426,0.6547138,0.5230049,-0.572431,-0.36121392,-0.005648121,0.3555755,-0.509731,-0.06818036,-0.006489584,-0.2321169,-0.07904591,0.11157809,-0.2301507,-0.16911696,-0.26520008,-0.14316635,-0.07762745,0.07479588,-0.2902453,0.1351107,-0.08637067,-0.026674315,0.27647108,0.11037923,-0.22860192,-0.20428158,-0.29044056,-0.18257993,0.3281466,-0.2371321,-0.15233691,-0.0031648744,-0.07349503,-0.15738606,-0.06367058,-0.015361974,-0.4751784,0.26884377,0.39533684,0.014189199,0.6317592,0.21655576,-0.47237703,-0.2517578,-0.010888877,0.61703336,-0.1987138,-0.2348345,-0.13963778,0.33000967
commodity_55,-0.08097456,0.0139105115,0.1347697,-0.12850533,-0.05408266,-0.08027604,0.12749054,-0.07515776,0.07701065,0.07218102,0.013527857,-0.040207412,0.41234046,-0.38109702,0.0065050907,-0.16134767,0.053503193,-0.21450604,0.03326364,0.19903804,-0.0993637,-0.13501006,0.19168815,0.19396727,-0.11024338,-0.2748352,-0.0060865423,-0.2242666,-0.0817492,-0.1281503,-0.0754739,-0.015567295,-0.35883233,0.047448497,0.25042412,-0.16325624,-0.47522968,-0.022454344,0.088536635,0.22162914,-0.029440632,0.033312,-0.051396128,-0.16801554,0.12940592,-0.13037252,-0.104118444,-0.006448708,-0.096613966,-0.29618058,0.20610423,-0.019620057,0.035989203,-0.0922459,0.18882833,-0.04357374,-0.07841173,0.017757941,-0.07491258,0.13975348,0.16388957,-0.10113829,0.05454079,0.06891208,-0.16920851,0.05044286,0.24901254,-0.17307654,0.012816606,0.16084355,-0.00790252,-0.1989113,-0.060230583,-0.0019203776,-0.16805734,0.34024304,0.1426184,-0.08681656,0.31067488,0.4649277,0.3243637,-0.19682585,-0.048254088,0.19273382,0.45520654,-0.04764235,-0.2742974,-0.1141098,-0.01947481,-0.24691887,0.089052655,0.28022835,-0.22090335,0.036697492,-0.058556475,-0.030538138,-0.086278684,0.012418489,0.3662359,-0.07020637,0.1601017,-0.011940461,0.19722226,0.0692484,-0.0610785,-0.09487013,0.1768027,-0.028084172,0.053471476,-0.053796828,-0.13869339,0.15245236,-0.20159565,-0.06907757,0.12818547,0.17850854,0.09857756,0.10039518,0.09140166,-0.15039793,0.11871548,0.1421447,0.08397725,0.18751356,0.046214543,0.021166967,0.06473209,-0.16534935
commodity_56,-0.09274578,-0.30997565,0.034134407,-0.18485019,0.11218831,-0.3010725,-0.08768447,-0.06645784,0.06704555,-0.22226718,0.38552743,0.19983049,0.13441071,0.2645364,0.20169343,0.14281021,0.15632439,0.057552714,0.034435708,-0.054894336,0.03622416,-0.046493974,0.23829313,0.3467986,0.036934428,0.074253,0.3146616,0.08524474,-0.2552826,0.05337976,0.13136189,0.30329117,0.18002412,0.04421461,-0.04049864,0.14536166,0.074434206,-0.041304283,0.113617346,-0.004301252,-0.12316154,-0.5785406,-0.030399714,0.15093493,0.23367089,0.37394765,-0.036017336,0.33443004,-0.009245594,-0.025055205,0.033603445,0.7232305,0.03865232,-0.018107556,-0.44428208,-0.17549579,-0.32831475,-0.11176917,-0.10439584,-0.22540319,0.7763167,0.33838812,0.011528027,0.27748162,-0.2316601,0.010264554,-0.20701395,0.1999317,0.35057342,0.48795807,-0.17949885,-0.058590926,0.1306593,0.007651521,0.14207345,-0.46516263,-0.07842737,0.20648287,0.6358752,-0.035085663,0.24634027,0.08269213,-0.2720549,0.36248994,-0.22625948,0.08791076,0.19167574,0.061182935,0.4188558,0.3053546,0.028263686,0.21379916,-0.032980546,-0.32009694,0.53349346,-0.19838676,0.22473916,-0.22822534,-0.0654528,0.51777786,0.0027664797,-0.19060446,-0.01783433,0.13546537,-0.13815668,0.04522288,0.30717602,-0.0135282725,0.1362505,0.15225263,-0.08476175,-0.29865238,0.29843548,0.07610764,-0.049757108,0.66871434,0.34897098,0.58025706,0.18116237,0.07836507,0.036652785,0.08237742,0.2370786,0.46815786,-0.20191002,-0.29424417,0.46867886,-0.464135
commodity_57,-0.13708748,0.13848346,0.15322307,-0.077900976,0.050283697,0.18635535,0.08576711,-0.19083425,0.0039230324,0.031187626,-0.20104054,-0.16271935,0.3141415,-0.13121486,-0.22205777,-0.27419543,0.07686607,-0.10453124,-0.32097042,-0.064816155,0.06437973,-0.3266043,-0.18684071,-0.39868945,0.10726885,-0.030921573,-0.40638912,-0.05798635,-0.113586865,-0.0013728784,-0.2035964,-0.119234,-0.016160714,0.117459826,-0.04859782,0.010653637,-0.3624769,0.37775224,-0.20462203,-0.013425242,-0.06640053,0.08746982,-0.14257154,0.08582402,-0.05472267,-0.16509734,0.16757673,-0.052871004,-0.5136486,0.15798366,-0.1818039,0.06372397,0.032071993,-0.057303216,-0.2855811,-0.12876081,0.05252008,-0.18403092,-0.19799416,0.04824011,0.034956664,-0.02506223,0.2384043,0.23606387,0.3093712,0.070383795,0.36505723,-0.57698727,0.039209,0.41532242,-0.05883732,-0.23874028,0.14806542,0.10633859,0.06004896,0.17031935,0.12643467,-0.32013628,0.39106047,0.16127296,0.39413473,-0.047213078,0.20319153,-0.17404525,0.37220797,-0.2480564,-0.25545174,0.13654597,0.3093087,-0.25247198,0.27078804,-0.2636431,-0.14574593,0.20995174,0.1020956,-0.13793395,0.2205074,0.06455415,0.433518,0.2169342,0.2087882,-0.14969616,-0.35389766,0.095702805,-0.1318871,-0.03761335,0.15182535,0.035541132,-0.038932607,0.1947287,0.088792294,-0.36018857,-0.03869673,-0.20349051,-0.40315533,0.25546196,0.09059505,0.3123287,0.045467574,-0.21053132,0.060963344,0.4158165,0.15276472,0.42557243,-0.017632294,0.21751024,0.2506262,-0.23119162
commodity_58,-0.092979476,0.0919029,0.106964566,-0.15496746,-0.07954617,0.21682663,-0.033435334,-0.17792346,-0.010050718,-0.079362154,0.04951138,0.038673054,0.26059178,-0.21833687,-0.20532195,-0.27846158,0.21838345,0.07162858,0.13963054,0.15007442,0.18110128,-0.14880346,0.18290769,-0.05946518,0.11214962,-0.18659258,-0.14970715,-0.2826299,-0.20942947,0.14329948,0.05702441,-0.04038167,0.028555855,0.09583504,0.11754393,-0.117738955,-0.41141647,-0.11443907,-0.1638299,0.28411463,-0.10596857,0.15108895,0.11316827,-0.29430652,0.15771486,-0.35252407,-0.16605172,0.027226737,-0.05755732,-0.35940585,-0.05574628,-0.013283204,-0.14239354,0.053387236,-0.114677645,0.06208292,-0.27898723,0.024954613,0.18711327,0.05547538,0.23333828,0.14340977,0.06350169,0.3004629,-0.03096818,-0.072058305,0.29362494,-0.14388123,-0.06269116,-0.25872076,-0.15494782,-0.053410675,-0.08148228,-0.08138874,-0.23777482,-0.0941781,0.14371935,0.013936497,0.46253926,0.28013784,0.13649133,-0.05691782,-0.1786761,-0.122807965,0.054683417,0.053269207,-0.21016985,0.150596,-0.36182466,0.16412419,0.0038902084,0.2756375,-0.29184696,0.30193785,0.113521926,0.060047578,0.0038740744,0.01062725,0.48749572,0.027458811,0.49869916,-0.07765599,-0.026923466,-0.010847403,-0.24257614,-0.18471336,-0.12005883,0.3447715,-0.022759428,-0.042917747,-0.12146447,0.028434189,-0.014273222,-0.036119316,-0.1065813,0.06389513,-0.035590872,0.050664358,0.02760594,-0.10254273,0.034462895,0.16052596,0.02992381,0.35384142,-0.038754646,0.107424244,0.05435405,0.017772576
commodity_59,0.07234051,0.13370149,0.20310694,0.12507775,0.5760229,0.050378155,0.19920692,0.21517724,0.049700107,-0.23912004,0.121111885,0.14365888,-0.13553977,-0.18368202,0.14939764,0.13381574,-0.0696513,-0.19266461,-0.31880674,0.16566294,-0.09789728,-0.13282838,0.05462767,0.02013542,0.20276581,-0.026015347,0.19546193,-0.032429144,0.21722299,0.18783227,-0.059234988,0.3049906,-0.20646223,0.029979518,0.07049157,-0.048083916,0.03092672,0.046312526,-0.0004612269,0.011921691,-0.17141163,-0.22657293,-0.042367887,0.20713755,-0.43192366,0.10608016,0.12258292,0.1092162,0.0034667554,-0.32088134,-0.10803609,0.29745662,0.10490688,0.04711564,-0.061862886,0.112125404,-0.43502915,0.19530085,-0.16518003,0.27492744,0.57277924,-0.10989969,-0.16104753,0.029989274,-0.16006526,-0.11240167,0.25958607,-0.3272033,0.23610248,-0.3659321,-0.15917325,-0.3336712,0.076279536,0.2083783,-0.06603296,0.27172872,-0.14285177,0.25157672,0.5646934,0.28105995,0.19244993,-0.023604345,-0.36261255,0.031505395,-0.5209112,-0.6038809,0.32104146,-0.20122232,0.6900563,0.24763443,0.06480003,0.6252811,-0.43349227,-0.16364998,0.1605823,0.09709586,-0.051320788,-0.027315792,-0.17850788,-0.0069712866,0.81294817,0.2813686,-0.19026178,0.3989651,-0.21907394,-0.15714097,-0.15035655,0.11768939,-0.27817008,0.086283505,-0.08075662,-0.07888062,0.09503947,-0.1696422,0.1651263,0.08510038,0.1337872,0.07894712,0.065411754,0.05284038,-0.13953325,0.025817716,0.2232708,-0.14783193,0.31295383,-0.12758005,0.34548312,-0.54230165
commodity_60,-0.14517057,0.49365512,0.09105468,0.1852634,-0.14631066,0.16813613,0.2997052,-0.28955466,0.08643668,0.19982801,0.013323844,0.3190354,0.23802297,0.12864515,-0.115969986,-0.09329986,0.4182733,0.34011865,-0.71348196,0.4945557,0.33448505,-0.051466066,0.27428296,-0.1952537,0.09114517,-0.13319796,-0.12166284,-0.5289398,-0.277036,0.086644456,-0.4563949,-0.10039849,0.50473255,-0.25029776,-0.023864063,-0.25650194,-0.6650427,-0.119161695,-0.08175227,-0.21618825,0.16852641,-0.112820625,0.012086891,0.04264338,-0.19933063,-0.58367133,-0.051965,-0.25206655,0.3282038,-0.019156627,-0.6117014,-0.03527493,0.21232007,0.29157454,0.14600126,-0.05870588,-0.0150979655,0.01024716,0.1412735,-0.08673308,0.15949535,0.16399929,0.37060028,0.13207668,-0.20413184,-0.06107088,-0.48512378,-0.1503249,0.26170883,0.13865928,0.059563965,-0.2995327,-0.23307684,0.10553337,0.119897194,0.09740644,0.3741864,0.14636159,0.26508397,0.11707651,0.34960246,0.11343842,-0.15043585,-0.113862395,-0.073457666,-0.13979492,0.09250249,0.039859317,0.22999662,-0.57798934,-0.28929168,0.40886784,0.08228837,-0.1042445,-0.6173308,0.16455424,0.014767729,-0.35536757,0.28203082,0.1561172,0.35690188,-0.05286906,-0.19533025,-0.08352514,-0.016274324,-0.27770364,-0.09787106,-0.333189,-0.042055912,0.37732935,0.33660054,-0.031912293,-0.14150503,0.2607565,-0.27202663,0.22298922,-0.02867838,-0.24867685,-0.24822953,0.29110104,-0.01974993,-0.0050978893,-0.3217412,-0.34228188,-0.18355133,0.72583073,-0.17512123,0.095357396
commodity_61,0.21351129,0.42761058,0.14669633,-0.17398044,0.0060156626,-0.041609112,-0.08077507,0.12024446,0.15947993,-0.23113541,-0.27840325,0.11777236,0.26230916,0.30034053,0.0003386638,0.3833222,-0.16437908,-0.013776694,0.18548554,0.20658074,0.27428347,0.06553414,0.33829114,-0.007598604,-0.10993619,-0.29633695,-0.0055309497,-0.051671207,-0.3863027,0.05085905,0.07501032,-0.15657061,-0.14933197,0.0013739588,-0.08605022,0.14979771,-0.05578785,0.008452784,-0.16397725,0.31268555,0.07151755,0.2154299,0.16611968,0.3398546,0.43382463,0.0888044,-0.40843183,0.18845734,0.30725947,-0.25221777,-0.22088678,0.35992533,0.17083451,-0.26562235,-0.14997052,0.3594611,-0.24518079,0.17464149,0.109824315,0.048336815,0.1882892,-0.24102893,-0.2759832,0.08426621,0.17344862,0.3957084,0.101905935,0.15912075,0.057578783,-0.15907563,0.4328519,0.30160624,0.19225371,0.024067443,-0.022945965,-0.33816916,0.2399599,0.26088074,0.8560113,-0.18204387,0.051660113,-0.24650578,-0.5152808,0.26427853,-0.13617584,-0.023489201,-0.054838046,0.32689205,-0.14179628,-0.07500753,-0.11296598,-0.22627836,-0.6035087,0.25407866,0.06585452,-0.40221655,-0.03544113,-0.113634564,-0.03979896,0.13192318,0.2916715,-0.104709454,-0.017682431,0.17361462,0.18144758,-0.21323568,0.1557505,0.2423121,-0.10611483,-0.011393238,0.23383604,-0.048899245,0.080744214,-0.2557525,-0.21053486,-0.37431356,0.15655601,0.14430022,0.06501404,-0.033125043,0.018090691,-0.08735544,0.056751307,-0.1146054,-0.038995806,-0.08563108,-0.079727605,0.17174618
commodity_62,0.004978148,-0.0478195,0.03302938,0.041463464,0.26917684,-0.04583288,0.036645405,0.028358664,-0.19070016,-0.06436744,-0.031449586,0.030567935,0.34237665,-0.3126743,-0.13737534,0.045580752,-0.021171074,-0.20128891,-0.12120269,0.20049807,-0.080109976,-0.24063265,0.120413154,-0.12692624,0.026822401,-0.07943866,-0.3487538,-0.08399212,-0.39792487,-0.26078266,0.20350948,-0.078036,-0.2789716,0.030944258,-0.06820607,-0.13415062,-0.5608462,0.055054046,-0.25871313,-0.014235055,-0.062318873,0.13299283,0.2686202,-0.06510764,-0.014630538,-0.31194878,-0.13159564,0.05099848,-0.007723601,-0.24888146,0.0342527,0.066760965,0.16578643,0.04483368,0.07005245,-0.023096804,-0.23554124,-0.23811844,0.001811811,0.07758029,0.19808458,-0.14144191,0.082257956,0.07222639,-0.055863675,-0.04313314,0.259645,-0.013209388,0.031509273,0.1288192,0.10551743,-0.07641852,0.15261306,0.0166974,-0.13148367,-0.010887571,0.37116987,-0.10428528,0.5384764,-0.17118505,0.2273464,-0.115680285,-0.2115949,0.21908845,-0.3112422,0.068197414,-0.20345402,0.22596093,0.014077965,0.02542868,-0.14606968,-0.19461632,-0.14642711,-0.098906055,0.107074305,0.085286304,-0.30668896,0.14816163,0.2474947,0.166784,0.004959576,0.0300094,-0.022510424,0.20460905,0.024220804,0.051224153,-0.1381791,-0.06586992,0.076830804,-0.1551201,-0.020530555,0.2823307,-0.1712966,0.066491194,-0.10590102,0.10063854,-0.094708435,0.106769264,-0.12245407,-0.09933561,-0.26079017,0.060532127,0.07620755,0.14927588,0.030216146,0.013785225,-0.45241597,-0.04563211
commodity_63,-0.2024444,0.21518508,-0.12868147,-0.055940017,0.15816823,0.24850394,0.10656307,0.028448237,-0.01720858,0.025471117,0.09294725,0.03533608,0.28278616,-0.07916048,0.13249016,-0.07847444,-0.24030629,0.010836552,0.061576813,-0.006909116,-0.13062741,-0.049485754,-0.06402799,-0.32078898,0.004480608,-0.11885353,-0.31218737,-0.26171958,-0.15091327,-0.021342335,0.017781941,-0.039922155,0.05183905,0.08302946,0.060930446,0.017221585,-0.34256807,-0.11181294,-0.1411581,0.052044973,0.028959088,-0.08612793,-0.06035947,0.1961352,-0.030337723,-0.35015702,-0.13336368,0.10717127,0.11404547,-0.17370372,-0.08169964,0.28804344,-0.0026473703,-0.08379849,0.012755724,0.038511258,-0.20292217,0.06404946,-0.0063643376,0.06551884,0.16698296,0.05429711,-0.040165853,-0.0032420312,-0.31282094,0.065880515,0.035183296,0.09893483,-0.0931138,0.10606854,-0.027160725,-0.022058563,-0.075245455,-0.07847437,-0.19773693,0.08604573,0.26077688,-0.088424996,0.08500157,0.32361934,-0.028352872,-0.26776582,0.04465754,-0.09157191,0.2677768,0.07710599,0.015872099,0.055945564,0.06126361,-0.011760206,0.14544371,0.27807832,-0.23831402,-0.11890838,-0.18142225,-0.05764533,0.019430246,0.0063661006,0.12974659,-0.18900588,0.521759,0.042174686,0.16908126,0.12599312,-0.04233378,0.010801177,0.34023783,0.21050073,-0.14113079,-0.19268149,0.08120106,-0.12287604,0.04275236,-0.19479159,0.15833049,-0.07964658,-0.08989515,0.12717648,-0.07908771,-0.19969681,0.09094662,0.09174724,-0.04076186,0.22766322,-0.15190233,0.11466681,-0.089833766,-0.14600636
commodity_64,0.1270764,-0.009230349,-0.063099466,-0.11911059,0.37128037,-0.33617324,0.1314015,-0.061721325,0.0069467695,-0.12976657,0.001898427,0.027819596,-0.01378129,-0.20245159,0.15538654,0.033855677,-0.70419264,-0.13256766,-0.041770834,-0.012454813,-0.21046588,0.016557654,0.47498092,0.10983142,-0.06747312,0.0350269,-0.20635359,-0.088946655,-0.24954806,0.16179994,-0.014963189,0.029299265,-0.345466,0.082259074,-0.014317825,-0.067519106,0.012693813,-0.4428476,0.4504102,0.55431336,-0.19101486,-0.011711433,-0.05010944,-0.48699,0.13844196,0.08268446,-0.59385115,0.10855988,0.058269456,-0.16443089,-0.029944256,-0.41497514,-0.023451887,-0.2716234,0.06383169,-0.03801453,-0.12944524,0.12940386,-0.28679034,0.1135045,-0.01535441,-0.034627255,0.19733028,0.20519263,-0.14379352,0.10116266,-0.21474114,-0.15125193,-0.20439097,-0.07680603,-0.02185224,-0.34104684,0.04812189,-0.14757451,-0.13872376,-0.15916161,-0.06274901,0.06554692,0.29428026,0.53489137,0.3330854,-0.27102554,-0.118926436,0.07376422,0.16438496,-0.5184028,0.13485105,-0.47391835,0.13017386,0.15734982,0.10469704,0.2167563,-0.18252048,0.15239422,-0.073501095,0.4654826,0.19535062,-0.16915464,0.16201122,0.36234355,0.3959008,-0.15711105,-0.065801285,0.046397794,-0.41758013,0.070776515,0.31352293,0.06698594,0.6407058,-0.21439923,0.18048872,-0.19470425,-0.48604894,0.1792174,0.20574534,0.39907113,-0.13899012,0.5822402,0.40421915,-0.30422395,0.008889368,0.122581415,0.2860559,0.08383462,-0.24893032,0.12553293,-0.054586798,-0.20960334
commodity_65,0.16329622,-0.00096816034,-0.044611942,-0.50741047,0.18627265,-0.038135134,-0.10781983,-0.1247132,0.43697074,-0.10956541,0.06109762,0.1504298,0.09016477,-0.25400028,0.0971072,-0.2606813,0.15351123,0.11153624,-0.07543401,0.1324567,-0.17517368,-0.303826,0.27432978,-0.17748939,-0.11749911,-0.11883486,0.09113974,-0.14925802,-0.25197384,0.20999216,-0.08988364,0.13030247,-0.08578147,0.16198096,0.24829224,-0.00014203181,-0.22442293,-0.015820276,0.12298187,-0.13705339,-0.10860354,0.17385352,-0.08023284,0.009263321,-0.06694084,-0.49187922,-0.09847529,0.06811345,0.13609278,-0.016852252,-0.12757508,0.07447953,-0.054026466,-0.4592493,-0.013150986,-0.24646662,-0.20252888,0.081348866,-0.031513497,0.12471131,0.07664671,-0.3124204,0.06263249,-0.13467187,0.19727024,0.09070774,0.122946315,-0.075734474,0.13105729,-0.09768492,-0.102330424,0.0014406461,-0.03938883,0.21660854,0.032073982,-0.23953468,0.24162418,-0.11241466,0.4724623,-0.53460383,0.1713778,-0.020241259,-0.21348552,-0.019497367,0.023365239,-0.097693644,-0.23654576,0.29591423,0.0908148,0.043840855,0.2059872,0.2382287,-0.026288211,-0.08415795,-0.22056846,-0.20737395,0.06748596,-0.07811486,0.3153327,-0.022391373,0.25304672,0.2962921,0.14285216,-0.0020656977,-0.041744657,-0.20527187,0.19014649,0.26802942,-0.18812998,0.12191527,0.036716428,-0.06857089,-0.08230379,-0.41622585,-0.04106151,-0.23089212,0.057729032,-0.059127916,-0.39457896,0.13175839,0.16350237,0.31236398,0.289569,0.044763774,-0.10787225,-0.09475906,0.018400295,0.087533474
commodity_66,0.09362815,0.07937214,0.12654054,-0.032241136,-0.29183885,0.10463506,0.13941245,-0.2130021,0.34435314,-0.14789863,-0.2654237,-0.1175507,0.034326144,-0.09129458,-0.07117174,-0.48329505,-0.08207648,0.04129984,-0.06818114,0.01522619,0.03119329,0.078941315,0.034602437,-0.06309843,-0.14135528,-0.10495345,-0.17485258,-0.1010077,-0.20125875,0.58491266,0.089211114,0.062178623,0.094139025,0.11343256,-0.066016555,-0.035883486,-0.38697445,-0.044459026,0.045518897,-0.052781273,-0.31793043,-0.094395205,0.012956066,-0.035991788,0.044505067,-0.37598756,-0.114434294,-0.2639197,0.38850185,-0.10561663,-0.2618721,0.18859021,-0.08661341,-0.2997744,-0.09114046,0.005016453,-0.42571145,0.037984468,0.14641878,-0.08154777,0.3233138,0.38242266,0.39446917,0.007586986,-0.20637463,0.20988055,0.23528399,-0.16874921,0.2328491,0.1658971,0.01781711,-0.035598285,0.02235029,0.27068517,-0.32928768,0.21041664,0.16616946,-0.15230216,0.14577399,0.01837647,0.12436493,-0.13252099,-0.0005591827,0.11597473,-0.09220776,-0.1293571,-0.25980023,0.3958024,0.2169048,-0.0033507124,-0.018102713,0.37553525,-0.095862865,0.1094142,0.3138524,0.034493092,0.024620987,-0.037644587,0.35521477,0.12022338,0.32603756,-0.017057382,0.19168958,0.00762474,0.12790345,-0.07666357,0.17604351,0.07585691,-0.05874311,-0.061689414,-0.21090935,-0.11503135,-0.08741774,-0.09010201,0.121971756,-0.12741032,-0.05898774,0.16582605,-0.04429294,0.034649506,0.04708056,0.00739036,-0.17943633,0.08989399,-0.17901662,-0.09062631,-0.13492085,0.05818583
commodity_67,-0.18910241,-0.033675585,0.003698018,-0.04398972,-0.31249154,0.37638357,0.10728389,-0.06369726,-0.07257997,-0.091022074,0.04795632,0.036083087,-0.036154043,-0.06470887,-0.034115575,-0.3003852,-0.2957092,0.13063982,0.095778875,0.18857248,-0.026820999,0.25428092,0.019025654,0.16934173,0.095488995,-0.07687727,-0.4344724,-0.35585263,0.10420488,0.057788096,0.06485124,-0.29267237,-0.32771853,0.013291828,0.31772652,-0.01007654,-0.47255716,0.16814442,-0.4787742,0.35077125,-0.124282196,0.32138085,-0.38824058,0.40048087,0.028133575,-0.40367427,-0.13521104,-0.37159947,0.31555685,-0.3560661,0.10996457,-0.24757668,-0.14516401,-0.20214099,0.12760685,0.34189877,-0.5411575,-0.02194551,0.30306143,0.41358605,0.19654547,0.395759,-0.05401294,-0.049182788,0.06554069,-0.10850533,-0.12464563,0.3121904,0.23225479,0.46304694,0.15098925,-0.044099737,0.047830172,0.3991655,-0.24640149,-0.3648456,-0.1836109,-0.2778783,0.2757892,0.12066724,-0.052085638,0.11185414,0.15560131,0.3462139,0.07545865,-0.27370927,-0.2965078,-0.2001899,-0.02762217,0.0048554866,-0.03778071,0.17208911,-0.07730695,-0.12886192,-0.0012383872,-0.062907666,-0.04767924,-0.15892074,0.3034055,0.011466877,0.06400668,0.0048616757,0.25591967,0.16248696,0.043860503,-0.08478185,0.16840577,-0.2742882,-0.059108697,-0.23681414,0.157151,-0.013474461,-0.21835655,0.3681553,-0.16170749,-0.117385745,0.08819706,-0.08848739,-0.28127113,0.061981842,0.16601081,-0.488156,0.27678418,0.45055577,-0.026487669,0.07301389,-0.2008081,0.07076673
commodity_68,0.16720296,0.18390529,0.06406046,-0.43882257,-0.28924298,0.39645347,-0.26065642,-0.110618256,-0.042984545,0.21801901,-0.23362494,0.16010289,0.0995983,-0.34473827,0.06135331,-0.13915628,0.025356807,-0.11981861,-0.1609919,-0.07026003,0.22279038,-0.0011668485,-0.15373617,-0.2342835,-0.3971685,0.07867788,0.14505787,-0.06290542,-0.2920693,0.17717814,-0.025831716,-0.1364081,-0.008797366,0.04164951,-0.3035739,0.116390936,-0.10712783,-0.070918016,-0.17664944,0.25197858,-0.2713854,0.28282303,-0.3006311,0.061324697,-0.0138472235,0.14749579,-0.4817475,0.040458124,-0.4412347,0.26137543,-0.2077827,0.13394734,-0.075097404,0.009807566,0.09626389,-0.048287526,-0.28396446,0.23086621,0.2712575,-0.46877,0.30085346,-0.03217418,0.014676822,0.08302695,-0.19401972,0.17615876,-0.1305587,-0.07312547,0.16747846,0.015413328,-0.52726,0.054819293,-0.13854793,-0.06444416,-0.19360742,-0.30453512,-0.29392117,0.34791455,0.09235489,0.26419052,-0.6566154,-0.55720305,0.14715111,0.1349492,-0.49143043,-0.06834618,0.2718347,-0.07311966,-0.079708256,0.05927522,0.21053812,0.0060797376,-0.07179751,0.105899446,0.053038567,0.10958242,-0.18583491,0.48565263,0.76056236,0.34292346,-0.07103768,-0.34102935,0.14337409,0.25221965,-0.127526,-0.50474745,-0.0025623143,-0.0803612,-0.18859786,-0.031643227,0.17906176,-0.2844574,0.18457535,-0.28550035,0.10964176,-0.035866685,0.22211501,-0.23183976,0.29388097,-0.05389502,-0.13223486,0.13905627,0.31554887,0.042220835,-0.17430602,0.11854579,0.27854136,0.08330734
commodity_69,0.3631713,0.06476965,0.09081009,-0.22955918,-0.32969895,-0.07983332,-0.028659523,-0.40932295,0.2074252,0.27350068,-0.11800572,0.35139796,0.3110927,-0.078807324,-0.15184082,0.3871354,0.22361681,-0.26889056,0.05617053,-0.35677183,0.38327488,-0.05387979,-0.3628124,0.11761882,-0.37905058,0.10042071,0.35083356,-0.04092888,0.06739779,-0.21916486,-0.22048058,0.15483558,-0.11111799,-0.23324554,0.15538783,0.45367092,-0.18413427,0.17555723,-0.11012549,0.22483295,0.008524349,0.30148464,-0.07301216,-0.40815592,-0.16290261,0.09674153,-0.38135168,0.13773347,-0.2788617,0.14455259,-0.31548253,0.4712834,-0.029754044,-0.17948931,0.07241645,-0.024653126,-0.09908389,-0.16604982,-0.01282319,-0.2800593,0.5952219,0.007894505,0.046664625,-0.11560943,-0.19406524,0.2956955,-0.19256708,-0.089883596,-0.0659446,0.278605,0.4971386,-0.11004939,-0.5700346,-0.39006186,-0.26574335,-0.066919364,-0.22901866,0.44226864,0.6458105,0.046429716,-0.10985607,0.029650858,0.24847859,0.26972723,-0.6271145,0.20126134,-0.36720628,-0.36805892,0.4083515,0.36284563,-0.36297768,-0.19670853,-0.13486372,0.017305901,0.37626344,-0.4122101,-0.0637886,0.33787462,-0.31501782,0.30270985,0.31878316,-0.078768075,-0.02257878,0.031767163,0.14051536,0.00344247,0.33629358,0.02453885,-0.23348242,0.29121342,0.12911867,-0.46406943,0.35471794,-0.26042926,0.16217488,-0.10824916,0.4806092,-0.6693432,-0.05114687,0.14912874,-0.34571394,0.38789153,0.3658021,-0.2795331,0.3039158,-0.31451854,-0.11949937,-0.13423021
commodity_70,0.047069926,0.1876195,0.038944643,-0.3221984,-0.2381345,-0.11476602,-0.28928944,-0.21607472,-0.13760355,0.116989665,-0.24006715,-0.084230274,0.6101641,-0.3025144,-0.20015708,0.04903417,0.16304874,0.04515905,0.17109938,-0.1004011,0.22463877,-0.13869908,-0.3018029,-0.11177666,-0.17325279,0.12535779,-0.251471,0.18343233,-0.2990193,0.08292041,0.15198979,0.34452227,-0.029463701,0.08047493,0.09612886,0.08291263,-0.6332658,-0.07596598,-0.114131086,0.10598016,-0.08063634,0.25179514,-0.34359384,0.062016126,-0.0666602,-0.38465038,-0.01760527,0.112293825,-0.07584899,0.17107464,-0.1744539,0.36203608,0.05613431,-0.07066928,0.35232627,-0.06972727,-0.25425407,0.16389784,0.059331,-0.40073663,0.030026503,-0.07673668,0.16339988,-0.19663677,-0.17246097,-0.011394149,-0.20431231,-0.12749597,-0.06397774,0.124491654,0.12307918,-0.1072069,-0.137932,-0.20858456,-0.40756884,-0.07387569,-0.11927326,0.17492725,0.24034084,0.058274623,-0.34553087,-0.3432024,0.50263363,0.10117916,-0.070598945,0.0047918707,-0.23804213,-0.09390034,-0.2233343,0.16749285,0.042141207,-0.12413239,-0.0413128,0.10579339,0.027258174,-0.024326136,-0.011136821,0.11589933,0.38633648,0.059965998,0.022889143,-0.11616922,-0.0061559794,0.30915567,-0.20789503,-0.22296265,0.036705915,-0.1554309,-0.23177461,0.13187985,-0.09915329,-0.042744406,-0.1749,-0.28567162,-0.0057999752,-0.17806536,0.28475064,-0.09289315,-0.0067538214,-0.14866161,-0.079220235,0.18377139,0.2626433,-0.028623564,-0.05553507,-0.11443885,-0.037667286,0.057563864
commodity_71,-0.14328183,0.30794042,0.22973888,0.22920689,-0.1898617,0.04342004,0.3452521,0.10615029,0.16755256,0.23999105,-0.27696326,0.34195113,0.22512335,0.09106219,0.10727102,0.40611523,0.038544644,-0.19503398,-0.01742597,0.104918994,0.05982304,-0.5286591,-0.268449,-0.42139807,0.102181196,-0.17701212,0.03584362,0.30294025,-0.35004282,-0.20491317,-0.37821278,-0.004209358,-0.13921455,-0.12323982,-0.10761174,0.23059373,-0.28140658,-0.07624335,-0.12070488,-0.31735224,-0.0060575926,0.25478464,0.049498636,-0.25244543,-0.027945055,-0.07332063,0.13020214,0.05022824,-0.59960103,-0.20961963,-0.13573253,0.29222623,-0.1745888,-0.09174841,-0.13453294,-0.041803233,-0.20421524,-0.16100208,-0.3387123,-0.038808305,0.3297606,-0.22904404,0.17337202,0.060844604,-0.16012831,0.12985142,-0.0053211204,-0.16720468,-0.0679126,0.09891229,0.055067573,0.041393485,0.035864823,-0.12248335,-0.281041,-0.05488131,-0.21563624,-0.017526567,0.23945452,0.37561712,-0.28628692,-0.17522947,0.33827296,0.03424535,-0.61486024,0.4104089,0.22866493,-0.38085324,0.13083842,-0.043897472,0.23163746,0.24843797,-0.095042355,-0.15093371,0.06818494,-0.17840537,0.28893307,0.033198733,-0.10768089,0.23333374,-0.10396843,0.07915838,-0.17798923,-0.1218939,-0.19888109,-0.123929985,0.28594214,0.34925276,-0.18652081,0.08651193,0.14625265,-0.1521288,0.009099087,-0.091958515,-0.31214115,0.05178228,-0.044229656,0.20751753,0.123813495,0.10599528,-0.10839504,-0.031956047,-0.22154362,0.33550754,0.071467005,-0.119647995,-0.09766024,-0.3356692
commodity_72,0.16503555,0.05019731,0.074825756,0.18043181,-0.09910367,-0.08610427,-0.030224504,0.1614147,-0.013359208,0.08014988,0.06402662,0.24238952,0.13384536,0.05686806,0.37028468,0.08998039,0.27692384,-0.14141756,-0.08722085,0.16441545,-0.1969377,-0.024730524,-0.010154515,-0.038250376,0.096109636,-0.15503922,-0.16242658,-0.061649345,0.28362653,-0.1958383,-0.14958046,-0.1432927,-0.4476411,-0.31384128,-0.11295806,0.0006653059,-0.15973012,-0.054363996,-0.10220445,-0.2413543,-0.066225626,0.032786325,-0.04609688,-0.0073569934,0.009459249,0.13020302,0.16610025,0.18029597,-0.18113263,-0.05388334,0.05750475,0.029310655,0.20631498,-0.30856165,0.11329717,0.018514425,-0.22732244,-0.15787926,-0.1043103,0.1643997,0.049007446,-0.09532446,0.1928285,0.24543412,-0.16357389,-0.118939616,0.06913627,0.281124,-0.05683342,-0.16918068,0.3574208,-0.13226971,-0.09067334,0.022534478,0.091965444,-0.2982325,-0.119815096,0.06601818,0.3588886,0.2993557,-0.03066969,-0.13373199,-0.014263585,0.27365312,-0.4390358,-0.2966919,0.21284042,-0.15787563,0.03624514,0.16533312,-0.03349118,-0.08306017,-0.20952372,0.27869767,0.1219658,-0.20627679,-0.27500695,0.24595071,-0.19620189,0.07845112,-0.23989719,0.038196057,0.17230453,-0.004374682,0.024356503,0.05906468,0.16233373,0.15340148,-0.0777512,0.14846373,0.102011144,0.012275121,-0.0701386,-0.12548128,0.1434015,0.19678909,-0.2275742,0.10044014,-0.15539522,0.5868971,-0.106949024,0.15226227,-0.0031268888,0.36725238,0.25001347,0.011316613,-0.001506285,0.04853501
commodity_73,0.44658586,-0.033453465,-0.170834,0.00047485786,0.088865325,-0.15473816,0.24799313,0.14227627,-0.23954551,-0.22571293,0.028669572,-0.13391109,-0.21769173,-0.19928317,0.16415386,0.27606457,-0.3769578,-0.0985565,0.16483305,0.081035234,-0.03939756,-0.26205608,0.2923761,0.02897045,0.04252735,-0.3733947,0.21220876,0.063465886,0.2657747,0.024211882,-0.151544,0.014587764,-0.034640696,0.14159492,0.27807218,-0.20907974,0.23210573,-0.2586501,0.16749924,0.14692701,-0.25762036,0.04032194,0.07600044,-0.48043093,0.072454095,0.12239169,-0.011030277,0.27847388,-0.33434993,-0.01020968,-0.2316548,-0.48007718,0.12889081,-0.27862045,0.025911927,0.013432719,-0.0024860406,0.045688078,-0.4354815,0.014908973,0.19943285,-0.0008719879,0.13009563,0.2965011,-0.05848492,0.08555236,-0.62216395,0.09687327,0.022375396,-0.40776664,0.06485883,-0.37182897,0.029173322,-0.024038978,0.002609859,-0.12641637,-0.2805497,0.027942967,0.4644954,0.117199376,-0.027142623,-0.2239497,-0.1555985,0.052632112,-0.4496662,-0.14638002,0.41135818,-0.3876961,0.35543746,-0.00839561,-0.22359772,0.06873936,-0.00017555233,-0.040705014,0.48074058,0.16958468,0.31233445,0.028628802,-0.370285,0.39454454,0.09406044,-0.3501775,-0.09838631,-0.08264389,-0.07703757,-0.073380195,0.3556546,0.04229212,0.2921282,0.0831453,-0.4607267,-0.24063934,-0.30863395,0.23793189,0.30237156,0.3369699,0.0137619935,0.38240758,0.33385992,-0.24876985,0.038496204,-0.091492824,0.45926932,0.3520823,0.26554674,-0.14233238,0.09998931,-0.27424285
commodity_74,-0.11420358,0.035280712,-0.0020889584,0.5698205,0.20773977,-0.0912906,0.2345306,-0.08498998,0.09687697,-0.11386803,0.16190925,-0.1286813,0.35192326,-0.39978334,-0.10124368,0.033259362,-0.17828561,0.4140294,-0.049739532,0.37853166,-0.42250186,0.110462986,-0.23974818,-0.3794253,0.19186841,-0.2925055,-0.050446127,0.2168405,-0.22357686,0.012024953,-0.29409018,0.13780972,0.16747923,0.15416121,0.25166804,-0.14728121,0.37560692,-0.4471183,-0.06062432,-0.118962534,-0.03200032,-0.06573242,-0.2935056,0.012241875,0.3358716,0.015138584,-0.102362365,-0.4110521,-0.18068707,0.031340037,-0.24540034,-0.07769401,-0.19907436,0.18717158,-0.09893401,-0.26508117,-0.058067862,-0.13162982,-0.109116316,-0.12075912,0.26051754,-0.34663674,0.12991832,-0.6251375,0.22227177,0.2689996,0.46385345,-0.19621179,-0.12984303,-0.12891716,0.31419015,-0.14686029,0.19076075,0.21952496,0.17683508,-0.07764696,-0.33144736,0.15082242,0.45603397,-0.31644443,0.23317002,-0.45646697,0.22806609,-0.2666896,0.3005238,0.26243863,0.14449567,-0.5049759,-0.2058278,-0.10817087,0.1263592,0.45740837,0.07987779,0.43764728,0.18749577,-0.18860582,-0.46678844,-0.24137878,-0.054764297,0.14807257,0.3213517,-0.02941047,0.076555185,-0.38213545,0.10196892,-0.06901873,0.42947188,-0.027391056,-0.4668366,0.032053173,-0.29784748,0.06377957,-0.098110385,0.35108906,-0.032111973,-0.28085294,0.0964846,-0.4453883,0.17447232,0.14773324,-0.2932005,-0.07627411,0.33546123,-0.2786547,-0.38486457,0.1661696,-0.022325844,-0.3251402
commodity_75,0.027058676,-0.23771213,-0.11606759,0.16917978,0.1635463,-0.15778942,0.4385264,0.029990839,-0.30796954,0.015062138,0.035209995,0.33409387,0.36183232,-0.27777502,-0.27602702,0.016787672,-0.33177063,0.064813465,-0.13995562,0.24665233,0.09463843,-0.10422641,-0.2691107,-0.12742446,0.08174423,-0.26083052,-0.06978001,0.20748433,-0.37359002,-0.23857395,-0.31982967,-0.039150275,0.26086336,-0.044773318,0.22049649,0.31243327,-0.23591115,0.04661065,-0.1407749,0.005183198,-0.034300078,0.06412308,0.043517634,0.04583322,-0.061650686,-0.5639597,-0.24026152,-0.26511803,0.116904534,-0.16771273,-0.11481429,-0.076671615,-0.060413595,0.41147676,-0.028097885,0.12446746,-0.24814916,0.13605405,-0.24492753,0.0064980206,0.3311982,-0.34016362,-0.13772759,-0.49019617,0.38512176,0.4528742,0.055957746,0.15042865,-0.43982756,0.26610792,0.36133304,-0.23570018,0.36280993,0.33160427,0.14567193,-0.50978005,0.0560342,0.15145886,0.47806832,-0.71557397,0.565229,0.104008295,-0.011705225,-0.03056682,-0.120712094,0.5053714,-0.32265848,-0.7085161,-0.09301657,-0.18854661,-0.14931391,0.1539549,0.3108774,0.020970041,0.16444774,-0.048485704,-0.5319916,-0.1904809,-0.11362352,0.4908389,0.12760985,-0.046553474,0.18832663,-0.060857568,0.4031174,-0.018911289,0.085395396,-0.61469895,0.024744822,-0.17909338,-0.26163194,-0.030643322,-0.02404185,0.21275401,0.0312939,-0.08858453,0.25493398,-0.077037096,-0.0033010878,0.029025685,-0.27932483,-0.44580656,0.31974393,0.058284655,-0.35787335,0.0026326862,-0.31767234,0.10832783
commodity_76,0.0473876,0.252154,0.0351734,0.34510738,-0.032656156,-0.17352635,0.31381187,-0.072829604,0.13986368,-0.036433354,0.034314197,-0.14976758,0.4267808,-0.20244966,-0.23165803,-0.20999348,-0.0038868806,0.1986275,-0.12023654,0.015390556,-0.11714102,-0.16371687,0.04686583,-0.04080459,-0.006028182,-0.0056443717,-0.28417656,-0.2057095,-0.1601089,-0.119802624,0.024031619,0.0278088,-0.03520735,0.10880889,-0.16786923,-0.33129883,-0.45659953,-0.14775443,-0.21840146,-0.31105995,-0.15941954,-0.15471064,-0.08120844,-0.12054269,-0.14666307,-0.41656896,-0.19933298,-0.052150257,0.035832245,0.025842838,0.12586612,0.094932675,0.09436117,-0.26306224,0.060335588,0.070947774,-0.26293042,0.3270962,-0.08553123,0.083341256,-0.019752735,0.062393222,0.40469348,0.22931252,-0.0006295431,-0.07983784,0.16961104,0.020883271,-0.23202147,-0.14660327,0.036851406,-0.03782275,0.034613807,-0.16787405,-0.29847518,0.20135523,-0.34785092,0.05739482,0.398419,-0.026127437,-0.25020236,-0.15630566,-0.14848907,0.0919904,0.052199624,0.17470565,0.035740525,-0.09626164,0.037070442,-0.081617326,0.051475335,0.40115145,-0.14986679,-0.1969596,0.076050945,0.08165584,0.3474972,-0.22461978,0.22158192,0.028916752,-0.016412375,-0.034735393,0.13400242,0.12804084,0.02587488,-0.09552384,-0.0499456,-0.23725815,-0.001713928,-0.19798975,0.13179594,0.19704701,-0.0707925,-0.038308296,-0.073893555,0.053770345,0.33199093,0.012400366,0.06273792,-0.12138059,0.009568424,0.46493942,-0.08726816,0.1890134,0.022774765,-0.2272528,0.37563244,-0.15058984
commodity_77,0.033956535,-0.012743721,-0.06497705,0.1518786,-0.18599874,0.29821375,0.15497915,-0.1368801,0.07121048,0.24200991,-0.09795837,-0.11082533,0.23037246,0.06109142,-0.35767797,0.21510868,-0.04103769,-0.18652287,0.13331419,0.02898264,-0.027701229,-0.63903683,-0.004993096,0.23920035,-0.028353808,-0.03180737,-0.041683894,-0.16246584,-0.06610758,-0.51832,-0.002786677,-0.30533597,-0.12714009,0.37039152,-0.23994383,-0.15876013,-0.33764184,0.2834139,0.054431573,-0.25486317,-0.026007023,-0.47338954,-0.2799372,-0.15126063,0.009138489,-0.37571734,0.1204067,-0.033305097,0.03288248,0.10939383,0.15262166,-0.2658922,0.16433597,-0.008678369,-0.048735637,-0.025943503,-0.07975659,-0.2252303,0.017565822,-0.05123922,0.120261356,0.21775629,0.044778228,-0.040157616,0.24954206,-0.15928842,-0.017979696,-0.002335618,-0.18592794,0.041672617,0.10775153,0.13534299,-0.055161275,0.14204226,0.13005225,-0.037291072,0.038907595,0.16520631,0.7731455,0.0917236,0.054762915,0.14659148,0.030172197,0.15437539,-0.19189674,-0.034530476,0.10502703,-0.17498815,-0.122164,-0.16298822,0.28152066,-0.15413028,-0.041755263,0.14768472,0.14712359,0.19170548,-0.05462877,0.08774199,0.5012045,0.08881193,0.1282727,0.18338992,0.007859381,0.2144939,-0.14732164,0.11247846,-0.067110024,-0.10990058,-0.17419724,-0.3332755,-0.20716189,0.32967094,-0.085645236,-0.16728608,-0.30765936,0.062349785,0.05921841,0.120019145,-0.009019613,0.05159485,-0.1105645,0.29719374,0.12803636,-0.027918428,-0.31147093,-0.06540397,0.103869304,-0.16479377
commodity_78,-0.29900688,-0.016621957,-0.4218502,-0.21814272,0.08995581,-0.31693304,-0.33316773,-0.28177732,0.14389433,0.18781239,0.54722595,0.41329828,-0.06741499,0.31868112,0.12174118,-0.13723223,-0.047593787,-0.06645311,-0.3374869,-0.17084095,0.3994949,0.16046442,0.045003843,-0.04977128,0.38654834,0.0020678965,-0.18308231,-0.0733938,-0.24830341,-0.28050524,0.021906814,0.039740894,0.0009997757,-0.32242623,0.0047122464,0.006578383,-0.012881758,-0.03516627,-0.1377924,-0.017678427,0.581189,-0.10488333,-0.1763192,-0.22469494,0.46061727,0.2544352,0.047220793,-0.10612948,-0.035118263,-0.2658036,-0.17586774,0.19769216,-0.14398472,-0.08571218,-0.34407204,0.0567453,-0.1590429,0.44603658,0.18532963,0.18803898,0.27956647,0.13190885,0.41590816,-0.0968975,-0.04805193,-0.14549115,-0.21245776,-0.34763873,0.09069614,-0.064969264,0.38227355,-0.41314918,0.090869375,0.030152656,0.2541589,0.079300314,0.19326341,-0.060666133,0.09758313,0.21934314,-0.7856188,0.3854748,0.043126438,-0.05812234,-0.3425424,0.111320935,0.1499185,-0.031519264,0.26422945,-0.24360827,0.0062038014,0.02846128,-0.1571374,-0.21924262,0.08209863,0.029452767,-0.1209696,-0.17633729,-0.2255983,-0.02655508,-0.019186782,-0.42420682,0.456441,-0.57118154,-0.2246751,-0.32026273,0.3988975,0.058123674,0.12021845,-0.08715349,0.09695554,-0.199625,-0.18180287,-0.14111276,0.01638484,0.28143162,0.6071711,-0.061411943,0.30292594,0.21688813,-0.21852238,0.06927361,0.05717305,-0.27598366,-0.57275677,0.17543443,0.04593343,0.16009808
commodity_79,0.29014978,0.0032584434,0.14927128,0.49435103,-0.1871747,0.0005839865,-0.020666918,0.08888169,0.2941018,-0.021124559,0.19036484,-0.22285941,0.16576363,-0.24005865,-0.074458934,-0.31124064,-0.39860606,-0.0439799,0.08713311,-0.109040976,0.0151686575,0.38936013,0.05685538,-0.0004800543,-0.34325415,-0.15668182,-0.09981455,-0.18640794,0.12916474,-0.5358025,-0.2127795,0.013473318,0.0661451,0.30753025,0.112498134,-0.16237073,-0.09060679,-0.12826943,0.111304924,-0.15673693,0.1604113,0.07158913,-0.40512922,-0.3221964,-0.07910435,0.2533607,-0.33787015,0.059952397,-0.0030296855,-0.24185932,-0.34010765,0.42587623,-0.26217213,-0.36060676,0.08467803,0.0050670244,0.27620915,0.12199078,0.052225124,-0.0099438485,-0.14116406,-0.037190653,0.33855665,0.10990735,0.118827336,0.21056952,0.3054127,-0.1121443,0.06239922,0.11944923,0.18206261,0.24255289,0.05946337,0.14970762,-0.072124876,0.08146848,-0.17716362,-0.064079,0.5548885,0.45532084,0.06023559,0.12814052,0.21772107,-0.25477454,0.15742972,0.06665204,-0.61966735,-0.085860856,-0.026542053,0.36838883,-0.15841193,0.24260572,-0.35996673,0.023320207,-0.17960835,0.049683027,-0.017007174,-0.5053835,-0.008801267,-0.24316828,0.26235604,-0.13752972,0.415764,0.07990758,0.25904122,0.042733386,0.06243203,-0.017734068,0.1454601,-0.22621737,-0.19646184,-0.22680719,0.5715116,-0.4603911,-0.021013724,-0.17483465,-0.1007459,-0.079047024,0.21146268,-0.000473501,-0.43239674,-0.08180101,0.05416663,0.13891566,-0.11834923,0.030112406,0.047029946,0.13854307
commodity_80,-0.020409819,-0.010082278,-0.16363795,-0.05075421,0.022198386,-0.3635393,-0.06858058,0.028729877,0.18544447,0.13783237,0.1741294,-0.60321075,0.18014324,-0.15397003,0.3172148,0.2420613,-0.26126304,0.1408191,0.34672835,0.1563235,0.041065946,0.6629651,0.010613702,-0.21780132,-0.18666488,0.038662095,0.12690486,0.10139348,0.04629729,-0.030240051,0.016212208,-0.10488448,0.14613527,0.04571285,-0.015618214,0.6080581,-0.010272629,0.39510834,-0.085155055,0.233929,-0.21840152,0.4077822,0.29007423,0.40456995,-0.10581327,0.2985479,0.05342816,0.13531804,0.5789107,-0.019715374,0.014390488,0.10316216,-0.13972759,-0.08566005,-0.27867296,0.2636566,-0.135213,-0.29474822,0.065912485,-0.23022306,0.3239856,0.31170192,0.06275757,0.34113613,0.16719125,0.5544973,0.11025075,0.034956325,0.021027626,0.17281304,0.092878774,-0.3560958,0.053756934,0.37470907,-0.029625107,0.36124197,-0.29806522,0.036170557,0.24129313,0.40727407,0.3861369,-0.08282594,0.38764557,-0.03141379,0.22146082,0.16513105,0.32214478,-0.38007513,-0.16552883,-0.1755627,-0.28713614,-0.37447697,0.093880296,0.32195273,0.07230501,0.616522,0.11375982,0.14388347,-0.113968514,-0.12081032,0.4267582,0.07626175,0.28031778,0.11001558,0.35415292,0.15007196,-0.07432181,-0.1359132,-0.26755235,-0.31559202,0.23626998,-0.2233466,0.36113206,-0.35399106,-0.024154829,-0.15410185,0.20558694,-0.08845705,-0.06159982,0.060726605,-0.072996564,0.10211941,-0.06469975,0.11513058,0.05553347,0.122701116,-0.04301816,0.24659482
commodity_81,0.10153228,0.611386,0.12015813,0.3928926,-0.056518227,0.27248344,-0.00071741187,0.16506997,0.030704387,0.18489054,0.32017997,-0.18889555,0.30703107,0.20968412,0.29333362,-0.14321868,0.020054905,0.10177867,0.028633883,0.084640615,0.119963676,-0.07725511,-0.08211185,0.04597442,-0.1779118,-0.3071494,-0.24114849,0.23203047,-0.06665557,-0.42281502,-0.15775272,-0.11448487,-0.071883775,-0.09999438,-0.17786522,0.41936508,-0.38589332,0.005235489,0.01370753,-0.41678667,-0.28627732,0.2706332,0.0491292,-0.33348605,0.109861396,0.006170986,-0.16971548,0.16635248,0.24168807,0.051241823,0.0025601068,0.36360863,-0.11361387,-0.023842726,-0.08635693,0.07322025,-0.078169025,-0.13012902,-0.21376808,-0.16427812,0.07012924,0.20428546,0.018123845,-0.119779356,0.4402569,0.09779951,0.16716667,0.56878924,0.030434256,0.15849052,0.026371244,-0.18327877,0.08051637,0.22820517,-0.0072060097,0.3426432,-0.43873858,0.038089942,0.20430385,-0.008687992,0.2378411,-0.24561536,0.2646185,0.011017061,0.13016127,0.035794757,0.6112218,-0.23502801,-0.046669506,-0.15547426,0.0026357332,-0.20909832,-0.28658843,0.15954699,0.20055896,0.4113442,0.05296877,0.5642659,0.23227368,-0.33093265,0.055809252,0.21302618,0.16090862,0.12943594,0.17613326,0.23517743,0.3442872,-0.06049273,-0.21710128,-0.3500192,-0.0912962,0.06445371,0.016942047,-0.3907912,-0.25839332,0.29239327,-0.179168,-0.166178,-0.24461888,-0.070726946,0.16919968,0.4562808,0.10607401,0.14281245,0.15881957,-0.009561641,-0.19115362,0.012849458
commodity_82,-0.0134982485,0.31418845,0.1859278,-0.032699727,-0.20601138,-0.35461402,-0.14316402,0.08130756,0.49759817,-0.1926717,0.053394217,0.26010013,0.020192467,-0.4177749,-0.061313737,0.42914328,0.01406276,-0.12847956,0.04692047,-0.050149586,-0.19797342,-0.17993729,0.09582889,-0.3233254,0.106955685,0.20647284,0.16762137,0.023937013,-0.00017185649,-0.08097616,0.0868922,0.29151914,-0.013218207,0.12747309,-0.30737156,-0.105570704,-0.129269,0.1463557,-0.01537967,0.119380996,-0.34340006,-0.02662096,0.2564823,-0.053601004,0.17898741,-0.6758455,0.17560506,0.18710813,-0.14086136,0.09036669,0.049985457,0.029340968,0.10576132,-0.19028613,0.16348594,0.32179037,-0.22268102,0.05412513,0.3105803,0.41600618,0.28903553,-0.14130944,0.363595,0.28568634,0.015328406,-0.13346729,-0.09359626,0.2632838,0.06569301,-0.27869412,0.15233456,-0.37306124,-0.009777053,-0.022665542,-0.2150642,0.02586238,-0.070136696,-0.15129887,0.47690412,-0.030954437,-0.19164671,-0.5133667,0.21718884,0.12662357,-0.23012806,-0.14060637,0.6842412,-0.46181834,0.07851433,0.17409013,0.16094397,-0.07126412,0.1805057,-0.31064984,0.18763202,0.039094016,0.05620187,0.3163932,-0.17219943,0.085873336,-0.3410796,-0.13076389,0.33688325,0.020475527,0.1703279,0.070465066,0.12636556,0.0498007,0.22513297,0.14586449,-0.039533958,0.059848584,-0.30695912,-0.2548308,-0.3963252,0.15718463,-0.18009947,-0.2643677,0.17153844,0.2591262,-0.020467736,0.12037777,0.105659686,0.07302065,-0.041857485,-0.07545789,-0.06609322,-0.29719195
commodity_83,0.17521153,0.041090544,0.0051080165,0.1655197,-0.025277682,0.09574812,0.14719805,0.16858271,-0.057030533,-0.17702721,0.06904646,-0.12116426,-0.028092992,0.29856077,-0.18160585,-0.08068211,-0.12628147,0.15507746,0.15760657,-0.2175441,-0.3479561,0.113412745,-0.26997757,0.09584828,-0.07310306,-0.052704386,0.107928805,-0.060883515,-0.01877391,-0.19318241,-0.12274225,0.014645433,0.08906958,-0.1576571,0.22790092,-0.1156323,-0.19806932,0.15435018,0.11964654,0.022149393,0.043799464,0.27397764,-0.19377187,0.00095427036,0.5227021,0.11650534,0.007513142,-0.016667161,-0.038784005,-0.4050328,-0.108263075,0.22322139,0.16569951,-0.11382929,0.57379425,0.04408091,-0.0938214,-0.06739854,0.1403108,-0.4268359,-0.24044764,-0.059696853,0.43844515,-0.034345668,-0.05920627,-0.0625709,0.1544206,-0.29090142,-0.05039292,0.03977542,0.049734212,-0.40286365,0.28023565,-0.13803555,-0.0014315121,-0.11256263,0.13153808,0.34097302,0.27299842,0.40036613,-0.6747682,0.046820845,-0.10191844,-0.22119686,-0.68389213,-0.27285665,0.29008156,-0.2837165,-0.10553498,0.27194437,-0.034210972,0.04789141,0.026277946,-0.12948038,-0.26335466,0.12106755,0.16794908,0.025983194,0.036963847,0.11099616,0.023923196,-0.07771985,0.049239554,-0.49726486,-0.44295233,-0.39323616,-0.029190997,-0.4298982,-0.020688767,0.2671029,-0.11992102,-0.31706747,0.085364215,-0.057597388,-0.28076497,-0.29482308,0.18283069,0.11727251,-0.12201455,-0.50699806,-0.36194977,0.31164807,0.48875263,-0.1968703,-0.36411715,0.24278641,-0.5143337,-0.27689266
commodity_84,-0.012953607,-0.01721109,-0.2203983,0.026877709,-0.12297056,-0.26792386,0.1728792,0.026979998,0.33591902,-0.2883934,0.19969179,0.16952577,0.26309356,0.0041181417,-0.13459755,-0.2653554,-0.14658618,-0.13812914,0.13607036,-0.10251992,-0.116813235,0.16406435,-0.26942727,0.068843216,-0.22464679,-0.22816172,-0.11612666,-0.36250034,0.18300599,-0.43170267,-0.35786608,-0.4858179,0.330667,0.16904753,0.1155581,-0.24954134,-0.41347894,0.265231,-0.0012845284,-0.068449184,-0.2620895,0.056604605,0.042388327,-0.02076907,0.4942471,-0.3715714,-0.1366145,-0.16407883,-0.021716285,-0.37148517,-0.06737558,-0.22715047,0.38023013,-0.0064477464,0.28404143,0.048875056,-0.14674409,-0.24928604,0.08263341,-0.07985975,-0.27703318,0.10740871,0.43320307,-0.08936871,0.54996926,-0.35708565,-0.24598658,-0.34182495,-0.18141517,0.0884715,0.31305093,-0.22676113,0.07984665,-0.020345407,0.19582424,-0.3915168,-0.11587384,0.15043579,0.2545848,0.31682834,-0.21220946,0.032066483,-0.18002154,0.15756637,-0.20464864,0.03585911,0.31486183,-0.024514582,0.21442969,-0.0005281719,0.17195313,-0.20565844,-0.015335464,0.01641396,-0.4346956,0.09562446,0.038850896,0.1920838,-0.052161697,0.1521363,-0.15289935,-0.06321653,-0.2877638,0.124464296,-0.09930583,0.045001086,0.0038009007,-0.2970348,-0.23064263,-0.10716967,-0.29102254,0.10839571,0.23087758,-0.26614466,-0.4050362,-0.15216039,-0.12764499,0.21652944,-0.02350047,-0.19170904,-0.05664794,0.5771533,-0.0067872982,-0.15616626,-0.47662145,0.3884304,-0.33412352,0.045476135
commodity_85,-0.14689198,-0.039082702,0.14344719,0.021069545,0.21378276,-0.20040989,0.28680396,0.23576842,-0.07003688,0.13119175,-0.08120825,-0.044164076,0.20602718,-0.32687518,-0.0654871,-0.15210658,-0.3016523,-0.2169254,-0.13733308,-0.009745801,-0.02943743,-0.23074216,0.19099672,-0.112814166,-0.21045801,-0.4933841,-0.21498606,-0.063637085,-0.18767409,-0.40344244,-0.17486678,-0.10981642,-0.13791503,-0.27228177,0.020288289,-0.22921883,-0.41895595,0.09980707,0.2848739,0.08121735,-0.081500135,0.05457835,-0.03655681,-0.01843188,0.069578014,-0.11100775,-0.01260392,-0.0021260302,-0.36940378,0.058682468,0.067454726,-0.14896074,-0.050403707,-0.26574484,-0.07792033,0.026877392,-0.24397442,-0.10524561,-0.052689884,0.3370868,0.05602996,0.047456127,0.38733667,0.13386256,-0.10470544,-0.0019789338,-0.1329021,-0.059501976,0.0017219372,-0.13523637,0.48011857,0.08761561,-0.17378554,-0.26313138,-0.16813509,-0.5265773,-0.008417206,-0.100474685,0.33572683,0.055933263,-0.24806911,-0.20362605,-0.100836255,0.22904496,-0.1049167,-0.6372732,0.08138846,0.11928856,0.047757618,0.2928846,-0.09848315,-0.004496978,-0.006213771,0.21842083,0.18476656,0.16022253,0.28325108,0.0060676425,-0.0059470767,0.39836136,-0.23596935,-0.15944235,-0.08931999,-0.070758514,-0.5784582,-0.28062317,0.084015295,0.06479808,0.14020374,-0.122596264,-0.029047033,0.111000754,-0.082408115,0.0687959,0.2943408,-0.054792814,0.050714925,0.50718045,-0.1324728,-0.594206,0.03336265,0.216479,0.042345256,0.2248078,-0.5167047,0.0070162443,-0.07305157,0.057877727
commodity_86,0.1110869,0.3873203,-0.25338492,-0.026410358,-0.5200972,0.03417188,0.16378275,-0.012698741,-0.4588838,0.15782501,-0.023514453,-0.034502666,-0.13418168,-0.118948616,0.02390035,0.32212293,-0.18009856,-0.21554725,-0.13114533,0.17889424,-0.218434,-0.37795633,0.33343685,0.23746864,-0.056437567,-0.027799446,0.2765194,0.072670706,-0.03215471,-0.04370309,-0.12825616,-0.225455,0.033540778,-0.18853493,0.45228758,0.14680146,0.03322572,0.13701735,-0.28866184,0.08949686,-0.06004687,0.053193823,0.00502977,0.235293,0.42980403,-0.0023614194,-0.27592045,0.021306261,-0.118139744,-0.36736992,0.25565785,-0.3888333,0.110602334,0.017236818,0.24525812,0.35990688,-0.42348346,-0.10352049,-0.19683582,0.09089337,0.20375289,0.13203703,0.04779566,0.07326673,0.0815357,-0.003494157,-0.14666018,0.15537348,-0.39835677,0.077554815,0.09913356,-0.68396086,-0.18081585,0.11200203,0.15444383,-0.28061548,0.27238,-0.073039696,0.30010873,0.026133684,-0.4478285,-0.23396237,0.46531534,0.2726722,-0.26607177,-0.11662138,-0.14978631,-0.19466038,-0.05881407,-0.3083817,0.07534969,0.27077487,0.03231183,-0.27813318,0.17903388,0.3270468,-0.0584526,0.04050065,0.19782186,0.34029818,-0.05446163,-0.005936116,0.32470605,0.14221823,-0.05278384,-0.16797788,0.28165427,-0.18312062,0.16388923,-0.0032767868,-0.17544314,-0.01880375,-0.20539688,0.17810452,0.24964595,0.20279992,0.17291623,0.21991153,0.36697727,-0.10321485,0.18673944,-0.13096419,0.5156874,0.1319561,-0.18201374,0.16070017,-0.1412125,-0.28401563
commodity_87,-0.45842022,0.22201115,-0.15034245,-0.40992475,0.07563708,0.4431507,-0.033602383,-0.27363488,-0.17742695,-0.18371171,-0.19162813,-0.24849118,0.35822082,0.34148946,0.089325696,-0.2727995,0.066439025,-0.5046221,-0.12287552,0.0019213252,0.095232,-0.20302841,0.16345704,0.1251396,0.21921323,-0.10392997,-0.52640414,0.03204273,0.20440221,-0.1327171,0.18129966,0.21738179,0.035753842,0.28629074,-0.22622631,-0.16889215,-0.36490902,0.028737755,0.2267954,0.16202638,0.56409824,-0.27514368,-0.1273029,0.3115746,-0.0016417911,0.0110301,-0.17569658,-0.30548948,-0.07811063,-0.05801736,0.015384624,-0.09350542,-0.5172039,0.13698784,-0.10346207,-0.34942955,-0.1568046,-0.1926519,-0.1446348,-0.0020838547,-0.13268408,-0.25759548,0.2317571,0.21753137,0.18776101,0.58676505,0.36052406,0.15157443,0.36018103,-0.029127436,0.08649676,-0.56567484,0.21513538,0.17011821,-0.067226745,0.30517343,-0.4015192,0.042742122,0.20575126,-0.044091105,0.15413299,0.06317383,-0.11665168,-0.24511787,0.0046198433,0.5375162,0.103132084,-0.13839754,-0.14151837,0.1947788,-0.088580675,-0.5723492,-0.13019288,-0.2818975,0.13055694,-0.13778926,0.40338764,0.28279555,0.26942652,-0.07180025,0.15301113,0.0318635,-0.01413683,-0.0016992264,0.13495505,0.37233946,-0.3868333,0.12856443,-0.039411005,0.16516322,0.15384454,-0.07146624,-0.3318873,0.11392054,-0.35185888,0.22944501,-0.12051248,-0.038123466,0.24168158,0.15900925,0.62080824,-0.028093677,0.25539866,0.23653446,-0.42692038,0.05622225,-0.3706931,0.02227308
commodity_88,-0.013874994,-0.072333924,0.12617432,0.26204008,-0.30544397,0.116522774,-0.1089452,-0.21812038,0.09509256,0.019185247,0.0620647,-0.15793042,0.41532788,0.24322163,-0.16006865,0.18618496,0.07135582,-0.15438937,0.3180416,-0.015634138,-0.09327854,-0.46752062,-0.041045167,0.14895248,-0.119813085,-0.27607703,-0.3725489,-0.13871256,-0.12614019,-0.38469952,0.08487366,-0.03973762,-0.041787863,0.59311944,0.027702441,0.018827949,-0.22462367,-0.053463183,0.0868674,-0.12155777,-0.17908609,-0.3221855,-0.5044108,-0.15662247,0.22787027,-0.044771146,0.15921886,-0.15217799,-0.19927116,0.098555565,-0.020729275,-0.016344428,0.11556608,0.07887806,0.27346155,-0.35726252,-0.077603936,0.06760236,0.21255465,-0.18800692,0.17577867,0.14666988,0.108661175,0.1374045,-0.14870931,0.06153935,0.108765356,0.21026902,-0.17185903,0.27151904,0.082259655,-0.043931555,-0.032321896,0.040254723,0.029512605,-0.15607755,0.36203846,-0.041592974,0.6312353,-0.077591494,0.11528809,-0.040472906,-0.11003813,0.11403297,-0.1583889,-0.05194454,0.2514103,-0.18531018,-0.10592527,0.031191707,0.40398568,0.15884608,0.08451255,-0.023190768,0.3187673,0.1351339,-0.11091277,-0.1917053,0.38163993,-0.056891672,-0.068389505,0.027974192,0.09492575,0.38573888,0.1638328,0.073561475,-0.4255333,0.050225414,-0.016450178,-0.38089493,-0.17356461,0.25224474,-0.05479225,-0.093739085,-0.44346672,0.3224939,0.18938714,-0.013777345,0.027097922,0.031757582,-0.08819539,0.27804175,-0.021128068,-0.2621489,-0.118104264,0.34435216,-0.070189245,-0.11220183
commodity_89,-0.09312257,0.17969619,-0.14900707,-0.15145457,-0.030469343,0.21301343,-0.00574789,-0.14045973,0.20201167,-0.048583552,0.09807849,-0.020050151,0.48713863,-0.20734328,-0.11454221,-0.13656884,0.033036783,-0.058872167,0.013382328,-0.24959537,-0.16021802,-0.25963986,0.092511214,0.06208035,-0.08601668,-0.020215126,-0.26195744,-0.15540227,-0.30855843,-0.15096939,0.07351248,-0.027353726,0.069599725,0.058464468,-0.1660017,-0.33069202,-0.51486343,0.023696931,-0.05601623,-0.23522948,-0.045720987,0.059399527,0.31558856,-0.060488723,0.20408472,-0.2237117,-0.0999548,-0.04128094,-0.16076478,-0.0731331,0.057549257,-0.21075948,0.31509095,-0.0480887,-0.25408405,-0.1484582,-0.120665394,0.11638689,-0.0190014,-0.2149064,0.009403395,-0.013483462,0.19549271,0.051450327,-0.015296987,0.05731305,0.33862507,-0.23613791,0.018882241,-0.19311222,0.14133519,-0.24449517,0.059064813,-0.14782795,-0.30587244,0.29227388,0.011027207,-0.037450295,0.3769883,0.06018211,0.14242347,0.014956473,0.23424403,0.04701496,-0.10884901,-0.14860609,-0.31150308,-0.31788665,-0.1380179,0.12790857,0.18483312,0.030903904,-0.02348572,0.054815996,0.1357168,0.03267448,0.034854542,-0.18723398,0.2500801,-0.11587395,0.3092134,0.08755204,0.088358186,0.009073321,-0.13964741,-0.20722494,-0.008853831,0.09972631,-0.24951652,-0.22720443,0.05396301,0.036823135,-0.10823424,0.0027882215,0.04260103,0.06320978,-0.043703567,-0.022440026,-0.018344892,-0.059323825,0.17629719,-0.0033819727,-0.11406512,0.28387147,-0.039936077,-0.065768085,0.0029002442,-0.14107208
commodity_90,-0.031952616,0.03556186,-0.13080339,-0.21418384,-0.12845731,0.16793504,-0.14683543,-0.087771155,-0.2859811,0.038232997,-0.14273717,0.046401866,0.56872225,-0.11219519,-0.083072744,0.0702692,-0.15724759,-0.018843794,-0.05238801,-0.03551512,-0.10710631,-0.012351013,-0.13828139,0.1991864,0.018328965,0.056326795,-0.31944373,-0.068709776,0.08225802,-0.26734856,-0.084855795,-0.08493791,-0.1252108,0.16269986,-0.048271887,-0.26075873,-0.43075627,0.018668327,-0.0888332,-0.20008017,0.00012299977,-0.23497216,0.053643968,0.11307077,0.11516679,-0.43867555,0.064307876,-0.058573246,-0.15059882,0.013383725,-0.0758486,-0.2728567,0.21818542,-0.11050629,-0.07384629,0.01692099,-0.27608532,-0.19118647,0.121735595,0.044553384,0.10459581,0.1487108,0.09088404,0.03743027,0.18051592,-0.06896312,-0.09033116,0.17463611,0.0029593357,0.046197675,0.22362669,-0.1158693,-0.06591163,0.15662433,0.020620778,-0.15348469,-0.17026241,0.18882862,0.3242652,0.33694988,0.05074855,-0.2220832,-0.28942588,0.26056236,-0.34611696,0.13423397,0.0040358026,0.068586394,-0.05964258,-0.07855453,0.11945303,-0.41883865,-0.08877952,-0.078027874,-0.2959642,0.34366092,0.06522829,0.20865701,0.2154179,-0.07156345,0.06491401,0.15874001,-0.05768367,0.28768924,-0.085011385,0.29336032,-0.07626592,-0.052946687,-0.22856855,-0.19921729,-0.17332922,0.09754422,0.020409297,0.14475492,-0.002470071,-0.18980736,-0.22132805,0.19775781,0.23496957,0.10534452,0.20612103,0.17073931,0.25417838,0.058180362,-0.2628456,-0.062762946,0.08085904,-0.04860809
commodity_91,0.030862205,-0.04649719,0.21805586,-0.3551471,0.15174656,0.20389344,0.12738603,-0.1159535,-0.12948325,0.20044552,0.082602106,0.33734807,0.402622,-0.025670137,-0.06262143,-0.22430013,-0.12852146,0.21384713,-0.12626556,0.28916258,-0.37506354,-0.10818807,-0.091743894,-0.20509635,-0.046526324,-0.39509645,0.097600795,-0.1435264,-0.23144701,-0.13389072,-0.20205925,-0.20239691,0.108168416,0.16540287,-0.079605244,0.053659175,-0.16755651,-0.031827234,-0.06795072,-0.056216273,-0.048837177,0.04925554,0.009346592,-0.099278845,0.21808636,-0.19345249,0.08074878,-0.046895504,-0.011450032,-0.112534404,-0.18326683,0.019795552,0.20731689,-0.010457629,0.2029817,-0.007777299,-0.1323495,-0.037093945,0.036745023,0.15462069,0.21389492,-0.2873285,0.1958221,-0.16371933,-0.04147582,0.28226858,0.28338146,0.024151709,-0.05390797,-0.23855516,0.44864655,-0.24056563,0.1274967,-0.037306666,-0.02169237,0.07539231,-0.30341712,0.27102208,0.19107592,-0.043868795,-0.080654554,-0.30079156,0.12285343,0.03368337,-0.027146874,-0.13387148,0.08119482,-0.19178641,-0.07334357,0.09658264,-0.11151457,0.10728805,-0.12204737,-0.043623112,0.13425107,-0.16183573,-0.120988645,-0.21337725,0.10757306,0.24657519,-0.11754805,-0.10773038,0.23784232,-0.09158387,-0.09495251,0.046828933,-0.028115993,-0.08683772,-0.03131541,-0.0018886372,-0.118198365,-0.29366615,-0.13519068,-0.07669673,-0.0037045816,-0.15650071,0.006663748,0.06521248,0.054049343,-0.007549955,0.066354915,-0.015600543,0.03503585,-0.086925685,0.041079227,0.074957214,0.17608932,-0.19038953
commodity_92,0.2661454,0.10729599,-0.015105172,0.17596377,-0.13324307,-0.029946586,0.098170534,0.13479221,-0.21343315,-0.1830513,-0.07776105,0.13202363,0.43863243,-0.023676975,-0.28087074,0.2522387,-0.085603215,0.081811175,0.17335097,-0.033499546,-0.09077352,-0.18199939,-0.123331815,0.039780915,-0.18927595,-0.2755436,0.10557512,0.03253174,-0.2790026,0.25763124,0.06901446,-0.14236613,0.06346326,-0.06336747,-0.28499463,0.04725257,-0.2024255,-0.055541225,-0.15488507,-0.04272583,-0.13637367,-0.046966527,0.043767948,-0.04590477,0.28853244,-0.3601969,0.20097691,0.11814042,0.22084327,-0.14132759,-0.17952906,-0.009837547,0.061550878,0.04798702,0.0563339,0.11563834,-0.1766575,-0.121748544,-0.11437533,0.04749031,0.24904953,-0.08821226,0.20768952,-0.23150535,-0.022882424,0.30494836,0.3569261,0.124635115,0.15998498,-0.0235821,-0.055151444,-0.2472536,0.15014906,-0.008639524,0.30823532,-0.29891348,-0.5201425,0.24719673,0.48073933,-0.2474148,-0.27506772,-0.36212432,-0.18242536,-0.045315504,-0.3444873,0.14402401,0.4164233,-0.034452744,0.061945878,-0.001678474,0.092634976,0.017369928,-0.19458312,-0.11421259,0.31587747,-0.07953788,0.04925249,-0.013504445,0.18705103,0.019972427,-0.18548493,-0.1820928,0.08895118,-0.19341895,0.17951423,-0.12692429,-0.05091117,-0.09682098,-0.25216144,-0.13021843,-0.06061038,0.2214281,0.03746675,0.14409214,0.053784315,0.07914942,-0.1369337,-0.14247864,0.066604584,-0.102806196,0.022812583,0.02916041,0.021592103,0.28246963,0.19507702,0.015587483,0.09417174,-0.2757589
commodity_93,0.068935804,-0.15035345,0.08836316,-0.09437496,0.19335255,-0.016539618,-0.12217934,0.21704702,0.12906007,-0.09497875,0.20259033,0.108992115,0.1451035,-0.036056273,-0.092963815,-0.24119769,-0.12166557,-0.31953686,-0.12757356,-0.5385267,-0.15670127,0.0013442948,-0.1692275,-0.4894022,-0.134581,-0.26617584,-0.017651327,0.16400582,-0.027421629,-0.17063324,0.20204479,0.08416076,-0.1892831,-0.0052535557,0.084895,-0.072078645,-0.18200746,-0.120052665,0.2781355,0.089538924,-0.07966243,-0.3616143,-0.18459144,0.34454885,-0.20968707,-0.15948132,0.2592857,-0.15557021,0.077776626,-0.40274578,-0.09818949,0.066033036,-0.1603045,0.23138551,0.036296885,0.057405885,-0.10596576,0.03935696,0.26485035,-0.026441265,0.0887416,-0.020886425,-0.058451265,-0.08711996,0.1594286,0.22041464,0.23201554,-0.014962593,-0.18007596,-0.20470145,0.15501516,-0.07590125,-0.08861194,0.17963722,-0.23048897,-0.19517589,-0.24115662,0.066195875,0.6096984,0.074136935,0.109944046,-0.016346615,-0.21295886,-0.07075219,0.35080943,0.034368113,-0.2542041,-0.11698455,0.13561945,-0.07257816,-0.14107463,0.26219967,0.16891259,0.16870348,0.116633736,0.43253356,0.11385681,-0.12787019,0.03226978,0.0548932,-0.029724551,0.0075938143,0.16824222,-0.20344694,0.062286578,-0.16369162,0.16309853,0.05731507,-0.09561233,-0.1833488,0.16335976,-0.29788473,0.23408408,-0.10350539,0.17486846,-0.20618188,0.15146068,0.06615997,-0.104821384,0.21337849,-0.03389924,0.17102636,0.23502932,0.012293276,-0.35839996,0.22738971,0.4231367,-0.19921447
commodity_94,-0.4203286,0.14679183,-0.22396675,0.04134419,-0.0055006063,0.045241192,-0.2721183,-0.27739725,0.26460457,-0.03420573,0.31636995,-0.20737259,0.36032978,0.20991738,-0.009860578,-0.16582133,-0.0103394,-0.109050915,0.2837152,0.3164434,0.11724117,-0.17546795,0.06876052,-0.2722942,0.04784089,0.143177,0.12175356,-0.025970632,0.064902,-0.058272004,0.4031666,0.027705967,-0.016490828,-0.14937177,-0.19336244,-0.043087315,-0.6713697,0.010666855,-0.04919401,-0.17978436,-0.44713697,-0.25062665,0.14351788,-0.17500988,0.11504861,-0.067090206,-0.20481122,0.21565619,-0.15435812,-0.06557672,0.15981805,-0.021346996,-0.058254994,-0.3586658,-0.22598004,0.06488484,-0.15781206,-0.16035247,0.106189996,0.11143875,0.2525391,0.52436304,-0.11938008,-0.0066474746,0.06612891,0.29131886,0.26968387,-0.122314684,-0.053061422,0.0130280275,0.39175865,-0.114366256,0.04400369,-0.139683,0.045799054,-0.16522393,-0.17259723,-0.11812143,0.5763509,0.29274556,-0.25268197,-0.12032964,-0.07974774,-0.06419673,0.38805848,0.117348924,0.26358902,0.35655984,-0.0038045414,0.0297487,-0.25980237,-0.32959688,0.0694393,-0.15881935,0.45093712,0.16929987,0.008217482,-0.07478307,0.30314732,0.38142648,0.0055745807,-0.25604278,0.024269419,-0.025265848,0.1422464,0.2552642,0.073880725,-0.109786764,-0.22082435,-0.030951805,-0.15788561,0.06418559,0.04943271,0.061015088,0.017749924,-0.26045105,0.10347058,0.36842233,0.06371569,-0.047833048,-0.14913516,0.03426727,-0.04030561,0.10413085,0.12121685,0.02478279,-0.08939144,0.10212693
commodity_95,-0.35855454,0.25783733,0.20652938,0.70442265,-0.082125954,0.45794103,-0.09915203,0.14883278,-0.35813525,-0.5703313,0.25327316,-0.42500028,-0.5569052,0.80438745,0.0681946,-0.2170181,-0.2613289,-0.35106865,-0.27377236,-0.31034702,-0.6574542,0.22444457,-0.04558584,-0.0006066552,-0.22642376,-0.82328874,0.30413097,0.6033543,0.073203936,0.15739326,-0.78240424,0.42146942,0.2022912,-0.882048,0.6462282,0.16624804,0.43698928,0.81103843,0.7238867,-0.14965147,0.3529532,0.32166418,0.78517854,-0.16126464,-0.80968887,-0.33664778,-0.23617758,-0.18142731,0.24103735,0.15905713,0.055811323,0.6778159,0.63163984,-0.46523732,-0.09167032,-0.67548513,-0.3945372,-0.5040687,0.26040658,0.15806594,-0.19895391,0.03702866,0.40482065,-0.1455166,0.11177821,0.49176782,0.31280375,-0.07494871,0.53242683,-0.0662033,-0.021722846,-0.31839797,0.52137125,0.026837239,0.3562761,0.35689273,0.02915187,0.6978493,-0.36394554,0.62546724,-0.8994826,0.078241184,-0.19824474,-0.0541081,-0.50267774,-0.05232366,-0.006928521,-0.30052006,-1.0499909,-0.0481202,-0.44676575,0.10259421,0.024886439,-0.16116305,0.5714314,-0.091087736,0.13732776,0.21609086,0.8519338,-0.33852458,-0.13506922,-0.111183286,-0.022431836,0.20872228,0.006611442,0.10994551,0.17687891,0.28351,0.38041922,0.7021598,0.3820121,-0.2522497,0.141764,0.023762986,-0.112455316,-0.10299326,-0.13341573,0.27586204,0.5111729,0.020355744,-0.36548358,-0.36163527,0.04825383,-0.14996211,0.0306821,-0.5057996,0.13064027,0.13911197
commodity_96,0.16237983,-0.03348059,-0.19594274,0.20135497,-0.021617614,0.17045262,0.44088143,0.090798244,0.006172373,-0.21624677,0.2085234,-0.2117381,-0.42350405,-0.24368924,0.16241153,-0.061723933,0.055069923,-0.12212901,0.26593205,0.098888606,-0.08685893,-0.102255315,-0.055689014,0.21678635,0.09762875,-0.27599603,-0.11398107,-0.06814136,-0.19595724,-0.09223734,0.018815685,0.11188297,-0.35019448,0.028158797,0.12666857,-0.32026026,-0.1508527,-0.24303254,0.092821956,0.112057045,0.0061191795,-0.3850394,0.15580808,0.24790736,-0.14760247,0.084371954,0.36975113,0.100699574,-0.19760221,-0.11219329,0.064918414,-0.3886368,0.38748977,-0.38404486,-0.30716217,-0.056023803,-0.11435161,-0.058188062,-0.10415031,0.009395073,0.2890886,0.16297542,0.02404699,0.68710434,-0.021293625,0.25649288,-0.11194955,-0.08710821,0.105049044,0.12165517,0.20247808,0.16256122,0.1635686,-0.02810078,-0.044134982,-0.3166232,-0.24275407,-0.1462884,0.61491096,0.0982741,-0.5428854,-0.37364542,0.0006690358,-0.111866556,-0.20578764,0.048855215,-0.03845755,0.32743472,-0.055956554,-0.031888034,-0.03652423,-0.20255184,-0.1261036,-0.2518709,0.16834031,-0.026547557,0.06893537,0.5028607,0.13130341,-0.15345368,0.27469322,-0.25554174,0.13223584,-0.32799023,0.12179153,-0.13039415,0.16299538,-0.1837886,-0.32442668,0.078606665,-0.29550225,-0.28406784,0.035759766,-0.0021351178,0.20355019,-0.106884435,-0.2671738,-0.27207944,0.03885603,-0.022829823,0.32044366,0.049193814,0.323852,0.050240822,0.27281684,0.18647982,-0.19428375,0.14785336
commodity_97,-0.024688166,0.068584174,-0.03735902,-0.35184038,0.3251801,0.04010766,-0.031292986,-0.12130734,0.13725807,-0.2700371,0.017727083,-0.035824735,0.14568977,0.05642283,-0.07736562,-0.21449055,-0.05580848,-0.056094807,0.120877855,-0.22157748,-0.17457037,-0.06545743,0.12742865,-0.052322946,0.010045331,0.007843257,-0.4095276,0.014115686,-0.1067909,-0.11954987,-0.060358837,-0.1361724,-0.17252995,-0.10831652,0.034829363,-0.090481445,-0.5945469,-0.03265885,-0.2520892,-0.08051302,-0.027807219,0.2540446,-0.1967671,0.099108815,0.20260471,-0.53811675,0.0856481,0.09838868,-0.1216455,0.1434242,-0.009898289,0.1216797,0.24485719,-0.24721685,0.14920916,0.069681704,-0.09385091,-0.255013,-0.10014045,0.21093315,0.11248318,0.12166938,0.15320452,-0.09909937,-0.040851712,0.057815887,0.24757452,-0.15257461,-0.1047656,-0.029075688,0.29665217,-0.12343417,-0.034856804,0.13006586,-0.123386234,-0.0065400014,-0.28988636,-0.17528066,0.20881349,0.4035159,0.0452652,-0.034423262,0.020917967,-0.0061966386,0.2639693,-0.0028305948,-0.14083618,-0.0019738215,0.027618775,-0.16775347,0.1639409,0.05752018,-0.14677922,0.14841598,-0.0294754,0.04532253,0.10900148,-0.056255806,0.15460518,-0.32905647,0.10674218,-0.23946153,0.01673261,0.36772195,-0.19795586,-0.054395713,0.04456326,0.040671702,-0.09942534,-0.025898702,0.023883168,-0.019685902,-0.07614054,-0.27927244,0.12196725,-0.018513044,0.14730372,0.11865848,0.18958005,-0.041993655,0.020092528,0.04094222,0.18805608,-0.12234345,0.04159431,0.24505965,0.17110997,-0.17562704
commodity_98,0.039289307,-0.08159898,-0.32422736,0.2539133,0.13612115,-0.36106235,-0.05588492,0.33751273,-0.17757921,-0.020329412,-0.035687614,-0.11704941,0.031028096,0.027019758,-0.22023444,-0.16942744,0.18577467,0.12843862,-0.14742406,0.27720797,0.32763374,-0.0847978,-0.16064018,-0.012472418,-0.18326923,-0.12077939,0.17834249,0.430755,-0.14514726,0.038261186,-0.015989913,-0.16227877,-0.27739415,0.16794333,-0.13467309,-0.31817815,-0.13553648,0.16791189,-0.13147463,0.05422264,-0.43627158,-0.33885604,0.34610617,0.008911669,-0.0019522663,0.28410634,0.36265722,-0.28449336,-0.2368494,-0.018267348,-0.12514938,0.7025131,-0.022063546,-0.10713804,0.27799785,-0.06850394,-0.11746007,-0.1773182,-0.10476331,0.082798034,0.3423,-0.4815557,0.09896851,-0.19876759,-0.13717118,-0.08065161,0.002108274,-0.34372583,-0.09051469,-0.06625762,0.19762005,0.092453085,0.22359914,0.10142525,-0.41049606,0.12588803,-0.31553894,0.27173528,0.6705483,0.027746774,-0.5199427,0.0329769,0.01646449,-0.015783973,0.24860798,-0.49695003,-0.17400764,-0.17695303,0.4502071,-0.20450297,0.2508574,0.15482461,-0.16673285,0.005345756,0.14641283,0.1586647,-0.03151122,-0.5367994,0.29687914,0.13839416,-0.26035082,0.23172852,0.39092138,-0.13782473,0.19404343,-0.40026283,0.23506676,-0.04875845,-0.24885356,-0.29491183,0.09388252,-0.017420499,0.3839265,-0.050310154,0.21571016,0.38214853,-0.0545774,-0.22278091,0.2501341,0.06339614,0.023260353,-0.107541375,0.22908968,-0.070440196,-0.13269521,-0.21241225,-0.02212648,0.19716923
commodity_99,-0.11296304,-0.0024266948,-0.35803097,-0.03955161,0.02416107,-0.37869024,0.35174417,0.16413818,-0.2780172,0.12078576,0.022178559,0.088126674,-0.16040635,0.014948788,-0.13874333,0.09641156,-0.12746997,0.26548216,0.2215618,0.056288067,-0.23360573,0.115783505,0.022601202,-0.20166582,0.1336237,0.14402236,0.26987118,0.25334835,0.17602415,-0.12653694,0.111805625,-0.16273007,0.009899769,-0.20276506,0.18243526,0.30030465,-0.29796365,0.38111207,-0.25245777,0.22037274,0.15481819,-0.11216348,-0.022050273,0.2839843,0.13006341,-0.0059771272,-0.025887314,-0.278003,0.14584519,-0.096677,-0.03164209,0.24258776,-0.13141602,0.52041197,-0.00344988,0.49524358,-0.4484623,0.26348743,-0.09929829,0.22102906,0.6686276,-0.0923211,-0.014637015,0.21388862,0.49480233,-0.001776508,-0.0031163213,0.19115266,-0.2862805,0.18886097,0.42469618,-0.4302907,0.08163223,0.324412,-0.10715779,-0.41911688,-0.4426713,0.02571121,0.81561756,0.1384443,0.19687541,0.17215285,0.19136567,0.37288085,-0.12175794,0.03638475,-0.068062015,-0.2531965,-0.19628555,-0.19426654,-0.10762175,0.2027841,0.16002174,0.06852562,0.17301933,0.20084918,0.048398025,0.04737566,-0.060664985,0.16377743,0.23886368,0.04962361,0.57023364,0.40558696,0.0127837835,-0.35785452,-0.0062445863,-0.3899198,0.018722681,-0.24656558,0.29536688,-0.20037211,0.59742963,0.049379267,0.21811147,-0.045446903,0.030798977,-0.16503704,0.06280068,0.043173652,0.1235428,-0.39672056,0.089695536,0.010097635,-0.32166567,0.123537086,0.019746143,0.12901181
commodity_100,0.24131252,0.35714257,0.0952298,-0.13919577,-0.2850691,0.3331342,0.04094652,-0.16907622,0.27015004,-0.6789347,-0.25290278,0.13072433,0.47353917,0.09926221,-0.11594042,0.22887045,-0.13383992,0.15097752,-0.25738463,0.21012214,0.11543554,-0.46529862,0.21808326,-0.12459714,-0.10101679,-0.20156902,-0.11220444,-0.17718379,-0.17840283,-0.01982683,-0.11634157,0.15401019,-0.47396103,-0.1793917,-0.11877684,-0.29277724,-0.34914052,-0.23202264,-0.049736455,-0.52419674,-0.16882043,0.0999337,0.36038464,0.17334835,-0.028446108,-0.09171233,0.15922101,0.053857785,-0.14208901,0.169591,-0.1474305,0.15458846,0.34124142,-0.34477782,0.45073637,0.60380346,0.1462414,0.3899287,0.24587952,0.14239855,0.09344962,0.18073812,-0.43986386,-0.10992199,0.011477931,0.35218638,0.14175713,0.4692634,-0.18381125,0.187735,0.44812867,-0.19174336,-0.17159554,0.24237512,-0.037909146,0.05842295,-0.6782273,0.07711597,-0.06115264,0.0385817,0.12481137,-0.5550307,0.1372307,0.47479516,-0.33550185,0.1289604,0.1163487,0.42951232,-0.13593458,-0.2079793,-0.0661374,-0.13440788,-0.6445681,0.043899182,0.2579904,-0.008466928,-0.020337963,-0.2144062,0.09909622,-0.3779325,0.11705779,0.08854224,0.051307224,0.020580877,0.20706911,0.03005087,-0.2687144,0.017362349,0.16727826,-0.30857813,-0.082210705,-0.0116098495,-0.3163028,0.023061156,-0.1679046,-0.73634404,0.23956884,0.035143275,0.0538309,-0.18681996,-0.06412919,0.20711842,-0.23633492,-0.093735136,-0.3474927,0.3483643,0.096798174,0.17066264
commodity_101,0.26006067,-0.11793523,-0.05372603,0.06622319,-0.37939587,0.17620978,0.18397406,-0.24616799,0.17273894,0.0027560235,0.1201569,0.15526581,0.24623902,-0.33992618,-0.096051574,-0.06211912,0.14652637,0.062567346,0.019540768,-0.40452838,0.13704638,-0.34748632,-0.05496984,-0.18117692,-0.2399012,-0.24712858,-0.06335566,-0.34238267,-0.23502043,0.42842522,0.060337614,0.16263744,-0.101523764,0.11184537,-0.14343375,0.1818119,-0.30369133,-0.033084255,-0.123666234,0.18011618,0.28302968,0.1284248,-0.06975171,-0.023338776,0.061393436,-0.5039132,0.04999562,0.033960644,0.095846124,-0.11148443,-0.2602209,0.2284514,-0.058773864,0.06958571,-0.12405989,-0.022611953,-0.12273155,0.13925497,0.11999612,-0.10950609,0.10484211,-0.024654519,-0.03504631,-0.40101036,-0.2568766,0.3624006,-0.051047254,-0.096337974,0.048849247,0.054062944,-0.30497617,-0.25516415,-0.16181852,-0.080487005,-0.49555027,0.068831414,-0.63066566,0.07647821,0.24770372,-0.33693174,0.03382446,-0.15215348,0.10580516,0.09260142,0.08751726,-0.36469463,0.24834497,-0.2783693,-0.21100065,-0.004391974,0.061206937,-0.25427124,-0.3656861,-0.021683965,0.04399488,0.2693072,0.035582013,-0.021047888,0.096739374,0.031115022,0.108978,-0.1612429,0.16738707,-0.15300784,-0.08011623,-0.08294262,0.15478928,-0.06283112,-0.20677541,-0.1215693,0.04411113,-0.22282241,-0.29735625,-0.38689566,-0.4696448,-0.013875648,0.28019384,-0.08879952,0.17064199,0.0010735512,0.120185815,0.2281178,-0.12549236,0.47153836,0.21673876,-0.332969,0.124001734,0.25586158
commodity_102,0.007642714,0.0043264246,0.18933561,0.13415585,-0.29542562,0.15428373,-0.28218874,-0.00073560653,0.022880899,-0.18255064,0.14058363,-0.11044477,0.0052221734,0.07384783,-0.013172495,-0.406701,-0.13015246,-0.02473945,-0.12700534,-0.030534789,0.010198464,-0.09539413,0.07225141,0.07001484,-0.27096885,-0.16665104,-0.03821413,0.06139669,-0.17419337,0.2796608,-0.22110327,-0.3904726,-0.1480051,-0.14319953,0.085678376,-0.09479363,-0.314817,0.35185105,0.19409096,-0.11557057,0.08519862,-0.026061121,0.46463224,-0.1423293,-0.37217826,-0.24670099,-0.055501077,0.029099228,0.51136905,0.18963331,-0.32306615,0.07893677,0.15621069,-0.109567426,0.24791987,-0.39585325,-0.47507688,-0.3636132,0.33200723,0.10691433,-0.25227797,-0.027069012,0.12702446,-0.23084663,0.1578456,0.3889822,-0.029761871,0.1654071,0.08341047,-0.106953666,0.10382279,-0.10437558,0.24663907,0.15696846,0.31171173,0.43828484,-0.04384062,-0.17669447,0.36628667,0.18564662,-0.2604549,-0.10829106,0.11681586,0.027072253,-0.12488542,0.08341735,-0.19218855,-0.12901841,-0.1408341,-0.053650312,-0.007019614,0.2227334,-0.22633903,-0.15426749,0.1408919,0.23006064,0.3022887,0.18997885,0.3507892,0.34753948,-0.38029343,0.04976911,-0.16384503,0.14694662,0.19099744,0.04955741,0.053691454,0.036358256,0.45463607,-0.05799626,0.19162002,-0.11627723,-0.043315727,0.26906118,-0.2871809,-0.09823425,-0.30482888,-0.18205583,-0.34529132,-0.13626225,-0.07050749,-0.028795378,-0.1475699,0.13902922,-0.058524247,-0.108033,0.30597073,0.064838886
commodity_103,0.011982618,-0.01179097,-0.4687185,-0.2611796,0.18654203,0.42555636,0.26874512,0.48690084,-0.055271216,-0.07302658,-0.16850668,-0.27469173,-1.3850359,-0.02263472,0.013898579,0.058413345,0.1584078,0.234977,0.32410553,0.42771384,-0.6145475,-0.23536178,0.281237,-0.19231273,0.14786111,-0.2023973,0.120372266,-0.18869497,-0.013183153,-0.21941994,0.16700675,-0.42365932,0.16264762,-0.028695177,-0.12770224,0.022510376,-0.7580187,0.38818705,0.5228675,0.00021053554,0.11764934,-0.18034501,-0.5146722,0.008074181,-0.43988422,0.16277075,-0.23897739,0.14242296,-0.36565807,0.20278414,0.11103896,-0.23649678,-0.28211814,-0.5011318,-0.19227152,-0.14791402,-0.1490607,-0.26067403,-0.41120264,0.06760185,-0.5265644,-0.21895416,0.12972853,0.20665728,0.11229526,0.65016836,-0.111097746,0.19194645,0.3414266,-0.33001825,-0.124214195,-0.3005315,-0.1104182,-0.12861085,0.31225857,-0.19556835,-0.25240427,-0.58957875,-0.20088463,0.091910765,-0.023004819,-0.2417094,-0.41814566,0.24445131,-0.56837934,0.8446393,0.0042702192,0.087424494,0.39791894,-0.24205613,-0.2688946,0.04912516,0.56546193,-0.610965,0.5078259,-0.47095,0.115971334,-0.10903438,0.36639306,-0.49621278,0.52127844,0.10652482,-0.049471512,-0.36842173,0.6908534,-0.8802534,0.44059572,0.18139184,-0.097210415,0.40390614,-0.22140902,-0.31268784,0.06308183,-0.49741805,-0.42187238,-0.20808375,0.2482453,-0.55444735,0.12909453,0.43154153,0.5473676,-0.26945266,0.47591946,-0.22440292,-0.20407934,0.026530199,-0.4153839,0.34642294
commodity_104,0.046840303,-0.113337904,-0.05884987,0.19266406,-0.49684244,0.23202182,-0.28998572,-0.06692397,-0.30326936,0.23308913,0.055719294,0.1945091,-0.28779057,0.41355765,-0.23623385,-0.007039804,-0.023887146,-0.06379118,-0.30050057,-0.09673101,-0.16008529,-0.10084754,-0.34404147,0.12170493,-0.33520758,-0.36355767,0.13138285,0.090051435,0.1979484,0.2102816,-0.4636591,-0.64194715,0.071431935,0.03673886,-0.28358096,0.20058529,0.053950265,0.20279369,-0.09572634,-0.21813594,-0.00038030103,-0.102430046,0.28738332,-0.028102359,0.058335982,-0.28968272,-0.07301087,-0.1105235,0.07554777,-0.14355439,-0.6414627,-0.045534305,0.15615351,-0.44441298,0.04805846,-0.17582014,-0.42576522,-0.11490609,0.050064303,-0.08769221,-0.05784146,0.23212138,0.10452928,-0.037384126,0.2237604,0.031059157,0.012449743,0.1418758,0.02803955,-0.16000627,0.062374078,-0.17289385,0.3881147,0.07898903,0.2885817,0.37691158,0.06658849,-0.04966534,0.5334372,0.2360582,-0.68732667,-0.028639048,0.020552084,0.37124237,-0.4618012,0.01680571,0.13760062,0.04151521,-0.14514835,0.07850731,0.1472248,-0.03470576,-0.047386095,-0.13778266,-0.120695904,-0.06419826,0.041493792,0.16601926,0.16594635,0.16080737,-0.17065302,0.17143692,-0.19235572,0.034266118,0.14000072,-0.12529208,0.15135922,0.16716689,0.29680717,-0.2137004,-0.022616252,-0.16552825,0.29722205,0.017820437,-0.14790364,-0.03640917,-0.26148602,0.080220975,0.18219854,-0.05276513,-0.1784399,0.12190271,0.3516459,0.18626288,0.1761876,-0.3666688,0.15301995,-0.19933984
commodity_105,0.34035844,0.1609119,-0.15747753,0.33244926,-0.33903766,-0.21536748,0.254238,-0.36568323,-0.24254727,-0.10545021,0.2775926,0.35395902,-0.077611715,-0.48554218,0.116420485,-0.026504464,-0.055339467,0.14351825,0.09513138,-0.34037802,0.24272434,-0.07357847,-0.17213158,-0.16449793,-0.030584652,-0.42381188,0.054541353,0.2474801,0.07452621,0.095140465,0.08541034,0.53972334,-0.29644305,0.050707508,-0.26894945,0.21578732,-0.34860367,0.15860523,0.11227509,0.28264156,0.18031117,-0.028212953,0.18114822,0.33650675,-0.24185437,0.3460895,0.1155518,0.14608306,-0.03146382,-0.20837551,-0.12788105,0.3708141,-0.24611236,0.160085,-0.3510998,0.378102,-0.09133792,0.31291214,0.23050584,-0.5172324,0.5827402,-0.09505556,-0.544797,-0.30083755,-0.29622945,0.32004645,-0.3508353,-0.3671644,0.20343703,-0.208591,-0.021568375,-0.26427135,-0.21220833,-0.34946743,-0.14214085,-0.11843909,-0.58430606,0.09463029,0.80916345,-0.6596662,-0.13601428,0.028114399,0.37415153,0.51701146,0.10608964,-0.2847983,0.21803394,-0.1734404,-0.37077603,-0.03383824,0.13809614,-0.49747503,0.054191116,0.19691692,-0.040317785,-0.17342834,-0.07270315,0.004216392,-0.061817847,-0.051182687,-0.2897887,-0.05938382,0.010218743,-0.19640288,0.1942226,-0.1707464,-0.00070445053,-0.07376227,-0.27885997,0.07940117,0.106399626,-0.0076938896,-0.03691018,-0.34523386,-0.64621663,0.67768073,0.3388817,-0.5871372,0.2975757,0.045214385,-0.14112587,0.12011437,0.12399429,0.4847626,-0.08057008,-0.21898073,0.07851735,0.23142713
commodity_106,0.11075851,-0.050355587,-0.23675498,0.0647019,-0.09369454,0.24937499,-0.06909143,0.3248611,-0.23874947,-0.026004246,-0.10648934,0.08267119,-0.17241858,0.23778252,-0.08420668,0.2622522,-0.13575585,-0.099140964,-0.043145135,-0.18878418,0.21849373,-0.20750035,0.02066441,-0.4054895,-0.21319684,-0.17751102,0.21898325,0.3216231,0.06186835,-0.19670449,0.29725334,-0.058955424,-0.11387234,-0.023514347,-0.061619084,0.34816045,0.10761035,-0.35246575,-0.10972216,0.22077915,0.10475687,-0.2711562,-0.35832697,0.35038832,0.12093255,0.34547192,0.14493808,0.043890044,-0.17614157,-0.2929763,0.047504876,-0.06417637,-0.1568265,0.14844488,0.017228592,0.016835976,-0.2713492,0.32903165,0.046901193,0.1430159,0.5116689,0.14830235,0.06153536,-0.23997007,0.21918494,0.23022166,0.12370842,0.011914311,-0.21673694,-0.44000372,0.21338585,-0.17732441,-0.08758615,0.14363983,0.295862,-0.08566984,0.19915861,0.29597732,0.7437111,0.12215733,-0.1809649,-0.108753055,0.12753123,0.16083409,-0.13400403,-0.14889643,-0.12824515,-0.30446944,0.18974197,-0.10411682,-0.31934264,0.05582558,0.023769997,-0.06878161,0.0102906795,-0.091152415,0.1417086,0.21703172,0.1520688,0.3012378,-0.222618,0.26293677,-0.037363134,-0.14493823,0.25006315,-0.31361076,-0.0885258,0.032870438,-0.035472184,-0.09007967,0.2274357,-0.3837344,0.2927229,0.1741719,-0.09281679,0.19530301,0.15388003,-0.18011372,0.054904047,-0.08060909,0.11289142,-0.0031191069,0.18813002,-0.16223544,-0.057061024,0.012470101,0.003506516,0.058395397
commodity_107,0.3094977,-0.26453358,-0.155946,-0.35426274,-0.14652207,-0.08192239,0.15012868,-0.22487047,0.32333046,0.020529276,0.20841172,-0.1419493,0.87595356,0.06276201,0.1423915,-0.32104254,-0.04311349,0.22271894,0.10937887,-0.2499486,0.15396596,0.1411126,-0.18363096,0.1841971,-0.25684363,-0.14397205,0.08286639,0.17502165,-0.13451707,-0.3132932,-0.3765991,0.09767533,0.14130034,-0.21971162,-0.358021,-0.1264228,-0.079960175,0.24287798,0.11890551,0.023364577,0.07802566,-0.25628638,-0.1525565,0.060631488,0.056324903,0.2385218,-0.17382932,0.3999591,0.4167323,0.03079926,0.28407368,0.5784757,-0.28749436,0.5033914,-0.3861507,-0.09759499,-0.095059276,-0.3792946,-0.24085318,0.03101581,0.7018055,0.08650156,-0.22063936,-0.09893133,0.23766428,0.3764508,0.67997557,0.046544146,0.30398214,0.16449858,0.3005028,0.065697305,-0.3139793,0.22612907,-0.4407332,-0.08547433,-0.19573206,0.40469164,0.42354104,-0.13049014,0.16034475,0.03991588,0.078933485,0.08196384,-0.19099484,-0.20298834,-0.33736292,-0.049132578,0.1958742,0.3589496,-0.34017155,0.0011676822,-0.11091006,-0.21992068,0.05753377,-0.1244139,-0.13597251,-0.4089042,-0.31119516,0.33271703,-0.13859157,0.11131242,-0.15438366,0.12459517,-0.27412987,0.097427934,0.33512247,0.042392034,-0.3475281,-0.21848361,-0.03507544,0.14157636,0.2550103,0.36882034,-0.2740064,0.085311875,-0.113865405,0.16469087,-0.0370092,-0.47833267,-0.49789855,0.4024869,0.18336712,-0.13900502,-0.10046912,-0.13208188,0.35957792,-0.8012286
commodity_108,0.01766318,0.45929343,0.142887,0.29771522,-0.5103498,-0.037514374,-0.017954301,0.09848858,0.23314467,-0.04767626,0.36700726,-0.21025886,-0.16936648,0.32120734,0.09955646,0.1123327,0.0004104426,-0.2504277,0.013915253,0.16734289,0.066881254,0.2834525,-0.096407935,0.30656198,-0.112960495,-0.39259294,-0.42537972,-0.10388731,-0.18812335,-0.2739738,-0.17437999,-0.07445848,-0.35458028,0.2059809,0.10100465,-0.2047928,-0.5657585,0.27585283,0.14830743,0.38058674,-0.12960203,-0.13460009,0.15766878,0.1625795,0.0693968,-0.15374282,0.04018214,-0.111355826,0.42402092,0.11667069,0.19706279,0.13211085,0.36231345,-0.2693786,-0.06509638,-0.40012804,-0.498261,-0.38592845,0.4559615,-0.0817161,-0.060329866,-0.124333195,-0.18493037,-0.36664462,0.30265635,0.21668844,-0.124314964,0.25896084,0.38662836,0.20703313,0.52148145,0.111437134,-0.12555337,0.0031846943,0.19416624,0.28196156,-0.054786127,0.09067291,0.71438426,0.29987898,-0.28221837,-0.0056342557,0.23237224,-0.13399303,0.082046986,0.19250235,-0.0025091453,0.19826207,-0.17971799,-0.035621963,-0.054988917,0.004837541,-0.15057269,0.17839293,0.18788502,-0.016349535,-0.1695388,0.10352919,0.46926486,0.02220883,-0.052901756,-0.08239491,-0.106180795,0.2547331,-0.025769128,-0.19184563,-0.16165899,0.13199729,0.41210255,-0.3821701,-0.14401856,0.08969039,0.04931729,-0.004096913,-0.33195224,-0.35675633,-0.20743877,-0.00068796077,0.070071116,0.06688614,-0.33808565,-0.059709445,-0.10993704,-0.671897,-0.17365524,0.009111724,0.2515982,-0.41437024
commodity_109,-0.3151029,-0.2165827,0.050899897,-0.35905707,0.08148167,-0.030406702,0.031768125,-0.20348418,0.32245693,-0.23948802,-0.0024044835,-0.19177301,0.06907102,0.08140173,-0.2838645,-0.27636373,-0.08633541,0.14166377,-0.08978234,0.22040541,-0.123826966,-0.29858285,-0.05710426,-0.110760026,-0.096644014,-0.19140066,-0.22393422,0.18424125,-0.077010706,-0.21445106,-0.37211925,0.02220965,-0.046536967,0.15175924,-0.5555331,-0.111195415,-0.099521324,-0.14946266,0.09422917,-0.18983051,0.020532018,0.32236034,-0.06964892,-0.42751053,-0.021363381,-0.25394443,-0.14282036,0.017399656,0.33361182,0.29969922,-0.058717076,0.015003037,-0.1509715,-0.0024992798,0.040371254,-0.05692457,0.111808285,0.09865215,0.1686611,-0.22978725,0.26311624,-0.014360874,0.017252091,0.090530716,-0.22563468,-0.023411289,0.25944212,-0.19766702,0.007773377,-0.053554162,0.25449163,0.042900167,-0.28054076,0.16218607,0.26203996,-0.39211053,0.07767152,0.10063382,0.7242863,0.013670201,0.13937263,-0.13301328,0.17541677,0.10811949,0.021101091,-0.16180937,-0.26249036,-0.27650735,0.043659154,0.22334844,0.1860386,-0.1962344,-0.016493678,-0.38983116,-0.019780777,0.3694108,-0.010623012,0.33347425,0.3779778,-0.08766917,-0.1579063,0.1759809,0.21556295,0.3549429,-0.27657464,-0.054787833,-0.118361056,-0.08450926,0.08284673,-0.16548039,0.11883125,-0.07201514,-0.033480063,0.24974802,0.14359821,0.059171896,-0.1349936,-0.19642214,0.2397851,-0.062786244,0.1717678,-0.108831026,-0.11566464,-0.046614844,-0.06684835,0.019409062,0.07230256,0.0306153
commodity_110,-0.1259185,0.010969179,0.09588548,0.21485333,-0.11464056,-0.16348815,0.013998126,-0.18088514,0.106486246,-0.12661272,-0.091546245,-0.14780661,0.13555081,-0.22176644,-0.010122202,0.0006433935,0.112598814,-0.25319803,0.09625719,-0.12906308,0.029459184,-0.49240735,-0.025528992,-0.016931199,0.010578358,0.09737879,-0.3664909,0.0070871864,-0.30413815,-0.035234712,-0.052472778,-0.08040111,-0.12387262,-0.15135041,0.017665785,-0.0894983,-0.20780258,-0.08165291,0.038890347,-0.120783,-0.18622161,-0.033401925,-0.08421008,0.01736613,0.06953548,-0.3833892,0.09931581,-0.06669327,-0.1757599,-0.01539617,0.21141356,0.06570807,0.061634537,-0.042853788,-0.098252915,-0.08661469,-0.16000907,0.1525447,-0.1036054,0.11838022,0.28153235,-0.11644355,0.34869754,0.13617772,-0.06920288,0.020314442,0.056920283,-0.16777542,-0.25039732,0.061904065,-0.052506655,-0.010966186,0.0936031,0.010220816,-0.43562585,-0.0830474,-0.4243325,-0.021082252,0.5410952,0.1002719,-0.17637962,-0.13253854,0.076982066,-0.08918671,-0.56418955,0.039041337,-0.03454706,-0.032841485,-0.13671339,0.038351737,-0.08776319,0.23931716,-0.26566073,0.10076466,-0.051225454,0.05496784,0.18318447,0.036086127,0.29756624,-0.22689018,-0.0032736133,0.14585616,0.13521579,-0.05570961,-0.20654193,-0.0066181105,0.0036781733,-0.07203286,-0.28144765,-0.3482193,-0.17603831,0.046206936,0.052119486,-0.096980624,0.06940052,-0.10039054,-0.17810774,0.0017858044,0.11178656,-0.04297828,-0.020004783,0.22069919,0.050924752,0.009489519,0.169293,0.20244792,0.20116937,-0.043942016
commodity_111,-0.19242014,0.31619197,-0.065105066,0.21286641,0.10620143,-0.32384294,-0.18019247,0.03700303,0.2992583,-0.2205092,0.49041423,0.1972524,0.23912683,0.29481554,-0.046238814,0.1504414,0.07843472,-0.27269363,0.17792477,-0.01655925,-0.18940997,-0.23747677,0.059370346,-0.07406834,-0.042417113,0.13474025,0.20647173,-0.16529052,-0.1829654,0.12697732,0.35087502,0.08978308,-0.040887967,0.04171845,-0.19723041,-0.32378116,-0.232926,0.25599015,-0.34680706,-0.4431739,-0.35609138,0.112595774,-0.0427923,0.16428278,0.18288162,0.1221917,-0.1059212,0.09747527,0.0074111107,-0.03940404,0.07575509,-0.051151153,0.2767071,-0.30961558,-0.110611916,0.18232825,-0.38479346,0.18356368,0.018298686,-0.12287738,0.293349,0.18855752,0.16615207,0.3630927,0.060824435,0.27892494,-0.05822331,-0.2473033,0.026513185,-0.017326113,-0.0062328903,-0.31011534,0.0034318394,-0.005875218,0.006144019,0.39946976,0.027180756,0.25525457,0.56026167,0.36197135,-0.38521186,0.2107232,0.07757311,0.20423244,-0.4850226,0.008481671,-0.020954391,-0.25756264,-0.042822946,0.02792161,-0.0043446687,-0.102872185,0.16271165,-0.23908918,0.5542218,0.07969911,0.044883594,0.200918,-0.1293115,0.2468076,-0.012920211,0.03125845,0.12311786,-0.14436127,0.11070903,-0.036920987,-0.087596945,0.11320779,-0.34944454,-0.28971535,0.03875601,0.0100456355,-0.11878376,-0.008758342,0.27012894,0.06937304,0.027066167,0.124314085,-0.06712412,0.25925994,-0.09704955,-0.14108305,-0.09613384,0.27114818,0.4963877,0.11901916,0.066947274,-0.07033657
commodity_112,-0.0027656937,-0.061691843,-0.0010755474,-0.17569333,-0.18065752,0.2500603,-0.33038065,0.10923833,-0.1703514,0.054713566,0.09640412,0.12485212,0.34910348,-0.18532534,0.1910786,-0.04798241,-0.20525344,-0.22571382,-0.06590524,0.052000377,0.18540007,-0.56990623,-0.10818062,-0.02034853,-0.057554785,-0.14372773,-0.37485954,-0.14743419,-0.17571841,-0.077803925,0.078475975,-0.009794433,-0.17934291,0.1520199,0.14113334,-0.1430503,-0.18828353,0.11486086,0.19077462,-0.1447702,-0.21654405,0.20345971,-0.086257644,-0.16343802,0.013443672,-0.41572252,-0.11628049,0.054777056,-0.28988698,-0.25471142,0.117879786,0.25541446,-0.020510828,0.0033937767,-0.064444765,-0.042952567,-0.2426235,0.1270605,-0.029009197,-0.064643145,0.12771297,-0.016130287,0.27523205,-0.57485634,-0.10739957,0.22984658,0.24241972,-0.009940645,-0.37216035,-0.07266874,0.42114037,-0.09494271,0.08643068,0.03537854,-0.12991676,-0.18309535,-0.04139972,-0.08945365,0.34977442,-0.12242252,-0.58057547,-0.0968817,0.1769965,0.059921555,0.31744727,0.0819855,0.35120186,-0.23631482,0.12924546,0.036586728,-0.44935352,-0.11810897,-0.21579976,0.012436523,0.019068204,0.2870184,0.019959066,-0.28151238,0.18214883,-0.2085356,0.42162946,-0.23242544,0.04220129,0.12161088,0.029260848,-0.04206556,-0.07290198,0.02349842,-0.3691516,-0.12704654,0.10897174,-0.030497015,-0.14277516,-0.16000931,0.053444374,0.087197706,0.18259753,-0.0681915,-0.030037474,-0.1051946,0.05907688,0.14940922,0.048825808,0.23203991,-0.1463013,-0.008938818,0.15015677,-0.0034889285
commodity_113,-0.032355007,-0.021342674,-0.06479408,-0.16101499,0.09963105,-0.33280742,0.21023332,0.020002019,-0.54417205,0.18774416,0.10219335,0.15517302,0.3895907,-0.066573374,-0.061832637,0.2673565,-0.3861602,-0.15451774,-0.020089231,0.10038072,0.014687031,0.19941694,0.1620136,0.18425329,-0.35992602,-0.21071742,-0.10302898,0.010991322,-0.1468314,-0.1570407,0.1439342,-0.2875691,-0.065651365,-0.20916341,0.042741477,0.33500966,-0.17906937,-0.2663336,0.07260282,0.25374526,-0.08432207,-0.04336148,-0.16426207,-0.046503212,-0.019449264,0.33889428,-0.22589809,-0.036086507,0.06474387,-0.31628677,-0.11343313,0.030101145,0.23767431,0.020920822,0.14017123,0.3723596,-0.14929873,0.18092988,-0.1974683,-0.050174978,-0.1725722,-0.22869554,0.09791154,-0.36315954,-0.04134351,0.32982087,-0.08189622,0.15176095,-0.10926541,0.006544114,0.2995018,-0.15078244,0.1101289,-0.0715423,-0.0436061,-0.34781775,-0.4510435,-0.09499405,1.0162362,-0.62840694,0.10094113,0.06674296,0.23165222,0.00037414255,0.673385,-0.19296563,0.026437692,-0.5421138,0.052674074,-0.0058105043,-0.19606975,-0.045963317,-0.047780007,-0.33048764,0.23865649,0.37388766,0.12549722,-0.27393374,0.19031736,0.36152723,0.09604253,-0.1460755,-0.5304632,-0.020023623,0.01827988,0.2589561,0.13743287,0.089691035,-0.41412416,-0.046462003,0.111332506,-0.05614045,0.2035587,0.25823963,-0.20776984,0.0583951,-0.17949192,-0.053917803,-0.0015154273,-0.10674447,0.4113325,-0.05013267,-0.16547474,-0.09111592,-0.09507705,-0.09136648,-0.088933855,0.021976724
commodity_114,0.16179231,0.04647149,-0.028885884,-0.17591184,0.06093896,-0.29427508,0.09591542,0.09849831,0.12134292,-0.15387486,-0.014216227,-0.0006033273,0.34119338,-0.022743283,-0.15483496,0.21173121,-0.07696514,-0.12320484,-0.09379089,-0.18868282,0.10865104,-0.4387198,-0.03921491,-0.06557763,0.09031654,-0.18292701,-0.48399404,0.02168487,-0.13661556,-0.24446937,-0.056679055,0.1889656,-0.12726623,-0.06181882,-0.056809306,-0.27472085,-0.38888103,-0.10439547,-0.13463305,-0.13057409,-0.10750618,0.33195314,-0.078401595,0.03846724,0.015600437,-0.41470337,0.10846434,0.08488978,-0.0656195,0.20430036,-0.021934576,0.081313044,0.22409055,-0.23432055,0.18541712,0.14101392,-0.12045419,-0.110912375,0.053423677,0.070109285,0.13161895,0.06780469,0.24012645,-0.09505515,0.1362241,0.09711046,0.48736483,-0.19066106,-0.087722614,-0.165639,0.031206869,0.009902102,-0.091974445,0.038815163,0.057736855,-0.015281233,0.02652221,-0.22030209,0.63110965,-0.12815255,-0.045732558,-0.32141855,-0.119526535,0.09913743,-0.0046936055,-0.034546323,0.28191984,-0.13344564,-0.19802359,-0.3311334,0.15246606,-0.0861231,-0.3826506,-0.056255624,0.26188383,0.05933658,-0.21966378,-0.068924874,0.026630806,-0.1317865,-0.13906233,-0.20329614,-0.04766591,0.18767394,0.42656517,0.21940976,-0.008450315,-0.22338364,-0.08620142,-0.14085579,0.10553114,0.2464407,0.0016605142,-0.040650617,0.13517995,-0.03750412,0.16096261,-0.06349437,0.07174913,-0.28544316,0.061226,0.0144877955,0.13764079,0.07017617,0.1645805,0.3489987,0.070782654,-0.39684108
commodity_115,0.09716098,-0.060352083,-0.10782326,0.16181712,0.06658391,0.038719654,-0.038082313,0.052226625,0.027065806,-0.072002135,0.032318406,-0.25517187,-0.17384036,-0.17660902,-0.07959734,0.08439026,0.029551603,-0.072250396,0.35832867,0.1445167,-0.026263556,-0.46799603,0.13386847,-0.10528061,-0.04964354,0.0736886,-0.20627438,-0.018941784,-0.013239069,-0.217063,-0.10727126,-0.1687092,-0.030827599,-0.055166468,-0.20234184,-0.21462089,-0.4045641,-0.30224577,0.027487082,-0.03960806,-0.036960393,-0.3459101,0.058579512,0.1304888,-0.17427923,-0.42361617,0.11640527,0.31083706,-0.27951622,0.010046879,0.024361933,-0.33065495,0.2088195,-0.15104273,-0.028438121,-0.1697281,-0.14306466,0.024338562,-0.1322427,0.009907154,0.39067334,0.1215074,0.1799681,0.30214435,0.1763787,0.03849902,-0.16581444,-0.13420379,0.054485556,0.21297576,0.3766567,-0.09896368,0.19541696,-0.101766,-0.14633706,-0.049484722,-0.18969563,-0.15759218,0.62783414,-0.1443281,-0.05199093,-0.36765355,0.035419334,-0.107038744,-0.27526906,0.16230153,-0.03721212,-0.27808914,-0.06644583,-0.33282408,-0.22873937,0.02869079,-0.1065207,-0.10147445,0.21374184,-0.11122778,0.08564308,0.28213468,0.03783675,-0.20748466,-0.05206953,-0.17956844,0.058746453,-0.06990768,-0.19164528,0.0045635407,0.23934028,-0.09944657,-0.31052852,-0.08777759,-0.5299915,-0.12900022,-0.081064366,-0.019175569,0.12775739,-0.007730599,-0.05827148,-0.14267164,0.22758189,0.0801755,0.03484372,-0.14217561,0.013325211,0.118708976,0.37969536,-0.09504679,0.06585125,-0.045641255
commodity_116,-0.201529,0.22680883,0.031766832,0.0033759235,-0.37334472,0.28713867,0.199504,0.120913684,0.311836,-0.016296031,0.021563938,-0.19235934,-0.006320931,-0.09698382,0.003947171,-0.08309912,-0.013948779,0.14669949,-0.111144096,0.08251838,0.23833205,0.15415879,-0.03830355,-0.1584577,-0.1290472,-0.21851881,-0.14165057,-0.35576418,-0.084907174,0.07970763,-0.109263,-0.054799646,0.07762431,0.09607185,-0.16338536,0.11350817,-0.4699721,-0.1142549,-0.18034889,-0.24963576,0.033094615,-0.09037269,0.061906677,0.2477068,-0.01646294,-0.32550347,-0.09035514,0.022309791,0.025974939,0.024826063,-0.07852144,0.021694213,0.0039238376,0.094104,0.10977835,0.028793462,-0.12269913,-0.06626458,0.2070235,0.14391968,0.022305675,0.17839326,0.056881562,-0.024891399,-0.03879112,0.1628915,-0.13309903,0.19139192,0.31906584,-0.37900487,0.21528317,-0.1694995,-0.24769926,0.13934512,0.05091397,-0.06042995,0.075970605,0.037661765,0.4612007,-0.011780536,-0.06864631,0.0744133,0.03637129,0.16834591,0.003632188,-0.01020434,-0.0885743,0.17794375,0.0419548,0.038819894,0.021647217,0.3296481,-0.11494683,-0.116150014,0.108688764,0.43909153,0.19461095,-0.13076702,0.27565235,0.031025877,0.021803863,-0.09954068,0.007605364,0.11780449,-0.11072889,-0.07251037,0.016144522,-0.10113155,0.19331028,-0.101694115,0.06916699,0.1588297,-0.09223668,0.03207314,-0.03437596,-0.30697325,-0.39558226,0.07581277,-0.048989363,0.19018066,0.013412792,-0.13028318,-0.0065263067,0.10651492,0.29159743,0.044488072,-0.057759292,-0.17587191
commodity_117,0.5237383,-0.16300574,0.21769598,-0.41559368,0.32161745,-0.19200438,0.026524847,-0.49121153,-0.29033622,0.015542187,-0.16682512,0.07554414,0.10820493,-0.07554407,0.02903298,0.0051154513,-0.5339831,0.26359433,-0.18113425,0.35234705,-0.29501683,-0.057531245,0.41958508,0.022898847,0.010395216,-0.14745767,0.046598487,0.02887772,0.030958282,-0.049627937,-0.08257344,-0.20862292,0.18570848,-0.04679823,-0.14362532,0.14610352,0.26947758,-0.1766847,0.18302634,0.2540213,-0.08672753,0.33886075,-0.061362438,-0.20328438,0.17619127,-0.060568318,-0.16338591,0.18516755,0.21138927,0.038742542,-0.104036845,-0.48615578,0.13780671,-0.06834273,0.12702402,-0.19468726,0.07518252,0.03467482,-0.20870619,0.020623261,0.21469174,-0.40525702,0.048634034,0.13790773,-0.021837274,0.28560495,-0.62549603,0.0073208213,0.149434,-0.38071093,0.29657865,-0.4396315,-0.102102056,-0.21319358,-0.12629838,-0.060089886,-0.2963478,-0.13638313,0.33412853,0.1641769,0.23881605,-0.18600816,0.3814551,0.07512818,0.27921316,-0.42161798,0.22041985,-0.27762038,0.14101546,-0.036003992,0.07150773,0.1583078,-0.049978707,-0.027125752,0.15499829,0.5074315,0.20705888,-0.4415683,0.22084795,0.64206547,-0.27991134,-0.18201208,0.145119,-0.13131188,-0.11430981,0.4861559,0.107751116,-0.19186994,0.5563696,-0.13153633,-0.2624187,-0.001518475,-0.35907996,0.08918321,0.15526736,0.28108472,-0.16256931,0.44841933,0.45152125,-0.27135837,-0.029548433,0.31440136,-0.036114387,0.12123942,-0.078108795,0.049526904,-0.2051274,-0.31192526
commodity_118,-0.32740575,0.21454304,-0.104257986,0.32007036,0.15632178,0.13823786,-0.010320752,0.025767695,0.14242384,0.09042043,-0.2808522,-0.054437347,0.28081343,0.09577165,-0.07929973,-0.22829832,0.0077499114,0.09530219,-0.040534634,0.006634019,0.06673719,-0.33545282,-0.21060912,-0.13208789,-0.06433562,-0.3484909,-0.0865466,0.019972643,-0.33860147,-0.22816154,0.13225687,-0.035563298,-0.13291155,0.07403385,-0.14810066,-0.09106577,-0.54304075,-0.11184658,-0.110876605,-0.19428883,-0.39545768,0.4835682,-0.011492808,-0.26526138,0.056671016,-0.19386366,0.29857427,0.18265751,0.082498565,-0.088847645,0.106920764,0.24128354,0.14283346,-0.05054427,-0.040262077,-0.0737949,-0.10770073,0.048240542,-0.10929916,0.011732191,0.09860714,0.33746058,0.07782184,0.079038635,-0.080294855,-0.062122352,-0.23330632,0.08659779,-0.2584912,-0.12771323,-0.1247894,0.25295973,-0.07874875,0.17384557,-0.11189434,0.0026879986,-0.02044062,-0.18777941,0.48912627,0.18325694,0.11374251,-0.54748464,0.24523343,-0.07338663,-0.13168122,0.16384065,0.10120714,-0.28333196,-0.3149296,-0.3146806,0.23536363,0.013641981,-0.15726073,-0.34586674,-0.070628345,0.057059053,0.33385834,0.28051308,0.40742248,-0.06591972,-0.09605812,-0.076173685,-0.2850391,0.12780263,0.25477037,0.14994848,-0.0056238896,0.12834159,-0.16255757,-0.3540309,-0.028404556,0.16823584,-0.14277995,-0.11838848,-0.050393995,-0.1340112,-0.18090329,-0.24739298,-0.05782814,-0.21297932,0.006211455,0.24203126,-0.17015246,-0.032069363,-0.04345684,-0.081553064,-0.03135468,-0.3877784
commodity_119,0.113813035,-0.03273334,0.40691003,-0.14590277,-0.16188604,-0.5201523,0.08493938,0.018127251,-0.0023736898,0.20042545,-0.076861374,-0.05786272,-0.43015125,-0.11121041,-0.10018119,-0.16724643,-0.26700735,0.18661197,-0.46884766,0.2229592,-0.12546135,-0.15672359,0.13968883,0.2216866,-0.74771374,0.04831979,-0.014874068,0.29441267,0.20205127,0.17560144,-0.048012048,0.13397883,-0.020603215,0.042428717,-0.3540288,-0.17654029,0.06168218,-0.20685193,-0.12474776,0.17821713,0.21332686,0.25532088,0.24963987,-0.004255872,-0.08706059,0.33151507,0.30019292,-0.05613864,-0.4311953,-0.054349612,-0.20174922,0.27319327,-0.48310262,0.0800628,-0.20273241,0.07499661,-0.33765107,-0.18819824,-0.032139275,-0.006911939,0.35945687,-0.044866942,0.39610007,-0.354251,-0.18722107,0.058836874,-0.35001764,0.05244728,-0.0044313855,-0.15524623,-0.21839389,-0.4920587,-0.24311714,-0.14083825,0.3336971,-0.06277255,-0.171232,-0.09440138,0.738233,0.24742587,-0.10116536,0.2178358,-0.008663237,0.17051108,-0.11166305,0.08543472,-0.25897998,-0.33005098,-0.15360506,-0.16636221,0.038521305,-0.2582078,-0.062057287,-0.041179705,0.07171257,-0.2987541,0.1150101,-0.025040906,0.10525185,0.24747007,0.27506444,-0.20507826,-0.39492282,0.014515038,0.28027672,-0.19828272,0.15203568,0.08607956,0.012040447,-0.4414462,-0.344866,0.49939469,0.82721907,-0.34441936,-0.13212836,0.12691027,-0.13011205,-0.1715557,-0.10825067,-0.20226927,-0.00598887,-0.11631255,0.16099003,-0.037765503,-0.26138243,-0.46433875,-0.22366035,0.18490659
commodity_120,0.09576933,0.21990414,0.0046371906,-0.19276062,-0.14819016,-0.019889865,-0.08198625,0.063734196,-0.2621303,0.11090212,0.15209675,0.24543929,0.105824485,-0.3587274,0.018970892,0.18743367,-0.22950548,-0.11852915,-0.10044491,0.11542733,0.22387385,0.24709009,-0.12954518,0.16358793,0.23077053,0.27672687,-0.3936127,0.1864424,-0.0037040613,-0.27959034,0.09504769,0.06113355,0.14045468,0.13811906,0.19280986,-0.27740696,-0.52932847,-0.13061516,0.005415629,0.014819719,0.124602914,-0.09833459,0.048052337,0.25296235,0.09331957,-0.30841446,0.100664526,0.04597901,-0.04186275,-0.1787761,0.08839612,-0.21326123,-0.16199706,-0.32898054,0.20637089,-0.1710747,-0.5200171,-0.018742053,0.24005736,-0.22150517,0.15877293,-0.15978344,-0.18858972,0.12705302,-0.008520767,0.18196072,0.21705447,0.040796205,0.17637964,0.16381659,0.18946342,-0.022339528,-0.122568086,0.06938067,0.030400954,-0.12903658,0.042797785,0.010470297,-0.021097764,0.040918548,0.10020649,-0.21847408,-0.09900676,0.11976105,-0.19908045,0.19967008,-0.032654442,0.037989512,0.110541895,0.111374974,0.10376275,-0.32249108,0.042641323,-0.040670276,-0.13156798,0.08644404,0.5719841,-0.02684751,0.33692652,-0.23163572,0.14733204,-0.15479085,0.09269523,0.035525467,-0.13830847,0.15066777,-0.017716836,-0.08559429,-0.15670264,-0.14945735,0.17790085,0.074126124,0.1280556,-0.16950265,-0.0073084384,-0.3387478,-0.42981088,-0.3352931,0.106130324,0.09673372,0.23990144,-0.06695514,0.2050683,0.108684525,-0.11257684,0.0064609568,0.03603063,0.10806639
commodity_121,0.024545582,0.341451,0.026131181,0.199031,-0.12034229,0.055364754,0.10556205,-0.24305095,0.18352397,-0.3308134,0.09856503,-0.24133226,0.22610922,-0.2878646,0.2498278,-0.38418284,-0.24445823,-0.017157255,0.050058626,-0.18097784,0.021303723,0.22292687,-0.096619904,-0.039526347,-0.15246612,-0.21681178,0.0096816765,0.07916838,-0.11954763,-0.2831534,-0.25370845,-0.06798844,-0.09001188,0.03511287,0.056363918,-0.077578135,-0.12010751,0.16696917,0.2435909,0.026271043,-0.06652239,0.098165505,0.49823955,-0.29096553,-0.22524635,-0.35029295,-0.19826241,-0.03483854,-0.28881395,-0.2817289,0.32635695,0.11997793,0.17536719,0.0031585228,0.08304341,-0.1784373,-0.45096105,0.2627785,-0.096668996,-0.03969452,-0.025198394,0.06789507,0.43356824,-0.23282857,0.45523426,-0.111880116,0.041727223,-0.14096439,0.2214869,0.10363191,0.2772289,0.043478645,0.15632975,-0.089899905,-0.2895837,-0.10669114,-0.22708392,0.105168946,0.346007,0.180894,-0.2981557,-0.12161066,0.13731971,0.20586623,0.15134977,-0.2267232,0.08741438,-0.2663287,0.055123508,0.010429647,0.026192548,0.302386,-0.3422138,0.033215966,0.085370935,0.274523,0.13097306,0.47214693,0.40981668,-0.21205834,-0.12728706,0.033349298,0.022170687,-0.10280453,0.015745303,-0.22082278,-0.07210183,-0.22155848,-0.067447744,0.017829359,-0.04805759,0.37264833,0.020101108,-0.09413783,-0.16989702,0.1302098,0.08089206,0.15416622,0.13447699,-0.11868568,-0.22394802,0.5683816,-0.027087068,0.0030403417,-0.13432275,0.15044792,0.0539188,-0.00907251
commodity_122,-0.1248579,-0.12862259,-0.33405945,-0.044618364,-0.10163591,-0.1328112,0.2291667,0.031817194,-0.089673445,0.21676187,0.018622754,-0.08337858,-0.1930353,0.045104742,-0.041037306,0.07255859,-0.09238267,0.15853305,0.097053,-0.10742883,0.0039998423,-0.016916083,-0.027945103,-0.0573027,0.055836886,-0.24221215,0.5053225,0.24715999,0.21842484,-0.16829753,0.079468906,-0.18435852,-0.12743787,0.12210755,-0.13525544,0.214607,-0.058956165,-0.0017863943,-0.11872586,0.07042664,0.19015697,0.055267256,0.1048287,0.3538748,0.032002386,0.48079485,0.011697348,-0.017495742,-0.008684255,-0.07279368,-0.22916879,0.18476461,0.10854488,0.26691592,-0.0034207935,0.17975059,-0.1396255,0.12698331,-0.031198364,0.06523987,0.5948762,-0.016560595,0.03473328,0.3033883,0.0029013336,0.15161595,0.10965471,-0.010639876,-0.20839222,-0.15123765,0.16243705,-0.19348337,-0.053925704,0.2021835,0.070240095,-0.015617543,-0.01974788,-0.09674553,0.68237853,0.19358179,-0.3790747,-0.09059374,0.056126926,0.08458762,-0.1653347,0.02307767,-0.004505073,-0.11759937,0.00026825862,-0.008156706,-0.080980204,0.08190885,-0.062484216,0.07448306,-0.06023036,0.08158467,0.11028916,0.05989121,-0.024175929,0.074654445,-0.07740737,-0.05533787,0.16732714,0.14980723,0.004598845,-0.2644729,-0.01317291,-0.1715154,0.08594275,-0.07429744,0.016287016,-0.19527805,0.27410814,-0.11786665,0.024820104,0.067379475,-0.045703884,-0.077074416,-0.026771335,0.21227448,-0.028258312,-0.13295482,0.107918225,-0.23470613,-0.28882495,-0.065288745,-0.049134955,0.1009201
commodity_123,-0.1217185,0.27300358,-0.12445347,0.21506833,-0.11812095,0.35674292,-0.22100921,-0.0023020806,-0.013089504,0.19819379,0.11672404,0.038009707,0.115200244,0.23596606,0.21332814,-0.7289767,0.13935608,-0.08773642,-0.036688216,-0.037290953,0.05069764,-0.12732983,-0.0066114385,-0.117315434,0.15565254,-0.42888924,-0.1689692,0.19676878,-0.07981948,-0.23706804,0.014517708,0.042290878,-0.2283275,-0.24469964,-0.13390885,0.070984006,0.08150986,-0.34209052,-0.092543624,-0.24308401,-0.45669234,0.05329572,-0.27591187,-0.12817739,0.29583654,-0.23992357,0.41801816,0.07231734,0.2509238,-0.19681199,-0.046686895,0.31863287,0.51913476,-0.17960036,-0.10113206,0.26154375,-0.032120287,0.16659439,-0.07806711,0.11336314,0.11138182,-0.07731698,-0.011833028,0.23395994,0.107011296,0.02612701,-0.06097963,0.32124886,-0.15345056,0.007330144,0.05027239,-0.2187219,-0.20851459,-0.039381772,0.24772781,0.024263512,0.36950144,0.016314737,0.19656378,0.26202235,-0.24702765,-0.20847604,0.079483,0.20786682,-0.04862774,0.042058308,0.026892941,-0.31906104,0.14467669,-0.12480808,0.18035644,-0.10147081,-0.19480507,-0.08355582,0.21202447,0.074558675,0.35613337,0.08289974,-0.050016936,-0.11562863,-0.46333814,-0.2608967,-0.0030319497,0.04018108,-0.16626784,0.033387348,0.47870538,0.20436485,-0.19126156,-0.13599463,0.012868174,0.15207961,-0.22506927,-0.04180718,0.09294427,0.058778584,-0.15946968,-0.10724584,-0.07277897,-0.033058263,0.023484267,0.20058237,0.09914048,0.12219775,-0.24390776,0.20343825,0.039090488,-0.07449672
commodity_124,-0.060978904,-0.26401138,0.078054294,-0.33557624,0.25762284,-0.14619492,-0.13879792,0.14257343,0.02620703,-0.45817238,0.036803227,0.05307444,0.01344052,0.30664334,-0.50913113,-0.072284535,-0.114109285,0.02059804,-0.111864924,-0.18091565,-0.07512769,-0.44996423,-0.0672181,-0.14560947,0.07269312,-0.2603793,-0.06520996,0.3296856,-0.19097517,-0.09212512,-0.24514803,0.26623577,0.0479838,-0.17100525,-0.103747375,0.27996162,-0.20686561,0.043567393,-0.23430938,0.05341432,0.42907575,-0.27056178,0.15329203,-0.21543728,-0.19483928,0.62158203,0.0981786,0.051664498,0.61226225,0.18577166,0.19136117,0.051054895,-0.15644567,0.086639546,-0.016063353,0.08886071,-0.26041058,0.845022,-0.31589875,0.00012769538,0.88127756,0.073270276,0.12376464,-0.5339444,0.06502841,-0.0071584433,0.12522298,-0.1684903,-0.2779809,-0.53306454,0.19420977,0.25039783,-0.36047482,0.3175732,0.12555414,0.017748404,-0.35814714,0.29175708,1.0951777,-0.10914998,0.7808683,0.0018319965,0.040059507,0.20597525,0.046244588,-0.38231704,-0.372712,-0.23115249,-0.11716386,-0.26476035,-0.16836248,-0.04519982,0.30383208,-0.30294666,0.25854903,0.34317276,0.20090064,0.31482977,0.14400458,0.10697277,0.057496708,0.51089823,0.48329931,0.37086692,0.14888383,-0.19826816,-0.38715816,0.028331155,0.20699011,-0.15597983,0.03210636,0.01955084,0.516883,0.43547562,0.2158781,0.08722009,0.30680192,-0.33579394,0.23564067,-0.26156428,0.43964303,0.04579853,0.03179366,-0.27329025,-0.048517723,0.13674352,0.15510306,-0.20559667
commodity_125,-0.0773538,0.1268647,-0.28456956,-0.24616434,0.39149007,-0.032121252,0.28479874,0.052877776,0.27716118,-0.26697293,0.18467169,0.30082154,0.3899562,-0.22850943,0.18309513,-0.3509426,0.66402125,-0.031061675,0.17342809,-0.058192432,-0.44508168,0.20756087,0.027940568,-0.17562038,-0.35908926,-0.15322168,0.76092243,-0.10639333,-0.14641817,-0.37495613,-0.13754797,-0.7684646,0.162304,0.17316629,-0.165913,0.035621934,-0.50903314,-0.35128933,0.17072955,-0.37267298,0.6080759,-0.1515554,-0.046442434,0.18702064,-0.12180637,0.09401561,-0.097240046,-0.19756635,-0.24930497,0.037630025,-0.2142255,-0.04380921,-0.12508957,-0.04205168,-0.37172416,-0.14491151,0.16278139,-0.38585883,0.051462848,-0.07089803,0.054269347,0.05147024,0.017617568,-0.767601,0.20888434,0.5169592,-0.025000528,-0.39916566,0.40122554,-0.119989984,0.10128187,-0.15151179,-0.11827144,-0.038486324,0.12523402,0.31387144,-0.734752,-0.159485,-0.19155295,-0.56354415,0.36272204,-0.21725911,-0.042525586,-0.16831993,-0.0040486213,0.46113348,0.24396566,0.025465583,-0.017531445,0.31409052,0.21850178,0.1926368,-0.15472716,-0.10501069,-0.034343943,-0.22140628,0.1844191,-0.004055618,-0.6023267,0.08778795,-0.46440682,0.036847863,0.2133819,-0.70350426,0.25816873,-0.05989616,0.14541751,0.23339812,0.038295377,0.14469644,-0.38609117,0.21975912,0.1420933,-0.122651294,-0.42822534,-0.22202694,-0.32049322,-0.06677759,-0.085800834,-0.30507335,0.556592,-0.5902151,0.27752084,-0.28044724,-0.1871219,0.88920015,-0.30551448,0.32469442
commodity_126,-0.092276,0.3485679,-0.11287276,-0.36212203,0.32647786,-0.65764433,0.29644215,-0.023779197,0.15663087,-0.11932938,0.2706005,0.09204661,-0.041624997,0.43707153,-0.1856174,0.08376345,0.018277552,0.12885636,0.31233394,0.087115824,0.103359886,-0.20122129,-0.3135544,-0.21611932,-0.08240478,0.10713096,0.61963767,0.24075295,0.3546335,-0.22569846,0.108396724,0.3700289,-0.23321994,0.10521771,-0.38830993,0.026116746,0.1632227,0.2368754,-0.36463138,-0.23141673,0.02600142,-0.015466273,0.30336544,0.25804126,-0.13277015,0.29387435,-0.13381523,-0.108867735,-0.030758841,0.062102843,-0.14865692,0.21069883,-0.42001832,-0.11583698,0.295509,-0.050269667,-0.2365625,0.30754364,-0.046027664,0.14367756,0.80498034,0.31040174,0.5448241,0.45341396,0.27605224,0.54046607,0.12519579,-0.50125587,-0.1455203,0.03861831,0.15651457,-0.32384902,-0.2980537,0.08753532,-0.055656582,0.14815341,-0.02588212,0.33759195,1.1818053,-0.012724146,0.42636177,-0.13314907,-0.10026027,-0.1771507,-0.13961522,0.23582594,0.38899535,-0.4348126,-0.046828166,-0.32264552,0.22534359,0.27144733,0.24136473,-0.02364667,0.20775373,0.20698938,0.024543928,-0.1449772,0.10548832,0.3342904,-0.12093823,0.17462717,0.1660201,0.036885995,0.069028065,-0.043680813,-0.14036162,-0.097618215,-0.50594234,-0.06806534,-0.16130188,-0.016050132,0.79469734,0.061039362,0.38461497,-0.21505252,-0.11114274,-0.2959438,-0.2499812,-0.034759782,-0.106986046,0.14863098,0.024813615,0.08202662,0.12087895,0.03762509,-0.37109026,0.41465062
commodity_127,-0.117386155,-0.25050795,-0.34903213,-0.36941084,0.10253916,-0.3092555,0.2713349,-0.05937531,-0.1055837,0.17336409,-0.28357378,-0.13765234,0.20593509,-0.071579784,-0.15405552,0.006476,-0.032551765,0.23735568,0.19928966,-0.11788103,-0.08163402,-0.029889008,-0.14856936,-0.1496904,-0.010990089,-0.00311881,0.26605904,0.3970173,0.24522385,-0.31936193,-0.10894787,-0.09258869,-0.016409239,0.06260801,-0.1705066,0.13273363,-0.013297571,0.05514041,0.16779947,0.093315385,-0.059510645,-0.06993738,0.1467118,0.19000228,-0.030021347,0.043931298,0.3784332,-0.1967153,0.2811616,0.07592542,-0.17267329,0.21181434,0.15778813,0.53616804,-0.14699604,0.09380961,-0.22271913,0.37823117,-0.094565265,0.13124046,0.5571686,0.017966446,-0.0047911312,0.21466751,0.10329897,-0.03492889,0.30209553,0.046798564,0.03078651,-0.23062581,0.1729538,-0.32682535,-0.22891568,0.26124412,-0.03556844,0.12891428,0.049418803,-0.09146719,0.86897045,-0.084713235,0.17649601,0.1077315,0.052610002,0.2090788,0.16519421,0.14137852,-0.2842699,-0.2678045,0.057300113,-0.043300677,-0.0028940737,0.16101958,0.015879462,0.09580068,-0.046022058,0.13845974,0.3229106,0.28039265,0.034981053,-0.009281908,0.12929867,-0.07312824,0.086452805,0.26099214,0.25920618,0.064813875,-0.19407378,-0.21055724,0.009415673,-0.14753357,0.07774458,-0.0773668,0.2852068,0.046133425,0.023761451,-0.110577434,0.018510867,-0.050759844,-0.097583264,-0.11726527,0.042102464,-0.09107511,-0.0798122,-0.04914932,-0.2619793,0.02989233,0.11622538,0.11237021
commodity_128,0.40498945,0.12465061,0.07970431,-0.3260676,0.2542412,0.025885198,-0.40735447,-0.1068263,0.2599654,0.07040588,0.083730154,-0.19021448,0.36061937,-0.013023072,0.10024379,-0.2270603,0.2772447,0.019564448,0.297251,0.10075699,-0.0117940195,-0.29285568,-0.22459188,0.008016222,0.17575566,-0.13107349,-0.5641929,0.43942356,0.15671343,-0.14179204,0.12833649,-0.07900541,-0.08756875,0.036968,-0.04823341,-0.31388763,-0.5242595,-0.3786438,0.16161878,-0.45501563,-0.13630776,0.054279447,-0.57512236,-0.052402753,0.045435883,0.05277497,0.35051644,0.2597795,0.49019188,0.107538275,0.18964955,0.282323,0.39365637,-0.0289467,0.21978085,0.1981052,-0.20272733,0.033074442,-0.079944156,0.09177828,0.09832457,-0.03396059,0.123727426,-0.11920635,-0.05437364,-0.19392034,0.16496353,0.23218325,0.06954189,-0.2083057,0.2178047,-0.4717662,0.008947734,0.17976642,0.015553557,0.08452271,-0.008246011,0.0448061,0.44681692,0.21314068,0.017876633,-0.25535724,0.11389912,0.28778625,-0.03282683,0.071921945,-0.056532655,-0.22468491,-0.10481593,-0.043003637,-0.16635995,-0.078258745,-0.02854752,0.2395596,0.071619116,0.03242783,-0.03194817,0.052870154,0.24691631,-0.014290565,-0.30001116,0.08309032,0.03661219,0.06397522,-0.38457373,0.16853224,0.14357352,-0.03518317,-0.3359304,0.19695991,-0.17342918,0.41802576,-0.08275427,-0.03807633,0.07065759,0.13531177,-0.22095867,0.2895792,-0.34427378,0.12709203,-0.15409732,0.18260556,-0.031468138,0.21484877,-0.11631729,0.25704378,-0.3090279,-0.10088267
commodity_129,0.0013924395,0.50149345,-0.054100607,-0.059936177,0.19162531,-0.09892882,0.022168357,-0.12968338,-0.112697974,0.15711895,-0.008682917,0.31256437,0.31052202,-0.26994526,-0.109122574,0.33623317,-0.003752607,0.39674336,-0.12851596,0.10967361,-0.31625307,-0.07876894,-0.18208696,-0.06336443,-0.06516984,-0.32447302,-0.063943155,0.21013162,-0.25517616,-0.091253914,-0.37644395,0.020847423,0.09204486,0.06369503,0.10397367,-0.35228345,-0.67988193,0.16743006,0.07904476,-0.21785168,-0.16771522,-0.115035504,0.17295672,0.08305667,0.4806026,-0.481059,0.05481105,-0.056656882,0.16100736,-0.2978514,-0.6208971,-0.26170975,0.15076615,0.030981136,0.28393406,-0.3795127,-0.2395262,0.09737789,-0.00416743,0.01997129,0.5737874,-0.35325888,0.14673825,-0.5201606,-0.23931816,0.5041516,0.35989425,0.16841845,-0.015880942,-0.07480681,0.23739704,-0.17261682,0.011384545,-0.07062235,0.15600361,-0.2640146,-0.23456264,0.45120266,0.17094594,-0.28767908,-0.023519222,-0.3894193,-0.35500696,-0.4799744,-0.117299184,0.5246129,0.14545803,-0.064850904,-0.12050185,-0.36758012,-0.08915091,-0.31984955,-0.022815857,-0.033489786,0.09482149,-0.055392977,-0.141101,-0.17664422,0.36525172,0.094801076,-0.06964421,-0.20267674,-0.3812703,-0.28490138,0.06410328,0.2622987,-0.11919704,-0.49592116,-0.4872997,-0.03642665,-0.050356694,0.22533107,-0.0630086,0.47461143,-0.16995329,0.042248018,-0.3101665,0.016182488,0.14601268,0.102220684,0.030621802,-0.46678177,0.11214348,0.022967178,-0.13818868,0.21275562,-0.2778569,-0.12425242
commodity_130,0.21016514,-0.05955019,0.30362383,0.062312815,0.21859004,-0.20176585,0.2143657,0.0010137744,-0.07257859,0.044101562,0.031185523,0.59139675,0.3887012,0.007970677,0.06511863,0.15072532,0.085371286,0.29778984,-0.24936132,0.295008,-0.38763106,-0.28834853,-0.133317,-0.21143587,-0.048987795,-0.104492046,0.1414127,-0.16826102,-0.061094124,0.07652933,-0.18257664,-0.31264502,-0.056373436,0.22246617,-0.18170844,0.12559731,-0.037712313,-0.082100786,-0.05825014,0.008936869,-0.25225917,-0.012164505,0.038244963,0.13211156,-0.0032704445,-0.08581968,-0.00804111,0.049056318,0.0037254617,-0.04030308,-0.27405632,-0.013459275,0.051432014,0.2139349,0.27280268,-0.22625977,-0.12685424,-0.004661323,-0.018513165,0.06160847,0.41193452,-0.21781813,0.1878152,-0.18745755,0.16398017,0.28828987,0.3099304,0.009392949,0.044550706,-0.14523715,0.4010971,-0.2662205,0.004290191,-0.07011872,0.19929656,-0.18844792,-0.22907878,0.4036304,0.49777547,-0.30977276,-0.22889191,-0.35914186,0.05958277,-0.28828293,-0.47323772,0.15541463,0.40268162,-0.22644188,-0.2407262,-0.018459741,-0.11770149,-0.035592757,0.08976144,0.11197136,0.10859633,-0.13315398,-0.21270567,-0.29092753,-0.07838755,0.28254682,-0.32064024,0.07225717,0.0821891,-0.21978275,0.37110305,0.019113718,0.0806852,-0.11703735,-0.12400352,-0.09649609,-0.38588113,0.12720735,0.018858999,0.15121618,-0.070053756,-0.17957643,-0.045819435,-0.14939284,0.2339363,0.10923501,0.04878106,-0.31013772,0.095695585,0.03251028,0.13967733,-0.02684544,-0.14996392,-0.1469797
commodity_131,0.16187909,-0.07503679,0.0035040632,-0.21724288,0.12891197,-0.090710476,0.1809942,-0.033855025,0.13662487,0.0043328814,-0.080867894,0.019780861,0.11102399,0.28857356,-0.20862898,-0.49755472,-0.10007609,-0.0149424225,-0.35479894,-0.018905986,0.09067471,-0.35041666,-0.030227078,-0.16556159,-0.02237166,-0.16512536,-0.17859703,0.27615786,-0.033941373,-0.14561671,0.023773639,0.106059134,0.087015636,-0.06486019,-0.09129569,-0.009472944,-0.029935759,-0.07658282,-0.20848185,0.29247952,-0.23671328,0.40105408,-0.03634021,-0.054262895,0.07502181,-0.6074271,-0.019880785,-0.032233506,-0.41816705,0.21021761,-0.220169,0.43878216,0.058771014,0.09181961,0.15106624,0.10678222,0.24610251,-0.0066327,0.107135504,0.1494116,0.3823805,0.03918064,0.04490615,0.107348785,0.014082777,0.18781973,0.2638452,-0.21675992,0.15841043,-0.020547278,-0.055602383,-0.10309902,0.092832424,0.19155903,-0.24337108,-0.1134244,-0.29413527,0.045578703,0.57545626,-0.016626034,-0.2396095,0.14526667,0.16359034,0.16103321,0.4251165,-0.0813555,0.14406368,-0.18389644,-0.11626054,-0.15780437,0.17827314,0.21845691,0.08476963,0.0058421986,-0.17098191,0.19359076,-0.069680825,-0.2543307,0.15869035,-0.23586261,0.16438952,-0.00710941,0.11370977,-0.17871913,0.022883436,-0.27972206,-0.0009236778,-0.015075114,-0.22241086,-0.017877514,-0.09113401,-0.041191462,0.24859768,0.02090737,0.065040514,0.30189434,0.10732646,0.08200724,0.029035708,-0.15493129,0.25335774,0.17974864,0.034785498,0.051980287,0.38234812,0.40427747,0.25546244,-0.19677404
commodity_132,-0.34492227,-0.08953596,-0.3355033,-0.21135014,0.23190175,-0.58126897,-0.20279256,-0.23898391,0.09778505,-0.042269323,0.020776682,0.03558419,-0.022096185,0.35820967,-0.2920768,-0.075883225,0.0026304163,0.17737007,0.22055289,0.33578458,0.4747009,-0.12217843,-0.31191373,-0.38058785,-0.1760348,0.06732771,-0.049448207,0.022396311,0.29279268,-0.19041972,0.4149379,0.0111848265,0.19855696,-0.24285865,-0.2110184,0.008269972,-0.16144468,0.22287308,0.16905102,-0.21069759,-0.22048062,-0.054975472,-0.023685545,-0.066485,0.020398613,0.042083763,0.1102347,-0.08184455,0.19488204,-0.03355834,0.014433671,-0.086069375,-0.11594102,0.17046928,-0.12672012,0.40492415,-0.40959966,0.21510711,0.30502242,0.24059287,0.59629714,0.10379224,0.16921131,0.15058903,0.17475192,0.509566,0.27098274,-0.6152722,-0.36188188,0.14664015,-0.07012807,-0.34318724,-0.20156369,0.16229784,0.1613798,0.27951577,0.13992506,0.024615038,0.8852831,-0.07026522,-0.0047416883,0.21590224,-0.03646407,-0.025574308,0.31865245,0.18143445,0.20346417,-0.38393417,-0.0153121445,-0.10245109,-0.30021527,0.1991761,0.43756723,-0.05374601,0.048340194,0.19991277,-0.13582164,0.07331046,0.043426506,0.20001954,0.3959929,-0.014925397,-0.07077087,0.158487,0.093764514,0.16518497,-0.28040755,0.04967849,-0.07270245,-0.23069325,0.24709623,0.29576454,0.45295605,-0.019742142,0.07461691,-0.026830232,-0.22866967,-0.15899,-0.26309294,-0.105460435,-0.1442922,-0.03727043,0.022271413,0.23976307,-0.022436768,-0.052031048,0.07740383,0.1167368
commodity_133,0.07725385,-0.0008987952,0.17615677,-0.0442803,0.13424817,0.4066549,0.089363664,-0.21359518,0.0884706,0.09448603,0.057129283,0.015781375,0.27699134,0.43676525,0.03182303,-0.17657593,-0.16072331,-0.16243105,0.039986905,-0.21691622,0.31287345,-0.1174608,0.25934473,-0.09209368,0.16658914,-0.11732075,-0.35598564,0.18786965,-0.10981667,-0.19313137,-0.06620086,-0.15414445,0.19800325,-0.025391623,0.025874551,-0.13267289,-0.29706052,-0.041474894,-0.10746598,0.01973692,-0.45089686,0.26649252,-0.10240695,0.1263083,0.21421373,-0.2354526,-0.3485549,0.20202048,-0.24015805,-0.098292165,-0.11341188,-0.13035856,0.29090953,-0.045987543,0.086153276,0.33803144,-0.057559133,-0.034904763,0.10503657,0.23008958,0.19139689,0.0774846,0.04612312,-0.08163563,-0.0767017,0.13841969,-0.026058115,-0.019097632,0.032722473,-0.08282926,0.19842699,-0.33317146,0.10881563,0.08255026,0.09462312,-0.051665124,0.13718659,-0.28779492,0.4109055,-0.025349919,-0.17229809,-0.11329538,0.060398288,0.11108208,0.44287682,-0.3631289,0.02184267,-0.1661504,-0.06592298,-0.11068045,0.05024719,-0.1131041,0.1602371,-0.060695957,0.23124005,0.02461292,0.2750841,-0.100283876,0.2860352,-0.060886484,-0.3232756,-0.30847654,-0.10316749,0.326599,-0.08439965,-0.0005206368,0.08209596,-0.028079046,0.01754528,-0.11262475,-0.007936149,0.04392,-0.15919441,-0.053670544,-0.09301893,0.22416458,0.022067524,0.029972212,0.21888927,-0.21392667,0.33084252,-0.025579577,0.27770928,-0.07022184,-0.03849034,-0.090506434,-0.012075315,-0.15305217
commodity_134,-0.28126585,-0.10667677,0.20883618,-0.17537048,-0.16008887,-0.17524965,-0.0590977,-0.026228912,0.027222006,0.10011062,0.004385327,-0.055308282,0.5495836,-0.12749794,-0.19680758,-0.06182085,0.20415378,-0.20921426,0.24857974,0.09427726,-0.19190273,0.2131957,0.43834883,0.13403489,-0.21993792,-0.3332137,-0.16463773,0.0070158895,-0.1744525,-0.23238903,0.01664007,-0.11442254,0.10179241,0.024255978,0.30169222,0.08594589,-0.34125912,-0.18637834,0.20683551,-0.05261977,-0.26993585,-0.02562842,-0.10466768,0.11844575,0.27588004,-0.265129,-0.026696038,0.06906182,0.038516372,-0.13491797,0.2646144,-0.13636732,0.19644107,0.112399004,0.31903324,-0.09104174,-0.105665155,0.17672926,0.09448733,-0.20052782,0.25627425,0.046031833,0.06560671,0.04701202,-0.3285937,-0.064388745,0.23779342,0.15675269,0.36714044,0.35379818,0.09230888,-0.22587365,-0.18153888,-0.035023235,-0.0017215665,0.0657522,-0.23145576,-0.14539824,0.5058165,-0.14446478,-0.0139079,-0.060955703,-0.124424085,0.2627148,0.15673321,0.03227738,-0.043517236,-0.16867842,-0.14739373,-0.36479473,0.30074608,-0.03835292,0.1009811,-0.29395986,0.2159489,0.02565521,-0.18469988,-0.14233714,0.5570031,0.015577546,-0.16144861,-0.059756972,-0.05676561,0.26563263,0.046597637,0.19549721,-0.005160599,-0.03669239,-0.07524403,-0.13716793,-0.13318048,0.2144311,-0.059803892,0.0907607,-0.19361685,0.43668565,-0.021716194,0.03396365,-0.027908748,-0.049240425,0.0981586,0.047253825,-0.07605617,0.07167122,0.16903669,-0.030876443,-0.059733108,-0.21575995
commodity_135,0.12572956,-0.18597151,-0.40698513,-0.33049202,0.20710827,0.10734527,0.1725174,-0.16708326,-0.5154911,-0.12704302,0.10743564,0.086901546,0.36517042,-0.13947262,-0.16874501,-0.01177282,0.0013819898,-0.11127646,-0.074705675,-0.01629573,0.23511901,-0.0036838246,0.17485784,0.25531423,-0.035922796,0.020545898,-0.23803282,0.10486144,0.047872007,0.22365628,-0.37190112,-0.25514632,0.084518924,-0.10641785,-0.2406962,-0.053020246,0.4391252,0.29226422,0.272515,0.18435843,0.004270984,-0.18279876,-0.050358947,0.03143809,0.2566239,0.38641918,0.22221254,0.21499269,0.14539023,-0.15000413,-0.21155924,0.43051815,0.1507579,-0.20811065,0.12932919,-0.24233647,-0.10159535,-0.2727475,-0.18692783,0.07937349,-0.09231738,-0.22315024,-0.18420789,0.00573517,0.0038667058,-0.06229262,-0.73521996,-0.04544848,0.08738171,0.17036965,0.24872383,-0.4359566,0.04420312,-0.004824342,-0.10913285,0.02318555,-0.58008206,0.23462072,0.392004,0.21235102,0.076541156,0.08412091,0.35122716,-0.18287888,0.26435116,-0.21366966,-0.11603579,0.10814399,0.35187218,-0.18586305,0.20060994,-0.14760762,-0.06689059,-0.23267622,0.24043973,0.4426782,0.073667444,-0.2495568,-0.14036366,-0.1297303,0.35806862,-0.18620472,-0.32948318,-0.01841797,0.10194197,-0.18142505,0.08071408,-0.14404418,0.4659824,0.045168303,-0.07440271,-0.05955248,-0.18396951,-0.21466793,0.16194116,-0.13286498,0.0033307336,-0.08579846,0.39446208,-0.2396157,-0.049259987,0.1258358,0.094686985,-0.008951883,-0.01114027,0.47736076,-4.9760914e-05,-0.065346465
commodity_136,0.0018608086,-0.117438324,0.08688075,-0.2518739,-0.27212712,0.2212669,0.33911824,-0.19151886,0.16491298,0.14676258,0.09652245,-0.047824726,0.2714334,-0.09815322,-0.14422864,-0.05938723,-0.055698883,-0.15453815,-0.36160094,-0.13730624,-0.118407086,-0.28183818,-0.008275883,0.046166793,-0.055272568,-0.16011408,-0.38261214,-0.19309595,-0.16517688,0.25173372,-0.092378035,-0.03783885,0.20172943,0.02804029,-0.11238937,0.016023789,-0.15278682,-0.10652414,-0.013366919,-0.11609039,0.20885865,0.06558267,-0.37274107,-0.040551566,0.21682596,0.17927091,0.11311422,0.13196322,0.47376204,-0.1116482,-0.078847796,0.16147152,0.25205064,-0.042928167,-0.23505536,-0.4981026,-0.25110644,0.21582474,-0.12927872,0.12159497,-0.04874329,0.12390908,0.0627101,-0.22880046,-0.35449204,0.30403033,-0.15323001,-0.021037834,-0.10789449,0.17726311,0.09436883,-0.18076414,0.06678111,-0.013333617,-0.15182123,0.09839732,-0.3163678,0.019259734,0.25920328,-0.09604973,-0.08286504,0.10618138,0.23142879,-0.11573006,-0.14569508,-0.12832224,0.09845382,0.012275397,0.028248684,-0.26434755,0.089455135,0.04041248,-0.24705538,-0.013167122,0.1758559,0.384374,0.16755445,-0.18558247,0.11312192,0.18962073,0.124002054,-0.17666058,0.06683908,0.019650796,-0.06561294,-0.08100872,0.10775608,-0.11349326,0.12175408,-0.10677371,0.06459232,-0.19845185,-0.23824489,-0.114814065,-0.18464112,-0.4619077,0.012221871,0.188263,0.28443578,-0.013541734,-0.14259616,0.24051125,-0.07638448,0.44278792,0.11202503,0.047211193,0.18343973,0.18325785
commodity_137,-0.2043503,0.2241599,0.0684361,-0.07635662,0.030989233,-0.086558364,-0.112419456,-0.0008786236,0.2587629,0.07966406,0.13316664,-0.37920293,0.13413425,-0.17264844,-0.35466957,-0.021846812,0.0059509696,-0.17251453,0.20680529,-0.0873822,0.30409148,-0.11163547,0.05549791,0.13520506,-0.13795307,-0.082818784,-0.038688973,-0.17054741,-0.22082642,-0.21264741,-0.07423802,-0.09150962,-0.15779606,-0.25845218,-0.22296105,-0.2755067,-0.1095907,-0.1500973,0.020132829,-0.3271105,-0.0005273019,-0.052103005,-0.054101206,0.18829274,-0.11533273,-0.16265446,-0.04708795,0.15478799,0.06296758,-0.006984852,-0.017390436,0.021026917,-0.16835596,-0.0037934028,0.29441535,0.0002993925,-0.4741312,-0.1684392,-0.13201798,0.32092556,0.28833324,0.1403791,0.051423345,0.060256176,0.22513399,-0.23944846,0.19699311,0.20957373,0.002499112,-0.051681396,0.22803214,-0.05198535,-0.13999109,-0.06722362,-0.09066711,-0.02208803,0.31993276,-0.13660018,0.53104204,0.15686488,-0.12733857,-0.26862448,-0.011995773,0.1402537,-0.31289673,0.21292706,0.40670222,-0.39713338,-0.232637,-0.2406593,0.21660216,0.011094548,0.0070953467,0.00014134648,0.21898845,0.1475161,0.27904186,-0.29031762,0.2722665,0.086967476,-0.1486326,0.24014685,0.01997352,0.17564526,-0.18536697,-0.023793848,-0.38104144,-0.029203571,0.12548387,-0.060825635,-0.13460498,-0.13105732,-0.10643372,-0.22475865,0.042951558,0.11411891,-0.120346405,-0.3560811,0.27266443,-0.21753085,-0.047185298,0.14260845,-0.061876096,0.27117917,0.062379,0.19155721,-0.17040274,-0.011573822
commodity_138,-0.25906682,-0.056011353,0.16197884,-0.007832967,-0.035157476,0.16161972,-0.17036752,0.108491845,-0.036641635,-0.061968215,0.052206747,0.041569225,0.3567599,0.0040729414,-0.06678852,-0.19988762,0.0076963226,-0.018009782,0.15245561,-0.07873344,-0.027921967,-0.27744326,-0.08209184,-0.13343836,-0.14252542,-0.25120148,-0.29718158,-0.22148408,-0.18141025,-0.28443572,0.17376913,0.024479743,-0.061922945,0.11753391,0.012982403,0.21529917,-0.2497615,-0.24022214,-0.028995154,-0.23577368,-0.27139068,0.086019136,0.09567768,-0.06699191,0.1229574,0.07926761,0.23951842,0.06990695,-0.16330737,-0.06571487,0.056508183,0.17410846,0.11612826,-0.061144903,0.1680482,-0.13518631,-0.09121068,0.19971037,-0.01241292,-0.09824843,0.15170683,0.21951926,-0.06362351,0.18192318,-0.18676043,-0.08266816,0.040264964,0.2688926,-0.1606523,0.26969686,0.032181095,0.09841255,-0.15002589,-0.20277517,-0.107240744,-0.022833403,-0.09148018,-0.30644524,0.40941718,-0.068998784,-0.116481826,-0.21065764,-0.15065373,0.22660302,0.06558896,0.042773668,0.28559887,-0.16523299,-0.18029591,-0.11797516,0.32656425,0.036118697,-0.12704037,-0.32702538,0.0844701,0.14233807,-0.061789416,-0.1435471,0.3451756,-0.12559046,0.023108963,0.014703763,-0.020622477,0.26574108,0.06420774,0.18169099,0.12813482,0.019923925,-0.14312531,-0.23099649,-0.0131018935,0.09070425,-0.0331224,-0.01891858,-0.22843538,0.15165757,0.058136858,-0.009448875,-0.058708373,-0.056466233,0.16125317,0.032725576,0.018556157,-0.092730135,0.04388183,0.30694094,-0.31568003,-0.25694713
commodity_139,-0.14046156,-0.4177988,0.0026528067,0.625394,-0.17633682,0.18493587,-0.24159873,-0.7205547,0.11967622,0.08681109,0.044423178,0.13795891,0.50040644,0.6063498,0.46927866,-0.52642393,0.13719165,-0.4903476,0.10095657,-0.48894832,-0.5565809,-0.27403522,0.091494106,-0.10483964,-0.21950066,0.16849686,0.049850885,-0.050818045,-0.45262584,0.26335597,0.8820186,0.39267555,0.1924333,0.69393396,0.06553227,0.40066075,-0.042274952,0.030033443,0.36171684,0.42538798,0.057530034,-0.25367224,-0.23211008,0.110528074,-0.24074294,-0.17593065,0.06768489,0.5088376,-0.38013563,-0.12440981,-0.003697677,0.23193604,0.01981758,0.2782078,1.2702504,0.45710695,-0.22998811,0.10044092,0.048946604,-0.71545035,-0.09394214,-0.2351751,0.34166992,-0.32707718,-0.10247675,0.060839854,-0.06352432,0.2054223,0.185117,0.47799352,0.21294735,-0.463493,-0.13575263,-0.17769316,0.19096775,-0.3775967,-1.0438004,0.2473473,0.2604016,-0.5759456,-0.26480502,0.086756065,-0.56941783,-0.52423024,0.62132376,0.07130007,-0.098094374,-0.21672712,-0.04403993,0.09331969,-0.16942313,-0.38122126,-0.12607224,-0.19529535,0.32508478,0.031055206,-0.22960944,0.34388193,-0.11829661,-0.03644797,-0.3946135,0.033576243,-0.476441,0.7261594,0.29394382,0.17185229,-0.27997443,0.043586824,-0.275029,0.6017571,0.026153956,-0.072607666,-0.24727304,-0.23540014,0.08627847,-0.21524742,0.15896976,-0.016212407,0.25136143,-0.27514175,-0.27790043,-0.06926445,-0.02163219,-0.026251968,0.012730316,-0.3890203,-0.90866494,0.13608061
commodity_140,-0.22939093,-0.3107028,-0.5174737,0.33462453,-0.3313693,0.5245712,0.037787713,-0.90948874,0.0014639075,0.11615251,0.1357261,0.33286536,0.11660911,0.2783695,0.47675514,-0.33548012,0.18318158,-0.33671644,-0.07656539,-0.14219287,-0.45455423,-0.044677228,0.35003236,0.12475405,-0.20510606,-0.2665392,-0.19193918,-0.08808042,-0.2199359,0.19690116,0.6239058,-0.14706774,0.25604218,0.38898575,-0.13035488,0.5277572,-0.22769195,0.023699109,0.50265884,0.2265728,0.12251932,-0.3539142,-0.5309437,0.18626246,-0.62604207,-0.010803165,-0.02967249,0.52900964,-0.49448922,-0.21271375,-0.19393569,0.38775444,0.4423473,0.28267005,0.34824803,-0.008814921,-0.03641647,0.47064018,0.3258827,0.0048312647,-0.028358376,-0.46861127,0.030266501,-0.43662402,-0.13519445,0.32857227,0.10333851,0.60891366,0.19436023,0.69750047,0.26097292,-0.35120603,-0.12984583,0.2077323,-0.3370087,-0.6277638,0.06550905,0.5603111,0.10745492,-0.3116511,0.034455847,0.38547477,0.1275713,-0.24297622,0.6114038,-0.24449623,0.16002488,0.09932938,0.28581452,-0.063320585,0.082294226,-0.293409,0.06550907,0.38795796,0.41215232,-0.025602108,-0.22958538,0.59216744,-0.28882793,0.12725547,-0.7349072,-0.11017857,-0.626295,0.67289454,0.11759405,-0.16225739,-0.11146462,0.3860788,-0.2098541,0.5172023,0.11376072,0.2326427,-0.13770387,-0.10453704,0.16344763,-0.20693311,-0.019446572,0.11132533,-0.03012753,-0.2009573,0.26300266,0.16008742,-0.044501603,0.22377796,0.19874622,-0.37727273,-0.86933595,-0.007598145
commodity_141,-0.13519086,-0.3386601,-0.093722135,-0.30002964,-0.23671065,0.08034887,0.33609974,-0.47505328,0.10939136,0.34061104,-0.031163026,-0.12239887,0.13722286,0.31124127,-0.04969776,-0.05032706,0.014806649,-0.5077242,-0.5826335,-0.18505561,-0.07822194,-0.08943842,-0.1952791,-0.014493048,-0.19330153,-0.38829267,-0.3611153,-0.22930796,0.044699986,0.3337105,0.055263516,0.057103965,0.26074162,0.027099619,-0.24425495,-0.07179958,0.09183555,0.1119412,0.018545652,-0.10521422,0.28539547,-0.3871139,-0.2146864,-0.014214044,0.19327067,-0.25097674,-0.0586633,-0.058293663,0.17855212,0.029846802,-0.19048735,0.15558209,0.20662001,0.019671967,-0.17463726,-0.41363654,-0.06227817,0.08695225,-0.08461963,0.082644396,-0.07394404,-0.025207248,0.32674453,-0.027715284,-0.1269617,0.013646053,-0.033309888,0.006937201,0.12905355,0.21736348,0.06188923,-0.5893689,0.20899321,0.046602108,0.012070405,0.09704701,-0.3076048,0.1834924,0.2789215,-0.15869333,-0.28634325,0.3074623,0.034524515,-0.0042609978,0.024288092,-0.009229474,0.28230378,-0.004186954,0.15625064,-0.20731972,0.32325318,-0.4487058,-0.18898372,-0.061833084,0.12699462,0.36970043,-0.05631584,0.07316497,0.1259979,0.12774776,0.1933469,0.10955209,0.058694016,0.27307478,-0.06975366,0.32306364,0.06252558,-0.028593509,-0.12126143,0.13485509,0.034698572,-0.40949908,-0.21665731,-0.17022851,-0.009570383,-0.54199237,0.34906474,0.2705357,0.42397207,-0.07902812,-0.12935449,0.4478665,0.09693472,0.3740437,-0.08281634,0.21708143,-0.07948851,0.116601564
commodity_142,-0.30041146,-0.03639617,-0.10145327,-0.2037813,-0.15280236,-0.22856885,0.09538197,-0.3472087,0.11741863,0.10882119,0.058584604,-0.31594282,0.3981346,0.066947125,0.025666183,-0.40236425,0.21685416,-0.56405705,-0.26268598,0.15044793,-0.10675104,-0.04644658,0.2358985,0.0028818017,-0.18853658,-0.05084452,-0.2930954,-0.12715884,0.038954895,0.24672204,-0.29881966,0.13665597,0.19135852,-0.09438189,-0.010652183,-0.07673337,-0.04098966,0.30248722,0.22287734,0.14047219,-0.1312002,-0.24368618,-0.25435147,0.19926797,0.2099395,0.03382243,0.24010466,0.20673622,-0.22783925,-0.002519723,0.1967135,0.066311866,0.1466413,0.36267468,0.24735077,-0.5217905,-0.21448891,0.19695568,-0.18906604,-0.050907236,-0.019562412,0.0020405392,0.0039324835,-0.08945079,0.009132564,-0.14195281,-0.18734911,-0.037142012,-0.045976326,0.34871355,0.06346661,-0.80794513,-0.05173701,-0.036844358,0.122060105,0.08180095,-0.28286216,0.22831072,0.43217558,-0.20312242,-0.117765,0.0900218,0.1312719,-0.10200007,-0.121490896,0.33536202,0.09761921,-0.186271,0.1441441,-0.44559953,0.2710195,-0.29704976,-0.07591011,-0.1637528,0.13840845,0.13795911,-0.02711966,0.09808963,0.13778183,-0.04888217,0.017376991,-0.2500597,-0.08424471,0.3011968,0.14205071,-0.0045222966,-0.05839073,0.28370297,0.12362275,0.104599304,-0.032222502,-0.024295898,-0.3042473,-0.073116645,-0.26009884,-0.1982859,0.12784971,0.09858526,0.42615464,-0.13643503,-0.44158962,0.3071997,-0.24353528,0.26988825,-0.07172639,0.21461935,-0.09566904,-0.1341958
commodity_143,0.5686228,0.15838945,-0.28248647,-0.17886499,0.23803203,-0.18767348,0.5094906,-0.1495553,0.062285654,-0.069413185,-0.10695602,-0.017242106,0.0025939904,0.01568504,-0.24890085,-0.532445,0.2789303,-0.14213867,-0.22247039,0.14333986,-0.079308845,-0.252461,-0.20402925,-0.2364341,-0.06595756,-0.15086834,0.047660198,-0.023803223,-0.2403134,-0.49914697,-0.004806217,0.21817107,0.036794145,-0.28186822,-0.20857045,-0.073414095,0.21124344,0.321609,0.22835243,0.32009426,0.13075349,0.1526,-0.13008177,-0.1436783,0.5468429,0.10753277,0.16275212,0.024080299,0.0056322543,0.7069955,0.22703566,0.43604356,-0.022023253,-0.0060476996,0.23130748,0.05746173,-0.13254996,-0.24081911,0.23899281,0.3104293,0.7055996,0.13001062,-0.06621697,0.2341455,0.017523618,0.3090621,-0.0755656,-0.032757115,0.24467538,0.2687045,0.24099925,0.07107244,0.26951075,-0.2442962,-0.46073693,-0.21890819,-0.075252764,-0.21141438,0.88930076,-0.1156123,-0.079835124,0.026123945,0.31227896,0.20401959,0.115284234,0.1090942,-0.34478325,0.01938767,0.11958935,-0.04917315,0.14223881,0.49747905,-0.03728599,0.20450377,-0.40209746,0.3377817,-0.1045691,-0.011112177,0.69352984,0.036607064,0.07695807,0.29353422,0.0702211,-0.018645732,-0.47525534,-0.01793077,-0.49331567,-0.1987205,-0.30607027,-0.0735892,-0.36420706,-0.29412028,0.3684731,0.25767857,-0.24721444,0.13795991,0.03035025,0.032039467,-0.48865342,0.1999545,0.25979605,0.111549996,0.28840545,-0.43110603,-0.24671143,-0.6571389,0.3945554,-0.31521964
commodity_144,0.026161604,0.43559876,-0.48062655,-0.46919957,-0.1317972,-0.033198245,-0.056134783,0.16866787,0.30094394,-0.25596356,0.5858549,0.20672888,0.26304084,0.0658071,0.12689178,0.17863208,0.36075956,0.14287393,0.15056169,-0.2743154,0.15596761,0.22751419,0.4966046,0.15788344,-0.22411872,-0.2627409,-0.20784327,-0.06524068,-0.2677513,-0.34466323,0.15293752,0.024243472,0.061196618,0.13834141,-0.33144015,-0.408926,-0.46416923,-0.21236159,-0.22370829,0.09984449,0.14964522,0.20952725,-0.43162453,0.8205936,0.10433493,0.28544036,-0.54409933,-0.38576677,0.26503566,-0.28424087,0.11037685,-0.08334665,0.116269924,0.09972868,-0.6248532,-0.28756037,0.2728415,-0.041323766,-0.047417708,-0.15449847,-0.17668529,0.13345952,-0.033244595,-0.2228992,-0.09021061,0.7167078,-0.30462918,-0.37870482,0.6140754,-0.4482613,0.7049328,-0.17793179,-0.09295242,-0.1270788,-0.50982934,0.14684764,-0.36848024,0.011936716,0.062371872,-0.06926465,-0.22160481,-0.02357319,0.38048592,0.10842627,0.24860434,0.1651983,-0.09860933,0.2839674,0.3610001,0.19202144,0.34080106,-0.49545196,-0.18205614,-0.25288314,-0.24863227,-0.69526637,-0.21860828,0.033280745,-0.2674617,0.3018066,0.16197608,0.062370576,0.14113505,0.35291302,0.015283565,-0.24521188,0.12885867,0.38928023,0.07821758,-0.2202539,0.22612795,-0.23539653,-0.15997922,-0.030209847,-0.55851567,-0.34769103,-0.27170515,-0.30333173,-0.44423032,0.043212496,0.43591014,-0.7563195,0.18474056,-0.1665608,-0.676102,0.43002087,-0.33868328,-0.067595765
commodity_145,-0.28757077,0.11506958,-0.26541767,-0.2578168,-0.07097516,0.21997063,0.21673606,-0.037952,0.26165372,-0.095436946,0.04121482,-0.08537302,0.33773607,0.005820867,-0.021235697,-0.3020725,0.25534716,-0.069572635,0.05809371,-0.23784795,0.30583265,-0.24335611,0.35052735,-0.01880935,0.118548565,-0.22425461,-0.181756,-0.027687883,-0.025548453,-0.42341974,0.25570995,-0.14765024,0.094330415,0.034183756,0.15403633,0.03228088,-0.4721185,-0.33078605,0.0010269296,-0.42173517,0.10083911,-0.03405204,-0.06538067,0.038064506,-0.051922575,-0.104572766,-0.6720676,-0.13915826,-0.12141416,-0.06260048,0.053348154,-0.40080813,-0.32263058,-0.080707066,-0.2474366,-0.24827965,0.20880954,-0.05536694,0.10542969,0.06856516,0.12528425,0.3425022,0.3190086,-0.31064838,-0.18000326,0.23395944,-0.29964834,-0.24895719,0.18032654,-0.40292037,0.41502434,-0.24951927,-0.23936117,-0.08011095,-0.06486181,0.095615946,-0.2069509,-0.14769968,0.22088347,-0.29569218,0.04704017,-0.058369953,0.41087893,0.12203553,0.15369202,0.42680702,0.1559526,-0.21595727,0.3366751,0.18739256,-0.04885661,-0.467304,-0.40098342,0.079708084,0.115121424,-0.13704143,-0.054714054,-0.23089817,-0.0133389775,-0.17798045,0.11453466,-0.20598455,0.26763776,0.2927715,0.027708124,0.053694274,0.0042423075,0.40185583,0.007416371,-0.19122583,-0.11497956,-0.08279557,-0.038707808,-0.06252072,-0.6718049,0.066845626,-0.5305617,-0.36226124,-0.18122344,-0.4351785,0.30690452,-0.13499327,0.37638265,0.099826835,-0.40829906,0.25774074,-0.30852777,0.15439297
commodity_146,0.39127296,0.028712904,-0.13217755,-0.12669463,-0.028117541,-0.21976493,0.42231295,0.25460708,-0.39865422,0.21460737,0.2515404,-0.03732223,-0.39648235,0.0564597,-0.2246251,0.27255887,-0.35738933,0.09204378,0.110712856,0.08958704,0.034127846,-0.2895106,0.29795182,-0.094201684,-0.39632154,-0.1514425,0.5843323,0.2822691,0.092491895,-0.15958296,0.31603646,0.07449353,-0.010115828,-0.020647932,-0.07421129,-0.19552232,0.22008245,-0.14682911,-0.12383577,0.12308785,-0.37067392,0.173167,0.20327139,0.18707843,0.3702661,0.10828378,-0.13019265,0.104750894,0.12767123,-0.39489338,0.05432574,0.24440917,0.010667641,-0.06651368,0.25185063,-0.23759468,0.020420061,0.25515354,0.02082814,0.07578744,0.39234143,-0.08354403,0.30145663,0.32915264,0.5759038,0.039196346,-0.019055493,0.016078163,-0.16225027,-0.26197523,0.13320923,-0.07262247,0.0078106634,0.16922809,-0.025455005,-0.32794225,-0.27222562,-0.005494786,0.9125239,-0.1361289,0.018063318,-0.19947925,0.06299072,0.2471431,-0.24359545,-0.12706369,0.21957216,0.024388466,0.13760436,0.20812915,-0.12162546,-0.3247509,-0.1542769,-0.21938209,-0.01296007,0.011478546,0.044281244,0.06716082,0.507226,0.03244403,-0.012567977,0.06233985,0.19464014,0.23334919,-0.050424963,-0.13043004,0.38527158,-0.042816266,0.16870487,0.06581431,0.097475074,0.318562,0.0616485,0.082240194,0.0081561245,-0.012625641,0.002435087,0.30966485,0.17495887,0.060627867,-0.05867167,-0.07226644,-0.2290754,-0.3516273,-0.100199714,-0.17300947,-0.1378364,0.14752647
commodity_147,-0.15603182,-0.07666134,0.37032276,0.1037391,0.23556739,0.03636695,0.12227658,0.15194923,0.14961489,0.007892374,-0.08076346,0.03647204,-0.00071787334,0.18856454,0.038948346,0.2933272,-0.23241632,0.2807484,-0.11231726,0.06833559,-0.48895356,-0.52471626,0.045592267,-0.022817362,-0.22005628,-0.10180427,-0.020566603,-0.2829128,-0.040392656,0.15914522,0.33235404,-0.6555637,-0.19625895,0.1675473,-0.18763696,-0.19139484,-0.30055887,0.009057243,-0.034187622,-0.2358984,-0.28357953,0.13004754,0.039933912,-0.1856556,0.18478288,0.15408267,0.11115746,0.079143725,-0.14122635,-0.2546646,0.47079074,-0.10264859,0.16449884,0.0902582,0.21538167,0.15614936,-0.33877006,-0.035143074,-0.19813755,0.35581216,0.15109065,0.1853685,0.09793519,-0.13722055,0.20095828,-0.08703692,0.17249085,0.042518545,-0.1838181,0.08384892,0.2097867,-0.26749426,-0.53428715,0.08545426,-0.09498923,-0.29207152,0.25570777,0.16227156,0.43102288,-0.14978454,-0.1943799,-0.061451662,-0.12743406,0.15701191,0.5357,0.06392598,-0.1756913,-0.3207964,-0.14530303,0.103349864,-0.18661083,-0.2295177,-0.22756466,-0.18097724,-0.117997095,-0.066318996,0.10033262,-0.046210095,0.31635386,0.096316144,-0.416497,-0.13674341,0.13466361,-0.62573844,0.1512717,-0.20783617,-0.24143721,-0.13973092,0.23745444,-0.1347841,0.17502698,-0.08032423,-0.39057863,0.068342485,-0.23913005,-0.14053316,0.056466576,-0.039721303,0.06407093,0.037183773,0.3519084,0.13830227,0.10014229,0.2219756,0.30896202,-0.10276146,0.0026802598,-0.045281038
commodity_148,0.03887268,-0.24943906,0.11001568,0.0075441105,-0.08992155,0.19969656,-0.058694962,-0.0068802945,0.047479477,0.026245816,-0.055531766,0.38555285,0.19089349,0.021449368,-0.097052045,-0.042377796,-0.03166191,0.1684155,0.043613758,0.022389479,-0.16692328,-0.087652124,0.12588009,0.023479488,0.02008737,-0.5301518,-0.12928663,-0.49404284,-0.3490758,-0.04187596,0.09591555,-0.00012398825,0.24232793,0.2257874,-0.29770845,0.30813664,-0.20825718,-0.41363296,0.25452805,-0.036704354,-0.07061141,0.05614278,-0.07588717,0.13231646,0.08474861,-0.12088272,0.08892236,-0.06823508,-0.12695903,0.016245818,-0.12300561,-0.09642084,0.07791722,0.3068907,0.6038707,-0.10320846,0.038784694,0.020788383,0.29256913,-0.06167511,0.35282338,0.010371635,-0.16480139,0.2771768,-0.027262833,0.17432071,-0.062288415,0.19835594,0.17096537,0.33546662,0.26296413,-0.10525661,0.27465484,-0.0021038244,0.008756321,0.05975755,-0.07137048,0.2272627,0.36621547,-0.30133718,-0.15920873,-0.016555648,0.02659526,0.24039616,-0.0499914,0.114264406,0.05354073,0.011235458,-0.22563471,0.06514973,0.07562557,0.041437462,-0.08921285,-0.38592875,0.2278217,0.15817024,-0.021448063,-0.46387368,0.28817263,0.3205173,0.0012734211,-0.076730475,0.006042756,0.13946772,0.12796162,0.24224037,-0.0077533796,0.03215883,-0.1411993,-0.21419886,-0.0013511674,0.13844396,0.17663087,0.3455544,-0.31376263,0.39363226,0.49643245,-0.14990145,-0.10140991,-0.2196858,0.1514142,0.3564142,0.14639893,-0.004945372,0.14541475,0.20629573,0.18974502,-0.16865636
commodity_149,0.13743278,0.2964944,-0.1058895,0.12363192,-0.057931524,-0.073972814,-0.078049526,0.12960665,0.1905376,0.0309945,-0.08906174,0.000872719,0.03599965,-0.030703211,0.058991835,-0.013658412,0.059806533,-0.1591133,0.13264953,0.23459168,-0.15439932,-0.4027649,0.16134359,-0.13568632,-0.18138082,-0.038230993,0.095927715,0.0032035857,0.13642992,0.060078364,-0.277252,-0.105615035,-0.09519141,0.23092513,-0.43908486,0.015430713,-0.16753809,-0.18732437,-0.05737471,0.037017673,-0.13990839,0.32241055,-0.08858765,0.031149104,-0.10565359,-0.05791987,-0.1628652,0.05044442,-0.25137478,0.059503857,-0.06377926,0.027779259,-0.25287038,-0.13915128,0.15489863,-0.04490304,-0.13613707,0.11050747,0.18127927,0.0058616977,0.17595024,-0.0032707094,0.06471484,0.3422795,-0.0774284,-0.030012678,0.23724242,-0.044711202,-0.021513442,-0.19665352,0.059555676,-0.15121783,0.08240657,0.16593058,0.20167185,-0.2434674,-0.10618142,0.18337142,0.39068174,0.00729529,-0.3349611,-0.17113303,-0.1981789,0.2694609,-0.7482217,0.038441926,0.42157745,-0.18222636,0.1455577,0.081693955,-0.025177589,-0.11975534,-0.24069521,-0.055391453,0.18700804,-0.23467624,0.083846316,0.15708834,-0.22726062,-0.0026029025,-0.1320367,0.07753848,-0.04929737,0.07604013,-0.08387268,-0.1308627,0.24483538,-0.10451868,0.06765768,-0.23757583,0.2935012,-0.1306481,-0.096754745,0.00788837,0.16196842,0.16425823,-0.12640102,0.11091698,0.09086821,0.18372284,-0.20158717,-0.0667078,0.073290154,-0.0034103866,0.17263481,-0.06803172,0.046325583,-0.036521282
commodity_150,-0.11596209,-0.12718785,-0.28843725,-0.3085604,0.17580041,0.4814336,0.5585903,0.038228083,0.036293816,-0.2764128,0.033468597,-0.12678538,-0.5436557,-0.22124678,-0.056814097,-0.0025653008,0.2814357,0.14222252,0.17762743,0.32546842,-0.8509084,-0.059526134,0.33926442,-0.26730236,0.28227764,0.0650336,0.1106646,-0.09003194,0.07575255,-0.2816886,0.34130257,0.025470164,0.54822695,-0.095712125,-0.16534497,0.20178531,-0.7605352,0.57094795,0.6742913,0.06903716,0.45105493,0.09245615,-0.13582869,0.27586535,-0.59459925,-0.1294267,-0.13588831,-0.06764286,0.123894885,-0.11419898,0.2739145,-0.036557503,-0.6533451,-0.48873395,-0.34462112,-0.14617316,-0.24322347,-0.102491416,-0.4078516,-0.16317092,-0.3971214,-0.47162038,-0.13876419,0.2553758,0.43371937,0.58757114,-0.20157304,0.15042874,0.37239158,-0.3701621,-0.345079,-0.3561555,-0.010552863,-0.03574744,0.49471423,0.0897585,-0.22939368,-0.45685142,-0.39032403,0.21633254,0.28685415,-0.059191555,-0.5901142,0.27392614,-0.44615847,0.21486992,-0.3095734,0.17975856,0.5153247,0.1558112,0.079066105,0.25386417,0.69633454,-0.8617036,0.37926632,-0.14073475,-0.01950484,-0.6375623,0.2511953,-0.51516217,0.19254063,0.34832785,-0.55964476,-0.017875899,0.40502107,-0.62282044,-0.2013885,0.7709273,-0.16829339,0.1720074,-0.22586195,-0.03539309,-0.017797153,-0.5343343,-0.6283591,-0.34479177,0.15063538,-0.29082718,0.22754557,0.3749517,0.60879076,0.089069374,0.46583155,-0.37466037,-0.49044064,0.18501113,-0.25585285,0.05526773
commodity_151,-0.047627077,0.06814589,0.20605345,-0.16648005,0.04752743,0.5217589,-0.12094267,-0.28253278,0.21922602,-0.21421902,-0.18669838,-0.09709235,-0.026800603,-0.027658844,-0.066673815,-0.18789244,-0.24241601,0.18055467,-0.14172086,0.20863,-0.27051815,-0.71283895,-0.0067985905,0.017403997,-0.4573937,-0.35294738,-0.18464166,0.058648992,-0.035249066,0.37136537,-0.098805435,-0.06251926,-0.08774173,0.19724295,-0.28957245,-0.6616852,-0.6083296,0.05394756,-0.07641108,-0.060586866,-0.5124632,0.2764596,-0.20507017,-0.11989322,0.0125837475,0.38094297,0.26495942,0.003858414,-0.21525028,-0.060441278,-0.0031693392,-0.048650946,-0.15512167,-0.04345881,0.0582809,0.12069565,0.66376024,0.2317028,0.071067445,0.15368019,0.41024008,0.20452435,0.054001976,0.100375436,0.011205771,-0.18219149,-0.34923092,0.07744052,0.20021115,-0.042775348,0.3401217,-0.4751326,-0.4042388,0.2369983,-0.0067260065,-0.1444515,-0.17544483,-0.2114894,0.255543,-0.35542858,-0.21327502,0.14083877,-0.25042403,0.07275927,0.30616572,0.31267187,-0.082741015,0.19232243,-0.33941707,-0.19320276,-0.10491975,0.039682012,-0.28364372,-0.23935156,0.16203044,-0.17177531,-0.02332872,-0.04435082,0.080687314,0.2376081,0.18361223,0.12357523,0.14972131,-0.1270724,0.04912321,0.16456906,-0.25724408,-0.21022868,0.3150924,-0.36767545,-0.16983241,0.28449094,0.15316173,-0.017713565,0.03504377,0.11426261,-0.04978737,0.08368258,-0.17562327,-0.23571056,-0.12698269,0.2819313,0.048494615,0.61274964,-0.24051954,-0.23793392,0.011533946,-0.14289121
commodity_152,0.15178968,0.15605576,-0.010970818,-0.12434208,-0.13838443,0.37645122,0.15826146,-0.43870893,0.082562305,0.09549364,0.017481621,-0.050268233,0.2687444,-0.082133956,-0.33953714,0.46438965,-0.044947635,-0.1781141,0.14595263,0.15352316,0.11839119,-1.0933641,0.10082748,0.2944202,0.2575423,-0.2211931,-0.31272256,-0.10901182,-0.24377474,-0.26443875,-0.1348477,-0.18168001,-0.25690824,0.5746912,0.036463443,-0.0802538,-0.38318983,0.5642693,-0.0035480042,-0.20400794,0.039329004,0.08457883,-0.061916173,0.013230124,0.081184894,-0.007233981,0.17930222,0.013982285,-0.47579864,-0.15516165,0.088164195,-0.029673312,0.14367935,0.21031812,0.17969929,-0.2598001,-0.06291524,-0.11193925,0.2045082,-0.061039347,0.43761548,-0.10417455,-0.0045856824,-0.18915865,0.05477546,-0.09294103,0.120011665,0.21773481,-0.22888038,-0.21895516,0.2887542,-0.26978981,0.1612791,-0.07528686,0.28257844,-0.18078133,-0.0074938834,0.16857754,0.67258275,-0.069544256,-0.3107182,-0.15281607,0.13960662,0.027169019,-0.012732371,-0.041427184,0.2248801,0.22599633,-0.18952237,-0.33562985,0.026497576,-0.1495326,0.07419623,-0.025726486,0.61143684,0.10750514,0.024434164,-0.5409549,0.548569,-0.23298,0.10175126,-0.12208605,0.11198509,0.20230195,-0.07759008,-0.08667411,-0.24010487,0.01080149,-0.18183413,-0.56324995,-0.059468463,0.32318246,-0.18341129,-0.12527671,-0.44511732,-0.06856814,0.10679721,0.13117531,-0.0047693797,-0.039643437,-0.14011969,0.21447709,-0.39182308,-0.048669,0.07548134,0.07817173,0.034107972,-0.1051457
commodity_153,0.3656807,-0.040831782,-0.24206881,-0.27299616,0.15873557,-0.1964227,0.057161313,-0.25554356,-0.33405942,-0.013940314,-0.3103791,0.3457814,0.00034251425,-0.4706202,-0.054994,0.06061841,-0.55641574,0.14697908,-0.24612056,0.11863073,-0.21760318,-0.09509646,0.43615603,0.37667337,0.179514,-0.42603827,0.070605375,0.21853368,-0.019755667,0.052090693,0.15651983,-0.22761157,0.21062787,-0.041743584,0.058001075,0.06250737,0.32019415,-0.30221093,0.53222823,0.3638326,-0.38821945,-0.09201182,-0.22201446,-0.16198078,0.26063576,-0.15647237,-0.47117794,0.21279834,0.09587216,-0.058626857,-0.11936227,-0.12175492,0.28427276,-0.35562998,0.09652861,0.105911,0.33698654,0.11696817,-0.20701207,0.06887413,0.06741228,0.02282772,-0.059713658,0.1022029,-0.009913001,0.14617473,-0.71481293,0.09843898,-0.016143337,-0.48647946,0.14504929,-0.2515618,-0.021442816,-0.018289562,-0.24498738,-0.11644132,-0.3449177,0.1938122,0.15877469,0.15750831,0.22243005,-0.17281233,0.21158773,-0.12675838,0.12810776,-0.40399146,0.021200908,-0.28646857,0.065734856,-0.058215998,0.017253738,0.16836958,-0.05349539,-0.25859544,0.13932984,0.54484594,0.16098596,-0.22766605,0.02863655,0.84455544,0.07378159,-0.18593097,-0.5929421,-0.06259094,0.21106707,0.108178735,0.105794474,0.08392062,0.54139715,-0.0073703434,-0.40041798,0.28986958,-0.28344533,0.21158513,0.30279475,0.35541335,-0.2090274,0.4677132,0.48890156,-0.4030328,0.2835756,-0.05387622,-0.14079633,-0.07335589,-0.45333758,-0.02674422,0.24844688,0.0010886001
