Ticker,Short Name,Cntry Terrtry Of Dom,Sec Type,Market Cap,Revenue:Y,Tot Assets:Y,Number of Employees LF,ICB Sector Name,ICB Subsector Name,GICS Ind Name,GICS SubInd Name,BICS L3 Ind Nm,BICS L4 Sub Ind Nm,BICS L5 Seg Nm,BICS L6 Seg Nm
1986986D LN Equity,BHP GROUP UK LTD,AU,Common Stock,285.59B,84.93B,153.37B,--,Industrial Metals and Mining,General Mining,Metals & Mining,Diversified Metals & Mining,Metals & Mining,Iron,Iron Ore Mining,--
BHP AU Equity,BHP GROUP LTD,AU,Common Stock,204.27B,79.21B,165.51B,91k,Industrial Metals and Mining,General Mining,Metals & Mining,Diversified Metals & Mining,Metals & Mining,Iron,Iron Ore Mining,--
RIO AU Equity,RIO TINTO LTD,AU,Common Stock,164.40B,81.38B,166.19B,--,Industrial Metals and Mining,General Mining,Metals & Mining,Diversified Metals & Mining,Metals & Mining,Iron,Iron Ore Mining,--
RIO LN Equity,RIO TINTO PLC,GB,Common Stock,164.40B,81.38B,166.19B,--,Industrial Metals and Mining,General Mining,Metals & Mining,Diversified Metals & Mining,Metals & Mining,Iron,Iron Ore Mining,--
SCCO US Equity,SOUTHERN COPPER,US,Common Stock,135.81B,17.34B,30.26B,--,Industrial Metals and Mining,Copper,Metals & Mining,Copper,Metals & Mining,Base Metals,Copper,Copper Mining
FCX US Equity,FREEPORT-MCMORAN,US,Common Stock,98.76B,38.61B,88.68B,--,Industrial Metals and Mining,Copper,Metals & Mining,Copper,Metals & Mining,Base Metals,Copper,--
MAADEN AB Equity,SAUDI ARABIAN MI,SA,Common Stock,93.15B,13.04B,49.53B,--,Industrial Metals and Mining,General Mining,Metals & Mining,Diversified Metals & Mining,Chemicals,Agricultural Chemicals,Fertilizers,Phosphate Fertilizers
GMEXICOB MM Equity,GRUPO MEXICO-B,MX,Common Stock,87.99B,24.52B,59.64B,32k,Industrial Metals and Mining,Nonferrous Metals,Metals & Mining,Diversified Metals & Mining,Metals & Mining,Base Metals,Copper,Copper Smelting & Refining
FAST US Equity,FASTENAL CO,US,Common Stock,83.52B,11.44B,7.60B,22k,Industrial Metals and Mining,Metal Fabricating,Trading Companies & Distributors,Trading Companies & Distributors,Industrial Support Services,Industrial Wholesale & Rental,Industrial Equip & Sply Whslrs,--
GLEN LN Equity,GLENCORE PLC,CH,Common Stock,77.87B,350.26B,210.93B,--,Industrial Metals and Mining,General Mining,Metals & Mining,Diversified Metals & Mining,Metals & Mining,Base Metals,--,--
VALE3 BZ Equity,VALE SA,BR,Common Stock,74.24B,58.19B,130.04B,--,Industrial Metals and Mining,Iron and Steel,Metals & Mining,Steel,Metals & Mining,Iron,Iron Ore Mining,--
AAL LN Equity,ANGLO AMER PLC,GB,Common Stock,61.55B,41.39B,104.88B,--,Industrial Metals and Mining,General Mining,Metals & Mining,Diversified Metals & Mining,Metals & Mining,Precious Metals,Platinum Group,--
FMG AU Equity,FORTESCUE LTD,AU,Common Stock,58.81B,24.01B,46.42B,--,Industrial Metals and Mining,Iron and Steel,Metals & Mining,Steel,Metals & Mining,Iron,Iron Ore Mining,--
3993 HK Equity,CMOC-H,CN,Common Stock,56.34B,44.89B,37.71B,12k,Industrial Metals and Mining,Nonferrous Metals,Metals & Mining,Diversified Metals & Mining,Metals & Mining,Metals & Ore Whslrs & Traders,--,--
ANTO LN Equity,ANTOFAGASTA PLC,CL,Common Stock,48.82B,10.03B,36.60B,--,Industrial Metals and Mining,Copper,Metals & Mining,Copper,Metals & Mining,Base Metals,Copper,Copper Mining
JSTL IN Equity,JSW STEEL LTD,IN,Common Stock,47.81B,30.64B,45.10B,16k,Industrial Metals and Mining,Iron and Steel,Metals & Mining,Steel,Steel,Steel Producers,--,--
1378 HK Equity,CHINA HONGQIAO,CN,Common Stock,47.22B,32.91B,50.76B,52k,Industrial Metals and Mining,Aluminum,Metals & Mining,Aluminum,Metals & Mining,Base Metals,Aluminum,--
NUE US Equity,NUCOR CORP,US,Common Stock,47.08B,46.61B,54.87B,--,Industrial Metals and Mining,Iron and Steel,Metals & Mining,Steel,Steel,Steel Producers,--,--
MT NA Equity,ARCELORMITTAL,LU,Common Stock,46.65B,94.70B,144.52B,--,Industrial Metals and Mining,Iron and Steel,Metals & Mining,Steel,Steel,Steel Producers,--,--
TATA IN Equity,TATA STEEL LTD,IN,Common Stock,37.15B,39.35B,52.34B,43k,Industrial Metals and Mining,Iron and Steel,Metals & Mining,Steel,Steel,Steel Producers,--,--
600111 CH Equity,CHINA NORTHERN-A,CN,Common Stock,35.46B,6.95B,10.05B,--,Industrial Metals and Mining,General Mining,Metals & Mining,Diversified Metals & Mining,Metals & Mining,Mineral & Precious Stone Mining,Mineral Mining,Rare Earth
5401 JP Equity,NIPPON STEEL COR,JP,Common Stock,35.10B,87.56B,116.97B,--,Industrial Metals and Mining,Iron and Steel,Metals & Mining,Steel,Steel,Steel Producers,--,--
HZ IN Equity,HINDUSTAN ZINC,IN,Common Stock,33.49B,6.00B,6.46B,--,Industrial Metals and Mining,Nonferrous Metals,Metals & Mining,Diversified Metals & Mining,Metals & Mining,Base Metals,--,--
600019 CH Equity,BAOSHAN IRON &-A,CN,Common Stock,32.12B,67.88B,80.82B,--,Industrial Metals and Mining,Iron and Steel,Metals & Mining,Steel,Steel,Steel Producers,--,--
VEDL IN Equity,VEDANTA LTD,IN,Common Stock,30.70B,27.35B,38.08B,--,Industrial Metals and Mining,General Mining,Metals & Mining,Diversified Metals & Mining,Metals & Mining,Base Metals,--,--
STLD US Equity,STEEL DYNAMICS,US,Common Stock,30.51B,26.60B,24.15B,--,Industrial Metals and Mining,Iron and Steel,Metals & Mining,Steel,Steel,Steel Producers,--,--
002384 CH Equity,SUZHOU DONGSHA-A,CN,Common Stock,29.86B,7.75B,10.19B,--,Industrial Metals and Mining,Metal Fabricating,"Electronic Equipment, Instruments & Components",Electronic Components,Technology Hardware,Electronics Components,PCBs,--
HNDL IN Equity,HINDALCO INDS,IN,Common Stock,28.79B,43.28B,49.83B,23k,Industrial Metals and Mining,Aluminum,Metals & Mining,Aluminum,Metals & Mining,Base Metals,Aluminum,Aluminum Smelting & Refining
TECK/B CN Equity,TECK RESOURCES-B,CA,Common Stock,28.58B,10.03B,52.85B,--,Industrial Metals and Mining,General Mining,Metals & Mining,Diversified Metals & Mining,Metals & Mining,Base Metals,--,--
2600 HK Equity,ALUMINUM CORP-H,CN,Common Stock,26.91B,49.96B,47.83B,--,Industrial Metals and Mining,Aluminum,Metals & Mining,Aluminum,Metals & Mining,Base Metals,Aluminum,--
FM CN Equity,FIRST QUANTUM,CA,Common Stock,25.43B,7.28B,38.98B,--,Industrial Metals and Mining,Copper,Metals & Mining,Copper,Metals & Mining,Base Metals,Copper,Copper Mining
PE&OLES* MM Equity,INDUSTRIAS PENOL,MX,Common Stock,25.40B,10.09B,16.60B,15k,Industrial Metals and Mining,Nonferrous Metals,Metals & Mining,Precious Metals & Minerals,Metals & Mining,Precious Metals,--,--
005490 KS Equity,POSCO HOLDINGS I,KR,Common Stock,24.57B,80.81B,113.07B,--,Industrial Metals and Mining,Iron and Steel,Metals & Mining,Steel,Steel,Steel Producers,--,--
SPCCPI1 PE Equity,SOUTHERN CP-INV1,PE,Common Stock,23.32B,6.98B,13.04B,--,Industrial Metals and Mining,Copper,Metals & Mining,Copper,Metals & Mining,Base Metals,Copper,--
RS US Equity,RELIANCE INC,US,Common Stock,22.57B,20.98B,16.20B,--,Industrial Metals and Mining,Iron and Steel,Metals & Mining,Steel,Steel,Metal Svc Centers & Processors,Steel Processors,--
600010 CH Equity,INNER MONGOLIA-A,CN,Common Stock,22.20B,14.35B,34.36B,--,Industrial Metals and Mining,Iron and Steel,Metals & Mining,Steel,Steel,Steel Producers,--,--
CVERDEC1 PE Equity,SOCIEDAD MINERA,PE,Common Stock,21.77B,6.43B,12.99B,--,Industrial Metals and Mining,Copper,Metals & Mining,Copper,Metals & Mining,Base Metals,Copper,--
002460 CH Equity,GANFENG LITHIU-A,CN,Common Stock,21.42B,3.95B,22.33B,--,Industrial Metals and Mining,Nonferrous Metals,Chemicals,Specialty Chemicals,Chemicals,Specialty Chemicals,Functional Additives,--
603799 CH Equity,ZHEJIANG HUAYO-A,CN,Common Stock,20.64B,12.84B,30.25B,--,Industrial Metals and Mining,Nonferrous Metals,Electrical Equipment,Electrical Components & Equipment,Metals & Mining,Base Metals,--,--
010130 KS Equity,KOREA ZINC CO,KR,Common Stock,20.56B,13.40B,16.18B,--,Industrial Metals and Mining,Nonferrous Metals,Metals & Mining,Diversified Metals & Mining,Metals & Mining,Base Metals,--,--
NHY NO Equity,NORSK HYDRO ASA,NO,Common Stock,20.20B,28.71B,29.45B,--,Industrial Metals and Mining,Aluminum,Metals & Mining,Aluminum,Metals & Mining,Base Metals,Aluminum,Aluminum Smelting & Refining
MP US Equity,MP MATERIALS COR,US,Common Stock,20.06B,309.18M,3.77B,--,Industrial Metals and Mining,General Mining,Metals & Mining,Diversified Metals & Mining,Metals & Mining,Mineral & Precious Stone Mining,Mineral Mining,Rare Earth
IVN CN Equity,IVANHOE MINES LT,CA,Common Stock,19.43B,61.91M,9.28B,--,Industrial Metals and Mining,General Mining,Metals & Mining,Diversified Metals & Mining,Metals & Mining,Base Metals,Copper,Copper Mining
358 HK Equity,JIANGXI COPPER-H,CN,Common Stock,19.25B,109.42B,42.78B,--,Industrial Metals and Mining,Copper,Metals & Mining,Copper,Metals & Mining,Base Metals,Copper,Copper Smelting & Refining
JINDALST IN Equity,JINDAL STEEL LTD,IN,Common Stock,18.62B,9.03B,16.08B,6k,Industrial Metals and Mining,Iron and Steel,Metals & Mining,Steel,Steel,Steel Producers,--,--
RBC US Equity,RBC BEARINGS INC,US,Common Stock,18.37B,2.51B,7.45B,--,Industrial Metals and Mining,Metal Fabricating,Machinery,Industrial Machinery & Supplies & Components,Industrial Intermediate Prod,Fabricated Metal & Hardware,Hardware,Ball & Roller Bearing
CRS US Equity,CARPENTER TECH,US,Common Stock,18.07B,4.45B,5.30B,5k,Industrial Metals and Mining,Iron and Steel,Metals & Mining,Steel,Steel,Steel Producers,--,--
SKFB SS Equity,SKF AB- B SHARES,SE,Common Stock,17.49B,14.16B,17.44B,38k,Industrial Metals and Mining,Metal Fabricating,Machinery,Industrial Machinery & Supplies & Components,Industrial Intermediate Prod,Fabricated Metal & Hardware,Hardware,Ball & Roller Bearing
MLI US Equity,MUELLER INDS,US,Common Stock,17.07B,5.71B,5.30B,--,Industrial Metals and Mining,Metal Fabricating,Machinery,Industrial Machinery & Supplies & Components,Industrial Intermediate Prod,Fabricated Metal & Hardware,Hardware,Fabricated Pipe & Pipe Fitting
PMAH MK Equity,PRESS METAL ALUM,MY,Common Stock,17.07B,4.95B,6.01B,--,Industrial Metals and Mining,Aluminum,Metals & Mining,Aluminum,Metals & Mining,Base Metals,Aluminum,Aluminum Smelting & Refining
LUN CN Equity,LUNDIN MINING CO,CA,Common Stock,16.49B,5.19B,16.83B,--,Industrial Metals and Mining,Nonferrous Metals,Metals & Mining,Copper,Metals & Mining,Base Metals,Copper,Copper Mining
LYC AU Equity,LYNAS RARE EARTH,AU,Common Stock,16.40B,556.51M,2.94B,--,Industrial Metals and Mining,General Mining,Metals & Mining,Diversified Metals & Mining,Metals & Mining,Mineral & Precious Stone Mining,Mineral Mining,Rare Earth
BOL SS Equity,BOLIDEN AB,SE,Common Stock,16.23B,12.79B,16.97B,8k,Industrial Metals and Mining,General Mining,Metals & Mining,Diversified Metals & Mining,Metals & Mining,Base Metals,Copper,Copper Smelting & Refining
600673 CH Equity,GUANGDONG HEC -A,CN,Common Stock,15.81B,2.57B,5.62B,--,Industrial Metals and Mining,Aluminum,Metals & Mining,Aluminum,Electrical Equipment,Electrical Components,Electronic Coil,--
5016 JP Equity,JX ADVANCED META,JP,Common Stock,15.51B,7.20B,13.71B,10k,Industrial Metals and Mining,Nonferrous Metals,Metals & Mining,Diversified Metals & Mining,Metals & Mining,Base Metals,--,--
2059 TT Equity,KING SLIDE WORKS,TW,Common Stock,15.39B,478.43M,1.31B,--,Industrial Metals and Mining,Metal Fabricating,"Technology Hardware, Storage & Peripherals","Technology Hardware, Storage & Peripherals",Industrial Intermediate Prod,Fabricated Metal & Hardware,Hardware,--
2002 TT Equity,CHINA STEEL CORP,TW,Common Stock,15.35B,17.03B,34.27B,--,Industrial Metals and Mining,Iron and Steel,Metals & Mining,Steel,Steel,Steel Producers,--,--
002466 CH Equity,TIANQI LITHIUM-A,CN,Common Stock,14.73B,2.75B,15.21B,--,Industrial Metals and Mining,Nonferrous Metals,Chemicals,Specialty Chemicals,Chemicals,Specialty Chemicals,--,--
000807 CH Equity,YUNNAN ALUM-A,CN,Common Stock,14.23B,11.47B,9.28B,--,Industrial Metals and Mining,Aluminum,Metals & Mining,Aluminum,Metals & Mining,Base Metals,Aluminum,--
003670 KS Equity,POSCO FUTURE M C,KR,Common Stock,13.92B,4.11B,8.67B,--,Industrial Metals and Mining,Iron and Steel,Electrical Equipment,Electrical Components & Equipment,Chemicals,Specialty Chemicals,Advanced Materials,--
1208 HK Equity,MMG,AU,Common Stock,13.79B,6.79B,24.23B,5k,Industrial Metals and Mining,Copper,Metals & Mining,Diversified Metals & Mining,Metals & Mining,Base Metals,Copper,Copper Mining
000708 CH Equity,CITI PACIFIC S-A,CN,Common Stock,13.62B,23.01B,24.60B,--,Industrial Metals and Mining,Iron and Steel,Metals & Mining,Steel,Steel,Steel Producers,Specialty Metals,--
5713 JP Equity,SUMITOMO MET MIN,JP,Common Stock,12.71B,16.04B,32.80B,--,Industrial Metals and Mining,Nonferrous Metals,Metals & Mining,Diversified Metals & Mining,Metals & Mining,Base Metals,Copper,Copper Smelting & Refining
000975 CH Equity,SHANJIN INTERN-A,CN,Common Stock,12.70B,2.86B,4.03B,--,Industrial Metals and Mining,Nonferrous Metals,Metals & Mining,Diversified Metals & Mining,Metals & Mining,Precious Metals,--,--
AA US Equity,ALCOA CORP,US,Common Stock,12.38B,18.04B,22.74B,--,Industrial Metals and Mining,Aluminum,Metals & Mining,Aluminum,Metals & Mining,Base Metals,Aluminum,Aluminum Smelting & Refining
5411 JP Equity,JFE HOLDINGS INC,JP,Common Stock,12.36B,48.94B,60.37B,--,Industrial Metals and Mining,Iron and Steel,Metals & Mining,Steel,Steel,Steel Producers,--,--
486 HK Equity,RUSAL,RU,Common Stock,12.25B,18.32B,35.89B,59k,Industrial Metals and Mining,Aluminum,Metals & Mining,Aluminum,Metals & Mining,Base Metals,Aluminum,Aluminum Smelting & Refining
MNG MC Equity,MANAGEM,MA,Common Stock,12.19B,1.35B,4.82B,141,Industrial Metals and Mining,General Mining,Metals & Mining,Diversified Metals & Mining,Metals & Mining,Precious Metals,Gold,--
000630 CH Equity,TONGLING NONFE-A,CN,Common Stock,12.18B,30.67B,17.93B,--,Industrial Metals and Mining,Copper,Metals & Mining,Copper,Metals & Mining,Base Metals,Copper,Copper Smelting & Refining
KGH PW Equity,KGHM,PL,Common Stock,11.95B,13.46B,21.08B,35k,Industrial Metals and Mining,Copper,Metals & Mining,Copper,Metals & Mining,Base Metals,Copper,Copper Mining
LLOYDSME IN Equity,LLOYDS METALS,IN,Common Stock,11.85B,1.22B,1.76B,2k,Industrial Metals and Mining,Iron and Steel,Metals & Mining,Steel,Steel,Steel Producers,--,--
NMDC IN Equity,NMDC LTD,IN,Common Stock,11.79B,4.34B,7.68B,6k,Industrial Metals and Mining,Iron and Steel,Metals & Mining,Steel,Metals & Mining,Iron,Iron Ore Mining,--
S32 AU Equity,SOUTH32 LTD,AU,Common Stock,11.66B,8.93B,20.88B,9k,Industrial Metals and Mining,General Mining,Metals & Mining,Diversified Metals & Mining,Metals & Mining,Base Metals,Aluminum,--
JDSL IN Equity,JINDAL STAINLESS,IN,Common Stock,11.33B,7.07B,6.77B,5k,Industrial Metals and Mining,Iron and Steel,Metals & Mining,Steel,Steel,Steel Producers,--,--
000831 CH Equity,CHINA RARE EAR-A,CN,Common Stock,11.10B,637.97M,1.22B,--,Industrial Metals and Mining,Nonferrous Metals,Metals & Mining,Diversified Metals & Mining,Metals & Mining,Mineral & Precious Stone Mining,Mineral Mining,Rare Earth
TIINDIA IN Equity,TUBE INVESTMENTS,IN,Common Stock,10.98B,3.53B,2.99B,3k,Industrial Metals and Mining,Metal Fabricating,Automobile Components,Automotive Parts & Equipment,Steel,Steel Producers,"Long, Pipe & Tubular",--
002532 CH Equity,TIANSHAN ALUMI-A,CN,Common Stock,10.76B,5.92B,12.58B,--,Industrial Metals and Mining,Aluminum,Metals & Mining,Aluminum,Metals & Mining,Base Metals,Aluminum,--
BHFC IN Equity,BHARAT FORGE CO,IN,Common Stock,10.27B,2.74B,3.76B,4k,Industrial Metals and Mining,Metal Fabricating,Automobile Components,Automotive Parts & Equipment,Industrial Intermediate Prod,Fabricated Metal & Hardware,Fabricated Metal,Forging & Stamping
000426 CH Equity,INNER MONGOLIA-A,CN,Common Stock,10.23B,899.93M,2.69B,--,Industrial Metals and Mining,General Mining,Metals & Mining,Diversified Metals & Mining,Metals & Mining,Base Metals,"Nickel, Lead & Zinc",--
ORI AU Equity,ORICA LTD,AU,Common Stock,10.11B,7.66B,9.60B,--,Industrial Metals and Mining,General Mining,Chemicals,Commodity Chemicals,Chemicals,Specialty Chemicals,Explosives,--
601958 CH Equity,JINDUICHENG -A,CN,Common Stock,10.05B,2.86B,4.57B,--,Industrial Metals and Mining,Nonferrous Metals,Metals & Mining,Diversified Metals & Mining,Metals & Mining,Base Metals,Molybdenum,--
BSL AU Equity,BLUESCOPE STEEL,AU,Common Stock,9.94B,16.29B,15.78B,17k,Industrial Metals and Mining,Iron and Steel,Metals & Mining,Steel,Steel,Steel Producers,--,--
SAIL IN Equity,STEEL AUTHORITY,IN,Common Stock,9.74B,18.46B,25.55B,53k,Industrial Metals and Mining,Iron and Steel,Metals & Mining,Steel,Steel,Steel Producers,--,--
CMC US Equity,COMMERCIAL METAL,US,Common Stock,9.68B,12.08B,10.09B,--,Industrial Metals and Mining,Iron and Steel,Metals & Mining,Steel,Steel,Steel Producers,--,--
601168 CH Equity,WESTERN MINING-A,CN,Common Stock,9.63B,10.54B,12.17B,--,Industrial Metals and Mining,Nonferrous Metals,Metals & Mining,Diversified Metals & Mining,Metals & Mining,Base Metals,--,--
600219 CH Equity,SHANDONG NANSH-A,CN,Common Stock,9.45B,7.05B,15.56B,--,Industrial Metals and Mining,Aluminum,Metals & Mining,Aluminum,Metals & Mining,Base Metals,Aluminum,--
600549 CH Equity,XIAMEN TUNGSTE-A,CN,Common Stock,9.37B,7.42B,10.07B,--,Industrial Metals and Mining,Nonferrous Metals,Metals & Mining,Diversified Metals & Mining,Chemicals,Specialty Chemicals,Electronic Chemicals,--
UEC US Equity,URANIUM ENERGY,CA,Common Stock,9.33B,342.02k,1.36B,--,Industrial Metals and Mining,Nonferrous Metals,"Oil, Gas & Consumable Fuels",Coal & Consumable Fuels,Metals & Mining,Base Metals,Uranium,--
601061 CH Equity,CITIC METAL CO-A,CN,Common Stock,9.32B,27.44B,10.65B,--,Industrial Metals and Mining,Nonferrous Metals,Trading Companies & Distributors,Trading Companies & Distributors,Wholesale - Discretionary,Import & Export,--,--
VOE AV Equity,VOESTALPINE AG,AT,Common Stock,9.27B,25.92B,27.26B,50k,Industrial Metals and Mining,Iron and Steel,Metals & Mining,Steel,Steel,Steel Producers,--,--
UNTR IJ Equity,UNITED TRACTORS,ID,Common Stock,9.23B,12.86B,16.85B,39k,Industrial Metals and Mining,General Mining,"Oil, Gas & Consumable Fuels",Coal & Consumable Fuels,Metals & Mining,Mining Services,Coal Support Services,--
KIO SJ Equity,KUMBA IRON ORE L,ZA,Common Stock,9.22B,5.67B,8.45B,--,Industrial Metals and Mining,Iron and Steel,Metals & Mining,Steel,Metals & Mining,Iron,Iron Ore Mining,--
000932 CH Equity,HUNAN VALIN ST-A,CN,Common Stock,9.19B,30.49B,32.81B,--,Industrial Metals and Mining,Iron and Steel,Metals & Mining,Steel,Steel,Steel Producers,--,--
000933 CH Equity,HENAN SHENHUO-A,CN,Common Stock,9.11B,8.09B,11.21B,--,Industrial Metals and Mining,Aluminum,Metals & Mining,Diversified Metals & Mining,Metals & Mining,Base Metals,Aluminum,--
1258 HK Equity,CHINA NONFERROUS,CN,Common Stock,8.94B,5.79B,6.72B,9k,Industrial Metals and Mining,Copper,Metals & Mining,Copper,Metals & Mining,Base Metals,Copper,Copper Smelting & Refining
BRMS IJ Equity,BUMI RESOURCES M,ID,Common Stock,8.84B,246.22M,1.87B,907,Industrial Metals and Mining,General Mining,Metals & Mining,Diversified Metals & Mining,Metals & Mining,Base Metals,"Nickel, Lead & Zinc",--
SSABA SS Equity,SSAB-A,SE,Common Stock,8.79B,14.83B,16.17B,15k,Industrial Metals and Mining,Iron and Steel,Metals & Mining,Steel,Steel,Steel Producers,Flat Rolled,--
CLF US Equity,CLEVELAND-CLIFFS,US,Common Stock,8.63B,29.10B,33.87B,--,Industrial Metals and Mining,Iron and Steel,Metals & Mining,Steel,Steel,Steel Producers,Flat Rolled,--
CS CN Equity,CAPSTONE COPPER,CA,Common Stock,8.61B,2.43B,10.29B,--,Industrial Metals and Mining,Copper,Metals & Mining,Copper,Metals & Mining,Base Metals,Copper,Copper Mining
ARTG CN Equity,ARTEMIS GOLD INC,CA,Common Stock,8.52B,0,1.92B,--,Industrial Metals and Mining,General Mining,Metals & Mining,Gold,Metals & Mining,Precious Metals,Gold,--
000657 CH Equity,CHINA TUNGSTEN-A,CN,Common Stock,8.43B,3.11B,3.86B,--,Industrial Metals and Mining,Nonferrous Metals,Metals & Mining,Diversified Metals & Mining,Metals & Mining,Base Metals,--,--
3939 HK Equity,WANGUO GOLD GROU,CN,Common Stock,8.34B,395.25M,915.95M,1k,Industrial Metals and Mining,General Mining,Metals & Mining,Diversified Metals & Mining,Metals & Mining,Base Metals,Copper,--
CMIN3 BZ Equity,CSN MINERACAO SA,BR,Common Stock,8.34B,4.66B,9.53B,--,Industrial Metals and Mining,Iron and Steel,Metals & Mining,Steel,Metals & Mining,Iron,Iron Ore Mining,--
600392 CH Equity,SHENGHE RESOUC-A,CN,Common Stock,8.32B,2.40B,3.43B,--,Industrial Metals and Mining,General Mining,Metals & Mining,Diversified Metals & Mining,Chemicals,Basic & Diversified Chemicals,Inorganic Base Chemicals,--
603979 CH Equity,JCHX MINING MA-A,CN,Common Stock,8.21B,2.10B,3.76B,--,Industrial Metals and Mining,General Mining,Metals & Mining,Diversified Metals & Mining,Metals & Mining,Base Metals,--,--
EREGL TI Equity,EREGLI,TR,Common Stock,8.12B,9.43B,19.44B,12k,Industrial Metals and Mining,Iron and Steel,Metals & Mining,Steel,Steel,Steel Producers,--,--
TKR US Equity,TIMKEN CO,US,Common Stock,8.11B,6.94B,10.37B,--,Industrial Metals and Mining,Metal Fabricating,Machinery,Industrial Machinery & Supplies & Components,Industrial Intermediate Prod,Fabricated Metal & Hardware,Hardware,Ball & Roller Bearing
HBM CN Equity,HUDBAY MINERALS,CA,Common Stock,8.06B,3.07B,8.87B,--,Industrial Metals and Mining,General Mining,Metals & Mining,Diversified Metals & Mining,Metals & Mining,Base Metals,Copper,Copper Mining
APAT IN Equity,APL APOLLO TUBES,IN,Common Stock,8.02B,3.63B,1.42B,1k,Industrial Metals and Mining,Iron and Steel,Metals & Mining,Steel,Industrial Intermediate Prod,Fabricated Metal & Hardware,Hardware,Fabricated Pipe & Pipe Fitting
688122 CH Equity,WESTERN SUPERC-A,CN,Common Stock,7.89B,972.02M,3.01B,--,Industrial Metals and Mining,Iron and Steel,Metals & Mining,Diversified Metals & Mining,Steel,Steel Producers,Specialty Metals,--
NXE CN Equity,NEXGEN ENERGY LT,CA,Common Stock,7.86B,0,1.86B,--,Industrial Metals and Mining,General Mining,"Oil, Gas & Consumable Fuels",Coal & Consumable Fuels,Metals & Mining,Base Metals,--,--
NDA GR Equity,AURUBIS AG,DE,Common Stock,7.84B,28.18B,12.61B,7k,Industrial Metals and Mining,Nonferrous Metals,Metals & Mining,Copper,Metals & Mining,Base Metals,Copper,--
MIN AU Equity,MINERAL RESOURCE,AU,Common Stock,7.67B,4.47B,11.93B,--,Industrial Metals and Mining,General Mining,Metals & Mining,Diversified Metals & Mining,Metals & Mining,Iron,Iron Ore Mining,--
PLS AU Equity,PILBARA MINERALS,AU,Common Stock,7.37B,768.85M,4.67B,--,Industrial Metals and Mining,General Mining,Metals & Mining,Diversified Metals & Mining,Metals & Mining,Mineral & Precious Stone Mining,Mineral Mining,Lithium
5406 JP Equity,KOBE STEEL LTD,JP,Common Stock,7.35B,25.73B,30.90B,--,Industrial Metals and Mining,Iron and Steel,Metals & Mining,Steel,Steel,Steel Producers,--,--
SIMECB MM Equity,GRUPO SIMEC-B,MX,Common Stock,7.21B,2.80B,5.68B,5k,Industrial Metals and Mining,Iron and Steel,Metals & Mining,Steel,Steel,Steel Producers,--,--
002683 CH Equity,GUANGDONG HONG-A,CN,Common Stock,7.20B,2.88B,4.35B,--,Industrial Metals and Mining,General Mining,Metals & Mining,Diversified Metals & Mining,Metals & Mining,Coal Mining,Thermal Coal,--
000960 CH Equity,YUNNAN TIN CO-A,CN,Common Stock,7.04B,8.85B,8.12B,--,Industrial Metals and Mining,Nonferrous Metals,Metals & Mining,Diversified Metals & Mining,Metals & Mining,Base Metals,--,--
600126 CH Equity,HANGZHOU IRON-A,CN,Common Stock,6.82B,13.42B,7.31B,--,Industrial Metals and Mining,Iron and Steel,Metals & Mining,Steel,Steel,Steel Producers,--,--
NACL IN Equity,NATIONAL ALUMIN,IN,Common Stock,6.59B,3.02B,4.29B,5k,Industrial Metals and Mining,Aluminum,Metals & Mining,Aluminum,Metals & Mining,Base Metals,Aluminum,Bauxite Mining
000959 CH Equity,BEIJING SHOUG-A,CN,Common Stock,6.58B,22.83B,29.21B,--,Industrial Metals and Mining,Iron and Steel,Metals & Mining,Steel,Steel,Steel Producers,Flat Rolled,--
5444 JP Equity,YAMATO KOGYO,JP,Common Stock,6.47B,1.69B,7.03B,--,Industrial Metals and Mining,Iron and Steel,Metals & Mining,Steel,Steel,Steel Producers,--,--
000878 CH Equity,YUNNAN COPPER-A,CN,Common Stock,6.43B,37.51B,9.65B,--,Industrial Metals and Mining,Copper,Metals & Mining,Copper,Metals & Mining,Base Metals,Copper,Copper Smelting & Refining
NCKL IJ Equity,TRIMEGAH BANGUN,ID,Common Stock,6.37B,2.58B,5.19B,11k,Industrial Metals and Mining,Nonferrous Metals,Metals & Mining,Diversified Metals & Mining,Metals & Mining,Base Metals,"Nickel, Lead & Zinc",Nickel
600282 CH Equity,NANJING IRON-A,CN,Common Stock,6.32B,13.03B,15.31B,--,Industrial Metals and Mining,Iron and Steel,Metals & Mining,Steel,Steel,Steel Producers,--,--
600497 CH Equity,YUNNAN CHIHONG-A,CN,Common Stock,6.28B,3.96B,5.84B,--,Industrial Metals and Mining,Nonferrous Metals,Metals & Mining,Diversified Metals & Mining,Metals & Mining,Base Metals,"Nickel, Lead & Zinc",Zinc
5706 JP Equity,MITSUI MINING &,JP,Common Stock,6.26B,7.17B,7.03B,--,Industrial Metals and Mining,Nonferrous Metals,Metals & Mining,Diversified Metals & Mining,Metals & Mining,Base Metals,--,--
002738 CH Equity,SINOMINE RESOU-A,CN,Common Stock,6.26B,1.13B,3.81B,--,Industrial Metals and Mining,Nonferrous Metals,Metals & Mining,Diversified Metals & Mining,Metals & Mining,Mining Services,--,--
ICHB MM Equity,INDUS CH SAB-B,MX,Common Stock,6.12B,3.19B,6.39B,6k,Industrial Metals and Mining,Metal Fabricating,Metals & Mining,Steel,Steel,Steel Producers,--,--
601212 CH Equity,BAIYIN NONFERR-A,CN,Common Stock,6.09B,18.29B,11.21B,--,Industrial Metals and Mining,Nonferrous Metals,Metals & Mining,Diversified Metals & Mining,Metals & Mining,Base Metals,--,--
600331 CH Equity,SICHUAN HONGDA-A,CN,Common Stock,6.09B,718.46M,504.19M,--,Industrial Metals and Mining,Nonferrous Metals,Metals & Mining,Diversified Metals & Mining,Chemicals,Agricultural Chemicals,Fertilizers,Phosphate Fertilizers
2245 HK Equity,LYGEND RESOURC-H,CN,Common Stock,5.82B,6.16B,8.41B,14k,Industrial Metals and Mining,Nonferrous Metals,Metals & Mining,Diversified Metals & Mining,Metals & Mining,Base Metals,"Nickel, Lead & Zinc",--
SFR AU Equity,SANDFIRE RESOURC,AU,Common Stock,5.78B,1.82B,4.36B,--,Industrial Metals and Mining,Copper,Metals & Mining,Copper,Metals & Mining,Base Metals,--,--
000737 CH Equity,NORTH COPPER C-A,CN,Common Stock,5.73B,5.08B,3.99B,--,Industrial Metals and Mining,Copper,Metals & Mining,Copper,Chemicals,Basic & Diversified Chemicals,Inorganic Base Chemicals,--
002203 CH Equity,ZHEJIANG HAILI-A,CN,Common Stock,5.71B,18.45B,9.85B,--,Industrial Metals and Mining,Nonferrous Metals,Metals & Mining,Copper,Industrial Intermediate Prod,Fabricated Metal & Hardware,Hardware,Fabricated Pipe & Pipe Fitting
PTRO IJ Equity,PETROSEA TBK,ID,Common Stock,5.67B,1.05B,1.40B,10k,Industrial Metals and Mining,General Mining,Metals & Mining,Diversified Metals & Mining,Oil & Gas Services & Equip,Drilling & Drilling Support,Onshore Drilling,--
EFR CN Equity,ENERGY FUELS INC,US,Common Stock,5.66B,118.47M,989.44M,--,Industrial Metals and Mining,Nonferrous Metals,"Oil, Gas & Consumable Fuels",Coal & Consumable Fuels,Metals & Mining,Base Metals,Uranium,--
000629 CH Equity,PANGANG GROUP -A,CN,Common Stock,5.59B,2.78B,3.29B,--,Industrial Metals and Mining,Iron and Steel,Metals & Mining,Steel,Steel,Steel Producers,Specialty Metals,--
600808 CH Equity,MAANSHAN IRON-A,CN,Common Stock,5.55B,17.24B,17.49B,--,Industrial Metals and Mining,Iron and Steel,Metals & Mining,Steel,Steel,Steel Producers,--,--
NGEX CN Equity,NGEX MINERALS LT,CA,Common Stock,5.49B,0,234.34M,--,Industrial Metals and Mining,General Mining,Metals & Mining,Diversified Metals & Mining,Metals & Mining,Base Metals,Copper,Copper Mining
MDKA IJ Equity,MERDEKA COPPER G,ID,Common Stock,5.46B,3.40B,8.47B,9k,Industrial Metals and Mining,General Mining,Metals & Mining,Diversified Metals & Mining,Metals & Mining,Precious Metals,Gold,--
600711 CH Equity,CHENGTUN MININ-A,CN,Common Stock,5.40B,5.42B,8.31B,--,Industrial Metals and Mining,Nonferrous Metals,Metals & Mining,Diversified Metals & Mining,Metals & Mining,Metals & Ore Whslrs & Traders,--,--
000709 CH Equity,HESTEEL CO LTD-A,CN,Common Stock,5.29B,25.63B,59.61B,--,Industrial Metals and Mining,Iron and Steel,Metals & Mining,Steel,Steel,Steel Producers,--,--
600765 CH Equity,AVIC HEAVY MAC-A,CN,Common Stock,5.28B,2.18B,6.72B,--,Industrial Metals and Mining,Metal Fabricating,Machinery,Industrial Machinery & Supplies & Components,Industrial Intermediate Prod,Fabricated Metal & Hardware,Fabricated Metal,Forging & Stamping
004020 KS Equity,HYUNDAI STEEL,KR,Common Stock,5.26B,25.82B,37.99B,--,Industrial Metals and Mining,Iron and Steel,Metals & Mining,Steel,Steel,Steel Producers,--,--
900936 CH Equity,INNER MONGOLIA-B,CN,Common Stock,5.21B,5.99B,10.71B,--,Industrial Metals and Mining,Iron and Steel,Metals & Mining,Diversified Metals & Mining,Metals & Mining,Base Metals,--,--
HCP IN Equity,HINDUSTAN COPPER,IN,Common Stock,5.11B,373.64M,655.78M,1k,Industrial Metals and Mining,Copper,Metals & Mining,Copper,Metals & Mining,Base Metals,Copper,Copper Mining
ALBH BI Equity,ALUMINIUM BAHRAI,BH,Common Stock,5.07B,6.52B,11.46B,--,Industrial Metals and Mining,Aluminum,Metals & Mining,Aluminum,Metals & Mining,Base Metals,Aluminum,Aluminum Smelting & Refining
MINSURI1 PE Equity,MINSUR-INV,PE,Common Stock,4.99B,3.29B,7.56B,--,Industrial Metals and Mining,Copper,Metals & Mining,Diversified Metals & Mining,Metals & Mining,Base Metals,Tin,--
ACX SM Equity,ACERINOX,ES,Common Stock,4.92B,8.88B,10.82B,--,Industrial Metals and Mining,Iron and Steel,Metals & Mining,Steel,Steel,Steel Producers,--,--
2027 TT Equity,TA CHEN,TW,Common Stock,4.91B,4.27B,6.79B,--,Industrial Metals and Mining,Iron and Steel,Metals & Mining,Steel,Steel,Steel Producers,--,--
MBMA IJ Equity,MERDEKA BATTERY,ID,Common Stock,4.87B,2.80B,5.55B,4k,Industrial Metals and Mining,Nonferrous Metals,Metals & Mining,Diversified Metals & Mining,Metals & Mining,Base Metals,"Nickel, Lead & Zinc",Nickel
000898 CH Equity,ANGANG STEEL-A,CN,Common Stock,4.87B,22.15B,22.28B,24k,Industrial Metals and Mining,Iron and Steel,Metals & Mining,Steel,Steel,Steel Producers,Flat Rolled,--
000825 CH Equity,SHANXI TAIGANG-A,CN,Common Stock,4.65B,21.15B,14.96B,--,Industrial Metals and Mining,Iron and Steel,Metals & Mining,Steel,Steel,Steel Producers,Specialty Metals,--
KIOCL IN Equity,KIOCL LTD,IN,Common Stock,4.64B,107.16M,428.67M,352,Industrial Metals and Mining,Iron and Steel,Metals & Mining,Steel,Metals & Mining,Metals & Ore Whslrs & Traders,--,--
002318 CH Equity,ZHEJIANG JIULI-A,CN,Common Stock,4.63B,2.30B,3.14B,--,Industrial Metals and Mining,Iron and Steel,Metals & Mining,Steel,Steel,Steel Producers,"Long, Pipe & Tubular",Pipe & Tubular
2610 HK Equity,NANSHAN ALUMINIU,ID,Common Stock,4.46B,1.55B,2.78B,--,Industrial Metals and Mining,Aluminum,Metals & Mining,Aluminum,Metals & Mining,Base Metals,Aluminum,--
SHPC1 PE Equity,SHOUGAN HIERRO-C,PE,Common Stock,4.44B,2.37B,4.55B,--,Industrial Metals and Mining,Iron and Steel,Metals & Mining,Steel,Metals & Mining,Iron,Iron Ore Mining,--
600595 CH Equity,HENAN ZHONGFU-A,CN,Common Stock,4.42B,4.80B,5.34B,--,Industrial Metals and Mining,Aluminum,Metals & Mining,Aluminum,Metals & Mining,Base Metals,Aluminum,Aluminum Smelting & Refining
601137 CH Equity,NINGBO BOWAY A-A,CN,Common Stock,4.42B,3.93B,3.83B,--,Industrial Metals and Mining,Nonferrous Metals,Metals & Mining,Diversified Metals & Mining,Metals & Mining,Base Metals,Copper,Copper Smelting & Refining
DSV CN Equity,DISCOVERY SILVER,CA,Common Stock,4.38B,0,138.07M,--,Industrial Metals and Mining,General Mining,Metals & Mining,Silver,Metals & Mining,Precious Metals,Silver,--
600516 CH Equity,FANGDA CARBON-A,CN,Common Stock,4.33B,815.98M,4.51B,--,Industrial Metals and Mining,Metal Fabricating,Electrical Equipment,Electrical Components & Equipment,Chemicals,Specialty Chemicals,Advanced Materials,Carbon Fiber
SHYAMMET IN Equity,SHYAM METALICS &,IN,Common Stock,4.33B,2.73B,3.06B,5k,Industrial Metals and Mining,Iron and Steel,Metals & Mining,Steel,Steel,Steel Producers,Specialty Metals,--
601020 CH Equity,TIBET HUAYU MI-A,CN,Common Stock,4.28B,340.09M,1.28B,--,Industrial Metals and Mining,Nonferrous Metals,Metals & Mining,Diversified Metals & Mining,Metals & Mining,Base Metals,"Nickel, Lead & Zinc",Lead
ISDMR TI Equity,ISKENDERUN DEMIR,TR,Common Stock,4.22B,5.10B,8.10B,5k,Industrial Metals and Mining,Iron and Steel,Metals & Mining,Steel,Steel,Steel Producers,--,--
601609 CH Equity,NINGBO JINTIAN-A,CN,Common Stock,4.18B,26.17B,5.72B,--,Industrial Metals and Mining,Nonferrous Metals,Metals & Mining,Copper,Metals & Mining,Base Metals,Copper,--
301219 CH Equity,GANZHOU TENG Y-A,CN,Common Stock,4.13B,1.38B,2.37B,--,Industrial Metals and Mining,Nonferrous Metals,Chemicals,Commodity Chemicals,Metals & Mining,Base Metals,--,--
002379 CH Equity,SHANDONG HONTRON,CN,Common Stock,4.10B,734.68M,692.66M,--,Industrial Metals and Mining,Aluminum,Metals & Mining,Aluminum,Metals & Mining,Base Metals,Aluminum,--
INCO IJ Equity,VALE INDONESIA T,ID,Common Stock,4.10B,1.44B,5.14B,3k,Industrial Metals and Mining,Nonferrous Metals,Metals & Mining,Diversified Metals & Mining,Metals & Mining,Base Metals,"Nickel, Lead & Zinc",Nickel
000060 CH Equity,SHENZHEN ZHONG-A,CN,Common Stock,4.07B,12.62B,10.15B,--,Industrial Metals and Mining,Nonferrous Metals,Metals & Mining,Diversified Metals & Mining,Metals & Mining,Base Metals,"Nickel, Lead & Zinc",--
002716 CH Equity,HUNAN SILVE-A,CN,Common Stock,4.03B,1.75B,1.22B,--,Industrial Metals and Mining,Nonferrous Metals,Metals & Mining,Diversified Metals & Mining,Metals & Mining,Precious Metals,Silver,--
600301 CH Equity,GUANGXI HUAXI -A,CN,Common Stock,4.03B,975.91M,1.71B,--,Industrial Metals and Mining,Nonferrous Metals,Chemicals,Commodity Chemicals,Metals & Mining,Mining Services,Metals Support Services,--
WLCO IN Equity,WELSPUN CORP LTD,IN,Common Stock,4.00B,2.54B,2.85B,3k,Industrial Metals and Mining,Iron and Steel,Metals & Mining,Steel,Steel,Steel Producers,"Long, Pipe & Tubular",Pipe & Tubular
PTCIL IN Equity,PTC INDUSTRIES L,IN,Common Stock,3.92B,55.91M,296.69M,--,Industrial Metals and Mining,Iron and Steel,Metals & Mining,Steel,Steel,Steel Producers,--,--
TMC US Equity,TMC THE METALS C,CA,Common Stock,3.89B,0,101.86M,--,Industrial Metals and Mining,General Mining,Metals & Mining,Diversified Metals & Mining,Metals & Mining,Base Metals,--,--
002428 CH Equity,YUNNAN LINCANG-A,CN,Common Stock,3.86B,161.72M,703.80M,--,Industrial Metals and Mining,Nonferrous Metals,Metals & Mining,Diversified Metals & Mining,Metals & Mining,Base Metals,--,--
002756 CH Equity,YONGXING SPECI-A,CN,Common Stock,3.85B,1.70B,3.06B,--,Industrial Metals and Mining,Iron and Steel,Metals & Mining,Steel,Steel,Steel Producers,--,--
DML CN Equity,DENISON MINES CO,CA,Common Stock,3.84B,4.45M,745.61M,--,Industrial Metals and Mining,Nonferrous Metals,"Oil, Gas & Consumable Fuels",Coal & Consumable Fuels,Metals & Mining,Base Metals,Uranium,--
600259 CH Equity,RISING NONFERR-A,CN,Common Stock,3.83B,2.65B,1.65B,--,Industrial Metals and Mining,Nonferrous Metals,Metals & Mining,Diversified Metals & Mining,Metals & Mining,Base Metals,--,--
CENX US Equity,CENTURY ALUMINUM,US,Common Stock,3.80B,3.37B,3.14B,--,Industrial Metals and Mining,Aluminum,Metals & Mining,Aluminum,Metals & Mining,Base Metals,Aluminum,Aluminum Smelting & Refining
KTY PW Equity,KETY,PL,Common Stock,3.80B,1.96B,1.65B,--,Industrial Metals and Mining,Aluminum,Metals & Mining,Aluminum,Metals & Mining,Base Metals,Aluminum,--
PDN AU Equity,PALADIN ENERGY,AU,Common Stock,3.78B,274.54M,1.71B,--,Industrial Metals and Mining,General Mining,"Oil, Gas & Consumable Fuels",Coal & Consumable Fuels,Metals & Mining,Base Metals,Uranium,--
103140 KS Equity,POONGSAN CORP,KR,Common Stock,3.76B,5.06B,4.48B,--,Industrial Metals and Mining,Nonferrous Metals,Metals & Mining,Diversified Metals & Mining,Metals & Mining,Base Metals,Copper,Copper Smelting & Refining
BEKB BB Equity,BEKAERT NV,BE,Common Stock,3.76B,6.49B,6.96B,--,Industrial Metals and Mining,Iron and Steel,Metals & Mining,Steel,Industrial Intermediate Prod,Fabricated Metal & Hardware,Fabricated Metal,Wire Products
IGO AU Equity,IGO LTD,AU,Common Stock,3.75B,512.50M,2.36B,--,Industrial Metals and Mining,General Mining,Metals & Mining,Diversified Metals & Mining,Metals & Mining,Base Metals,"Nickel, Lead & Zinc",Nickel
001203 CH Equity,DAZHONG MINING C,CN,Common Stock,3.71B,809.82M,3.41B,--,Industrial Metals and Mining,Iron and Steel,Metals & Mining,Steel,Metals & Mining,Iron,Iron Ore Mining,--
APAM NA Equity,APERAM,LU,Common Stock,3.68B,10.26B,9.77B,13k,Industrial Metals and Mining,Iron and Steel,Metals & Mining,Steel,Steel,Steel Producers,--,--
SEML IN Equity,SARDA ENERGY MIN,IN,Common Stock,3.54B,842.55M,1.90B,2k,Industrial Metals and Mining,Iron and Steel,Metals & Mining,Steel,Steel,Steel Producers,--,--
601702 CH Equity,SHANGHAI HUAFO-A,CN,Common Stock,3.54B,2.29B,1.83B,--,Industrial Metals and Mining,Aluminum,Metals & Mining,Aluminum,Metals & Mining,Base Metals,Aluminum,--
600961 CH Equity,ZHUZHOU SMELTE-A,CN,Common Stock,3.52B,4.16B,2.02B,--,Industrial Metals and Mining,Nonferrous Metals,Metals & Mining,Diversified Metals & Mining,Metals & Mining,Base Metals,--,--
601677 CH Equity,HENAN MINGTAI -A,CN,Common Stock,3.49B,6.81B,5.17B,--,Industrial Metals and Mining,Aluminum,Metals & Mining,Aluminum,Containers & Packaging,Containers & Packaging,Metal Containers & Packaging,--
002176 CH Equity,JIANGXI SPECIA-A,CN,Common Stock,3.49B,443.15M,1.47B,--,Industrial Metals and Mining,Nonferrous Metals,Electrical Equipment,Electrical Components & Equipment,Machinery,Other Machinery & Equipment,General Purpose Machinery,Motor & Generator
002545 CH Equity,QINGDAO EAST-A,CN,Common Stock,3.47B,884.28M,3.01B,--,Industrial Metals and Mining,Iron and Steel,Metals & Mining,Steel,Industrial Intermediate Prod,Fabricated Metal & Hardware,Fabricated Metal,Structural Metal & Plate Work
000688 CH Equity,GUOCHENG MININ-A,CN,Common Stock,3.44B,404.14M,2.05B,--,Industrial Metals and Mining,Nonferrous Metals,Metals & Mining,Diversified Metals & Mining,Metals & Mining,Base Metals,"Nickel, Lead & Zinc",Zinc
GMDC IN Equity,GUJARAT MINERAL,IN,Common Stock,3.43B,517.35M,1.45B,950,Industrial Metals and Mining,General Mining,"Oil, Gas & Consumable Fuels",Coal & Consumable Fuels,Metals & Mining,Coal Mining,Thermal Coal,Bitum Coal & Lignite Surface
NK FP Equity,IMERYS SA,FR,Common Stock,3.42B,5.91B,11.18B,--,Industrial Metals and Mining,General Mining,Construction Materials,Construction Materials,Construction Materials,Building Materials,"Brick, Tile & Clay Bldg Matl",--
QAMC QD Equity,QATAR ALUMINUM M,QA,Common Stock,3.42B,0,3.06B,--,Industrial Metals and Mining,Aluminum,Metals & Mining,Aluminum,Metals & Mining,Base Metals,Aluminum,--
HILS LN Equity,HILL & SMITH PLC,GB,Common Stock,3.42B,1.66B,1.61B,--,Industrial Metals and Mining,Metal Fabricating,Metals & Mining,Steel,Industrial Intermediate Prod,Fabricated Metal & Hardware,--,--
002240 CH Equity,CHENGXIN LITHI-A,CN,Common Stock,3.41B,965.48M,4.82B,--,Industrial Metals and Mining,General Mining,Chemicals,Specialty Chemicals,Metals & Mining,Mineral & Precious Stone Mining,Mineral Mining,Lithium
600022 CH Equity,SHANDONG IRON -A,CN,Common Stock,3.40B,17.30B,14.47B,--,Industrial Metals and Mining,Iron and Steel,Metals & Mining,Steel,Steel,Steel Producers,--,--
601969 CH Equity,HAINAN MINING -A,CN,Common Stock,3.39B,856.76M,2.83B,--,Industrial Metals and Mining,Iron and Steel,Metals & Mining,Steel,Metals & Mining,Iron,Iron Ore Mining,--
5714 JP Equity,DOWA HOLDINGS CO,JP,Common Stock,3.37B,6.83B,7.20B,--,Industrial Metals and Mining,Nonferrous Metals,Metals & Mining,Diversified Metals & Mining,Metals & Mining,Base Metals,--,--
000603 CH Equity,SHENGDA RESOUR-A,CN,Common Stock,3.36B,424.26M,1.46B,--,Industrial Metals and Mining,Nonferrous Metals,Metals & Mining,Diversified Metals & Mining,Metals & Mining,Precious Metals,Silver,--
VIO BB Equity,VIOHALCO SA,BE,Common Stock,3.34B,10.87B,10.99B,--,Industrial Metals and Mining,Metal Fabricating,Metals & Mining,Diversified Metals & Mining,Metals & Mining,Base Metals,--,--
5463 JP Equity,MARUICHI STL TUB,JP,Common Stock,3.32B,2.63B,4.55B,--,Industrial Metals and Mining,Iron and Steel,Metals & Mining,Steel,Steel,Steel Producers,"Long, Pipe & Tubular",--
600361 CH Equity,INNOVATION NEW-A,CN,Common Stock,3.30B,17.06B,5.78B,--,Industrial Metals and Mining,Aluminum,Metals & Mining,Aluminum,Metals & Mining,Base Metals,Aluminum,--
ARI SJ Equity,AFRICAN RAINBOW,ZA,Common Stock,3.28B,995.78M,6.38B,--,Industrial Metals and Mining,General Mining,Metals & Mining,Diversified Metals & Mining,Metals & Mining,Iron,Iron Ore Mining,--
600366 CH Equity,NINGBO YUNSHEN-A,CN,Common Stock,3.27B,1.06B,2.00B,--,Industrial Metals and Mining,Metal Fabricating,"Electronic Equipment, Instruments & Components",Electronic Components,Chemicals,Specialty Chemicals,Advanced Materials,--
002182 CH Equity,BAOWU MAGNESIU-A,CN,Common Stock,3.25B,1.89B,3.00B,--,Industrial Metals and Mining,Nonferrous Metals,Metals & Mining,Diversified Metals & Mining,Metals & Mining,Base Metals,--,--
300618 CH Equity,NANJING HANRUI-A,CN,Common Stock,3.24B,1.25B,1.91B,--,Industrial Metals and Mining,Nonferrous Metals,Metals & Mining,Diversified Metals & Mining,Chemicals,Specialty Chemicals,--,--
SKE CN Equity,SKEENA RESOURCES,CA,Common Stock,3.24B,0,308.30M,--,Industrial Metals and Mining,General Mining,Metals & Mining,Gold,Metals & Mining,Precious Metals,Gold,--
OUT1V FH Equity,OUTOKUMPU OYJ,FI,Common Stock,3.23B,9.75B,9.98B,8k,Industrial Metals and Mining,Iron and Steel,Metals & Mining,Steel,Steel,Steel Producers,Specialty Metals,--
002171 CH Equity,ANHUI TRUCHUM-A,CN,Common Stock,3.21B,11.33B,4.22B,--,Industrial Metals and Mining,Copper,Metals & Mining,Diversified Metals & Mining,Metals & Mining,Base Metals,Copper,Copper Smelting & Refining
300428 CH Equity,LIZHONG SITONG-A,CN,Common Stock,3.20B,5.74B,4.75B,--,Industrial Metals and Mining,Nonferrous Metals,Metals & Mining,Aluminum,Automotive,Auto Parts,Vehicle Wheels,--
CSTM US Equity,CONSTELLIUM SE,FR,Common Stock,3.20B,11.12B,7.65B,--,Industrial Metals and Mining,Aluminum,Metals & Mining,Aluminum,Metals & Mining,Base Metals,Aluminum,--
600456 CH Equity,BAOJI TITANIUM-A,CN,Common Stock,3.16B,1.40B,2.96B,--,Industrial Metals and Mining,Nonferrous Metals,Metals & Mining,Diversified Metals & Mining,Steel,Steel Producers,Specialty Metals,--
000778 CH Equity,XINXING DUCTIL-A,CN,Common Stock,3.16B,7.63B,11.79B,--,Industrial Metals and Mining,Iron and Steel,Metals & Mining,Steel,Steel,Steel Producers,--,--
NIC AU Equity,NICKEL INDUSTRIE,AU,Common Stock,3.10B,2.65B,6.30B,--,Industrial Metals and Mining,General Mining,Metals & Mining,Diversified Metals & Mining,Metals & Mining,Base Metals,"Nickel, Lead & Zinc",Nickel
002978 CH Equity,SICHUAN ANNING-A,CN,Common Stock,3.10B,391.34M,2.10B,--,Industrial Metals and Mining,General Mining,Metals & Mining,Diversified Metals & Mining,Metals & Mining,Mineral & Precious Stone Mining,--,--
GODPI IN Equity,GODAWARI POWER,IN,Common Stock,3.09B,975.55M,1.15B,4k,Industrial Metals and Mining,Iron and Steel,Metals & Mining,Steel,Steel,Steel Producers,--,--
MFRISCOA MM Equity,MINERA FRISCO,MX,Common Stock,3.07B,870.18M,2.55B,3k,Industrial Metals and Mining,General Mining,Metals & Mining,Diversified Metals & Mining,Metals & Mining,Base Metals,--,--
NATA JR Equity,NATL ALUMINUM IN,JO,Common Stock,3.06B,14.64M,31.72M,--,Industrial Metals and Mining,Aluminum,Metals & Mining,Aluminum,Metals & Mining,Base Metals,Aluminum,--
002378 CH Equity,CHONGYI ZHANG-A,CN,Common Stock,3.05B,774.09M,1.10B,--,Industrial Metals and Mining,Nonferrous Metals,Metals & Mining,Diversified Metals & Mining,Industrial Intermediate Prod,Fabricated Metal & Hardware,Fabricated Metal,Forging & Stamping
603505 CH Equity,CHINA KINGS RE-A,CN,Common Stock,3.02B,580.01M,1.47B,--,Industrial Metals and Mining,General Mining,Chemicals,Commodity Chemicals,Metals & Mining,Mineral & Precious Stone Mining,--,--
688388 CH Equity,GUANGDONG JIA -A,CN,Common Stock,3.02B,1.37B,2.89B,--,Industrial Metals and Mining,Nonferrous Metals,Electrical Equipment,Electrical Components & Equipment,Metals & Mining,Base Metals,Copper,--
CSNA3 BZ Equity,SID NACIONAL,BR,Common Stock,3.00B,12.34B,27.22B,--,Industrial Metals and Mining,Iron and Steel,Metals & Mining,Steel,Steel,Steel Producers,--,--
ALLEI SS Equity,ALLEIMA AB,SE,Common Stock,2.96B,2.82B,3.48B,6k,Industrial Metals and Mining,Metal Fabricating,Metals & Mining,Steel,Machinery,Metalworking Machinery,--,--
5741 JP Equity,UACJ CORP,JP,Common Stock,2.96B,10.06B,10.37B,--,Industrial Metals and Mining,Aluminum,Metals & Mining,Aluminum,Metals & Mining,Base Metals,Aluminum,Aluminum Smelting & Refining
5471 JP Equity,DAIDO STEEL CO,JP,Common Stock,2.95B,5.79B,8.37B,--,Industrial Metals and Mining,Iron and Steel,Metals & Mining,Steel,Steel,Steel Producers,Specialty Metals,--
RMT IN Equity,RATNAMANI METALS,IN,Common Stock,2.95B,941.21M,919.00M,3k,Industrial Metals and Mining,Metal Fabricating,Metals & Mining,Steel,Steel,Steel Producers,"Long, Pipe & Tubular",Pipe & Tubular
ARIS CN Equity,ARIS MINING CORP,CA,Common Stock,2.90B,774.41M,3.22B,--,Industrial Metals and Mining,General Mining,Metals & Mining,Gold,Metals & Mining,Precious Metals,Gold,--
603132 CH Equity,JINHUI MINING -A,CN,Common Stock,2.87B,324.34M,1.53B,--,Industrial Metals and Mining,Nonferrous Metals,Metals & Mining,Diversified Metals & Mining,Metals & Mining,Base Metals,--,--
000969 CH Equity,ADVANCED TECH -A,CN,Common Stock,2.86B,1.60B,2.46B,--,Industrial Metals and Mining,Nonferrous Metals,Metals & Mining,Diversified Metals & Mining,Chemicals,Specialty Chemicals,Advanced Materials,Advanced Ceramics
200761 CH Equity,BENGANG STEEL-B,CN,Common Stock,2.86B,10.80B,10.15B,--,Industrial Metals and Mining,Iron and Steel,Metals & Mining,Steel,Steel,Steel Producers,Flat Rolled,--
601003 CH Equity,LIUZHOU IRON-A,CN,Common Stock,2.83B,14.78B,14.33B,--,Industrial Metals and Mining,Iron and Steel,Metals & Mining,Steel,Steel,Steel Producers,Flat Rolled,--
TXAR AR Equity,TERNIUM ARGENTIN,AR,Common Stock,2.82B,3.37B,9.27B,--,Industrial Metals and Mining,Iron and Steel,Metals & Mining,Steel,Steel,Steel Producers,--,--
603218 CH Equity,RIYUE HEAVY IN-A,CN,Common Stock,2.82B,989.61M,3.03B,--,Industrial Metals and Mining,Metal Fabricating,Machinery,Industrial Machinery & Supplies & Components,Renewable Energy,Renewable Energy Equipment,Wind Energy Equipment,--
1053 HK Equity,CHONGQING IRON-H,CN,Common Stock,2.76B,5.74B,7.86B,--,Industrial Metals and Mining,Iron and Steel,Metals & Mining,Steel,Steel,Steel Producers,--,--
8078 JP Equity,HANWA CO LTD,JP,Common Stock,2.75B,25.72B,12.46B,--,Industrial Metals and Mining,Iron and Steel,Trading Companies & Distributors,Trading Companies & Distributors,Steel,Metal Svc Centers & Processors,Steel Processors,--
GALL IN Equity,GALLANTT ISPAT,IN,Common Stock,2.75B,743.53M,664.69M,4k,Industrial Metals and Mining,Iron and Steel,Metals & Mining,Steel,Steel,Steel Producers,--,--
688190 CH Equity,QINGDAO YUNLU -A,CN,Common Stock,2.75B,400.45M,695.82M,--,Industrial Metals and Mining,Metal Fabricating,Metals & Mining,Steel,Chemicals,Specialty Chemicals,Advanced Materials,--
603124 CH Equity,JIANGXI JIANGN-A,CN,Common Stock,2.75B,1.83B,740.55M,597,Industrial Metals and Mining,Copper,"Electronic Equipment, Instruments & Components",Electronic Components,Metals & Mining,Base Metals,Copper,--
600782 CH Equity,XINYU IRON & S-A,CN,Common Stock,2.73B,8.81B,11.60B,--,Industrial Metals and Mining,Iron and Steel,Metals & Mining,Steel,Steel,Steel Producers,--,--
ERO CN Equity,ERO COPPER CORP,CA,Common Stock,2.72B,713.22M,2.36B,--,Industrial Metals and Mining,Copper,Metals & Mining,Copper,Metals & Mining,Base Metals,--,--
ERA FP Equity,ERAMET,FR,Common Stock,2.71B,4.81B,10.82B,9k,Industrial Metals and Mining,Nonferrous Metals,Metals & Mining,Diversified Metals & Mining,Metals & Mining,Base Metals,Manganese,--
002075 CH Equity,JIANGSU SHAGAN-A,CN,Common Stock,2.63B,3.04B,5.39B,--,Industrial Metals and Mining,Iron and Steel,Metals & Mining,Steel,Steel,Steel Producers,--,--
ILU AU Equity,ILUKA RESOURCES,AU,Common Stock,2.63B,1.17B,3.74B,--,Industrial Metals and Mining,General Mining,Metals & Mining,Diversified Metals & Mining,Metals & Mining,Base Metals,--,--
000758 CH Equity,CHINA NONFERRO-A,CN,Common Stock,2.62B,1.88B,4.79B,--,Industrial Metals and Mining,Nonferrous Metals,Metals & Mining,Diversified Metals & Mining,Engineering & Construction,Building Construction,Industrial Buildings Const,--
300328 CH Equity,DONGGUAN EONTE-A,CN,Common Stock,2.62B,348.24M,607.35M,--,Industrial Metals and Mining,Metal Fabricating,Metals & Mining,Aluminum,Metals & Mining,Base Metals,--,--
SZG GR Equity,SALZGITTER AG,DE,Common Stock,2.59B,16.42B,17.51B,22k,Industrial Metals and Mining,Iron and Steel,Metals & Mining,Steel,Steel,Steel Producers,--,--
600531 CH Equity,HENAN YUGUANG-A,CN,Common Stock,2.58B,8.29B,3.90B,--,Industrial Metals and Mining,Nonferrous Metals,Metals & Mining,Diversified Metals & Mining,Metals & Mining,Base Metals,--,--
600507 CH Equity,FANGDA SPECIAL-A,CN,Common Stock,2.57B,4.54B,4.26B,--,Industrial Metals and Mining,Iron and Steel,Metals & Mining,Steel,Steel,Steel Producers,"Long, Pipe & Tubular",Pipe & Tubular
LTR AU Equity,LIONTOWN RESOURC,AU,Common Stock,2.57B,0,1.38B,--,Industrial Metals and Mining,General Mining,Metals & Mining,Diversified Metals & Mining,Metals & Mining,Base Metals,--,--
AMAK AB Equity,AL MASANE AL KOB,SA,Common Stock,2.57B,315.50M,645.18M,--,Industrial Metals and Mining,General Mining,Metals & Mining,Diversified Metals & Mining,Metals & Mining,Base Metals,--,--
301522 CH Equity,ZHONGHANG SHAN-A,CN,Common Stock,2.57B,528.63M,819.46M,--,Industrial Metals and Mining,Nonferrous Metals,Metals & Mining,Steel,Industrial Intermediate Prod,Fabricated Metal & Hardware,Fabricated Metal,--
BEIAB SS Equity,BEIJER ALMA  -B,SE,Common Stock,2.55B,1.03B,1.38B,4k,Industrial Metals and Mining,Metal Fabricating,Machinery,Industrial Machinery & Supplies & Components,Industrial Intermediate Prod,Fabricated Metal & Hardware,Fabricated Metal,Wire Products
WS US Equity,WORTHINGTON STEE,US,Common Stock,2.55B,4.77B,3.05B,5k,Industrial Metals and Mining,Iron and Steel,Metals & Mining,Steel,Steel,Metal Svc Centers & Processors,Steel Processors,--
688102 CH Equity,SHAANXI SIRUI -A,CN,Common Stock,2.53B,280.21M,472.60M,--,Industrial Metals and Mining,Nonferrous Metals,Metals & Mining,Copper,Chemicals,Specialty Chemicals,Advanced Materials,--
000962 CH Equity,NINGXIA ORIENT-A,CN,Common Stock,2.52B,269.87M,678.07M,--,Industrial Metals and Mining,Nonferrous Metals,Metals & Mining,Diversified Metals & Mining,Metals & Mining,Base Metals,--,--
YCA LN Equity,YELLOW CAKE PLC,GB,Common Stock,2.52B,0,2.27B,--,Industrial Metals and Mining,Nonferrous Metals,"Oil, Gas & Consumable Fuels",Coal & Consumable Fuels,Metals & Mining,Base Metals,Uranium,--
PRN AU Equity,PERENTI LTD,AU,Common Stock,2.51B,3.49B,3.33B,10k,Industrial Metals and Mining,General Mining,Metals & Mining,Diversified Metals & Mining,Metals & Mining,Mining Services,Metals Support Services,--
002541 CH Equity,ANHUI HONGLU-A,CN,Common Stock,2.51B,4.53B,5.59B,--,Industrial Metals and Mining,Iron and Steel,Metals & Mining,Steel,Engineering & Construction,Building Construction,--,--
CIA AU Equity,CHAMPION IRON LT,AU,Common Stock,2.50B,1.77B,3.38B,--,Industrial Metals and Mining,Iron and Steel,Metals & Mining,Steel,Metals & Mining,Iron,Iron Ore Mining,--
000795 CH Equity,INNUOVO TECHNO-A,CN,Common Stock,2.50B,844.80M,914.00M,--,Industrial Metals and Mining,General Mining,Metals & Mining,Diversified Metals & Mining,Chemicals,Specialty Chemicals,Advanced Materials,Special Coated Metals
3858 HK Equity,JIAXIN INTERNATI,HK,Common Stock,2.48B,0,388.16M,--,Industrial Metals and Mining,Nonferrous Metals,Metals & Mining,Diversified Metals & Mining,Metals & Mining,Mining Services,--,--
600110 CH Equity,NUODE NEW MATE-A,CN,Common Stock,2.47B,1.11B,3.58B,--,Industrial Metals and Mining,Nonferrous Metals,Electrical Equipment,Electrical Components & Equipment,Metals & Mining,Base Metals,Copper,Copper Smelting & Refining
BRYAT TI Equity,BORUSAN YATIRIM,TR,Common Stock,2.47B,3.67M,1.28B,9,Industrial Metals and Mining,Iron and Steel,Financial Services,Multi-Sector Holdings,Asset Management,Investment Companies,Investment Holding Companies,--
RUS CN Equity,RUSSEL METALS,CA,Common Stock,2.44B,4.72B,2.64B,--,Industrial Metals and Mining,Metal Fabricating,Trading Companies & Distributors,Trading Companies & Distributors,Steel,Metal Svc Centers & Processors,Steel Processors,--
601096 CH Equity,HSINO TOWER GR-A,CN,Common Stock,2.41B,2.14B,2.06B,--,Industrial Metals and Mining,Iron and Steel,Electrical Equipment,Heavy Electrical Equipment,Industrial Intermediate Prod,Fabricated Metal & Hardware,Fabricated Metal,Structural Metal & Plate Work
600592 CH Equity,FUJIAN LONGXI-A,CN,Common Stock,2.41B,374.48M,807.66M,--,Industrial Metals and Mining,Metal Fabricating,Machinery,Industrial Machinery & Supplies & Components,Industrial Intermediate Prod,Fabricated Metal & Hardware,Hardware,Ball & Roller Bearing
600338 CH Equity,XIZANG ZHUFENG-A,CN,Common Stock,2.39B,345.50M,1.39B,--,Industrial Metals and Mining,Nonferrous Metals,Metals & Mining,Diversified Metals & Mining,Metals & Mining,Base Metals,"Nickel, Lead & Zinc",--
000762 CH Equity,TIBET MINERAL-A,CN,Common Stock,2.38B,131.12M,1.65B,--,Industrial Metals and Mining,General Mining,Metals & Mining,Diversified Metals & Mining,Metals & Mining,Base Metals,--,--
NSLNISP IN Equity,NMDC STEEL LTD,IN,Common Stock,2.37B,1.54B,5.33B,3k,Industrial Metals and Mining,General Mining,Metals & Mining,Steel,Metals & Mining,Iron,Iron Ore Mining,--
BRSAN TI Equity,BORUSAN BIRLESIK,TR,Common Stock,2.36B,2.55B,2.53B,2k,Industrial Metals and Mining,Iron and Steel,Metals & Mining,Steel,Steel,Steel Producers,"Long, Pipe & Tubular",Pipe & Tubular
JSAW IN Equity,JINDAL SAW LTD,IN,Common Stock,2.36B,3.78B,3.89B,8k,Industrial Metals and Mining,Iron and Steel,Metals & Mining,Steel,Industrial Intermediate Prod,Fabricated Metal & Hardware,Hardware,Fabricated Pipe & Pipe Fitting
IPX AU Equity,IPERIONX LTD,AU,Common Stock,2.34B,0,83.06M,--,Industrial Metals and Mining,Nonferrous Metals,Metals & Mining,Diversified Metals & Mining,Metals & Mining,Base Metals,--,--
300855 CH Equity,JIANGSU TOLAND-A,CN,Common Stock,2.34B,265.05M,517.23M,--,Industrial Metals and Mining,Iron and Steel,Metals & Mining,Diversified Metals & Mining,Metals & Mining,Base Metals,--,--
USM IN Equity,USHA MARTIN LTD,IN,Common Stock,2.32B,630.47M,702.08M,2k,Industrial Metals and Mining,Iron and Steel,Metals & Mining,Steel,Steel,Steel Producers,"Long, Pipe & Tubular",Steel Wire Drawing
600888 CH Equity,XINJIANG JOINW-A,CN,Common Stock,2.29B,1.54B,4.02B,--,Industrial Metals and Mining,Aluminum,Metals & Mining,Aluminum,Metals & Mining,Base Metals,Aluminum,--
600399 CH Equity,FUSHUN SPECIAL-A,CN,Common Stock,2.21B,1.79B,2.91B,--,Industrial Metals and Mining,Iron and Steel,Metals & Mining,Steel,Steel,Steel Producers,Specialty Metals,--
002988 CH Equity,GUANGDONG HAOM-A,CN,Common Stock,2.21B,1.41B,1.42B,--,Industrial Metals and Mining,Aluminum,Metals & Mining,Aluminum,Metals & Mining,Base Metals,Aluminum,--
9958 TT Equity,CENTURY IRON,TW,Common Stock,2.21B,589.20M,2.04B,--,Industrial Metals and Mining,Iron and Steel,Metals & Mining,Steel,Industrial Intermediate Prod,Fabricated Metal & Hardware,Fabricated Metal,Sheet Metal
600117 CH Equity,XINING SPEC ST-A,CN,Common Stock,2.20B,1.20B,2.74B,--,Industrial Metals and Mining,Iron and Steel,Metals & Mining,Steel,Steel,Steel Producers,Specialty Metals,--
5451 JP Equity,YODOGAWA STEEL,JP,Common Stock,2.19B,2.10B,2.82B,--,Industrial Metals and Mining,Iron and Steel,Metals & Mining,Steel,Steel,Steel Producers,Flat Rolled,--
2006 TT Equity,TUNG HO STEEL,TW,Common Stock,2.18B,2.84B,2.71B,--,Industrial Metals and Mining,Iron and Steel,Metals & Mining,Steel,Steel,Steel Producers,"Long, Pipe & Tubular",Long Products
DRR AU Equity,DETERRA ROYALTIE,AU,Common Stock,2.17B,241.96M,502.37M,--,Industrial Metals and Mining,General Mining,Metals & Mining,Steel,Metals & Mining,Base Metals,--,--
600307 CH Equity,GANSU JIU STEE-A,CN,Common Stock,2.16B,7.34B,10.45B,--,Industrial Metals and Mining,Iron and Steel,Metals & Mining,Steel,Steel,Steel Producers,--,--
340 HK Equity,TONGGUAN GOLD GR,HK,Common Stock,2.14B,311.94M,956.16M,575,Industrial Metals and Mining,General Mining,Metals & Mining,Gold,Metals & Mining,Precious Metals,Gold,--
NWH AU Equity,NRW HOLDINGS LTD,AU,Common Stock,2.11B,3.27B,1.70B,9k,Industrial Metals and Mining,General Mining,Construction & Engineering,Construction & Engineering,Metals & Mining,Mining Services,--,--
GRAV IN Equity,GRAVITA INDIA,IN,Common Stock,2.10B,702.08M,471.13M,3k,Industrial Metals and Mining,Nonferrous Metals,Metals & Mining,Diversified Metals & Mining,Metals & Mining,Base Metals,--,--
603370 CH Equity,JIANGYIN HUAXI-A,CN,Common Stock,2.10B,299.36M,406.96M,975,Industrial Metals and Mining,Metal Fabricating,Automobile Components,Automotive Parts & Equipment,Industrial Intermediate Prod,Fabricated Metal & Hardware,Fabricated Metal,--
002110 CH Equity,SANSTEEL MINGU-A,CN,Common Stock,2.09B,9.71B,11.44B,--,Industrial Metals and Mining,Iron and Steel,Metals & Mining,Steel,Steel,Steel Producers,"Long, Pipe & Tubular",--
VZLA CN Equity,VIZSLA SILVER CO,CA,Common Stock,2.08B,0,469.84M,--,Industrial Metals and Mining,General Mining,Metals & Mining,Diversified Metals & Mining,Metals & Mining,Precious Metals,Silver,--
000923 CH Equity,HBIS RESOURCES-A,CN,Common Stock,2.08B,1.18B,3.63B,--,Industrial Metals and Mining,Iron and Steel,Metals & Mining,Steel,Metals & Mining,Mineral & Precious Stone Mining,--,--
603876 CH Equity,JIANGSU DINGSH-A,CN,Common Stock,2.07B,5.06B,5.30B,--,Industrial Metals and Mining,Aluminum,Metals & Mining,Aluminum,Metals & Mining,Base Metals,Aluminum,Aluminum Smelting & Refining
688750 CH Equity,HUNAN XIANGTOU-A,CN,Common Stock,2.06B,170.36M,746.38M,--,Industrial Metals and Mining,Nonferrous Metals,Metals & Mining,Diversified Metals & Mining,Industrial Intermediate Prod,Fabricated Metal & Hardware,--,--
688678 CH Equity,FREEWON CHINA -A,CN,Common Stock,2.05B,270.83M,791.66M,--,Industrial Metals and Mining,Metal Fabricating,Machinery,Industrial Machinery & Supplies & Components,Industrial Intermediate Prod,Fabricated Metal & Hardware,--,--
GRNG SS Equity,GRANGES AB,SE,Common Stock,2.05B,3.37B,3.12B,3k,Industrial Metals and Mining,Aluminum,Metals & Mining,Aluminum,Metals & Mining,Base Metals,Aluminum,--
605128 CH Equity,SHANGHAI YANPU-A,CN,Common Stock,2.04B,479.70M,669.16M,--,Industrial Metals and Mining,Iron and Steel,Automobile Components,Automotive Parts & Equipment,Automotive,Auto Parts,--,--
IE US Equity,IVANHOE ELECTRIC,US,Common Stock,2.02B,4.40M,606.20M,--,Industrial Metals and Mining,General Mining,Metals & Mining,Diversified Metals & Mining,Metals & Mining,Base Metals,--,--
000612 CH Equity,JIAOZUO WANFAN-A,CN,Common Stock,2.01B,1.36B,1.79B,--,Industrial Metals and Mining,Aluminum,Metals & Mining,Aluminum,Metals & Mining,Base Metals,Aluminum,Bauxite Mining
ALUA AR Equity,ALUAR ALUMINIO,AR,Common Stock,2.00B,2.34B,3.59B,--,Industrial Metals and Mining,Aluminum,Metals & Mining,Aluminum,Metals & Mining,Base Metals,Aluminum,Aluminum Smelting & Refining
600058 CH Equity,MINMETALS DEVE-A,CN,Common Stock,2.00B,14.17B,5.30B,--,Industrial Metals and Mining,Iron and Steel,Trading Companies & Distributors,Trading Companies & Distributors,Metals & Mining,Metals & Ore Whslrs & Traders,--,--
EGAL EY Equity,EGYPT ALUMINIUM,EG,Common Stock,2.00B,1.34B,899.91M,--,Industrial Metals and Mining,Aluminum,Metals & Mining,Aluminum,Metals & Mining,Base Metals,Aluminum,--
002290 CH Equity,SUZHOU HESHENG-A,CN,Common Stock,1.99B,532.31M,395.86M,--,Industrial Metals and Mining,Iron and Steel,Metals & Mining,Steel,Chemicals,Specialty Chemicals,Advanced Materials,Special Coated Metals
LIF CN Equity,LABRADOR IRON OR,CA,Common Stock,1.97B,229.70M,939.45M,--,Industrial Metals and Mining,Iron and Steel,Metals & Mining,Steel,Metals & Mining,Iron,Iron Ore Mining,--
2211 TT Equity,EVERGREEN STEEL,TW,Common Stock,1.97B,610.11M,2.01B,--,Industrial Metals and Mining,Iron and Steel,Metals & Mining,Steel,Steel,Steel Producers,--,--
ELHA GA Equity,ELVALHALCOR SA,GR,Common Stock,1.96B,5.64B,4.09B,4k,Industrial Metals and Mining,Metal Fabricating,Metals & Mining,Aluminum,Metals & Mining,Base Metals,--,--
AII CN Equity,ALMONTY INDUSTRI,CA,Common Stock,1.96B,31.92M,288.03M,--,Industrial Metals and Mining,Nonferrous Metals,Metals & Mining,Diversified Metals & Mining,Metals & Mining,Base Metals,--,--
SXGC CN Equity,SOUTHERN CROSS G,CA,Common Stock,1.93B,0,277.37M,23,Industrial Metals and Mining,General Mining,Metals & Mining,Gold,Metals & Mining,Precious Metals,Gold,--
990 HK Equity,DEEP SOURCE HOLD,HK,Common Stock,1.92B,7.95B,3.95B,390,Industrial Metals and Mining,Iron and Steel,Trading Companies & Distributors,Trading Companies & Distributors,Chemicals,Chemicals Distribution,--,--
603112 CH Equity,SHANXI HUAXIAN-A,CN,Common Stock,1.91B,806.60M,1.35B,--,Industrial Metals and Mining,Metal Fabricating,Machinery,Industrial Machinery & Supplies & Components,Machinery,Other Machinery & Equipment,Other Machinery Parts & Svcs,--
002501 CH Equity,JILIN LIYUAN P-A,CN,Common Stock,1.90B,70.29M,206.16M,--,Industrial Metals and Mining,Aluminum,Metals & Mining,Aluminum,Industrial Intermediate Prod,Fabricated Metal & Hardware,Fabricated Metal,Structural Metal & Plate Work
000928 CH Equity,SINOSTEEL ENGI-A,CN,Common Stock,1.90B,3.72B,6.09B,--,Industrial Metals and Mining,General Mining,Construction & Engineering,Construction & Engineering,Engineering & Construction,Engineering Services,Ind & Traffic Engineering Svcs,--
601686 CH Equity,TIANJIN YOU FA-A,CN,Common Stock,1.88B,11.55B,5.76B,--,Industrial Metals and Mining,Iron and Steel,Metals & Mining,Steel,Steel,Steel Producers,"Long, Pipe & Tubular",--
1785 TT Equity,SOLAR APPLIED,TW,Common Stock,1.88B,1.41B,1.54B,--,Industrial Metals and Mining,Nonferrous Metals,Chemicals,Specialty Chemicals,Chemicals,Specialty Chemicals,Consumer Retail Chemicals,--
002192 CH Equity,YOUNGY CO LTD-A,CN,Common Stock,1.88B,118.31M,958.48M,--,Industrial Metals and Mining,Nonferrous Metals,Metals & Mining,Diversified Metals & Mining,Metals & Mining,Mineral & Precious Stone Mining,Mineral Mining,Lithium
2015 TT Equity,FENG HSIN STEEL,TW,Common Stock,1.87B,1.62B,1.32B,974,Industrial Metals and Mining,Iron and Steel,Metals & Mining,Steel,Steel,Steel Producers,--,--
603969 CH Equity,SILVERY DRAGON-A,CN,Common Stock,1.86B,643.52M,866.64M,--,Industrial Metals and Mining,Iron and Steel,Metals & Mining,Steel,Steel,Steel Producers,"Long, Pipe & Tubular",Steel Wire Drawing
5482 JP Equity,AICHI STEEL CORP,JP,Common Stock,1.85B,3.01B,4.28B,--,Industrial Metals and Mining,Iron and Steel,Metals & Mining,Steel,Steel,Steel Producers,--,--
KALU US Equity,KAISER ALUMINUM,US,Common Stock,1.81B,4.59B,3.90B,--,Industrial Metals and Mining,Aluminum,Metals & Mining,Aluminum,Metals & Mining,Base Metals,Aluminum,Aluminum Smelting & Refining
300337 CH Equity,YINBANG CLAD M-A,CN,Common Stock,1.81B,1.13B,1.29B,--,Industrial Metals and Mining,Aluminum,Metals & Mining,Aluminum,Metals & Mining,Base Metals,Aluminum,--
MMTC IN Equity,MMTC LTD,IN,Common Stock,1.81B,488.16k,651.60M,287,Industrial Metals and Mining,General Mining,Trading Companies & Distributors,Trading Companies & Distributors,Wholesale - Discretionary,Apparel & Footwear Whslrs,Jewelry & Watch Wholesalers,--
300963 CH Equity,SHANGHAI ZHONG-A,CN,Common Stock,1.80B,226.68M,411.58M,--,Industrial Metals and Mining,Nonferrous Metals,Metals & Mining,Diversified Metals & Mining,Industrial Intermediate Prod,Fabricated Metal & Hardware,--,--
605123 CH Equity,WUXI PAIKE NEW-A,CN,Common Stock,1.80B,677.04M,1.60B,--,Industrial Metals and Mining,Metal Fabricating,Metals & Mining,Diversified Metals & Mining,Industrial Intermediate Prod,Fabricated Metal & Hardware,Fabricated Metal,Forging & Stamping
TKO CN Equity,TASEKO MINES,CA,Common Stock,1.79B,673.14M,2.47B,--,Industrial Metals and Mining,Copper,Metals & Mining,Copper,Metals & Mining,Base Metals,Copper,Copper Mining
603626 CH Equity,KUNSHAN KERSEN-A,CN,Common Stock,1.77B,712.77M,1.23B,--,Industrial Metals and Mining,Metal Fabricating,"Electronic Equipment, Instruments & Components",Electronic Components,Industrial Intermediate Prod,Fabricated Metal & Hardware,Fabricated Metal,Structural Metal & Plate Work
002149 CH Equity,WESTERN METAL -A,CN,Common Stock,1.77B,620.77M,1.52B,--,Industrial Metals and Mining,Nonferrous Metals,Metals & Mining,Diversified Metals & Mining,Metals & Mining,Base Metals,--,--
RMKF IN Equity,RAMKRISHNA FORGI,IN,Common Stock,1.75B,732.08M,1.23B,3k,Industrial Metals and Mining,Metal Fabricating,Metals & Mining,Steel,Industrial Intermediate Prod,Fabricated Metal & Hardware,Fabricated Metal,Forging & Stamping
1921 HK Equity,DALIPAL HOLDINGS,CN,Common Stock,1.75B,693.80M,998.79M,2k,Industrial Metals and Mining,Iron and Steel,Energy Equipment & Services,Oil & Gas Equipment & Services,Oil & Gas Supply Chain,Midstream - Oil & Gas,Oil & Liquid Rich Gas Pipelines,Oil Pipelines & Storage
8415 TT Equity,BRIGHTON-BEST,TW,Common Stock,1.74B,1.07B,2.16B,--,Industrial Metals and Mining,Metal Fabricating,Trading Companies & Distributors,Trading Companies & Distributors,Wholesale - Discretionary,Home & Office Product Whslrs,Hardware Wholesalers,--
IMD AU Equity,IMDEX LTD,AU,Common Stock,1.74B,431.40M,830.15M,--,Industrial Metals and Mining,General Mining,Metals & Mining,Diversified Metals & Mining,Metals & Mining,Mining Services,Metals Support Services,--
002540 CH Equity,JIANGSU ASIA-A,CN,Common Stock,1.73B,1.57B,1.79B,--,Industrial Metals and Mining,Aluminum,Metals & Mining,Aluminum,Industrial Intermediate Prod,Fabricated Metal & Hardware,Hardware,Fabricated Pipe & Pipe Fitting
603271 CH Equity,YONG JIE NEW M-A,CN,Common Stock,1.73B,1.71B,776.11M,1k,Industrial Metals and Mining,Aluminum,Metals & Mining,Aluminum,Metals & Mining,Base Metals,Aluminum,--
5423 JP Equity,TOKYO STEEL MFG,JP,Common Stock,1.72B,3.29B,3.13B,--,Industrial Metals and Mining,Iron and Steel,Metals & Mining,Steel,Steel,Steel Producers,--,--
CNL CN Equity,COLLECTIVE MININ,CA,Common Stock,1.72B,0,68.81M,--,Industrial Metals and Mining,General Mining,Metals & Mining,Diversified Metals & Mining,Metals & Mining,Precious Metals,Gold,--
LAC CN Equity,LITHIUM AMERICAS,CA,Common Stock,1.72B,0,1.69B,--,Industrial Metals and Mining,Nonferrous Metals,Metals & Mining,Diversified Metals & Mining,Metals & Mining,Mineral & Precious Stone Mining,Mineral Mining,Lithium
SID MC Equity,SONASID,MA,Common Stock,1.66B,838.13M,846.45M,--,Industrial Metals and Mining,Iron and Steel,Metals & Mining,Steel,Steel,Steel Producers,--,--
KSV VN Equity,VINACOMIN-MINERA,VN,Common Stock,1.66B,802.34M,609.91M,5k,Industrial Metals and Mining,General Mining,Metals & Mining,Diversified Metals & Mining,Metals & Mining,Base Metals,--,--
ALS CN Equity,ALTIUS MINERALS,CA,Common Stock,1.66B,64.39M,802.21M,--,Industrial Metals and Mining,General Mining,Metals & Mining,Diversified Metals & Mining,Metals & Mining,Base Metals,--,--
7485 JP Equity,OKAYA & CO LTD,JP,Common Stock,1.65B,11.25B,9.23B,--,Industrial Metals and Mining,Metal Fabricating,Metals & Mining,Steel,Steel,Steel Producers,--,--
LLOYDSET IN Equity,LLOYDS ENTERPRIS,IN,Common Stock,1.65B,270.09M,797.52M,14,Industrial Metals and Mining,Iron and Steel,Trading Companies & Distributors,Trading Companies & Distributors,Metals & Mining,Metals & Ore Whslrs & Traders,--,--
2362 HK Equity,JINCHUAN GROUP,HK,Common Stock,1.64B,917.49M,3.18B,2k,Industrial Metals and Mining,Copper,Metals & Mining,Copper,Metals & Mining,Base Metals,--,--
ATYM LN Equity,ATALAYA MINING C,ES,Common Stock,1.63B,536.03M,1.13B,--,Industrial Metals and Mining,Copper,Metals & Mining,Copper,Metals & Mining,Base Metals,Copper,--
ALK AU Equity,ALKANE RESOURCES,AU,Common Stock,1.63B,262.36M,519.38M,--,Industrial Metals and Mining,General Mining,Metals & Mining,Gold,Metals & Mining,Precious Metals,Gold,--
600255 CH Equity,ANHUI XINKE NE-A,CN,Common Stock,1.63B,834.15M,932.30M,--,Industrial Metals and Mining,Nonferrous Metals,Metals & Mining,Copper,Metals & Mining,Base Metals,Copper,--
APX PM Equity,APEX MINING,PH,Common Stock,1.63B,400.89M,891.58M,--,Industrial Metals and Mining,General Mining,Metals & Mining,Gold,Metals & Mining,Precious Metals,Gold,--
001380 CH Equity,HWAWAY TECHNOL-A,CN,Common Stock,1.62B,392.06M,600.66M,--,Industrial Metals and Mining,Metal Fabricating,Machinery,Industrial Machinery & Supplies & Components,Industrial Intermediate Prod,Fabricated Metal & Hardware,Fabricated Metal,Wire Products
301141 CH Equity,ZHEJIANG ZHONG-A,CN,Common Stock,1.58B,115.15M,349.29M,--,Industrial Metals and Mining,Metal Fabricating,Metals & Mining,Steel,Chemicals,Specialty Chemicals,Advanced Materials,--
3788 HK Equity,CHINA HANKING,CN,Common Stock,1.58B,523.50M,795.62M,2k,Industrial Metals and Mining,Iron and Steel,Metals & Mining,Steel,Metals & Mining,Iron,Iron Ore Mining,--
JBIL IN Equity,JAI BALAJI INDS,IN,Common Stock,1.56B,1.15B,728.82M,5k,Industrial Metals and Mining,Iron and Steel,Metals & Mining,Steel,Steel,Steel Producers,--,--
ZCCM ZL Equity,ZCCM INVESTMEN-B,ZM,Common Stock,1.56B,186.40M,3.32B,--,Industrial Metals and Mining,General Mining,Metals & Mining,Copper,Construction Materials,Building Materials,Stone Building Products,Limestone
AMAG AV Equity,AMAG AUSTRIA MET,AT,Common Stock,1.54B,2.38B,2.93B,2k,Industrial Metals and Mining,Aluminum,Metals & Mining,Aluminum,Metals & Mining,Base Metals,Aluminum,--
688186 CH Equity,ZHANGJIAGANG G-A,CN,Common Stock,1.54B,843.61M,2.54B,--,Industrial Metals and Mining,Iron and Steel,Metals & Mining,Steel,Steel,Steel Producers,"Long, Pipe & Tubular",Steel Wire Drawing
RUP CN Equity,RUPERT RESOURCES,CA,Common Stock,1.54B,0,202.11M,--,Industrial Metals and Mining,General Mining,Metals & Mining,Gold,Metals & Mining,Precious Metals,Gold,--
301160 CH Equity,SUZHOU XIANGLO-A,CN,Common Stock,1.53B,313.02M,437.78M,--,Industrial Metals and Mining,Iron and Steel,Metals & Mining,Steel,Steel,Steel Producers,--,--
300697 CH Equity,JIANGYIN ELECT-A,CN,Common Stock,1.53B,546.39M,407.27M,--,Industrial Metals and Mining,Copper,Electrical Equipment,Electrical Components & Equipment,Industrial Intermediate Prod,Fabricated Metal & Hardware,Fabricated Metal,Wire Products
MTAL US Equity,MAC COPPER LTD,AU,Common Stock,1.53B,516.78M,2.28B,490,Industrial Metals and Mining,General Mining,Metals & Mining,Copper,Metals & Mining,Base Metals,Copper,--
003043 CH Equity,SUZHOU HUAYA I-A,CN,Common Stock,1.52B,132.19M,643.33M,--,Industrial Metals and Mining,Metal Fabricating,Machinery,Industrial Machinery & Supplies & Components,Industrial Intermediate Prod,Fabricated Metal & Hardware,--,--
KKF IN Equity,KIRLOSKAR FERR,IN,Common Stock,1.52B,1.19B,1.19B,3k,Industrial Metals and Mining,Iron and Steel,Metals & Mining,Steel,Metals & Mining,Iron,Iron Foundries,--
2023 TT Equity,YIEH PHUI,TW,Common Stock,1.51B,3.49B,5.00B,--,Industrial Metals and Mining,Iron and Steel,Metals & Mining,Steel,Steel,Steel Producers,Flat Rolled,--
CITA IJ Equity,CITA MINERAL IN,ID,Common Stock,1.47B,228.30M,789.70M,238,Industrial Metals and Mining,General Mining,Metals & Mining,Aluminum,Metals & Mining,Base Metals,--,--
EASTPIPE AB Equity,EAST PIPES INTEG,SA,Common Stock,1.46B,749.43M,697.05M,--,Industrial Metals and Mining,Iron and Steel,Metals & Mining,Steel,Steel,Steel Producers,"Long, Pipe & Tubular",--
UWC MK Equity,UWC BHD,MY,Common Stock,1.44B,137.01M,223.25M,--,Industrial Metals and Mining,Metal Fabricating,Machinery,Industrial Machinery & Supplies & Components,Industrial Intermediate Prod,Fabricated Metal & Hardware,Fabricated Metal,Sheet Metal
1515 JP Equity,NITTETSU MINING,JP,Common Stock,1.43B,1.98B,2.57B,--,Industrial Metals and Mining,Iron and Steel,Metals & Mining,Diversified Metals & Mining,Construction Materials,Building Materials,Stone Building Products,Limestone
UAMY US Equity,US ANTIMONY CORP,US,Common Stock,1.42B,22.66M,56.01M,--,Industrial Metals and Mining,General Mining,Metals & Mining,Diversified Metals & Mining,Metals & Mining,Base Metals,--,--
000717 CH Equity,GUANGDONG ZHON-A,CN,Common Stock,1.39B,6.57B,4.50B,--,Industrial Metals and Mining,Metal Fabricating,Metals & Mining,Steel,Steel,Steel Producers,"Long, Pipe & Tubular",--
WA1 AU Equity,WA1 RESOURCES LT,AU,Common Stock,1.39B,--,130.26M,--,Industrial Metals and Mining,General Mining,Metals & Mining,Diversified Metals & Mining,Metals & Mining,Precious Metals,--,--
600581 CH Equity,XINJIANG BA YI-A,CN,Common Stock,1.39B,3.93B,6.61B,--,Industrial Metals and Mining,Iron and Steel,Metals & Mining,Steel,Steel,Steel Producers,Flat Rolled,--
SLS CN Equity,SOLARIS RESOURCE,CA,Common Stock,1.39B,0,92.48M,--,Industrial Metals and Mining,General Mining,Metals & Mining,Diversified Metals & Mining,Metals & Mining,Base Metals,Copper,--
MHS IN Equity,MAHARASHTRA SEAM,IN,Common Stock,1.38B,956.12M,1.32B,2k,Industrial Metals and Mining,Iron and Steel,Metals & Mining,Steel,Industrial Intermediate Prod,Fabricated Metal & Hardware,Hardware,Fabricated Pipe & Pipe Fitting
TROAX SS Equity,TROAX GROUP AB,SE,Common Stock,1.38B,456.88M,551.59M,1k,Industrial Metals and Mining,Iron and Steel,Machinery,Industrial Machinery & Supplies & Components,Industrial Intermediate Prod,Fabricated Metal & Hardware,Fabricated Metal,Wire Products
5703 JP Equity,NIPPON LIGHT MET,JP,Common Stock,1.35B,5.54B,5.82B,--,Industrial Metals and Mining,Aluminum,Metals & Mining,Aluminum,Metals & Mining,Base Metals,Aluminum,--
002552 CH Equity,BAODING TECHNO-A,CN,Common Stock,1.34B,609.89M,1.07B,--,Industrial Metals and Mining,Metal Fabricating,Metals & Mining,Steel,Industrial Intermediate Prod,Fabricated Metal & Hardware,Fabricated Metal,Forging & Stamping
300489 CH Equity,OPTICS TECHNOL-A,CN,Common Stock,1.34B,306.54M,901.34M,--,Industrial Metals and Mining,Aluminum,Metals & Mining,Aluminum,Metals & Mining,Base Metals,Aluminum,Aluminum Smelting & Refining
603995 CH Equity,YONGJIN TECHNOLO,CN,Common Stock,1.33B,8.82B,3.19B,--,Industrial Metals and Mining,Iron and Steel,Metals & Mining,Steel,Steel,Steel Producers,--,--
SANDUMA IN Equity,SANDUR MANGANESE,IN,Common Stock,1.33B,563.12M,1.06B,3k,Industrial Metals and Mining,Iron and Steel,Metals & Mining,Steel,Metals & Mining,Iron,Iron Ore Mining,--
826 HK Equity,TIANGONG INTL CO,CN,Common Stock,1.32B,1.02B,2.94B,4k,Industrial Metals and Mining,Iron and Steel,Metals & Mining,Steel,Industrial Intermediate Prod,Fabricated Metal & Hardware,Fabricated Metal,Forging & Stamping
601388 CH Equity,YECHIU METAL R-A,CN,Common Stock,1.31B,1.48B,1.36B,--,Industrial Metals and Mining,Aluminum,Metals & Mining,Aluminum,Commercial Support Services,Waste Management,Recyclable Materials,--
AFM CN Equity,ALPHAMIN RESOURC,MU,Common Stock,1.31B,800.81M,934.16M,--,Industrial Metals and Mining,Nonferrous Metals,Metals & Mining,Diversified Metals & Mining,Metals & Mining,Base Metals,Tin,--
MIDHANI IN Equity,MISHRA DHATU NIG,IN,Common Stock,1.30B,191.05M,545.98M,786,Industrial Metals and Mining,Nonferrous Metals,Metals & Mining,Steel,Industrial Intermediate Prod,Fabricated Metal & Hardware,--,--
USA CN Equity,AMERICAS GOLD AN,CA,Common Stock,1.30B,151.95M,311.46M,--,Industrial Metals and Mining,General Mining,Metals & Mining,Diversified Metals & Mining,Metals & Mining,Precious Metals,Silver,--
DVP AU Equity,DEVELOP GLOBAL L,AU,Common Stock,1.30B,147.23M,471.23M,--,Industrial Metals and Mining,General Mining,Metals & Mining,Diversified Metals & Mining,Metals & Mining,Precious Metals,Gold,--
KRDMD TI Equity,KARDEMIR,TR,Common Stock,1.29B,2.61B,3.75B,4k,Industrial Metals and Mining,Metal Fabricating,Metals & Mining,Steel,Steel,Steel Producers,--,--
600569 CH Equity,ANYANG IRON -A,CN,Common Stock,1.29B,6.25B,9.34B,--,Industrial Metals and Mining,Iron and Steel,Metals & Mining,Steel,Steel,Steel Producers,Flat Rolled,--
CAP CI Equity,CAP,CL,Common Stock,1.29B,2.73B,10.28B,--,Industrial Metals and Mining,Iron and Steel,Metals & Mining,Steel,Metals & Mining,Iron,Iron Ore Mining,--
NIKL PM Equity,NICKEL ASIA CORP,PH,Common Stock,1.28B,591.06M,1.71B,--,Industrial Metals and Mining,Nonferrous Metals,Metals & Mining,Diversified Metals & Mining,Metals & Mining,Base Metals,"Nickel, Lead & Zinc",Nickel
MOIL IN Equity,MOIL LTD,IN,Common Stock,1.27B,287.62M,601.56M,5k,Industrial Metals and Mining,Nonferrous Metals,Metals & Mining,Steel,Metals & Mining,Base Metals,Manganese,--
KOZAA TI Equity,KOZA ANADOLU MET,TR,Common Stock,1.25B,426.94M,1.89B,2k,Industrial Metals and Mining,General Mining,Metals & Mining,Diversified Metals & Mining,Metals & Mining,Base Metals,--,--
002824 CH Equity,GUANGDONG HOSH-A,CN,Common Stock,1.24B,702.40M,885.95M,--,Industrial Metals and Mining,Aluminum,Metals & Mining,Aluminum,Metals & Mining,Base Metals,Aluminum,--
600231 CH Equity,LINGYUAN IRON-A,CN,Common Stock,1.23B,3.81B,3.38B,--,Industrial Metals and Mining,Iron and Steel,Metals & Mining,Steel,Steel,Steel Producers,"Long, Pipe & Tubular",Long Products
PUCOBRE CI Equity,PUCOBRE-A,CL,Common Stock,1.23B,570.19M,1.37B,1k,Industrial Metals and Mining,Copper,Metals & Mining,Copper,Metals & Mining,Base Metals,Copper,Copper Mining
5449 JP Equity,OSAKA STEEL CO,JP,Common Stock,1.22B,1.17B,2.18B,--,Industrial Metals and Mining,Iron and Steel,Metals & Mining,Steel,Steel,Steel Producers,--,--
5727 JP Equity,TOHO TITANIUM,JP,Common Stock,1.22B,895.97M,1.33B,--,Industrial Metals and Mining,Nonferrous Metals,Metals & Mining,Diversified Metals & Mining,Metals & Mining,Base Metals,--,--
NGE IN Equity,JAYASWAL NECO IN,IN,Common Stock,1.18B,1.09B,1.08B,4k,Industrial Metals and Mining,Iron and Steel,Metals & Mining,Steel,Industrial Intermediate Prod,Fabricated Metal & Hardware,Fabricated Metal,Forging & Stamping
000751 CH Equity,HULUDAO ZINC-A,CN,Common Stock,1.18B,3.29B,1.99B,--,Industrial Metals and Mining,Nonferrous Metals,Metals & Mining,Diversified Metals & Mining,Metals & Mining,Base Metals,--,--
GSM US Equity,FERROGLOBE PLC,GB,Common Stock,1.18B,2.49B,2.38B,3k,Industrial Metals and Mining,Nonferrous Metals,Metals & Mining,Diversified Metals & Mining,Metals & Mining,Base Metals,--,--
CMP US Equity,COMPASS MINERALS,US,Common Stock,1.17B,1.70B,2.36B,--,Industrial Metals and Mining,General Mining,Metals & Mining,Diversified Metals & Mining,Metals & Mining,Mineral & Precious Stone Mining,Mineral Mining,--
301137 CH Equity,HIT WELDING IN-A,CN,Common Stock,1.17B,331.46M,532.57M,--,Industrial Metals and Mining,Iron and Steel,Machinery,Industrial Machinery & Supplies & Components,Industrial Intermediate Prod,Fabricated Metal & Hardware,Fabricated Metal,Wire Products
BCI AU Equity,BCI MINERALS LTD,AU,Common Stock,1.17B,5.80M,1.20B,--,Industrial Metals and Mining,Iron and Steel,Metals & Mining,Diversified Metals & Mining,Metals & Mining,Iron,Iron Ore Mining,--
PX PM Equity,PHILEX MINING CO,PH,Common Stock,1.16B,216.64M,1.48B,--,Industrial Metals and Mining,General Mining,Metals & Mining,Diversified Metals & Mining,Metals & Mining,Precious Metals,Gold,--
688456 CH Equity,GRIPM ADVANCED-A,CN,Common Stock,1.16B,680.45M,381.48M,--,Industrial Metals and Mining,Copper,Metals & Mining,Diversified Metals & Mining,Industrial Intermediate Prod,Fabricated Metal & Hardware,Fabricated Metal,Forging & Stamping
300057 CH Equity,WANSHUN NEW MA-A,CN,Common Stock,1.15B,1.39B,2.28B,--,Industrial Metals and Mining,Aluminum,Containers & Packaging,Paper & Plastic Packaging Products & Materials,Containers & Packaging,Containers & Packaging,Metal Containers & Packaging,Aluminum Foil for Packaging
2014 TT Equity,CHUNG HUNG STEEL,TW,Common Stock,1.14B,1.44B,1.50B,--,Industrial Metals and Mining,Iron and Steel,Metals & Mining,Steel,Steel,Steel Producers,"Long, Pipe & Tubular",Long Products
7456 JP Equity,MATSUDA SANGYO,JP,Common Stock,1.14B,4.72B,1.81B,--,Industrial Metals and Mining,Nonferrous Metals,Commercial Services & Supplies,Environmental & Facilities Services,Steel,Metal Svc Centers & Processors,--,--
MOLYMET CI Equity,MOLYMET,CL,Common Stock,1.13B,3.13B,2.74B,1k,Industrial Metals and Mining,Nonferrous Metals,Metals & Mining,Diversified Metals & Mining,Metals & Mining,Base Metals,--,--
SSH GR Equity,SUEDWEST SALZWK,DE,Common Stock,1.13B,553.27M,868.40M,1k,Industrial Metals and Mining,General Mining,Food Products,Packaged Foods & Meats,Metals & Mining,Mineral & Precious Stone Mining,--,--
5602 JP Equity,KURIMOTO,JP,Common Stock,1.13B,1.28B,1.62B,--,Industrial Metals and Mining,Metal Fabricating,Metals & Mining,Steel,Metals & Mining,Iron,Iron Foundries,--
601121 CH Equity,XINJIANG BAODI-A,CN,Common Stock,1.12B,252.03M,1.45B,--,Industrial Metals and Mining,Iron and Steel,Metals & Mining,Steel,Metals & Mining,Mining Services,--,--
601700 CH Equity,CHANGSHU FENGF-A,CN,Common Stock,1.12B,679.99M,1.77B,--,Industrial Metals and Mining,Iron and Steel,Electrical Equipment,Heavy Electrical Equipment,Engineering & Construction,Infrastructure Construction,Communication Infra Const,Comm & Transmission Const
VUL AU Equity,VULCAN ENERGY RE,AU,Common Stock,1.11B,13.32M,637.55M,--,Industrial Metals and Mining,Nonferrous Metals,Metals & Mining,Diversified Metals & Mining,Metals & Mining,Base Metals,--,--
RYI US Equity,RYERSON HOLDING,US,Common Stock,1.10B,6.97B,3.94B,4k,Industrial Metals and Mining,Iron and Steel,Metals & Mining,Steel,Steel,Metal Svc Centers & Processors,--,--
GGD CN Equity,GOGOLD RESOURCES,CA,Common Stock,1.10B,55.38M,450.26M,--,Industrial Metals and Mining,General Mining,Metals & Mining,Silver,Metals & Mining,Precious Metals,Gold,--
VSL AU Equity,VULCAN STEEL LTD,NZ,Common Stock,1.09B,865.01M,795.56M,--,Industrial Metals and Mining,Iron and Steel,Metals & Mining,Steel,Steel,Steel Producers,--,--
5009 TT Equity,GLORIA MATERIAL,TW,Common Stock,1.08B,607.62M,1.77B,--,Industrial Metals and Mining,Iron and Steel,Metals & Mining,Steel,Metals & Mining,Iron,Iron Foundries,--
SGML CN Equity,SIGMA LITHIUM CO,BR,Common Stock,1.08B,231.08M,528.71M,--,Industrial Metals and Mining,General Mining,Metals & Mining,Diversified Metals & Mining,Metals & Mining,Mineral & Precious Stone Mining,Mineral Mining,Lithium
MARI CN Equity,MARIMACA COPPER,CL,Common Stock,1.08B,0,181.70M,--,Industrial Metals and Mining,Copper,Metals & Mining,Copper,Metals & Mining,Base Metals,Copper,--
002132 CH Equity,HENAN HENGXING-A,CN,Common Stock,1.08B,1.07B,1.80B,--,Industrial Metals and Mining,Iron and Steel,Metals & Mining,Steel,Steel,Steel Producers,"Long, Pipe & Tubular",Steel Wire Drawing
IMFA IN Equity,INDIAN METALS,IN,Common Stock,1.08B,459.97M,595.21M,2k,Industrial Metals and Mining,Iron and Steel,Metals & Mining,Steel,Metals & Mining,Iron,Iron Foundries,--
5440 JP Equity,KYOEI STEEL LTD,JP,Common Stock,1.08B,3.25B,3.77B,--,Industrial Metals and Mining,Iron and Steel,Metals & Mining,Steel,Steel,Steel Producers,--,--
ASMN IN Equity,ASHAPURA MINECHE,IN,Common Stock,1.08B,497.04M,736.29M,357,Industrial Metals and Mining,General Mining,Metals & Mining,Diversified Metals & Mining,Metals & Mining,Base Metals,--,--
000655 CH Equity,SHANDONG JINLI-A,CN,Common Stock,1.07B,325.69M,863.37M,--,Industrial Metals and Mining,Iron and Steel,Metals & Mining,Steel,Industrial Intermediate Prod,Fabricated Metal & Hardware,Fabricated Metal,Forging & Stamping
SYR IN Equity,SURYA ROSHNI LTD,IN,Common Stock,1.06B,1.34B,605.76M,3k,Industrial Metals and Mining,Iron and Steel,Metals & Mining,Steel,Steel,Steel Producers,"Long, Pipe & Tubular",Pipe & Tubular
603978 CH Equity,SHENZHEN SUNXI-A,CN,Common Stock,1.05B,540.21M,863.56M,--,Industrial Metals and Mining,Aluminum,Metals & Mining,Aluminum,Metals & Mining,Base Metals,--,--
002478 CH Equity,JIANGSU CHANGB-A,CN,Common Stock,1.05B,1.20B,1.84B,--,Industrial Metals and Mining,Iron and Steel,Metals & Mining,Steel,Steel,Steel Producers,"Long, Pipe & Tubular",Pipe & Tubular
MTUS US Equity,METALLUS INC,US,Common Stock,1.04B,1.64B,1.81B,--,Industrial Metals and Mining,Iron and Steel,Metals & Mining,Steel,Steel,Steel Producers,--,--
ELSC IN Equity,ELECTROSTEEL CAS,IN,Common Stock,1.04B,1.32B,1.82B,3k,Industrial Metals and Mining,Iron and Steel,Building Products,Building Products,Metals & Mining,Iron,Iron Foundries,--
ASM CN Equity,AVINO SILVER,CA,Common Stock,1.03B,100.37M,240.44M,--,Industrial Metals and Mining,General Mining,Metals & Mining,Precious Metals & Minerals,Metals & Mining,Precious Metals,--,--
688231 CH Equity,JIANGSU LONGDA-A,CN,Common Stock,1.02B,293.23M,790.39M,--,Industrial Metals and Mining,Nonferrous Metals,Metals & Mining,Diversified Metals & Mining,Industrial Intermediate Prod,Fabricated Metal & Hardware,--,--
NICL IJ Equity,PAM MINERAL TBK,ID,Common Stock,1.02B,137.96M,104.39M,371,Industrial Metals and Mining,Nonferrous Metals,Metals & Mining,Diversified Metals & Mining,Metals & Mining,Mineral & Precious Stone Mining,Mineral Mining,--
KCAER TI Equity,KOCAER CELIK SAN,TR,Common Stock,1.02B,889.04M,904.88M,1k,Industrial Metals and Mining,Iron and Steel,Metals & Mining,Steel,Steel,Steel Producers,--,--
603399 CH Equity,JINZHOU YONGSH-A,CN,Common Stock,1.02B,1.24B,767.99M,--,Industrial Metals and Mining,Nonferrous Metals,Metals & Mining,Diversified Metals & Mining,Chemicals,Basic & Diversified Chemicals,Inorganic Base Chemicals,--
SSP AB Equity,SAUDI STEEL PIPE,SA,Common Stock,1.02B,658.85M,867.76M,--,Industrial Metals and Mining,Iron and Steel,Metals & Mining,Steel,Steel,Steel Producers,"Long, Pipe & Tubular",Pipe & Tubular
A4N AU Equity,ALPHA HPA LTD,AU,Common Stock,1.01B,317.52k,283.37M,--,Industrial Metals and Mining,General Mining,Chemicals,Commodity Chemicals,Chemicals,Specialty Chemicals,--,--
001430 KS Equity,SEAH BESTEEL HOL,KR,Common Stock,1.00B,4.04B,4.18B,--,Industrial Metals and Mining,Iron and Steel,Metals & Mining,Steel,Steel,Steel Producers,--,--
NEXA US Equity,NEXA RESOURCES,BR,Common Stock,1.00B,4.20B,7.50B,--,Industrial Metals and Mining,General Mining,Metals & Mining,Diversified Metals & Mining,Metals & Mining,Base Metals,--,--
002996 CH Equity,CHONGQING SHUN-A,CN,Common Stock,997.17M,2.95B,2.88B,--,Industrial Metals and Mining,Aluminum,Metals & Mining,Aluminum,Metals & Mining,Base Metals,Aluminum,Aluminum Smelting & Refining
MDI CN Equity,MAJOR DRILLING,CA,Common Stock,995.58M,803.13M,813.84M,--,Industrial Metals and Mining,General Mining,Metals & Mining,Diversified Metals & Mining,Metals & Mining,Mining Services,Metals Support Services,--
300421 CH Equity,JIANGSU LIXING-A,CN,Common Stock,983.73M,220.13M,423.77M,--,Industrial Metals and Mining,Metal Fabricating,Automobile Components,Automotive Parts & Equipment,Automotive,Auto Parts,--,--
KCO GR Equity,KLOECKNER & CO S,DE,Common Stock,975.64M,10.88B,5.92B,7k,Industrial Metals and Mining,Metal Fabricating,Trading Companies & Distributors,Trading Companies & Distributors,Steel,Steel Producers,--,--
001400 CH Equity,GIANSUN PRECIS-A,CN,Common Stock,973.01M,239.50M,330.28M,1k,Industrial Metals and Mining,Aluminum,Metals & Mining,Aluminum,Industrial Intermediate Prod,Fabricated Metal & Hardware,--,--
CRML US Equity,CRITICAL METALS,AT,Common Stock,967.41M,0,235.58M,--,Industrial Metals and Mining,General Mining,Metals & Mining,Diversified Metals & Mining,Metals & Mining,Mineral & Precious Stone Mining,Mineral Mining,Lithium
BNBR IJ Equity,BAKRIE & BROTHER,ID,Common Stock,962.64M,370.13M,678.92M,3k,Industrial Metals and Mining,Iron and Steel,Industrial Conglomerates,Industrial Conglomerates,Steel,Steel Producers,--,--
SOLG LN Equity,SOLGOLD PLC,AU,Common Stock,961.28M,0,695.00M,--,Industrial Metals and Mining,General Mining,Metals & Mining,Copper,Metals & Mining,Precious Metals,Gold,--
603878 CH Equity,JIANGSU WUJIN -A,CN,Common Stock,958.90M,558.80M,896.24M,--,Industrial Metals and Mining,Iron and Steel,Metals & Mining,Steel,Steel,Steel Producers,--,--
BANSALWI IN Equity,BANSAL WIRE INDU,IN,Common Stock,957.39M,636.46M,406.19M,4k,Industrial Metals and Mining,Iron and Steel,Metals & Mining,Steel,Steel,Steel Producers,--,--
581 HK Equity,CHINA ORIENTAL,HK,Common Stock,949.95M,9.05B,11.09B,12k,Industrial Metals and Mining,Iron and Steel,Metals & Mining,Steel,Steel,Steel Producers,--,--
III CN Equity,IMPERIAL METALS,CA,Common Stock,946.27M,547.25M,1.86B,--,Industrial Metals and Mining,Nonferrous Metals,Metals & Mining,Copper,Metals & Mining,Base Metals,--,--
603115 CH Equity,NANTONG HAIXIN-A,CN,Common Stock,937.64M,406.29M,580.40M,--,Industrial Metals and Mining,Aluminum,Electrical Equipment,Electrical Components & Equipment,Technology Hardware,Electronics Components,--,--
FFM AU Equity,FIREFLY METALS L,AU,Common Stock,928.41M,0,368.12M,--,Industrial Metals and Mining,General Mining,Metals & Mining,Gold,Metals & Mining,Base Metals,--,--
URE CN Equity,UR-ENERGY INC,US,Common Stock,927.06M,51.12M,313.87M,--,Industrial Metals and Mining,Nonferrous Metals,"Oil, Gas & Consumable Fuels",Coal & Consumable Fuels,Metals & Mining,Base Metals,Uranium,--
605158 CH Equity,ZHEJIANG HUADA-A,CN,Common Stock,926.36M,1.46B,1.72B,--,Industrial Metals and Mining,Iron and Steel,Metals & Mining,Steel,Steel,Steel Producers,--,--
014620 KS Equity,SUNG KWANG BEND,KR,Common Stock,921.98M,253.14M,615.76M,--,Industrial Metals and Mining,Metal Fabricating,Building Products,Building Products,Industrial Intermediate Prod,Fabricated Metal & Hardware,Hardware,Fabricated Pipe & Pipe Fitting
MAH AU Equity,MACMAHON HLDGS,AU,Common Stock,915.87M,2.43B,1.76B,10k,Industrial Metals and Mining,General Mining,Metals & Mining,Diversified Metals & Mining,Metals & Mining,Mining Services,--,--
002160 CH Equity,JIANGSU ALCHA -A,CN,Common Stock,913.36M,1.65B,1.89B,--,Industrial Metals and Mining,Aluminum,Metals & Mining,Aluminum,Metals & Mining,Base Metals,Aluminum,--
STRTR SP Equity,STRAITS TRADING,SG,Common Stock,909.46M,640.71M,4.21B,--,Industrial Metals and Mining,Nonferrous Metals,Metals & Mining,Diversified Metals & Mining,Real Estate Owners & Developers,Multi Asset Class Own & Develop,--,--
URC CN Equity,URANIUM ROYALTY,CA,Common Stock,903.13M,17.21M,335.24M,--,Industrial Metals and Mining,Nonferrous Metals,"Oil, Gas & Consumable Fuels",Coal & Consumable Fuels,Metals & Mining,Base Metals,Uranium,--
NEO CN Equity,NEO PERFORMANCE,CA,Common Stock,902.06M,721.67M,1.06B,2k,Industrial Metals and Mining,Nonferrous Metals,Chemicals,Specialty Chemicals,Chemicals,Specialty Chemicals,Advanced Materials,--
001379 CH Equity,SHANDONG TENGD-A,CN,Common Stock,900.56M,380.62M,477.92M,--,Industrial Metals and Mining,Iron and Steel,Machinery,Industrial Machinery & Supplies & Components,Steel,Steel Producers,--,--
603315 CH Equity,LIAONING FU-AN-A,CN,Common Stock,899.97M,260.74M,632.81M,--,Industrial Metals and Mining,Iron and Steel,Metals & Mining,Steel,Engineering & Construction,Engineering Services,--,--
688379 CH Equity,HANGZHOU HUAGU-A,CN,Common Stock,899.20M,404.16M,525.63M,--,Industrial Metals and Mining,Metal Fabricating,Metals & Mining,Diversified Metals & Mining,Machinery,Metalworking Machinery,Welding & Solder Equipment,--
BRE AU Equity,BRAZILIAN RARE E,AU,Common Stock,889.09M,0,86.09M,--,Industrial Metals and Mining,General Mining,Metals & Mining,Diversified Metals & Mining,Metals & Mining,Mineral & Precious Stone Mining,Mineral Mining,--
5726 JP Equity,OSAKA TITANIUM,JP,Common Stock,887.54M,522.77M,1.08B,--,Industrial Metals and Mining,Nonferrous Metals,Metals & Mining,Diversified Metals & Mining,Steel,Steel Producers,Specialty Metals,--
SLI CN Equity,STANDARD LITHIUM,CA,Common Stock,885.79M,0,430.59M,--,Industrial Metals and Mining,General Mining,Metals & Mining,Diversified Metals & Mining,Metals & Mining,Mineral & Precious Stone Mining,Mineral Mining,Lithium
C79 AU Equity,CHRYSOS CORP LTD,AU,Common Stock,883.83M,66.11M,264.31M,--,Industrial Metals and Mining,General Mining,Professional Services,Research & Consulting Services,Software,Application Software,--,--
EU CN Equity,ENCORE ENERGY CO,CA,Common Stock,879.13M,64.57M,441.25M,--,Industrial Metals and Mining,General Mining,"Oil, Gas & Consumable Fuels",Coal & Consumable Fuels,Metals & Mining,Base Metals,Uranium,--
6584 TT Equity,NAN JUEN INTL,TW,Common Stock,876.33M,90.90M,194.30M,--,Industrial Metals and Mining,Iron and Steel,Building Products,Building Products,Industrial Intermediate Prod,Fabricated Metal & Hardware,Hardware,Ball & Roller Bearing
NEXAPEC1 PE Equity,NEXA RESOURCES-P,PE,Common Stock,865.39M,1.34B,2.28B,--,Industrial Metals and Mining,Nonferrous Metals,Metals & Mining,Diversified Metals & Mining,Metals & Mining,Base Metals,--,--
600382 CH Equity,GUANGDONG MING-A,CN,Common Stock,859.75M,90.59M,727.13M,--,Industrial Metals and Mining,Iron and Steel,Trading Companies & Distributors,Trading Companies & Distributors,Wholesale - Discretionary,Other Wholesalers,--,--
003038 CH Equity,ANHUI XINBO AL-A,CN,Common Stock,856.87M,1.81B,2.24B,--,Industrial Metals and Mining,Aluminum,Metals & Mining,Aluminum,Metals & Mining,Base Metals,Aluminum,--
BOE AU Equity,BOSS ENERGY LTD,AU,Common Stock,854.74M,75.60M,528.22M,--,Industrial Metals and Mining,Nonferrous Metals,"Oil, Gas & Consumable Fuels",Coal & Consumable Fuels,Metals & Mining,Base Metals,Uranium,--
PMBT MK Equity,PMB TECHNOLOGY,MY,Common Stock,842.88M,299.47M,878.07M,--,Industrial Metals and Mining,Nonferrous Metals,Metals & Mining,Aluminum,Industrial Intermediate Prod,Fabricated Metal & Hardware,--,--
688077 CH Equity,EARTH-PANDA AD-A,CN,Common Stock,832.13M,277.90M,561.64M,--,Industrial Metals and Mining,Nonferrous Metals,Machinery,Industrial Machinery & Supplies & Components,Electrical Equipment,Electrical Components,--,--
IRON EY Equity,EGYPTIAN IRON&ST,EG,Common Stock,828.98M,84.66M,104.53M,--,Industrial Metals and Mining,Iron and Steel,Metals & Mining,Steel,Steel,Steel Producers,--,--
SUNF IN Equity,SUNFLAG IRON,IN,Common Stock,828.35M,641.62M,2.10B,1k,Industrial Metals and Mining,Iron and Steel,Metals & Mining,Steel,Steel,Steel Producers,--,--
TUB SM Equity,TUBACEX,ES,Common Stock,828.19M,1.26B,2.23B,3k,Industrial Metals and Mining,Iron and Steel,Metals & Mining,Steel,Steel,Steel Producers,"Long, Pipe & Tubular",Pipe & Tubular
MTA CN Equity,METALLA ROYALTY,CA,Common Stock,823.06M,8.92M,434.40M,--,Industrial Metals and Mining,General Mining,Metals & Mining,Precious Metals & Minerals,Metals & Mining,Precious Metals,--,--
688786 CH Equity,JIANGXI YUEAN -A,CN,Common Stock,819.11M,88.04M,201.06M,--,Industrial Metals and Mining,Iron and Steel,Metals & Mining,Diversified Metals & Mining,Industrial Intermediate Prod,Fabricated Metal & Hardware,--,--
ISO CN Equity,ISOENERGY LTD,CA,Common Stock,817.83M,0,382.95M,--,Industrial Metals and Mining,Nonferrous Metals,"Oil, Gas & Consumable Fuels",Coal & Consumable Fuels,Metals & Mining,Mineral & Precious Stone Mining,--,--
NB US Equity,NIOCORP DEVELOPM,US,Common Stock,817.13M,0,66.67M,--,Industrial Metals and Mining,General Mining,Metals & Mining,Diversified Metals & Mining,Metals & Mining,Mineral & Precious Stone Mining,Mineral Mining,Rare Earth
DLCG CN Equity,DOMINION LENDING,CA,Common Stock,811.86M,84.96M,245.94M,--,Finance and Credit Services,Mortgage Finance,Financial Services,Commercial & Residential Mortgage Finance,Specialty Finance,Mortgage Finance,--,--
TINS IJ Equity,TIMAH TBK PT,ID,Common Stock,809.91M,1.04B,1.27B,4k,Industrial Metals and Mining,General Mining,Metals & Mining,Diversified Metals & Mining,Metals & Mining,Base Metals,--,--
LAR CN Equity,LITHIUM ARGENTIN,CA,Common Stock,809.15M,0,1.83B,--,Industrial Metals and Mining,Nonferrous Metals,Metals & Mining,Diversified Metals & Mining,Metals & Mining,Mineral & Precious Stone Mining,Mineral Mining,Lithium
3833 HK Equity,XINXIN MINING-H,CN,Common Stock,805.05M,480.77M,2.14B,2k,Industrial Metals and Mining,Nonferrous Metals,Metals & Mining,Diversified Metals & Mining,Metals & Mining,Base Metals,--,--
RIO CN Equity,RIO2 LTD/NEW,CA,Common Stock,805.03M,0,281.01M,--,Industrial Metals and Mining,General Mining,Metals & Mining,Gold,Metals & Mining,Precious Metals,--,--
VOLCABC1 PE Equity,VOLCAN CIA MIN-B,PE,Common Stock,802.77M,1.46B,2.98B,--,Industrial Metals and Mining,Nonferrous Metals,Metals & Mining,Diversified Metals & Mining,Metals & Mining,Base Metals,"Nickel, Lead & Zinc",Zinc
CMT MC Equity,COMPAGNIE MINIER,MA,Common Stock,802.61M,89.44M,281.81M,--,Industrial Metals and Mining,Nonferrous Metals,Metals & Mining,Diversified Metals & Mining,Metals & Mining,Base Metals,"Nickel, Lead & Zinc",Lead
002443 CH Equity,ZHEJIANG KINGL-A,CN,Common Stock,798.67M,972.98M,998.54M,--,Industrial Metals and Mining,Iron and Steel,Energy Equipment & Services,Oil & Gas Equipment & Services,Steel,Steel Producers,"Long, Pipe & Tubular",Pipe & Tubular
CL CN Equity,CRESCO LABS INC,US,Common Stock,795.61M,1.10B,2.19B,--,Industrial Metals and Mining,General Mining,Pharmaceuticals,Pharmaceuticals,Tobacco & Cannabis,Cannabis,--,--
603278 CH Equity,SHANDONG DAYE -A,CN,Common Stock,794.56M,1.07B,1.71B,--,Industrial Metals and Mining,Iron and Steel,Metals & Mining,Steel,Industrial Intermediate Prod,Fabricated Metal & Hardware,Fabricated Metal,Wire Products
9957 TT Equity,YIEH UNITED,TW,Common Stock,791.14M,2.20B,3.11B,--,Industrial Metals and Mining,Iron and Steel,Metals & Mining,Steel,Steel,Steel Producers,--,--
NDM CN Equity,NORTHERN DYN MNL,CA,Common Stock,785.63M,0,154.11M,--,Industrial Metals and Mining,General Mining,Metals & Mining,Diversified Metals & Mining,Metals & Mining,Base Metals,--,--
OMG CN Equity,OMAI GOLD MINES,CA,Common Stock,781.00M,0,11.84M,--,Industrial Metals and Mining,General Mining,Metals & Mining,Gold,Metals & Mining,Precious Metals,Gold,--
ITR CN Equity,INTEGRA RESOURCE,CA,Common Stock,779.30M,46.03M,383.32M,--,Industrial Metals and Mining,General Mining,Metals & Mining,Gold,Metals & Mining,Precious Metals,--,--
300881 CH Equity,SHENGTAK NEWMA-A,CN,Common Stock,778.24M,561.16M,687.97M,--,Industrial Metals and Mining,Iron and Steel,Metals & Mining,Steel,Steel,Steel Producers,"Long, Pipe & Tubular",Pipe & Tubular
NWPX US Equity,NWPX INFRASTRUCT,US,Common Stock,774.46M,747.03M,953.36M,--,Industrial Metals and Mining,Iron and Steel,Construction & Engineering,Construction & Engineering,Construction Materials,Building Materials,--,--
BMN AU Equity,BANNERMAN ENERGY,AU,Common Stock,770.26M,0,107.79M,--,Industrial Metals and Mining,Nonferrous Metals,"Oil, Gas & Consumable Fuels",Coal & Consumable Fuels,Metals & Mining,Base Metals,Uranium,--
PRE LN Equity,PENSANA PLC,GB,Common Stock,768.11M,0,111.73M,--,Industrial Metals and Mining,Nonferrous Metals,Metals & Mining,Diversified Metals & Mining,Metals & Mining,Mineral & Precious Stone Mining,Mineral Mining,Rare Earth
600992 CH Equity,GUIZHOU WIRE-A,CN,Common Stock,766.72M,452.08M,729.54M,--,Industrial Metals and Mining,Iron and Steel,Metals & Mining,Steel,Steel,Steel Producers,"Long, Pipe & Tubular",Steel Wire Drawing
002333 CH Equity,ZYF LOPSKING M-A,CN,Common Stock,760.84M,352.89M,682.07M,--,Industrial Metals and Mining,Aluminum,Metals & Mining,Aluminum,Home Construction,Building Products,Windows & Doors,Windows
CORAREI1 PE Equity,CORP ACEROS AR-I,PE,Common Stock,752.10M,1.92B,2.69B,--,Industrial Metals and Mining,Iron and Steel,Metals & Mining,Steel,Steel,Steel Producers,--,--
CVKMD TI Equity,CVK MADEN ISLETM,TR,Common Stock,749.33M,144.91M,685.95M,270,Industrial Metals and Mining,General Mining,Metals & Mining,Diversified Metals & Mining,Metals & Mining,Base Metals,--,--
MTL LN Equity,METALS EXPLORATI,GB,Common Stock,749.32M,289.92M,281.79M,--,Industrial Metals and Mining,General Mining,Metals & Mining,Diversified Metals & Mining,Metals & Mining,Precious Metals,Gold,--
KKIL IN Equity,KIRLOSKAR INDUST,IN,Common Stock,744.14M,1.19B,2.18B,35,Industrial Metals and Mining,Metal Fabricating,Metals & Mining,Steel,Metals & Mining,Iron,Iron Foundries,--
YAMAMAH AB Equity,AL YAMAMAH STEEL,SA,Common Stock,740.62M,790.82M,685.48M,--,Industrial Metals and Mining,Iron and Steel,Metals & Mining,Steel,Engineering & Construction,Infrastructure Construction,Energy Infra Construction,Power Plant Construction
ABAT US Equity,AMERICAN BATTERY,US,Common Stock,739.34M,6.63M,128.49M,--,Industrial Metals and Mining,General Mining,Metals & Mining,Diversified Metals & Mining,Metals & Mining,Mineral & Precious Stone Mining,--,--
003030 KS Equity,SEAH STEEL HOLDI,KR,Common Stock,736.75M,4.09B,6.08B,--,Industrial Metals and Mining,Iron and Steel,Metals & Mining,Steel,Steel,Steel Producers,"Long, Pipe & Tubular",Pipe & Tubular
5410 JP Equity,GODO STEEL LTD,JP,Common Stock,728.48M,2.07B,2.72B,--,Industrial Metals and Mining,Iron and Steel,Metals & Mining,Steel,Steel,Steel Producers,--,--
JCQ FP Equity,JACQUET METALS S,FR,Common Stock,724.59M,3.23B,2.81B,3k,Industrial Metals and Mining,Iron and Steel,Trading Companies & Distributors,Trading Companies & Distributors,Steel,Metal Svc Centers & Processors,Steel Processors,--
603527 CH Equity,ANHUI ZHONGYUA-A,CN,Common Stock,722.75M,1.96B,908.25M,--,Industrial Metals and Mining,Nonferrous Metals,Electrical Equipment,Electrical Components & Equipment,Metals & Mining,Base Metals,Copper,Copper Smelting & Refining
SGL GR Equity,SGL CARBON SE,DE,Common Stock,716.43M,1.68B,2.24B,4k,Industrial Metals and Mining,Metal Fabricating,Electrical Equipment,Electrical Components & Equipment,Chemicals,Specialty Chemicals,Advanced Materials,--
MTM AU Equity,METALLIUM LTD,AU,Common Stock,713.85M,0,18.71M,--,Industrial Metals and Mining,General Mining,Metals & Mining,Diversified Metals & Mining,Metals & Mining,Precious Metals,--,--
002842 CH Equity,GUANGDONG XIAN-A,CN,Common Stock,709.75M,368.58M,456.67M,--,Industrial Metals and Mining,Nonferrous Metals,Metals & Mining,Diversified Metals & Mining,Steel,Steel Producers,Specialty Metals,--
CBAV3 BZ Equity,COMPANHIA BRASIL,BR,Common Stock,703.49M,2.31B,3.62B,--,Industrial Metals and Mining,Aluminum,Metals & Mining,Aluminum,Metals & Mining,Base Metals,Aluminum,--
5480 JP Equity,NIPPON YAKIN KO,JP,Common Stock,698.23M,1.73B,2.32B,--,Industrial Metals and Mining,Iron and Steel,Metals & Mining,Steel,Steel,Steel Producers,"Long, Pipe & Tubular",Pipe & Tubular
MPW AU Equity,METAL POWDER WOR,AU,Common Stock,696.58M,1.60M,12.40M,--,Industrial Metals and Mining,General Mining,Machinery,Industrial Machinery & Supplies & Components,Machinery,Metalworking Machinery,Welding & Solder Equipment,--
NUAG CN Equity,NEW PACIFIC META,CA,Common Stock,693.23M,0,205.71M,--,Industrial Metals and Mining,General Mining,Metals & Mining,Silver,Metals & Mining,Precious Metals,Gold,--
PMET CN Equity,PMET RESOURCES I,CA,Common Stock,689.61M,0,408.63M,--,Industrial Metals and Mining,General Mining,Metals & Mining,Diversified Metals & Mining,Metals & Mining,Base Metals,--,--
6235 TT Equity,WAFFER TECH,TW,Common Stock,688.77M,275.40M,473.42M,--,Industrial Metals and Mining,Nonferrous Metals,Machinery,Industrial Machinery & Supplies & Components,Industrial Intermediate Prod,Fabricated Metal & Hardware,--,--
SMI AU Equity,SANTANA MINERALS,AU,Common Stock,685.86M,0,69.78M,--,Industrial Metals and Mining,General Mining,Metals & Mining,Gold,Metals & Mining,Mining Services,--,--
GFM LN Equity,GRIFFIN MINING,GB,Common Stock,685.66M,204.94M,494.35M,--,Industrial Metals and Mining,General Mining,Metals & Mining,Diversified Metals & Mining,Metals & Mining,Base Metals,"Nickel, Lead & Zinc",Zinc
2031 TT Equity,HSIN KUANG STEEL,TW,Common Stock,681.29M,689.22M,1.46B,--,Industrial Metals and Mining,Metal Fabricating,Metals & Mining,Steel,Steel,Steel Producers,Flat Rolled,--
HSG VN Equity,HOA SEN GROUP,VN,Common Stock,672.97M,2.40B,1.15B,8k,Industrial Metals and Mining,Iron and Steel,Metals & Mining,Steel,Steel,Steel Producers,--,--
FXPO LN Equity,FERREXPO PLC,CH,Common Stock,671.29M,1.42B,1.92B,--,Industrial Metals and Mining,Iron and Steel,Metals & Mining,Steel,Metals & Mining,Iron,Iron Ore Mining,--
REEMF US Equity,RARE ELEMENT RES,US,Common Stock,670.09M,0,48.00M,--,Industrial Metals and Mining,Nonferrous Metals,Metals & Mining,Diversified Metals & Mining,Metals & Mining,Base Metals,--,--
603577 CH Equity,QINGDAO HUIJIN-A,CN,Common Stock,669.95M,973.30M,1.30B,--,Industrial Metals and Mining,Iron and Steel,Metals & Mining,Steel,Electrical Equipment,Electrical Power Equipment,Power Trans & Distr Equip,Electric Power Grid Parts & Svcs
3036 JP Equity,ALCONIX CORP,JP,Common Stock,669.16M,1.98B,2.10B,--,Industrial Metals and Mining,Nonferrous Metals,Trading Companies & Distributors,Trading Companies & Distributors,Steel,Metal Svc Centers & Processors,Steel Processors,--
POCL IN Equity,PONDY OXIDES,IN,Common Stock,667.19M,373.27M,138.15M,468,Industrial Metals and Mining,Nonferrous Metals,Metals & Mining,Diversified Metals & Mining,Chemicals,Basic & Diversified Chemicals,Inorganic Base Chemicals,--
300930 CH Equity,HANGZHOU YITON-A,CN,Common Stock,664.02M,105.89M,280.56M,--,Industrial Metals and Mining,Iron and Steel,Metals & Mining,Steel,Metals & Mining,Base Metals,--,--
ASTL CN Equity,ALGOMA STEEL GRO,CA,Common Stock,662.02M,3.15B,3.03B,--,Industrial Metals and Mining,Iron and Steel,Metals & Mining,Steel,Steel,Steel Producers,--,--
2010 TT Equity,CHUN YUAN STEEL,TW,Common Stock,659.37M,1.13B,1.10B,--,Industrial Metals and Mining,Iron and Steel,Metals & Mining,Steel,Steel,Steel Producers,--,--
LZM US Equity,LIFEZONE METALS,IM,Common Stock,656.32M,213.12k,253.28M,--,Industrial Metals and Mining,General Mining,Metals & Mining,Diversified Metals & Mining,Metals & Mining,Base Metals,"Nickel, Lead & Zinc",Nickel
TALCO AB Equity,AL TAISEER GROUP,SA,Common Stock,653.35M,285.54M,294.04M,--,Industrial Metals and Mining,Aluminum,Metals & Mining,Aluminum,Metals & Mining,Base Metals,Aluminum,--
002976 CH Equity,SUZHOU CHEERSSON,CN,Common Stock,652.77M,373.92M,524.21M,--,Industrial Metals and Mining,Metal Fabricating,Machinery,Industrial Machinery & Supplies & Components,Technology Hardware,Electronics Components,Communication Equip Cmpnts,--
5461 JP Equity,CHUBU STEEL PLAT,JP,Common Stock,647.14M,514.04M,903.93M,--,Industrial Metals and Mining,Iron and Steel,Metals & Mining,Steel,Steel,Steel Producers,--,--
29M AU Equity,29METALS LTD,AU,Common Stock,644.53M,551.06M,1.04B,--,Industrial Metals and Mining,General Mining,Metals & Mining,Diversified Metals & Mining,Metals & Mining,Base Metals,--,--
ROLEXRIN IN Equity,ROLEX RINGS LTD,IN,Common Stock,644.13M,209.57M,240.19M,2k,Industrial Metals and Mining,Metal Fabricating,Machinery,Industrial Machinery & Supplies & Components,Automotive,Auto Parts,--,--
002578 CH Equity,FUJIAN MINFA A-A,CN,Common Stock,642.07M,469.75M,516.84M,--,Industrial Metals and Mining,Aluminum,Metals & Mining,Aluminum,Metals & Mining,Base Metals,Aluminum,Aluminum Smelting & Refining
005810 KS Equity,POONGSAN HOLDING,KR,Common Stock,641.17M,499.64M,1.44B,--,Industrial Metals and Mining,Nonferrous Metals,Metals & Mining,Diversified Metals & Mining,Metals & Mining,Base Metals,Copper,Copper Smelting & Refining
GLIN IN Equity,GOODLUCK INDIA L,IN,Common Stock,639.02M,707.22M,473.80M,3k,Industrial Metals and Mining,Iron and Steel,Metals & Mining,Steel,Steel,Steel Producers,--,--
600615 CH Equity,CHONGQING SHINER,CN,Common Stock,633.70M,39.79M,269.49M,--,Industrial Metals and Mining,Metal Fabricating,Automobile Components,Automotive Parts & Equipment,Automotive,Auto Parts,--,--
NICU CN Equity,MAGNA MINING INC,CA,Common Stock,623.75M,0,44.46M,--,Industrial Metals and Mining,Nonferrous Metals,Metals & Mining,Diversified Metals & Mining,Metals & Mining,Base Metals,--,--
98 HK Equity,XINGFA ALUMINIUM,CN,Common Stock,623.58M,3.97B,3.22B,96k,Industrial Metals and Mining,Aluminum,Metals & Mining,Aluminum,Industrial Intermediate Prod,Fabricated Metal & Hardware,Fabricated Metal,Sheet Metal
PRYM CN Equity,PRIME MINING COR,CA,Common Stock,623.50M,0,37.28M,--,Industrial Metals and Mining,Nonferrous Metals,Metals & Mining,Diversified Metals & Mining,Metals & Mining,Precious Metals,--,--
8075 JP Equity,SHINSHO CORP,JP,Common Stock,619.00M,6.21B,4.14B,--,Industrial Metals and Mining,General Mining,Trading Companies & Distributors,Trading Companies & Distributors,Steel,Metal Svc Centers & Processors,Steel Processors,--
MLX AU Equity,METALS X LTD,AU,Common Stock,616.04M,218.82M,505.03M,--,Industrial Metals and Mining,General Mining,Metals & Mining,Diversified Metals & Mining,Metals & Mining,Base Metals,Tin,--
2009 TT Equity,FIRST COPPER,TW,Common Stock,612.31M,147.75M,446.29M,--,Industrial Metals and Mining,Copper,Metals & Mining,Copper,Metals & Mining,Base Metals,Copper,Copper Smelting & Refining
SAMBHV IN Equity,SAMBHV STEEL TUB,IN,Common Stock,611.55M,273.70M,263.11M,3k,Industrial Metals and Mining,Iron and Steel,Metals & Mining,Steel,Steel,Steel Producers,--,--
ELE CN Equity,ELEMENTAL ALTUS,CA,Common Stock,606.41M,24.76M,330.10M,--,Industrial Metals and Mining,General Mining,Metals & Mining,Gold,Metals & Mining,Precious Metals,--,--
NTSD IN Equity,NATL STAND INDI,IN,Common Stock,603.82M,4.05M,51.92M,--,Industrial Metals and Mining,Iron and Steel,Real Estate Management & Development,Real Estate Development,Real Estate Owners & Developers,Multi Asset Class Own & Develop,--,--
KS IN Equity,KALYANI STEELS,IN,Common Stock,597.29M,359.66M,511.79M,105,Industrial Metals and Mining,Metal Fabricating,Metals & Mining,Steel,Steel,Steel Producers,--,--
LOT AU Equity,LOTUS RESOURCES,AU,Common Stock,597.07M,21.16k,168.82M,--,Industrial Metals and Mining,Nonferrous Metals,"Oil, Gas & Consumable Fuels",Coal & Consumable Fuels,Metals & Mining,Base Metals,Uranium,--
002295 CH Equity,GUANGDONG JING-A,CN,Common Stock,595.48M,791.11M,462.60M,--,Industrial Metals and Mining,Copper,Metals & Mining,Copper,Wholesale - Discretionary,Import & Export,--,--
016380 KS Equity,KG DONGBUSTEEL,KR,Common Stock,594.10M,3.67B,3.65B,--,Industrial Metals and Mining,Iron and Steel,Metals & Mining,Steel,Steel,Steel Producers,--,--
MAN IN Equity,MAN INDUSTRIES,IN,Common Stock,583.14M,629.75M,707.92M,576,Industrial Metals and Mining,Iron and Steel,Construction & Engineering,Construction & Engineering,Industrial Intermediate Prod,Fabricated Metal & Hardware,Hardware,Fabricated Pipe & Pipe Fitting
DV CN Equity,DOLLY VARDEN SIL,CA,Common Stock,580.11M,0,119.38M,--,Industrial Metals and Mining,General Mining,Metals & Mining,Precious Metals & Minerals,Metals & Mining,Precious Metals,Silver,--
009520 KS Equity,POSCO M-TECH CO,KR,Common Stock,575.10M,385.38M,163.76M,937,Industrial Metals and Mining,Iron and Steel,Metals & Mining,Steel,Containers & Packaging,Containers & Packaging,--,--
5445 JP Equity,TOKYO TEKKO,JP,Common Stock,573.81M,831.71M,868.46M,--,Industrial Metals and Mining,Metal Fabricating,Metals & Mining,Steel,Steel,Steel Producers,"Long, Pipe & Tubular",Long Products
1532 TT Equity,CHINA METAL,TW,Common Stock,570.13M,851.12M,2.61B,--,Industrial Metals and Mining,Iron and Steel,Metals & Mining,Steel,Steel,Steel Producers,--,--
UCU CN Equity,UCORE RARE METAL,CA,Common Stock,569.88M,0,69.72M,--,Industrial Metals and Mining,Nonferrous Metals,Metals & Mining,Diversified Metals & Mining,Metals & Mining,Base Metals,--,--
MAIT IN Equity,MAITHAN ALLOYS,IN,Common Stock,568.62M,327.67M,908.32M,454,Industrial Metals and Mining,Iron and Steel,Metals & Mining,Steel,Metals & Mining,Base Metals,--,--
002667 CH Equity,WILLING NEW EN-A,CN,Common Stock,567.11M,112.25M,368.59M,--,Industrial Metals and Mining,Nonferrous Metals,Machinery,Industrial Machinery & Supplies & Components,Metals & Mining,Mineral & Precious Stone Mining,Mineral Mining,Lithium
301063 CH Equity,ZHANGJIAGANG H-A,CN,Common Stock,566.21M,281.62M,523.76M,--,Industrial Metals and Mining,Metal Fabricating,Metals & Mining,Steel,Industrial Intermediate Prod,Fabricated Metal & Hardware,--,--
KMR LN Equity,KENMARE RES,IE,Common Stock,564.66M,629.03M,2.12B,--,Industrial Metals and Mining,General Mining,Metals & Mining,Diversified Metals & Mining,Metals & Mining,Base Metals,--,--
WRN CN Equity,WESTERN COPPER,CA,Common Stock,561.00M,0,216.62M,--,Industrial Metals and Mining,Nonferrous Metals,Metals & Mining,Diversified Metals & Mining,Metals & Mining,Base Metals,--,--
SYA AU Equity,SAYONA MINING LT,AU,Common Stock,560.89M,223.36M,652.71M,--,Industrial Metals and Mining,Nonferrous Metals,Metals & Mining,Diversified Metals & Mining,Metals & Mining,Mineral & Precious Stone Mining,Mineral Mining,Lithium
ELECM CI Equity,ELECMETAL,CL,Common Stock,556.12M,2.09B,2.63B,4k,Industrial Metals and Mining,Iron and Steel,Industrial Conglomerates,Industrial Conglomerates,Steel,Steel Producers,--,--
MMI AU Equity,METRO MINING LTD,AU,Common Stock,555.29M,307.34M,243.21M,--,Industrial Metals and Mining,Aluminum,Metals & Mining,Aluminum,Metals & Mining,Coal Mining,Thermal Coal,--
CAML LN Equity,CENTRAL ASIA MET,GB,Common Stock,553.58M,325.23M,711.87M,--,Industrial Metals and Mining,General Mining,Metals & Mining,Copper,Metals & Mining,Base Metals,--,--
300549 CH Equity,JOUDER PRECISI-A,CN,Common Stock,549.54M,73.14M,157.84M,--,Industrial Metals and Mining,Metal Fabricating,Machinery,Industrial Machinery & Supplies & Components,Automotive,Auto Parts,--,--
KRAS IJ Equity,KRAKATAU STEEL,ID,Common Stock,549.28M,1.45B,4.68B,4k,Industrial Metals and Mining,Iron and Steel,Metals & Mining,Steel,Steel,Steel Producers,--,--
AZ US Equity,A2Z CUST2MATE SO,IL,Common Stock,543.88M,10.87M,30.52M,--,Industrial Metals and Mining,Metal Fabricating,Aerospace & Defense,Aerospace & Defense,Technology Hardware,Specialty Technology Hardware,Transaction Mgmt Systems,--
STP PW Equity,STALPROD,PL,Common Stock,542.09M,1.46B,1.92B,--,Industrial Metals and Mining,Iron and Steel,Metals & Mining,Steel,Metals & Mining,Base Metals,"Nickel, Lead & Zinc",Zinc
ERD CN Equity,ERDENE RESOURCE,CA,Common Stock,539.04M,0,70.79M,--,Industrial Metals and Mining,General Mining,Metals & Mining,Diversified Metals & Mining,Metals & Mining,Base Metals,--,--
MNO CN Equity,MERIDIAN MINING,NL,Common Stock,538.06M,0,18.16M,--,Industrial Metals and Mining,General Mining,Metals & Mining,Diversified Metals & Mining,Metals & Mining,Base Metals,Copper,--
RPE IN Equity,RAGHAV PRODUCTIV,IN,Common Stock,537.33M,35.84M,43.34M,103,Industrial Metals and Mining,Iron and Steel,Chemicals,Specialty Chemicals,Construction Materials,Cement & Aggregates,Aggregates,--
ZEUS US Equity,OLYMPIC STEEL,US,Common Stock,536.95M,2.94B,1.69B,2k,Industrial Metals and Mining,Iron and Steel,Metals & Mining,Steel,Steel,Metal Svc Centers & Processors,Steel Processors,--
AFT SJ Equity,AFRIMAT LTD,ZA,Common Stock,536.78M,695.91M,794.65M,2k,Industrial Metals and Mining,General Mining,Construction Materials,Construction Materials,Construction Materials,Building Materials,Concrete Products,--
058650 KS Equity,SEAH HOLDINGS CO,KR,Common Stock,536.28M,6.69B,6.68B,--,Industrial Metals and Mining,Iron and Steel,Metals & Mining,Steel,Steel,Steel Producers,Flat Rolled,--
SIDERC1 PE Equity,SIDERURGICA PERU,PE,Common Stock,536.24M,981.92M,738.33M,--,Industrial Metals and Mining,Iron and Steel,Metals & Mining,Steel,Steel,Steel Producers,--,--
002806 CH Equity,GUANG DONG HUA-A,CN,Common Stock,534.75M,217.17M,456.90M,--,Industrial Metals and Mining,Aluminum,Electrical Equipment,Electrical Components & Equipment,Technology Hardware,Electronics Components,--,--
DAAZ IJ Equity,DAAZ BARA LESTAR,ID,Common Stock,532.46M,969.31M,510.42M,--,Industrial Metals and Mining,General Mining,Trading Companies & Distributors,Trading Companies & Distributors,Transportation & Logistics,Marine Shipping,--,--
002743 CH Equity,ANHUI FUHUANG -A,CN,Common Stock,531.49M,829.70M,2.26B,--,Industrial Metals and Mining,Iron and Steel,Metals & Mining,Steel,Commercial Support Services,Waste Management,Recyclable Materials,--
WIA AU Equity,WIA GOLD LTD,AU,Common Stock,530.75M,0,72.39M,--,Industrial Metals and Mining,General Mining,Metals & Mining,Gold,Metals & Mining,Precious Metals,Gold,--
EAF US Equity,GRAFTECH INTERNA,US,Common Stock,528.51M,817.15M,1.98B,--,Industrial Metals and Mining,Metal Fabricating,Electrical Equipment,Electrical Components & Equipment,Machinery,Other Machinery & Equipment,General Purpose Machinery,Ind Process Furnace & Oven
OMDC IN Equity,ORISSA MINERALS,IN,Common Stock,528.44M,11.73M,100.72M,207,Industrial Metals and Mining,Iron and Steel,Metals & Mining,Steel,Metals & Mining,Iron,Iron Ore Mining,--
ARU AU Equity,ARAFURA RARE EAR,AU,Common Stock,524.29M,0,155.85M,--,Industrial Metals and Mining,General Mining,Metals & Mining,Diversified Metals & Mining,Metals & Mining,Base Metals,--,--
SARKY TI Equity,SARKUYSAN,TR,Common Stock,524.24M,2.74B,914.82M,1k,Industrial Metals and Mining,Copper,Electrical Equipment,Electrical Components & Equipment,Industrial Intermediate Prod,Fabricated Metal & Hardware,Fabricated Metal,Wire Products
SRL AU Equity,SUNRISE ENERGY M,AU,Common Stock,520.13M,184.00k,11.54M,--,Industrial Metals and Mining,General Mining,Metals & Mining,Diversified Metals & Mining,Metals & Mining,Base Metals,--,--
TMQ CN Equity,TRILOGY METALS I,CA,Common Stock,520.05M,0,204.99M,--,Industrial Metals and Mining,General Mining,Metals & Mining,Diversified Metals & Mining,Metals & Mining,Base Metals,Copper,Copper Mining
2034 TT Equity,YC INOX,TW,Common Stock,518.53M,685.92M,1.11B,--,Industrial Metals and Mining,Iron and Steel,Metals & Mining,Steel,Steel,Steel Producers,--,--
JTLIND IN Equity,JTL INDUSTRIES L,IN,Common Stock,517.53M,347.76M,250.85M,738,Industrial Metals and Mining,Metal Fabricating,Metals & Mining,Steel,Steel,Steel Producers,--,--
PKI IN Equity,PRAKASH INDS LTD,IN,Common Stock,516.72M,728.50M,840.10M,3k,Industrial Metals and Mining,Iron and Steel,Metals & Mining,Steel,Steel,Steel Producers,--,--
OFLX US Equity,OMEGA FLEX INC,US,Common Stock,516.65M,154.22M,171.21M,--,Industrial Metals and Mining,Metal Fabricating,Machinery,Industrial Machinery & Supplies & Components,Industrial Intermediate Prod,Fabricated Metal & Hardware,Hardware,Fabricated Pipe & Pipe Fitting
ASCU CN Equity,ARIZONA SONORAN,US,Common Stock,515.32M,0,219.02M,--,Industrial Metals and Mining,Copper,Metals & Mining,Copper,Metals & Mining,Base Metals,Copper,--
002240 KS Equity,KISWIRE LTD,KR,Common Stock,515.03M,1.93B,2.85B,--,Industrial Metals and Mining,Metal Fabricating,Metals & Mining,Steel,Steel,Steel Producers,"Long, Pipe & Tubular",Steel Wire Drawing
000633 CH Equity,XINJIANG HEJIN-A,CN,Common Stock,512.91M,58.41M,115.54M,--,Industrial Metals and Mining,Metal Fabricating,Metals & Mining,Diversified Metals & Mining,Metals & Mining,Base Metals,--,--
603937 CH Equity,JIANGSU LIDAO -A,CN,Common Stock,509.22M,332.78M,559.71M,--,Industrial Metals and Mining,Aluminum,Metals & Mining,Aluminum,Industrial Intermediate Prod,Fabricated Metal & Hardware,--,--
460860 KS Equity,DONGKUK STEEL MI,KR,Common Stock,503.42M,3.92B,3.49B,2k,Industrial Metals and Mining,Iron and Steel,Metals & Mining,Steel,Steel,Steel Producers,--,--
5702 JP Equity,DAIKI ALUMINIUM,JP,Common Stock,502.84M,3.02B,1.75B,--,Industrial Metals and Mining,Aluminum,Metals & Mining,Aluminum,Metals & Mining,Base Metals,Aluminum,--
NOU CN Equity,NOUVEAU MONDE GR,CA,Common Stock,502.44M,0,229.32M,--,Industrial Metals and Mining,General Mining,Metals & Mining,Diversified Metals & Mining,Metals & Mining,Mineral & Precious Stone Mining,Mineral Mining,--
VENUSPIP IN Equity,VENUS PIPES & TU,IN,Common Stock,498.31M,173.95M,188.88M,385,Industrial Metals and Mining,Iron and Steel,Metals & Mining,Steel,Industrial Intermediate Prod,Fabricated Metal & Hardware,Hardware,Fabricated Pipe & Pipe Fitting
2035 TT Equity,TANG ENG IRON,TW,Common Stock,495.88M,575.73M,873.86M,--,Industrial Metals and Mining,Iron and Steel,Metals & Mining,Steel,Steel,Steel Producers,Specialty Metals,--
002114 CH Equity,YUNNAN LUOPING-A,CN,Common Stock,494.12M,265.63M,520.98M,--,Industrial Metals and Mining,Nonferrous Metals,Metals & Mining,Diversified Metals & Mining,Metals & Mining,Base Metals,"Nickel, Lead & Zinc",Zinc
688355 CH Equity,SUZHOU MINGZHI-A,CN,Common Stock,493.43M,133.08M,293.42M,--,Industrial Metals and Mining,Aluminum,Metals & Mining,Aluminum,Industrial Intermediate Prod,Fabricated Metal & Hardware,--,--
8349 TT Equity,QST INTL,TW,Common Stock,488.56M,620.47M,1.06B,--,Industrial Metals and Mining,Metal Fabricating,Machinery,Industrial Machinery & Supplies & Components,Industrial Intermediate Prod,Fabricated Metal & Hardware,Hardware,Bolts & Washers
1899 HK Equity,XINGDA INTL,CN,Common Stock,486.25M,2.52B,4.96B,9k,Industrial Metals and Mining,Metal Fabricating,Automobile Components,Tires & Rubber,Automotive,Auto Parts,Tire,--
COG PW Equity,COGNOR,PL,Common Stock,482.45M,873.81M,1.03B,1k,Industrial Metals and Mining,Metal Fabricating,Metals & Mining,Steel,Steel,Steel Producers,--,--
JMS AU Equity,JUPITER MINES LT,AU,Common Stock,481.38M,9.43M,593.38M,--,Industrial Metals and Mining,General Mining,Metals & Mining,Diversified Metals & Mining,Metals & Mining,Base Metals,Manganese,--
TLO CN Equity,TALON METALS COR,CA,Common Stock,480.93M,0,290.43M,--,Industrial Metals and Mining,General Mining,Metals & Mining,Diversified Metals & Mining,Metals & Mining,Mineral & Precious Stone Mining,--,--
AAZ LN Equity,ANGLO ASIAN MINI,AZ,Common Stock,479.63M,60.04M,237.07M,939,Industrial Metals and Mining,General Mining,Metals & Mining,Diversified Metals & Mining,Metals & Mining,Precious Metals,Gold,--
GROUPFIV AB Equity,GROUP FIVE PIPE,SA,Common Stock,478.85M,394.68M,738.11M,--,Industrial Metals and Mining,Metal Fabricating,Metals & Mining,Steel,Steel,Steel Producers,--,--
002710 KS Equity,TCC STEEL,KR,Common Stock,477.17M,647.15M,627.62M,--,Industrial Metals and Mining,Metal Fabricating,Metals & Mining,Steel,Industrial Intermediate Prod,Fabricated Metal & Hardware,Fabricated Metal,Metal Coat & Treating
KME IM Equity,KME GROUP SPA,IT,Common Stock,473.51M,2.67B,3.31B,--,Industrial Metals and Mining,Nonferrous Metals,Metals & Mining,Copper,Metals & Mining,Base Metals,--,--
600408 CH Equity,SHANXI ANTAI -A,CN,Common Stock,472.01M,1.41B,1.02B,--,Industrial Metals and Mining,Iron and Steel,Metals & Mining,Steel,Metals & Mining,Coal Mining,Metallurgical Coal,--
LUCA CN Equity,LUCA MINING CORP,CA,Common Stock,471.24M,122.21M,218.23M,--,Industrial Metals and Mining,General Mining,Metals & Mining,Diversified Metals & Mining,Metals & Mining,Precious Metals,--,--
9927 TT Equity,THYE MING IND,TW,Common Stock,469.08M,404.00M,362.77M,--,Industrial Metals and Mining,Nonferrous Metals,Metals & Mining,Diversified Metals & Mining,Metals & Mining,Base Metals,--,--
EIS GR Equity,EISEN &HUETTENWK,DE,Common Stock,465.76M,16.08M,168.38M,3k,Industrial Metals and Mining,Iron and Steel,Metals & Mining,Steel,Steel,Steel Producers,--,--
603028 CH Equity,JIANGSU SAFETY-A,CN,Common Stock,465.49M,262.75M,541.52M,--,Industrial Metals and Mining,Iron and Steel,Metals & Mining,Steel,Steel,Steel Producers,"Long, Pipe & Tubular",Steel Wire Drawing
5563 JP Equity,NIPPON DENKO CO,JP,Common Stock,465.30M,783.76M,1.05B,--,Industrial Metals and Mining,Iron and Steel,Metals & Mining,Steel,Metals & Mining,Base Metals,--,--
NCX CN Equity,NORTHISLE COPPER,CA,Common Stock,464.90M,0,22.56M,--,Industrial Metals and Mining,General Mining,Metals & Mining,Diversified Metals & Mining,Metals & Mining,Base Metals,Copper,Copper Mining
NKG VN Equity,NAM KIM STEEL JS,VN,Common Stock,463.23M,1.25B,857.68M,2k,Industrial Metals and Mining,Iron and Steel,Metals & Mining,Steel,Steel,Steel Producers,"Long, Pipe & Tubular",Pipe & Tubular
APCO AB Equity,ARABIAN PIPES CO,SA,Common Stock,461.71M,460.04M,400.93M,--,Industrial Metals and Mining,Iron and Steel,Metals & Mining,Steel,Steel,Steel Producers,"Long, Pipe & Tubular",Pipe & Tubular
VSSL IN Equity,VARDHMAN SPECIAL,IN,Common Stock,456.66M,318.31M,212.78M,1k,Industrial Metals and Mining,Iron and Steel,Metals & Mining,Steel,Steel,Steel Producers,--,--
301040 CH Equity,ZHANGJIAGANG Z-A,CN,Common Stock,454.33M,121.95M,344.86M,--,Industrial Metals and Mining,Metal Fabricating,Metals & Mining,Steel,Industrial Intermediate Prod,Fabricated Metal & Hardware,Fabricated Metal,Forging & Stamping
MI6 AU Equity,MINERALS 260 LTD,AU,Common Stock,451.64M,0,12.05M,--,Industrial Metals and Mining,General Mining,Metals & Mining,Diversified Metals & Mining,Metals & Mining,Mineral & Precious Stone Mining,Mineral Mining,--
CTGO US Equity,CONTANGO ORE INC,US,Common Stock,451.51M,0,216.48M,--,Industrial Metals and Mining,General Mining,Metals & Mining,Diversified Metals & Mining,Metals & Mining,Precious Metals,Gold,--
002760 CH Equity,FENGXING CO LT-A,CN,Common Stock,446.44M,123.93M,280.67M,--,Industrial Metals and Mining,Metal Fabricating,Metals & Mining,Steel,Industrial Intermediate Prod,Fabricated Metal & Hardware,Fabricated Metal,--
SVM AU Equity,SOVEREIGN METALS,AU,Common Stock,439.92M,0,38.68M,--,Industrial Metals and Mining,General Mining,Metals & Mining,Diversified Metals & Mining,Metals & Mining,Base Metals,--,--
5976 JP Equity,NETUREN CO LTD,JP,Common Stock,437.58M,579.66M,895.33M,--,Industrial Metals and Mining,Metal Fabricating,Metals & Mining,Steel,Industrial Intermediate Prod,Fabricated Metal & Hardware,--,--
WELSPSOL IN Equity,WELSPUN SPECIALI,IN,Common Stock,437.07M,131.34M,136.35M,691,Industrial Metals and Mining,Iron and Steel,Metals & Mining,Steel,Steel,Steel Producers,"Long, Pipe & Tubular",Pipe & Tubular
MGX AU Equity,MOUNT GIBSON IRO,AU,Common Stock,436.76M,350.42M,582.67M,373,Industrial Metals and Mining,Iron and Steel,Metals & Mining,Steel,Metals & Mining,Iron,Iron Ore Mining,--
5408 JP Equity,NAKAYAMA STEEL,JP,Common Stock,430.51M,1.71B,1.59B,--,Industrial Metals and Mining,Iron and Steel,Metals & Mining,Steel,Steel,Steel Producers,Flat Rolled,--
ARG CN Equity,AMERIGO RESOURCE,CA,Common Stock,429.82M,292.37M,332.21M,--,Industrial Metals and Mining,Copper,Metals & Mining,Diversified Metals & Mining,Metals & Mining,Base Metals,Copper,Copper Mining
AZY AU Equity,ANTIPA MINERALS,AU,Common Stock,428.53M,597.86k,81.05M,--,Industrial Metals and Mining,General Mining,Metals & Mining,Diversified Metals & Mining,Metals & Mining,Base Metals,--,--
AEROFLEX IN Equity,AEROFLEX INDUSTR,IN,Common Stock,428.04M,66.53M,79.90M,556,Industrial Metals and Mining,Iron and Steel,Metals & Mining,Steel,Industrial Intermediate Prod,Fabricated Metal & Hardware,Fabricated Metal,--
HSLV CN Equity,HIGHLANDER SILVE,CA,Common Stock,427.43M,0,14.74M,--,Industrial Metals and Mining,General Mining,Metals & Mining,Precious Metals & Minerals,Metals & Mining,Mineral & Precious Stone Mining,Mineral Mining,--
HITECH IN Equity,HI-TECH PIPES LT,IN,Common Stock,425.85M,540.99M,328.88M,535,Industrial Metals and Mining,Iron and Steel,Metals & Mining,Steel,Steel,Steel Producers,--,--
103 HK Equity,SHOUGANG CENTURY,HK,Common Stock,423.05M,465.91M,720.49M,2k,Industrial Metals and Mining,Metal Fabricating,Metals & Mining,Steel,Industrial Intermediate Prod,Fabricated Metal & Hardware,Fabricated Metal,Wire Products
2013 TT Equity,CHINA STEEL STRU,TW,Common Stock,422.78M,930.24M,729.09M,--,Industrial Metals and Mining,Iron and Steel,Construction & Engineering,Construction & Engineering,Industrial Intermediate Prod,Fabricated Metal & Hardware,Fabricated Metal,Sheet Metal
IZMDC TI Equity,IZMIR DEMIR CELI,TR,Common Stock,421.22M,2.15B,2.00B,2k,Industrial Metals and Mining,Iron and Steel,Metals & Mining,Steel,Steel,Steel Producers,--,--
STPI TB Equity,STP&I PUB CO LTD,TH,Common Stock,420.33M,107.88M,734.82M,--,Industrial Metals and Mining,Metal Fabricating,Metals & Mining,Steel,Industrial Support Services,Industrial Wholesale & Rental,Industrial Machinery Whslrs,Const/Mining Mach/Equip Whslrs
001940 KS Equity,KISCO HOLDINGS C,KR,Common Stock,418.76M,1.13B,1.87B,--,Industrial Metals and Mining,Metal Fabricating,Metals & Mining,Steel,Steel,Steel Producers,"Long, Pipe & Tubular",Long Products
084010 KS Equity,DAEHAN STEEL,KR,Common Stock,417.02M,1.36B,1.26B,--,Industrial Metals and Mining,Iron and Steel,Metals & Mining,Steel,Steel,Steel Producers,--,--
1104 HK Equity,APAC RESOURCES L,HK,Common Stock,415.98M,231.94M,809.71M,16,Industrial Metals and Mining,Nonferrous Metals,Trading Companies & Distributors,Trading Companies & Distributors,Metals & Mining,Metals & Ore Whslrs & Traders,--,--
CAPD LN Equity,CAPITAL LTD,MU,Common Stock,414.97M,527.80M,827.37M,--,Industrial Metals and Mining,General Mining,Metals & Mining,Diversified Metals & Mining,Metals & Mining,Mining Services,--,--
EMO CN Equity,EMERITA RESOURCE,CA,Common Stock,413.79M,0,14.25M,--,Industrial Metals and Mining,General Mining,Metals & Mining,Diversified Metals & Mining,Metals & Mining,Precious Metals,--,--
BRVO CN Equity,BRAVO MINING COR,CA,Common Stock,411.26M,--,92.73M,--,Industrial Metals and Mining,General Mining,Metals & Mining,Diversified Metals & Mining,Metals & Mining,Mineral & Precious Stone Mining,--,--
LIN AU Equity,LINDIAN RESOURCE,AU,Common Stock,409.78M,0,79.13M,--,Industrial Metals and Mining,General Mining,Metals & Mining,Diversified Metals & Mining,Metals & Mining,Base Metals,Aluminum,Bauxite Mining
5541 JP Equity,PAC METALS CO,JP,Common Stock,408.87M,132.67M,767.43M,--,Industrial Metals and Mining,Nonferrous Metals,Metals & Mining,Diversified Metals & Mining,Metals & Mining,Base Metals,--,--
104700 KS Equity,KISCO CORP,KR,Common Stock,407.63M,667.08M,983.14M,326,Industrial Metals and Mining,Iron and Steel,Metals & Mining,Steel,Steel,Steel Producers,--,--
FF CN Equity,FIRST MINING GOL,CA,Common Stock,406.05M,0,331.29M,--,Industrial Metals and Mining,General Mining,Metals & Mining,Gold,Metals & Mining,Precious Metals,Gold,--
MINCORI1 PE Equity,SOC MINERA COR-I,PE,Common Stock,403.70M,193.13M,405.73M,--,Industrial Metals and Mining,General Mining,Metals & Mining,Diversified Metals & Mining,Metals & Mining,Base Metals,--,--
ECOR LN Equity,ECORA RESOURCES,GB,Common Stock,403.43M,115.54M,1.12B,--,Industrial Metals and Mining,General Mining,Metals & Mining,Steel,Metals & Mining,Base Metals,--,--
5721 JP Equity,S SCIENCE CO LTD,JP,Common Stock,399.62M,6.39M,32.14M,--,Industrial Metals and Mining,Nonferrous Metals,Metals & Mining,Diversified Metals & Mining,Industrial Intermediate Prod,Fabricated Metal & Hardware,Fabricated Metal,Industrial Pattern
ALR RO Equity,ALRO SA,RO,Common Stock,399.49M,1.12B,1.09B,--,Industrial Metals and Mining,Aluminum,Metals & Mining,Aluminum,Metals & Mining,Base Metals,Aluminum,--
9936 HK Equity,XIMEI RESOURCES,CN,Common Stock,396.22M,383.97M,474.44M,663,Industrial Metals and Mining,Nonferrous Metals,Metals & Mining,Diversified Metals & Mining,Metals & Mining,Base Metals,--,--
MAU AU Equity,MAGNETIC RESOURC,AU,Common Stock,395.66M,502.97k,9.74M,--,Industrial Metals and Mining,General Mining,Metals & Mining,Diversified Metals & Mining,Metals & Mining,Base Metals,--,--
SMELT MK Equity,MALAYSIA SMELTIN,MY,Common Stock,394.10M,561.47M,492.97M,--,Industrial Metals and Mining,Nonferrous Metals,Metals & Mining,Diversified Metals & Mining,Metals & Mining,Base Metals,Tin,--
LUD US Equity,LUDA TECHNOLOGY,HK,Common Stock,392.61M,68.04M,63.55M,--,Industrial Metals and Mining,Metal Fabricating,Metals & Mining,Steel,Steel,Steel Producers,--,--
2302 HK Equity,CNNC INTL LTD,HK,Common Stock,392.59M,357.91M,183.18M,34,Industrial Metals and Mining,Metal Fabricating,Trading Companies & Distributors,Trading Companies & Distributors,Metals & Mining,Base Metals,Uranium,--
306200 KS Equity,SEAH STEEL CORP,KR,Common Stock,392.01M,2.01B,1.99B,--,Industrial Metals and Mining,Iron and Steel,Metals & Mining,Steel,Steel,Steel Producers,--,--
8065 JP Equity,SATO SHOJI CORP,JP,Common Stock,389.50M,2.87B,1.83B,--,Industrial Metals and Mining,Iron and Steel,Trading Companies & Distributors,Trading Companies & Distributors,Steel,Metal Svc Centers & Processors,Steel Processors,--
ATQA EY Equity,MISR NATIONAL ST,EG,Common Stock,388.21M,187.15M,148.67M,--,Industrial Metals and Mining,Iron and Steel,Metals & Mining,Steel,Steel,Steel Producers,--,--
5757 JP Equity,CK-SAN-ETSU CO L,JP,Common Stock,388.12M,1.26B,929.69M,--,Industrial Metals and Mining,Copper,Metals & Mining,Diversified Metals & Mining,Metals & Mining,Base Metals,Copper,Copper Smelting & Refining
GRANDOAK IN Equity,GRAND OAK CANYON,IN,Common Stock,387.62M,13.88k,655.56M,--,Industrial Metals and Mining,General Mining,Professional Services,Research & Consulting Services,Home Construction,Homebuilding,--,--
INVERC CI Equity,INVERCAP,CL,Common Stock,385.60M,2.85B,11.49B,--,Industrial Metals and Mining,Iron and Steel,Financial Services,Multi-Sector Holdings,Steel,Steel Producers,Flat Rolled,--
600193 CH Equity,SHANGHAI PROSO-A,CN,Common Stock,384.34M,17.70M,126.79M,--,Industrial Metals and Mining,Iron and Steel,Metals & Mining,Steel,Retail - Discretionary,Home Products Stores,Building Materials Dealers,--
SAML SP Equity,SOUTHERN ALLIANC,MY,Common Stock,384.07M,53.85M,128.74M,--,Industrial Metals and Mining,Iron and Steel,Metals & Mining,Steel,Metals & Mining,Iron,Iron Ore Mining,--
BMSTL TI Equity,BMS BIRLESIK MET,TR,Common Stock,383.56M,82.73M,95.18M,217,Industrial Metals and Mining,Iron and Steel,Metals & Mining,Steel,Steel,Steel Producers,--,--
5464 JP Equity,MORY INDUSTRIES,JP,Common Stock,382.59M,464.64M,746.55M,--,Industrial Metals and Mining,Iron and Steel,Metals & Mining,Steel,Steel,Steel Producers,"Long, Pipe & Tubular",Pipe & Tubular
FDY CN Equity,FARADAY COPPER C,CA,Common Stock,381.35M,0,45.59M,--,Industrial Metals and Mining,General Mining,Metals & Mining,Copper,Metals & Mining,Base Metals,Copper,--
FLT CN Equity,VOLATUS AEROSPAC,CA,Common Stock,379.98M,30.05M,64.95M,--,Industrial Metals and Mining,General Mining,Passenger Airlines,Passenger Airlines,Transportation & Logistics,Courier Services,--,--
AT PM Equity,ATLAS CONS MIN,PH,Common Stock,378.73M,493.34M,1.94B,--,Industrial Metals and Mining,General Mining,Metals & Mining,Copper,Metals & Mining,Base Metals,Copper,Copper Mining
002652 CH Equity,SUZHOU YANGTZE-A,CN,Common Stock,376.47M,71.72M,106.93M,--,Industrial Metals and Mining,Iron and Steel,Containers & Packaging,"Metal, Glass & Plastic Containers",Home Construction,Building Products,Flooring,Laminate & Wood Flooring
000890 CH Equity,JIANGSU FASTEN-A,CN,Common Stock,376.36M,65.81M,231.59M,--,Industrial Metals and Mining,Iron and Steel,Metals & Mining,Steel,Steel,Steel Producers,"Long, Pipe & Tubular",Steel Wire Drawing
ALUCON TB Equity,ALUCON PUB CO,TH,Common Stock,376.25M,267.55M,374.71M,--,Industrial Metals and Mining,Aluminum,Containers & Packaging,"Metal, Glass & Plastic Containers",Containers & Packaging,Containers & Packaging,Metal Containers & Packaging,Metal Containers
STLCS IN Equity,STEELCAST LTD,IN,Common Stock,375.23M,66.92M,72.94M,1k,Industrial Metals and Mining,Iron and Steel,Metals & Mining,Steel,Steel,Steel Producers,--,--
1091 HK Equity,SOUTH MANGANESE,HK,Common Stock,375.07M,2.57B,1.83B,5k,Industrial Metals and Mining,General Mining,Metals & Mining,Diversified Metals & Mining,Metals & Mining,Base Metals,Manganese,--
RANA NO Equity,RANA GRUBER ASA,NO,Common Stock,374.88M,234.69M,236.81M,--,Industrial Metals and Mining,Iron and Steel,Metals & Mining,Steel,Metals & Mining,Iron,Iron Ore Mining,--
MSPS IN Equity,MSP STEEL & POWE,IN,Common Stock,372.21M,527.23M,287.53M,1k,Industrial Metals and Mining,Iron and Steel,Metals & Mining,Steel,Steel,Steel Producers,--,--
DKFT IJ Equity,CENTRAL OMEGA,ID,Common Stock,371.98M,139.75M,252.58M,117,Industrial Metals and Mining,Nonferrous Metals,Metals & Mining,Diversified Metals & Mining,Metals & Mining,Base Metals,"Nickel, Lead & Zinc",Nickel
CTBN IJ Equity,CITRA TUBINDO,ID,Common Stock,371.45M,385.11M,321.14M,741,Industrial Metals and Mining,Metal Fabricating,Energy Equipment & Services,Oil & Gas Equipment & Services,Steel,Steel Producers,"Long, Pipe & Tubular",Pipe & Tubular
MAI CN Equity,MINERA ALAMOS IN,CA,Common Stock,371.41M,9.87M,53.29M,--,Industrial Metals and Mining,Nonferrous Metals,Metals & Mining,Diversified Metals & Mining,Metals & Mining,Precious Metals,Gold,--
AIS AU Equity,AERIS RESOURCES,AU,Common Stock,369.14M,577.06M,608.65M,--,Industrial Metals and Mining,General Mining,Metals & Mining,Copper,Metals & Mining,Base Metals,Copper,Copper Mining
GOLD CN Equity,GOLDMINING INC,CA,Common Stock,368.33M,0,132.49M,--,Industrial Metals and Mining,General Mining,Metals & Mining,Gold,Metals & Mining,Precious Metals,Gold,--
7414 JP Equity,ONOKEN CO LTD,JP,Common Stock,366.66M,2.74B,2.18B,--,Industrial Metals and Mining,Iron and Steel,Trading Companies & Distributors,Trading Companies & Distributors,Steel,Metal Svc Centers & Processors,Steel Processors,--
5659 JP Equity,NIPPON SEISEN,JP,Common Stock,364.19M,470.76M,597.35M,--,Industrial Metals and Mining,Metal Fabricating,Electrical Equipment,Electrical Components & Equipment,Steel,Steel Producers,"Long, Pipe & Tubular",Steel Wire Drawing
LRV AU Equity,LARVOTTO RESOURC,AU,Common Stock,364.03M,0,44.41M,--,Industrial Metals and Mining,General Mining,Metals & Mining,Diversified Metals & Mining,Metals & Mining,Precious Metals,Gold,--
AMX CN Equity,AMEX EXPLORATION,CA,Common Stock,363.84M,0,154.77M,--,Industrial Metals and Mining,General Mining,Metals & Mining,Gold,Metals & Mining,Base Metals,--,--
FEX AU Equity,FENIX RESOURCES,AU,Common Stock,361.07M,316.09M,364.47M,--,Industrial Metals and Mining,Iron and Steel,Metals & Mining,Steel,Metals & Mining,Base Metals,Uranium,--
INR AU Equity,IONEER LTD,AU,Common Stock,360.15M,0,355.30M,--,Industrial Metals and Mining,General Mining,Metals & Mining,Diversified Metals & Mining,Metals & Mining,Mineral & Precious Stone Mining,Mineral Mining,Lithium
2029 TT Equity,SHENG YU STEEL,TW,Common Stock,359.20M,646.64M,567.65M,--,Industrial Metals and Mining,Iron and Steel,Metals & Mining,Steel,Steel,Steel Producers,Flat Rolled,--
GQC CN Equity,GOLDQUEST MINING,CA,Common Stock,358.58M,0,17.46M,--,Industrial Metals and Mining,General Mining,Metals & Mining,Diversified Metals & Mining,Metals & Mining,Precious Metals,Gold,--
RAM PL Equity,RAMADA INVESTIME,PT,Common Stock,357.62M,16.73M,238.52M,--,Industrial Metals and Mining,Iron and Steel,Real Estate Management & Development,Real Estate Operating Companies,Steel,Steel Producers,--,--
092790 KS Equity,NEXTEEL CO LTD,KR,Common Stock,355.13M,614.12M,756.47M,--,Industrial Metals and Mining,Iron and Steel,Metals & Mining,Steel,Steel,Steel Producers,--,--
3162 TT Equity,UNITED ALLOY-TEC,TW,Common Stock,355.06M,219.75M,382.03M,--,Industrial Metals and Mining,Aluminum,Metals & Mining,Aluminum,Industrial Intermediate Prod,Fabricated Metal & Hardware,Fabricated Metal,Machine Shops
LIRC CN Equity,LITHIUM ROYALTY,CA,Common Stock,354.99M,4.59M,247.97M,--,Industrial Metals and Mining,Nonferrous Metals,Metals & Mining,Diversified Metals & Mining,Metals & Mining,Mineral & Precious Stone Mining,Mineral Mining,Lithium
3449 JP Equity,TECHNOFLEX CORP,JP,Common Stock,353.82M,220.81M,368.75M,--,Industrial Metals and Mining,Metal Fabricating,Machinery,Industrial Machinery & Supplies & Components,Construction Materials,Building Materials,--,--
006110 KS Equity,SAM-A ALUMINUM,KR,Common Stock,352.79M,279.88M,476.95M,--,Industrial Metals and Mining,Aluminum,Metals & Mining,Aluminum,Metals & Mining,Base Metals,Aluminum,--
STK AU Equity,STRICKLAND METAL,AU,Common Stock,350.67M,0,86.93M,--,Industrial Metals and Mining,General Mining,Metals & Mining,Gold,Metals & Mining,Precious Metals,Gold,--
ASL AU Equity,ANDEAN SILVER LT,AU,Common Stock,348.17M,319.34k,37.44M,--,Industrial Metals and Mining,General Mining,Metals & Mining,Diversified Metals & Mining,Metals & Mining,Mineral & Precious Stone Mining,Mineral Mining,--
MUK IN Equity,MUKAND LTD,IN,Common Stock,345.41M,887.40M,663.49M,599,Industrial Metals and Mining,Iron and Steel,Metals & Mining,Steel,Steel,Steel Producers,--,--
125490 KS Equity,HALLACAST CO LTD,KR,Common Stock,344.56M,160.59M,163.08M,--,Industrial Metals and Mining,Metal Fabricating,Automobile Components,Automotive Parts & Equipment,Industrial Intermediate Prod,Fabricated Metal & Hardware,Hardware,--
RXL AU Equity,ROX RESOURCES,AU,Common Stock,344.07M,0,57.09M,--,Industrial Metals and Mining,General Mining,Metals & Mining,Gold,Metals & Mining,Base Metals,"Nickel, Lead & Zinc",--
INHP IN Equity,INDIAN HUME PIPE,IN,Common Stock,341.98M,269.99M,512.59M,2k,Industrial Metals and Mining,Metal Fabricating,Construction & Engineering,Construction & Engineering,Construction Materials,Building Materials,Concrete Products,Concrete Pipe
SYR AU Equity,SYRAH RESOURCES,AU,Common Stock,341.00M,47.80M,1.12B,--,Industrial Metals and Mining,General Mining,Metals & Mining,Diversified Metals & Mining,Metals & Mining,Mineral & Precious Stone Mining,Mineral Mining,--
AAG CN Equity,AFTERMATH SILVER,CA,Common Stock,338.53M,0,47.02M,--,Industrial Metals and Mining,Nonferrous Metals,Metals & Mining,Silver,Real Estate Owners & Developers,Specialty Owners & Developers,--,--
600768 CH Equity,NINGBO FUBANG -A,CN,Common Stock,335.75M,220.07M,236.40M,--,Industrial Metals and Mining,Aluminum,Metals & Mining,Aluminum,Metals & Mining,Base Metals,Aluminum,--
NMG AU Equity,NEW MURCHISON GO,AU,Common Stock,334.52M,0,14.75M,--,Industrial Metals and Mining,General Mining,Metals & Mining,Gold,Metals & Mining,Mineral & Precious Stone Mining,--,--
TCKRC TI Equity,KIRAC GALVANIZ T,TR,Common Stock,334.36M,76.30M,202.73M,136,Industrial Metals and Mining,Iron and Steel,Metals & Mining,Steel,Steel,Steel Producers,--,--
ACF AU Equity,ACROW LTD,AU,Common Stock,332.64M,241.66M,406.14M,--,Industrial Metals and Mining,General Mining,Trading Companies & Distributors,Trading Companies & Distributors,Engineering & Construction,Infrastructure Construction,--,--
SFR CN Equity,SANDFIRE RESOURC,CA,Common Stock,330.66M,0,30.09M,--,Industrial Metals and Mining,General Mining,Metals & Mining,Diversified Metals & Mining,Metals & Mining,Base Metals,Copper,Copper Mining
2020 TT Equity,MAYER STEEL PIPE,TW,Common Stock,328.11M,247.58M,408.57M,--,Industrial Metals and Mining,Iron and Steel,Metals & Mining,Steel,Steel,Steel Producers,"Long, Pipe & Tubular",Pipe & Tubular
8390 TT Equity,JIIN YEEH DING,TW,Common Stock,325.38M,233.14M,191.35M,--,Industrial Metals and Mining,Nonferrous Metals,Commercial Services & Supplies,Environmental & Facilities Services,Industrial Intermediate Prod,Fabricated Metal & Hardware,--,--
MM8 AU Equity,MEDALLION METALS,AU,Common Stock,324.23M,1.10M,28.93M,--,Industrial Metals and Mining,General Mining,Metals & Mining,Gold,Metals & Mining,Precious Metals,Gold,--
295310 KS Equity,HVM CO LTD,KR,Common Stock,321.73M,50.19M,130.80M,130,Industrial Metals and Mining,Nonferrous Metals,Metals & Mining,Diversified Metals & Mining,Industrial Intermediate Prod,Fabricated Metal & Hardware,Fabricated Metal,Forging & Stamping
SGQ AU Equity,ST GEORGE MINING,AU,Common Stock,321.42M,102.40k,3.06M,--,Industrial Metals and Mining,General Mining,Metals & Mining,Diversified Metals & Mining,Metals & Mining,Precious Metals,Gold,--
1079750D CN Equity,REGULUS RESOURCE,CA,Common Stock,320.21M,0,56.83M,--,Industrial Metals and Mining,General Mining,Metals & Mining,Diversified Metals & Mining,Metals & Mining,Base Metals,Copper,--
7305 JP Equity,ARAYA INDUS CO,JP,Common Stock,318.90M,431.45M,556.48M,--,Industrial Metals and Mining,Iron and Steel,Metals & Mining,Steel,Steel,Steel Producers,"Long, Pipe & Tubular",Pipe & Tubular
VYS AU Equity,VYSARN LTD,AU,Common Stock,316.47M,106.53M,138.71M,--,Industrial Metals and Mining,General Mining,Metals & Mining,Diversified Metals & Mining,Metals & Mining,Base Metals,Aluminum,--
ALMY GA Equity,ALUMIL ALUMINIUM,GR,Common Stock,316.45M,746.53M,815.58M,3k,Industrial Metals and Mining,Aluminum,Metals & Mining,Aluminum,Industrial Intermediate Prod,Fabricated Metal & Hardware,Fabricated Metal,Forging & Stamping
BRC CN Equity,BLACKROCK SILVER,CA,Common Stock,315.77M,0,18.87M,--,Industrial Metals and Mining,General Mining,Metals & Mining,Diversified Metals & Mining,Metals & Mining,Precious Metals,Silver,--
CEL AU Equity,CHALLENGER GOLD,AU,Common Stock,315.59M,0,226.47M,--,Industrial Metals and Mining,General Mining,Metals & Mining,Diversified Metals & Mining,Metals & Mining,Precious Metals,Gold,--
LC PM Equity,LEPANTO CONS 'A',PH,Common Stock,315.34M,74.13M,439.42M,--,Industrial Metals and Mining,General Mining,Metals & Mining,Gold,Metals & Mining,Precious Metals,Gold,--
AHR CN Equity,AMARC RESOURCES,CA,Common Stock,314.50M,0,2.10M,--,Industrial Metals and Mining,General Mining,Metals & Mining,Diversified Metals & Mining,Metals & Mining,Base Metals,--,--
151860 KS Equity,KG ECO SOLUTION,KR,Common Stock,311.84M,8.10B,6.79B,--,Industrial Metals and Mining,Iron and Steel,Metals & Mining,Steel,Electric Utilities,District Heating & Cooling,--,--
PATI3 BZ Equity,PANATLANTICA SA,BR,Common Stock,310.04M,595.97M,423.78M,--,Industrial Metals and Mining,Iron and Steel,Metals & Mining,Steel,Steel,Metal Svc Centers & Processors,Steel Processors,--
REG CN Equity,REGULUS RESOURCE,CA,Common Stock,309.22M,0,74.15M,--,Industrial Metals and Mining,General Mining,Metals & Mining,Diversified Metals & Mining,Metals & Mining,Base Metals,Copper,Copper Mining
BSRM BD Equity,BSRM STEELS LTD,BD,Common Stock,305.44M,1.14B,1.24B,--,Industrial Metals and Mining,Iron and Steel,Metals & Mining,Steel,Steel,Steel Producers,--,--
OM CN Equity,OSISKO METALS IN,CA,Common Stock,303.97M,0,275.00M,--,Industrial Metals and Mining,General Mining,Metals & Mining,Diversified Metals & Mining,Metals & Mining,Base Metals,"Nickel, Lead & Zinc",Zinc
ADOR IN Equity,ADOR WELDING LTD,IN,Common Stock,303.48M,203.74M,129.99M,862,Industrial Metals and Mining,Iron and Steel,Machinery,Industrial Machinery & Supplies & Components,Machinery,Metalworking Machinery,Welding & Solder Equipment,--
RGW IN Equity,RAJRATAN GLOBAL,IN,Common Stock,303.03M,169.55M,179.75M,606,Industrial Metals and Mining,Iron and Steel,Metals & Mining,Steel,Steel,Steel Producers,"Long, Pipe & Tubular",Steel Wire Drawing
MFG CN Equity,MAYFAIR GOLD COR,CA,Common Stock,301.28M,0,27.52M,--,Industrial Metals and Mining,General Mining,Metals & Mining,Gold,Metals & Mining,Precious Metals,Gold,--
SUP CN Equity,NORTHERN SUPERIO,CA,Common Stock,301.23M,0,14.07M,--,Industrial Metals and Mining,General Mining,Metals & Mining,Gold,Metals & Mining,Precious Metals,Gold,--
NTU AU Equity,NORTHERN MINERAL,AU,Common Stock,301.01M,1.59M,28.76M,--,Industrial Metals and Mining,General Mining,Metals & Mining,Diversified Metals & Mining,Metals & Mining,Mineral & Precious Stone Mining,Mineral Mining,Rare Earth
VOXR CN Equity,VOX ROYALTY CORP,US,Common Stock,297.11M,16.76M,83.07M,--,Industrial Metals and Mining,General Mining,Metals & Mining,Precious Metals & Minerals,Metals & Mining,Base Metals,--,--
6175 TT Equity,LITON TECH,TW,Common Stock,296.77M,199.58M,313.98M,--,Industrial Metals and Mining,Aluminum,Metals & Mining,Aluminum,Technology Hardware,Electronics Components,--,--
RDS CN Equity,RADISSON MINING,CA,Common Stock,294.81M,402.56k,71.03M,--,Industrial Metals and Mining,General Mining,Metals & Mining,Gold,Metals & Mining,Precious Metals,Gold,--
1584 TT Equity,S-TECH,TW,Common Stock,292.05M,136.03M,387.55M,--,Industrial Metals and Mining,Nonferrous Metals,Machinery,Industrial Machinery & Supplies & Components,Metals & Mining,Base Metals,--,--
GMET LN Equity,GUARDIAN METAL R,GB,Common Stock,291.62M,0,23.77M,--,Industrial Metals and Mining,General Mining,Metals & Mining,Diversified Metals & Mining,Metals & Mining,Precious Metals,--,--
A1M AU Equity,AIC MINES LTD,AU,Common Stock,291.13M,189.55M,376.92M,--,Industrial Metals and Mining,General Mining,Metals & Mining,Diversified Metals & Mining,Oil & Gas Supply Chain,Exploration & Production,--,--
VISC SS Equity,GRUVAKTIEBOLAGET,SE,Common Stock,290.51M,0,259.43M,38,Industrial Metals and Mining,General Mining,Metals & Mining,Diversified Metals & Mining,Metals & Mining,Base Metals,--,--
HOD IT Equity,HOD ASSAF INDUST,IL,Common Stock,289.93M,844.54M,565.55M,--,Industrial Metals and Mining,Iron and Steel,Metals & Mining,Steel,Steel,Steel Producers,--,--
KOCMT TI Equity,KOC METALURJI AS,TR,Common Stock,289.74M,664.02M,--,--,Industrial Metals and Mining,Iron and Steel,Metals & Mining,Steel,Steel,Steel Producers,--,--
TSTH TB Equity,TATA STEEL THAI,TH,Common Stock,289.37M,1.10B,741.76M,--,Industrial Metals and Mining,Iron and Steel,Metals & Mining,Steel,Steel,Steel Producers,--,--
MMA CN Equity,MIDNIGHT SUN MIN,CA,Common Stock,288.98M,0,24.71M,--,Industrial Metals and Mining,General Mining,--,--,Metals & Mining,Mining Services,--,--
ISSP IJ Equity,PT STEEL PIPE IN,ID,Common Stock,287.73M,585.18M,824.65M,996,Industrial Metals and Mining,Iron and Steel,Metals & Mining,Steel,Steel,Steel Producers,"Long, Pipe & Tubular",Pipe & Tubular
USL AU Equity,UNICO SILVER LTD,AU,Common Stock,285.78M,0,6.72M,--,Industrial Metals and Mining,General Mining,Metals & Mining,Gold,Metals & Mining,Precious Metals,--,--
SALASAR IN Equity,SALASAR TECHNO E,IN,Common Stock,284.38M,262.67M,323.18M,1k,Industrial Metals and Mining,Iron and Steel,Construction & Engineering,Construction & Engineering,Engineering & Construction,Infrastructure Construction,--,--
ISL PA Equity,INTERNATIONAL ST,PK,Common Stock,282.54M,344.43M,267.32M,677,Industrial Metals and Mining,Iron and Steel,Metals & Mining,Steel,Steel,Steel Producers,--,--
5632 JP Equity,MITSUB STEEL MFG,JP,Common Stock,280.54M,1.61B,1.48B,--,Industrial Metals and Mining,Metal Fabricating,Metals & Mining,Steel,Steel,Steel Producers,"Long, Pipe & Tubular",Long Products
2028 TT Equity,WEI CHIH STEEL,TW,Common Stock,279.33M,481.59M,488.72M,--,Industrial Metals and Mining,Iron and Steel,Metals & Mining,Steel,Steel,Steel Producers,"Long, Pipe & Tubular",Long Products
600608 CH Equity,SHANG BROAD-A,CN,Common Stock,278.92M,3.63M,27.59M,--,Industrial Metals and Mining,Iron and Steel,Metals & Mining,Steel,Steel,Steel Producers,"Long, Pipe & Tubular",--
GG8 AU Equity,GORILLA GOLD MIN,AU,Common Stock,277.88M,0,25.21M,--,Industrial Metals and Mining,General Mining,Metals & Mining,Gold,Metals & Mining,Precious Metals,Gold,--
HILL IJ Equity,HILLCON TBK PT,ID,Common Stock,276.34M,377.42M,624.43M,3k,Industrial Metals and Mining,General Mining,Metals & Mining,Diversified Metals & Mining,Engineering & Construction,Infrastructure Construction,--,--
PMTS US Equity,CPI CARD GROUP I,US,Common Stock,275.78M,728.91M,565.33M,--,Industrial Metals and Mining,General Mining,"Technology Hardware, Storage & Peripherals","Technology Hardware, Storage & Peripherals",Specialty Finance,Other Financial Services,Financial Transaction Processors,--
PPIH US Equity,PERMA-PIPE INTER,US,Common Stock,275.32M,241.57M,264.13M,--,Industrial Metals and Mining,Metal Fabricating,Machinery,Industrial Machinery & Supplies & Components,Engineering & Construction,Infrastructure Construction,Energy Infra Construction,Oil & Gas Infra Construction
NOM NO Equity,NORDIC MINING AS,NO,Common Stock,274.14M,0,462.62M,--,Industrial Metals and Mining,General Mining,Metals & Mining,Diversified Metals & Mining,Metals & Mining,Precious Metals,--,--
RASTL IN Equity,RAMA STEEL TUBES,IN,Common Stock,273.76M,190.19M,141.99M,118,Industrial Metals and Mining,Iron and Steel,Metals & Mining,Steel,Steel,Steel Producers,--,--
BOC AU Equity,BOUGAINVILLE COP,PG,Common Stock,272.72M,0,36.69M,--,Industrial Metals and Mining,General Mining,Metals & Mining,Diversified Metals & Mining,Metals & Mining,Base Metals,Copper,Copper Mining
MMFG IN Equity,MM FORGINGS LTD,IN,Common Stock,272.17M,274.19M,440.02M,4k,Industrial Metals and Mining,Iron and Steel,Metals & Mining,Steel,Industrial Intermediate Prod,Fabricated Metal & Hardware,Fabricated Metal,Forging & Stamping
HARIOMPI IN Equity,HARIOM PIPE INDU,IN,Common Stock,271.32M,246.27M,224.22M,751,Industrial Metals and Mining,Iron and Steel,Metals & Mining,Steel,Steel,Steel Producers,--,--
MAE CN Equity,MARITIME RESOURC,CA,Common Stock,268.97M,0,63.88M,--,Industrial Metals and Mining,General Mining,Metals & Mining,Gold,Metals & Mining,Precious Metals,Gold,--
7637 JP Equity,HAKUDO CO LTD,JP,Common Stock,267.29M,668.75M,478.29M,--,Industrial Metals and Mining,Nonferrous Metals,Metals & Mining,Aluminum,Steel,Metal Svc Centers & Processors,Steel Processors,--
LA CN Equity,LOS ANDES COPPER,CA,Common Stock,266.57M,0,115.14M,--,Industrial Metals and Mining,Copper,Metals & Mining,Diversified Metals & Mining,Metals & Mining,Base Metals,Copper,--
NEXG CN Equity,NEXGOLD MINING C,CA,Common Stock,266.33M,0,215.14M,--,Industrial Metals and Mining,General Mining,Metals & Mining,Gold,Metals & Mining,Precious Metals,Gold,--
GLO CN Equity,GLOBAL ATOMIC CO,CA,Common Stock,264.68M,951.47k,307.73M,--,Industrial Metals and Mining,General Mining,Metals & Mining,Diversified Metals & Mining,Metals & Mining,Base Metals,"Nickel, Lead & Zinc",--
GGRP IJ Equity,GUNUNG RAJA PAKS,ID,Common Stock,264.51M,533.56M,1.28B,2k,Industrial Metals and Mining,Iron and Steel,Metals & Mining,Steel,Steel,Steel Producers,Flat Rolled,--
5957 JP Equity,NITTO SEIKO CO,JP,Common Stock,264.28M,471.55M,571.28M,--,Industrial Metals and Mining,Metal Fabricating,Machinery,Industrial Machinery & Supplies & Components,Industrial Intermediate Prod,Fabricated Metal & Hardware,Hardware,Bolts & Washers
ASLAK AB Equity,UNITED WIRE FACT,SA,Common Stock,263.38M,285.85M,189.51M,--,Industrial Metals and Mining,Metal Fabricating,Metals & Mining,Steel,Steel,Steel Producers,"Long, Pipe & Tubular",Steel Wire Drawing
GEV CP Equity,GEVORKYAN AS,SK,Common Stock,263.04M,124.14M,328.18M,166,Industrial Metals and Mining,Metal Fabricating,--,--,Industrial Intermediate Prod,Fabricated Metal & Hardware,--,--
GRR AU Equity,GRANGE RESOURCES,AU,Common Stock,260.40M,520.80M,1.30B,--,Industrial Metals and Mining,Iron and Steel,Metals & Mining,Steel,Metals & Mining,Iron,Iron Ore Mining,--
001230 KS Equity,DONGKUK HOLDINGS,KR,Common Stock,260.32M,2.22B,2.74B,--,Industrial Metals and Mining,Iron and Steel,Metals & Mining,Steel,Steel,Steel Producers,--,--
2012 TT Equity,CHUN YU WORKS,TW,Common Stock,259.13M,432.89M,597.71M,--,Industrial Metals and Mining,Metal Fabricating,Machinery,Industrial Machinery & Supplies & Components,Industrial Intermediate Prod,Fabricated Metal & Hardware,Hardware,Bolts & Washers
BIS AU Equity,BISALLOY STEEL G,AU,Common Stock,258.94M,152.81M,133.93M,--,Industrial Metals and Mining,Iron and Steel,Metals & Mining,Steel,Steel,Steel Producers,Specialty Metals,--
2008 TT Equity,KAO HSING CHANG,TW,Common Stock,256.52M,68.88M,387.76M,--,Industrial Metals and Mining,Iron and Steel,Metals & Mining,Steel,Steel,Steel Producers,"Long, Pipe & Tubular",Pipe & Tubular
BASR BD Equity,BANGLADESH STEEL,BD,Common Stock,256.31M,1.15B,1.27B,--,Industrial Metals and Mining,Iron and Steel,Metals & Mining,Steel,Industrial Intermediate Prod,Fabricated Metal & Hardware,Fabricated Metal,Forging & Stamping
NICE IJ Equity,ADHI KARTIKO PRA,ID,Common Stock,255.70M,58.92M,40.66M,656,Industrial Metals and Mining,Nonferrous Metals,Metals & Mining,Diversified Metals & Mining,Metals & Mining,Base Metals,"Nickel, Lead & Zinc",Nickel
3230 TT Equity,JIIN MING IND,TW,Common Stock,254.93M,21.03M,69.82M,--,Industrial Metals and Mining,Metal Fabricating,"Electronic Equipment, Instruments & Components",Electronic Components,Industrial Intermediate Prod,Fabricated Metal & Hardware,Fabricated Metal,Forging & Stamping
CXO AU Equity,CORE LITHIUM LTD,AU,Common Stock,254.21M,189.49M,323.96M,--,Industrial Metals and Mining,General Mining,Metals & Mining,Diversified Metals & Mining,Metals & Mining,Mineral & Precious Stone Mining,Mineral Mining,Lithium
BKY AU Equity,BERKELEY ENERGIA,GB,Common Stock,251.88M,0,84.53M,70,Industrial Metals and Mining,General Mining,"Oil, Gas & Consumable Fuels",Coal & Consumable Fuels,Metals & Mining,Base Metals,Uranium,--
FUN AU Equity,FORTUNA METALS L,AU,Common Stock,250.34M,0,9.79M,--,Industrial Metals and Mining,General Mining,Metals & Mining,Diversified Metals & Mining,Metals & Mining,Mineral & Precious Stone Mining,Mineral Mining,Rare Earth
005010 KS Equity,HUSTEEL CO LTD,KR,Common Stock,249.88M,803.91M,1.57B,--,Industrial Metals and Mining,Metal Fabricating,Metals & Mining,Steel,Steel,Steel Producers,"Long, Pipe & Tubular",Pipe & Tubular
MACOM IN Equity,MANAKSIA COATED,IN,Common Stock,249.08M,141.84M,121.01M,278,Industrial Metals and Mining,Iron and Steel,Metals & Mining,Steel,Industrial Intermediate Prod,Fabricated Metal & Hardware,--,--
5981 JP Equity,TOKYO ROPE MFG,JP,Common Stock,248.10M,633.07M,933.90M,--,Industrial Metals and Mining,Iron and Steel,Metals & Mining,Steel,Steel,Steel Producers,"Long, Pipe & Tubular",Steel Wire Drawing
NMMCC AB Equity,MAADANIYAH,SA,Common Stock,246.17M,98.81M,161.01M,--,Industrial Metals and Mining,Iron and Steel,Metals & Mining,Steel,Steel,Steel Producers,--,--
TVN AU Equity,TIVAN LTD,AU,Common Stock,245.34M,0,27.65M,--,Industrial Metals and Mining,General Mining,Metals & Mining,Diversified Metals & Mining,Metals & Mining,Mineral & Precious Stone Mining,Mineral Mining,--
DRX CN Equity,ADF GROUP INC,CA,Common Stock,244.71M,375.78M,341.76M,--,Industrial Metals and Mining,Iron and Steel,Metals & Mining,Steel,Industrial Intermediate Prod,Fabricated Metal & Hardware,Fabricated Metal,Structural Metal & Plate Work
058430 KS Equity,POSCO STEELEON C,KR,Common Stock,242.63M,1.35B,608.87M,--,Industrial Metals and Mining,Iron and Steel,Metals & Mining,Steel,Industrial Intermediate Prod,Fabricated Metal & Hardware,Fabricated Metal,Metal Coat & Treating
ELT IN Equity,ELECTROTHERM IND,IN,Common Stock,241.84M,746.83M,359.34M,3k,Industrial Metals and Mining,Iron and Steel,Metals & Mining,Steel,Steel,Steel Producers,--,--
MMY CN Equity,MONUMENT MINING,CA,Common Stock,241.68M,78.46M,212.79M,--,Industrial Metals and Mining,General Mining,Metals & Mining,Gold,Metals & Mining,Precious Metals,Gold,--
MKA CN Equity,MKANGO RESOURCES,CA,Common Stock,239.21M,0,17.32M,--,Industrial Metals and Mining,General Mining,Metals & Mining,Diversified Metals & Mining,Metals & Mining,Base Metals,--,--
FRD US Equity,FRIEDMAN INDTRY,US,Common Stock,237.67M,682.16M,363.44M,--,Industrial Metals and Mining,Iron and Steel,Metals & Mining,Steel,Steel,Steel Producers,Flat Rolled,--
RBW LN Equity,RAINBOW RARE EAR,GG,Common Stock,236.18M,0,24.39M,--,Industrial Metals and Mining,Nonferrous Metals,Metals & Mining,Diversified Metals & Mining,Metals & Mining,Mineral & Precious Stone Mining,Mineral Mining,Rare Earth
FAR CN Equity,FORACO INTERNATI,FR,Common Stock,235.90M,445.07M,365.43M,--,"Oil, Gas and Coal",Oil Equipment and Services,Metals & Mining,Diversified Metals & Mining,Metals & Mining,Mining Services,--,--
USGO US Equity,US GOLDMINING IN,CA,Common Stock,235.03M,--,8.33M,--,Industrial Metals and Mining,General Mining,Metals & Mining,Diversified Metals & Mining,Metals & Mining,Precious Metals,Gold,--
ERCB TI Equity,ERCIYAS CELIK BO,TR,Common Stock,234.93M,335.06M,583.86M,427,Industrial Metals and Mining,Iron and Steel,Metals & Mining,Steel,Steel,Steel Producers,--,--
ATMI OM Equity,AL JAZEERA STEEL,OM,Common Stock,233.37M,577.84M,509.57M,--,Industrial Metals and Mining,Iron and Steel,Metals & Mining,Steel,Steel,Steel Producers,"Long, Pipe & Tubular",Pipe & Tubular
GSCB MK Equity,GE-SHEN CORP BHD,MY,Common Stock,233.36M,91.29M,132.53M,--,Industrial Metals and Mining,Metal Fabricating,Containers & Packaging,"Metal, Glass & Plastic Containers",Machinery,Other Machinery & Equipment,Plastics & Rubber Machinery,--
WA8 AU Equity,WARRIEDAR RESOUR,AU,Common Stock,232.95M,324.74k,93.31M,--,Industrial Metals and Mining,General Mining,Metals & Mining,Gold,Metals & Mining,Precious Metals,Gold,--
CVV CN Equity,CANALASKA URANIU,CA,Common Stock,231.62M,0,26.16M,--,Industrial Metals and Mining,Nonferrous Metals,"Oil, Gas & Consumable Fuels",Coal & Consumable Fuels,Metals & Mining,Base Metals,Uranium,--
159 HK Equity,BROCKMAN MINING,HK,Common Stock,227.78M,0,136.59M,14,Industrial Metals and Mining,Iron and Steel,Metals & Mining,Steel,Metals & Mining,Base Metals,--,--
MRF SJ Equity,MERAFE RESOURCES,ZA,Common Stock,227.42M,698.87M,525.49M,--,Industrial Metals and Mining,General Mining,Metals & Mining,Steel,Metals & Mining,Base Metals,--,--
8076 JP Equity,CANOX CORP,JP,Common Stock,227.34M,1.74B,937.75M,--,Industrial Metals and Mining,Metal Fabricating,Trading Companies & Distributors,Trading Companies & Distributors,Steel,Metal Svc Centers & Processors,Steel Processors,--
CAPT CN Equity,CAPITAN SILVER C,CA,Common Stock,227.11M,0,12.75M,--,Industrial Metals and Mining,General Mining,--,--,Metals & Mining,Precious Metals,--,--
CGS LN Equity,CASTINGS PLC,GB,Common Stock,226.16M,346.33M,347.99M,1k,Industrial Metals and Mining,Iron and Steel,Metals & Mining,Steel,Metals & Mining,Iron,Iron Foundries,--
1090 HK Equity,DA MING INTERNAT,CN,Common Stock,223.45M,9.79B,2.87B,7k,Industrial Metals and Mining,Iron and Steel,Metals & Mining,Steel,Steel,Steel Producers,"Long, Pipe & Tubular",Pipe & Tubular
001780 KS Equity,ALUKO CO LTD,KR,Common Stock,222.17M,692.59M,1.04B,--,Industrial Metals and Mining,Aluminum,Building Products,Building Products,Home Construction,Building Products,Windows & Doors,Windows
MNIN IT Equity,MENDELSON INFRAS,IL,Common Stock,220.01M,419.84M,436.87M,--,Industrial Metals and Mining,Iron and Steel,Trading Companies & Distributors,Trading Companies & Distributors,Engineering & Construction,Building Construction,--,--
GRX AU Equity,GREENEX METALS L,AU,Common Stock,219.62M,2.84k,17.21M,--,Industrial Metals and Mining,General Mining,Metals & Mining,Diversified Metals & Mining,Metals & Mining,Base Metals,Copper,--
KFOUC KK Equity,KUWAIT FOUNDRY,KW,Common Stock,219.58M,3.31M,87.40M,--,Industrial Metals and Mining,Iron and Steel,Metals & Mining,Steel,Metals & Mining,Iron,Iron Foundries,--
008970 KS Equity,KBI DONGYANG STE,KR,Common Stock,219.47M,278.28M,210.32M,--,Industrial Metals and Mining,Iron and Steel,Metals & Mining,Steel,Steel,Steel Producers,"Long, Pipe & Tubular",Pipe & Tubular
RHI AU Equity,RED HILL MINERAL,AU,Common Stock,219.32M,0,98.75M,--,Industrial Metals and Mining,General Mining,Metals & Mining,Steel,Metals & Mining,Iron,Iron Ore Mining,--
WEBC US Equity,WEBCO INDS INC,US,Common Stock,219.26M,929.01M,724.37M,--,Industrial Metals and Mining,Iron and Steel,Metals & Mining,Steel,Steel,Steel Producers,--,--
TOK AU Equity,TOLU MINERALS LT,AU,Common Stock,218.23M,--,--,--,Industrial Metals and Mining,General Mining,Metals & Mining,Gold,Metals & Mining,Precious Metals,Gold,--
2535 HK Equity,WK GROUP LTD,HK,Common Stock,218.18M,77.45M,65.21M,142,Industrial Metals and Mining,Iron and Steel,Construction & Engineering,Construction & Engineering,Engineering & Construction,Building Construction,--,--
CEMAS TI Equity,CEMAS DOKUM SANA,TR,Common Stock,217.78M,86.94M,198.74M,426,Industrial Metals and Mining,Metal Fabricating,Metals & Mining,Steel,Metals & Mining,Iron,Iron Foundries,--
NELC IN Equity,NELCAST LTD,IN,Common Stock,215.25M,227.15M,218.12M,1k,Industrial Metals and Mining,Iron and Steel,Metals & Mining,Steel,Metals & Mining,Iron,Iron Foundries,--
SSB MK Equity,SOUTHERN STEEL,MY,Common Stock,213.99M,744.37M,506.35M,--,Industrial Metals and Mining,Metal Fabricating,Metals & Mining,Steel,Industrial Intermediate Prod,Fabricated Metal & Hardware,Fabricated Metal,Structural Metal & Plate Work
2017 TT Equity,QUINTAIN STEEL,TW,Common Stock,212.46M,154.98M,652.62M,--,Industrial Metals and Mining,Iron and Steel,Metals & Mining,Steel,Steel,Steel Producers,"Long, Pipe & Tubular",Steel Wire Drawing
CUU CN Equity,COPPER FOX METAL,CA,Common Stock,211.58M,0,92.56M,--,Industrial Metals and Mining,General Mining,Metals & Mining,Copper,Metals & Mining,Base Metals,Copper,Copper Mining
CTM AU Equity,CENTAURUS METALS,AU,Common Stock,210.86M,0,39.50M,--,Industrial Metals and Mining,General Mining,Metals & Mining,Diversified Metals & Mining,Metals & Mining,Precious Metals,Gold,--
SEIL IN Equity,STEEL EXCHANGE,IN,Common Stock,210.81M,207.61M,240.55M,1k,Industrial Metals and Mining,Iron and Steel,Metals & Mining,Steel,Steel,Steel Producers,--,--
DMX CN Equity,DISTRICT METALS,CA,Common Stock,210.76M,0,15.35M,--,Industrial Metals and Mining,General Mining,Metals & Mining,Diversified Metals & Mining,Metals & Mining,Precious Metals,Silver,--
OMH AU Equity,OM HLDGS LTD,SG,Common Stock,210.72M,992.31M,1.52B,--,Industrial Metals and Mining,Nonferrous Metals,Metals & Mining,Diversified Metals & Mining,Metals & Mining,Base Metals,Manganese,--
CEMTS TI Equity,CEMTAS CELIK MAK,TR,Common Stock,209.51M,266.84M,290.40M,412,Industrial Metals and Mining,Iron and Steel,Metals & Mining,Steel,Steel,Steel Producers,--,--
2007 TT Equity,YIEH HSING,TW,Common Stock,206.52M,325.90M,624.71M,--,Industrial Metals and Mining,Iron and Steel,Metals & Mining,Steel,Steel,Steel Producers,--,--
MINE IJ Equity,SINAR TERANG MAN,ID,Common Stock,206.28M,202.64M,160.48M,166,Industrial Metals and Mining,Nonferrous Metals,Metals & Mining,Diversified Metals & Mining,Metals & Mining,Mining Services,--,--
TI CN Equity,TITAN MINING COR,CA,Common Stock,206.24M,97.52M,89.16M,--,Industrial Metals and Mining,Nonferrous Metals,Metals & Mining,Diversified Metals & Mining,Oil & Gas Supply Chain,Exploration & Production,--,--
PRG AU Equity,PRL GLOBAL LTD,AU,Common Stock,204.86M,1.48B,505.18M,454,Industrial Metals and Mining,General Mining,Metals & Mining,Diversified Metals & Mining,Metals & Mining,Mineral & Precious Stone Mining,Mineral Mining,Phosphate Rock
STRT IN Equity,STERLING TOOLS,IN,Common Stock,203.60M,186.25M,148.11M,614,Industrial Metals and Mining,Metal Fabricating,Automobile Components,Automotive Parts & Equipment,Industrial Intermediate Prod,Fabricated Metal & Hardware,Hardware,Bolts & Washers
CNC CN Equity,CANADA NICKEL CO,CA,Common Stock,202.91M,--,208.08M,--,Industrial Metals and Mining,Nonferrous Metals,Metals & Mining,Diversified Metals & Mining,Metals & Mining,Base Metals,"Nickel, Lead & Zinc",Nickel
TLG AU Equity,TALGA GROUP LTD,AU,Common Stock,202.88M,225.41k,46.10M,--,Industrial Metals and Mining,General Mining,Metals & Mining,Diversified Metals & Mining,Chemicals,Specialty Chemicals,Functional Additives,--
MDI SJ Equity,MASTER DRILLING,ZA,Common Stock,201.79M,410.78M,611.74M,--,Industrial Metals and Mining,General Mining,Metals & Mining,Diversified Metals & Mining,Metals & Mining,Mining Services,--,--
SADR AB Equity,SADR LOGISTICS C,SA,Common Stock,201.64M,45.20M,115.97M,--,General Industrials,Containers and Packaging,Commercial Services & Supplies,Office Services & Supplies,Industrial Intermediate Prod,Fabricated Metal & Hardware,--,--
MGG CN Equity,MINAURUM GOLD IN,CA,Common Stock,201.20M,0,8.68M,--,Industrial Metals and Mining,General Mining,Metals & Mining,Diversified Metals & Mining,Metals & Mining,Precious Metals,Gold,--
QTWO CN Equity,Q2 METALS CORP,CA,Common Stock,200.00M,0,54.58M,--,Industrial Metals and Mining,General Mining,Metals & Mining,Diversified Metals & Mining,Metals & Mining,Precious Metals,Gold,--
SASK CN Equity,ATHA ENERGY CORP,CA,Common Stock,199.19M,0,240.63M,--,Industrial Metals and Mining,General Mining,"Oil, Gas & Consumable Fuels",Coal & Consumable Fuels,Metals & Mining,Base Metals,Uranium,--
661 HK Equity,CHINA DAYE NON-F,HK,Common Stock,198.71M,12.19B,5.73B,5k,Industrial Metals and Mining,Copper,Metals & Mining,Copper,Metals & Mining,Base Metals,Copper,Copper Mining
SAV LN Equity,SAVANNAH RESOURC,GB,Common Stock,198.64M,0,86.49M,27,Industrial Metals and Mining,General Mining,Metals & Mining,Diversified Metals & Mining,Metals & Mining,Mineral & Precious Stone Mining,--,--
SS1 AU Equity,SUN SILVER LTD,AU,Common Stock,198.57M,180.83k,24.23M,--,Industrial Metals and Mining,General Mining,Metals & Mining,Silver,Metals & Mining,Mineral & Precious Stone Mining,Mineral Mining,--
HCU CN Equity,HORIZON COPPER C,CA,Common Stock,197.87M,19.39M,830.09M,--,Industrial Metals and Mining,General Mining,Metals & Mining,Copper,Metals & Mining,Base Metals,Copper,Copper Mining
2030 TT Equity,FROCH,TW,Common Stock,196.97M,585.60M,596.10M,--,Industrial Metals and Mining,Iron and Steel,Metals & Mining,Steel,Steel,Steel Producers,"Long, Pipe & Tubular",Pipe & Tubular
MOON CN Equity,BLUE MOON METALS,CA,Common Stock,196.81M,0,36.37M,--,Industrial Metals and Mining,General Mining,Metals & Mining,Diversified Metals & Mining,Metals & Mining,Base Metals,--,--
5658 JP Equity,NICHIA STEEL WOR,JP,Common Stock,196.53M,343.66M,773.25M,--,Industrial Metals and Mining,Metal Fabricating,Metals & Mining,Steel,Industrial Intermediate Prod,Fabricated Metal & Hardware,--,--
PGHB MK Equity,PANTECH GROUP,MY,Common Stock,195.79M,320.21M,542.62M,--,Industrial Metals and Mining,Iron and Steel,Metals & Mining,Steel,Industrial Support Services,Industrial Wholesale & Rental,Industrial Equip & Sply Whslrs,--
BWRL IN Equity,BHARAT WIRE ROPE,IN,Common Stock,195.66M,104.42M,150.31M,605,Industrial Metals and Mining,Iron and Steel,Metals & Mining,Steel,Electrical Equipment,Electrical Components,--,--
ARR AU Equity,AMERICAN RARE EA,AU,Common Stock,193.91M,0,31.33M,--,Industrial Metals and Mining,General Mining,Metals & Mining,Diversified Metals & Mining,Metals & Mining,Base Metals,--,--
PEK AU Equity,PEAK RARE EARTHS,AU,Common Stock,193.65M,0,72.59M,--,Industrial Metals and Mining,General Mining,Metals & Mining,Diversified Metals & Mining,Metals & Mining,Mineral & Precious Stone Mining,Mineral Mining,Rare Earth
AU CN Equity,AURION RESOURCES,CA,Common Stock,192.85M,0,81.24M,--,Industrial Metals and Mining,General Mining,Metals & Mining,Precious Metals & Minerals,Metals & Mining,Base Metals,--,--
018470 KS Equity,CHOIL ALUMINIUM,KR,Common Stock,192.55M,554.09M,461.10M,337,Industrial Metals and Mining,Aluminum,Metals & Mining,Aluminum,Metals & Mining,Base Metals,Aluminum,Aluminum Smelting & Refining
MCS TB Equity,M.C.S. STEEL PCL,TH,Common Stock,192.35M,235.89M,285.43M,--,Industrial Metals and Mining,Iron and Steel,Metals & Mining,Steel,Steel,Steel Producers,--,--
HODL CN Equity,SOL STRATEGIES I,CA,Common Stock,191.85M,165.95k,30.84M,--,Industrial Metals and Mining,General Mining,Capital Markets,Asset Management & Custody Banks,Asset Management,Investment Companies,Investment Holding Companies,--
ISMQ EY Equity,IRON & STEEL FOR,EG,Common Stock,191.71M,42.08M,40.44M,--,Industrial Metals and Mining,Iron and Steel,Metals & Mining,Steel,Metals & Mining,Mineral & Precious Stone Mining,Mineral Mining,--
GNDI IN Equity,GANDHI SPECIAL T,IN,Common Stock,191.64M,31.31M,53.57M,385,Industrial Metals and Mining,Iron and Steel,Metals & Mining,Steel,Steel,Steel Producers,"Long, Pipe & Tubular",Pipe & Tubular
1231 HK Equity,NEWTON RESOURCES,CN,Common Stock,190.90M,65.32M,15.82M,31,Industrial Metals and Mining,Iron and Steel,Trading Companies & Distributors,Trading Companies & Distributors,Metals & Mining,Metals & Ore Whslrs & Traders,--,--
BM1 AU Equity,BALLARD MINING L,AU,Common Stock,190.40M,--,--,--,Industrial Metals and Mining,Nonferrous Metals,Metals & Mining,Gold,Metals & Mining,Precious Metals,Gold,--
AEC CN Equity,ANFIELD ENERGY I,CA,Common Stock,188.51M,0,89.90M,--,Industrial Metals and Mining,General Mining,"Oil, Gas & Consumable Fuels",Coal & Consumable Fuels,Metals & Mining,Base Metals,Uranium,--
AUTLANB MM Equity,AUTLAN-B,MX,Common Stock,188.15M,474.52M,1.06B,2k,Industrial Metals and Mining,General Mining,Metals & Mining,Steel,Metals & Mining,Iron,Iron Ore Mining,--
004560 KS Equity,HYUNDAI BNG STEE,KR,Common Stock,187.04M,884.30M,824.10M,--,Industrial Metals and Mining,Iron and Steel,Metals & Mining,Steel,Steel,Steel Producers,--,--
CUSN CN Equity,CORNISH METALS I,CA,Common Stock,185.35M,0,138.72M,--,Industrial Metals and Mining,General Mining,Metals & Mining,Diversified Metals & Mining,Metals & Mining,Base Metals,--,--
5013 TT Equity,NEW BEST WIRE,TW,Common Stock,185.34M,375.02M,420.40M,--,Industrial Metals and Mining,Metal Fabricating,Electrical Equipment,Electrical Components & Equipment,Steel,Steel Producers,--,--
ZEO AU Equity,ZEOTECH LTD,AU,Common Stock,184.79M,775.12k,12.84M,--,Industrial Metals and Mining,General Mining,Metals & Mining,Diversified Metals & Mining,Metals & Mining,Mineral & Precious Stone Mining,Mineral Mining,--
NEXM CN Equity,NEXMETALS MINING,CA,Common Stock,184.44M,0,28.04M,--,Industrial Metals and Mining,General Mining,Metals & Mining,Diversified Metals & Mining,Metals & Mining,Base Metals,"Nickel, Lead & Zinc",--
433 HK Equity,NORTH MINING SHA,HK,Common Stock,184.11M,215.80M,320.18M,613,Industrial Metals and Mining,General Mining,Metals & Mining,Diversified Metals & Mining,Metals & Mining,Mineral & Precious Stone Mining,Mineral Mining,--
CAA AU Equity,CAPRAL LTD,AU,Common Stock,183.59M,649.70M,472.42M,--,Industrial Metals and Mining,Aluminum,Metals & Mining,Aluminum,Metals & Mining,Base Metals,Aluminum,Bauxite Mining
LUISAI1 PE Equity,SANTA LUISA,PE,Common Stock,183.46M,188.93M,225.28M,--,Industrial Metals and Mining,Nonferrous Metals,Metals & Mining,Diversified Metals & Mining,Metals & Mining,Base Metals,"Nickel, Lead & Zinc",--
005160 KS Equity,DONGKUK IND,KR,Common Stock,182.70M,878.64M,1.03B,--,Industrial Metals and Mining,Iron and Steel,Metals & Mining,Steel,Steel,Steel Producers,Flat Rolled,--
FNI PM Equity,GLOBAL FERRONICK,PH,Common Stock,182.68M,201.50M,474.86M,--,Industrial Metals and Mining,Nonferrous Metals,Metals & Mining,Diversified Metals & Mining,Metals & Mining,Base Metals,"Nickel, Lead & Zinc",Nickel
LQMT US Equity,LIQUIDMETAL TECH,US,Common Stock,182.65M,1.30M,49.15M,--,Industrial Metals and Mining,Nonferrous Metals,Metals & Mining,Diversified Metals & Mining,Industrial Intermediate Prod,Fabricated Metal & Hardware,--,--
WGO CN Equity,WHITE GOLD CORP,CA,Common Stock,181.85M,0,155.03M,--,Industrial Metals and Mining,General Mining,Metals & Mining,Diversified Metals & Mining,Metals & Mining,Precious Metals,Gold,--
SCODATUB IN Equity,SCODA TUBES LTD,IN,Common Stock,181.73M,--,--,--,Industrial Metals and Mining,Iron and Steel,Metals & Mining,Steel,Industrial Intermediate Prod,Fabricated Metal & Hardware,Hardware,Fabricated Pipe & Pipe Fitting
KLD CN Equity,KENORLAND MINERA,CA,Common Stock,181.33M,3.16M,26.59M,--,Industrial Metals and Mining,General Mining,Metals & Mining,Diversified Metals & Mining,Metals & Mining,Mineral & Precious Stone Mining,Mineral Mining,--
AJR MK Equity,ANN JOO RESOURCE,MY,Common Stock,181.08M,837.74M,1.10B,--,Industrial Metals and Mining,Iron and Steel,Metals & Mining,Steel,Steel,Steel Producers,--,--
BMM CN Equity,BLACK MAMMOTH ME,CA,Common Stock,181.01M,0,7.98M,--,Industrial Metals and Mining,General Mining,Metals & Mining,Diversified Metals & Mining,Metals & Mining,Precious Metals,Gold,--
460850 KS Equity,DONGKUK CM CO LT,KR,Common Stock,180.55M,--,1.93B,990,Industrial Metals and Mining,Iron and Steel,Metals & Mining,Steel,Steel,Steel Producers,--,--
054540 KS Equity,SAMYOUNG M-TEK,KR,Common Stock,180.24M,131.22M,126.72M,--,Industrial Metals and Mining,Iron and Steel,Machinery,Industrial Machinery & Supplies & Components,Industrial Intermediate Prod,Fabricated Metal & Hardware,Fabricated Metal,Machine Shops
VTM AU Equity,VICTORY METALS L,AU,Common Stock,179.85M,0,11.02M,--,Industrial Metals and Mining,General Mining,Metals & Mining,Diversified Metals & Mining,Metals & Mining,Precious Metals,Gold,--
BMW IN Equity,BMW INDUSTRIES L,IN,Common Stock,179.66M,107.06M,190.24M,500,Industrial Metals and Mining,Metal Fabricating,Metals & Mining,Steel,Steel,Steel Producers,"Long, Pipe & Tubular",--
ACNT US Equity,ASCENT INDUSTRIE,US,Common Stock,179.57M,269.77M,238.08M,--,Industrial Metals and Mining,Iron and Steel,Metals & Mining,Steel,Steel,Metal Svc Centers & Processors,Steel Processors,--
CPM PM Equity,CENTURY PEAK HOL,PH,Common Stock,179.30M,81.21M,301.84M,--,Industrial Metals and Mining,General Mining,Metals & Mining,Diversified Metals & Mining,Metals & Mining,Base Metals,"Nickel, Lead & Zinc",--
KEFI LN Equity,KEFI GOLD AND CO,CY,Common Stock,178.32M,0,79.14M,58,Industrial Metals and Mining,General Mining,Metals & Mining,Diversified Metals & Mining,Metals & Mining,Precious Metals,Gold,--
GALAPREC IN Equity,GALA PRECISION E,IN,Common Stock,176.64M,43.16M,59.88M,335,Industrial Metals and Mining,Metal Fabricating,Machinery,Industrial Machinery & Supplies & Components,Industrial Intermediate Prod,Fabricated Metal & Hardware,Fabricated Metal,--
HTVB MK Equity,HIAP TECK VENTUR,MY,Common Stock,176.06M,546.57M,698.78M,--,Industrial Metals and Mining,Iron and Steel,Metals & Mining,Steel,Steel,Metal Svc Centers & Processors,Steel Processors,--
HGM SP Equity,HG METAL MANUFAC,SG,Common Stock,175.47M,179.14M,200.71M,--,Industrial Metals and Mining,Iron and Steel,Trading Companies & Distributors,Trading Companies & Distributors,Steel,Steel Producers,"Long, Pipe & Tubular",Pipe & Tubular
5922 JP Equity,NASU DENKI TEKKO,JP,Common Stock,174.88M,231.00M,466.50M,--,Industrial Metals and Mining,Iron and Steel,Metals & Mining,Steel,Industrial Intermediate Prod,Fabricated Metal & Hardware,Fabricated Metal,Structural Metal & Plate Work
000970 KS Equity,KOREA CAST IRON,KR,Common Stock,174.22M,466.31M,469.89M,--,Industrial Metals and Mining,Metal Fabricating,Building Products,Building Products,Metals & Mining,Iron,Iron Foundries,--
ENGT MK Equity,ENGTEX GROUP BHD,MY,Common Stock,173.14M,484.98M,567.23M,--,Industrial Metals and Mining,Metal Fabricating,Trading Companies & Distributors,Trading Companies & Distributors,Retail - Discretionary,Home Products Stores,Building Materials Dealers,--
505 HK Equity,XINGYE ALLOY MAT,CN,Common Stock,171.73M,1.70B,1.26B,2k,Industrial Metals and Mining,Copper,Electrical Equipment,Electrical Components & Equipment,Metals & Mining,Base Metals,Copper,Copper Smelting & Refining
ETL IN Equity,EMKAY TOOLS LTD,IN,Common Stock,171.61M,21.15M,20.69M,--,Industrial Metals and Mining,Metal Fabricating,Machinery,Industrial Machinery & Supplies & Components,Machinery,Other Machinery & Equipment,Tools,--
NTI NO Equity,NORSK TITANIUM A,NO,Common Stock,171.47M,6.79M,63.65M,--,Industrial Metals and Mining,Metal Fabricating,Aerospace & Defense,Aerospace & Defense,Industrial Intermediate Prod,Fabricated Metal & Hardware,--,--
MUGHAL PA Equity,MUGHAL IRON & ST,PK,Common Stock,171.26M,491.85M,368.87M,--,Industrial Metals and Mining,Iron and Steel,Metals & Mining,Steel,Steel,Steel Producers,--,--
GJS TB Equity,G J STEEL PCL,TH,Common Stock,170.29M,513.15M,556.91M,--,Industrial Metals and Mining,Iron and Steel,Metals & Mining,Steel,Steel,Steel Producers,--,--
A1G AU Equity,AFRICAN GOLD LTD,AU,Common Stock,170.04M,0,9.15M,--,Industrial Metals and Mining,General Mining,Metals & Mining,Gold,Metals & Mining,Precious Metals,Gold,--
IFSH IJ Equity,IFISHDECO TBK PT,ID,Common Stock,169.20M,93.03M,100.20M,208,Industrial Metals and Mining,General Mining,Metals & Mining,Diversified Metals & Mining,Metals & Mining,Base Metals,"Nickel, Lead & Zinc",Nickel
SSV CN Equity,SOUTHERN SILVER,CA,Common Stock,169.06M,0,43.48M,--,Industrial Metals and Mining,General Mining,Metals & Mining,Precious Metals & Minerals,Metals & Mining,Precious Metals,Silver,--
QGL AU Equity,QUANTUM GRAPHITE,AU,Common Stock,169.04M,0,22.60M,--,Industrial Metals and Mining,General Mining,Metals & Mining,Diversified Metals & Mining,Metals & Mining,Mineral & Precious Stone Mining,--,--
HCH AU Equity,HOT CHILI LTD,AU,Common Stock,168.73M,0,250.88M,--,Industrial Metals and Mining,Copper,Metals & Mining,Copper,Metals & Mining,Base Metals,Copper,--
SOMA CN Equity,SOMA GOLD CORP,CA,Common Stock,168.26M,98.93M,89.04M,--,Industrial Metals and Mining,General Mining,Metals & Mining,Gold,Metals & Mining,Precious Metals,Gold,--
NNBR US Equity,NN INC,US,Common Stock,167.81M,704.17M,738.71M,--,Industrial Metals and Mining,Metal Fabricating,Machinery,Industrial Machinery & Supplies & Components,Industrial Intermediate Prod,Fabricated Metal & Hardware,Fabricated Metal,--
ENR AU Equity,ENCOUNTER RESOUR,AU,Common Stock,167.64M,0,37.93M,--,Industrial Metals and Mining,General Mining,Metals & Mining,Diversified Metals & Mining,Metals & Mining,Base Metals,Uranium,--
FNM CN Equity,FIRST NORDIC MET,CA,Common Stock,166.99M,0,30.77M,--,Industrial Metals and Mining,General Mining,Metals & Mining,Gold,Metals & Mining,Precious Metals,--,--
025820 KS Equity,LEE KU INDUS,KR,Common Stock,166.58M,525.09M,359.78M,166,Industrial Metals and Mining,Nonferrous Metals,Metals & Mining,Diversified Metals & Mining,Metals & Mining,Base Metals,Copper,Copper Smelting & Refining
FURY CN Equity,FURY GOLD MINES,CA,Common Stock,166.39M,0,95.63M,--,Industrial Metals and Mining,General Mining,Metals & Mining,Gold,Metals & Mining,Precious Metals,Gold,--
AEROENTE IN Equity,AEROFLEX ENTERPR,IN,Common Stock,165.79M,104.99M,182.66M,--,Industrial Metals and Mining,Iron and Steel,Metals & Mining,Steel,Containers & Packaging,Containers & Packaging,Metal Containers & Packaging,--
139990 KS Equity,AJU STEEL CO LTD,KR,Common Stock,165.17M,1.11B,1.05B,--,Industrial Metals and Mining,Iron and Steel,Metals & Mining,Steel,Steel,Steel Producers,--,--
KTN CN Equity,KOOTENAY SILVER,CA,Common Stock,163.76M,0,96.10M,--,Industrial Metals and Mining,General Mining,Metals & Mining,Silver,Metals & Mining,Precious Metals,Silver,--
GBZ AU Equity,GBM RESOURCES,AU,Common Stock,163.01M,0,61.14M,--,Industrial Metals and Mining,General Mining,Metals & Mining,Gold,Metals & Mining,Precious Metals,Gold,--
MGA CN Equity,MEGA URANIUM LTD,CA,Common Stock,162.83M,0,212.40M,--,Industrial Metals and Mining,Nonferrous Metals,"Oil, Gas & Consumable Fuels",Coal & Consumable Fuels,Metals & Mining,Base Metals,Uranium,--
CINTAC CI Equity,CINTAC,CL,Common Stock,162.46M,522.84M,956.81M,--,Industrial Metals and Mining,Iron and Steel,Metals & Mining,Steel,Steel,Metal Svc Centers & Processors,Steel Processors,--
TRG SM Equity,TUBOS REUNIDOS,ES,Common Stock,162.42M,531.37M,772.31M,1k,Industrial Metals and Mining,Iron and Steel,Metals & Mining,Steel,Steel,Steel Producers,"Long, Pipe & Tubular",Pipe & Tubular
EGR AU Equity,ECOGRAF LTD,AU,Common Stock,162.10M,3.72M,49.94M,--,Industrial Metals and Mining,Metal Fabricating,Metals & Mining,Diversified Metals & Mining,Chemicals,Specialty Chemicals,Advanced Materials,Graphite Products
BHM AU Equity,BROKEN HILL MINE,AU,Common Stock,161.21M,101.25k,24.54M,--,Industrial Metals and Mining,General Mining,Metals & Mining,Diversified Metals & Mining,Metals & Mining,Mineral & Precious Stone Mining,Mineral Mining,--
001080 KS Equity,MANHO ROPE & WIR,KR,Common Stock,160.58M,168.66M,237.35M,160,Industrial Metals and Mining,Iron and Steel,Metals & Mining,Steel,Industrial Intermediate Prod,Fabricated Metal & Hardware,Fabricated Metal,Wire Products
FHE AU Equity,FRONTIER ENERGY,AU,Common Stock,159.72M,797.02k,83.41M,--,Industrial Metals and Mining,General Mining,Independent Power and Renewable Electricity Producers,Renewable Electricity,Renewable Energy,Renewable Energy Project Dev,Development & Construction,Solar Plant Construction
008350 KS Equity,NAMSUN ALUMINUM,KR,Common Stock,158.28M,321.91M,442.56M,--,Industrial Metals and Mining,Aluminum,Metals & Mining,Aluminum,Home Construction,Building Products,Windows & Doors,Windows
PROFB SS Equity,PROFILGRUPPEN-B,SE,Common Stock,158.12M,325.84M,198.29M,502,Industrial Metals and Mining,Aluminum,Metals & Mining,Aluminum,Industrial Intermediate Prod,Fabricated Metal & Hardware,--,--
PGLOBAL MK Equity,PANTECH GLOBAL B,MY,Common Stock,157.98M,--,266.71M,--,Industrial Metals and Mining,Iron and Steel,Metals & Mining,Steel,Steel,Steel Producers,--,--
RNU AU Equity,RENASCOR RESOURC,AU,Common Stock,157.68M,0,171.09M,--,Industrial Metals and Mining,Nonferrous Metals,Metals & Mining,Diversified Metals & Mining,Metals & Mining,Mineral & Precious Stone Mining,--,--
BKST IN Equity,BEEKAY STEEL IND,IN,Common Stock,156.88M,182.67M,268.51M,864,Industrial Metals and Mining,Iron and Steel,Metals & Mining,Steel,Industrial Intermediate Prod,Fabricated Metal & Hardware,--,--
1029 HK Equity,IRC LTD,HK,Common Stock,156.83M,335.42M,720.83M,2k,Industrial Metals and Mining,Iron and Steel,Metals & Mining,Steel,Metals & Mining,Iron,Iron Ore Mining,--
WM CN Equity,WALLBRIDGE MININ,CA,Common Stock,156.60M,0,363.82M,--,Industrial Metals and Mining,Nonferrous Metals,Metals & Mining,Diversified Metals & Mining,Metals & Mining,Precious Metals,Gold,--
KOV AU Equity,KORVEST LTD,AU,Common Stock,156.31M,119.57M,90.38M,262,Industrial Metals and Mining,Metal Fabricating,Machinery,Industrial Machinery & Supplies & Components,Engineering & Construction,Building Construction,--,--
ERM AU Equity,EMMERSON RESOURC,AU,Common Stock,155.74M,161.40k,9.51M,--,Industrial Metals and Mining,General Mining,Metals & Mining,Gold,Metals & Mining,Precious Metals,Gold,--
INIL PA Equity,INTL INDUS,PK,Common Stock,155.69M,474.34M,415.34M,930,Industrial Metals and Mining,Iron and Steel,Metals & Mining,Steel,Steel,Steel Producers,"Long, Pipe & Tubular",Pipe & Tubular
GRO US Equity,BRAZIL POTASH CO,CA,Common Stock,154.96M,--,228.06M,--,Industrial Metals and Mining,General Mining,Chemicals,Fertilizers & Agricultural Chemicals,Metals & Mining,Mineral & Precious Stone Mining,Mineral Mining,"Potash, Soda, Borate"
BSX CN Equity,BELO SUN MINING,CA,Common Stock,154.69M,0,26.22M,--,Industrial Metals and Mining,General Mining,Metals & Mining,Gold,Metals & Mining,Precious Metals,Gold,--
5484 JP Equity,TOHOKU STEEL,JP,Common Stock,154.20M,213.26M,363.77M,--,Industrial Metals and Mining,Iron and Steel,Metals & Mining,Steel,Industrial Intermediate Prod,Fabricated Metal & Hardware,Fabricated Metal,Forging & Stamping
CSCS MK Equity,CSC STEEL HOLDIN,MY,Common Stock,153.28M,502.24M,350.18M,--,Industrial Metals and Mining,Iron and Steel,Metals & Mining,Steel,Steel,Steel Producers,Flat Rolled,--
LKY AU Equity,LOCKSLEY RESOURC,AU,Common Stock,152.78M,32.99k,8.63M,--,Industrial Metals and Mining,General Mining,Metals & Mining,Diversified Metals & Mining,Metals & Mining,Base Metals,Copper,--
INOX TB Equity,POSCO-THAINOX,TH,Common Stock,152.53M,618.69M,563.35M,--,Industrial Metals and Mining,Iron and Steel,Metals & Mining,Steel,Steel,Steel Producers,Flat Rolled,--
PWM CN Equity,POWER METALS COR,CA,Common Stock,151.52M,0,13.54M,--,Industrial Metals and Mining,General Mining,Metals & Mining,Diversified Metals & Mining,Metals & Mining,Mineral & Precious Stone Mining,Mineral Mining,Lithium
100130 KS Equity,DONGKUK STRUCTUR,KR,Common Stock,151.04M,184.31M,339.82M,--,Industrial Metals and Mining,Iron and Steel,Construction & Engineering,Construction & Engineering,Industrial Intermediate Prod,Fabricated Metal & Hardware,Fabricated Metal,Structural Metal & Plate Work
TEMBO IN Equity,TEMBO GLOBAL IND,IN,Common Stock,150.96M,134.88M,107.54M,--,Industrial Metals and Mining,Iron and Steel,Metals & Mining,Steel,Steel,Steel Producers,--,--
FSY CN Equity,FORSYS METALS CO,CA,Common Stock,149.99M,0,24.30M,--,Industrial Metals and Mining,General Mining,"Oil, Gas & Consumable Fuels",Coal & Consumable Fuels,Metals & Mining,Base Metals,Uranium,--
069460 KS Equity,DAEHO AL CO LTD,KR,Common Stock,149.84M,187.37M,164.21M,--,Industrial Metals and Mining,Aluminum,Metals & Mining,Aluminum,Metals & Mining,Base Metals,Aluminum,Aluminum Smelting & Refining
024090 KS Equity,DCM CORP,KR,Common Stock,148.99M,267.85M,321.02M,203,Industrial Metals and Mining,Iron and Steel,Metals & Mining,Steel,Steel,Steel Producers,--,--
VMM AU Equity,VIRIDIS MINING A,AU,Common Stock,148.87M,0,21.68M,--,Industrial Metals and Mining,General Mining,Metals & Mining,Diversified Metals & Mining,Metals & Mining,Mineral & Precious Stone Mining,Mineral Mining,--
SYGIL IN Equity,SYNERGY GREEN IN,IN,Common Stock,148.70M,65.74M,64.05M,203,Industrial Metals and Mining,Iron and Steel,Machinery,Industrial Machinery & Supplies & Components,Industrial Intermediate Prod,Fabricated Metal & Hardware,--,--
EL8 AU Equity,ELEVATE URANIUM,AU,Common Stock,148.46M,0,25.46M,--,Industrial Metals and Mining,General Mining,"Oil, Gas & Consumable Fuels",Coal & Consumable Fuels,Metals & Mining,Base Metals,Uranium,--
120030 KS Equity,CHOSUN STEEL,KR,Common Stock,148.05M,56.60M,184.03M,108,Industrial Metals and Mining,Iron and Steel,Metals & Mining,Steel,Steel,Steel Producers,--,--
019440 KS Equity,SEAH SPECIAL STE,KR,Common Stock,147.97M,1.12B,754.68M,--,Industrial Metals and Mining,Metal Fabricating,Metals & Mining,Steel,Steel,Steel Producers,Specialty Metals,--
ERBOS TI Equity,ERBOSAN ERCIYAS,TR,Common Stock,147.81M,208.44M,189.84M,325,Industrial Metals and Mining,Iron and Steel,Metals & Mining,Steel,Steel,Steel Producers,"Long, Pipe & Tubular",Pipe & Tubular
2038 TT Equity,HAI KWANG,TW,Common Stock,147.50M,459.30M,502.71M,--,Industrial Metals and Mining,Iron and Steel,Metals & Mining,Steel,Steel,Steel Producers,--,--
WATANI AB Equity,WATANI IRON STEE,SA,Common Stock,146.15M,223.62M,159.26M,--,Industrial Metals and Mining,Metal Fabricating,Metals & Mining,Steel,Steel,Steel Producers,--,--
DBG CN Equity,DOUBLEVIEW GOLD,CA,Common Stock,144.56M,0,30.64M,--,Industrial Metals and Mining,General Mining,Metals & Mining,Diversified Metals & Mining,Metals & Mining,Precious Metals,--,--
023440 KS Equity,J STEEL CO HOLDI,KR,Common Stock,143.90M,31.54M,115.80M,--,Industrial Metals and Mining,Iron and Steel,Metals & Mining,Steel,Steel,Metal Svc Centers & Processors,Steel Processors,--
GLN AU Equity,GALAN LITHIUM LT,AU,Common Stock,142.81M,581.35k,174.26M,--,Industrial Metals and Mining,General Mining,Metals & Mining,Diversified Metals & Mining,Metals & Mining,Mineral & Precious Stone Mining,Mineral Mining,Lithium
FMIL SP Equity,FORTRESS MINERAL,MY,Common Stock,142.35M,86.03M,166.33M,--,Industrial Metals and Mining,Iron and Steel,Metals & Mining,Steel,Metals & Mining,Iron,Iron Ore Mining,--
ALM MC Equity,ALUMINIUM DU MAR,MA,Common Stock,142.30M,189.68M,171.99M,642,Industrial Metals and Mining,Aluminum,Building Products,Building Products,Metals & Mining,Base Metals,Aluminum,Aluminum Smelting & Refining
MLG AU Equity,MLG OZ LTD,AU,Common Stock,141.77M,548.30M,319.26M,--,Industrial Metals and Mining,General Mining,Metals & Mining,Diversified Metals & Mining,Retail - Discretionary,Home Products Stores,Building Materials Dealers,Brick & Stone Bldg Matl Dealers
1589 TT Equity,YEONG GUAN,CN,Common Stock,141.55M,340.18M,1.27B,--,Industrial Metals and Mining,Metal Fabricating,Metals & Mining,Steel,Machinery,Metalworking Machinery,Industrial Mold,--
ATLX US Equity,ATLAS LITHIUM IN,BR,Common Stock,140.14M,1.01M,8.34M,--,Industrial Metals and Mining,General Mining,Metals & Mining,Precious Metals & Minerals,Metals & Mining,Mineral & Precious Stone Mining,--,--
5921 JP Equity,KAWAGISHI BRIDGE,JP,Common Stock,139.78M,278.42M,344.08M,--,Industrial Metals and Mining,Iron and Steel,Construction & Engineering,Construction & Engineering,Engineering & Construction,Building Construction,--,--
GENM CN Equity,GENERATION MININ,CA,Common Stock,139.53M,0,9.38M,--,Industrial Metals and Mining,General Mining,Metals & Mining,Precious Metals & Minerals,Metals & Mining,Base Metals,--,--
GAGR IT Equity,GAON GROUP LTD,IL,Common Stock,139.30M,268.22M,439.31M,--,Industrial Metals and Mining,Iron and Steel,Metals & Mining,Steel,Steel,Steel Producers,"Long, Pipe & Tubular",Pipe & Tubular
AFAGR FH Equity,AFARAK GROUP SE,FI,Common Stock,139.20M,211.00M,270.40M,613,Industrial Metals and Mining,Iron and Steel,Metals & Mining,Steel,Metals & Mining,Base Metals,--,--
ETM AU Equity,ENERGY TRANSITIO,AU,Common Stock,138.60M,568.00k,17.27M,--,Industrial Metals and Mining,General Mining,Metals & Mining,Diversified Metals & Mining,Metals & Mining,Mineral & Precious Stone Mining,Mineral Mining,Rare Earth
STM AU Equity,SUNSTONE METALS,AU,Common Stock,137.96M,0,95.06M,22,Industrial Metals and Mining,General Mining,Metals & Mining,Diversified Metals & Mining,Metals & Mining,Base Metals,--,--
ARFI IN Equity,ARFIN INDIA LTD,IN,Common Stock,137.60M,27.83M,64.48M,279,Industrial Metals and Mining,Nonferrous Metals,Metals & Mining,Aluminum,Metals & Mining,Base Metals,Aluminum,--
PSC AU Equity,PROSPECT RESOURC,AU,Common Stock,137.21M,0,27.31M,--,Industrial Metals and Mining,Nonferrous Metals,Metals & Mining,Diversified Metals & Mining,Metals & Mining,Mineral & Precious Stone Mining,Mineral Mining,Lithium
WENTEL MK Equity,WENTEL ENGINEERI,MY,Common Stock,136.96M,37.31M,77.40M,--,Industrial Metals and Mining,Metal Fabricating,Metals & Mining,Diversified Metals & Mining,Industrial Intermediate Prod,Fabricated Metal & Hardware,--,--
ELO CN Equity,ELORO RESOURCES,CA,Common Stock,136.95M,0,66.27M,--,Industrial Metals and Mining,General Mining,Metals & Mining,Diversified Metals & Mining,Metals & Mining,Precious Metals,Gold,--
KAMD IN Equity,KAMDHENU LTD,IN,Common Stock,136.46M,135.65M,69.01M,570,Industrial Metals and Mining,Iron and Steel,Metals & Mining,Steel,Steel,Steel Producers,--,--
NANO CN Equity,NANO ONE MATERIA,CA,Common Stock,135.56M,0,28.84M,--,Industrial Metals and Mining,General Mining,Chemicals,Specialty Chemicals,Chemicals,Specialty Chemicals,Electronic Chemicals,--
SRL US Equity,SCULLY ROYALTY L,CN,Common Stock,134.47M,53.54M,708.32M,216,Industrial Metals and Mining,Iron and Steel,Metals & Mining,Steel,Metals & Mining,Iron,Iron Ore Mining,--
ALL LN Equity,ATLANTIC LITHIUM,AU,Common Stock,133.87M,683.22k,44.48M,--,Industrial Metals and Mining,General Mining,Metals & Mining,Diversified Metals & Mining,Metals & Mining,Mineral & Precious Stone Mining,Mineral Mining,Lithium
RATNAVEE IN Equity,RATNAVEER PRECIS,IN,Common Stock,133.74M,161.85M,139.79M,137,Industrial Metals and Mining,Iron and Steel,Metals & Mining,Steel,Steel,Steel Producers,--,--
ENGC EY Equity,ENGINEER INDUST,EG,Common Stock,132.59M,212.70M,221.35M,--,Construction and Materials,Building Materials: Other,Metals & Mining,Steel,Industrial Intermediate Prod,Fabricated Metal & Hardware,Fabricated Metal,Sheet Metal
DRE AU Equity,DREADNOUGHT RESO,AU,Common Stock,132.07M,--,53.25M,--,Industrial Metals and Mining,General Mining,Metals & Mining,Diversified Metals & Mining,Metals & Mining,Precious Metals,Gold,--
2022 TT Equity,TYCOONS,TW,Common Stock,131.56M,378.04M,453.89M,--,Industrial Metals and Mining,Iron and Steel,Machinery,Industrial Machinery & Supplies & Components,Steel,Steel Producers,--,--
MDX AU Equity,MINDAX LTD,AU,Common Stock,131.53M,33.53k,26.73M,--,Industrial Metals and Mining,General Mining,Metals & Mining,Gold,Metals & Mining,Precious Metals,Gold,--
ZIOC LN Equity,ZANAGA IRON - DI,VG,Common Stock,131.26M,0,139.56M,--,Industrial Metals and Mining,Iron and Steel,Metals & Mining,Steel,Metals & Mining,Iron,Iron Ore Mining,--
LRA CN Equity,LARA EXPLORATION,CA,Common Stock,131.01M,0,9.66M,--,Industrial Metals and Mining,General Mining,Metals & Mining,Diversified Metals & Mining,Metals & Mining,Precious Metals,Gold,--
GPH CN Equity,GRAPHITE ONE INC,CA,Common Stock,130.94M,0,75.70M,--,Industrial Metals and Mining,General Mining,Metals & Mining,Diversified Metals & Mining,Metals & Mining,Precious Metals,--,--
SVE CN Equity,SILVER ONE RESOU,CA,Common Stock,130.46M,0,48.07M,--,Industrial Metals and Mining,General Mining,Metals & Mining,Silver,Metals & Mining,Precious Metals,Silver,--
EUR AU Equity,EUROPEAN LITHIUM,AU,Common Stock,130.20M,0,109.84M,--,Industrial Metals and Mining,General Mining,Metals & Mining,Diversified Metals & Mining,Metals & Mining,Mineral & Precious Stone Mining,Mineral Mining,Lithium
TMT TB Equity,TMT STEEL PCL,TH,Common Stock,129.65M,828.63M,409.41M,--,Industrial Metals and Mining,Iron and Steel,Metals & Mining,Steel,Steel,Steel Producers,--,--
PZG US Equity,PARAMOUNT GOLD N,US,Common Stock,128.94M,0,84.45M,--,Industrial Metals and Mining,General Mining,Metals & Mining,Gold,Metals & Mining,Precious Metals,--,--
GPH BD Equity,GPH ISPAT LTD,BD,Common Stock,128.72M,770.17M,1.15B,--,Industrial Metals and Mining,Iron and Steel,Metals & Mining,Steel,Construction Materials,Cement & Aggregates,--,--
GPR AU Equity,GEOPACIFIC RESOU,AU,Common Stock,127.92M,0,76.31M,--,Industrial Metals and Mining,General Mining,Metals & Mining,Gold,Metals & Mining,Base Metals,--,--
012800 KS Equity,DAECHANG CO LTD,KR,Common Stock,127.56M,1.49B,916.98M,--,Industrial Metals and Mining,Nonferrous Metals,Metals & Mining,Diversified Metals & Mining,Metals & Mining,Base Metals,Copper,Copper Smelting & Refining
FEAM US Equity,5E ADVANCED MATE,US,Common Stock,127.54M,0,134.11M,--,Industrial Metals and Mining,General Mining,Metals & Mining,Diversified Metals & Mining,Metals & Mining,Mineral & Precious Stone Mining,--,--
ORN AU Equity,ORION MINERALS L,AU,Common Stock,127.54M,0,136.60M,--,Industrial Metals and Mining,General Mining,Metals & Mining,Diversified Metals & Mining,Metals & Mining,Precious Metals,Gold,--
ASM AU Equity,AUSTRALIAN STRAT,AU,Common Stock,127.47M,3.17M,227.17M,--,Industrial Metals and Mining,Nonferrous Metals,Metals & Mining,Diversified Metals & Mining,Metals & Mining,Mineral & Precious Stone Mining,Mineral Mining,Rare Earth
UULI MK Equity,UNITED U-LI CORP,MY,Common Stock,127.34M,84.12M,160.95M,--,Industrial Metals and Mining,Metal Fabricating,Building Products,Building Products,Industrial Intermediate Prod,Fabricated Metal & Hardware,--,--
SCOT CN Equity,SCOTTIE RESOURCE,CA,Common Stock,125.39M,0,12.94M,--,Industrial Metals and Mining,General Mining,Metals & Mining,Precious Metals & Minerals,Metals & Mining,Precious Metals,--,--
LTH CN Equity,LITHIUM IONIC CO,CA,Common Stock,125.37M,0,36.71M,--,Industrial Metals and Mining,Nonferrous Metals,Metals & Mining,Diversified Metals & Mining,Metals & Mining,Mineral & Precious Stone Mining,Mineral Mining,Lithium
TMRC US Equity,TEXAS MINERAL RE,US,Common Stock,125.16M,0,1.34M,--,Industrial Metals and Mining,General Mining,Metals & Mining,Diversified Metals & Mining,Metals & Mining,Mineral & Precious Stone Mining,--,--
HAN CN Equity,HANNAN METALS LT,CA,Common Stock,124.94M,0,7.59M,--,Industrial Metals and Mining,General Mining,Metals & Mining,Diversified Metals & Mining,Metals & Mining,Base Metals,--,--
PGE CN Equity,STILLWATER CRITI,CA,Common Stock,124.91M,0,6.48M,--,Industrial Metals and Mining,General Mining,Metals & Mining,Diversified Metals & Mining,Metals & Mining,Precious Metals,Gold,--
2069 TT Equity,YUEN CHANG STAIN,TW,Common Stock,124.34M,506.09M,452.21M,--,Industrial Metals and Mining,Iron and Steel,Metals & Mining,Steel,Steel,Steel Producers,--,--
GSTEEL TB Equity,G STEEL PCL,TH,Common Stock,124.25M,360.11M,395.25M,--,Industrial Metals and Mining,Iron and Steel,Metals & Mining,Steel,Steel,Steel Producers,Flat Rolled,--
AGE AU Equity,ALLIGATOR ENERGY,AU,Common Stock,124.24M,0,68.14M,--,Industrial Metals and Mining,General Mining,"Oil, Gas & Consumable Fuels",Coal & Consumable Fuels,Metals & Mining,Base Metals,Uranium,--
COLLADO* MM Equity,G COLLADO SAB DE,MX,Common Stock,123.66M,915.23M,621.96M,4k,Industrial Metals and Mining,Iron and Steel,Metals & Mining,Steel,Steel,Metal Svc Centers & Processors,Steel Processors,--
FRS AU Equity,FORRESTANIA RESO,AU,Common Stock,123.61M,0,6.29M,--,Industrial Metals and Mining,General Mining,Metals & Mining,Diversified Metals & Mining,Metals & Mining,Precious Metals,--,--
BML AU Equity,BOAB METALS LTD,AU,Common Stock,122.86M,174.31k,16.54M,--,Industrial Metals and Mining,General Mining,Metals & Mining,Diversified Metals & Mining,Metals & Mining,Precious Metals,Silver,--
MMP IN Equity,MMP INDUSTRIES L,IN,Common Stock,122.43M,106.27M,80.03M,432,Industrial Metals and Mining,Aluminum,Metals & Mining,Aluminum,Metals & Mining,Base Metals,Aluminum,--
TECT CN Equity,TECTONIC METALS,CA,Common Stock,121.89M,--,--,--,Industrial Metals and Mining,General Mining,Metals & Mining,Gold,Metals & Mining,Mineral & Precious Stone Mining,Mineral Mining,--
1553 HK Equity,MAIKE TUBE INDUS,CN,Common Stock,121.69M,542.51M,472.72M,1k,Industrial Metals and Mining,Iron and Steel,Metals & Mining,Steel,Steel,Steel Producers,"Long, Pipe & Tubular",Pipe & Tubular
MWL IN Equity,MANGALAM WORLDWI,IN,Common Stock,121.52M,192.49M,119.16M,370,--,--,Metals & Mining,Steel,Steel,Steel Producers,--,--
TTM AU Equity,TITAN MINERALS L,AU,Common Stock,121.23M,0,60.87M,--,Industrial Metals and Mining,General Mining,Metals & Mining,Gold,Steel,Metal Svc Centers & Processors,Steel Processors,--
MEVA GA Equity,MEVACO S.A.,GR,Common Stock,121.10M,99.72M,116.16M,117,Industrial Metals and Mining,Metal Fabricating,Machinery,Industrial Machinery & Supplies & Components,Industrial Intermediate Prod,Fabricated Metal & Hardware,Fabricated Metal,Forging & Stamping
KOD LN Equity,KODAL MINERALS P,GB,Common Stock,120.45M,0,94.70M,58,Industrial Metals and Mining,General Mining,Metals & Mining,Diversified Metals & Mining,Metals & Mining,Mineral & Precious Stone Mining,--,--
TMG AU Equity,TRIGG MINERALS L,AU,Common Stock,119.52M,0,1.74M,--,Industrial Metals and Mining,General Mining,Metals & Mining,Diversified Metals & Mining,Oil & Gas Supply Chain,Exploration & Production,--,--
PRKME TI Equity,PARK ELEKTRIKU-B,TR,Common Stock,119.41M,29.51M,195.29M,44,Industrial Metals and Mining,Copper,Electric Utilities,Electric Utilities,Electric Utilities,Power Generation,--,--
MTH AU Equity,MITHRIL SILVER A,AU,Common Stock,119.38M,122.94k,32.92M,--,Industrial Metals and Mining,General Mining,Metals & Mining,Diversified Metals & Mining,Metals & Mining,Base Metals,"Nickel, Lead & Zinc",Nickel
NMR AU Equity,NATIVE MINERAL R,AU,Common Stock,118.90M,774,159.62k,--,Industrial Metals and Mining,General Mining,Metals & Mining,Diversified Metals & Mining,Metals & Mining,Mineral & Precious Stone Mining,Mineral Mining,--
025550 KS Equity,HANKUK STEEL,KR,Common Stock,118.47M,248.43M,307.75M,--,Industrial Metals and Mining,Iron and Steel,Metals & Mining,Steel,Steel,Steel Producers,--,--
DLI AU Equity,DELTA LITHIUM LT,AU,Common Stock,118.34M,1.49M,245.29M,--,Industrial Metals and Mining,Nonferrous Metals,Metals & Mining,Diversified Metals & Mining,Metals & Mining,Mineral & Precious Stone Mining,Mineral Mining,Lithium
CCCM CN Equity,C3 METALS CORP,CA,Common Stock,118.16M,0,65.82M,--,Industrial Metals and Mining,General Mining,Metals & Mining,Diversified Metals & Mining,Metals & Mining,Base Metals,Copper,--
KSN AU Equity,KINGSTON RESOURC,AU,Common Stock,117.61M,48.11M,135.15M,--,Industrial Metals and Mining,General Mining,Metals & Mining,Diversified Metals & Mining,Metals & Mining,Mineral & Precious Stone Mining,Mineral Mining,--
WVM CN Equity,WEST VAULT MININ,CA,Common Stock,117.44M,0,62.51M,--,Industrial Metals and Mining,General Mining,Metals & Mining,Gold,Metals & Mining,Precious Metals,Gold,--
GRANGX SS Equity,GRANGEX AB,SE,Common Stock,117.32M,2.51M,144.00M,43,Industrial Metals and Mining,Aluminum,Commercial Services & Supplies,Environmental & Facilities Services,Commercial Support Services,Waste Management,Solid Waste Collection & Treat,Recycling Facilities
ATM LN Equity,ANDRADA MINING L,NA,Common Stock,116.83M,46.37M,141.14M,331,Industrial Metals and Mining,Nonferrous Metals,Metals & Mining,Diversified Metals & Mining,Metals & Mining,Base Metals,Tin,--
NCF CN Equity,NORTHCLIFF RESOU,CA,Common Stock,116.74M,0,33.39M,--,Industrial Metals and Mining,General Mining,Metals & Mining,Diversified Metals & Mining,Metals & Mining,Base Metals,--,--
008260 KS Equity,NI STEEL CO LTD,KR,Common Stock,116.44M,306.05M,517.99M,273,Industrial Metals and Mining,Iron and Steel,Metals & Mining,Steel,Steel,Steel Producers,--,--
ABI CN Equity,ABCOURT MINES-B,CA,Common Stock,116.37M,298.58k,15.41M,--,Industrial Metals and Mining,General Mining,Metals & Mining,Precious Metals & Minerals,Metals & Mining,Base Metals,--,--
LIMEINDU AB Equity,SAUDI LIME INDUS,SA,Common Stock,115.81M,84.26M,211.95M,--,Industrial Metals and Mining,General Mining,Construction Materials,Construction Materials,Construction Materials,Building Materials,Stone Building Products,Limestone
ACL SJ Equity,ARCELORMITTAL SO,ZA,Common Stock,114.52M,3.19B,2.13B,--,Industrial Metals and Mining,Iron and Steel,Metals & Mining,Steel,Steel,Steel Producers,--,--
IMPL SG Equity,IMPOL SEVAL AD,RS,Common Stock,114.31M,286.38M,232.62M,568,Industrial Metals and Mining,Aluminum,Metals & Mining,Aluminum,Metals & Mining,Base Metals,Aluminum,--
7718 TT Equity,SPEC PRODUCTS C,TW,Common Stock,113.92M,113.76M,96.10M,--,Industrial Metals and Mining,Metal Fabricating,Machinery,Industrial Machinery & Supplies & Components,Industrial Intermediate Prod,Fabricated Metal & Hardware,--,--
FEO CN Equity,OCEANIC IRON ORE,CA,Common Stock,113.68M,0,52.07M,--,Industrial Metals and Mining,Iron and Steel,Metals & Mining,Steel,Metals & Mining,Iron,Iron Ore Mining,--
MSIN IN Equity,MAHAMAYA STEEL,IN,Common Stock,113.60M,145.50M,45.73M,462,Industrial Metals and Mining,Iron and Steel,Metals & Mining,Steel,Industrial Intermediate Prod,Fabricated Metal & Hardware,Fabricated Metal,Structural Metal & Plate Work
1116 HK Equity,HUIYUAN COWINS T,HK,Common Stock,113.50M,115.04M,110.34M,320,Industrial Metals and Mining,Iron and Steel,Metals & Mining,Steel,Steel,Steel Producers,--,--
AZADIND IN Equity,AZAD INDIA MOBIL,IN,Common Stock,113.44M,1.64M,12.23M,5,Industrial Metals and Mining,Iron and Steel,--,--,Transportation Equipment,Commercial Vehicles,Commercial Vehicles Mfg,Commercial Veh Mfg - Electric
ETL CN Equity,E3 LITHIUM LTD,CA,Common Stock,113.23M,0,61.76M,--,Industrial Metals and Mining,Nonferrous Metals,Metals & Mining,Diversified Metals & Mining,Metals & Mining,Mineral & Precious Stone Mining,Mineral Mining,Lithium
BSX AU Equity,BLACKSTONE MINER,AU,Common Stock,113.21M,0,19.25M,--,Industrial Metals and Mining,General Mining,Metals & Mining,Diversified Metals & Mining,Metals & Mining,Precious Metals,--,--
HLP US Equity,HONGLI GROUP INC,CN,Common Stock,112.48M,21.39M,105.11M,--,Industrial Metals and Mining,Iron and Steel,Metals & Mining,Steel,Steel,Steel Producers,Flat Rolled,--
EMIN IN Equity,EMPIRE INDS LTD,IN,Common Stock,112.44M,99.91M,140.67M,786,Industrial Metals and Mining,Iron and Steel,Containers & Packaging,"Metal, Glass & Plastic Containers",Machinery,Metalworking Machinery,Cutting & Machine Tool Acc,--
CORAZA MK Equity,CORAZA INTEGRATE,MY,Common Stock,112.36M,36.19M,68.46M,--,Industrial Metals and Mining,Metal Fabricating,Metals & Mining,Diversified Metals & Mining,Industrial Intermediate Prod,Fabricated Metal & Hardware,Fabricated Metal,Sheet Metal
2237 HK Equity,CHINA GRAPHITE G,CN,Common Stock,112.20M,30.00M,124.57M,159,Industrial Metals and Mining,General Mining,Metals & Mining,Diversified Metals & Mining,Chemicals,Specialty Chemicals,Advanced Materials,Graphite Products
QPM AU Equity,QPM ENERGY LTD,AU,Common Stock,111.22M,120.11M,230.78M,--,Industrial Metals and Mining,Nonferrous Metals,Metals & Mining,Diversified Metals & Mining,Metals & Mining,Base Metals,Copper,--
ASN AU Equity,ANSON RESOURCES,AU,Common Stock,111.06M,0,54.60M,--,Industrial Metals and Mining,General Mining,Metals & Mining,Diversified Metals & Mining,Metals & Mining,Mineral & Precious Stone Mining,Mineral Mining,--
KGL AU Equity,KGL RESOURCES LT,AU,Common Stock,110.77M,0,125.77M,--,Industrial Metals and Mining,General Mining,Metals & Mining,Diversified Metals & Mining,Metals & Mining,Base Metals,Copper,Copper Mining
HEX LN Equity,HELIX EXPLORATIO,GB,Common Stock,110.66M,--,17.67M,--,Industrial Metals and Mining,General Mining,Chemicals,Industrial Gases,Oil & Gas Supply Chain,Exploration & Production,Crude Oil & Natural Gas E&P,--
EQR AU Equity,EQ RESOURCES LTD,AU,Common Stock,109.85M,26.78M,166.29M,--,Industrial Metals and Mining,General Mining,Metals & Mining,Diversified Metals & Mining,Metals & Mining,Base Metals,--,--
MSR CN Equity,MINSUD RESOURCES,CA,Common Stock,109.68M,0,25.03M,--,Industrial Metals and Mining,General Mining,Metals & Mining,Diversified Metals & Mining,Metals & Mining,Precious Metals,--,--
ARL AU Equity,ARDEA RESOURCES,AU,Common Stock,109.41M,0,59.78M,--,Industrial Metals and Mining,General Mining,Metals & Mining,Diversified Metals & Mining,Metals & Mining,Base Metals,--,--
PTR AU Equity,PETRATHERM LTD,AU,Common Stock,109.18M,0,14.92M,--,Industrial Metals and Mining,General Mining,Metals & Mining,Diversified Metals & Mining,Electric Utilities,Power Generation,Renewable Energy Generation,Geothermal Energy Generation
1020 HK Equity,CYBERNAUT INTERN,HK,Common Stock,108.92M,19.65M,87.26M,42,Industrial Metals and Mining,Iron and Steel,Specialty Retail,Computer & Electronics Retail,E-Commerce Discretionary,Specialty Online Retailers,--,--
007280 KS Equity,KOREA STEEL CO L,KR,Common Stock,108.71M,854.73M,602.14M,544,Industrial Metals and Mining,Iron and Steel,Metals & Mining,Steel,Steel,Steel Producers,--,--
FUU CN Equity,F3 URANIUM CORP,CA,Common Stock,108.34M,0,107.24M,--,Industrial Metals and Mining,General Mining,"Oil, Gas & Consumable Fuels",Coal & Consumable Fuels,Metals & Mining,Base Metals,Uranium,--
UNI IN Equity,UNI ABEX ALLOY,IN,Common Stock,108.23M,35.04M,36.66M,92,Industrial Metals and Mining,Iron and Steel,Metals & Mining,Steel,Steel,Steel Producers,--,--
032560 KS Equity,HWANGKUM STEEL,KR,Common Stock,108.22M,356.99M,571.42M,--,Industrial Metals and Mining,Iron and Steel,Metals & Mining,Steel,Steel,Steel Producers,--,--
TZN AU Equity,TERRAMIN AUSTRAL,AU,Common Stock,107.94M,134.00k,65.20M,--,Industrial Metals and Mining,General Mining,Metals & Mining,Diversified Metals & Mining,Metals & Mining,Base Metals,"Nickel, Lead & Zinc",Zinc
SYH CN Equity,SKYHARBOUR RESOU,CA,Common Stock,107.49M,0,46.22M,--,Industrial Metals and Mining,General Mining,"Oil, Gas & Consumable Fuels",Coal & Consumable Fuels,Metals & Mining,Base Metals,Uranium,--
BANGANGA IN Equity,BANGANGA PAPER I,IN,Common Stock,106.97M,72.38k,95.88k,--,Industrial Metals and Mining,Iron and Steel,Paper & Forest Products,Paper Products,Wholesale - Discretionary,Import & Export,--,--
004890 KS Equity,DONGIL INDUST,KR,Common Stock,106.93M,462.28M,527.08M,--,Industrial Metals and Mining,Iron and Steel,Metals & Mining,Steel,Steel,Steel Producers,--,--
GCU CN Equity,GUNNISON COPPER,US,Common Stock,106.90M,1.44M,223.01M,--,Industrial Metals and Mining,Copper,Metals & Mining,Diversified Metals & Mining,Metals & Mining,Base Metals,Copper,Copper Mining
1591 TT Equity,INMAX HOLDING,MY,Common Stock,106.86M,10.14M,27.40M,--,Industrial Metals and Mining,Metal Fabricating,Machinery,Industrial Machinery & Supplies & Components,Machinery,Other Machinery & Equipment,Tools,Tool Accessories
000590 KS Equity,CS HOLDINGS CO,KR,Common Stock,106.84M,157.82M,451.17M,--,Industrial Metals and Mining,Iron and Steel,Machinery,Industrial Machinery & Supplies & Components,Industrial Intermediate Prod,Fabricated Metal & Hardware,--,--
UNIQ IJ Equity,ULIMA NITRA TBK,ID,Common Stock,106.83M,64.10M,72.59M,1k,Industrial Metals and Mining,General Mining,"Oil, Gas & Consumable Fuels",Coal & Consumable Fuels,Engineering & Construction,Infrastructure Construction,--,--
BC PM Equity,BENGUET CORP-A,PH,Common Stock,106.78M,63.17M,301.92M,--,Industrial Metals and Mining,General Mining,Metals & Mining,Diversified Metals & Mining,Metals & Mining,Mineral & Precious Stone Mining,Mineral Mining,Clay
LITH CN Equity,LITHIUM CHILE IN,CA,Common Stock,106.70M,0,59.90M,--,Industrial Metals and Mining,Nonferrous Metals,Metals & Mining,Diversified Metals & Mining,Real Estate Owners & Developers,Specialty Owners & Developers,--,--
ARN AU Equity,ALDORO RESOURCES,AU,Common Stock,106.55M,0,6.00M,--,Industrial Metals and Mining,General Mining,Metals & Mining,Diversified Metals & Mining,Metals & Mining,Base Metals,"Nickel, Lead & Zinc",Nickel
OSM AU Equity,OSMOND RESOURCES,AU,Common Stock,106.50M,143.47k,13.57M,--,Industrial Metals and Mining,General Mining,Metals & Mining,Diversified Metals & Mining,Metals & Mining,Precious Metals,Gold,--
DOFER TI Equity,DOFER YAPI MALZE,TR,Common Stock,106.28M,163.87M,66.26M,158,Industrial Metals and Mining,Iron and Steel,Metals & Mining,Steel,Steel,Steel Producers,--,--
023000 KS Equity,SAMWONSTEEL CO L,KR,Common Stock,106.17M,413.87M,342.87M,270,Industrial Metals and Mining,Iron and Steel,Metals & Mining,Steel,Steel,Steel Producers,Specialty Metals,--
VGS VN Equity,VIETNAM GERMANY,VN,Common Stock,105.83M,443.27M,148.08M,417,Industrial Metals and Mining,Iron and Steel,Metals & Mining,Steel,Industrial Intermediate Prod,Fabricated Metal & Hardware,Hardware,Fabricated Pipe & Pipe Fitting
CELHA TI Equity,CELIK HALAT,TR,Common Stock,105.58M,76.00M,211.25M,366,Industrial Metals and Mining,Metal Fabricating,Metals & Mining,Steel,Steel,Steel Producers,"Long, Pipe & Tubular",Steel Wire Drawing
DEF CN Equity,DEFIANCE SILVER,CA,Common Stock,105.55M,0,46.32M,--,Industrial Metals and Mining,General Mining,Metals & Mining,Silver,Metals & Mining,Precious Metals,--,--
LGT SM Equity,LINGOTES ESPECIA,ES,Common Stock,105.50M,142.85M,169.68M,439,Industrial Metals and Mining,Metal Fabricating,Automobile Components,Automotive Parts & Equipment,Steel,Steel Producers,--,--
GLB CN Equity,GOLDBANK MINING,CA,Common Stock,105.14M,0,7.62M,--,Industrial Metals and Mining,General Mining,Metals & Mining,Gold,Metals & Mining,Precious Metals,Gold,--
MALU IN Equity,MAAN ALUMINIUM L,IN,Common Stock,104.36M,147.02M,56.13M,221,Industrial Metals and Mining,Aluminum,Metals & Mining,Aluminum,Metals & Mining,Base Metals,--,--
STU NZ Equity,STEEL & TUBE,NZ,Common Stock,104.30M,351.59M,373.02M,--,Industrial Metals and Mining,Iron and Steel,Metals & Mining,Steel,Steel,Metal Svc Centers & Processors,Steel Processors,--
HGO AU Equity,HILLGROVE RESOUR,AU,Common Stock,101.95M,112.40M,107.39M,--,Industrial Metals and Mining,General Mining,Metals & Mining,Copper,Metals & Mining,Base Metals,Copper,--
CRE CN Equity,CRITICAL ELEMENT,CA,Common Stock,101.41M,0,86.91M,--,Industrial Metals and Mining,General Mining,Metals & Mining,Diversified Metals & Mining,Metals & Mining,Mineral & Precious Stone Mining,Mineral Mining,Rare Earth
1721 HK Equity,FSM HOLDINGS LTD,HK,Common Stock,101.30M,16.88M,61.38M,208,Industrial Metals and Mining,Metal Fabricating,Machinery,Industrial Machinery & Supplies & Components,Industrial Intermediate Prod,Fabricated Metal & Hardware,Fabricated Metal,--
SURAJ IN Equity,SURAJ LTD,IN,Common Stock,100.92M,41.93M,41.67M,202,Industrial Metals and Mining,Iron and Steel,Metals & Mining,Steel,Steel,Steel Producers,--,--
ECU CN Equity,ELEMENT 29 RESOU,CA,Common Stock,100.87M,0,14.94M,--,Industrial Metals and Mining,Copper,Metals & Mining,Copper,Metals & Mining,Base Metals,--,--
TUO CN Equity,TEUTON RES,CA,Common Stock,100.78M,0,13.38M,--,Industrial Metals and Mining,General Mining,Metals & Mining,Diversified Metals & Mining,Metals & Mining,Precious Metals,--,--
9888 JP Equity,UEX LTD,JP,Common Stock,100.37M,506.33M,555.12M,--,Industrial Metals and Mining,Iron and Steel,Trading Companies & Distributors,Trading Companies & Distributors,Steel,Metal Svc Centers & Processors,Steel Processors,--
8431 TT Equity,SUPERIOR PLATING,TW,Common Stock,100.18M,48.58M,81.88M,--,Industrial Metals and Mining,Metal Fabricating,Commercial Services & Supplies,Diversified Support Services,Chemicals,Specialty Chemicals,Paints & Coatings,Industrial Coatings
PUR CN Equity,PREMIER AMERICAN,CA,Common Stock,100.00M,--,6.62M,--,Industrial Metals and Mining,General Mining,--,--,Metals & Mining,Base Metals,Uranium,--
MAT AU Equity,MATSA RESOURCES,AU,Common Stock,99.68M,0,23.28M,--,Industrial Metals and Mining,General Mining,Metals & Mining,Gold,Metals & Mining,Precious Metals,Gold,--
NL IN Equity,NILE LTD,IN,Common Stock,98.88M,166.88M,56.56M,130,Industrial Metals and Mining,Nonferrous Metals,Metals & Mining,Diversified Metals & Mining,Metals & Mining,Base Metals,--,--
002220 KS Equity,HANIL IRN & STL,KR,Common Stock,98.80M,228.86M,372.29M,--,Industrial Metals and Mining,Iron and Steel,Metals & Mining,Steel,Steel,Steel Producers,"Long, Pipe & Tubular",Pipe & Tubular
PMS IN Equity,PANCHMAHAL STEEL,IN,Common Stock,97.77M,69.52M,45.29M,524,Industrial Metals and Mining,Iron and Steel,Metals & Mining,Steel,Steel,Steel Producers,--,--
ATACOAC1 PE Equity,ATACOCHA-A,PE,Common Stock,97.46M,141.63M,174.32M,--,Industrial Metals and Mining,Nonferrous Metals,Metals & Mining,Diversified Metals & Mining,Metals & Mining,Precious Metals,Gold,--
2025 TT Equity,CHIEN SHING,TW,Common Stock,96.98M,49.99M,76.42M,--,Industrial Metals and Mining,Iron and Steel,Metals & Mining,Steel,Steel,Steel Producers,Specialty Metals,--
8162 HK Equity,LOCO HK,HK,Common Stock,96.94M,2.94B,201.16M,25,Industrial Metals and Mining,Nonferrous Metals,Trading Companies & Distributors,Trading Companies & Distributors,Metals & Mining,Metals & Ore Whslrs & Traders,--,--
2032 TT Equity,SINKANG IND,TW,Common Stock,95.57M,140.22M,97.23M,--,Industrial Metals and Mining,Iron and Steel,Metals & Mining,Steel,Steel,Steel Producers,Flat Rolled,--
2065 TT Equity,SHEH FUNG SCREWS,TW,Common Stock,95.41M,109.70M,159.41M,--,Industrial Metals and Mining,Metal Fabricating,Machinery,Industrial Machinery & Supplies & Components,Industrial Intermediate Prod,Fabricated Metal & Hardware,Hardware,Bolts & Washers
ALCM BU Equity,ALCOMET AD,BG,Common Stock,95.18M,429.39M,435.00M,--,Industrial Metals and Mining,Aluminum,Metals & Mining,Aluminum,Metals & Mining,Base Metals,Aluminum,Aluminum Smelting & Refining
DRX AU Equity,DIATREME RESOURC,AU,Common Stock,95.16M,0,95.45M,--,Industrial Metals and Mining,General Mining,Metals & Mining,Diversified Metals & Mining,Metals & Mining,Mineral & Precious Stone Mining,--,--
XPL US Equity,SOLITARIO RESOUR,US,Common Stock,95.06M,0,37.25M,--,Industrial Metals and Mining,General Mining,Metals & Mining,Diversified Metals & Mining,Metals & Mining,Base Metals,"Nickel, Lead & Zinc",Zinc
5014 TT Equity,CHAIN CHON IND,TW,Common Stock,94.67M,771.34M,569.83M,--,Industrial Metals and Mining,Iron and Steel,Metals & Mining,Steel,Steel,Steel Producers,Specialty Metals,--
ZINC IJ Equity,KAPUAS PRIMA COA,ID,Common Stock,94.21M,22.55M,240.54M,222,Industrial Metals and Mining,General Mining,Metals & Mining,Diversified Metals & Mining,Metals & Mining,Base Metals,"Nickel, Lead & Zinc",Zinc
MFO PW Equity,MFO SA,PL,Common Stock,93.81M,234.99M,206.82M,362,Industrial Metals and Mining,Iron and Steel,Metals & Mining,Steel,Home Construction,Building Products,Windows & Doors,Windows
TM1 AU Equity,TERRA METALS LTD,AU,Common Stock,93.81M,0,6.36M,--,Industrial Metals and Mining,General Mining,Metals & Mining,Gold,Metals & Mining,Base Metals,--,--
071090 KS Equity,HISTEEL CO LTD,KR,Common Stock,93.43M,273.80M,292.50M,--,Industrial Metals and Mining,Iron and Steel,Metals & Mining,Steel,Steel,Steel Producers,"Long, Pipe & Tubular",Pipe & Tubular
EPM AU Equity,ECLIPSE METALS L,AU,Common Stock,92.97M,4.76k,16.06M,--,Industrial Metals and Mining,General Mining,"Oil, Gas & Consumable Fuels",Coal & Consumable Fuels,Metals & Mining,Base Metals,Uranium,--
GL1 AU Equity,GLOBAL LITHIUM R,AU,Common Stock,92.91M,0,169.74M,--,Industrial Metals and Mining,Nonferrous Metals,Metals & Mining,Diversified Metals & Mining,Metals & Mining,Mineral & Precious Stone Mining,Mineral Mining,Lithium
AMC CN Equity,ARIZONA METALS C,CA,Common Stock,92.80M,0,40.00M,--,Industrial Metals and Mining,General Mining,Metals & Mining,Diversified Metals & Mining,Metals & Mining,Precious Metals,--,--
HI CN Equity,HIGHLAND COPPER,CA,Common Stock,92.80M,0,87.84M,--,Industrial Metals and Mining,General Mining,Metals & Mining,Diversified Metals & Mining,Metals & Mining,Base Metals,Copper,Copper Mining
NWST CN Equity,NORTHWEST COPPER,CA,Common Stock,92.57M,0,90.18M,--,Industrial Metals and Mining,General Mining,Metals & Mining,Diversified Metals & Mining,Metals & Mining,Precious Metals,--,--
162300 KS Equity,SHIN STEEL CO LT,KR,Common Stock,92.44M,429.77M,251.18M,--,Industrial Metals and Mining,Iron and Steel,Trading Companies & Distributors,Trading Companies & Distributors,Steel,Metal Svc Centers & Processors,--,--
5707 JP Equity,TOHO ZINC CO LTD,JP,Common Stock,92.30M,1.27B,1.06B,--,Industrial Metals and Mining,Nonferrous Metals,Metals & Mining,Diversified Metals & Mining,Metals & Mining,Base Metals,--,--
GMX CN Equity,GLOBEX MINING EN,CA,Common Stock,92.16M,1.64M,38.78M,--,Industrial Metals and Mining,General Mining,Metals & Mining,Diversified Metals & Mining,Metals & Mining,Precious Metals,--,--
053260 KS Equity,KEUM KANG STEEL,KR,Common Stock,91.62M,223.57M,180.09M,--,Industrial Metals and Mining,Iron and Steel,Metals & Mining,Steel,Steel,Steel Producers,Flat Rolled,--
5015 TT Equity,RODEX FASTENERS,TW,Common Stock,91.24M,73.74M,130.29M,--,Industrial Metals and Mining,Iron and Steel,Machinery,Industrial Machinery & Supplies & Components,Industrial Intermediate Prod,Fabricated Metal & Hardware,Hardware,Bolts & Washers
1370 HK Equity,AOWEI HOLDINGS L,CN,Common Stock,90.79M,136.06M,411.50M,733,Industrial Metals and Mining,Iron and Steel,Metals & Mining,Steel,Metals & Mining,Iron,Iron Ore Mining,--
039240 KS Equity,KYEONG NAM STEEL,KR,Common Stock,90.58M,439.71M,183.39M,97,Industrial Metals and Mining,Iron and Steel,Metals & Mining,Steel,Steel,Steel Producers,Flat Rolled,--
CGC CN Equity,CANADIAN GOLD CO,CA,Common Stock,90.46M,0,1.31M,--,Industrial Metals and Mining,General Mining,--,--,Metals & Mining,Precious Metals,--,--
WUC CN Equity,WESTERN URANIUM,CA,Common Stock,90.12M,278.78k,54.84M,--,Industrial Metals and Mining,General Mining,"Oil, Gas & Consumable Fuels",Coal & Consumable Fuels,Metals & Mining,Base Metals,--,--
GDST IJ Equity,GUNAWAN DIANJAYA,ID,Common Stock,89.99M,248.15M,273.92M,431,Industrial Metals and Mining,Iron and Steel,Metals & Mining,Steel,Steel,Steel Producers,Flat Rolled,--
PARB MK Equity,PA RESOURCES BHD,MY,Common Stock,89.61M,190.02M,136.69M,--,Industrial Metals and Mining,Aluminum,Metals & Mining,Aluminum,Metals & Mining,Base Metals,Aluminum,--
5971 JP Equity,KYOWAKOGYOSYO CO,JP,Common Stock,89.19M,106.23M,198.94M,--,Industrial Metals and Mining,Metal Fabricating,Machinery,Industrial Machinery & Supplies & Components,Industrial Intermediate Prod,Fabricated Metal & Hardware,Hardware,Bolts & Washers
NOM CN Equity,NORSEMONT MINING,CA,Common Stock,88.64M,0,32.15M,--,Industrial Metals and Mining,General Mining,Metals & Mining,Diversified Metals & Mining,Metals & Mining,Mineral & Precious Stone Mining,--,--
HHH CN Equity,HELIUS MINERALS,CA,Common Stock,88.51M,0,1.47M,--,Industrial Metals and Mining,General Mining,--,--,Metals & Mining,Precious Metals,--,--
PER MK Equity,PERSTIMA,MY,Common Stock,88.06M,375.30M,337.89M,--,Industrial Metals and Mining,Iron and Steel,Metals & Mining,Diversified Metals & Mining,Industrial Intermediate Prod,Fabricated Metal & Hardware,Fabricated Metal,Structural Metal & Plate Work
LIO CN Equity,LION ONE METALS,CA,Common Stock,88.06M,16.61M,236.55M,--,Industrial Metals and Mining,General Mining,Metals & Mining,Gold,Metals & Mining,Precious Metals,Gold,--
HPQ CN Equity,HPQ SILICON INC,CA,Common Stock,87.81M,0,5.40M,--,Industrial Metals and Mining,General Mining,Chemicals,Specialty Chemicals,Metals & Mining,Mineral & Precious Stone Mining,Mineral Mining,--
CUSAN TI Equity,CUHADAROGLU META,TR,Common Stock,87.76M,128.16M,194.45M,599,Industrial Metals and Mining,Aluminum,Building Products,Building Products,Metals & Mining,Base Metals,Aluminum,--
BENA AB Equity,BENA STEEL INDUS,SA,Common Stock,87.33M,174.10M,119.70M,--,Industrial Metals and Mining,Iron and Steel,Metals & Mining,Steel,Steel,Steel Producers,--,--
VRAJ IN Equity,VRAJ IRON & STEE,IN,Common Stock,87.32M,86.21M,78.18M,--,Industrial Metals and Mining,Iron and Steel,Metals & Mining,Steel,Steel,Steel Producers,--,--
TGN AU Equity,TUNGSTEN MINING,AU,Common Stock,87.15M,815.99k,29.85M,--,Industrial Metals and Mining,General Mining,Metals & Mining,Diversified Metals & Mining,Metals & Mining,Base Metals,--,--
BON SW Equity,BONDPARTNERS-BR,CH,Common Stock,86.78M,15.88M,225.46M,--,Industrial Metals and Mining,General Mining,Capital Markets,Investment Banking & Brokerage,Institutional Financial Svcs,Institutional Brokerage,--,--
USH SP Equity,UNION STEEL HLDG,SG,Common Stock,86.62M,123.76M,214.13M,--,Industrial Metals and Mining,Metal Fabricating,Commercial Services & Supplies,Environmental & Facilities Services,Steel,Steel Producers,--,--
IXR AU Equity,IONIC RARE EARTH,AU,Common Stock,86.42M,0,37.57M,--,Industrial Metals and Mining,General Mining,Metals & Mining,Diversified Metals & Mining,Metals & Mining,Precious Metals,Gold,--
CDB CN Equity,CORDOBA MINERALS,CA,Common Stock,85.98M,0,22.44M,--,Industrial Metals and Mining,General Mining,Metals & Mining,Diversified Metals & Mining,Metals & Mining,Mining Services,--,--
VRX AU Equity,VRX SILICA LTD,AU,Common Stock,85.94M,0,19.17M,--,Industrial Metals and Mining,General Mining,Metals & Mining,Diversified Metals & Mining,Construction Materials,Cement & Aggregates,Aggregates,Sand & Gravel
CHW AU Equity,CHILWA MINERALS,AU,Common Stock,84.83M,202.81k,11.20M,--,Industrial Metals and Mining,General Mining,Metals & Mining,Diversified Metals & Mining,Metals & Mining,Mineral & Precious Stone Mining,Mineral Mining,--
3631 TT Equity,CHERNAN METAL,TW,Common Stock,84.74M,3.59M,138.66M,--,Industrial Metals and Mining,Metal Fabricating,Electrical Equipment,Electrical Components & Equipment,Industrial Intermediate Prod,Fabricated Metal & Hardware,--,--
1938 HK Equity,CHU KONG PETROLE,CN,Common Stock,84.70M,619.54M,1.44B,862,Industrial Metals and Mining,Iron and Steel,Energy Equipment & Services,Oil & Gas Equipment & Services,Steel,Steel Producers,"Long, Pipe & Tubular",Pipe & Tubular
396300 KS Equity,SE A MECHANICS C,KR,Common Stock,84.46M,102.66M,144.29M,198,Industrial Metals and Mining,Metal Fabricating,"Electronic Equipment, Instruments & Components",Electronic Components,Technology Hardware,Consumer Electronics,Displays,--
2024 TT Equity,CHIH LIEN IND,TW,Common Stock,83.86M,51.80M,88.36M,--,Industrial Metals and Mining,Iron and Steel,Metals & Mining,Steel,Steel,Steel Producers,--,--
RTG CN Equity,RTG MINING INC,AU,Common Stock,83.76M,33.30k,6.41M,--,Industrial Metals and Mining,General Mining,Metals & Mining,Gold,Metals & Mining,Precious Metals,Gold,--
TSA MK Equity,TSA GROUP BHD,MY,Common Stock,83.72M,96.48M,100.21M,--,Industrial Metals and Mining,Iron and Steel,Trading Companies & Distributors,Trading Companies & Distributors,Steel,Steel Producers,--,--
MMG CN Equity,METALLIC MINERAL,CA,Common Stock,83.64M,0,9.51M,--,Industrial Metals and Mining,General Mining,Metals & Mining,Diversified Metals & Mining,Metals & Mining,Precious Metals,--,--
AYES TI Equity,AYES CELIK HASIR,TR,Common Stock,83.53M,344.78M,140.10M,206,Industrial Metals and Mining,Iron and Steel,Metals & Mining,Steel,Steel,Steel Producers,"Long, Pipe & Tubular",Steel Wire Drawing
5660 JP Equity,KOBELCO WIRE CO,JP,Common Stock,82.96M,345.33M,471.19M,--,Industrial Metals and Mining,Iron and Steel,Metals & Mining,Steel,Steel,Steel Producers,"Long, Pipe & Tubular",Steel Wire Drawing
AVL AU Equity,AUSTRALIAN VANAD,AU,Common Stock,82.03M,0,170.33M,--,Industrial Metals and Mining,General Mining,Metals & Mining,Diversified Metals & Mining,Renewable Energy,Renewable Energy Equipment,Other Renewable Energy Equip,Energy Storage Systems
SMGA IJ Equity,SUMBER MINERAL G,ID,Common Stock,82.01M,101.50M,78.56M,36,Industrial Metals and Mining,Nonferrous Metals,Trading Companies & Distributors,Trading Companies & Distributors,Metals & Mining,Base Metals,--,--
081150 KS Equity,TPLEX CO LTD,KR,Common Stock,82.00M,230.70M,251.49M,71,Industrial Metals and Mining,Iron and Steel,Metals & Mining,Steel,Steel,Steel Producers,--,--
THR MK Equity,TONG HERR RESOUR,MY,Common Stock,82.00M,178.01M,247.37M,--,Industrial Metals and Mining,Iron and Steel,Machinery,Industrial Machinery & Supplies & Components,Industrial Intermediate Prod,Fabricated Metal & Hardware,Hardware,Bolts & Washers
CRS AU Equity,CAPRICE RESOURCE,AU,Common Stock,81.92M,13.22k,17.80M,--,Industrial Metals and Mining,General Mining,Metals & Mining,Diversified Metals & Mining,Metals & Mining,Mineral & Precious Stone Mining,--,--
VISA IN Equity,VISA STEEL LTD,IN,Common Stock,81.88M,102.80M,99.92M,308,Industrial Metals and Mining,Iron and Steel,Metals & Mining,Steel,Steel,Steel Producers,--,--
166 HK Equity,NEW TIMES CORP L,HK,Common Stock,81.74M,2.12B,297.05M,122,Industrial Metals and Mining,General Mining,Trading Companies & Distributors,Trading Companies & Distributors,Metals & Mining,Metals & Ore Whslrs & Traders,--,--
AZM CN Equity,AZIMUT EXPLOR,CA,Common Stock,81.34M,0,63.19M,--,Industrial Metals and Mining,General Mining,Metals & Mining,Diversified Metals & Mining,Metals & Mining,Precious Metals,Gold,--
3440 JP Equity,NISSO GROUP CO L,JP,Common Stock,81.20M,179.02M,226.73M,--,Industrial Metals and Mining,Metal Fabricating,Machinery,Industrial Machinery & Supplies & Components,Industrial Intermediate Prod,Fabricated Metal & Hardware,Fabricated Metal,Structural Metal & Plate Work
BEGR SS Equity,BE GROUP AB,SE,Common Stock,81.20M,669.38M,426.98M,560,Industrial Metals and Mining,Iron and Steel,Trading Companies & Distributors,Trading Companies & Distributors,Steel,Steel Producers,--,--
CPSH US Equity,CPS TECHNOLOGIES,US,Common Stock,80.96M,32.02M,30.41M,--,Industrial Metals and Mining,Aluminum,"Electronic Equipment, Instruments & Components",Electronic Components,Chemicals,Specialty Chemicals,Advanced Materials,Special Coated Metals
ECR CN Equity,CARTIER RESOURCE,CA,Common Stock,80.69M,0,42.48M,--,Industrial Metals and Mining,General Mining,Metals & Mining,Gold,Metals & Mining,Precious Metals,Gold,--
ELSTR GA Equity,ELASTRON S.A.,GR,Common Stock,80.47M,290.05M,329.24M,253,Industrial Metals and Mining,Iron and Steel,Metals & Mining,Steel,Steel,Steel Producers,--,--
023790 KS Equity,DONGIL STEELUX C,KR,Common Stock,80.35M,18.49M,78.25M,23,Industrial Metals and Mining,Iron and Steel,Metals & Mining,Steel,Steel,Steel Producers,--,--
MANL IN Equity,MANAKSIA LTD,IN,Common Stock,80.32M,132.67M,133.68M,14,Industrial Metals and Mining,Iron and Steel,Metals & Mining,Aluminum,Industrial Intermediate Prod,Fabricated Metal & Hardware,Fabricated Metal,Structural Metal & Plate Work
MESTRON MK Equity,MESTRON HOLDINGS,MY,Common Stock,79.42M,51.53M,78.35M,--,Industrial Metals and Mining,Iron and Steel,Metals & Mining,Steel,Electrical Equipment,Comml & Res Bldg Equip & Sys,Lighting Fixtures,--
3168 JP Equity,MERF INC,JP,Common Stock,79.31M,830.32M,269.29M,--,Industrial Metals and Mining,Nonferrous Metals,Metals & Mining,Diversified Metals & Mining,Metals & Mining,Base Metals,Copper,Copper Smelting & Refining
OCO CN Equity,OROCO RESOURCE,CA,Common Stock,79.30M,0,93.57M,--,Industrial Metals and Mining,General Mining,Metals & Mining,Copper,Metals & Mining,Precious Metals,Silver,--
017480 KS Equity,SAMHYUN STEEL CO,KR,Common Stock,79.25M,248.67M,237.15M,88,Industrial Metals and Mining,Iron and Steel,Metals & Mining,Steel,Steel,Metal Svc Centers & Processors,Steel Processors,--
ODL PW Equity,ODLEWNIE,PL,Common Stock,79.24M,84.52M,70.90M,516,Industrial Metals and Mining,Iron and Steel,Metals & Mining,Steel,Metals & Mining,Iron,Iron Foundries,--
METC IN Equity,MAGNA ELECTRO CA,IN,Common Stock,79.22M,32.02M,34.23M,231,Industrial Metals and Mining,Iron and Steel,Metals & Mining,Steel,Metals & Mining,Iron,Iron Foundries,--
PGDC CN Equity,PATAGONIA GOLD C,US,Common Stock,78.95M,9.78M,57.26M,--,Industrial Metals and Mining,General Mining,Metals & Mining,Gold,Metals & Mining,Precious Metals,Gold,--
2033 TT Equity,CHIA TA WORLD,TW,Common Stock,78.51M,27.28M,59.08M,--,Industrial Metals and Mining,Iron and Steel,Metals & Mining,Steel,Steel,Steel Producers,"Long, Pipe & Tubular",Steel Wire Drawing
186230 KS Equity,GREEN PLUS CO LT,KR,Common Stock,78.44M,97.49M,110.83M,--,Industrial Metals and Mining,Aluminum,Metals & Mining,Aluminum,Metals & Mining,Base Metals,Aluminum,Aluminum Smelting & Refining
IMA AU Equity,IMAGE RESOURCES,AU,Common Stock,78.10M,0,178.21M,--,Industrial Metals and Mining,General Mining,Metals & Mining,Diversified Metals & Mining,Metals & Mining,Precious Metals,--,--
LCY AU Equity,LEGACY IRON ORE,AU,Common Stock,78.10M,43.34M,37.96M,--,Industrial Metals and Mining,General Mining,Metals & Mining,Steel,Metals & Mining,Iron,Iron Ore Mining,--
BEDM IN Equity,BEDMUTHA IND LTD,IN,Common Stock,78.07M,190.43M,122.62M,537,Industrial Metals and Mining,Iron and Steel,Metals & Mining,Steel,Industrial Intermediate Prod,Fabricated Metal & Hardware,Fabricated Metal,Wire Products
CWH MK Equity,CHIN WELL HOLDIN,MY,Common Stock,78.05M,132.17M,253.53M,--,Industrial Metals and Mining,Metal Fabricating,Machinery,Industrial Machinery & Supplies & Components,Industrial Intermediate Prod,Fabricated Metal & Hardware,Hardware,Bolts & Washers
TPCS US Equity,TECHPRECISION CO,US,Common Stock,77.58M,52.21M,53.72M,--,Industrial Metals and Mining,Metal Fabricating,Machinery,Industrial Machinery & Supplies & Components,Industrial Intermediate Prod,Fabricated Metal & Hardware,--,--
LEFORM MK Equity,LEFORM BHD,MY,Common Stock,77.50M,130.37M,164.35M,--,Industrial Metals and Mining,Iron and Steel,Metals & Mining,Steel,Steel,Steel Producers,--,--
LM8 AU Equity,LUNNON METALS LT,AU,Common Stock,77.22M,0,35.27M,--,Industrial Metals and Mining,General Mining,Metals & Mining,Diversified Metals & Mining,Metals & Mining,Base Metals,"Nickel, Lead & Zinc",Nickel
NEXT CN Equity,NEXTSOURCE MATER,CA,Common Stock,76.96M,0,35.91M,--,Industrial Metals and Mining,General Mining,Metals & Mining,Diversified Metals & Mining,Metals & Mining,Mineral & Precious Stone Mining,--,--
ASL PA Equity,AISHA STEEL MILL,PK,Common Stock,76.80M,460.89M,307.56M,--,Industrial Metals and Mining,Iron and Steel,Metals & Mining,Steel,Steel,Steel Producers,--,--
5979 JP Equity,KANESO CO LTD,JP,Common Stock,76.70M,87.29M,187.76M,--,Industrial Metals and Mining,Metal Fabricating,Building Products,Building Products,Steel,Steel Producers,--,--
COBR LN Equity,COBRA RESOURCES,GB,Common Stock,76.65M,0,10.72M,--,Industrial Metals and Mining,General Mining,Metals & Mining,Diversified Metals & Mining,Metals & Mining,Base Metals,--,--
128660 KS Equity,PJ METAL CO LTDW,KR,Common Stock,76.65M,282.94M,143.03M,--,Industrial Metals and Mining,Aluminum,Metals & Mining,Aluminum,Metals & Mining,Base Metals,Aluminum,Aluminum Smelting & Refining
LEO CN Equity,LION COPPER AND,CA,Common Stock,76.53M,0,27.71M,--,Industrial Metals and Mining,General Mining,Metals & Mining,Copper,Metals & Mining,Base Metals,Copper,--
TIRUPIFL IN Equity,TIRUPATI FORGE L,IN,Common Stock,76.21M,20.87M,27.34M,--,Industrial Metals and Mining,Metal Fabricating,--,--,Industrial Intermediate Prod,Fabricated Metal & Hardware,--,--
LBA MK Equity,LB ALUMINIUM BHD,MY,Common Stock,76.11M,366.08M,391.80M,915,Industrial Metals and Mining,Aluminum,Metals & Mining,Aluminum,Metals & Mining,Base Metals,Aluminum,Aluminum Smelting & Refining
BWYS MK Equity,BWYS GROUP BHD,MY,Common Stock,75.85M,78.43M,145.08M,296,Industrial Metals and Mining,Iron and Steel,Metals & Mining,Steel,Steel,Steel Producers,--,--
073640 KS Equity,TERA SCIENCE CO,KR,Common Stock,75.83M,19.20M,85.84M,--,Industrial Metals and Mining,Metal Fabricating,Machinery,Industrial Machinery & Supplies & Components,Industrial Intermediate Prod,Fabricated Metal & Hardware,Hardware,Fabricated Pipe & Pipe Fitting
CTCL IN Equity,CAPTAIN TECHNOCA,IN,Common Stock,75.76M,16.72M,11.71M,--,Industrial Metals and Mining,Iron and Steel,Construction Materials,Construction Materials,Industrial Intermediate Prod,Fabricated Metal & Hardware,--,--
GIP CN Equity,GREEN IMPACT PAR,CA,Common Stock,75.73M,160.54M,191.91M,--,Industrial Metals and Mining,General Mining,Commercial Services & Supplies,Environmental & Facilities Services,Electric Utilities,Power Generation,Renewable Energy Generation,--
CSMS SP Equity,COSMOSTEEL HOLDI,SG,Common Stock,75.73M,81.44M,132.55M,--,Industrial Metals and Mining,Metal Fabricating,Energy Equipment & Services,Oil & Gas Equipment & Services,Oil & Gas Supply Chain,Exploration & Production,Crude Oil & Natural Gas E&P,Crude Oil Production
NBM CN Equity,NEO BATTERY MATE,CA,Common Stock,75.61M,0,1.58M,--,Industrial Metals and Mining,General Mining,Electrical Equipment,Electrical Components & Equipment,Chemicals,Specialty Chemicals,Electronic Chemicals,--
IVS CN Equity,INVENTUS MINING,CA,Common Stock,75.42M,0,635.57k,--,Industrial Metals and Mining,General Mining,Metals & Mining,Gold,Metals & Mining,Precious Metals,Gold,--
009190 KS Equity,DAIYANG METAL,KR,Common Stock,75.09M,239.66M,153.40M,226,Industrial Metals and Mining,Iron and Steel,Metals & Mining,Steel,Steel,Steel Producers,--,--
SCG SP Equity,SKYLINK HOLDINGS,SG,Common Stock,75.09M,0,6.64k,--,Industrial Metals and Mining,Aluminum,Trading Companies & Distributors,Trading Companies & Distributors,Elec & Gas Marketing & Trading,Elec & Gas Marketing & Trading,--,--
CYM AU Equity,CYPRIUM METALS L,AU,Common Stock,75.03M,0,182.93M,--,Industrial Metals and Mining,Copper,Metals & Mining,Copper,Metals & Mining,Base Metals,Copper,--
IBAT CN Equity,INTERNATIONAL BA,CA,Common Stock,74.85M,960.43k,49.57M,--,Industrial Metals and Mining,General Mining,Metals & Mining,Diversified Metals & Mining,Metals & Mining,Mineral & Precious Stone Mining,--,--
GWM CN Equity,GALWAY METALS IN,CA,Common Stock,74.77M,0,29.82M,--,Industrial Metals and Mining,Nonferrous Metals,Metals & Mining,Diversified Metals & Mining,Metals & Mining,Mining Services,--,--
ESR AU Equity,ESTRELLA RESOURC,AU,Common Stock,74.74M,0,21.11M,--,Industrial Metals and Mining,Nonferrous Metals,Metals & Mining,Diversified Metals & Mining,Metals & Mining,Mining Services,--,--
195 HK Equity,GREENTECH TECHNO,HK,Common Stock,74.51M,157.93M,311.78M,347,Industrial Metals and Mining,Nonferrous Metals,Metals & Mining,Diversified Metals & Mining,Metals & Mining,Base Metals,Tin,--
CTH1V FH Equity,COMPONENTA OYJ,FI,Common Stock,74.43M,159.34M,106.10M,670,Industrial Metals and Mining,Iron and Steel,Machinery,Industrial Machinery & Supplies & Components,Industrial Intermediate Prod,Fabricated Metal & Hardware,Fabricated Metal,--
5998 JP Equity,ADVANEX INC,JP,Common Stock,74.43M,287.32M,304.70M,--,Industrial Metals and Mining,Metal Fabricating,Machinery,Industrial Machinery & Supplies & Components,Industrial Intermediate Prod,Fabricated Metal & Hardware,Fabricated Metal,Wire Products
AHMSA* MM Equity,ALTOS HORNOS-*,MX,Common Stock,74.31M,2.92B,3.06B,--,Industrial Metals and Mining,Iron and Steel,--,--,Steel,Steel Producers,Flat Rolled,--
KDK CN Equity,KODIAK COPPER CO,CA,Common Stock,74.24M,0,43.19M,--,Industrial Metals and Mining,General Mining,Metals & Mining,Diversified Metals & Mining,Metals & Mining,Base Metals,--,--
1636 HK Equity,CMRU,HK,Common Stock,74.21M,98.63M,239.91M,250,Industrial Metals and Mining,Copper,Metals & Mining,Copper,Metals & Mining,Base Metals,--,--
KAV LN Equity,KAVANGO RESOURCE,GB,Common Stock,73.93M,674.91k,30.73M,--,Industrial Metals and Mining,General Mining,Metals & Mining,Diversified Metals & Mining,Metals & Mining,Base Metals,--,--
OGD CN Equity,ORBIT GARANT DRI,CA,Common Stock,73.79M,204.12M,131.35M,--,Industrial Metals and Mining,General Mining,Metals & Mining,Diversified Metals & Mining,Oil & Gas Services & Equip,Drilling & Drilling Support,Onshore Drilling,--
WML CN Equity,WEALTH MINERALS,CA,Common Stock,73.43M,0,6.79M,--,Industrial Metals and Mining,Nonferrous Metals,Metals & Mining,Precious Metals & Minerals,Metals & Mining,Mineral & Precious Stone Mining,Mineral Mining,Lithium
S CN Equity,SHERRITT INTL,CA,Common Stock,73.38M,175.79M,1.55B,--,Industrial Metals and Mining,Nonferrous Metals,Metals & Mining,Diversified Metals & Mining,Metals & Mining,Base Metals,--,--
AOT CN Equity,ASCOT RESOURCES,CA,Common Stock,73.30M,17.03M,946.15M,--,Industrial Metals and Mining,General Mining,Metals & Mining,Gold,Metals & Mining,Precious Metals,Gold,--
ISI IN Equity,INDIA STEEL WORK,IN,Common Stock,73.15M,1.36k,73.43M,10,Industrial Metals and Mining,Iron and Steel,Metals & Mining,Steel,Steel,Steel Producers,--,--
CLE AU Equity,CYCLONE METALS L,AU,Common Stock,72.91M,0,12.11M,--,Industrial Metals and Mining,Iron and Steel,Metals & Mining,Diversified Metals & Mining,Metals & Mining,Iron,Iron Ore Mining,--
WCE AU Equity,WEST COAST SILVE,AU,Common Stock,72.82M,0,1.98M,--,Industrial Metals and Mining,General Mining,Metals & Mining,Diversified Metals & Mining,Metals & Mining,Base Metals,Manganese,--
GXU CN Equity,GOVIEX URANIUM I,CA,Common Stock,72.77M,0,7.37M,--,Industrial Metals and Mining,Nonferrous Metals,"Oil, Gas & Consumable Fuels",Coal & Consumable Fuels,Metals & Mining,Base Metals,--,--
CVV AU Equity,CARAVEL MINERALS,AU,Common Stock,72.64M,0,12.94M,--,Industrial Metals and Mining,General Mining,Metals & Mining,Diversified Metals & Mining,Metals & Mining,Base Metals,"Nickel, Lead & Zinc",--
ADN AU Equity,ANDROMEDA METALS,AU,Common Stock,72.52M,0,158.07M,--,Industrial Metals and Mining,General Mining,Metals & Mining,Diversified Metals & Mining,Metals & Mining,Base Metals,--,--
HST AV Equity,HUTTER & SCHRANT,AT,Common Stock,72.42M,226.69M,115.88M,591,Industrial Metals and Mining,Iron and Steel,Construction & Engineering,Construction & Engineering,Steel,Steel Producers,--,--
EPIC CN Equity,1CM INC,CA,Common Stock,72.22M,64.08M,43.69M,--,Industrial Metals and Mining,General Mining,Pharmaceuticals,Pharmaceuticals,Tobacco & Cannabis,Cannabis,--,--
AP US Equity,AMPCO-PITTSBURGH,US,Common Stock,71.79M,634.42M,858.36M,--,Industrial Metals and Mining,Iron and Steel,Metals & Mining,Steel,Industrial Intermediate Prod,Fabricated Metal & Hardware,Fabricated Metal,Forging & Stamping
MM1 AU Equity,MIDAS MINERALS L,AU,Common Stock,71.70M,0,5.43M,--,Industrial Metals and Mining,General Mining,Metals & Mining,Diversified Metals & Mining,Metals & Mining,Precious Metals,Gold,--
HLM SJ Equity,HULAMIN LTD,ZA,Common Stock,71.51M,1.13B,623.78M,--,Industrial Metals and Mining,Aluminum,Metals & Mining,Aluminum,Industrial Intermediate Prod,Fabricated Metal & Hardware,Fabricated Metal,Forging & Stamping
024840 KS Equity,KBI METAL CO LTD,KR,Common Stock,71.46M,781.25M,281.75M,--,Industrial Metals and Mining,Nonferrous Metals,Automobile Components,Automotive Parts & Equipment,Machinery,Other Machinery & Equipment,General Purpose Machinery,Motor & Generator
G50 AU Equity,G50 CORP LTD,AU,Common Stock,71.39M,0,13.25M,--,Industrial Metals and Mining,General Mining,Metals & Mining,Diversified Metals & Mining,Metals & Mining,Precious Metals,Gold,--
JBY AU Equity,JAMES BAY MINERA,AU,Common Stock,71.37M,--,3.17M,--,Industrial Metals and Mining,Nonferrous Metals,Metals & Mining,Diversified Metals & Mining,Metals & Mining,Mineral & Precious Stone Mining,Mineral Mining,--
KTO CN Equity,K2 GOLD CORP,CA,Common Stock,71.02M,0,20.71M,--,Industrial Metals and Mining,Iron and Steel,Metals & Mining,Gold,Metals & Mining,Precious Metals,Gold,--
SOUTHWES IN Equity,SOUTH WEST PINNA,IN,Common Stock,70.77M,32.72M,51.71M,574,Industrial Metals and Mining,General Mining,Metals & Mining,Diversified Metals & Mining,Oil & Gas Services & Equip,Drilling & Drilling Support,--,--
TUCLK TI Equity,TUGCELIK ALUMINY,TR,Common Stock,70.54M,74.61M,226.37M,394,Industrial Metals and Mining,Iron and Steel,Machinery,Industrial Machinery & Supplies & Components,Metals & Mining,Base Metals,Aluminum,--
TR2 AU Equity,TALI RESOURCES L,AU,Common Stock,70.50M,--,--,--,Industrial Metals and Mining,General Mining,Metals & Mining,Diversified Metals & Mining,Metals & Mining,Base Metals,Copper,--
MMA AU Equity,MARONAN METALS P,AU,Common Stock,70.44M,0,9.05M,--,Industrial Metals and Mining,General Mining,Metals & Mining,Diversified Metals & Mining,Metals & Mining,Base Metals,Copper,--
COLFORM MK Equity,COLFORM GROUP BH,MY,Common Stock,70.38M,33.43M,42.41M,--,Industrial Metals and Mining,Iron and Steel,Metals & Mining,Steel,Steel,Steel Producers,--,--
2S TB Equity,2S METAL PCL,TH,Common Stock,70.34M,320.42M,98.14M,--,Industrial Metals and Mining,Iron and Steel,Metals & Mining,Steel,Steel,Steel Producers,"Long, Pipe & Tubular",Pipe & Tubular
E25 AU Equity,ELEMENT 25 LTD,AU,Common Stock,70.21M,13.30M,65.19M,--,Industrial Metals and Mining,General Mining,Metals & Mining,Diversified Metals & Mining,Metals & Mining,Base Metals,--,--
5612 JP Equity,NIPPON CHUTETSUK,JP,Common Stock,70.13M,170.51M,237.52M,--,Industrial Metals and Mining,Metal Fabricating,Metals & Mining,Steel,Steel,Steel Producers,"Long, Pipe & Tubular",--
SHIVAUM IN Equity,SHIV AUM STEELS,IN,Common Stock,69.37M,90.30M,29.63M,--,Industrial Metals and Mining,Iron and Steel,Trading Companies & Distributors,Trading Companies & Distributors,Steel,Steel Producers,--,--
BCA AU Equity,BLACK CANYON LTD,AU,Common Stock,69.19M,513.24k,6.31M,--,Industrial Metals and Mining,General Mining,Metals & Mining,Diversified Metals & Mining,Metals & Mining,Base Metals,--,--
QZM CN Equity,QUARTZ MT RES LT,CA,Common Stock,69.01M,0,3.34M,--,Industrial Metals and Mining,General Mining,Metals & Mining,Diversified Metals & Mining,Metals & Mining,Precious Metals,--,--
DPWIRES IN Equity,DP WIRES LTD,IN,Common Stock,68.93M,112.56M,55.98M,53,Industrial Metals and Mining,Iron and Steel,Metals & Mining,Steel,Steel,Steel Producers,"Long, Pipe & Tubular",Pipe & Tubular
KTE IN Equity,KELTECH ENERGIES,IN,Common Stock,68.86M,88.52M,53.82M,285,Industrial Metals and Mining,Iron and Steel,Chemicals,Commodity Chemicals,Chemicals,Specialty Chemicals,Explosives,--
MSW MK Equity,MALAYSIA STEEL W,MY,Common Stock,68.54M,833.01M,821.67M,--,Industrial Metals and Mining,Iron and Steel,Metals & Mining,Steel,Steel,Steel Producers,--,--
MASTL IN Equity,MANAKSIA STEELS,IN,Common Stock,68.34M,115.10M,102.06M,189,Industrial Metals and Mining,Iron and Steel,Metals & Mining,Steel,Steel,Steel Producers,--,--
BEW CN Equity,BEWHERE HOLDINGS,CA,Common Stock,68.27M,19.41M,13.80M,--,Industrial Metals and Mining,General Mining,Software,Application Software,Software,Application Software,--,--
TBMS IJ Equity,TEMBAGA MULIA SE,ID,Common Stock,68.19M,1.31B,242.30M,264,Industrial Metals and Mining,Nonferrous Metals,Electrical Equipment,Electrical Components & Equipment,Metals & Mining,Base Metals,Copper,Copper Smelting & Refining
AGES SS Equity,AGES INDUSTRI AB,SE,Common Stock,68.17M,199.72M,124.15M,315,Industrial Metals and Mining,Aluminum,Machinery,Industrial Machinery & Supplies & Components,Industrial Intermediate Prod,Fabricated Metal & Hardware,--,--
IVR AU Equity,INVESTIGATOR RES,AU,Common Stock,67.58M,0,39.53M,--,Industrial Metals and Mining,General Mining,Metals & Mining,Diversified Metals & Mining,Metals & Mining,Base Metals,Uranium,--
5476 JP Equity,NIPPON KOSHUHA,JP,Common Stock,67.38M,370.31M,343.37M,--,Industrial Metals and Mining,Iron and Steel,Metals & Mining,Steel,Steel,Steel Producers,--,--
7531 JP Equity,SEIWA CHUO HD,JP,Common Stock,67.21M,515.65M,384.70M,--,Industrial Metals and Mining,Iron and Steel,Trading Companies & Distributors,Trading Companies & Distributors,Steel,Metal Svc Centers & Processors,Steel Processors,--
SALT CN Equity,ATLAS SALT INC,CA,Common Stock,67.13M,0,24.68M,--,Industrial Metals and Mining,General Mining,Metals & Mining,Diversified Metals & Mining,Metals & Mining,Mineral & Precious Stone Mining,Mineral Mining,--
2071 TT Equity,CHEN NAN STEEL,TW,Common Stock,67.01M,74.95M,123.79M,--,Industrial Metals and Mining,Metal Fabricating,Machinery,Industrial Machinery & Supplies & Components,Industrial Intermediate Prod,Fabricated Metal & Hardware,--,--
038010 KS Equity,JEIL TECHNOS CO,KR,Common Stock,67.00M,204.49M,194.05M,--,Industrial Metals and Mining,Iron and Steel,Metals & Mining,Steel,Industrial Intermediate Prod,Fabricated Metal & Hardware,Fabricated Metal,Structural Metal & Plate Work
PDP IN Equity,PRADEEP METALS,IN,Common Stock,66.73M,56.59M,50.10M,572,Industrial Metals and Mining,Metal Fabricating,Metals & Mining,Steel,Steel,Steel Producers,--,--
155660 KS Equity,DSR CORP,KR,Common Stock,66.62M,333.33M,397.38M,--,Industrial Metals and Mining,Iron and Steel,Chemicals,Commodity Chemicals,Industrial Intermediate Prod,Fabricated Metal & Hardware,Fabricated Metal,Wire Products
6111 JP Equity,ASAHI-SEIKI MANU,JP,Common Stock,66.38M,118.51M,213.92M,--,Industrial Metals and Mining,Metal Fabricating,Machinery,Industrial Machinery & Supplies & Components,Industrial Intermediate Prod,Fabricated Metal & Hardware,--,--
MET1 LN Equity,METALS ONE PLC,GB,Common Stock,66.21M,--,19.75M,1,Industrial Metals and Mining,General Mining,Metals & Mining,Diversified Metals & Mining,Metals & Mining,Mineral & Precious Stone Mining,Mineral Mining,--
APL PM Equity,APOLLO GLOBAL CA,PH,Common Stock,66.18M,0,121.18M,--,Industrial Metals and Mining,Iron and Steel,Metals & Mining,Steel,Internet Media & Services,Internet Media & Services,--,--
BRND IT Equity,BRAND INDUS LTD,IL,Common Stock,66.17M,146.34M,387.84M,--,Industrial Metals and Mining,Iron and Steel,Construction & Engineering,Construction & Engineering,Steel,Steel Producers,--,--
SMC VN Equity,SMC INV TRADING,VN,Common Stock,65.84M,540.62M,303.14M,551,Industrial Metals and Mining,Iron and Steel,Metals & Mining,Steel,Wholesale - Discretionary,Import & Export,--,--
PERUBAI1 PE Equity,PERUBAR SA-INV,PE,Common Stock,65.72M,36.43M,144.84M,--,Industrial Metals and Mining,General Mining,Commercial Services & Supplies,Diversified Support Services,Metals & Mining,Base Metals,"Nickel, Lead & Zinc",--
TUNG CN Equity,AMERICAN TUNGSTE,CA,Common Stock,65.71M,--,1.64M,--,Industrial Metals and Mining,General Mining,Metals & Mining,Diversified Metals & Mining,Metals & Mining,Mineral & Precious Stone Mining,Mineral Mining,--
GCM AU Equity,GREEN CRITICAL M,AU,Common Stock,65.67M,0,12.28M,--,Industrial Metals and Mining,General Mining,Metals & Mining,Diversified Metals & Mining,Metals & Mining,Mineral & Precious Stone Mining,--,--
NKL CN Equity,NICKEL 28 CAPITA,CA,Common Stock,65.65M,0,214.92M,--,Industrial Metals and Mining,Nonferrous Metals,Metals & Mining,Diversified Metals & Mining,Metals & Mining,Base Metals,"Nickel, Lead & Zinc",Nickel
037760 KS Equity,CENIT CO LTD,KR,Common Stock,65.24M,147.25M,219.72M,--,Industrial Metals and Mining,Iron and Steel,Metals & Mining,Steel,Steel,Steel Producers,Flat Rolled,--
ALR AU Equity,ALTAIR MINERALS,AU,Common Stock,64.45M,0,10.63M,--,Industrial Metals and Mining,General Mining,Metals & Mining,Diversified Metals & Mining,Metals & Mining,Base Metals,--,--
LHK TB Equity,LOHAKIT METAL PC,TH,Common Stock,64.34M,118.59M,99.31M,--,Industrial Metals and Mining,Iron and Steel,Metals & Mining,Steel,Steel,Metal Svc Centers & Processors,Steel Processors,--
M79 AU Equity,MAMMOTH MINERALS,AU,Common Stock,64.29M,203.92k,22.15M,--,Industrial Metals and Mining,General Mining,Metals & Mining,Diversified Metals & Mining,Metals & Mining,Base Metals,Copper,--
CZR AU Equity,CZR RESOURCES LT,AU,Common Stock,64.24M,0,42.64M,--,Industrial Metals and Mining,General Mining,Metals & Mining,Steel,Metals & Mining,Base Metals,--,--
MEU AU Equity,MARMOTA LTD,AU,Common Stock,63.63M,0,20.49M,--,Industrial Metals and Mining,General Mining,"Oil, Gas & Consumable Fuels",Coal & Consumable Fuels,Metals & Mining,Base Metals,Uranium,--
HAS AU Equity,HASTINGS TECHNOL,AU,Common Stock,63.29M,0,480.00M,--,Industrial Metals and Mining,Nonferrous Metals,Metals & Mining,Diversified Metals & Mining,Metals & Mining,Mineral & Precious Stone Mining,Mineral Mining,Rare Earth
LMG AU Equity,LATROBE MAGNESIU,AU,Common Stock,63.23M,0,95.40M,--,Industrial Metals and Mining,Nonferrous Metals,Metals & Mining,Diversified Metals & Mining,Metals & Mining,Base Metals,--,--
ARS LN Equity,ASIAMET RESOURCE,CA,Common Stock,63.12M,0,4.61M,--,Industrial Metals and Mining,General Mining,Metals & Mining,Diversified Metals & Mining,Metals & Mining,Mineral & Precious Stone Mining,--,--
PAP TB Equity,PACIFIC PIPE PCL,TH,Common Stock,62.99M,318.62M,185.03M,--,Industrial Metals and Mining,Iron and Steel,Metals & Mining,Steel,Steel,Steel Producers,"Long, Pipe & Tubular",Pipe & Tubular
SSSC TB Equity,SIAM STEEL SERV,TH,Common Stock,62.92M,214.19M,183.26M,--,Industrial Metals and Mining,Iron and Steel,Metals & Mining,Steel,Industrial Intermediate Prod,Fabricated Metal & Hardware,Fabricated Metal,Structural Metal & Plate Work
RUA CN Equity,RUA GOLD INC,CA,Common Stock,62.70M,0,8.85M,--,Industrial Metals and Mining,General Mining,Metals & Mining,Gold,Metals & Mining,Precious Metals,--,--
AUX CN Equity,GOLDEN CROSS RES,CA,Common Stock,62.63M,0,27.97k,--,Industrial Metals and Mining,Nonferrous Metals,Metals & Mining,Gold,Metals & Mining,Base Metals,"Nickel, Lead & Zinc",Zinc
LKE AU Equity,LAKE RESOURCES,AU,Common Stock,62.60M,0,177.63M,--,Industrial Metals and Mining,Nonferrous Metals,Metals & Mining,Diversified Metals & Mining,Metals & Mining,Mineral & Precious Stone Mining,Mineral Mining,Lithium
012160 KS Equity,YOUNGWIRE CO LTD,KR,Common Stock,62.28M,534.05M,561.41M,--,Industrial Metals and Mining,Iron and Steel,Metals & Mining,Steel,Steel,Steel Producers,"Long, Pipe & Tubular",Steel Wire Drawing
133820 KS Equity,FINE BESTEEL CO,KR,Common Stock,62.21M,132.50M,166.62M,--,Industrial Metals and Mining,Iron and Steel,Metals & Mining,Steel,Steel,Steel Producers,--,--
TAQAT AB Equity,TAQAT MINERAL TR,SA,Common Stock,62.18M,95.55M,62.51M,--,Industrial Metals and Mining,Iron and Steel,Metals & Mining,Steel,Steel,Metal Svc Centers & Processors,--,--
CRI AU Equity,CRITICA LTD,AU,Common Stock,62.06M,187.32k,3.40M,--,Industrial Metals and Mining,General Mining,Metals & Mining,Diversified Metals & Mining,Metals & Mining,Iron,Iron Ore Mining,--
5016 TT Equity,SONG HO IND,TW,Common Stock,61.97M,96.10M,126.10M,--,Industrial Metals and Mining,Iron and Steel,Metals & Mining,Steel,Steel,Steel Producers,--,--
3816 HK Equity,KFM KINGDOM HOLD,HK,Common Stock,61.95M,149.15M,173.48M,1k,Industrial Metals and Mining,Metal Fabricating,Machinery,Industrial Machinery & Supplies & Components,Industrial Intermediate Prod,Fabricated Metal & Hardware,Fabricated Metal,Forging & Stamping
ALUM SL Equity,ALUMEX LTD,LK,Common Stock,61.80M,73.95M,89.58M,--,Industrial Metals and Mining,Aluminum,Metals & Mining,Aluminum,Metals & Mining,Base Metals,Aluminum,--
AUMC US Equity,AURYN MINING COR,US,Common Stock,61.57M,--,--,--,Industrial Metals and Mining,General Mining,Metals & Mining,Diversified Metals & Mining,Metals & Mining,Precious Metals,Gold,--
BURCE TI Equity,BURCELIK BURSA,TR,Common Stock,61.55M,62.25M,67.03M,203,Industrial Metals and Mining,Iron and Steel,Machinery,Industrial Machinery & Supplies & Components,Steel,Steel Producers,--,--
STF PW Equity,STALPROFI,PL,Common Stock,61.45M,649.26M,507.46M,582,Industrial Metals and Mining,Metal Fabricating,Trading Companies & Distributors,Trading Companies & Distributors,Steel,Steel Producers,"Long, Pipe & Tubular",Pipe & Tubular
STIL MS Equity,MAKSTIL AD SKOPJ,MK,Common Stock,61.42M,221.45M,237.97M,--,Industrial Metals and Mining,Iron and Steel,--,--,Steel,Steel Producers,--,--
ARROW TB Equity,ARROW SYNDICATE,TH,Common Stock,61.30M,55.49M,69.65M,--,Industrial Metals and Mining,Iron and Steel,Electrical Equipment,Electrical Components & Equipment,Steel,Steel Producers,"Long, Pipe & Tubular",--
CPR SJ Equity,COPPER 360,ZA,Common Stock,61.24M,12.03M,114.23M,--,Industrial Metals and Mining,Copper,Metals & Mining,Copper,Metals & Mining,Base Metals,Copper,Copper Mining
ASEH SP Equity,ASIA ENTERPRISES,SG,Common Stock,61.19M,46.23M,130.11M,--,Industrial Metals and Mining,Iron and Steel,Trading Companies & Distributors,Trading Companies & Distributors,Steel,Metal Svc Centers & Processors,Steel Processors,--
VHM AU Equity,VHM LTD,AU,Common Stock,61.16M,0,70.09M,--,Industrial Metals and Mining,Nonferrous Metals,Metals & Mining,Diversified Metals & Mining,Metals & Mining,Mineral & Precious Stone Mining,Mineral Mining,--
SKY AU Equity,SKY METALS LTD,AU,Common Stock,61.09M,0,21.94M,--,Industrial Metals and Mining,General Mining,Metals & Mining,Diversified Metals & Mining,Real Estate Owners & Developers,Specialty Owners & Developers,--,--
SGO CN Equity,SONORO GOLD CORP,CA,Common Stock,60.85M,0,8.90M,--,Industrial Metals and Mining,General Mining,Metals & Mining,Gold,Metals & Mining,Precious Metals,--,--
ASCM EY Equity,ASEC CO FOR MINI,EG,Common Stock,60.72M,111.23M,230.61M,--,Industrial Metals and Mining,General Mining,Metals & Mining,Diversified Metals & Mining,Metals & Mining,Mining Services,--,--
RML AU Equity,RESOLUTION MINER,AU,Common Stock,60.69M,0,4.21M,--,Industrial Metals and Mining,General Mining,Metals & Mining,Diversified Metals & Mining,Metals & Mining,Base Metals,Cobalt,--
6495 JP Equity,MIYAIRI VALVE,JP,Common Stock,60.66M,68.33M,95.11M,--,Industrial Metals and Mining,Metal Fabricating,Machinery,Industrial Machinery & Supplies & Components,Machinery,Flow Control Equipment,Industrial Valve,--
NETZ CN Equity,CARBON STREAMING,CA,Common Stock,60.49M,970.71k,78.71M,--,Industrial Metals and Mining,General Mining,Commercial Services & Supplies,Environmental & Facilities Services,Asset Management,Investment Management,--,--
STUD CN Equity,STALLION URANIUM,CA,Common Stock,60.45M,0,13.04M,--,Industrial Metals and Mining,General Mining,"Oil, Gas & Consumable Fuels",Coal & Consumable Fuels,Metals & Mining,Mineral & Precious Stone Mining,--,--
ARS CN Equity,ARES STRATEGIC M,CA,Common Stock,60.25M,0,38.90M,--,Industrial Metals and Mining,Nonferrous Metals,Metals & Mining,Diversified Metals & Mining,Metals & Mining,Mineral & Precious Stone Mining,Mineral Mining,--
DMSAS TI Equity,DEMISAS,TR,Common Stock,60.05M,160.40M,113.67M,579,Industrial Metals and Mining,Metal Fabricating,Metals & Mining,Steel,Metals & Mining,Iron,Iron Foundries,--
ECVC PM Equity,EAST COAST VULCA,PH,Common Stock,59.96M,7.66M,58.09M,--,Industrial Metals and Mining,General Mining,Metals & Mining,Diversified Metals & Mining,Metals & Mining,Base Metals,--,--
069730 KS Equity,DSR WIRE CORP,KR,Common Stock,59.96M,239.68M,245.70M,--,Industrial Metals and Mining,Iron and Steel,Electrical Equipment,Electrical Components & Equipment,Steel,Steel Producers,"Long, Pipe & Tubular",Steel Wire Drawing
AERPACE IN Equity,AERPACE INDUSTRI,IN,Common Stock,59.71M,0,12.99M,25,Industrial Metals and Mining,Iron and Steel,Trading Companies & Distributors,Trading Companies & Distributors,Steel,Steel Producers,--,--
FMT TB Equity,FINE METAL TECHN,TH,Common Stock,59.56M,337.21M,144.65M,--,Industrial Metals and Mining,Metal Fabricating,Machinery,Industrial Machinery & Supplies & Components,Metals & Mining,Base Metals,Copper,Copper Smelting & Refining
TOC CN Equity,TOCVAN VENTURES,CA,Common Stock,59.40M,0,11.15M,--,Industrial Metals and Mining,General Mining,--,--,Metals & Mining,Mineral & Precious Stone Mining,--,--
021050 KS Equity,SEOWON CO LTD,KR,Common Stock,59.25M,1.37B,1.07B,--,Industrial Metals and Mining,Nonferrous Metals,Metals & Mining,Diversified Metals & Mining,Metals & Mining,Base Metals,Copper,Copper Smelting & Refining
MD CN Equity,MIDLAND EXPLORAT,CA,Common Stock,58.85M,217.37k,47.76M,--,Industrial Metals and Mining,General Mining,Metals & Mining,Diversified Metals & Mining,Metals & Mining,Precious Metals,--,--
FEG AU Equity,FAR EAST GOLD LT,AU,Common Stock,58.72M,0,33.26M,--,Industrial Metals and Mining,General Mining,Metals & Mining,Diversified Metals & Mining,Metals & Mining,Precious Metals,Gold,--
WCN AU Equity,WHITE CLIFF MINE,AU,Common Stock,58.57M,0,5.57M,--,Industrial Metals and Mining,General Mining,Metals & Mining,Diversified Metals & Mining,Metals & Mining,Base Metals,"Nickel, Lead & Zinc",Nickel
009730 KS Equity,IREM CO LTD,KR,Common Stock,58.54M,122.11M,142.52M,139,Industrial Metals and Mining,Iron and Steel,Metals & Mining,Steel,Steel,Steel Producers,"Long, Pipe & Tubular",Pipe & Tubular
ESAU CN Equity,ESGOLD CORP,CA,Common Stock,58.53M,0,7.80M,--,Industrial Metals and Mining,Nonferrous Metals,Metals & Mining,Gold,Metals & Mining,Precious Metals,Gold,--
822 HK Equity,KA SHUI INTL HLD,HK,Common Stock,58.33M,288.02M,393.04M,4k,Industrial Metals and Mining,Nonferrous Metals,Machinery,Industrial Machinery & Supplies & Components,Industrial Intermediate Prod,Fabricated Metal & Hardware,Fabricated Metal,Machine Shops
MSV AU Equity,MITCHELL SERVICE,AU,Common Stock,58.29M,196.65M,111.27M,--,Industrial Metals and Mining,General Mining,Metals & Mining,Diversified Metals & Mining,Metals & Mining,Mining Services,Coal Support Services,--
ZNC AU Equity,ZENITH MINERALS,AU,Common Stock,58.24M,668.32k,14.47M,--,Industrial Metals and Mining,General Mining,Metals & Mining,Diversified Metals & Mining,Metals & Mining,Base Metals,"Nickel, Lead & Zinc",Zinc
A/H CN Equity,ARMOR MINERALS I,CA,Common Stock,57.91M,0,3.06M,--,Industrial Metals and Mining,Nonferrous Metals,Metals & Mining,Diversified Metals & Mining,Metals & Mining,Precious Metals,--,--
POD AU Equity,PODIUM MINERALS,AU,Common Stock,57.64M,0,22.41M,--,Industrial Metals and Mining,General Mining,Metals & Mining,Diversified Metals & Mining,Metals & Mining,Precious Metals,Platinum Group,--
5542 JP Equity,SHINHOKOKU MATER,JP,Common Stock,57.56M,62.20M,80.14M,--,Industrial Metals and Mining,Iron and Steel,Metals & Mining,Steel,Steel,Steel Producers,Specialty Metals,--
RITE US Equity,MINERALRITE CORP,US,Common Stock,57.55M,411.72k,2.50M,--,Industrial Metals and Mining,General Mining,Metals & Mining,Precious Metals & Minerals,Metals & Mining,Mineral & Precious Stone Mining,--,--
NSE CN Equity,NEW STRATUS ENER,CA,Common Stock,57.34M,--,56.75M,--,Industrial Metals and Mining,Nonferrous Metals,"Oil, Gas & Consumable Fuels",Oil & Gas Exploration & Production,Oil & Gas Supply Chain,Exploration & Production,--,--
5491 JP Equity,NIPPON KINZOKU,JP,Common Stock,57.07M,516.57M,747.14M,--,Industrial Metals and Mining,Metal Fabricating,Metals & Mining,Steel,Steel,Steel Producers,--,--
OCCI OM Equity,OMAN CHROMITE-50,OM,Common Stock,56.84M,19.33M,34.01M,--,Industrial Metals and Mining,General Mining,Metals & Mining,Diversified Metals & Mining,Metals & Mining,Base Metals,--,--
5753 JP Equity,NIPPON SHINDO CO,JP,Common Stock,56.26M,263.05M,176.09M,--,Industrial Metals and Mining,Nonferrous Metals,Metals & Mining,Copper,Metals & Mining,Base Metals,Copper,Copper Smelting & Refining
CACR CN Equity,CANADIAN CHROME,CA,Common Stock,56.15M,0,406.53k,--,Industrial Metals and Mining,General Mining,Metals & Mining,Diversified Metals & Mining,Metals & Mining,Base Metals,--,--
ANK CN Equity,ANGKOR RESOURCES,CA,Common Stock,55.93M,0,8.35M,--,Industrial Metals and Mining,General Mining,Metals & Mining,Gold,Metals & Mining,Precious Metals,--,--
RDM AU Equity,RED METAL LTD,AU,Common Stock,55.78M,1.83M,13.87M,--,Industrial Metals and Mining,General Mining,Metals & Mining,Diversified Metals & Mining,Metals & Mining,Base Metals,Copper,Copper Mining
YKSLN TI Equity,YUKSELEN CELIK T,TR,Common Stock,55.63M,71.84M,70.32M,--,Industrial Metals and Mining,Iron and Steel,Metals & Mining,Steel,Steel,Metal Svc Centers & Processors,--,--
FTUR CN Equity,FUTURE FUELS INC,CA,Common Stock,55.55M,0,19.85M,--,Industrial Metals and Mining,General Mining,--,--,Metals & Mining,Mineral & Precious Stone Mining,--,--
1SN LN Equity,FIRST TIN PLC,GB,Common Stock,55.53M,--,73.95M,7,Industrial Metals and Mining,Nonferrous Metals,Metals & Mining,Diversified Metals & Mining,Metals & Mining,Base Metals,--,--
LEEF CN Equity,LEEF BRANDS INC,CA,Common Stock,55.46M,31.54M,48.29M,--,Industrial Metals and Mining,General Mining,Personal Care Products,Personal Care Products,Tobacco & Cannabis,Cannabis,--,--
SFX AU Equity,SHEFFIELD RESOUR,AU,Common Stock,55.37M,0,116.81M,--,Industrial Metals and Mining,General Mining,Metals & Mining,Diversified Metals & Mining,Metals & Mining,Mineral & Precious Stone Mining,--,--
KSSC MK Equity,K SENG SENG CORP,MY,Common Stock,55.12M,98.96M,123.34M,--,Industrial Metals and Mining,Metal Fabricating,Metals & Mining,Steel,Industrial Intermediate Prod,Fabricated Metal & Hardware,--,--
263770 KS Equity,UST CO LTD,KR,Common Stock,54.90M,83.14M,99.49M,79,Industrial Metals and Mining,Iron and Steel,Metals & Mining,Steel,Steel,Steel Producers,--,--
LEM CN Equity,LEADING EDGE MAT,CA,Common Stock,54.75M,0,32.09M,--,Industrial Metals and Mining,General Mining,Metals & Mining,Diversified Metals & Mining,Real Estate Owners & Developers,Specialty Owners & Developers,--,--
VIO CN Equity,VIOR INC,CA,Common Stock,54.63M,94.24k,34.68M,--,Industrial Metals and Mining,General Mining,Metals & Mining,Diversified Metals & Mining,Metals & Mining,Precious Metals,--,--
BMSCH TI Equity,BMS CELIK HASIR,TR,Common Stock,54.62M,108.42M,74.19M,130,Industrial Metals and Mining,Iron and Steel,Metals & Mining,Steel,Steel,Steel Producers,--,--
PXX AU Equity,POLARX LTD,AU,Common Stock,54.29M,100,40.43M,--,Industrial Metals and Mining,General Mining,Metals & Mining,Diversified Metals & Mining,Metals & Mining,Precious Metals,Gold,--
PEX AU Equity,PEEL MINING LTD,AU,Common Stock,54.22M,0,109.18M,--,Industrial Metals and Mining,General Mining,Metals & Mining,Copper,Metals & Mining,Base Metals,--,--
HYLQ CN Equity,HYLQ STRATEGY CO,CA,Common Stock,53.98M,0,287.37k,--,Industrial Metals and Mining,General Mining,"Electronic Equipment, Instruments & Components",Electronic Equipment & Instruments,Software,Application Software,Specialty Software,--
4538 TT Equity,WINSON MACHINERY,TW,Common Stock,53.94M,14.89M,46.31M,--,Industrial Metals and Mining,Iron and Steel,Metals & Mining,Steel,Industrial Intermediate Prod,Fabricated Metal & Hardware,Fabricated Metal,Industrial Pattern
WINSTAR MK Equity,WINSTAR CAPITAL,MY,Common Stock,53.90M,67.50M,93.66M,236,Industrial Metals and Mining,Aluminum,Metals & Mining,Aluminum,Industrial Intermediate Prod,Fabricated Metal & Hardware,Fabricated Metal,--
SRZ AU Equity,STELLAR RESOURCE,AU,Common Stock,53.76M,0,10.91M,--,Industrial Metals and Mining,General Mining,Metals & Mining,Diversified Metals & Mining,Metals & Mining,Base Metals,Tin,--
WEX CN Equity,WESTERN EXPLORAT,US,Common Stock,53.56M,0,15.62M,--,Industrial Metals and Mining,General Mining,Metals & Mining,Diversified Metals & Mining,Metals & Mining,Mineral & Precious Stone Mining,Mineral Mining,"Potash, Soda, Borate"
JAINAM IN Equity,JAINAM FERRO ALL,IN,Common Stock,53.45M,36.34M,18.44M,--,Industrial Metals and Mining,Nonferrous Metals,Metals & Mining,Steel,Metals & Mining,Base Metals,--,--
ATY CN Equity,ATICO MINING COR,CA,Common Stock,53.31M,103.82M,160.52M,--,Industrial Metals and Mining,General Mining,Metals & Mining,Diversified Metals & Mining,Metals & Mining,Base Metals,Copper,--
MTC AU Equity,METALSTECH LTD,AU,Common Stock,53.29M,2.73k,8.84M,--,Industrial Metals and Mining,General Mining,Metals & Mining,Diversified Metals & Mining,Metals & Mining,Mineral & Precious Stone Mining,--,--
NOVA TB Equity,NOVA EMPIRE PCL,TH,Common Stock,53.15M,2.25M,164.93M,--,Industrial Metals and Mining,Iron and Steel,Independent Power and Renewable Electricity Producers,Renewable Electricity,Metals & Mining,Iron,Iron Foundries,--
DEV AU Equity,DEVEX RESOURCES,AU,Common Stock,53.00M,0,16.07M,--,Industrial Metals and Mining,General Mining,Metals & Mining,Diversified Metals & Mining,Metals & Mining,Base Metals,Uranium,--
008420 KS Equity,MOONBAE STEEL,KR,Common Stock,52.85M,155.88M,245.18M,55,Industrial Metals and Mining,Metal Fabricating,Metals & Mining,Steel,Steel,Steel Producers,--,--
VSTL IN Equity,VIBHOR STEEL TUB,IN,Common Stock,52.73M,180.82M,88.67M,660,Industrial Metals and Mining,Iron and Steel,Metals & Mining,Steel,Steel,Steel Producers,"Long, Pipe & Tubular",--
ZNWD LN Equity,ZINWALD LITHIUM,GB,Common Stock,52.20M,0,67.77M,20,Industrial Metals and Mining,General Mining,Metals & Mining,Diversified Metals & Mining,Metals & Mining,Mineral & Precious Stone Mining,Mineral Mining,Lithium
026940 KS Equity,BOOKOOK STEEL,KR,Common Stock,51.88M,202.15M,167.42M,51,Industrial Metals and Mining,Metal Fabricating,Metals & Mining,Steel,Steel,Steel Producers,Flat Rolled,--
SUPERSH IN Equity,SUPERSHAKTI META,IN,Common Stock,51.86M,133.75M,64.97M,130,Industrial Metals and Mining,Iron and Steel,Metals & Mining,Steel,Steel,Steel Producers,"Long, Pipe & Tubular",Steel Wire Drawing
ATCU CN Equity,ALTA COPPER CORP,CA,Common Stock,51.53M,0,112.75M,--,Industrial Metals and Mining,Nonferrous Metals,Metals & Mining,Copper,Metals & Mining,Base Metals,Copper,--
RUDRA IN Equity,RUDRA GLOBAL INF,IN,Common Stock,51.52M,101.18M,64.15M,75,Industrial Metals and Mining,Iron and Steel,Metals & Mining,Steel,Steel,Steel Producers,--,--
AQD AU Equity,AUSQUEST LTD,AU,Common Stock,51.52M,469.83k,18.61M,--,Industrial Metals and Mining,General Mining,Metals & Mining,Diversified Metals & Mining,Metals & Mining,Base Metals,--,--
NIKL IJ Equity,PELAT TIMAH NUSA,ID,Common Stock,51.44M,236.19M,218.69M,221,Industrial Metals and Mining,Iron and Steel,Metals & Mining,Steel,Industrial Intermediate Prod,Fabricated Metal & Hardware,Fabricated Metal,Sheet Metal
MARC PM Equity,MARCVENTURES HOL,PH,Common Stock,51.32M,45.44M,161.31M,--,Industrial Metals and Mining,Nonferrous Metals,Metals & Mining,Diversified Metals & Mining,Metals & Mining,Base Metals,"Nickel, Lead & Zinc",Nickel
DTL VN Equity,DAI THIEN LOC,VN,Common Stock,51.28M,119.07M,134.49M,73,Industrial Metals and Mining,Iron and Steel,Metals & Mining,Steel,Metals & Mining,Metals & Ore Whslrs & Traders,--,--
RIYADHST AB Equity,RIYADH STEEL CO,SA,Common Stock,51.22M,65.70M,45.03M,--,Industrial Metals and Mining,Iron and Steel,Metals & Mining,Steel,Steel,Steel Producers,--,--
LITM US Equity,SNOW LAKE RESOUR,CA,Common Stock,51.13M,0,6.59M,--,Industrial Metals and Mining,General Mining,Metals & Mining,Diversified Metals & Mining,Metals & Mining,Mineral & Precious Stone Mining,Mineral Mining,Lithium
5446 JP Equity,HOKUETSU METAL,JP,Common Stock,51.07M,289.31M,285.28M,--,Industrial Metals and Mining,Iron and Steel,Metals & Mining,Steel,Industrial Intermediate Prod,Fabricated Metal & Hardware,Fabricated Metal,Wire Products
ION AU Equity,IONDRIVE LTD,AU,Common Stock,51.07M,0,8.99M,--,Industrial Metals and Mining,General Mining,Metals & Mining,Gold,Renewable Energy,Renewable Energy Equipment,Other Renewable Energy Equip,Energy Storage Systems
NIO SS Equity,NORDIC IRON ORE,SE,Common Stock,50.80M,0,41.16M,9,Industrial Metals and Mining,Iron and Steel,Metals & Mining,Steel,Metals & Mining,Iron,Iron Ore Mining,--
BHIL IN Equity,BHAGYANAGAR INDI,IN,Common Stock,50.66M,295.00M,97.53M,5,Industrial Metals and Mining,Copper,Electrical Equipment,Electrical Components & Equipment,Electrical Equipment,Electrical Components,Wire & Cable,--
GMA CN Equity,GEOMEGA RESOURCE,CA,Common Stock,50.51M,--,8.69M,--,Industrial Metals and Mining,General Mining,Metals & Mining,Diversified Metals & Mining,Metals & Mining,Precious Metals,Gold,--
TYCN TB Equity,TYCOONS WORLDWID,TH,Common Stock,50.41M,182.77M,278.50M,--,Industrial Metals and Mining,Iron and Steel,Metals & Mining,Steel,Industrial Intermediate Prod,Fabricated Metal & Hardware,Fabricated Metal,Wire Products
AMC TB Equity,ASIA METAL PCL,TH,Common Stock,50.41M,312.91M,241.18M,--,Industrial Metals and Mining,Iron and Steel,Metals & Mining,Steel,Steel,Steel Producers,--,--
140520 KS Equity,DAECHANG STEEL,KR,Common Stock,50.39M,447.44M,286.75M,--,Industrial Metals and Mining,Iron and Steel,Metals & Mining,Steel,Steel,Metal Svc Centers & Processors,Steel Processors,--
ARD AU Equity,ARGENT MINERALS,AU,Common Stock,50.31M,0,3.91M,--,Industrial Metals and Mining,General Mining,Metals & Mining,Diversified Metals & Mining,Metals & Mining,Base Metals,Cobalt,--
S2R AU Equity,S2 RESOURCES LTD,AU,Common Stock,50.15M,0,8.99M,--,Industrial Metals and Mining,General Mining,Metals & Mining,Diversified Metals & Mining,Metals & Mining,Base Metals,--,--
YGT CN Equity,GOLD TERRA RESOU,CA,Common Stock,49.84M,0,60.36M,--,Industrial Metals and Mining,General Mining,Metals & Mining,Gold,Metals & Mining,Precious Metals,Gold,--
NCAST IN Equity,NITIN CASTINGS L,IN,Common Stock,49.79M,27.33M,24.21M,149,Industrial Metals and Mining,Iron and Steel,Metals & Mining,Steel,Steel,Steel Producers,Flat Rolled,--
CHOW TB Equity,CHOW BRIGHT VENT,TH,Common Stock,49.63M,151.54M,168.42M,--,Industrial Metals and Mining,Iron and Steel,Metals & Mining,Steel,Steel,Steel Producers,--,--
9962 TT Equity,YEOU YIH STEEL,TW,Common Stock,49.55M,115.22M,84.69M,--,Industrial Metals and Mining,Iron and Steel,Metals & Mining,Steel,Steel,Steel Producers,Specialty Metals,--
CFER IN Equity,COSMO FERRITES,IN,Common Stock,49.17M,15.55M,22.05M,215,Industrial Metals and Mining,Iron and Steel,Electrical Equipment,Electrical Components & Equipment,Industrial Intermediate Prod,Fabricated Metal & Hardware,Fabricated Metal,Forging & Stamping
AMST IN Equity,AHMEDABAD STEELC,IN,Common Stock,48.67M,31.19M,23.37M,11,Industrial Metals and Mining,Iron and Steel,Trading Companies & Distributors,Trading Companies & Distributors,Steel,Steel Producers,--,--
EML LN Equity,EMMERSON PLC,IM,Common Stock,48.36M,--,3.41M,--,Industrial Metals and Mining,General Mining,Metals & Mining,Diversified Metals & Mining,Metals & Mining,Mineral & Precious Stone Mining,Mineral Mining,"Potash, Soda, Borate"
5986 JP Equity,MOLITEC STEEL,JP,Common Stock,47.92M,508.52M,390.43M,--,Industrial Metals and Mining,Metal Fabricating,Metals & Mining,Steel,Steel,Metal Svc Centers & Processors,Steel Processors,--
PREM LN Equity,PREMIER AFRICAN,VG,Common Stock,47.79M,0,107.34M,237,Industrial Metals and Mining,General Mining,Metals & Mining,Diversified Metals & Mining,Metals & Mining,Mineral & Precious Stone Mining,--,--
1001 HK Equity,HONG KONG SHANGH,HK,Common Stock,47.74M,415.80M,526.27M,255,Industrial Metals and Mining,Iron and Steel,Trading Companies & Distributors,Trading Companies & Distributors,Steel,Steel Producers,--,--
WHY CN Equity,WEST HIGH YIELD,CA,Common Stock,47.71M,0,2.18M,--,Industrial Metals and Mining,General Mining,Metals & Mining,Diversified Metals & Mining,Metals & Mining,Base Metals,--,--
AGY AU Equity,ARGOSY MINERALS,AU,Common Stock,47.61M,337.46k,83.26M,--,Industrial Metals and Mining,General Mining,Metals & Mining,Diversified Metals & Mining,Chemicals,Specialty Chemicals,--,--
SHN AU Equity,SUNSHINE METALS,AU,Common Stock,47.36M,0,18.04M,--,Industrial Metals and Mining,General Mining,Metals & Mining,Diversified Metals & Mining,Metals & Mining,Base Metals,--,--
NNL AU Equity,NORDIC RESOURCES,AU,Common Stock,47.29M,14.64k,12.27M,--,Industrial Metals and Mining,General Mining,Metals & Mining,Diversified Metals & Mining,Metals & Mining,Base Metals,"Nickel, Lead & Zinc",Nickel
LQWD CN Equity,LQWD TECHNOLOGIE,CA,Common Stock,47.11M,6.13k,24.04M,--,Industrial Metals and Mining,General Mining,Software,Application Software,Specialty Finance,Other Financial Services,--,--
MKR AU Equity,MANUKA RESOURCES,AU,Common Stock,47.06M,15.20M,61.14M,--,Industrial Metals and Mining,General Mining,Metals & Mining,Precious Metals & Minerals,Metals & Mining,Precious Metals,--,--
LLB MK Equity,LION INDUSTRIES,MY,Common Stock,46.68M,551.42M,886.11M,--,Industrial Metals and Mining,Iron and Steel,Metals & Mining,Steel,Steel,Steel Producers,--,--
2064 TT Equity,CAMELLIA METAL,TW,Common Stock,46.59M,77.65M,124.01M,--,Industrial Metals and Mining,Iron and Steel,Metals & Mining,Steel,Steel,Steel Producers,"Long, Pipe & Tubular",Pipe & Tubular
TTS CN Equity,TINTINA MINES,CA,Common Stock,46.56M,0,16.49M,--,Industrial Metals and Mining,General Mining,Metals & Mining,Diversified Metals & Mining,Metals & Mining,Mineral & Precious Stone Mining,--,--
80M LN Equity,80 MILE PLC,GB,Common Stock,46.55M,0,69.13M,7,Industrial Metals and Mining,Nonferrous Metals,Metals & Mining,Diversified Metals & Mining,Metals & Mining,Mining Services,--,--
WR1 AU Equity,WINSOME RESOURCE,AU,Common Stock,46.35M,0,130.59M,--,Industrial Metals and Mining,General Mining,Metals & Mining,Diversified Metals & Mining,Metals & Mining,Mineral & Precious Stone Mining,Mineral Mining,Lithium
GT3 AU Equity,GREEN360 TECHNOL,AU,Common Stock,46.26M,12.25M,19.12M,--,Industrial Metals and Mining,General Mining,Construction Materials,Construction Materials,Metals & Mining,Mineral & Precious Stone Mining,--,--
LEFU MK Equity,LEON FUAT BHD,MY,Common Stock,46.15M,308.23M,414.70M,--,Industrial Metals and Mining,Iron and Steel,Metals & Mining,Steel,Steel,Steel Producers,--,--
5742 JP Equity,NIC AUTOTEC INC,JP,Common Stock,46.00M,66.94M,78.78M,--,Industrial Metals and Mining,Aluminum,Metals & Mining,Aluminum,Metals & Mining,Base Metals,Aluminum,--
ELT AU Equity,ELEMENTOS LTD,AU,Common Stock,45.74M,0,21.94M,--,Industrial Metals and Mining,General Mining,Metals & Mining,Diversified Metals & Mining,Metals & Mining,Precious Metals,Gold,--
072950 KS Equity,VISSEM ELECTRONI,KR,Common Stock,45.73M,94.64M,110.73M,--,Industrial Metals and Mining,Nonferrous Metals,Semiconductors & Semiconductor Equipment,Semiconductors,Technology Hardware,Communications Equipment,--,--
HE1 LN Equity,HELIUM ONE GLOBA,GB,Common Stock,45.68M,0,73.50M,--,Industrial Metals and Mining,General Mining,"Oil, Gas & Consumable Fuels",Oil & Gas Exploration & Production,Oil & Gas Supply Chain,Exploration & Production,Crude Oil & Natural Gas E&P,Natural Gas Production
2459 HK Equity,SANERGY GROUP LT,HK,Common Stock,45.64M,86.38M,281.28M,188,Industrial Metals and Mining,Metal Fabricating,Electrical Equipment,Electrical Components & Equipment,Chemicals,Specialty Chemicals,Advanced Materials,Graphite Products
BBB CN Equity,BRIXTON METALS C,CA,Common Stock,45.30M,0,17.49M,--,Industrial Metals and Mining,General Mining,Metals & Mining,Diversified Metals & Mining,Metals & Mining,Precious Metals,--,--
CSAP PA Equity,CRESCENT STEEL,PK,Common Stock,45.19M,49.19M,62.64M,--,Industrial Metals and Mining,Iron and Steel,Metals & Mining,Steel,Steel,Steel Producers,"Long, Pipe & Tubular",Pipe & Tubular
2326 HK Equity,NEW PROVENANCE E,HK,Common Stock,45.18M,92.60M,104.69M,133,Industrial Metals and Mining,Nonferrous Metals,Trading Companies & Distributors,Trading Companies & Distributors,Metals & Mining,Metals & Ore Whslrs & Traders,--,--
GBE AU Equity,GLOBE METALS AND,AU,Common Stock,45.15M,0,33.02M,--,Industrial Metals and Mining,General Mining,Metals & Mining,Diversified Metals & Mining,Metals & Mining,Base Metals,Uranium,--
SRL CN Equity,SALAZAR RESOURCE,CA,Common Stock,44.97M,0,26.06M,--,Industrial Metals and Mining,General Mining,Metals & Mining,Diversified Metals & Mining,Metals & Mining,Base Metals,--,--
5609 JP Equity,NIPPON CHUZO KK,JP,Common Stock,44.77M,144.11M,238.64M,--,Industrial Metals and Mining,Metal Fabricating,Metals & Mining,Steel,Industrial Intermediate Prod,Fabricated Metal & Hardware,Fabricated Metal,Industrial Pattern
AGC AU Equity,AUSTRALIAN GOLD,AU,Common Stock,44.56M,0,30.59M,--,Industrial Metals and Mining,General Mining,Metals & Mining,Gold,Metals & Mining,Precious Metals,Gold,--
SALS IN Equity,SAL STEEL LTD,IN,Common Stock,44.53M,98.74M,63.40M,282,Industrial Metals and Mining,Iron and Steel,Metals & Mining,Steel,Metals & Mining,Iron,Iron Foundries,--
NAU CN Equity,NEVGOLD CORP,CA,Common Stock,44.42M,0,32.94M,--,Industrial Metals and Mining,General Mining,Metals & Mining,Diversified Metals & Mining,Metals & Mining,Precious Metals,--,--
ASTL PA Equity,AMRELI STEELS LT,PK,Common Stock,44.34M,209.32M,251.37M,--,Industrial Metals and Mining,Iron and Steel,Metals & Mining,Steel,Steel,Steel Producers,--,--
IZS PW Equity,IZOSTAL SA,PL,Common Stock,44.29M,294.01M,303.27M,293,Industrial Metals and Mining,Iron and Steel,Metals & Mining,Steel,Construction Materials,Building Materials,Insulation Products,--
BRES LN Equity,BLENCOWE RESOURC,GB,Common Stock,44.17M,0,14.95M,--,Industrial Metals and Mining,General Mining,Metals & Mining,Diversified Metals & Mining,Oil & Gas Supply Chain,Exploration & Production,--,--
VPG VN Equity,VIET PHAT IMPORT,VN,Common Stock,43.95M,984.23M,536.52M,154,Industrial Metals and Mining,General Mining,Trading Companies & Distributors,Trading Companies & Distributors,Metals & Mining,Metals & Ore Whslrs & Traders,--,--
JLL AU Equity,JINDALEE LITHIUM,AU,Common Stock,43.87M,19.68k,20.42M,--,Industrial Metals and Mining,General Mining,Metals & Mining,Diversified Metals & Mining,Metals & Mining,Mineral & Precious Stone Mining,Mineral Mining,Lithium
5603 JP Equity,KOGI CORP,JP,Common Stock,43.86M,265.01M,360.37M,--,Industrial Metals and Mining,Metal Fabricating,Metals & Mining,Steel,Industrial Intermediate Prod,Fabricated Metal & Hardware,Fabricated Metal,Forging & Stamping
THE TB Equity,STEEL PCL/ THE,TH,Common Stock,43.65M,339.09M,201.87M,--,Industrial Metals and Mining,Iron and Steel,Trading Companies & Distributors,Trading Companies & Distributors,Steel,Steel Producers,--,--
CRCL LN Equity,CORCEL PLC,GB,Common Stock,43.60M,0,22.83M,--,Industrial Metals and Mining,General Mining,Metals & Mining,Diversified Metals & Mining,Metals & Mining,Mineral & Precious Stone Mining,Mineral Mining,--
PGZ CN Equity,PAN GLOBAL RESOU,CA,Common Stock,43.28M,0,10.09M,--,Industrial Metals and Mining,General Mining,Metals & Mining,Diversified Metals & Mining,Metals & Mining,Mineral & Precious Stone Mining,Mineral Mining,Lithium
CEN TB Equity,CAPITAL ENGINEER,TH,Common Stock,43.03M,48.49M,135.47M,--,Industrial Metals and Mining,Iron and Steel,Metals & Mining,Steel,Engineering & Construction,Infrastructure Construction,Communication Infra Const,Comm & Transmission Const
2623 HK Equity,ADD NEW ENERGY I,CN,Common Stock,42.99M,59.42M,225.04M,126,Industrial Metals and Mining,Iron and Steel,Metals & Mining,Steel,Metals & Mining,Iron,Iron Ore Mining,--
WPG CN Equity,WEST POINT GOLD,CA,Common Stock,42.78M,0,23.12M,--,Industrial Metals and Mining,General Mining,Metals & Mining,Diversified Metals & Mining,Metals & Mining,Precious Metals,Silver,--
GGO CN Equity,GALLEON GOLD COR,CA,Common Stock,42.71M,0,34.93M,--,Industrial Metals and Mining,General Mining,Metals & Mining,Diversified Metals & Mining,Metals & Mining,Precious Metals,Gold,--
KF IN Equity,KALYANI FORGE,IN,Common Stock,42.66M,42.94M,43.14M,851,Industrial Metals and Mining,Metal Fabricating,Automobile Components,Automotive Parts & Equipment,Industrial Intermediate Prod,Fabricated Metal & Hardware,Fabricated Metal,Forging & Stamping
5858 JP Equity,STG,JP,Common Stock,42.55M,64.71M,71.11M,--,Industrial Metals and Mining,Metal Fabricating,Machinery,Industrial Machinery & Supplies & Components,Industrial Intermediate Prod,Fabricated Metal & Hardware,--,--
MMET CN Equity,MIATA METALS COR,CA,Common Stock,42.51M,0,303.02k,--,Industrial Metals and Mining,General Mining,--,--,Metals & Mining,Mineral & Precious Stone Mining,Mineral Mining,--
FT CN Equity,FORTUNE MINERAL,CA,Common Stock,42.45M,0,5.41M,--,Industrial Metals and Mining,General Mining,Metals & Mining,Diversified Metals & Mining,Metals & Mining,Base Metals,--,--
NMT AU Equity,NEOMETALS LTD,AU,Common Stock,42.38M,0,42.13M,--,Industrial Metals and Mining,General Mining,Metals & Mining,Diversified Metals & Mining,Metals & Mining,Base Metals,--,--
NF CN Equity,NUCLEAR FUELS IN,CA,Common Stock,42.35M,0,19.56M,--,Industrial Metals and Mining,General Mining,"Oil, Gas & Consumable Fuels",Coal & Consumable Fuels,Metals & Mining,Mineral & Precious Stone Mining,--,--
ZIGA TB Equity,ZIGA,TH,Common Stock,42.23M,24.18M,52.06M,--,Industrial Metals and Mining,Iron and Steel,Metals & Mining,Steel,Steel,Steel Producers,--,--
138070 KS Equity,SINJIN SM CO LTD,KR,Common Stock,42.16M,60.73M,115.76M,--,Industrial Metals and Mining,Iron and Steel,Metals & Mining,Steel,Industrial Intermediate Prod,Fabricated Metal & Hardware,Fabricated Metal,Structural Metal & Plate Work
KRITIKA IN Equity,KRITIKA WIRES LT,IN,Common Stock,41.98M,135.19M,33.65M,157,Industrial Metals and Mining,Iron and Steel,Metals & Mining,Steel,Industrial Intermediate Prod,Fabricated Metal & Hardware,Fabricated Metal,Wire Products
6890 HK Equity,KANGLI INTERNATI,HK,Common Stock,41.92M,409.76M,375.92M,566,Industrial Metals and Mining,Iron and Steel,Metals & Mining,Steel,Steel,Steel Producers,--,--
EMH AU Equity,EUROPEAN METALS,AU,Common Stock,41.85M,0,37.32M,--,Industrial Metals and Mining,Iron and Steel,Metals & Mining,Diversified Metals & Mining,Metals & Mining,Precious Metals,--,--
AGR AU Equity,AGUIA RESOURCES,AU,Common Stock,41.83M,0,37.28M,--,Industrial Metals and Mining,General Mining,Metals & Mining,Diversified Metals & Mining,Metals & Mining,Base Metals,--,--
MTS CN Equity,METALLIS RESOUCE,CA,Common Stock,41.79M,0,626.92k,--,Industrial Metals and Mining,General Mining,Metals & Mining,Diversified Metals & Mining,Metals & Mining,Mineral & Precious Stone Mining,--,--
PTU CN Equity,PUREPOINT URANIU,CA,Common Stock,41.70M,0,2.94M,--,Industrial Metals and Mining,Nonferrous Metals,"Oil, Gas & Consumable Fuels",Coal & Consumable Fuels,Metals & Mining,Base Metals,Uranium,--
5697 JP Equity,SANYU CO LTD,JP,Common Stock,41.63M,246.16M,206.26M,--,Industrial Metals and Mining,Iron and Steel,Metals & Mining,Steel,Steel,Steel Producers,--,--
UFO LN Equity,ALIEN METALS LTD,GB,Common Stock,41.57M,0,27.79M,--,Precious Metals and Mining,Platinum and Precious Metals,Metals & Mining,Diversified Metals & Mining,Metals & Mining,Precious Metals,--,--
GPG CN Equity,GRANDE PORTAGE,CA,Common Stock,41.56M,0,23.63M,--,Industrial Metals and Mining,General Mining,Metals & Mining,Gold,Metals & Mining,Precious Metals,Gold,--
RMR LN Equity,ROME RESOURCES P,GB,Common Stock,41.12M,--,31.03M,--,Industrial Metals and Mining,General Mining,Metals & Mining,Diversified Metals & Mining,Metals & Mining,Mineral & Precious Stone Mining,--,--
PRST MK Equity,PRESTAR RESOURCE,MY,Common Stock,41.07M,157.99M,203.24M,--,Industrial Metals and Mining,Iron and Steel,Metals & Mining,Steel,Steel,Steel Producers,--,--
HMX AU Equity,HAMMER METALS LT,AU,Common Stock,41.07M,0,36.74M,--,Industrial Metals and Mining,General Mining,Metals & Mining,Gold,Metals & Mining,Precious Metals,Gold,--
RIM AU Equity,RIMFIRE PACIFIC,AU,Common Stock,40.87M,0,17.66M,--,Industrial Metals and Mining,General Mining,Metals & Mining,Diversified Metals & Mining,Metals & Mining,Precious Metals,--,--
TNC AU Equity,TRUE NORTH COPPE,AU,Common Stock,40.76M,2.39M,111.69M,--,Industrial Metals and Mining,General Mining,Metals & Mining,Diversified Metals & Mining,Metals & Mining,Base Metals,Copper,Copper Mining
SIDMA GA Equity,SIDMA STEEL SA,GR,Common Stock,40.56M,305.60M,225.41M,--,Industrial Metals and Mining,Iron and Steel,Metals & Mining,Steel,Steel,Steel Producers,--,--
KLR AU Equity,KAILI RESOURCES,AU,Common Stock,40.54M,0,533.72k,--,Industrial Metals and Mining,General Mining,Metals & Mining,Diversified Metals & Mining,Metals & Mining,Precious Metals,Gold,--
IR1 AU Equity,IRIS METALS LTD,AU,Common Stock,40.48M,--,--,--,Industrial Metals and Mining,General Mining,Metals & Mining,Diversified Metals & Mining,Metals & Mining,Precious Metals,Gold,--
LOYAL IN Equity,LOYAL EQUIPMENTS,IN,Common Stock,40.39M,13.66M,14.13M,--,Industrial Metals and Mining,Iron and Steel,Machinery,Industrial Machinery & Supplies & Components,Industrial Intermediate Prod,Fabricated Metal & Hardware,--,--
BOW PW Equity,BOWIM,PL,Common Stock,40.33M,692.86M,211.91M,--,Industrial Metals and Mining,Iron and Steel,Trading Companies & Distributors,Trading Companies & Distributors,Steel,Metal Svc Centers & Processors,Steel Processors,--
MENE CN Equity,MENE INC,CA,Common Stock,40.18M,28.56M,23.65M,--,Industrial Metals and Mining,General Mining,"Textiles, Apparel & Luxury Goods","Apparel, Accessories & Luxury Goods",E-Commerce Discretionary,Specialty Online Retailers,Jewelry & Watch - Online,--
FOX CN Equity,FOX RIVER RESOUR,CA,Common Stock,40.17M,--,765.37k,--,Industrial Metals and Mining,General Mining,Metals & Mining,Diversified Metals & Mining,Metals & Mining,Metals & Ore Whslrs & Traders,--,--
PGF IN Equity,PG FOILS LTD,IN,Common Stock,40.10M,89.18M,79.39M,452,Industrial Metals and Mining,Aluminum,Containers & Packaging,"Metal, Glass & Plastic Containers",Containers & Packaging,Containers & Packaging,Metal Containers & Packaging,Aluminum Foil for Packaging
BWE AU Equity,BWE DRILLING LTD,AU,Common Stock,40.09M,76.07M,79.54M,--,Industrial Metals and Mining,General Mining,Construction & Engineering,Construction & Engineering,Oil & Gas Services & Equip,Drilling & Drilling Support,Drill Support,--
VLC CN Equity,VELOCITY MINERAL,CA,Common Stock,39.96M,0,31.87M,--,Industrial Metals and Mining,General Mining,Metals & Mining,Gold,Metals & Mining,Base Metals,Manganese,--
VBX AU Equity,VBX LTD,AU,Common Stock,39.89M,0,--,--,Industrial Metals and Mining,Nonferrous Metals,Metals & Mining,Aluminum,Metals & Mining,Base Metals,Aluminum,Bauxite Mining
012620 KS Equity,WONIL SPECIAL,KR,Common Stock,39.81M,421.71M,280.02M,--,Industrial Metals and Mining,Iron and Steel,Metals & Mining,Steel,Steel,Steel Producers,--,--
CMET LN Equity,CAPITAL METALS P,GB,Common Stock,39.74M,0,12.27M,26,Industrial Metals and Mining,General Mining,Metals & Mining,Diversified Metals & Mining,Metals & Mining,Mineral & Precious Stone Mining,Mineral Mining,--
SLS AU Equity,SOLSTICE MINERAL,AU,Common Stock,39.52M,0,20.87M,--,Industrial Metals and Mining,General Mining,Metals & Mining,Gold,Metals & Mining,Precious Metals,Gold,--
STOZ RO Equity,STICLOVAL SA VAL,RO,Common Stock,39.39M,1.65M,3.42M,--,Industrial Metals and Mining,General Mining,Construction Materials,Construction Materials,Construction Materials,Cement & Aggregates,Aggregates,Sand & Gravel
AMM CN Equity,ALMADEN MINERA-B,CA,Common Stock,39.12M,0,13.24M,--,Industrial Metals and Mining,General Mining,Metals & Mining,Diversified Metals & Mining,Metals & Mining,Precious Metals,--,--
ALC MK Equity,ALCOM GROUP BHD,MY,Common Stock,39.03M,205.64M,236.60M,--,Industrial Metals and Mining,Aluminum,Metals & Mining,Aluminum,Metals & Mining,Base Metals,Aluminum,Aluminum Smelting & Refining
CBEE MK Equity,CHOO BEE METAL,MY,Common Stock,38.92M,131.54M,227.76M,--,Industrial Metals and Mining,Iron and Steel,Metals & Mining,Steel,Steel,Metal Svc Centers & Processors,Steel Processors,--
MAXX CN Equity,MAX POWER MINING,CA,Common Stock,38.72M,0,2.73M,--,Industrial Metals and Mining,General Mining,--,--,Metals & Mining,Base Metals,--,--
BOGA SL Equity,BOGALA GRAPHITE,LK,Common Stock,38.70M,8.88M,11.79M,--,Industrial Metals and Mining,Nonferrous Metals,Metals & Mining,Diversified Metals & Mining,Chemicals,Specialty Chemicals,Advanced Materials,Graphite Products
BVR AU Equity,BELLAVISTA RESOU,AU,Common Stock,38.69M,0,10.06M,--,Industrial Metals and Mining,General Mining,Metals & Mining,Diversified Metals & Mining,Metals & Mining,Base Metals,--,--
LGM AU Equity,LEGACY MINERALS,AU,Common Stock,38.64M,0,8.83M,--,Industrial Metals and Mining,General Mining,Metals & Mining,Diversified Metals & Mining,Metals & Mining,Precious Metals,Gold,--
DAN CN Equity,ARIANNE PHOSPHAT,CA,Common Stock,38.62M,0,76.53M,--,Industrial Metals and Mining,General Mining,Metals & Mining,Diversified Metals & Mining,Metals & Mining,Base Metals,--,--
BKI CN Equity,BLACK IRON INC,CA,Common Stock,38.57M,0,3.83M,--,Industrial Metals and Mining,Iron and Steel,Metals & Mining,Steel,Metals & Mining,Iron,Iron Ore Mining,--
5950 JP Equity,JAPAN POWER FAST,JP,Common Stock,38.36M,50.50M,59.44M,--,Industrial Metals and Mining,Metal Fabricating,Machinery,Industrial Machinery & Supplies & Components,Industrial Intermediate Prod,Fabricated Metal & Hardware,--,--
CCE CN Equity,COMMERCE RESOURC,CA,Common Stock,38.32M,0,59.87M,--,Industrial Metals and Mining,General Mining,Metals & Mining,Diversified Metals & Mining,Metals & Mining,Base Metals,--,--
048470 KS Equity,DAE DONG STEEL,KR,Common Stock,38.31M,155.32M,100.99M,35,Industrial Metals and Mining,Iron and Steel,Metals & Mining,Steel,Steel,Metal Svc Centers & Processors,Steel Processors,--
2073 TT Equity,SYONG SHUN METAL,TW,Common Stock,38.07M,27.96M,35.78M,--,Industrial Metals and Mining,Iron and Steel,Metals & Mining,Steel,Electrical Equipment,Electrical Components,Wire & Cable,--
PLAN CN Equity,PROGRESSIVE PLAN,CA,Common Stock,37.87M,21.54M,31.68M,--,Industrial Metals and Mining,General Mining,--,--,Metals & Mining,Base Metals,--,--
INCREDIB IN Equity,INCREDIBLE INDUS,IN,Common Stock,37.71M,137.22M,36.35M,195,Industrial Metals and Mining,Iron and Steel,Metals & Mining,Steel,Steel,Steel Producers,--,--
AZL AU Equity,ARIZONA LITHIUM,AU,Common Stock,37.66M,0,90.73M,--,Industrial Metals and Mining,General Mining,Metals & Mining,Diversified Metals & Mining,Metals & Mining,Mineral & Precious Stone Mining,Mineral Mining,--
PJP PW Equity,PJPMAKRUM SA,PL,Common Stock,37.57M,169.36M,154.83M,--,Industrial Metals and Mining,Iron and Steel,Building Products,Building Products,Machinery,Material Handling Machinery,--,--
060380 KS Equity,DONGYANG S.TEC,KR,Common Stock,37.51M,212.40M,197.17M,--,Industrial Metals and Mining,Iron and Steel,Metals & Mining,Steel,Steel,Metal Svc Centers & Processors,Steel Processors,--
AEI SP Equity,ASCENT BRIDGE LT,SG,Common Stock,37.50M,2.36M,40.36M,--,Industrial Metals and Mining,Aluminum,Beverages,Distillers & Vintners,Metals & Mining,Base Metals,Aluminum,Aluminum Smelting & Refining
BSBM TB Equity,BANGSAPHAN BARMI,TH,Common Stock,37.45M,17.30M,79.46M,--,Industrial Metals and Mining,Iron and Steel,Metals & Mining,Steel,Industrial Intermediate Prod,Fabricated Metal & Hardware,Fabricated Metal,Forging & Stamping
TLH VN Equity,TIEN LEN STEEL C,VN,Common Stock,37.42M,381.71M,249.44M,210,Industrial Metals and Mining,Iron and Steel,Metals & Mining,Steel,Steel,Steel Producers,--,--
SMN CN Equity,SUN SUMMIT MINER,CA,Common Stock,37.35M,0,2.74M,--,Industrial Metals and Mining,General Mining,Metals & Mining,Diversified Metals & Mining,Metals & Mining,Base Metals,Copper,--
DEB IN Equity,DECCAN BEARINGS,IN,Common Stock,37.27M,0,29.39k,--,Industrial Metals and Mining,Metal Fabricating,Machinery,Industrial Machinery & Supplies & Components,Industrial Intermediate Prod,Fabricated Metal & Hardware,Hardware,Ball & Roller Bearing
GSP CN Equity,GENSOURCE POTASH,CA,Common Stock,37.03M,0,26.55M,--,Industrial Metals and Mining,General Mining,Chemicals,Fertilizers & Agricultural Chemicals,Metals & Mining,Mineral & Precious Stone Mining,Mineral Mining,"Potash, Soda, Borate"
AMY CN Equity,RECYCLICO BATTER,CA,Common Stock,36.88M,0,20.26M,--,Industrial Metals and Mining,General Mining,Metals & Mining,Diversified Metals & Mining,Metals & Mining,Base Metals,Manganese,--
EAM CN Equity,EAST AFRICA META,CA,Common Stock,36.83M,0,26.71M,--,Industrial Metals and Mining,General Mining,Metals & Mining,Diversified Metals & Mining,Metals & Mining,Mining Services,Non-Metallic Mining Support,--
POW LN Equity,POWER METAL RESO,GB,Common Stock,36.70M,387.56k,58.11M,7,Industrial Metals and Mining,General Mining,Metals & Mining,Diversified Metals & Mining,Metals & Mining,Precious Metals,--,--
GAL AU Equity,GALILEO MINING L,AU,Common Stock,36.56M,0,47.65M,--,Industrial Metals and Mining,General Mining,Metals & Mining,Diversified Metals & Mining,Metals & Mining,Base Metals,Copper,Copper Mining
NVRO CN Equity,ENVIROGOLD GLOBA,CA,Common Stock,36.56M,148.62k,2.31M,--,Industrial Metals and Mining,General Mining,Commercial Services & Supplies,Environmental & Facilities Services,Metals & Mining,Precious Metals,Gold,--
CAPI IN Equity,CAPTAIN PIPES LT,IN,Common Stock,36.49M,13.93M,12.67M,--,Industrial Metals and Mining,Iron and Steel,Building Products,Building Products,Construction Materials,Building Materials,Plastic Building Materials,--
893 HK Equity,CHINA VANADIUM,HK,Common Stock,36.36M,114.32M,284.03M,326,Industrial Metals and Mining,Iron and Steel,Metals & Mining,Steel,Metals & Mining,Metals & Ore Whslrs & Traders,--,--
RTU IN Equity,RATHI STEEL,IN,Common Stock,36.34M,91.31M,49.72M,258,Industrial Metals and Mining,Iron and Steel,Metals & Mining,Steel,Steel,Steel Producers,--,--
SHAH IN Equity,SHAH METACORP LT,IN,Common Stock,36.00M,31.97M,37.12M,96,Industrial Metals and Mining,Iron and Steel,Metals & Mining,Steel,Steel,Metal Svc Centers & Processors,--,--
LYSA MK Equity,LYSAGHT GALVANIZ,MY,Common Stock,35.71M,31.35M,64.14M,--,Industrial Metals and Mining,Iron and Steel,Metals & Mining,Steel,Steel,Steel Producers,--,--
2738 HK Equity,HUAJIN INTERNATI,CN,Common Stock,35.65M,1.24B,823.24M,1k,Industrial Metals and Mining,Iron and Steel,Metals & Mining,Steel,Steel,Steel Producers,Flat Rolled,--
CEXT IN Equity,CENTURY EXTRUS,IN,Common Stock,35.43M,78.26M,32.00M,346,Industrial Metals and Mining,Aluminum,Metals & Mining,Aluminum,Industrial Intermediate Prod,Fabricated Metal & Hardware,Fabricated Metal,Sheet Metal
002690 KS Equity,DONG IL STEEL MF,KR,Common Stock,35.25M,168.01M,187.87M,117,Industrial Metals and Mining,Iron and Steel,Metals & Mining,Steel,Industrial Intermediate Prod,Fabricated Metal & Hardware,Fabricated Metal,Forging & Stamping
GRC CN Equity,GOLD SPRINGS RES,CA,Common Stock,35.00M,0,42.34M,--,Industrial Metals and Mining,General Mining,Metals & Mining,Gold,Metals & Mining,Precious Metals,Silver,--
API CN Equity,APPIA RARE EARTH,CA,Common Stock,34.94M,0,30.32M,--,Industrial Metals and Mining,Nonferrous Metals,"Oil, Gas & Consumable Fuels",Coal & Consumable Fuels,Metals & Mining,Base Metals,--,--
RTR AU Equity,RUMBLE RESOURCES,AU,Common Stock,34.92M,218.61k,59.67M,--,Industrial Metals and Mining,General Mining,Metals & Mining,Diversified Metals & Mining,Metals & Mining,Precious Metals,--,--
IDA AU Equity,INDIANA RESOURCE,AU,Common Stock,34.76M,0,8.17M,--,Industrial Metals and Mining,General Mining,Metals & Mining,Diversified Metals & Mining,Metals & Mining,Base Metals,Copper,--
RCM AU Equity,RAPID CRITICAL M,AU,Common Stock,34.75M,--,--,--,Industrial Metals and Mining,General Mining,Metals & Mining,Diversified Metals & Mining,Metals & Mining,Base Metals,--,--
009620 KS Equity,SAMBO INDUSTRIAL,KR,Common Stock,34.58M,379.10M,323.41M,--,Industrial Metals and Mining,Aluminum,Metals & Mining,Aluminum,Metals & Mining,Base Metals,Aluminum,Aluminum Smelting & Refining
DES AU Equity,DESOTO RESOURCES,AU,Common Stock,34.54M,0,9.55M,--,Industrial Metals and Mining,Nonferrous Metals,Metals & Mining,Diversified Metals & Mining,Metals & Mining,Precious Metals,Gold,--
EVR AU Equity,EV RESOURCES LTD,AU,Common Stock,34.47M,0,9.41M,--,Industrial Metals and Mining,General Mining,Metals & Mining,Diversified Metals & Mining,Metals & Mining,Mineral & Precious Stone Mining,Mineral Mining,Lithium
BKC VN Equity,BAC KAN MINERAL,VN,Common Stock,34.46M,34.36M,27.16M,341,Industrial Metals and Mining,General Mining,Metals & Mining,Diversified Metals & Mining,Metals & Mining,Precious Metals,Gold,--
KCC CN Equity,KINCORA COPPER L,CA,Common Stock,34.45M,0,20.18M,--,Industrial Metals and Mining,General Mining,Metals & Mining,Diversified Metals & Mining,Metals & Mining,Base Metals,--,--
SAM CN Equity,STARCORE INTERNA,CA,Common Stock,34.42M,35.50M,63.41M,--,Industrial Metals and Mining,General Mining,Metals & Mining,Gold,Metals & Mining,Precious Metals,Gold,--
TKU VN Equity,TUNG KUANG,VN,Common Stock,34.14M,49.58M,68.33M,325,Industrial Metals and Mining,Aluminum,Metals & Mining,Aluminum,Industrial Intermediate Prod,Fabricated Metal & Hardware,Fabricated Metal,Forging & Stamping
COPR CN Equity,COPPERNICO METAL,CA,Common Stock,33.99M,0,22.58M,--,Industrial Metals and Mining,General Mining,Metals & Mining,Diversified Metals & Mining,Metals & Mining,Base Metals,Copper,--
LDR AU Equity,LODE RESOURCES L,AU,Common Stock,33.97M,0,7.96M,--,Industrial Metals and Mining,General Mining,Metals & Mining,Diversified Metals & Mining,Metals & Mining,Precious Metals,--,--
MAALM IN Equity,MANAKSIA ALUMINI,IN,Common Stock,33.94M,91.19M,94.46M,313,Industrial Metals and Mining,Aluminum,Metals & Mining,Aluminum,Industrial Intermediate Prod,Fabricated Metal & Hardware,Fabricated Metal,Forging & Stamping
JUGR CN Equity,JUGGERNAUT EXPLO,CA,Common Stock,33.94M,0,18.86M,--,Industrial Metals and Mining,General Mining,Metals & Mining,Diversified Metals & Mining,Metals & Mining,Precious Metals,--,--
KOPB SG Equity,KOPAONIK AD BEOG,RS,Common Stock,33.91M,56.08M,52.95M,160,Industrial Metals and Mining,Iron and Steel,Trading Companies & Distributors,Trading Companies & Distributors,Retail - Discretionary,Home Products Stores,Building Materials Dealers,--
TUN LN Equity,TUNGSTEN WEST PL,GB,Common Stock,33.82M,0,70.45M,32,Industrial Metals and Mining,Nonferrous Metals,Metals & Mining,Diversified Metals & Mining,Metals & Mining,Base Metals,--,--
DIAM CN Equity,STAR DIAMOND COR,CA,Common Stock,33.66M,0,16.16M,--,Industrial Metals and Mining,General Mining,Metals & Mining,Precious Metals & Minerals,Metals & Mining,Mineral & Precious Stone Mining,Precious Stone Mining,Diamonds
FKM CN Equity,FOKUS MINING COR,CA,Common Stock,33.63M,0,13.06M,--,Industrial Metals and Mining,Nonferrous Metals,Metals & Mining,Gold,Metals & Mining,Base Metals,--,--
TK CN Equity,TINKA RESOURCES,CA,Common Stock,33.57M,0,80.05M,--,Industrial Metals and Mining,General Mining,Metals & Mining,Diversified Metals & Mining,Metals & Mining,Precious Metals,--,--
NTFT IN Equity,NATIONAL FITTING,IN,Common Stock,33.54M,13.72M,19.26M,92,Industrial Metals and Mining,Iron and Steel,Metals & Mining,Steel,Industrial Intermediate Prod,Fabricated Metal & Hardware,Hardware,--
QML AU Equity,QMINES LTD,AU,Common Stock,33.52M,0,21.49M,--,Industrial Metals and Mining,General Mining,Metals & Mining,Diversified Metals & Mining,Metals & Mining,Precious Metals,Gold,--
GMV CN Equity,GMV MINERLAS INC,CA,Common Stock,33.47M,0,9.49M,--,Industrial Metals and Mining,General Mining,Metals & Mining,Gold,Metals & Mining,Precious Metals,Gold,--
BAU CN Equity,BLUE STAR GOLD C,CA,Common Stock,33.44M,0,5.97M,--,Industrial Metals and Mining,General Mining,--,--,Metals & Mining,Precious Metals,Gold,--
BMTO LN Equity,BRAIME GROUP PLC,GB,Common Stock,33.42M,94.85M,72.92M,--,Industrial Metals and Mining,Metal Fabricating,Trading Companies & Distributors,Trading Companies & Distributors,Industrial Support Services,Industrial Wholesale & Rental,Industrial Equip & Sply Whslrs,--
COD AU Equity,CODA MINERALS LT,AU,Common Stock,33.33M,0,22.24M,--,Industrial Metals and Mining,General Mining,Metals & Mining,Diversified Metals & Mining,Metals & Mining,Base Metals,--,--
WLF CN Equity,WOLFDEN RESOURCE,CA,Common Stock,33.27M,0,501.05k,--,Industrial Metals and Mining,General Mining,Metals & Mining,Diversified Metals & Mining,Metals & Mining,Mineral & Precious Stone Mining,--,--
LIB CN Equity,LIBERTYSTREAM IN,CA,Common Stock,33.15M,0,13.03M,--,Industrial Metals and Mining,Copper,Metals & Mining,Diversified Metals & Mining,Metals & Mining,Mineral & Precious Stone Mining,Mineral Mining,Lithium
AGHA PA Equity,AGHA STEEL INDUS,PK,Common Stock,32.98M,73.91M,321.93M,--,Industrial Metals and Mining,Iron and Steel,Metals & Mining,Steel,Steel,Steel Producers,--,--
TUF CN Equity,HONEY BADGER SIL,CA,Common Stock,32.93M,0,729.61k,--,Industrial Metals and Mining,General Mining,Metals & Mining,Silver,Metals & Mining,Precious Metals,Silver,--
021040 KS Equity,DHSTEEL CO LTD,KR,Common Stock,32.84M,329.53M,202.19M,--,Industrial Metals and Mining,Iron and Steel,Metals & Mining,Steel,Steel,Steel Producers,"Long, Pipe & Tubular",Steel Wire Drawing
FMS CN Equity,FOCUS GRAPHITE I,CA,Common Stock,32.78M,0,106.70k,--,Industrial Metals and Mining,General Mining,Metals & Mining,Diversified Metals & Mining,Metals & Mining,Mineral & Precious Stone Mining,--,--
LNQ AU Equity,LINQ MINERALS LT,AU,Common Stock,32.51M,--,--,--,Industrial Metals and Mining,General Mining,Metals & Mining,Diversified Metals & Mining,Metals & Mining,Base Metals,Copper,--
MOO CN Equity,MOON RIVER MOLY,CA,Common Stock,32.49M,0,46.00M,--,Industrial Metals and Mining,General Mining,--,--,Metals & Mining,Base Metals,Molybdenum,--
GWR AU Equity,GWR GROUP LTD,AU,Common Stock,32.36M,0,41.76M,--,Industrial Metals and Mining,Iron and Steel,Metals & Mining,Gold,Metals & Mining,Iron,Iron Ore Mining,--
NH3 AU Equity,NH3 CLEAN ENERGY,AU,Common Stock,32.30M,0,4.06M,--,Industrial Metals and Mining,General Mining,Metals & Mining,Diversified Metals & Mining,Metals & Mining,Mineral & Precious Stone Mining,Mineral Mining,--
GSCU LN Equity,GREAT SOUTHERN C,GB,Common Stock,32.30M,0,6.37M,12,Industrial Metals and Mining,General Mining,Metals & Mining,Copper,Metals & Mining,Base Metals,Copper,--
ROCK CN Equity,TRIDENT RESOURCE,CA,Common Stock,32.15M,--,14.74M,--,Industrial Metals and Mining,General Mining,Metals & Mining,Diversified Metals & Mining,Metals & Mining,Base Metals,Uranium,--
AUQ AU Equity,ALARA RESOURCES,AU,Common Stock,32.12M,5.43M,171.95M,--,Industrial Metals and Mining,General Mining,Metals & Mining,Diversified Metals & Mining,Metals & Mining,Base Metals,Uranium,--
PMAM3 BZ Equity,PARANAPANEMA SA,BR,Common Stock,32.10M,129.92M,426.31M,--,Industrial Metals and Mining,Copper,Metals & Mining,Copper,Metals & Mining,Base Metals,--,--
TRR PW Equity,TERMO-REX SA,PL,Common Stock,32.04M,7.42M,13.75M,--,Industrial Metals and Mining,Metal Fabricating,Building Products,Building Products,Machinery,Metalworking Machinery,Welding & Solder Equipment,--
SBJA IN Equity,SHRI BAJRANG ALL,IN,Common Stock,32.04M,72.29M,87.84M,421,Industrial Metals and Mining,Iron and Steel,Metals & Mining,Steel,Steel,Steel Producers,Flat Rolled,--
CLA AU Equity,CELSIUS RESOURCE,AU,Common Stock,31.95M,647,29.49M,--,Industrial Metals and Mining,General Mining,Metals & Mining,Diversified Metals & Mining,Metals & Mining,Base Metals,--,--
POM VN Equity,POMINA STEEL COR,VN,Common Stock,31.94M,207.35M,627.22M,763,Industrial Metals and Mining,Iron and Steel,Metals & Mining,Steel,Steel,Steel Producers,--,--
KZR AU Equity,KALAMAZOO RESOUR,AU,Common Stock,31.94M,0,27.07M,--,Industrial Metals and Mining,General Mining,Metals & Mining,Diversified Metals & Mining,Metals & Mining,Mineral & Precious Stone Mining,--,--
146060 KS Equity,YUL CHON CO LTD,KR,Common Stock,31.94M,86.90M,102.45M,--,Industrial Metals and Mining,Iron and Steel,Metals & Mining,Steel,Industrial Intermediate Prod,Fabricated Metal & Hardware,Hardware,Fabricated Pipe & Pipe Fitting
SLIAN SP Equity,SOON LIAN HLDGS,SG,Common Stock,31.93M,81.16M,86.45M,--,Industrial Metals and Mining,Aluminum,Trading Companies & Distributors,Trading Companies & Distributors,Semiconductors,Semiconductor Devices,Discrete,"Discretes, Sensors & Actuators"
192390 KS Equity,WINHITECH CO LTD,KR,Common Stock,31.75M,124.71M,154.71M,--,Industrial Metals and Mining,Iron and Steel,Metals & Mining,Steel,Steel,Steel Producers,"Long, Pipe & Tubular",--
AAN CN Equity,ATON RESOURCES I,CA,Common Stock,31.41M,0,2.11M,--,Industrial Metals and Mining,General Mining,Metals & Mining,Diversified Metals & Mining,Metals & Mining,Precious Metals,Gold,--
AXN AU Equity,ALLIANCE NICKEL,AU,Common Stock,31.33M,0,55.66M,--,Industrial Metals and Mining,Nonferrous Metals,Metals & Mining,Gold,Metals & Mining,Base Metals,"Nickel, Lead & Zinc",Nickel
UVA AU Equity,UVRE LTD,AU,Common Stock,31.29M,0,5.59M,--,Industrial Metals and Mining,General Mining,Metals & Mining,Diversified Metals & Mining,Metals & Mining,Base Metals,Uranium,--
MYCRON MK Equity,MYCRON STEEL BHD,MY,Common Stock,31.28M,253.51M,257.92M,--,Industrial Metals and Mining,Iron and Steel,Metals & Mining,Steel,Steel,Steel Producers,Flat Rolled,--
YNV CN Equity,YNVISIBLE INTERA,CA,Common Stock,31.12M,1.03M,6.22M,--,Industrial Metals and Mining,General Mining,"Electronic Equipment, Instruments & Components",Electronic Components,Technology Hardware,Electronics Components,Display Components,--
SMD CN Equity,STRATEGIC METALS,CA,Common Stock,30.99M,0,102.07M,--,Industrial Metals and Mining,Nonferrous Metals,Metals & Mining,Diversified Metals & Mining,Metals & Mining,Base Metals,--,--
BMR AU Equity,BALLYMORE RESOUR,AU,Common Stock,30.93M,--,23.61M,--,Industrial Metals and Mining,General Mining,Metals & Mining,Diversified Metals & Mining,Metals & Mining,Precious Metals,--,--
SUH AU Equity,SOUTHERN HEMISPH,AU,Common Stock,30.92M,0,4.70M,--,Industrial Metals and Mining,General Mining,Metals & Mining,Diversified Metals & Mining,Metals & Mining,Base Metals,--,--
LND LN Equity,LANDORE RESOURCE,GG,Common Stock,30.88M,0,4.76M,2,Industrial Metals and Mining,General Mining,Metals & Mining,Diversified Metals & Mining,Metals & Mining,Base Metals,--,--
RTMC IN Equity,RAJASTHAN TUBE,IN,Common Stock,30.85M,10.22M,3.63M,13,Industrial Metals and Mining,Iron and Steel,Metals & Mining,Steel,Steel,Steel Producers,"Long, Pipe & Tubular",Pipe & Tubular
AUZ AU Equity,AUSTRALIAN MINES,AU,Common Stock,30.79M,0,46.98M,--,Industrial Metals and Mining,General Mining,Metals & Mining,Diversified Metals & Mining,Metals & Mining,Base Metals,"Nickel, Lead & Zinc",Nickel
ROCK LN Equity,ROCKFIRE RESOURC,GB,Common Stock,30.77M,0,13.71M,--,Industrial Metals and Mining,General Mining,Metals & Mining,Diversified Metals & Mining,Metals & Mining,Precious Metals,Gold,--
HUDI US Equity,HUADI INTERNATIO,CN,Common Stock,30.75M,126.72M,131.63M,--,Industrial Metals and Mining,Iron and Steel,Metals & Mining,Steel,Steel,Steel Producers,--,--
RMI IN Equity,REMI EDELSTAHL,IN,Common Stock,30.72M,25.15M,14.37M,--,Industrial Metals and Mining,Iron and Steel,Metals & Mining,Steel,Steel,Steel Producers,"Long, Pipe & Tubular",Pipe & Tubular
CBE AU Equity,COBRE LTD,AU,Common Stock,30.59M,758.60k,31.51M,--,Industrial Metals and Mining,General Mining,Metals & Mining,Diversified Metals & Mining,Metals & Mining,Base Metals,--,--
VAS IN Equity,VASWANI INDUSTRI,IN,Common Stock,30.57M,74.70M,67.79M,246,Industrial Metals and Mining,Iron and Steel,Metals & Mining,Steel,Steel,Steel Producers,--,--
PHO AU Equity,PHOSCO LTD,AU,Common Stock,30.24M,10.07k,784.67k,--,Industrial Metals and Mining,General Mining,Metals & Mining,Diversified Metals & Mining,Metals & Mining,Mineral & Precious Stone Mining,Mineral Mining,Phosphate Rock
SNAG CN Equity,SILVER NORTH RES,CA,Common Stock,30.08M,0,8.32M,--,Industrial Metals and Mining,General Mining,Metals & Mining,Silver,Metals & Mining,Precious Metals,--,--
PPM TB Equity,PORN PROM METAL,TH,Common Stock,30.01M,93.46M,103.19M,--,Industrial Metals and Mining,Nonferrous Metals,Trading Companies & Distributors,Trading Companies & Distributors,Metals & Mining,Base Metals,Copper,Copper Smelting & Refining
5458 JP Equity,TAKASAGO TEKKO,JP,Common Stock,29.91M,121.85M,96.69M,--,Industrial Metals and Mining,Iron and Steel,Metals & Mining,Steel,Steel,Steel Producers,--,--
AEV AU Equity,AVENIRA LTD,AU,Common Stock,29.81M,0,21.89M,--,Industrial Metals and Mining,General Mining,Metals & Mining,Diversified Metals & Mining,Metals & Mining,Mineral & Precious Stone Mining,Mineral Mining,Phosphate Rock
4553 TT Equity,ALFOT TECH,TW,Common Stock,29.81M,47.17M,70.07M,--,Industrial Metals and Mining,Aluminum,Automobile Components,Automotive Parts & Equipment,Industrial Intermediate Prod,Fabricated Metal & Hardware,Fabricated Metal,Forging & Stamping
VOY CN Equity,VOYAGEUR MINERAL,CA,Common Stock,29.80M,0,973.38k,--,Industrial Metals and Mining,General Mining,Metals & Mining,Diversified Metals & Mining,Metals & Mining,Mining Services,--,--
BKT AU Equity,BLACK ROCK MININ,AU,Common Stock,29.62M,0,63.11M,--,Industrial Metals and Mining,General Mining,Metals & Mining,Diversified Metals & Mining,Metals & Mining,Mineral & Precious Stone Mining,--,--
KLDC CN Equity,KIRKLAND LAKE DI,CA,Common Stock,29.60M,0,13.07M,--,Industrial Metals and Mining,General Mining,Metals & Mining,Gold,Metals & Mining,Precious Metals,Gold,--
BMM AU Equity,BAYAN MINING AND,AU,Common Stock,29.57M,0,1.76M,--,Industrial Metals and Mining,Nonferrous Metals,Metals & Mining,Diversified Metals & Mining,Metals & Mining,Mineral & Precious Stone Mining,Mineral Mining,Lithium
KZG LN Equity,KAZERA GLOBAL PL,GB,Common Stock,29.50M,11.53k,15.44M,--,Industrial Metals and Mining,General Mining,Capital Markets,Asset Management & Custody Banks,Asset Management,Investment Companies,--,--
KC CN Equity,KUTCHO COPPER CO,CA,Common Stock,29.42M,0,78.76M,--,Industrial Metals and Mining,General Mining,Metals & Mining,Diversified Metals & Mining,Metals & Mining,Base Metals,Copper,--
SFM AU Equity,SANTA FE MINERAL,AU,Common Stock,29.33M,0,2.12M,--,Industrial Metals and Mining,General Mining,Metals & Mining,Gold,Metals & Mining,Precious Metals,Gold,--
MINOX MK Equity,MINOX INTERNATIO,MY,Common Stock,29.23M,15.89M,39.14M,--,Industrial Metals and Mining,Iron and Steel,Building Products,Building Products,Industrial Support Services,Industrial Wholesale & Rental,--,--
GRDM CN Equity,GRID METALS CORP,CA,Common Stock,29.10M,0,1.72M,--,Industrial Metals and Mining,General Mining,Metals & Mining,Diversified Metals & Mining,Metals & Mining,Base Metals,--,--
SALIRAN MK Equity,SALIRAN GROUP BH,MY,Common Stock,29.02M,114.34M,66.20M,--,Industrial Metals and Mining,Metal Fabricating,Trading Companies & Distributors,Trading Companies & Distributors,Steel,Steel Producers,--,--
FIND CN Equity,BASELODE ENERGY,CA,Common Stock,28.75M,0,12.19M,--,Industrial Metals and Mining,General Mining,"Oil, Gas & Consumable Fuels",Coal & Consumable Fuels,Metals & Mining,Base Metals,Uranium,--
ORE PM Equity,ORIENTAL PENINSU,PH,Common Stock,28.71M,9.59M,286.42M,--,Industrial Metals and Mining,Nonferrous Metals,Metals & Mining,Diversified Metals & Mining,Metals & Mining,Base Metals,"Nickel, Lead & Zinc",Nickel
CXU AU Equity,CAULDRON ENERGY,AU,Common Stock,28.63M,0,2.56M,--,Industrial Metals and Mining,General Mining,"Oil, Gas & Consumable Fuels",Coal & Consumable Fuels,Metals & Mining,Base Metals,Uranium,--
TORQ CN Equity,TORQ RESOURCES I,CA,Common Stock,28.50M,0,2.70M,--,Industrial Metals and Mining,General Mining,Metals & Mining,Diversified Metals & Mining,Metals & Mining,Base Metals,Copper,--
BAT SS Equity,EUROBATTERY MINE,SE,Common Stock,28.49M,0,24.15M,--,Industrial Metals and Mining,General Mining,Metals & Mining,Diversified Metals & Mining,Metals & Mining,Base Metals,--,--
ARV AU Equity,ARTEMIS RESOURCE,AU,Common Stock,28.28M,232.74k,39.17M,--,Industrial Metals and Mining,General Mining,Metals & Mining,Diversified Metals & Mining,Metals & Mining,Precious Metals,Gold,--
AGD AU Equity,AUSTRAL GOLD LTD,AU,Common Stock,28.17M,55.80M,118.17M,--,Industrial Metals and Mining,General Mining,Metals & Mining,Precious Metals & Minerals,Metals & Mining,Precious Metals,Gold,--
EMC AU Equity,EVEREST METALS C,AU,Common Stock,28.15M,609.47k,15.01M,--,Industrial Metals and Mining,Nonferrous Metals,Metals & Mining,Diversified Metals & Mining,Metals & Mining,Base Metals,--,--
TRO CN Equity,TARANIS RESOURCE,US,Common Stock,28.05M,--,9.88M,--,Industrial Metals and Mining,General Mining,Metals & Mining,Diversified Metals & Mining,Metals & Mining,Mineral & Precious Stone Mining,--,--
VM CN Equity,VOYAGEUR PHARMAC,CA,Common Stock,28.04M,0,2.85M,--,Industrial Metals and Mining,General Mining,--,--,Metals & Mining,Mineral & Precious Stone Mining,--,--
SIX CN Equity,SIXTY SIX CAPITA,CA,Common Stock,27.98M,0,21.69M,--,Industrial Metals and Mining,General Mining,IT Services,Internet Services & Infrastructure,Asset Management,Investment Companies,--,--
ELBM CN Equity,ELECTRA BATTERY,CA,Common Stock,27.94M,0,170.16M,--,Industrial Metals and Mining,General Mining,Metals & Mining,Diversified Metals & Mining,Metals & Mining,Base Metals,--,--
KM1 AU Equity,KALI METALS LTD,AU,Common Stock,27.88M,0,21.60M,--,Industrial Metals and Mining,General Mining,Metals & Mining,Diversified Metals & Mining,Metals & Mining,Mineral & Precious Stone Mining,Mineral Mining,--
ORR LN Equity,ORIOLE RESOURCES,GB,Common Stock,27.76M,0,29.65M,18,Industrial Metals and Mining,General Mining,Metals & Mining,Gold,Metals & Mining,Precious Metals,Gold,--
ARNK MK Equity,A-RANK BHD,MY,Common Stock,27.74M,205.83M,124.74M,--,Industrial Metals and Mining,Aluminum,Metals & Mining,Aluminum,Metals & Mining,Base Metals,Aluminum,Bauxite Mining
PWN AU Equity,PARKWAY CORPORAT,AU,Common Stock,27.67M,9.62M,26.92M,--,Industrial Metals and Mining,General Mining,Chemicals,Fertilizers & Agricultural Chemicals,Machinery,Pollution Control Equipment,Water Purification Equipment,--
TG6 AU Equity,TG METALS LTD,AU,Common Stock,27.63M,43.00k,14.01M,--,Industrial Metals and Mining,General Mining,Metals & Mining,Diversified Metals & Mining,Metals & Mining,Base Metals,--,--
EQX AU Equity,EQUATORIAL RESOU,AU,Common Stock,27.60M,0,15.90M,--,Industrial Metals and Mining,Iron and Steel,Metals & Mining,Steel,Metals & Mining,Iron,Iron Ore Mining,--
MAX CN Equity,MAX RESOURCE COR,CA,Common Stock,27.58M,0,22.31M,--,Industrial Metals and Mining,General Mining,Metals & Mining,Diversified Metals & Mining,Metals & Mining,Precious Metals,--,--
ANWARG BD Equity,ANWAR GALVANIZIN,BD,Common Stock,27.54M,8.87M,13.52M,--,Industrial Metals and Mining,Iron and Steel,Metals & Mining,Steel,Steel,Steel Producers,Flat Rolled,--
PPP CN Equity,PROSPECTOR METAL,CA,Common Stock,27.54M,0,7.48M,--,Industrial Metals and Mining,General Mining,Metals & Mining,Gold,Metals & Mining,Precious Metals,--,--
SOI CN Equity,SIRIOS RES INC,CA,Common Stock,27.48M,0,41.88M,--,Industrial Metals and Mining,General Mining,Metals & Mining,Gold,Metals & Mining,Precious Metals,Gold,--
ILT AU Equity,ILTANI RESOURCES,AU,Common Stock,27.37M,--,5.08M,--,Industrial Metals and Mining,General Mining,Metals & Mining,Diversified Metals & Mining,Metals & Mining,Precious Metals,Gold,--
GIII CN Equity,REGEN III CORP,CA,Common Stock,27.26M,0,729.25k,--,Industrial Metals and Mining,General Mining,"Oil, Gas & Consumable Fuels",Oil & Gas Refining & Marketing,Oil & Gas Supply Chain,Refining & Marketing,Petroleum Refining,--
BLUE SS Equity,BLUELAKE MINERAL,SE,Common Stock,27.22M,0,7.71M,1,Industrial Metals and Mining,General Mining,Metals & Mining,Diversified Metals & Mining,Metals & Mining,Base Metals,"Nickel, Lead & Zinc",Nickel
OMANSH IN Equity,OMANSH ENTERPRIS,IN,Common Stock,27.16M,0,655.88k,--,Industrial Metals and Mining,Iron and Steel,--,--,Steel,Steel Producers,--,--
VML AU Equity,VITAL METALS LTD,AU,Common Stock,27.10M,2.65M,60.52M,--,Industrial Metals and Mining,General Mining,Metals & Mining,Diversified Metals & Mining,Metals & Mining,Base Metals,--,--
TOE AU Equity,TORO ENERGY LTD,AU,Common Stock,27.06M,0,31.49M,--,Industrial Metals and Mining,General Mining,"Oil, Gas & Consumable Fuels",Coal & Consumable Fuels,Metals & Mining,Base Metals,Uranium,--
ALU RO Equity,S.C ALUMIL ROM,RO,Common Stock,26.95M,37.27M,33.24M,160,Industrial Metals and Mining,Aluminum,Metals & Mining,Aluminum,Metals & Mining,Base Metals,Aluminum,Bauxite Mining
KVFORGE IN Equity,KRISHANVEER FORG,IN,Common Stock,26.93M,15.03M,10.40M,70,Industrial Metals and Mining,Metal Fabricating,Metals & Mining,Steel,Steel,Steel Producers,--,--
CGNT CN Equity,COPPER GIANT RES,CA,Common Stock,26.75M,0,4.30M,--,Industrial Metals and Mining,General Mining,Metals & Mining,Diversified Metals & Mining,Metals & Mining,Precious Metals,--,--
VAST LN Equity,VAST RESOURCES P,GB,Common Stock,26.66M,3.09M,33.69M,--,Precious Metals and Mining,Gold Mining,Metals & Mining,Precious Metals & Minerals,Metals & Mining,Precious Metals,Gold,--
INTR CN Equity,INTREPID METALS,CA,Common Stock,26.65M,0,5.23M,--,Industrial Metals and Mining,General Mining,Metals & Mining,Diversified Metals & Mining,Metals & Mining,Base Metals,--,--
DRIL SS Equity,DRILLCON AB,SE,Common Stock,26.64M,59.49M,52.98M,--,Industrial Metals and Mining,General Mining,Metals & Mining,Diversified Metals & Mining,Oil & Gas Services & Equip,Drilling & Drilling Support,Onshore Drilling,--
RRR AU Equity,REVOLVER RESOURC,AU,Common Stock,26.60M,0,26.15M,--,Industrial Metals and Mining,Copper,Metals & Mining,Copper,Metals & Mining,Base Metals,Copper,--
ORD AU Equity,ORDELL MINERALS,AU,Common Stock,26.55M,--,191.13k,--,Industrial Metals and Mining,General Mining,Metals & Mining,Diversified Metals & Mining,Metals & Mining,Mineral & Precious Stone Mining,Mineral Mining,--
FNC CN Equity,FANCAMP EXPLOR,CA,Common Stock,26.55M,0,72.59M,--,Industrial Metals and Mining,General Mining,Metals & Mining,Diversified Metals & Mining,Metals & Mining,Base Metals,--,--
MILL TB Equity,MILLCON STEEL PC,TH,Common Stock,26.48M,141.07M,729.18M,--,Industrial Metals and Mining,Iron and Steel,Metals & Mining,Steel,Steel,Steel Producers,--,--
TASHIN MK Equity,TASHIN HOLDINGS,MY,Common Stock,26.45M,123.74M,138.21M,--,Industrial Metals and Mining,Iron and Steel,Metals & Mining,Steel,Steel,Steel Producers,--,--
900070 KS Equity,GLOBAL SM TECH,KR,Common Stock,26.42M,137.10M,185.96M,635,Industrial Metals and Mining,Metal Fabricating,Machinery,Industrial Machinery & Supplies & Components,Technology Hardware,Electronics Components,--,--
TLM AU Equity,TALISMAN MINING,AU,Common Stock,26.36M,252.00k,9.43M,--,Industrial Metals and Mining,General Mining,Metals & Mining,Diversified Metals & Mining,Metals & Mining,Precious Metals,--,--
HPY CN Equity,HAPPY CREEK MINE,CA,Common Stock,26.31M,0,15.77M,--,Industrial Metals and Mining,General Mining,Metals & Mining,Diversified Metals & Mining,Metals & Mining,Base Metals,Copper,--
MAG AU Equity,MAGMATIC RESOURC,AU,Common Stock,26.28M,245.52k,8.78M,--,Industrial Metals and Mining,General Mining,Metals & Mining,Diversified Metals & Mining,Metals & Mining,Precious Metals,Gold,--
AVL CN Equity,AVALON ADVANCED,CA,Common Stock,26.19M,0,149.46M,--,Industrial Metals and Mining,General Mining,Metals & Mining,Diversified Metals & Mining,Metals & Mining,Mineral & Precious Stone Mining,Mineral Mining,Rare Earth
IRO CN Equity,INTER-ROCK MIN,CA,Common Stock,26.19M,150.37M,45.52M,--,Industrial Metals and Mining,General Mining,Food Products,Agricultural Products & Services,Construction Materials,Building Materials,Stone Building Products,Dimension Stone
EONM MK Equity,EONMETALL GROUP,MY,Common Stock,26.17M,65.52M,264.37M,--,Industrial Metals and Mining,Iron and Steel,Metals & Mining,Steel,Steel,Steel Producers,--,--
EMNT CN Equity,EMINENT GOLD COR,CA,Common Stock,26.01M,0,5.56M,--,Industrial Metals and Mining,General Mining,Metals & Mining,Gold,Metals & Mining,Mineral & Precious Stone Mining,--,--
GINT IN Equity,GUJARAT INTRUX,IN,Common Stock,25.83M,11.86M,13.58M,233,Industrial Metals and Mining,Iron and Steel,Metals & Mining,Steel,Steel,Steel Producers,--,--
SCFL IN Equity,SHYAM CENTURY FE,IN,Common Stock,25.83M,20.53M,34.59M,125,Industrial Metals and Mining,Iron and Steel,Metals & Mining,Steel,Metals & Mining,Base Metals,--,--
WAK AU Equity,WA KAOLIN LTD,AU,Common Stock,25.83M,2.58M,36.63M,--,Industrial Metals and Mining,General Mining,Metals & Mining,Diversified Metals & Mining,Metals & Mining,Mineral & Precious Stone Mining,Mineral Mining,--
DME CN Equity,DESERT MOUNTAIN,CA,Common Stock,25.79M,959.27k,53.91M,--,Industrial Metals and Mining,General Mining,Metals & Mining,Diversified Metals & Mining,Metals & Mining,Mineral & Precious Stone Mining,--,--
LMS CN Equity,LATIN METALS INC,CA,Common Stock,25.69M,0,7.57M,--,Industrial Metals and Mining,General Mining,Metals & Mining,Gold,Metals & Mining,Mineral & Precious Stone Mining,--,--
AR3 AU Equity,AUSTRALIAN RARE,AU,Common Stock,25.65M,0,23.76M,--,Industrial Metals and Mining,General Mining,Metals & Mining,Diversified Metals & Mining,Metals & Mining,Mineral & Precious Stone Mining,Mineral Mining,Rare Earth
PUMA CN Equity,PUMA EXPLORATION,CA,Common Stock,25.58M,0,20.73M,--,Industrial Metals and Mining,General Mining,Metals & Mining,Gold,Metals & Mining,Precious Metals,Gold,--
M4M AU Equity,MACRO METALS LTD,AU,Common Stock,25.32M,--,9.41M,--,Industrial Metals and Mining,Iron and Steel,Metals & Mining,Steel,Metals & Mining,Iron,Iron Ore Mining,--
AW1 AU Equity,AMERICAN WEST ME,AU,Common Stock,25.28M,1.53M,7.22M,--,Industrial Metals and Mining,General Mining,Metals & Mining,Diversified Metals & Mining,Metals & Mining,Base Metals,--,--
GLA AU Equity,GLADIATOR RESOUR,AU,Common Stock,25.23M,0,5.07M,--,Industrial Metals and Mining,General Mining,Metals & Mining,Diversified Metals & Mining,Metals & Mining,Base Metals,--,--
COSA CN Equity,COSA RESOURCES C,CA,Common Stock,25.11M,0,5.01M,--,Industrial Metals and Mining,Copper,--,--,Metals & Mining,Mineral & Precious Stone Mining,--,--
CD CN Equity,CANTEX MINE DEV,CA,Common Stock,25.10M,0,4.98M,--,Industrial Metals and Mining,General Mining,Metals & Mining,Diversified Metals & Mining,Metals & Mining,Base Metals,--,--
BTON IJ Equity,BETONJAYA MANUNG,ID,Common Stock,25.03M,12.24M,39.44M,28,Industrial Metals and Mining,Iron and Steel,Metals & Mining,Steel,Steel,Steel Producers,--,--
EMN CN Equity,EURO MANGANESE I,CA,Common Stock,25.03M,3.59M,43.18M,--,Industrial Metals and Mining,General Mining,Metals & Mining,Diversified Metals & Mining,Metals & Mining,Base Metals,--,--
VMC AU Equity,VENUS METALS COR,AU,Common Stock,25.01M,0,26.07M,--,Industrial Metals and Mining,Iron and Steel,Metals & Mining,Precious Metals & Minerals,Containers & Packaging,Containers & Packaging,Metal Containers & Packaging,Aluminum Foil for Packaging
025890 KS Equity,HAN KOOK STEEL,KR,Common Stock,24.96M,52.57M,45.38M,37,Industrial Metals and Mining,Iron and Steel,Metals & Mining,Steel,Industrial Intermediate Prod,Fabricated Metal & Hardware,Fabricated Metal,Forging & Stamping
SHN IN Equity,SNL BEARINGS LTD,IN,Common Stock,24.93M,9.29M,14.05M,138,Industrial Metals and Mining,Metal Fabricating,Machinery,Industrial Machinery & Supplies & Components,Industrial Intermediate Prod,Fabricated Metal & Hardware,Hardware,Ball & Roller Bearing
IRD AU Equity,IRON ROAD LTD,AU,Common Stock,24.92M,0,138.56M,--,Industrial Metals and Mining,Iron and Steel,Metals & Mining,Steel,Metals & Mining,Iron,Iron Ore Mining,--
CANX CN Equity,CANEX METALS INC,CA,Common Stock,24.88M,0,6.37M,--,Industrial Metals and Mining,General Mining,Metals & Mining,Precious Metals & Minerals,Metals & Mining,Precious Metals,--,--
SSSTEEL BD Equity,SS STEEL LTD,BD,Common Stock,24.88M,332.07M,406.47M,--,Industrial Metals and Mining,Iron and Steel,Metals & Mining,Steel,Steel,Steel Producers,--,--
WMG AU Equity,WESTERN MINES GR,AU,Common Stock,24.78M,--,12.20M,--,Industrial Metals and Mining,General Mining,Metals & Mining,Diversified Metals & Mining,Metals & Mining,Precious Metals,Gold,--
IPT AU Equity,IMPACT MINERALS,AU,Common Stock,24.68M,0,15.89M,--,Industrial Metals and Mining,General Mining,Metals & Mining,Diversified Metals & Mining,Metals & Mining,Base Metals,--,--
SURANI IN Equity,SURANI STEEL TUB,IN,Common Stock,24.63M,28.50M,24.69M,64,Industrial Metals and Mining,Iron and Steel,Metals & Mining,Steel,Steel,Steel Producers,"Long, Pipe & Tubular",--
PGD AU Equity,PEREGRINE GOLD L,AU,Common Stock,24.62M,0,6.59M,--,Industrial Metals and Mining,General Mining,Metals & Mining,Gold,Metals & Mining,Precious Metals,Gold,--
SQC VN Equity,QUY NHON MINING,VN,Common Stock,24.61M,110.93k,39.81M,2,Industrial Metals and Mining,General Mining,Metals & Mining,Diversified Metals & Mining,Metals & Mining,Base Metals,--,--
FLG AU Equity,FLAGSHIP MINERAL,TH,Common Stock,24.57M,0,21.38M,--,Industrial Metals and Mining,General Mining,Metals & Mining,Diversified Metals & Mining,Metals & Mining,Mineral & Precious Stone Mining,Mineral Mining,--
SR CN Equity,STRATEGIC RESOUR,CA,Common Stock,24.57M,0,102.65M,--,Industrial Metals and Mining,Nonferrous Metals,Metals & Mining,Diversified Metals & Mining,Metals & Mining,Mineral & Precious Stone Mining,Mineral Mining,Rare Earth
CITY TB Equity,CITY STEEL PCL,TH,Common Stock,24.48M,2.00M,55.80M,--,Industrial Metals and Mining,Iron and Steel,Metals & Mining,Steel,Industrial Intermediate Prod,Fabricated Metal & Hardware,--,--
DY6 AU Equity,DY6 METALS LTD,AU,Common Stock,24.43M,0,7.51M,--,Industrial Metals and Mining,General Mining,Metals & Mining,Diversified Metals & Mining,Metals & Mining,Mineral & Precious Stone Mining,Mineral Mining,Rare Earth
AR PM Equity,ABRA MINING,PH,Common Stock,24.39M,0,49.84M,--,Industrial Metals and Mining,General Mining,Metals & Mining,Diversified Metals & Mining,Metals & Mining,Precious Metals,Gold,--
FYL CN Equity,FINLAY MINERALS,CA,Common Stock,24.29M,0,13.18M,--,Industrial Metals and Mining,Nonferrous Metals,Metals & Mining,Diversified Metals & Mining,Metals & Mining,Precious Metals,Silver,--
KNS IN Equity,KANISHK STEEL,IN,Common Stock,24.23M,65.33M,34.13M,126,Industrial Metals and Mining,Iron and Steel,Metals & Mining,Steel,Steel,Steel Producers,--,--
FRB AU Equity,FIREBIRD METALS,AU,Common Stock,24.20M,458.24k,12.88M,--,Industrial Metals and Mining,General Mining,Metals & Mining,Steel,Metals & Mining,Base Metals,--,--
SWT LN Equity,SWITCH METALS PL,GB,Common Stock,24.19M,0,1.03M,--,Industrial Metals and Mining,Nonferrous Metals,--,--,Asset Management,Investment Companies,Blank Check,--
ALGO CN Equity,LIGHT AI INC,CA,Common Stock,24.19M,0,355.24k,--,Industrial Metals and Mining,General Mining,Pharmaceuticals,Pharmaceuticals,Software,Application Software,Specialty Software,Health Care Software
SACRS BD Equity,S ALAM COLD ROLL,BD,Common Stock,24.19M,85.92M,278.38M,--,Industrial Metals and Mining,Iron and Steel,Metals & Mining,Steel,Steel,Steel Producers,Specialty Metals,--
SVG AU Equity,SAVANNAH GOLDFIE,AU,Common Stock,24.07M,11.56M,43.22M,--,Industrial Metals and Mining,General Mining,Metals & Mining,Gold,Metals & Mining,Precious Metals,Gold,--
RK CN Equity,ROCKHAVEN RESOUR,CA,Common Stock,24.05M,0,55.93M,--,Industrial Metals and Mining,General Mining,Metals & Mining,Precious Metals & Minerals,Metals & Mining,Precious Metals,--,--
MARU PZ Equity,MARULA MINING PL,GB,Common Stock,24.00M,0,11.44M,--,Industrial Metals and Mining,General Mining,Metals & Mining,Diversified Metals & Mining,Metals & Mining,Mineral & Precious Stone Mining,Precious Stone Mining,Gemstones
OB1DD AU Equity,ORBMINCO LTD,AU,Common Stock,23.99M,0,7.66M,--,Industrial Metals and Mining,General Mining,Metals & Mining,Diversified Metals & Mining,Metals & Mining,Base Metals,Uranium,--
TVI CN Equity,TVI PACIFIC INC,CA,Common Stock,23.94M,0,32.72M,--,Industrial Metals and Mining,General Mining,Metals & Mining,Diversified Metals & Mining,Metals & Mining,Base Metals,Copper,Copper Mining
BSK CN Equity,BLUE SKY URANIUM,CA,Common Stock,23.94M,0,790.02k,--,Industrial Metals and Mining,Nonferrous Metals,"Oil, Gas & Consumable Fuels",Coal & Consumable Fuels,Metals & Mining,Base Metals,Uranium,--
HOR AU Equity,HORSESHOES METAL,AU,Common Stock,23.82M,0,8.86M,--,Industrial Metals and Mining,General Mining,Metals & Mining,Diversified Metals & Mining,Metals & Mining,Base Metals,Copper,--
JZR CN Equity,JZR GOLD INC,CA,Common Stock,23.80M,0,13.54M,--,Industrial Metals and Mining,General Mining,Metals & Mining,Gold,Metals & Mining,Precious Metals,--,--
001770 KS Equity,SHIN HWA DYNAMIC,KR,Common Stock,23.76M,118.52M,89.64M,52,Industrial Metals and Mining,Metal Fabricating,Metals & Mining,Steel,Industrial Intermediate Prod,Fabricated Metal & Hardware,Fabricated Metal,Metal Coat & Treating
HIO AU Equity,HAWSONS IRON LTD,AU,Common Stock,23.71M,0,61.15M,--,Industrial Metals and Mining,Iron and Steel,Metals & Mining,Steel,Metals & Mining,Base Metals,--,--
CPI CN Equity,CARLTON PRECIOUS,CA,Common Stock,23.70M,0,12.62M,--,Industrial Metals and Mining,Nonferrous Metals,Metals & Mining,Diversified Metals & Mining,Metals & Mining,Base Metals,Copper,Copper Mining
FBM AU Equity,FUTURE BATTERY M,AU,Common Stock,23.61M,519.91k,32.48M,--,Industrial Metals and Mining,General Mining,Metals & Mining,Diversified Metals & Mining,Metals & Mining,Base Metals,"Nickel, Lead & Zinc",Nickel
AMU AU Equity,AMERICAN URANIUM,AU,Common Stock,23.57M,0,27.09M,--,Industrial Metals and Mining,General Mining,Metals & Mining,Diversified Metals & Mining,Metals & Mining,Base Metals,Uranium,--
SA IN Equity,SHAH ALLOYS LTD,IN,Common Stock,23.56M,48.37M,36.47M,539,Industrial Metals and Mining,Iron and Steel,Metals & Mining,Steel,Steel,Steel Producers,--,--
ZWM SW Equity,ZWAHLEN & MAY-BR,CH,Common Stock,23.50M,66.74M,96.26M,--,Industrial Metals and Mining,Iron and Steel,Construction & Engineering,Construction & Engineering,Steel,Steel Producers,"Long, Pipe & Tubular",Pipe & Tubular
BECO PA Equity,BECO STEEL LTD,PK,Common Stock,23.37M,--,--,--,Industrial Metals and Mining,Iron and Steel,Metals & Mining,Steel,Apparel & Textile Products,Textile & Textile Products,Textile Products,--
VUL CN Equity,VULCAN MINERALS,CA,Common Stock,23.37M,0,50.84M,--,Industrial Metals and Mining,General Mining,Metals & Mining,Diversified Metals & Mining,Oil & Gas Supply Chain,Exploration & Production,Crude Oil & Natural Gas E&P,--
ROBO CN Equity,HUMANOID GLOBAL,CA,Common Stock,23.30M,--,797.34k,--,Industrial Metals and Mining,General Mining,Capital Markets,Asset Management & Custody Banks,Entertainment Content,Video Games,Mobile & Online Games,--
DSL PA Equity,DOST STEELS LTD,PK,Common Stock,23.25M,--,28.09M,--,Industrial Metals and Mining,Iron and Steel,Metals & Mining,Steel,Steel,Steel Producers,--,--
SHIL IN Equity,SHARDA ISPAT LTD,IN,Common Stock,23.23M,31.84M,18.39M,34,Industrial Metals and Mining,Iron and Steel,--,--,Metals & Mining,Iron,Iron Foundries,--
LSR AU Equity,LODESTAR MINERAL,AU,Common Stock,23.19M,8.80k,161.95k,--,Industrial Metals and Mining,Nonferrous Metals,Metals & Mining,Diversified Metals & Mining,Metals & Mining,Base Metals,"Nickel, Lead & Zinc",Nickel
MGU AU Equity,MAGNUM MINING,AU,Common Stock,23.18M,147.11k,10.75M,--,Industrial Metals and Mining,General Mining,Metals & Mining,Diversified Metals & Mining,Metals & Mining,Iron,--,--
VARO TB Equity,VAROPAKORN PCL,TH,Common Stock,23.17M,128.35M,117.95M,--,Industrial Metals and Mining,Aluminum,Metals & Mining,Aluminum,Metals & Mining,Base Metals,Aluminum,Aluminum Smelting & Refining
5952 JP Equity,AMATEI INC,JP,Common Stock,23.13M,56.22M,55.92M,--,Industrial Metals and Mining,Metal Fabricating,Building Products,Building Products,Industrial Intermediate Prod,Fabricated Metal & Hardware,Hardware,Bolts & Washers
BFM CN Equity,BEDFORD METALS C,CA,Common Stock,23.06M,0,6.46M,--,Industrial Metals and Mining,General Mining,Metals & Mining,Gold,Metals & Mining,Precious Metals,Gold,--
NGPI IN Equity,NAGPUR POWER,IN,Common Stock,22.94M,11.28M,23.31M,5,Industrial Metals and Mining,Iron and Steel,"Electronic Equipment, Instruments & Components",Electronic Equipment & Instruments,Metals & Mining,Iron,Iron Foundries,--
UPM PM Equity,UNITED PARAGON,PH,Common Stock,22.94M,0,31.13M,--,Industrial Metals and Mining,General Mining,Metals & Mining,Gold,Metals & Mining,Precious Metals,Gold,--
BAJA IJ Equity,SARANACENTRAL BA,ID,Common Stock,22.93M,75.39M,70.04M,126,Industrial Metals and Mining,Iron and Steel,Metals & Mining,Steel,Steel,Steel Producers,Flat Rolled,--
I88 AU Equity,INFINI RESOURCES,AU,Common Stock,22.91M,0,8.30M,--,Industrial Metals and Mining,General Mining,Metals & Mining,Diversified Metals & Mining,Metals & Mining,Mineral & Precious Stone Mining,Mineral Mining,Lithium
SIZEMAST IN Equity,SIZEMASTERS TECH,IN,Common Stock,22.84M,3.06M,6.39M,--,Industrial Metals and Mining,General Mining,--,--,Machinery,Other Machinery & Equipment,Tools,--
IHPM IN Equity,INDSIL HYDRO POW,IN,Common Stock,22.84M,23.15M,41.81M,199,Industrial Metals and Mining,Iron and Steel,Metals & Mining,Steel,Metals & Mining,Base Metals,Manganese,--
VO CN Equity,VALORE METALS CO,CA,Common Stock,22.83M,0,11.76M,--,Industrial Metals and Mining,Nonferrous Metals,Metals & Mining,Diversified Metals & Mining,Metals & Mining,Base Metals,Uranium,--
MIG MK Equity,MELEWAR INDUSTRI,MY,Common Stock,22.70M,255.95M,276.32M,--,Industrial Metals and Mining,Iron and Steel,Metals & Mining,Steel,Steel,Steel Producers,Flat Rolled,--
1220 HK Equity,ZHIDAO INT'L,HK,Common Stock,22.69M,16.43M,60.45M,10,Industrial Metals and Mining,Aluminum,Construction & Engineering,Construction & Engineering,Metals & Mining,Base Metals,Aluminum,--
KRR AU Equity,KING RIVER RESOU,AU,Common Stock,22.69M,0,21.37M,--,Industrial Metals and Mining,General Mining,Metals & Mining,Diversified Metals & Mining,Metals & Mining,Precious Metals,--,--
BAL IN Equity,BHAGWATI AUTOCST,IN,Common Stock,22.61M,25.40M,15.76M,66,Industrial Metals and Mining,Iron and Steel,Metals & Mining,Steel,Metals & Mining,Iron,Iron Foundries,--
ANIK SP Equity,ANNAIK LTD,SG,Common Stock,22.52M,54.06M,139.91M,--,Industrial Metals and Mining,Iron and Steel,Metals & Mining,Steel,Steel,Metal Svc Centers & Processors,Steel Processors,--
PJX CN Equity,PJX RESOURCES IN,CA,Common Stock,22.52M,0,3.25M,--,Industrial Metals and Mining,General Mining,Metals & Mining,Diversified Metals & Mining,Metals & Mining,Base Metals,--,--
COB AU Equity,COBALT BLUE HOLD,AU,Common Stock,22.43M,75.00k,40.96M,--,Industrial Metals and Mining,Nonferrous Metals,Metals & Mining,Diversified Metals & Mining,Metals & Mining,Base Metals,Cobalt,--
REKO CN Equity,REKO INTL GROUP,CA,Common Stock,22.30M,49.75M,62.05M,--,Industrial Metals and Mining,Metal Fabricating,Machinery,Industrial Machinery & Supplies & Components,Machinery,Metalworking Machinery,Special Die & Tool Fixture,--
CAE AU Equity,CANNINDAH RESOUR,AU,Common Stock,22.27M,4.75k,17.83M,--,Industrial Metals and Mining,General Mining,Metals & Mining,Diversified Metals & Mining,Metals & Mining,Precious Metals,Gold,--
TAJ CN Equity,TAJIRI RESOURCES,CA,Common Stock,22.17M,0,351.20k,--,Industrial Metals and Mining,General Mining,Metals & Mining,Gold,Metals & Mining,Mineral & Precious Stone Mining,--,--
LIT AU Equity,LIVIUM LTD,AU,Common Stock,22.13M,6.91M,19.84M,--,Industrial Metals and Mining,Nonferrous Metals,Electrical Equipment,Electrical Components & Equipment,Metals & Mining,Mineral & Precious Stone Mining,Mineral Mining,Lithium
RAJMET IN Equity,RAJNANDINI METAL,IN,Common Stock,22.13M,187.57M,27.70M,191,Industrial Metals and Mining,Copper,Trading Companies & Distributors,Trading Companies & Distributors,Commercial Support Services,Waste Management,--,--
RANGP BD Equity,RANGPUR FOUNDRY,BD,Common Stock,22.08M,20.02M,6.02M,--,Industrial Metals and Mining,Iron and Steel,Metals & Mining,Steel,Home Construction,Building Products,--,--
RLL IN Equity,RISHI LASER LTD,IN,Common Stock,22.07M,27.35M,22.47M,--,Industrial Metals and Mining,Nonferrous Metals,Machinery,Industrial Machinery & Supplies & Components,Industrial Intermediate Prod,Fabricated Metal & Hardware,Fabricated Metal,Sheet Metal
REE AU Equity,RAREX LTD,AU,Common Stock,22.00M,0,5.48M,--,Industrial Metals and Mining,General Mining,Metals & Mining,Diversified Metals & Mining,Metals & Mining,Base Metals,--,--
HVY AU Equity,HEAVY MINERALS L,AU,Common Stock,21.99M,38.50k,4.40M,--,Industrial Metals and Mining,General Mining,Metals & Mining,Diversified Metals & Mining,Metals & Mining,Mineral & Precious Stone Mining,Mineral Mining,--
CUPA CN Equity,CUPANI METALS CO,CA,Common Stock,21.90M,571.74k,1.46M,--,Industrial Metals and Mining,General Mining,--,--,Metals & Mining,Mineral & Precious Stone Mining,--,--
BREX IN Equity,BARODA EXTRUSION,IN,Common Stock,21.83M,28.86M,6.18M,33,Industrial Metals and Mining,Nonferrous Metals,Machinery,Industrial Machinery & Supplies & Components,Metals & Mining,Base Metals,Copper,Copper Smelting & Refining
LPE AU Equity,LOCALITY PLANNIN,AU,Common Stock,21.74M,42.28M,21.36M,--,Industrial Metals and Mining,General Mining,Electric Utilities,Electric Utilities,Electric Utilities,Electric Transmission & Dist,Electric Distribution,--
OCI CN Equity,ORECAP INVEST CO,CA,Common Stock,21.71M,0,18.30M,--,Industrial Metals and Mining,General Mining,Metals & Mining,Gold,Metals & Mining,Precious Metals,--,--
KCLI CN Equity,AMERICAN CRITICA,CA,Common Stock,21.62M,0,1.22M,--,Industrial Metals and Mining,General Mining,--,--,Metals & Mining,Mineral & Precious Stone Mining,Mineral Mining,"Potash, Soda, Borate"
CMD AU Equity,CASSIUS MINING L,AU,Common Stock,21.52M,10.11k,3.01M,--,Industrial Metals and Mining,General Mining,Metals & Mining,Diversified Metals & Mining,Metals & Mining,Mineral & Precious Stone Mining,--,--
CTL LN Equity,CLEANTECH LITHIU,JE,Common Stock,21.50M,0,66.55M,19,Industrial Metals and Mining,Nonferrous Metals,Metals & Mining,Diversified Metals & Mining,Metals & Mining,Mineral & Precious Stone Mining,Mineral Mining,Lithium
TNR CN Equity,TNR GOLD CORP,CA,Common Stock,21.48M,0,83.72k,--,Industrial Metals and Mining,General Mining,Metals & Mining,Gold,Metals & Mining,Precious Metals,Gold,--
ALUM EY Equity,ARAB ALUMINUM CO,EG,Common Stock,21.40M,14.91M,9.68M,--,Industrial Metals and Mining,Aluminum,Metals & Mining,Aluminum,Metals & Mining,Base Metals,Aluminum,Aluminum Smelting & Refining
CN CN Equity,CONDOR RESOURCES,CA,Common Stock,21.35M,0,6.60M,--,Industrial Metals and Mining,General Mining,Metals & Mining,Diversified Metals & Mining,Metals & Mining,Precious Metals,Gold,--
NGC CN Equity,NORTHERN GRAPHIT,CA,Common Stock,21.32M,25.16M,86.79M,--,Industrial Metals and Mining,General Mining,Metals & Mining,Diversified Metals & Mining,Metals & Mining,Mineral & Precious Stone Mining,--,--
MOLAN AB Equity,MOLAN STEEL CO,SA,Common Stock,21.29M,34.91M,36.18M,--,Industrial Metals and Mining,Iron and Steel,Metals & Mining,Steel,Steel,Steel Producers,--,--
STRR CN Equity,STAR ROYALTIES L,CA,Common Stock,21.21M,1.23M,43.69M,--,Industrial Metals and Mining,General Mining,Metals & Mining,Diversified Metals & Mining,Metals & Mining,Mining Services,--,--
COR CN Equity,CAMINO MINERALS,CA,Common Stock,21.19M,0,6.59M,--,Industrial Metals and Mining,General Mining,Metals & Mining,Diversified Metals & Mining,Metals & Mining,Base Metals,Copper,--
HAW AU Equity,HAWTHORN RESOURC,AU,Common Stock,21.11M,1.11M,15.10M,--,Industrial Metals and Mining,General Mining,Metals & Mining,Gold,Metals & Mining,Precious Metals,Gold,--
APHOS SP Equity,ASIAPHOS LTD,SG,Common Stock,21.00M,4.87M,5.43M,--,Industrial Metals and Mining,Nonferrous Metals,Chemicals,Specialty Chemicals,Chemicals,Agricultural Chemicals,Fertilizers,Phosphate Fertilizers
HMFL IN Equity,HILTON METAL,IN,Common Stock,20.99M,29.59M,41.34M,60,Industrial Metals and Mining,Iron and Steel,Machinery,Industrial Machinery & Supplies & Components,Industrial Intermediate Prod,Fabricated Metal & Hardware,Fabricated Metal,Forging & Stamping
HMMR US Equity,HAMMER FIBER OPT,US,Common Stock,20.95M,5.01M,4.65M,--,Industrial Metals and Mining,General Mining,Diversified Telecommunication Services,Alternative Carriers,Telecommunications,Wireless Telecommunications,--,--
LEAP CN Equity,QUANTUM CRITICAL,CA,Common Stock,20.92M,0,1.73M,--,Industrial Metals and Mining,General Mining,--,--,Metals & Mining,Mineral & Precious Stone Mining,Precious Stone Mining,--
DGR AU Equity,DGR GLOBAL LTD,AU,Common Stock,20.87M,164.67k,47.32M,--,Industrial Metals and Mining,General Mining,Metals & Mining,Gold,Metals & Mining,Base Metals,Copper,Copper Mining
NFM AU Equity,NEW FRONTIER MIN,AU,Common Stock,20.87M,22.97k,11.32M,--,Industrial Metals and Mining,Copper,Metals & Mining,Copper,Metals & Mining,Base Metals,--,--
DKM AU Equity,DUKETON MINING L,AU,Common Stock,20.84M,0,11.98M,--,Industrial Metals and Mining,General Mining,Metals & Mining,Diversified Metals & Mining,Metals & Mining,Base Metals,"Nickel, Lead & Zinc",Nickel
SGA AU Equity,SARYTOGAN GRAPHI,AU,Common Stock,20.81M,--,22.07M,--,Industrial Metals and Mining,General Mining,Metals & Mining,Diversified Metals & Mining,Metals & Mining,Mineral & Precious Stone Mining,Mineral Mining,--
CVR AU Equity,CAVALIER RESOURC,AU,Common Stock,20.81M,--,4.46M,--,Industrial Metals and Mining,General Mining,Metals & Mining,Diversified Metals & Mining,Metals & Mining,Precious Metals,Gold,--
TGOL CN Equity,THUNDER GOLD COR,CA,Common Stock,20.70M,0,10.09M,--,Industrial Metals and Mining,General Mining,--,--,Metals & Mining,Precious Metals,Gold,--
LDST MK Equity,LEADER STEEL HLD,MY,Common Stock,20.66M,72.48M,166.81M,--,Industrial Metals and Mining,Iron and Steel,Metals & Mining,Steel,Steel,Steel Producers,--,--
UE CN Equity,URANO ENERGY COR,CA,Common Stock,20.65M,0,8.22M,--,Industrial Metals and Mining,General Mining,Metals & Mining,Diversified Metals & Mining,Metals & Mining,Precious Metals,Gold,--
SHL CN Equity,HOMELAND NICKEL,CA,Common Stock,20.59M,0,11.45M,--,Industrial Metals and Mining,General Mining,Metals & Mining,Diversified Metals & Mining,Metals & Mining,Base Metals,Uranium,--
ZNX CN Equity,ZINCX RESOURCES,CA,Common Stock,20.58M,0,27.93M,--,Industrial Metals and Mining,General Mining,Metals & Mining,Diversified Metals & Mining,Metals & Mining,Base Metals,"Nickel, Lead & Zinc",--
060480 KS Equity,KUKIL METAL CO L,KR,Common Stock,20.56M,34.91M,51.80M,37,Industrial Metals and Mining,Nonferrous Metals,Metals & Mining,Diversified Metals & Mining,Metals & Mining,Base Metals,--,--
NAHEEACP BD Equity,NAHEE ALUMINUM C,BD,Common Stock,20.48M,5.11M,22.60M,--,Industrial Metals and Mining,Aluminum,Building Products,Building Products,Metals & Mining,Base Metals,Aluminum,--
GRGF IN Equity,GARG FURNACE LTD,IN,Common Stock,20.46M,47.48M,14.60M,5k,Industrial Metals and Mining,Iron and Steel,Metals & Mining,Steel,Steel,Steel Producers,--,--
CRTM LN Equity,CRITICAL METALS,GB,Common Stock,20.42M,0,8.67M,--,Industrial Metals and Mining,General Mining,Metals & Mining,Diversified Metals & Mining,Metals & Mining,Base Metals,--,--
LEG AU Equity,LEGEND MINING,AU,Common Stock,20.40M,0,49.55M,--,Industrial Metals and Mining,General Mining,Metals & Mining,Diversified Metals & Mining,Metals & Mining,Precious Metals,Gold,--
BISI IN Equity,BIHAR SPONGE,IN,Common Stock,20.29M,57.97M,24.70M,23,Industrial Metals and Mining,Iron and Steel,Metals & Mining,Steel,Metals & Mining,Iron,Iron Foundries,--
RSM CN Equity,RESOURO STRATEGI,CA,Common Stock,20.28M,0,8.79M,--,Industrial Metals and Mining,General Mining,Metals & Mining,Diversified Metals & Mining,Metals & Mining,Precious Metals,Gold,--
NMI CN Equity,NAMIBIA CRITICAL,CA,Common Stock,20.28M,0,27.86M,--,Industrial Metals and Mining,General Mining,Metals & Mining,Diversified Metals & Mining,Metals & Mining,Mineral & Precious Stone Mining,Mineral Mining,Rare Earth
FSCR US Equity,FED SCREW WORKS,US,Common Stock,20.22M,70.49M,153.70M,--,Industrial Metals and Mining,Metal Fabricating,Automobile Components,Automotive Parts & Equipment,Automotive,Auto Parts,--,--
CST AU Equity,CASTILE RESOURCE,AU,Common Stock,20.18M,267.08k,36.74M,--,Industrial Metals and Mining,General Mining,Metals & Mining,Diversified Metals & Mining,Metals & Mining,Mining Services,Coal Support Services,--
KIC IN Equity,KIC METALIKS LTD,IN,Common Stock,20.12M,130.16M,80.13M,331,Industrial Metals and Mining,Iron and Steel,Metals & Mining,Steel,Steel,Steel Producers,--,--
SX CN Equity,ST-GEORGES ECO-M,CA,Common Stock,20.09M,0,32.88M,--,Industrial Metals and Mining,General Mining,Metals & Mining,Diversified Metals & Mining,Metals & Mining,Base Metals,Copper,--
REZ AU Equity,RESOURCES & ENER,AU,Common Stock,20.04M,--,11.81M,--,Industrial Metals and Mining,General Mining,Metals & Mining,Gold,Metals & Mining,Precious Metals,Gold,--
GGI CN Equity,GARIBALDI RESOUR,CA,Common Stock,19.98M,0,16.01M,--,Industrial Metals and Mining,General Mining,Metals & Mining,Diversified Metals & Mining,Metals & Mining,Precious Metals,--,--
OCN AU Equity,OCEANA LITHIUM L,AU,Common Stock,19.98M,0,7.75M,--,Industrial Metals and Mining,General Mining,Metals & Mining,Diversified Metals & Mining,Metals & Mining,Mineral & Precious Stone Mining,Mineral Mining,Lithium
CWX AU Equity,CARAWINE RESOURC,AU,Common Stock,19.83M,0,25.69M,--,Industrial Metals and Mining,General Mining,Metals & Mining,Diversified Metals & Mining,Metals & Mining,Base Metals,--,--
ACP AU Equity,AUDALIA RESOURCE,AU,Common Stock,19.80M,0,12.40M,--,Industrial Metals and Mining,General Mining,Metals & Mining,Diversified Metals & Mining,Metals & Mining,Base Metals,--,--
BAST KZ Equity,BAST JSC,KZ,Common Stock,19.78M,708.88k,40.76M,44,Industrial Metals and Mining,General Mining,Metals & Mining,Diversified Metals & Mining,Metals & Mining,Base Metals,Copper,--
BAUT IJ Equity,MITRA ANGKASA SE,ID,Common Stock,19.66M,14.63M,22.67M,212,Industrial Metals and Mining,Metal Fabricating,Trading Companies & Distributors,Trading Companies & Distributors,Industrial Intermediate Prod,Fabricated Metal & Hardware,Hardware,Bolts & Washers
GLR LN Equity,GALILEO RESOURCE,GB,Common Stock,19.65M,0,26.84M,--,Industrial Metals and Mining,General Mining,Metals & Mining,Diversified Metals & Mining,Asset Management,Investment Companies,--,--
ABX AU Equity,ABX GROUP LTD,AU,Common Stock,19.61M,58.00k,19.54M,--,Industrial Metals and Mining,Aluminum,Metals & Mining,Aluminum,Metals & Mining,Base Metals,Aluminum,Bauxite Mining
026910 KS Equity,KWANGJIN IND,KR,Common Stock,19.58M,65.07M,103.07M,--,Industrial Metals and Mining,Iron and Steel,Metals & Mining,Steel,Steel,Steel Producers,"Long, Pipe & Tubular",Pipe & Tubular
RI CN Equity,ROYALTIES INC,CA,Common Stock,19.52M,0,1.41M,--,Industrial Metals and Mining,General Mining,Metals & Mining,Diversified Metals & Mining,Asset Management,Investment Companies,--,--
SCY CN Equity,SCANDIUM INTERNA,US,Common Stock,19.49M,0,2.15M,--,Industrial Metals and Mining,Nonferrous Metals,Metals & Mining,Diversified Metals & Mining,Metals & Mining,Base Metals,--,--
BNR AU Equity,BULLETIN RESOURC,AU,Common Stock,19.38M,0,12.48M,--,Industrial Metals and Mining,General Mining,Metals & Mining,Gold,Metals & Mining,Precious Metals,--,--
SVBL US Equity,SILVER BULL RES,CA,Common Stock,19.28M,0,9.15M,--,Industrial Metals and Mining,Nonferrous Metals,Metals & Mining,Diversified Metals & Mining,Metals & Mining,Precious Metals,--,--
B CN Equity,BCM RESOURCES CO,CA,Common Stock,19.19M,0,25.02M,--,Industrial Metals and Mining,General Mining,--,--,Metals & Mining,Mineral & Precious Stone Mining,--,--
AALU JR Equity,ARAB ALUMINIUM,JO,Common Stock,19.18M,21.09M,30.20M,--,Industrial Metals and Mining,Aluminum,Metals & Mining,Aluminum,Metals & Mining,Base Metals,Aluminum,--
GTI US Equity,GRAPHJET TECHNOL,MY,Common Stock,19.18M,0,3.13M,--,Industrial Metals and Mining,Metal Fabricating,Electrical Equipment,Electrical Components & Equipment,Chemicals,Specialty Chemicals,Advanced Materials,Graphite Products
HREE LN Equity,HARENA RESOURCES,GB,Common Stock,19.01M,8.13k,7.15M,--,Industrial Metals and Mining,General Mining,--,--,Asset Management,Investment Companies,Blank Check,--
BKM CN Equity,PACIFIC BOOKER,CA,Common Stock,18.97M,0,848.90k,--,Industrial Metals and Mining,General Mining,Metals & Mining,Diversified Metals & Mining,Metals & Mining,Base Metals,Copper,Copper Mining
FMR AU Equity,FMR RESOURCES LT,AU,Common Stock,18.96M,0,5.54M,--,Industrial Metals and Mining,General Mining,Interactive Media & Services,Interactive Media & Services,Software,Application Software,Specialty Software,--
JAV AU Equity,JAVELIN MINERALS,AU,Common Stock,18.76M,0,6.62M,--,Industrial Metals and Mining,General Mining,Metals & Mining,Diversified Metals & Mining,Metals & Mining,Precious Metals,Gold,--
VRC AU Equity,VOLT RESOURCES L,AU,Common Stock,18.74M,72.63k,26.19M,--,Industrial Metals and Mining,General Mining,Metals & Mining,Diversified Metals & Mining,Metals & Mining,Mineral & Precious Stone Mining,--,--
AZI AU Equity,ALTAMIN LTD,AU,Common Stock,18.72M,0,3.80M,--,Industrial Metals and Mining,Nonferrous Metals,Metals & Mining,Diversified Metals & Mining,Metals & Mining,Base Metals,Uranium,--
KORDE GA Equity,KORDELLOU BROS,GR,Common Stock,18.71M,72.63M,93.45M,80,Industrial Metals and Mining,Iron and Steel,Metals & Mining,Steel,Metals & Mining,Metals & Ore Whslrs & Traders,--,--
COPPTECH BD Equity,COPPERTECH INDUS,BD,Common Stock,18.62M,23.11M,24.46M,--,Industrial Metals and Mining,Copper,Metals & Mining,Copper,Metals & Mining,Base Metals,Copper,Copper Smelting & Refining
EGT LN Equity,EUROPEAN GREEN T,GB,Common Stock,18.51M,0,11.60M,5,Industrial Metals and Mining,General Mining,--,--,Asset Management,Investment Companies,--,--
GOYALALU IN Equity,GOYAL ALUMINIUMS,IN,Common Stock,18.46M,13.89M,4.57M,8,Industrial Metals and Mining,Aluminum,Trading Companies & Distributors,Trading Companies & Distributors,Metals & Mining,Metals & Ore Whslrs & Traders,--,--
PRX AU Equity,PRODIGY GOLD NL,AU,Common Stock,18.44M,0,8.82M,--,Industrial Metals and Mining,General Mining,Metals & Mining,Gold,Metals & Mining,Precious Metals,Gold,--
SMY CN Equity,SEARCH MINERALS,CA,Common Stock,18.40M,0,33.27M,--,Industrial Metals and Mining,General Mining,Metals & Mining,Diversified Metals & Mining,Metals & Mining,Mineral & Precious Stone Mining,Mineral Mining,Rare Earth
HMC VN Equity,HOCHIMINH CITY M,VN,Common Stock,18.39M,256.42M,86.25M,162,Industrial Metals and Mining,Iron and Steel,Metals & Mining,Steel,Steel,Steel Producers,--,--
FAN CN Equity,FIRST ATLANTIC N,CA,Common Stock,18.20M,0,8.27M,--,Industrial Metals and Mining,General Mining,--,--,Metals & Mining,Mineral & Precious Stone Mining,--,--
NIM AU Equity,NIMY RESOURCES L,AU,Common Stock,18.19M,3.67k,12.42M,--,Industrial Metals and Mining,Nonferrous Metals,Metals & Mining,Diversified Metals & Mining,Metals & Mining,Base Metals,"Nickel, Lead & Zinc",Nickel
TIG CN Equity,TRIUMPH GOLD COR,CA,Common Stock,18.18M,0,4.29M,--,Industrial Metals and Mining,General Mining,Metals & Mining,Gold,Metals & Mining,Precious Metals,--,--
ZENITHST IN Equity,ZENITH STEEL PIP,IN,Common Stock,18.18M,21.61M,29.72M,166,Industrial Metals and Mining,Iron and Steel,Metals & Mining,Steel,Industrial Intermediate Prod,Fabricated Metal & Hardware,Hardware,Fabricated Pipe & Pipe Fitting
ZKIN US Equity,ZK INTERNATIONAL,CN,Common Stock,18.17M,164.15M,115.27M,--,Industrial Metals and Mining,Iron and Steel,Metals & Mining,Steel,Steel,Steel Producers,"Long, Pipe & Tubular",Pipe & Tubular
BMV LN Equity,BLUEBIRD MINING,VG,Common Stock,18.13M,0,32.26M,7,Industrial Metals and Mining,General Mining,--,--,Metals & Mining,Precious Metals,Gold,--
CLCO CN Equity,CULICO METALS IN,CA,Common Stock,18.13M,131.58k,12.31M,--,Industrial Metals and Mining,General Mining,Metals & Mining,Diversified Metals & Mining,Metals & Mining,Mineral & Precious Stone Mining,Mineral Mining,--
2067 TT Equity,CHIA YI STEEL,TW,Common Stock,18.00M,47.63M,92.33M,--,Industrial Metals and Mining,Iron and Steel,Metals & Mining,Steel,Steel,Steel Producers,--,--
FDR LN Equity,FIRST DEVELOPMEN,GB,Common Stock,17.99M,0,7.01M,--,Industrial Metals and Mining,General Mining,Metals & Mining,Diversified Metals & Mining,Metals & Mining,Precious Metals,Gold,--
GPUS CN Equity,ALSET AI VENTURE,CA,Common Stock,17.83M,0,8.59M,--,Industrial Metals and Mining,General Mining,--,--,Asset Management,Private Equity,Venture Capital,--
BRX AU Equity,BELARAROX LTD,AU,Common Stock,17.82M,--,17.29M,--,Industrial Metals and Mining,General Mining,Metals & Mining,Diversified Metals & Mining,Metals & Mining,Precious Metals,--,--
GEN AU Equity,GENMIN LTD,AU,Common Stock,17.75M,--,80.72M,--,Industrial Metals and Mining,Iron and Steel,Metals & Mining,Steel,Metals & Mining,Iron,Iron Ore Mining,--
BZT LN Equity,BEZANT RESOURCES,GB,Common Stock,17.74M,0,12.81M,5,Industrial Metals and Mining,General Mining,Metals & Mining,Diversified Metals & Mining,Metals & Mining,Precious Metals,Gold,--
RDU CN Equity,RADIUS GOLD INC,CA,Common Stock,17.69M,0,2.06M,--,Industrial Metals and Mining,General Mining,Metals & Mining,Gold,Metals & Mining,Precious Metals,Gold,--
EPL CN Equity,EAGLE PLAINS RES,CA,Common Stock,17.64M,11.18M,16.52M,--,Industrial Metals and Mining,General Mining,Metals & Mining,Diversified Metals & Mining,Metals & Mining,Precious Metals,Gold,--
SML LN Equity,STRATEGIC MINERA,GB,Common Stock,17.56M,7.20M,13.09M,12,Industrial Metals and Mining,Iron and Steel,Metals & Mining,Steel,Metals & Mining,Iron,Iron Ore Mining,--
FMET LN Equity,FULCRUM METALS P,GB,Common Stock,17.48M,0,6.87M,5,Industrial Metals and Mining,General Mining,Metals & Mining,Diversified Metals & Mining,Metals & Mining,Precious Metals,Gold,--
HCD VN Equity,HCD INVESTMENT P,VN,Common Stock,17.38M,52.63M,51.52M,31,Industrial Metals and Mining,Iron and Steel,Industrial Conglomerates,Industrial Conglomerates,Chemicals,Basic & Diversified Chemicals,"Organic Resins, Fibers & Rubber",Organic Resins
BM8 AU Equity,BATTERY AGE MINE,AU,Common Stock,17.28M,0,15.55M,--,Industrial Metals and Mining,General Mining,Metals & Mining,Diversified Metals & Mining,Metals & Mining,Base Metals,--,--
MHK AU Equity,METAL HAWK LTD,AU,Common Stock,17.27M,0,10.18M,--,Industrial Metals and Mining,General Mining,Metals & Mining,Diversified Metals & Mining,Metals & Mining,Precious Metals,Gold,--
RDN AU Equity,RAIDEN RESOURCES,AU,Common Stock,17.25M,0,21.53M,--,Industrial Metals and Mining,General Mining,Metals & Mining,Diversified Metals & Mining,Real Estate Owners & Developers,Specialty Owners & Developers,--,--
MAYU MK Equity,MAYU GLOBAL GROU,MY,Common Stock,17.25M,21.33M,173.05M,--,Industrial Metals and Mining,Iron and Steel,Metals & Mining,Steel,Steel,Steel Producers,--,--
LBRMF US Equity,LABRADOR IRON,CA,Common Stock,17.24M,--,29.62M,--,Industrial Metals and Mining,Iron and Steel,Metals & Mining,Steel,Metals & Mining,Iron,Iron Ore Mining,--
KAL AU Equity,KALGOORLIE GOLD,AU,Common Stock,17.22M,0,10.73M,--,Industrial Metals and Mining,General Mining,Metals & Mining,Gold,Metals & Mining,Precious Metals,Gold,--
HTM AU Equity,HIGH-TECH METALS,AU,Common Stock,17.22M,0,4.12M,--,Industrial Metals and Mining,General Mining,Metals & Mining,Diversified Metals & Mining,Metals & Mining,Mineral & Precious Stone Mining,Mineral Mining,--
OMM CN Equity,OMINECA MINING &,CA,Common Stock,17.21M,0,23.62M,--,Industrial Metals and Mining,General Mining,Metals & Mining,Gold,Metals & Mining,Mineral & Precious Stone Mining,--,--
ABR CN Equity,ARBOR METALS COR,CA,Common Stock,17.18M,0,12.69M,--,Industrial Metals and Mining,General Mining,Metals & Mining,Gold,Metals & Mining,Base Metals,--,--
LM1 AU Equity,LEEUWIN METALS L,AU,Common Stock,17.14M,0,3.56M,--,Industrial Metals and Mining,General Mining,Metals & Mining,Diversified Metals & Mining,Metals & Mining,Mineral & Precious Stone Mining,Mineral Mining,Lithium
MOROCOI1 PE Equity,MOROCOCHA-T,PE,Common Stock,17.08M,0,196.92M,--,Industrial Metals and Mining,Nonferrous Metals,Metals & Mining,Diversified Metals & Mining,Metals & Mining,Base Metals,"Nickel, Lead & Zinc",Zinc
HMIL IN Equity,HISAR METAL INDU,IN,Common Stock,17.03M,44.43M,31.01M,285,Industrial Metals and Mining,Iron and Steel,Metals & Mining,Steel,Steel,Steel Producers,Flat Rolled,--
LALU SL Equity,LANKA ALUMINIUM,LK,Common Stock,17.00M,17.56M,21.77M,--,Industrial Metals and Mining,Aluminum,Metals & Mining,Aluminum,Metals & Mining,Base Metals,Aluminum,--
1315 HK Equity,GREEN ECONOMY DE,HK,Common Stock,16.96M,557.89M,137.49M,72,Industrial Metals and Mining,Iron and Steel,Construction & Engineering,Construction & Engineering,Engineering & Construction,Building Construction,--,--
VR8 AU Equity,VANADIUM RESOURC,AU,Common Stock,16.87M,--,--,--,Industrial Metals and Mining,Nonferrous Metals,Metals & Mining,Diversified Metals & Mining,Metals & Mining,Mineral & Precious Stone Mining,--,--
PKSL IN Equity,PRAKASH STEELAGE,IN,Common Stock,16.77M,13.90M,7.03M,72,Industrial Metals and Mining,Iron and Steel,Metals & Mining,Steel,Steel,Steel Producers,"Long, Pipe & Tubular",--
SIC CN Equity,SOKOMAN MINERALS,CA,Common Stock,16.72M,0,8.83M,--,Industrial Metals and Mining,General Mining,Metals & Mining,Gold,Metals & Mining,Precious Metals,Gold,--
FSG PW Equity,FABRYKA SPRZETU,PL,Common Stock,16.71M,101.68M,130.11M,--,Industrial Metals and Mining,Metal Fabricating,Machinery,Industrial Machinery & Supplies & Components,Industrial Intermediate Prod,Fabricated Metal & Hardware,--,--
PR2 AU Equity,PICHE RESOURCES,AU,Common Stock,16.70M,0,2.25M,--,Industrial Metals and Mining,General Mining,Metals & Mining,Diversified Metals & Mining,Metals & Mining,Base Metals,Uranium,--
GANVERSE IN Equity,GANESHA ECOVERSE,IN,Common Stock,16.64M,1.30M,14.03M,--,Industrial Metals and Mining,Iron and Steel,Real Estate Management & Development,Real Estate Development,Apparel & Textile Products,Textile & Textile Products,Textile,"Fiber, Yarn & Thread"
DAL AU Equity,DALAROO METALS L,AU,Common Stock,16.62M,1.12M,1.47M,--,Industrial Metals and Mining,General Mining,Metals & Mining,Diversified Metals & Mining,Metals & Mining,Base Metals,--,--
AKO AU Equity,AKORA RESOURCES,AU,Common Stock,16.58M,19.27k,13.91M,--,Industrial Metals and Mining,Iron and Steel,Metals & Mining,Steel,Metals & Mining,Iron,Iron Ore Mining,--
GDM AU Equity,GREAT DIVIDE MIN,AU,Common Stock,16.48M,--,3.85M,--,Industrial Metals and Mining,General Mining,Metals & Mining,Diversified Metals & Mining,Metals & Mining,Precious Metals,Gold,--
TSL AU Equity,TITANIUM SANDS L,AU,Common Stock,16.41M,0,23.35M,--,Industrial Metals and Mining,General Mining,Metals & Mining,Diversified Metals & Mining,Metals & Mining,Mineral & Precious Stone Mining,--,--
AEMC CN Equity,ALASKA ENERGY ME,CA,Common Stock,16.41M,0,30.91M,--,Industrial Metals and Mining,General Mining,Metals & Mining,Diversified Metals & Mining,Metals & Mining,Base Metals,--,--
KRPZ LN Equity,KROPZ PLC,GB,Common Stock,16.37M,--,221.93M,--,Industrial Metals and Mining,General Mining,Chemicals,Fertilizers & Agricultural Chemicals,Chemicals,Agricultural Chemicals,Fertilizers,Phosphate Fertilizers
CAV AU Equity,CARNAVALE RESOUR,AU,Common Stock,16.36M,0,10.40M,--,Industrial Metals and Mining,General Mining,Metals & Mining,Diversified Metals & Mining,Specialty Finance,Other Financial Services,--,--
NYR BB Equity,NYRSTAR NV,BE,Common Stock,16.31M,0,22.33M,--,Industrial Metals and Mining,Nonferrous Metals,Metals & Mining,Diversified Metals & Mining,Metals & Mining,Base Metals,--,--
ARU CN Equity,AURANIA RESOURCE,CA,Common Stock,16.25M,0,2.29M,--,Industrial Metals and Mining,General Mining,Metals & Mining,Diversified Metals & Mining,Metals & Mining,Precious Metals,--,--
LSA AU Equity,LACHLAN STAR LTD,AU,Common Stock,16.20M,0,13.53M,--,Industrial Metals and Mining,General Mining,Metals & Mining,Diversified Metals & Mining,Metals & Mining,Precious Metals,Gold,--
CPER CN Equity,COPPERCORP RESOU,CA,Common Stock,16.18M,0,4.52M,--,Industrial Metals and Mining,General Mining,Metals & Mining,Copper,Metals & Mining,Base Metals,Copper,--
BHS CN Equity,BAYHORSE SILVER,CA,Common Stock,16.17M,0,2.87M,--,Industrial Metals and Mining,General Mining,Metals & Mining,Diversified Metals & Mining,Metals & Mining,Precious Metals,Silver,--
GT1 AU Equity,GREEN TECHNOLOGY,AU,Common Stock,16.16M,0,104.17M,--,Industrial Metals and Mining,General Mining,Metals & Mining,Diversified Metals & Mining,Metals & Mining,Mineral & Precious Stone Mining,Mineral Mining,Lithium
EME AU Equity,ENERGY METALS LT,AU,Common Stock,16.15M,0,49.34M,--,Industrial Metals and Mining,Nonferrous Metals,"Oil, Gas & Consumable Fuels",Coal & Consumable Fuels,Metals & Mining,Base Metals,Uranium,--
SPC CN Equity,SPC NICKEL CORP,CA,Common Stock,16.13M,0,2.57M,--,Industrial Metals and Mining,General Mining,--,--,Metals & Mining,Base Metals,--,--
LML AU Equity,LINCOLN MINERALS,AU,Common Stock,16.09M,0,6.99M,--,Industrial Metals and Mining,General Mining,Metals & Mining,Diversified Metals & Mining,Metals & Mining,Base Metals,Uranium,--
CC9 AU Equity,CHARIOT CORP LTD,AU,Common Stock,15.99M,0,11.22M,--,Industrial Metals and Mining,Nonferrous Metals,Metals & Mining,Diversified Metals & Mining,Metals & Mining,Mineral & Precious Stone Mining,Mineral Mining,Lithium
RRI CN Equity,RIVERSIDE RESOUR,CA,Common Stock,15.97M,0,14.76M,--,Industrial Metals and Mining,General Mining,Metals & Mining,Precious Metals & Minerals,Metals & Mining,Precious Metals,--,--
EST LN Equity,EAST STAR RESOUR,GB,Common Stock,15.96M,0,6.62M,13,Industrial Metals and Mining,General Mining,Metals & Mining,Diversified Metals & Mining,Metals & Mining,Mineral & Precious Stone Mining,Mineral Mining,--
PINN CN Equity,PINNACLE SILVER,CA,Common Stock,15.94M,0,1.40M,--,Industrial Metals and Mining,General Mining,Metals & Mining,Diversified Metals & Mining,Metals & Mining,Precious Metals,--,--
TWP TB Equity,THAI WIRE PROD,TH,Common Stock,15.93M,70.37M,82.36M,--,Industrial Metals and Mining,Iron and Steel,Building Products,Building Products,Industrial Intermediate Prod,Fabricated Metal & Hardware,Fabricated Metal,Wire Products
ISB SJ Equity,INSIMBI INDUSTRI,ZA,Common Stock,15.92M,417.04M,118.59M,394,Industrial Metals and Mining,Nonferrous Metals,Trading Companies & Distributors,Trading Companies & Distributors,Industrial Intermediate Prod,Fabricated Metal & Hardware,Fabricated Metal,Industrial Pattern
CVR US Equity,CHICAGO RIVET,US,Common Stock,15.88M,40.93M,37.79M,--,Industrial Metals and Mining,Metal Fabricating,Machinery,Industrial Machinery & Supplies & Components,Industrial Intermediate Prod,Fabricated Metal & Hardware,Hardware,Bolts & Washers
AHN AU Equity,ATHENA RESOURCES,AU,Common Stock,15.86M,0,13.19M,--,Industrial Metals and Mining,General Mining,Metals & Mining,Diversified Metals & Mining,Metals & Mining,Precious Metals,--,--
BEX CN Equity,BENTON RESOURCE,CA,Common Stock,15.84M,0,14.47M,--,Industrial Metals and Mining,General Mining,Metals & Mining,Diversified Metals & Mining,Metals & Mining,Precious Metals,--,--
PNN AU Equity,POWER MINERALS L,AU,Common Stock,15.79M,207.71k,21.06M,--,Industrial Metals and Mining,General Mining,Metals & Mining,Diversified Metals & Mining,Metals & Mining,Base Metals,--,--
ADY AU Equity,ADMIRALTY RESOUR,AU,Common Stock,15.78M,0,23.10M,--,Industrial Metals and Mining,General Mining,Metals & Mining,Diversified Metals & Mining,Metals & Mining,Base Metals,--,--
GRG CN Equity,GOLDEN ARROW RES,CA,Common Stock,15.77M,0,7.55M,--,Industrial Metals and Mining,General Mining,Metals & Mining,Diversified Metals & Mining,Metals & Mining,Precious Metals,Gold,--
CFM SP Equity,CFM HOLDINGS LTD,SG,Common Stock,15.73M,28.82M,35.86M,--,Industrial Metals and Mining,Metal Fabricating,Machinery,Industrial Machinery & Supplies & Components,Industrial Intermediate Prod,Fabricated Metal & Hardware,Fabricated Metal,Forging & Stamping
CPS CN Equity,CANADIAN PREMIUM,CA,Common Stock,15.73M,0,1.07M,--,Industrial Metals and Mining,General Mining,Energy Equipment & Services,Oil & Gas Equipment & Services,Oil & Gas Services & Equip,Oilfield Services & Equipment,--,--
ALKA IJ Equity,ALAKASA INDUSTRI,ID,Common Stock,15.71M,7.55M,22.29M,26,Industrial Metals and Mining,Aluminum,Metals & Mining,Aluminum,Metals & Mining,Base Metals,--,--
CPN AU Equity,CASPIN RESOURCES,AU,Common Stock,15.67M,249.32k,1.64M,--,Industrial Metals and Mining,General Mining,Metals & Mining,Diversified Metals & Mining,Metals & Mining,Precious Metals,Gold,--
SHRC CN Equity,SHARC INTERNATIO,CA,Common Stock,15.64M,2.40M,4.40M,--,Industrial Metals and Mining,General Mining,--,--,Electrical Equipment,Comml & Res Bldg Equip & Sys,HVAC Building Products,Water Heating Equipment
CMRS LN Equity,CRITICAL MINERAL,GB,Common Stock,15.56M,0,495.17k,4,Industrial Metals and Mining,General Mining,Metals & Mining,Diversified Metals & Mining,Metals & Mining,Base Metals,Copper,--
NGX AU Equity,NGX LTD,AU,Common Stock,15.40M,--,10.50M,--,Industrial Metals and Mining,General Mining,Metals & Mining,Diversified Metals & Mining,Metals & Mining,Mineral & Precious Stone Mining,Mineral Mining,--
RMI AU Equity,RESOURCE MINERAL,AU,Common Stock,15.35M,0,8.79M,--,Industrial Metals and Mining,General Mining,Metals & Mining,Diversified Metals & Mining,Metals & Mining,Base Metals,--,--
VCG CN Equity,VISIONARY COPPER,CA,Common Stock,15.35M,0,46.67M,--,Industrial Metals and Mining,General Mining,Metals & Mining,Diversified Metals & Mining,Metals & Mining,Base Metals,Copper,--
TRBC CN Equity,TRIBECA RESOURCE,CA,Common Stock,15.30M,0,3.51M,--,Industrial Metals and Mining,General Mining,Metals & Mining,Diversified Metals & Mining,Metals & Mining,Precious Metals,--,--
GUL AU Equity,GULLEWA LTD,AU,Common Stock,15.26M,3.94M,22.12M,--,Industrial Metals and Mining,General Mining,Metals & Mining,Gold,Metals & Mining,Base Metals,--,--
REVV CN Equity,REVOLVE RENEWABL,CA,Common Stock,15.23M,10.29M,27.80M,--,Industrial Metals and Mining,General Mining,Independent Power and Renewable Electricity Producers,Renewable Electricity,Renewable Energy,Renewable Energy Project Dev,--,--
MRCAGRO IN Equity,MRC AGROTECH LTD,IN,Common Stock,15.13M,6.04M,8.48M,--,Industrial Metals and Mining,Metal Fabricating,Trading Companies & Distributors,Trading Companies & Distributors,Wholesale - Consumer Staples,Agricultural Products Whslrs,--,--
WIN AU Equity,WIN METALS LTD,AU,Common Stock,15.13M,0,17.03M,--,Industrial Metals and Mining,Nonferrous Metals,Metals & Mining,Diversified Metals & Mining,Metals & Mining,Base Metals,"Nickel, Lead & Zinc",Nickel
W CN Equity,SPARTAN METALS C,CA,Common Stock,15.08M,0,30.99k,--,Industrial Metals and Mining,Nonferrous Metals,--,--,Metals & Mining,Precious Metals,--,--
SWRI IN Equity,SHALIMAR WIRES,IN,Common Stock,15.05M,23.93M,37.01M,336,Industrial Metals and Mining,Nonferrous Metals,Electrical Equipment,Electrical Components & Equipment,Machinery,Other Machinery & Equipment,Paper Industry Machinery,--
TNI VN Equity,THANH NAM GROUP,VN,Common Stock,14.99M,60.10M,59.04M,--,Industrial Metals and Mining,Iron and Steel,Trading Companies & Distributors,Trading Companies & Distributors,Steel,Steel Producers,--,--
ASE AU Equity,ASTUTE METALS NL,AU,Common Stock,14.93M,50.51k,18.85M,--,Industrial Metals and Mining,General Mining,Metals & Mining,Diversified Metals & Mining,Construction Materials,Cement & Aggregates,Aggregates,Sand & Gravel
MOX CN Equity,MORIEN RESOURCES,CA,Common Stock,14.89M,91.18k,1.36M,--,Industrial Metals and Mining,General Mining,Metals & Mining,Steel,Metals & Mining,Coal Mining,--,--
GNM AU Equity,GREAT NORTHERN M,AU,Common Stock,14.87M,0,1.41M,--,Industrial Metals and Mining,General Mining,Metals & Mining,Diversified Metals & Mining,Real Estate Owners & Developers,Specialty Owners & Developers,--,--
CCM AU Equity,CADOUX LTD,AU,Common Stock,14.84M,0,10.12M,--,Industrial Metals and Mining,General Mining,Metals & Mining,Diversified Metals & Mining,Metals & Mining,Base Metals,Aluminum,--
ADE CN Equity,ADEX MINING INC,CA,Common Stock,14.83M,0,2.17M,--,Industrial Metals and Mining,Nonferrous Metals,Metals & Mining,Diversified Metals & Mining,Metals & Mining,Base Metals,--,--
DYM AU Equity,DYNAMIC METALS L,AU,Common Stock,14.78M,0,12.12M,--,Industrial Metals and Mining,General Mining,Metals & Mining,Diversified Metals & Mining,Metals & Mining,Mineral & Precious Stone Mining,Mineral Mining,--
UAFL IN Equity,UNIVERSAL AUTOFO,IN,Common Stock,14.73M,35.09M,26.43M,--,Industrial Metals and Mining,Iron and Steel,Automobile Components,Automotive Parts & Equipment,Automotive,Auto Parts,Automotive Engineering & Tech,--
RVT AU Equity,RICHMOND VANADIU,AU,Common Stock,14.68M,0,44.71M,--,Industrial Metals and Mining,Nonferrous Metals,Metals & Mining,Diversified Metals & Mining,Metals & Mining,Mining Services,--,--
RYE CN Equity,RHYOLITE RES,CA,Common Stock,14.68M,0,7.39M,--,Industrial Metals and Mining,General Mining,Metals & Mining,Gold,Metals & Mining,Base Metals,Copper,--
AWX CN Equity,ARCWEST EXPLORAT,CA,Common Stock,14.63M,0,6.05M,--,Industrial Metals and Mining,General Mining,--,--,Metals & Mining,Precious Metals,--,--
MTL AU Equity,MANTLE MINERALS,AU,Common Stock,14.47M,0,81.94k,--,Industrial Metals and Mining,Nonferrous Metals,Metals & Mining,Diversified Metals & Mining,Metals & Mining,Base Metals,Copper,Copper Mining
SME CN Equity,SAMA RESOURCES I,CA,Common Stock,14.46M,0,30.36M,--,Industrial Metals and Mining,General Mining,Metals & Mining,Diversified Metals & Mining,Metals & Mining,Base Metals,Copper,--
IND AU Equity,INDUSTRIAL MINER,AU,Common Stock,14.46M,0,3.29M,--,Industrial Metals and Mining,General Mining,Metals & Mining,Diversified Metals & Mining,Metals & Mining,Mineral & Precious Stone Mining,Mineral Mining,--
MPITR GA Equity,BITROS HOLDINGS,GR,Common Stock,14.45M,9.88M,113.69M,23,Industrial Metals and Mining,Iron and Steel,Metals & Mining,Steel,Steel,Steel Producers,--,--
SPQ AU Equity,SUPERIOR RESOURC,AU,Common Stock,14.23M,0,16.29M,--,Industrial Metals and Mining,General Mining,Metals & Mining,Diversified Metals & Mining,Metals & Mining,Base Metals,--,--
T PM Equity,TKC METALS CORP,PH,Common Stock,14.16M,0,96.10M,--,Industrial Metals and Mining,Iron and Steel,Metals & Mining,Steel,Steel,Steel Producers,--,--
TCJ TB Equity,TCJ ASIA PCL,TH,Common Stock,14.11M,59.56M,120.08M,--,Industrial Metals and Mining,Iron and Steel,Trading Companies & Distributors,Trading Companies & Distributors,Steel,Steel Producers,--,--
PXC LN Equity,PHOENIX COPPER L,GB,Common Stock,14.09M,0,97.67M,--,Industrial Metals and Mining,Nonferrous Metals,Metals & Mining,Copper,Metals & Mining,Base Metals,--,--
CBG CN Equity,CHIBOUGAMAU INDE,CA,Common Stock,14.05M,136.57k,629.80k,--,Industrial Metals and Mining,General Mining,Metals & Mining,Diversified Metals & Mining,Metals & Mining,Precious Metals,--,--
CMG AU Equity,CRITICAL MINERAL,AU,Common Stock,14.03M,0,3.82M,--,Industrial Metals and Mining,General Mining,Metals & Mining,Diversified Metals & Mining,Metals & Mining,Mineral & Precious Stone Mining,Mineral Mining,--
SIDG RO Equity,ARCELORMITTAL HU,RO,Common Stock,13.98M,168.68M,206.76M,--,Industrial Metals and Mining,Iron and Steel,Metals & Mining,Steel,Steel,Steel Producers,Flat Rolled,--
LPM AU Equity,LITHIUM PLUS MIN,AU,Common Stock,13.95M,0,22.70M,--,Industrial Metals and Mining,General Mining,Metals & Mining,Diversified Metals & Mining,Metals & Mining,Mineral & Precious Stone Mining,Mineral Mining,Lithium
BSLC MK Equity,BSL CORP BHD,MY,Common Stock,13.94M,34.21M,82.56M,--,Industrial Metals and Mining,Metal Fabricating,Metals & Mining,Diversified Metals & Mining,Industrial Intermediate Prod,Fabricated Metal & Hardware,Fabricated Metal,Forging & Stamping
ADG AU Equity,ADELONG GOLD LTD,AU,Common Stock,13.90M,29.03k,6.49M,--,Industrial Metals and Mining,General Mining,Metals & Mining,Diversified Metals & Mining,Metals & Mining,Precious Metals,Gold,--
MAGA/H CN Equity,PATRIOT RESOURCE,CA,Common Stock,13.81M,18.41k,5.00M,--,Industrial Metals and Mining,General Mining,Metals & Mining,Diversified Metals & Mining,Food,Packaged Food,Pet Food,--
SUU CN Equity,STRATHMORE PLUS,CA,Common Stock,13.81M,0,4.59M,--,Industrial Metals and Mining,General Mining,"Oil, Gas & Consumable Fuels",Coal & Consumable Fuels,Metals & Mining,Base Metals,Uranium,--
SKM AU Equity,SKYLARK MINERALS,AU,Common Stock,13.71M,132.20k,10.71M,--,Industrial Metals and Mining,General Mining,Metals & Mining,Diversified Metals & Mining,Metals & Mining,Precious Metals,--,--
MGL AU Equity,MAGONTEC LTD,AU,Common Stock,13.67M,72.19M,70.59M,--,Industrial Metals and Mining,Nonferrous Metals,Metals & Mining,Diversified Metals & Mining,Metals & Mining,Base Metals,--,--
FHS AU Equity,FREEHILL MINING,AU,Common Stock,13.66M,691.11k,12.85M,--,Industrial Metals and Mining,General Mining,Metals & Mining,Steel,Construction Materials,Cement & Aggregates,Aggregates,Sand & Gravel
CHROME IN Equity,CHROME SILICON L,IN,Common Stock,13.65M,13.32M,44.20M,--,Industrial Metals and Mining,Iron and Steel,Metals & Mining,Steel,Metals & Mining,Iron,Iron Foundries,--
MRQ AU Equity,MRG METALS LTD,AU,Common Stock,13.63M,8.15k,7.21M,--,Industrial Metals and Mining,General Mining,Metals & Mining,Diversified Metals & Mining,Metals & Mining,Precious Metals,Gold,--
ZEU AU Equity,ZEUS RESOURCES L,AU,Common Stock,13.63M,0,2.45M,--,Industrial Metals and Mining,General Mining,"Oil, Gas & Consumable Fuels",Coal & Consumable Fuels,Metals & Mining,Base Metals,Uranium,--
VSR AU Equity,VOLTAIC STRATEGI,AU,Common Stock,13.62M,0,18.06M,--,Industrial Metals and Mining,General Mining,Metals & Mining,Diversified Metals & Mining,Metals & Mining,Mineral & Precious Stone Mining,Mineral Mining,--
CAZ AU Equity,CAZALY RESOURCES,AU,Common Stock,13.55M,107.64k,10.43M,--,Industrial Metals and Mining,General Mining,Metals & Mining,Diversified Metals & Mining,Metals & Mining,Base Metals,--,--
AICL BD Equity,APPOLLO ISPAT CO,BD,Common Stock,13.52M,60.34M,209.82M,--,Industrial Metals and Mining,Iron and Steel,Metals & Mining,Steel,Industrial Intermediate Prod,Fabricated Metal & Hardware,Fabricated Metal,Sheet Metal
MN CN Equity,MANGANESE X ENER,CA,Common Stock,13.52M,0,3.46M,--,Industrial Metals and Mining,General Mining,Metals & Mining,Diversified Metals & Mining,Metals & Mining,Base Metals,Manganese,--
TGPRO TB Equity,THAI-GERMAN PRO,TH,Common Stock,13.51M,63.10M,127.37M,--,Industrial Metals and Mining,Iron and Steel,Metals & Mining,Steel,Machinery,Other Machinery & Equipment,Food Product Machinery,--
NWM AU Equity,NORWEST MINERALS,AU,Common Stock,13.33M,596,21.75M,--,Industrial Metals and Mining,General Mining,Metals & Mining,Diversified Metals & Mining,Metals & Mining,Base Metals,--,--
ENDR CN Equity,ENDURO METALS CO,CA,Common Stock,13.23M,0,33.73M,--,Industrial Metals and Mining,General Mining,Metals & Mining,Diversified Metals & Mining,Metals & Mining,Precious Metals,--,--
EVG AU Equity,EVION GROUP NL,AU,Common Stock,13.18M,598.14k,9.78M,--,Industrial Metals and Mining,General Mining,Metals & Mining,Diversified Metals & Mining,Metals & Mining,Mineral & Precious Stone Mining,--,--
CLM CN Equity,CONSOLIDATED LIT,CA,Common Stock,13.12M,0,780.29k,--,Industrial Metals and Mining,General Mining,Metals & Mining,Diversified Metals & Mining,Metals & Mining,Mineral & Precious Stone Mining,Mineral Mining,Lithium
1AE AU Equity,AURORA ENERGY ME,AU,Common Stock,13.07M,0,2.27M,--,Industrial Metals and Mining,General Mining,Metals & Mining,Diversified Metals & Mining,Metals & Mining,Base Metals,Uranium,--
SVY AU Equity,STAVELY MINERALS,AU,Common Stock,13.01M,0,6.94M,--,Industrial Metals and Mining,General Mining,Metals & Mining,Diversified Metals & Mining,Metals & Mining,Precious Metals,Gold,--
RGX CN Equity,REGENX TECH CORP,CA,Common Stock,13.00M,196.86k,9.96M,--,Industrial Metals and Mining,General Mining,Metals & Mining,Diversified Metals & Mining,Commercial Support Services,Waste Management,Recyclable Materials,--
OMX AU Equity,ORANGE MINERALS,AU,Common Stock,12.99M,0,6.61M,--,Industrial Metals and Mining,General Mining,Metals & Mining,Diversified Metals & Mining,Metals & Mining,Precious Metals,Gold,--
DHATRE IN Equity,DHATRE UDYOG LTD,IN,Common Stock,12.99M,26.19M,12.58M,8,Industrial Metals and Mining,Iron and Steel,Metals & Mining,Steel,Steel,Steel Producers,--,--
1380 HK Equity,CHINA KINGSTONE,CN,Common Stock,12.98M,10.30M,29.91M,49,Industrial Metals and Mining,General Mining,Metals & Mining,Diversified Metals & Mining,Construction Materials,Building Materials,Stone Building Products,Dimension Stone
GROC LN Equity,GREENROC STRATEG,GB,Common Stock,12.93M,0,19.61M,--,Industrial Metals and Mining,General Mining,Metals & Mining,Diversified Metals & Mining,Metals & Mining,Mineral & Precious Stone Mining,Mineral Mining,--
SNG CN Equity,SILVER RANGE RES,CA,Common Stock,12.90M,0,6.72M,--,Industrial Metals and Mining,General Mining,Metals & Mining,Diversified Metals & Mining,Metals & Mining,Precious Metals,Silver,--
DHM VN Equity,DUONG HIEU TRADI,VN,Common Stock,12.89M,207.43M,62.17M,24,Industrial Metals and Mining,General Mining,Metals & Mining,Diversified Metals & Mining,Steel,Steel Producers,Flat Rolled,--
BEM LN Equity,BEOWULF MINING,GB,Common Stock,12.83M,0,34.84M,--,Industrial Metals and Mining,General Mining,Metals & Mining,Diversified Metals & Mining,Metals & Mining,Mineral & Precious Stone Mining,--,--
TM CN Equity,TRIGON METALS IN,CA,Common Stock,12.82M,--,572.91k,--,Industrial Metals and Mining,General Mining,Metals & Mining,Copper,Metals & Mining,Base Metals,Copper,Copper Mining
RAG AU Equity,RAGNAR METALS LT,AU,Common Stock,12.80M,12.38k,11.51M,--,Industrial Metals and Mining,General Mining,Metals & Mining,Diversified Metals & Mining,Metals & Mining,Base Metals,"Nickel, Lead & Zinc",--
PSL AU Equity,PATERSON RESOURC,AU,Common Stock,12.77M,0,7.72M,--,Industrial Metals and Mining,General Mining,Metals & Mining,Diversified Metals & Mining,Metals & Mining,Precious Metals,Gold,--
BATX CN Equity,BATTERY X METALS,CA,Common Stock,12.63M,0,1.93M,--,Industrial Metals and Mining,General Mining,--,--,Metals & Mining,Mining Services,--,--
ENV AU Equity,ENOVA MINING LTD,AU,Common Stock,12.63M,36.88k,9.58M,--,Industrial Metals and Mining,General Mining,Metals & Mining,Diversified Metals & Mining,Metals & Mining,Base Metals,Uranium,--
AAZ CN Equity,AZINCOURT ENERGY,CA,Common Stock,12.56M,0,7.62M,--,Industrial Metals and Mining,General Mining,"Oil, Gas & Consumable Fuels",Coal & Consumable Fuels,Metals & Mining,Mining Services,--,--
VVC CN Equity,VVC EXPLORATION,CA,Common Stock,12.55M,111.00k,40.72M,--,Industrial Metals and Mining,General Mining,Metals & Mining,Gold,Metals & Mining,Precious Metals,Gold,--
BMET CN Equity,BEMETALS CORP,CA,Common Stock,12.53M,0,40.71M,--,Industrial Metals and Mining,General Mining,Metals & Mining,Diversified Metals & Mining,Metals & Mining,Base Metals,--,--
FNR AU Equity,FAR NORTHERN RES,AU,Common Stock,12.51M,27.00k,1.90M,--,Industrial Metals and Mining,General Mining,Metals & Mining,Diversified Metals & Mining,Metals & Mining,Precious Metals,Gold,--
IMP PM Equity,IMPERIAL RES,PH,Common Stock,12.50M,0,25.18M,--,Industrial Metals and Mining,General Mining,Metals & Mining,Diversified Metals & Mining,Metals & Mining,Mining Services,--,--
USCU CN Equity,US COPPER CORP,CA,Common Stock,12.47M,0,118.81k,--,Industrial Metals and Mining,General Mining,--,--,Metals & Mining,Base Metals,Copper,--
SUDAI IN Equity,SUDAL INDUSTRIES,IN,Common Stock,12.40M,28.08M,12.00M,128,Industrial Metals and Mining,Aluminum,Metals & Mining,Aluminum,Metals & Mining,Base Metals,Aluminum,--
VG CN Equity,VOLCANIC GOLD MI,CA,Common Stock,12.37M,0,1.44M,--,Industrial Metals and Mining,General Mining,Metals & Mining,Gold,Metals & Mining,Mineral & Precious Stone Mining,--,--
KNG AU Equity,KINGSLAND MINERA,AU,Common Stock,12.34M,0,7.93M,--,Industrial Metals and Mining,General Mining,Metals & Mining,Diversified Metals & Mining,Metals & Mining,Base Metals,Uranium,--
HMG AU Equity,HAMELIN GOLD LTD,AU,Common Stock,12.29M,0,23.75M,--,Industrial Metals and Mining,General Mining,Metals & Mining,Gold,Metals & Mining,Precious Metals,Gold,--
NEG IN Equity,TULSYAN NEC LTD,IN,Common Stock,12.27M,157.58M,154.90M,630,Industrial Metals and Mining,Iron and Steel,Metals & Mining,Steel,Steel,Steel Producers,--,--
WRR CN Equity,WALKER RIVER RES,CA,Common Stock,12.26M,0,10.38M,--,Industrial Metals and Mining,General Mining,Metals & Mining,Diversified Metals & Mining,Metals & Mining,Precious Metals,Gold,--
MHC AU Equity,MANHATTAN CORP,AU,Common Stock,12.26M,0,12.56M,--,Industrial Metals and Mining,Nonferrous Metals,Metals & Mining,Gold,Metals & Mining,Base Metals,Uranium,--
GIGA CN Equity,GIGA METALS CORP,CA,Common Stock,12.26M,0,25.47M,--,Industrial Metals and Mining,Nonferrous Metals,Metals & Mining,Diversified Metals & Mining,Metals & Mining,Base Metals,"Nickel, Lead & Zinc",Nickel
ASTEEL MK Equity,ASTEEL GROUP BHD,MY,Common Stock,12.25M,82.32M,87.88M,--,Industrial Metals and Mining,Iron and Steel,Metals & Mining,Steel,Steel,Steel Producers,"Long, Pipe & Tubular",Pipe & Tubular
AXL AU Equity,AXEL REE LTD,AU,Common Stock,12.21M,--,10.02M,--,Industrial Metals and Mining,Nonferrous Metals,Metals & Mining,Diversified Metals & Mining,Metals & Mining,Mineral & Precious Stone Mining,Mineral Mining,Lithium
BMC VN Equity,BINH DINH MINERA,VN,Common Stock,12.19M,11.82M,16.31M,--,Industrial Metals and Mining,General Mining,Metals & Mining,Diversified Metals & Mining,Metals & Mining,Base Metals,--,--
RIDDHI IN Equity,RIDDHI STEEL AND,IN,Common Stock,12.10M,70.98M,36.17M,278,Industrial Metals and Mining,Iron and Steel,Metals & Mining,Steel,Steel,Steel Producers,--,--
PERM TB Equity,PERMSIN STEEL,TH,Common Stock,12.07M,156.76M,190.94M,--,Industrial Metals and Mining,Iron and Steel,Metals & Mining,Steel,Industrial Intermediate Prod,Fabricated Metal & Hardware,--,--
STND CN Equity,STANDARD URANIUM,CA,Common Stock,12.06M,0,185.80k,--,Industrial Metals and Mining,Nonferrous Metals,"Oil, Gas & Consumable Fuels",Coal & Consumable Fuels,Metals & Mining,Base Metals,Uranium,--
ROX CN Equity,CANSTAR RESOURCE,CA,Common Stock,12.03M,0,645.77k,--,Industrial Metals and Mining,General Mining,Metals & Mining,Diversified Metals & Mining,Metals & Mining,Base Metals,--,--
IRON LN Equity,IRONVELD PLC,GB,Common Stock,12.00M,513.00k,67.68M,--,Industrial Metals and Mining,Iron and Steel,Metals & Mining,Steel,Commercial Support Services,Waste Management,Solid Waste Collection & Treat,Recycling Facilities
NC1 AU Equity,NICO RESOURCES L,AU,Common Stock,11.97M,0,18.33M,--,Industrial Metals and Mining,Nonferrous Metals,Metals & Mining,Diversified Metals & Mining,Metals & Mining,Base Metals,"Nickel, Lead & Zinc",--
FL1 AU Equity,FIRST LITHIUM LT,AU,Common Stock,11.95M,0,6.50M,--,Industrial Metals and Mining,General Mining,Metals & Mining,Diversified Metals & Mining,Software,Application Software,Specialty Software,--
FRG LN Equity,FIRERING STRA-DI,CI,Common Stock,11.84M,0,10.28M,--,Industrial Metals and Mining,General Mining,--,--,Metals & Mining,Mineral & Precious Stone Mining,Mineral Mining,--
CSP TB Equity,CSP STEEL CENTER,TH,Common Stock,11.84M,107.61M,85.58M,--,Industrial Metals and Mining,Iron and Steel,Metals & Mining,Steel,Steel,Metal Svc Centers & Processors,Steel Processors,--
GEO PM Equity,GEOGRACE RESOURC,PH,Common Stock,11.82M,0,359.89k,--,Industrial Metals and Mining,General Mining,Metals & Mining,Diversified Metals & Mining,Metals & Mining,Mineral & Precious Stone Mining,Precious Stone Mining,Gemstones
YLI MK Equity,YLI HLDGS BHD,MY,Common Stock,11.81M,16.36M,82.56M,--,Industrial Metals and Mining,Iron and Steel,Building Products,Building Products,Industrial Intermediate Prod,Fabricated Metal & Hardware,Hardware,Fabricated Pipe & Pipe Fitting
GIB AU Equity,GIBB RIVER DIAMO,AU,Common Stock,11.80M,0,2.05M,--,Industrial Metals and Mining,General Mining,Metals & Mining,Diversified Metals & Mining,Metals & Mining,Mineral & Precious Stone Mining,Mineral Mining,Phosphate Rock
RWI TB Equity,RAYONG WIRE INDU,TH,Common Stock,11.79M,25.09M,56.98M,--,Industrial Metals and Mining,Iron and Steel,Metals & Mining,Steel,Electrical Equipment,Electrical Components,Wire & Cable,--
LIT CN Equity,ARGENTINA LITHIU,CA,Common Stock,11.76M,0,65.02M,--,Industrial Metals and Mining,Iron and Steel,Metals & Mining,Diversified Metals & Mining,Metals & Mining,Base Metals,--,--
RSG CN Equity,ROCKY SHORE GOLD,CA,Common Stock,11.75M,0,1.12M,--,Industrial Metals and Mining,General Mining,Metals & Mining,Gold,Metals & Mining,Mining Services,--,--
NOB CN Equity,NOBLE MINERAL EX,CA,Common Stock,11.70M,0,10.38M,--,Industrial Metals and Mining,Nonferrous Metals,Metals & Mining,Diversified Metals & Mining,Metals & Mining,Base Metals,--,--
EQN AU Equity,EQUINOX RESOURCE,AU,Common Stock,11.66M,0,19.33M,--,Industrial Metals and Mining,General Mining,Metals & Mining,Steel,Metals & Mining,Iron,Iron Ore Mining,--
MTT CN Equity,MAGNA TERRA MINE,CA,Common Stock,11.65M,0,989.73k,--,Industrial Metals and Mining,General Mining,Metals & Mining,Precious Metals & Minerals,Metals & Mining,Precious Metals,--,--
TUK CN Equity,TUKTU RESOURCES,CA,Common Stock,11.63M,5.13M,25.44M,--,Industrial Metals and Mining,General Mining,"Oil, Gas & Consumable Fuels",Oil & Gas Exploration & Production,Metals & Mining,Base Metals,"Nickel, Lead & Zinc",--
WLC IN Equity,WELCAST STEELS,IN,Common Stock,11.62M,15.30M,8.93M,119,Industrial Metals and Mining,Iron and Steel,Metals & Mining,Steel,Steel,Steel Producers,--,--
IG6 AU Equity,INTERNATIONAL GR,AU,Common Stock,11.61M,66.29k,19.63M,--,Industrial Metals and Mining,Metal Fabricating,Electrical Equipment,Electrical Components & Equipment,Chemicals,Specialty Chemicals,Advanced Materials,Graphite Products
PUR AU Equity,PURSUIT MINERALS,AU,Common Stock,11.60M,0,50.46M,--,Industrial Metals and Mining,General Mining,Metals & Mining,Diversified Metals & Mining,Metals & Mining,Mineral & Precious Stone Mining,Mineral Mining,Lithium
REVX CN Equity,REV EXPLORATION,CA,Common Stock,11.60M,0,1.97M,--,Industrial Metals and Mining,General Mining,Metals & Mining,Diversified Metals & Mining,Metals & Mining,Precious Metals,Gold,--
THR LN Equity,THOR ENERGY PLC,GB,Common Stock,11.60M,0,25.57M,--,Industrial Metals and Mining,General Mining,Metals & Mining,Diversified Metals & Mining,Metals & Mining,Base Metals,--,--
ASL CN Equity,ARGENTUM SILVER,CA,Common Stock,11.59M,0,280.38k,--,Industrial Metals and Mining,General Mining,Metals & Mining,Precious Metals & Minerals,Metals & Mining,Precious Metals,Silver,--
TRM AU Equity,TRUSCOTT MINING,AU,Common Stock,11.55M,0,2.95M,--,Industrial Metals and Mining,General Mining,Metals & Mining,Diversified Metals & Mining,Metals & Mining,Precious Metals,Gold,--
COY AU Equity,COPPERMOLY LTD,AU,Common Stock,11.47M,0,3.37M,--,Industrial Metals and Mining,General Mining,Metals & Mining,Diversified Metals & Mining,Metals & Mining,Base Metals,Copper,Copper Mining
ENX AU Equity,ENEGEX LTD,AU,Common Stock,11.43M,0,2.94M,--,Industrial Metals and Mining,General Mining,Metals & Mining,Diversified Metals & Mining,Oil & Gas Supply Chain,Exploration & Production,--,--
AITT CN Equity,TRENCHANT TECHNO,CA,Common Stock,11.40M,0,3.70M,--,Industrial Metals and Mining,General Mining,Capital Markets,Asset Management & Custody Banks,Asset Management,Investment Companies,--,--
MGT AU Equity,MAGNETITE MINES,AU,Common Stock,11.39M,214.49k,38.23M,--,Industrial Metals and Mining,General Mining,Metals & Mining,Steel,Metals & Mining,Iron,Iron Ore Mining,--
GTE AU Equity,GREAT WESTERN EX,AU,Common Stock,11.36M,0,13.56M,--,Industrial Metals and Mining,General Mining,Metals & Mining,Diversified Metals & Mining,Metals & Mining,Precious Metals,Gold,--
PEX CN Equity,PACIFIC RIDGE EX,CA,Common Stock,11.35M,0,5.08M,--,Industrial Metals and Mining,General Mining,Metals & Mining,Diversified Metals & Mining,Metals & Mining,Base Metals,Uranium,--
USCM CN Equity,US CRITICAL META,CA,Common Stock,11.35M,0,194.80k,--,Industrial Metals and Mining,General Mining,--,--,Metals & Mining,Mineral & Precious Stone Mining,Mineral Mining,--
AIML CN Equity,AI/ML INNOVATION,CA,Common Stock,11.29M,184.68k,3.87M,--,Industrial Metals and Mining,General Mining,"Electronic Equipment, Instruments & Components",Electronic Equipment & Instruments,Publishing & Broadcasting,Publishing,--,--
BHL LN Equity,BRADDA HEAD LITH,IM,Common Stock,11.20M,--,27.04M,--,Industrial Metals and Mining,Nonferrous Metals,Metals & Mining,Diversified Metals & Mining,Metals & Mining,Mineral & Precious Stone Mining,Mineral Mining,Lithium
ILI CN Equity,IMAGINE LITHIUM,CA,Common Stock,11.19M,0,20.30M,--,Industrial Metals and Mining,General Mining,Metals & Mining,Diversified Metals & Mining,Metals & Mining,Mineral & Precious Stone Mining,Mineral Mining,Lithium
ITM AU Equity,ITECH MINERALS L,AU,Common Stock,11.17M,0,20.83M,--,Industrial Metals and Mining,General Mining,Metals & Mining,Diversified Metals & Mining,Metals & Mining,Base Metals,Copper,--
OD6 AU Equity,OD6 METALS LTD,AU,Common Stock,11.14M,0,8.32M,--,Industrial Metals and Mining,General Mining,Metals & Mining,Diversified Metals & Mining,Metals & Mining,Mineral & Precious Stone Mining,Mineral Mining,Rare Earth
LOD CN Equity,LODE GOLD RESOUR,CA,Common Stock,11.13M,0,32.57M,--,Industrial Metals and Mining,General Mining,Metals & Mining,Gold,Metals & Mining,Precious Metals,Gold,--
FACA IN Equity,FACOR ALLOYS LTD,IN,Common Stock,11.12M,30.80k,34.65M,270,Industrial Metals and Mining,Iron and Steel,Metals & Mining,Steel,Metals & Mining,Metals & Ore Whslrs & Traders,--,--
HAY CN Equity,HAYASA METALS IN,CA,Common Stock,11.04M,0,2.13M,--,Industrial Metals and Mining,General Mining,Metals & Mining,Gold,Metals & Mining,Precious Metals,Gold,--
OPMS IJ Equity,OPTIMA PRIMA MET,ID,Common Stock,11.01M,3.90M,7.96M,4,Industrial Metals and Mining,Iron and Steel,Trading Companies & Distributors,Trading Companies & Distributors,Commercial Support Services,Waste Management,Recyclable Materials,--
TG1 AU Equity,TECHGEN METALS L,AU,Common Stock,11.00M,0,6.06M,--,Industrial Metals and Mining,General Mining,Metals & Mining,Diversified Metals & Mining,Metals & Mining,Mineral & Precious Stone Mining,Precious Stone Mining,--
BUX AU Equity,BUXTON RESOURCES,AU,Common Stock,11.00M,2.80M,4.47M,--,Industrial Metals and Mining,General Mining,Metals & Mining,Diversified Metals & Mining,Construction Materials,Building Materials,Stone Building Products,--
PA CN Equity,PALAMINA CORP,CA,Common Stock,10.98M,0,567.36k,--,Industrial Metals and Mining,General Mining,Metals & Mining,Diversified Metals & Mining,Metals & Mining,Precious Metals,--,--
2163850D CN Equity,SILK ENERGY LTD,CA,Common Stock,10.92M,0,29.06M,--,Industrial Metals and Mining,Nonferrous Metals,Metals & Mining,Diversified Metals & Mining,Oil & Gas Supply Chain,Exploration & Production,--,--
LAT AU Equity,LATITUDE 66 LTD,AU,Common Stock,10.91M,1.80k,30.00M,--,Industrial Metals and Mining,General Mining,Metals & Mining,Gold,Metals & Mining,Base Metals,Copper,Copper Mining
BONE CN Equity,BORON ONE HOLDIN,CA,Common Stock,10.89M,0,12.13M,--,Industrial Metals and Mining,General Mining,Metals & Mining,Diversified Metals & Mining,Metals & Mining,Base Metals,--,--
RWD AU Equity,REWARD MINERALS,AU,Common Stock,10.89M,0,5.73M,--,Industrial Metals and Mining,General Mining,Chemicals,Fertilizers & Agricultural Chemicals,Metals & Mining,Mineral & Precious Stone Mining,Mineral Mining,"Potash, Soda, Borate"
GTC CN Equity,GETTY COPPER INC,CA,Common Stock,10.88M,0,8.37M,--,Industrial Metals and Mining,Nonferrous Metals,Metals & Mining,Diversified Metals & Mining,Metals & Mining,Base Metals,Copper,Copper Mining
RSRM BD Equity,RATANPUR STEEL R,BD,Common Stock,10.86M,23.00M,114.50M,--,Industrial Metals and Mining,Iron and Steel,Metals & Mining,Steel,Steel,Metal Svc Centers & Processors,--,--
BLGV CN Equity,BELGRAVIA HARTFO,CA,Common Stock,10.84M,5.53k,654.63k,--,Industrial Metals and Mining,General Mining,Professional Services,Research & Consulting Services,Asset Management,Investment Companies,Investment Holding Companies,--
ASLIND IN Equity,ASL INDUSTRIES L,IN,Common Stock,10.75M,11.57M,6.44M,--,Industrial Metals and Mining,Iron and Steel,--,--,Industrial Intermediate Prod,Fabricated Metal & Hardware,Fabricated Metal,Forging & Stamping
ALB AU Equity,ALBION RESOURCES,AU,Common Stock,10.66M,126.54k,2.69M,--,Industrial Metals and Mining,General Mining,Metals & Mining,Diversified Metals & Mining,Metals & Mining,Base Metals,--,--
BTM AU Equity,BREAKTHROUGH MIN,AU,Common Stock,10.66M,0,6.13M,--,Industrial Metals and Mining,Nonferrous Metals,Metals & Mining,Diversified Metals & Mining,Metals & Mining,Coal Mining,--,--
GT CN Equity,GT RESOURCES INC,CA,Common Stock,10.65M,0,10.54M,--,Industrial Metals and Mining,General Mining,Metals & Mining,Diversified Metals & Mining,Metals & Mining,Base Metals,--,--
STPL PA Equity,SIDDIQSONS TIN,PK,Common Stock,10.56M,27.25M,--,--,Industrial Metals and Mining,Nonferrous Metals,Metals & Mining,Aluminum,Industrial Intermediate Prod,Fabricated Metal & Hardware,--,--
NIO CN Equity,NIO STRATEGIC ME,CA,Common Stock,10.56M,9.41k,2.11M,--,Industrial Metals and Mining,General Mining,Metals & Mining,Diversified Metals & Mining,Metals & Mining,Mineral & Precious Stone Mining,--,--
SXL CN Equity,SLAM EXPLORATION,CA,Common Stock,10.53M,0,2.44M,--,Industrial Metals and Mining,General Mining,Metals & Mining,Diversified Metals & Mining,Metals & Mining,Precious Metals,--,--
RR1 AU Equity,REACH RESOURCES,AU,Common Stock,10.49M,0,14.23M,--,Industrial Metals and Mining,General Mining,Metals & Mining,Gold,Metals & Mining,Precious Metals,Gold,--
SMM AU Equity,SOMERSET MINERAL,AU,Common Stock,10.48M,0,4.01M,--,Industrial Metals and Mining,General Mining,Metals & Mining,Diversified Metals & Mining,Metals & Mining,Base Metals,Copper,--
ORP AU Equity,ORPHEUS URANIUM,AU,Common Stock,10.42M,0,7.67M,--,Industrial Metals and Mining,General Mining,Metals & Mining,Gold,Metals & Mining,Base Metals,Copper,Copper Mining
NWX CN Equity,NEWPORT EXPLORAT,CA,Common Stock,10.41M,0,2.97M,--,Industrial Metals and Mining,Nonferrous Metals,Metals & Mining,Diversified Metals & Mining,Metals & Mining,Base Metals,"Nickel, Lead & Zinc",Nickel
HRE AU Equity,HEAVY RARE EARTH,AU,Common Stock,10.40M,0,1.02M,--,Industrial Metals and Mining,General Mining,Metals & Mining,Diversified Metals & Mining,Metals & Mining,Mineral & Precious Stone Mining,Mineral Mining,Rare Earth
PLA CN Equity,PLATA LATINA MIN,CA,Common Stock,10.39M,0,344.06k,--,Industrial Metals and Mining,General Mining,Metals & Mining,Precious Metals & Minerals,Metals & Mining,Precious Metals,--,--
ONIXSOLA IN Equity,ONIX SOLAR ENERG,IN,Common Stock,10.37M,5.33M,7.38M,--,Industrial Metals and Mining,Nonferrous Metals,Trading Companies & Distributors,Trading Companies & Distributors,Gas & Water Utilities,Gas Utilities,Gas Distribution,Natural Gas Distributors
GW1 AU Equity,GREENWING RESOUR,AU,Common Stock,10.36M,0,24.89M,--,Industrial Metals and Mining,General Mining,Metals & Mining,Diversified Metals & Mining,Metals & Mining,Mineral & Precious Stone Mining,Mineral Mining,--
NWT SP Equity,NEW WAVE HOLDING,SG,Common Stock,10.22M,19.61M,25.92M,--,Industrial Metals and Mining,Aluminum,Trading Companies & Distributors,Trading Companies & Distributors,Steel,Metal Svc Centers & Processors,Steel Processors,--
AUV AU Equity,AURAVELLE METALS,AU,Common Stock,10.09M,--,2.47M,--,Industrial Metals and Mining,General Mining,Metals & Mining,Diversified Metals & Mining,Metals & Mining,Precious Metals,Gold,--
FRI CN Equity,FREEPORT RESOURC,CA,Common Stock,10.07M,0,2.89M,--,Industrial Metals and Mining,Nonferrous Metals,Metals & Mining,Diversified Metals & Mining,Metals & Mining,Mineral & Precious Stone Mining,--,--
FCM LN Equity,FIRST CLASS META,GB,Common Stock,10.06M,--,8.04M,--,Industrial Metals and Mining,General Mining,--,--,Metals & Mining,Mining Services,--,--
TN CN Equity,TARTISAN NICKEL,CA,Common Stock,10.04M,0,14.72M,--,Industrial Metals and Mining,General Mining,--,--,Metals & Mining,Base Metals,"Nickel, Lead & Zinc",--
TYX AU Equity,TYRANNA RESOURCE,AU,Common Stock,10.03M,0,8.10M,--,Industrial Metals and Mining,Iron and Steel,Metals & Mining,Steel,Metals & Mining,Iron,Iron Ore Mining,--
IB CN Equity,IBC ADVANCED,CA,Common Stock,10.02M,39.16M,36.77M,--,Industrial Metals and Mining,General Mining,Metals & Mining,Diversified Metals & Mining,Industrial Intermediate Prod,Fabricated Metal & Hardware,Fabricated Metal,Metal Coat & Treating
SCN AU Equity,SCORPION MINERAL,AU,Common Stock,9.96M,0,5.92M,--,Industrial Metals and Mining,General Mining,Metals & Mining,Diversified Metals & Mining,Metals & Mining,Base Metals,Copper,Copper Mining
KOB AU Equity,KOBA RESOURCES L,AU,Common Stock,9.94M,99.98k,14.70M,--,Industrial Metals and Mining,General Mining,Metals & Mining,Diversified Metals & Mining,Metals & Mining,Base Metals,--,--
TEM AU Equity,TEMPEST MINERALS,AU,Common Stock,9.92M,59.93k,10.83M,--,Industrial Metals and Mining,General Mining,Metals & Mining,Diversified Metals & Mining,Metals & Mining,Mineral & Precious Stone Mining,--,--
AMG LN Equity,ATLAS METALS GRO,GB,Common Stock,9.84M,0,2.04M,2,Industrial Metals and Mining,General Mining,Metals & Mining,Diversified Metals & Mining,Asset Management,Investment Companies,--,--
ATN LN Equity,ATERIAN PLC,GB,Common Stock,9.83M,0,7.49M,21,Industrial Metals and Mining,General Mining,--,--,Metals & Mining,Mineral & Precious Stone Mining,Mineral Mining,--
CCMI CN Equity,CANADIAN CRITICA,CA,Common Stock,9.83M,545.56k,15.35M,--,Industrial Metals and Mining,General Mining,Metals & Mining,Diversified Metals & Mining,Metals & Mining,Precious Metals,--,--
BONLON IN Equity,BONLON INDUSTRIE,IN,Common Stock,9.79M,112.29M,24.05M,57,Industrial Metals and Mining,Copper,Metals & Mining,Copper,Metals & Mining,Base Metals,Copper,--
NIS IN Equity,NOVA IRON & STL,IN,Common Stock,9.77M,75.66M,57.35M,297,Industrial Metals and Mining,Iron and Steel,Metals & Mining,Steel,Steel,Steel Producers,--,--
YUG AU Equity,YUGO METALS LTD,AU,Common Stock,9.73M,--,2.63M,--,Industrial Metals and Mining,General Mining,Metals & Mining,Diversified Metals & Mining,Metals & Mining,Mineral & Precious Stone Mining,Mineral Mining,--
GR CN Equity,GREAT ATLANTIC,CA,Common Stock,9.70M,0,407.18k,--,Industrial Metals and Mining,General Mining,Metals & Mining,Diversified Metals & Mining,Metals & Mining,Base Metals,--,--
HLX AU Equity,HELIX RESOURCES,AU,Common Stock,9.70M,0,21.88M,--,Industrial Metals and Mining,General Mining,Metals & Mining,Diversified Metals & Mining,Metals & Mining,Iron,Iron Ore Mining,--
CR1 AU Equity,CONSTELLATION RE,AU,Common Stock,9.65M,0,691.81k,--,Industrial Metals and Mining,General Mining,Metals & Mining,Diversified Metals & Mining,Metals & Mining,Mineral & Precious Stone Mining,--,--
CRIT CN Equity,SUPREME CRITICAL,CA,Common Stock,9.61M,0,588.95k,--,Industrial Metals and Mining,General Mining,Metals & Mining,Diversified Metals & Mining,Metals & Mining,Base Metals,--,--
OLY AU Equity,OLYMPIO METALS L,NZ,Common Stock,9.60M,0,2.17M,--,Industrial Metals and Mining,General Mining,Metals & Mining,Gold,Metals & Mining,Precious Metals,Gold,--
LCL AU Equity,LCL RESOURCES LT,AU,Common Stock,9.59M,59.33k,16.61M,--,Industrial Metals and Mining,General Mining,Metals & Mining,Diversified Metals & Mining,Metals & Mining,Precious Metals,Gold,--
REX CN Equity,OREX MINERALS IN,CA,Common Stock,9.52M,0,3.24M,--,Industrial Metals and Mining,General Mining,Metals & Mining,Diversified Metals & Mining,Metals & Mining,Precious Metals,--,--
FUL AU Equity,FULCRUM LITHIUM,AU,Common Stock,9.52M,0,2.93M,--,Industrial Metals and Mining,Nonferrous Metals,Metals & Mining,Diversified Metals & Mining,Metals & Mining,Mineral & Precious Stone Mining,Mineral Mining,Lithium
SLA AU Equity,SOLARA MINERALS,AU,Common Stock,9.48M,0,6.96M,--,Industrial Metals and Mining,General Mining,Metals & Mining,Diversified Metals & Mining,Metals & Mining,Base Metals,--,--
PFE AU Equity,PANTERA LITHIUM,AU,Common Stock,9.48M,--,14.25M,--,Industrial Metals and Mining,General Mining,Metals & Mining,Diversified Metals & Mining,Metals & Mining,Iron,Iron Ore Mining,--
BTT CN Equity,BITTERROOT RESOU,CA,Common Stock,9.46M,0,6.41M,--,Industrial Metals and Mining,Nonferrous Metals,Metals & Mining,Diversified Metals & Mining,Metals & Mining,Base Metals,--,--
STME US Equity,STIMCELL ENERGET,CA,Common Stock,9.33M,0,33.03k,--,Industrial Metals and Mining,General Mining,Health Care Equipment & Supplies,Health Care Equipment,Medical Equipment & Devices,Medical Devices,--,--
VZZ CN Equity,VAL-D'OR MINING,CA,Common Stock,9.32M,274.00k,5.88M,--,Industrial Metals and Mining,Nonferrous Metals,Metals & Mining,Diversified Metals & Mining,Metals & Mining,Base Metals,--,--
MIO AU Equity,MACARTHUR MINERA,AU,Common Stock,9.24M,0,67.69M,--,Industrial Metals and Mining,General Mining,Metals & Mining,Diversified Metals & Mining,Metals & Mining,Iron,Iron Ore Mining,--
CAN CN Equity,CANADIAN GOLD RE,CA,Common Stock,9.24M,0,6.05M,--,Industrial Metals and Mining,General Mining,--,--,Metals & Mining,Precious Metals,Gold,--
QEM AU Equity,QEM LTD,AU,Common Stock,9.22M,2.86M,2.32M,--,Industrial Metals and Mining,General Mining,Metals & Mining,Diversified Metals & Mining,Metals & Mining,Mineral & Precious Stone Mining,--,--
PAML IN Equity,PALCO METALS LTD,IN,Common Stock,9.22M,44.63M,14.51M,--,Industrial Metals and Mining,Aluminum,--,--,Metals & Mining,Base Metals,Aluminum,Aluminum Smelting & Refining
CHNR US Equity,CHINA NATURAL RE,HK,Common Stock,9.20M,0,57.79M,--,Industrial Metals and Mining,Nonferrous Metals,Metals & Mining,Diversified Metals & Mining,Metals & Mining,Base Metals,--,--
SFIL IN Equity,SMITHS & FOUNDER,IN,Common Stock,9.20M,2.40M,4.18M,--,Industrial Metals and Mining,Iron and Steel,Metals & Mining,Steel,Industrial Intermediate Prod,Fabricated Metal & Hardware,Fabricated Metal,Forging & Stamping
BPM AU Equity,BPM MINERALS LTD,AU,Common Stock,9.17M,--,6.42M,--,Industrial Metals and Mining,General Mining,Metals & Mining,Diversified Metals & Mining,Metals & Mining,Precious Metals,Gold,--
HAR CN Equity,HARFANG EXPLORAT,CA,Common Stock,9.15M,0,17.61M,--,Industrial Metals and Mining,General Mining,Metals & Mining,Gold,Metals & Mining,Mineral & Precious Stone Mining,Mineral Mining,--
RSDE IN Equity,RASANDIK ENGR,IN,Common Stock,9.12M,11.28M,29.19M,75,Industrial Metals and Mining,Iron and Steel,Automobile Components,Automotive Parts & Equipment,Automotive,Auto Parts,Auto Metal Stamping,--
601 HK Equity,RARE EARTH MAGNE,HK,Common Stock,9.12M,47.17M,213.38M,--,Industrial Metals and Mining,Nonferrous Metals,Metals & Mining,Diversified Metals & Mining,Metals & Mining,Base Metals,--,--
SMS AU Equity,STAR MINERALS LT,AU,Common Stock,9.09M,0,6.59M,--,Industrial Metals and Mining,General Mining,Metals & Mining,Diversified Metals & Mining,Metals & Mining,Precious Metals,--,--
L1M AU Equity,LIGHTNING MINERA,AU,Common Stock,9.08M,63.22k,7.60M,--,Industrial Metals and Mining,General Mining,Metals & Mining,Diversified Metals & Mining,Metals & Mining,Mineral & Precious Stone Mining,Mineral Mining,--
CSG CN Equity,COSIGO RESOURCES,CA,Common Stock,9.07M,0,211.92k,--,Industrial Metals and Mining,General Mining,Metals & Mining,Gold,Metals & Mining,Precious Metals,Gold,--
INAI IJ Equity,INDAL ALUMINIUM,ID,Common Stock,9.05M,101.27M,123.38M,2k,Industrial Metals and Mining,Aluminum,Metals & Mining,Aluminum,Metals & Mining,Base Metals,Aluminum,Bauxite Mining
FNQ CN Equity,FINEQIA INTERNAT,CA,Common Stock,9.04M,577.43k,48.64M,--,Industrial Metals and Mining,General Mining,Capital Markets,Financial Exchanges & Data,Institutional Financial Svcs,Institutional Brokerage,--,--
DIZ PM Equity,DIZON COPPER-SIL,PH,Common Stock,9.02M,0,1.82M,--,Industrial Metals and Mining,General Mining,Metals & Mining,Diversified Metals & Mining,Metals & Mining,Base Metals,Copper,Copper Mining
SUI CN Equity,SUPERIOR MINING,CA,Common Stock,9.01M,0,7.12M,--,Industrial Metals and Mining,General Mining,Metals & Mining,Diversified Metals & Mining,Metals & Mining,Precious Metals,Gold,--
SAM TB Equity,SAMCHAI STEEL IN,TH,Common Stock,8.98M,302.89M,187.24M,--,Industrial Metals and Mining,Iron and Steel,Metals & Mining,Steel,Steel,Steel Producers,"Long, Pipe & Tubular",Pipe & Tubular
BCU CN Equity,BELL COPPER CORP,CA,Common Stock,8.97M,0,14.12M,--,Industrial Metals and Mining,Nonferrous Metals,Metals & Mining,Copper,Metals & Mining,Base Metals,Copper,--
FFU CN Equity,F4 URANIUM CORP,CA,Common Stock,8.97M,--,--,--,Industrial Metals and Mining,General Mining,--,--,Metals & Mining,Base Metals,Uranium,--
THB AU Equity,THUNDERBIRD RESO,AU,Common Stock,8.96M,0,17.23M,--,Industrial Metals and Mining,Copper,Metals & Mining,Diversified Metals & Mining,Metals & Mining,Base Metals,Uranium,--
MTLC IN Equity,METAL COATINGS,IN,Common Stock,8.93M,28.21M,9.94M,65,Industrial Metals and Mining,Iron and Steel,Metals & Mining,Steel,Steel,Steel Producers,--,--
TTRAN IN Equity,TARAPUR TRANSFOR,IN,Common Stock,8.92M,0,2.24M,7,Industrial Metals and Mining,Iron and Steel,Electrical Equipment,Heavy Electrical Equipment,Electrical Equipment,Electrical Power Equipment,Power Generation Equipment,--
ERL AU Equity,EMPIRE RESOURCES,AU,Common Stock,8.90M,0,803.95k,--,Industrial Metals and Mining,General Mining,Metals & Mining,Diversified Metals & Mining,Metals & Mining,Base Metals,--,--
NOR AU Equity,NORWOOD SYSTEMS,AU,Common Stock,8.77M,1.90M,1.43M,--,Industrial Metals and Mining,General Mining,Software,Application Software,Telecommunications,Wireless Telecommunications,Wireless Service Providers,Mobile Phone Services
GRL LN Equity,GOLDSTONE RES,JE,Common Stock,8.75M,7.51M,39.07M,--,Industrial Metals and Mining,General Mining,Metals & Mining,Gold,Metals & Mining,Precious Metals,Gold,--
GRI CN Equity,GALORE RESOURCES,CA,Common Stock,8.74M,0,13.90M,--,Industrial Metals and Mining,General Mining,Metals & Mining,Diversified Metals & Mining,Metals & Mining,Precious Metals,--,--
TMB AU Equity,TAMBOURAH METALS,AU,Common Stock,8.71M,140.60k,8.45M,--,Industrial Metals and Mining,General Mining,Metals & Mining,Diversified Metals & Mining,Metals & Mining,Precious Metals,Gold,--
LORD CN Equity,ST JAMES GOLD CO,CA,Common Stock,8.71M,0,99.18k,--,Industrial Metals and Mining,General Mining,Metals & Mining,Gold,Metals & Mining,Precious Metals,Gold,--
BLZ AU Equity,BLAZE MINERALS L,AU,Common Stock,8.63M,0,4.26M,--,Industrial Metals and Mining,General Mining,"Oil, Gas & Consumable Fuels",Coal & Consumable Fuels,Metals & Mining,Base Metals,--,--
GANGAFOR IN Equity,GANGA FORGING LT,IN,Common Stock,8.61M,7.84M,10.99M,51,Industrial Metals and Mining,Metal Fabricating,Metals & Mining,Steel,Automotive,Auto Parts,--,--
TMET CN Equity,TORR METALS INC,CA,Common Stock,8.59M,0,2.00M,--,Industrial Metals and Mining,General Mining,--,--,Specialty Finance,Other Financial Services,--,--
ITTEFAQ PA Equity,ITTEFAQ IRON IND,PK,Common Stock,8.51M,12.26M,33.39M,--,Industrial Metals and Mining,Iron and Steel,Metals & Mining,Steel,Steel,Steel Producers,--,--
CFIL IN Equity,CHENNAI FERROUS,IN,Common Stock,8.51M,39.75M,15.10M,5,Industrial Metals and Mining,Iron and Steel,--,--,Steel,Steel Producers,--,--
CELL CN Equity,GRID BATTERY MET,CA,Common Stock,8.47M,0,9.12M,--,Industrial Metals and Mining,General Mining,Metals & Mining,Diversified Metals & Mining,Metals & Mining,Mineral & Precious Stone Mining,Mineral Mining,Lithium
BEM CN Equity,BRASNOVA ENERGY,CA,Common Stock,8.47M,0,24.10k,--,Industrial Metals and Mining,General Mining,--,--,Metals & Mining,Base Metals,--,--
NI PM Equity,NIHAO MINERAL RE,PH,Common Stock,8.46M,0,7.73M,--,Industrial Metals and Mining,Nonferrous Metals,Metals & Mining,Diversified Metals & Mining,Metals & Mining,Base Metals,"Nickel, Lead & Zinc",Nickel
AUG AU Equity,AUGUSTUS MINERAL,AU,Common Stock,8.46M,--,13.87M,--,Industrial Metals and Mining,General Mining,Metals & Mining,Diversified Metals & Mining,Metals & Mining,Mineral & Precious Stone Mining,Mineral Mining,--
MBK AU Equity,METAL BANK LTD,AU,Common Stock,8.46M,0,16.27M,--,Industrial Metals and Mining,General Mining,Metals & Mining,Diversified Metals & Mining,Metals & Mining,Precious Metals,--,--
PL3 AU Equity,PATAGONIA LITHIU,AU,Common Stock,8.42M,41.93k,10.98M,--,Industrial Metals and Mining,Nonferrous Metals,Metals & Mining,Diversified Metals & Mining,Metals & Mining,Mineral & Precious Stone Mining,Mineral Mining,Lithium
ZON CN Equity,ZONTE METALS INC,CA,Common Stock,8.42M,0,6.56M,--,Industrial Metals and Mining,General Mining,--,--,Metals & Mining,Precious Metals,Gold,--
VRL AU Equity,VERITY RESOURCES,AU,Common Stock,8.40M,0,1.75M,--,Industrial Metals and Mining,General Mining,Metals & Mining,Diversified Metals & Mining,Metals & Mining,Base Metals,--,--
YAR AU Equity,YARI MINERALS LT,AU,Common Stock,8.39M,--,2.33M,--,Industrial Metals and Mining,Nonferrous Metals,Metals & Mining,Diversified Metals & Mining,Metals & Mining,Base Metals,Uranium,--
ADD AU Equity,ADAVALE RESOURCE,AU,Common Stock,8.33M,103.64k,360.69k,--,Industrial Metals and Mining,General Mining,Metals & Mining,Diversified Metals & Mining,Metals & Mining,Base Metals,Uranium,--
CMO AU Equity,COSMO METALS LTD,AU,Common Stock,8.32M,0,12.09M,--,Industrial Metals and Mining,General Mining,Metals & Mining,Diversified Metals & Mining,Metals & Mining,Base Metals,--,--
SHA VN Equity,SON HA SAI GON J,VN,Common Stock,8.30M,69.04M,67.16M,372,Industrial Metals and Mining,Iron and Steel,Machinery,Industrial Machinery & Supplies & Components,Industrial Intermediate Prod,Fabricated Metal & Hardware,--,--
ZDPY US Equity,ZONED PROPERTIES,US,Common Stock,8.30M,5.75M,26.16M,--,Industrial Metals and Mining,General Mining,Real Estate Management & Development,Real Estate Operating Companies,Real Estate Owners & Developers,Multi Asset Class Own & Develop,--,--
DWTZ CN Equity,DATA WATTS PARTN,CA,Common Stock,8.28M,0,1.78M,--,Industrial Metals and Mining,General Mining,Capital Markets,Asset Management & Custody Banks,Asset Management,Investment Companies,Investment Holding Companies,--
RKB AU Equity,ROKEBY RESOURCES,AU,Common Stock,8.22M,0,10.59M,--,Industrial Metals and Mining,Nonferrous Metals,Metals & Mining,Diversified Metals & Mining,Metals & Mining,Base Metals,"Nickel, Lead & Zinc",Nickel
XIM CN Equity,XIMEN MINING COR,CA,Common Stock,8.19M,--,2.44M,--,Industrial Metals and Mining,General Mining,Metals & Mining,Gold,Metals & Mining,Mineral & Precious Stone Mining,--,--
CNCO CN Equity,CORE NICKEL CORP,CA,Common Stock,8.19M,0,3.49M,--,Industrial Metals and Mining,General Mining,--,--,Metals & Mining,Base Metals,"Nickel, Lead & Zinc",Nickel
RATH IN Equity,RATHI BARS LTD,IN,Common Stock,8.18M,90.06M,36.55M,--,Industrial Metals and Mining,Iron and Steel,Metals & Mining,Steel,Steel,Steel Producers,"Long, Pipe & Tubular",Pipe & Tubular
MKR CN Equity,MELKIOR RESOURCE,CA,Common Stock,8.17M,0,17.54M,--,Industrial Metals and Mining,General Mining,Metals & Mining,Diversified Metals & Mining,Metals & Mining,Precious Metals,Gold,--
PVT AU Equity,PIVOTAL METALS L,AU,Common Stock,8.17M,83.14k,15.14M,9,Industrial Metals and Mining,General Mining,Metals & Mining,Diversified Metals & Mining,Metals & Mining,Base Metals,--,--
BAG CN Equity,BLENDE SILVER CO,CA,Common Stock,8.16M,0,3.50M,--,Industrial Metals and Mining,General Mining,Metals & Mining,Diversified Metals & Mining,Metals & Mining,Base Metals,"Nickel, Lead & Zinc",--
VCA VN Equity,VNSTEEL-VICASA J,VN,Common Stock,8.15M,82.20M,20.30M,273,Industrial Metals and Mining,Iron and Steel,Metals & Mining,Steel,Steel,Steel Producers,--,--
INF AU Equity,INFINITY METALS,AU,Common Stock,8.15M,623.00k,56.14M,--,Industrial Metals and Mining,General Mining,Metals & Mining,Diversified Metals & Mining,Metals & Mining,Mineral & Precious Stone Mining,Mineral Mining,Lithium
MSC IN Equity,MARDIA SAMYOUNG,IN,Common Stock,8.15M,0,1.26M,--,Industrial Metals and Mining,Nonferrous Metals,Metals & Mining,Diversified Metals & Mining,Steel,Steel Producers,"Long, Pipe & Tubular",Pipe & Tubular
NAE AU Equity,NEW AGE EXPLORAT,AU,Common Stock,8.12M,804.92k,6.28M,--,Industrial Metals and Mining,General Mining,"Oil, Gas & Consumable Fuels",Coal & Consumable Fuels,Metals & Mining,Coal Mining,Thermal Coal,--
NRN CN Equity,NORTHERN SHIELD,CA,Common Stock,8.08M,0,3.34M,--,Industrial Metals and Mining,General Mining,Metals & Mining,Diversified Metals & Mining,Metals & Mining,Precious Metals,Platinum Group,--
BFG CN Equity,GIANT MINING COR,CA,Common Stock,8.05M,0,12.70M,--,Industrial Metals and Mining,General Mining,Metals & Mining,Diversified Metals & Mining,Metals & Mining,Base Metals,Copper,--
BUS AU Equity,BUBALUS RESOURCE,AU,Common Stock,8.03M,--,4.71M,--,Industrial Metals and Mining,General Mining,Metals & Mining,Diversified Metals & Mining,Metals & Mining,Mineral & Precious Stone Mining,Mineral Mining,--
NTH CN Equity,NORD PRECIOUS ME,CA,Common Stock,8.01M,0,2.49M,--,Industrial Metals and Mining,General Mining,Metals & Mining,Diversified Metals & Mining,Metals & Mining,Precious Metals,Silver,--
PLN AU Equity,PIONEER LITHIUM,AU,Common Stock,7.99M,0,4.70M,--,Industrial Metals and Mining,Nonferrous Metals,Metals & Mining,Diversified Metals & Mining,Metals & Mining,Mineral & Precious Stone Mining,Mineral Mining,Lithium
SRK AU Equity,STRIKE RESOURCES,AU,Common Stock,7.95M,0,7.86M,--,Industrial Metals and Mining,Iron and Steel,Metals & Mining,Steel,Metals & Mining,Iron,Iron Ore Mining,--
CFE CN Equity,CARTIER SILVER C,CA,Common Stock,7.94M,0,2.72M,--,Industrial Metals and Mining,General Mining,--,--,Metals & Mining,Precious Metals,--,--
CFTN US Equity,CLIFTON MINING,US,Common Stock,7.94M,--,--,--,Industrial Metals and Mining,General Mining,--,--,Metals & Mining,Base Metals,--,--
XRA AU Equity,XENORA MINERALS,AU,Common Stock,7.94M,0,10.30M,--,Industrial Metals and Mining,General Mining,Metals & Mining,Diversified Metals & Mining,Metals & Mining,Base Metals,--,--
NRX AU Equity,NORONEX LTD,AU,Common Stock,7.92M,0,3.81M,--,Industrial Metals and Mining,Copper,Metals & Mining,Copper,Metals & Mining,Mineral & Precious Stone Mining,--,--
EG1 AU Equity,EVERGREEN LITHIU,AU,Common Stock,7.89M,--,16.89M,--,Industrial Metals and Mining,Nonferrous Metals,Metals & Mining,Diversified Metals & Mining,Metals & Mining,Mineral & Precious Stone Mining,Mineral Mining,Lithium
PR1 AU Equity,PURE RESOURCES L,AU,Common Stock,7.82M,40.34k,2.87M,--,Industrial Metals and Mining,General Mining,Metals & Mining,Diversified Metals & Mining,Metals & Mining,Mineral & Precious Stone Mining,Mineral Mining,--
EV1 AU Equity,EVOLUTION ENERGY,AU,Common Stock,7.82M,--,8.78M,--,Industrial Metals and Mining,General Mining,Metals & Mining,Diversified Metals & Mining,Metals & Mining,Mineral & Precious Stone Mining,Mineral Mining,--
SAGARDEE IN Equity,SAGARDEEP ALLOYS,IN,Common Stock,7.81M,18.33M,7.69M,2,Industrial Metals and Mining,Nonferrous Metals,--,--,Industrial Intermediate Prod,Fabricated Metal & Hardware,--,--
MCOM SP Equity,META HEALTH LTD,SG,Common Stock,7.81M,277.82k,1.90M,--,Industrial Metals and Mining,Metal Fabricating,Health Care Providers & Services,Health Care Services,Retail - Consumer Staples,Food & Drug Stores,Pharmacies & Drug Stores,--
IMEC IN Equity,IMEC SERVICES LT,IN,Common Stock,7.81M,5.12M,5.88M,--,Industrial Metals and Mining,Iron and Steel,Professional Services,Research & Consulting Services,Steel,Steel Producers,--,--
CME CN Equity,CANADIAN METALS,CA,Common Stock,7.80M,0,14.03M,--,Industrial Metals and Mining,General Mining,--,--,Metals & Mining,Mineral & Precious Stone Mining,--,--
MIC VN Equity,QUANG NAM MINERA,VN,Common Stock,7.79M,13.95M,11.06M,97,Industrial Metals and Mining,General Mining,Metals & Mining,Diversified Metals & Mining,Construction Materials,Building Materials,Sundry Building Products,Nonmetal Mineral Products
ORS CN Equity,ORESTONE MINING,CA,Common Stock,7.79M,0,3.64M,--,Industrial Metals and Mining,General Mining,Metals & Mining,Diversified Metals & Mining,Metals & Mining,Precious Metals,Gold,--
RUSH CN Equity,CAROLINA RUSH CO,CA,Common Stock,7.75M,4.27k,1.39M,--,Industrial Metals and Mining,Nonferrous Metals,Metals & Mining,Diversified Metals & Mining,Metals & Mining,Precious Metals,Gold,--
NME AU Equity,NEX METALS EXPLO,AU,Common Stock,7.71M,0,909.68k,--,Industrial Metals and Mining,General Mining,Metals & Mining,Diversified Metals & Mining,Metals & Mining,Precious Metals,Gold,--
APN CN Equity,ALTIPLANO METALS,CA,Common Stock,7.71M,4.88M,5.99M,--,Industrial Metals and Mining,General Mining,Metals & Mining,Diversified Metals & Mining,Metals & Mining,Precious Metals,--,--
ASHOKAME IN Equity,ASHOKA METCAST L,IN,Common Stock,7.65M,7.07M,26.76M,1,Industrial Metals and Mining,Iron and Steel,Trading Companies & Distributors,Trading Companies & Distributors,Steel,Steel Producers,--,--
AZR CN Equity,AZARGA METALS CO,CA,Common Stock,7.58M,0,594.65k,--,Industrial Metals and Mining,Nonferrous Metals,Metals & Mining,Diversified Metals & Mining,Metals & Mining,Base Metals,Uranium,--
VERT CN Equity,VERTICAL EXPLORA,CA,Common Stock,7.54M,0,6.73M,--,Industrial Metals and Mining,General Mining,--,--,Oil & Gas Supply Chain,Exploration & Production,--,--
GR8 AU Equity,GREAT DIRT RESOU,AU,Common Stock,7.49M,--,4.27M,--,Industrial Metals and Mining,General Mining,Metals & Mining,Diversified Metals & Mining,Metals & Mining,Base Metals,Manganese,--
FCI CN Equity,FIRST CANADIAN G,CA,Common Stock,7.46M,0,1.76M,--,Industrial Metals and Mining,General Mining,Metals & Mining,Diversified Metals & Mining,Metals & Mining,Mineral & Precious Stone Mining,Mineral Mining,--
NOBL CN Equity,NOBLE PLAINS URA,CA,Common Stock,7.44M,0,364.63k,--,Industrial Metals and Mining,General Mining,--,--,Real Estate Owners & Developers,Specialty Owners & Developers,--,--
ALCOI FP Equity,COIL,BE,Common Stock,7.44M,36.33M,48.20M,--,Industrial Metals and Mining,Aluminum,Metals & Mining,Aluminum,Industrial Intermediate Prod,Fabricated Metal & Hardware,Fabricated Metal,Metal Coat & Treating
C1X AU Equity,COSMOS EXPLORATI,AU,Common Stock,7.38M,0,6.33M,--,Industrial Metals and Mining,General Mining,Metals & Mining,Diversified Metals & Mining,Metals & Mining,Base Metals,--,--
PROFK GA Equity,GIRAKIAN PROFIL,GR,Common Stock,7.36M,42.15M,58.70M,59,Industrial Metals and Mining,Iron and Steel,Metals & Mining,Steel,Steel,Steel Producers,"Long, Pipe & Tubular",Pipe & Tubular
ATG VN Equity,AN TRUONG AN JSC,VN,Common Stock,7.33M,817.17k,542.79k,2,Industrial Metals and Mining,Iron and Steel,Metals & Mining,Diversified Metals & Mining,Metals & Mining,Base Metals,--,--
KNI AU Equity,KUNIKO LTD,AU,Common Stock,7.32M,0,12.65M,--,Industrial Metals and Mining,General Mining,Metals & Mining,Diversified Metals & Mining,Metals & Mining,Base Metals,--,--
CML AU Equity,CONNECTED MINERA,AU,Common Stock,7.31M,--,1.26M,--,Industrial Metals and Mining,General Mining,Communications Equipment,Communications Equipment,Metals & Mining,Base Metals,Uranium,--
PKY AU Equity,PATHKEY AI LTD,AU,Common Stock,7.27M,27.78k,513.28k,--,Industrial Metals and Mining,General Mining,Software,Application Software,Software,Application Software,Specialty Software,--
IP CN Equity,IMAGINEAR INC,CA,Common Stock,7.26M,50.74k,168.18k,--,Industrial Metals and Mining,General Mining,--,--,Software,Application Software,--,--
SDR CN Equity,STROUD RESOURCES,CA,Common Stock,7.26M,28.86k,84.95k,--,Industrial Metals and Mining,General Mining,Metals & Mining,Precious Metals & Minerals,Oil & Gas Supply Chain,Exploration & Production,Crude Oil & Natural Gas E&P,--
GCCP SP Equity,GCCP RESOURCES L,MY,Common Stock,7.25M,375.09k,21.05M,--,Industrial Metals and Mining,General Mining,Construction Materials,Construction Materials,Construction Materials,Building Materials,Stone Building Products,Limestone
CRCL CN Equity,CORCEL EXPLORATI,CA,Common Stock,7.24M,--,--,--,Industrial Metals and Mining,General Mining,--,--,Metals & Mining,Mining Services,--,--
GGM CN Equity,GRANADA GOLD MIN,CA,Common Stock,7.23M,0,933.37k,--,Industrial Metals and Mining,General Mining,Metals & Mining,Gold,Metals & Mining,Precious Metals,Gold,--
ENT AU Equity,ENTERPRISE METAL,AU,Common Stock,7.21M,0,5.96M,--,Industrial Metals and Mining,General Mining,Metals & Mining,Diversified Metals & Mining,Metals & Mining,Precious Metals,Gold,--
HAIL IN Equity,HIND ALUM IND LT,IN,Common Stock,7.20M,557.12k,15.87M,3,Industrial Metals and Mining,Aluminum,Metals & Mining,Aluminum,Metals & Mining,Base Metals,--,--
ELFG IN Equity,EL FORGE LTD,IN,Common Stock,7.16M,13.82M,7.35M,152,Industrial Metals and Mining,Iron and Steel,Metals & Mining,Steel,Industrial Intermediate Prod,Fabricated Metal & Hardware,Fabricated Metal,Forging & Stamping
MGMA CN Equity,MAGMA SILVER COR,CA,Common Stock,7.16M,0,36.74k,--,Industrial Metals and Mining,General Mining,Metals & Mining,Diversified Metals & Mining,Metals & Mining,Base Metals,--,--
DBO AU Equity,DIABLO RESOURCES,AU,Common Stock,7.07M,0,821.63k,--,Industrial Metals and Mining,General Mining,Metals & Mining,Diversified Metals & Mining,Metals & Mining,Mineral & Precious Stone Mining,Mineral Mining,--
TAT AU Equity,TARTANA MINERALS,AU,Common Stock,7.07M,1.74M,12.44M,--,Industrial Metals and Mining,General Mining,Metals & Mining,Diversified Metals & Mining,Metals & Mining,Base Metals,--,--
RB6 AU Equity,RUBIX RESOURCES,AU,Common Stock,7.07M,0,2.38M,--,Industrial Metals and Mining,General Mining,Metals & Mining,Diversified Metals & Mining,Metals & Mining,Base Metals,--,--
STOWER TB Equity,SKY TOWER PCL,TH,Common Stock,7.06M,15.95M,43.32M,--,Industrial Metals and Mining,Iron and Steel,Construction & Engineering,Construction & Engineering,Engineering & Construction,Infrastructure Construction,--,--
KGC CN Equity,KESTREL GOLD INC,CA,Common Stock,7.06M,0,1.26M,--,Industrial Metals and Mining,General Mining,--,--,Metals & Mining,Precious Metals,Gold,--
CPO AU Equity,CULPEO MINERALS,AU,Common Stock,7.03M,7.40k,5.05M,--,Industrial Metals and Mining,General Mining,Metals & Mining,Copper,Metals & Mining,Base Metals,--,--
KFM AU Equity,KINGFISHER MININ,AU,Common Stock,7.02M,621.42k,4.04M,883,Industrial Metals and Mining,General Mining,Metals & Mining,Diversified Metals & Mining,Metals & Mining,Mineral & Precious Stone Mining,Mineral Mining,--
NGRC US Equity,NATIONAL GRAPHIT,US,Common Stock,7.02M,0,40.31k,--,Industrial Metals and Mining,General Mining,Biotechnology,Biotechnology,Metals & Mining,Precious Metals,Silver,--
1MC AU Equity,MORELLA CORP LTD,AU,Common Stock,7.00M,526.20k,12.87M,--,Industrial Metals and Mining,General Mining,Metals & Mining,Diversified Metals & Mining,Metals & Mining,Mineral & Precious Stone Mining,Mineral Mining,Lithium
DST CN Equity,DUNDEE SUSTAINAB,CA,Common Stock,6.98M,2.27M,1.06M,--,Industrial Metals and Mining,General Mining,--,--,Metals & Mining,Mineral & Precious Stone Mining,--,--
XRTX CN Equity,XORTX THERAPEUTI,CA,Common Stock,6.96M,0,6.62M,--,Industrial Metals and Mining,General Mining,Pharmaceuticals,Pharmaceuticals,Biotech & Pharma,Biotech,--,--
RAGE CN Equity,RENEGADE GOLD IN,CA,Common Stock,6.92M,0,21.70M,--,Industrial Metals and Mining,General Mining,Metals & Mining,Gold,Metals & Mining,Precious Metals,Gold,--
BSN AU Equity,BASIN ENERGY LTD,AU,Common Stock,6.91M,0,11.13M,--,Industrial Metals and Mining,General Mining,"Oil, Gas & Consumable Fuels",Coal & Consumable Fuels,Metals & Mining,Base Metals,Uranium,--
AERO CN Equity,AERO ENERGY LTD,CA,Common Stock,6.89M,0,10.05M,--,Industrial Metals and Mining,General Mining,"Oil, Gas & Consumable Fuels",Coal & Consumable Fuels,Metals & Mining,Precious Metals,Gold,--
QREE CN Equity,QUEBEC RARE EART,CA,Common Stock,6.89M,0,3.53M,--,Industrial Metals and Mining,General Mining,Metals & Mining,Precious Metals & Minerals,Metals & Mining,Precious Metals,--,--
NAR CN Equity,NORTH ARROW MINE,CA,Common Stock,6.89M,0,21.07M,--,Industrial Metals and Mining,General Mining,Metals & Mining,Precious Metals & Minerals,Metals & Mining,Precious Metals,Gold,--
MUR CN Equity,MURCHISON MINERA,CA,Common Stock,6.83M,0,993.62k,--,Industrial Metals and Mining,General Mining,--,--,Metals & Mining,Base Metals,--,--
PAT AU Equity,PATRIOT RESOURCE,AU,Common Stock,6.77M,17.91k,4.50M,--,Industrial Metals and Mining,Nonferrous Metals,Metals & Mining,Diversified Metals & Mining,Metals & Mining,Mineral & Precious Stone Mining,Mineral Mining,Lithium
HUNT CN Equity,GOLD HUNTER RESO,CA,Common Stock,6.75M,0,6.50M,--,Industrial Metals and Mining,General Mining,--,--,Metals & Mining,Mineral & Precious Stone Mining,Mineral Mining,--
PRS AU Equity,PROSPECH LTD,AU,Common Stock,6.66M,0,11.96M,--,Industrial Metals and Mining,General Mining,Metals & Mining,Diversified Metals & Mining,Metals & Mining,Precious Metals,--,--
ARSI IN Equity,ASHIRWAD STEELS,IN,Common Stock,6.65M,327.47k,15.57M,--,Industrial Metals and Mining,Iron and Steel,Financial Services,Specialized Finance,Metals & Mining,Iron,Iron Foundries,--
BM CN Equity,BC MOLY LTD,CA,Common Stock,6.64M,0,840.02k,--,Industrial Metals and Mining,General Mining,Metals & Mining,Diversified Metals & Mining,Metals & Mining,Base Metals,Molybdenum,--
BUR AU Equity,BURLEY MINERALS,AU,Common Stock,6.63M,0,17.26M,--,Industrial Metals and Mining,General Mining,Metals & Mining,Diversified Metals & Mining,Metals & Mining,Iron,--,--
KLI AU Equity,KILLI RESOURCES,AU,Common Stock,6.59M,--,2.93M,--,Industrial Metals and Mining,General Mining,Metals & Mining,Diversified Metals & Mining,Metals & Mining,Precious Metals,--,--
DEC CN Equity,DECADE RESOURCES,CA,Common Stock,6.57M,0,11.53M,--,Industrial Metals and Mining,General Mining,Metals & Mining,Diversified Metals & Mining,Metals & Mining,Precious Metals,Gold,--
QXR AU Equity,QX RESOURCES LTD,AU,Common Stock,6.55M,0,6.47M,--,Industrial Metals and Mining,General Mining,Metals & Mining,Diversified Metals & Mining,Metals & Mining,Mineral & Precious Stone Mining,Mineral Mining,--
MAC CN Equity,THEMAC RESOURCES,CA,Common Stock,6.52M,0,98.03M,--,Industrial Metals and Mining,Nonferrous Metals,Metals & Mining,Diversified Metals & Mining,Metals & Mining,Base Metals,--,--
EEL AU Equity,ENRG ELEMENTS LT,AU,Common Stock,6.51M,27.34k,2.68M,--,Industrial Metals and Mining,General Mining,Metals & Mining,Diversified Metals & Mining,Oil & Gas Supply Chain,Exploration & Production,--,--
AON AU Equity,APOLLO MINERALS,AU,Common Stock,6.50M,92.81k,11.61M,--,Industrial Metals and Mining,General Mining,Metals & Mining,Diversified Metals & Mining,Metals & Mining,Base Metals,--,--
RON AU Equity,RONIN RESOURCES,AU,Common Stock,6.46M,--,3.21M,--,Industrial Metals and Mining,General Mining,Metals & Mining,Diversified Metals & Mining,Metals & Mining,Precious Metals,--,--
ARYAVAN IN Equity,ARYAVAN ENTERPRI,IN,Common Stock,6.45M,6.53M,6.12M,--,Industrial Metals and Mining,Iron and Steel,--,--,Steel,Metal Svc Centers & Processors,--,--
MGA AU Equity,METALSGROVE MINI,AU,Common Stock,6.43M,--,6.41M,--,Industrial Metals and Mining,General Mining,Metals & Mining,Diversified Metals & Mining,Metals & Mining,Base Metals,--,--
LBSR US Equity,LIBERTY STAR URA,US,Common Stock,6.43M,0,79.85k,--,Industrial Metals and Mining,General Mining,Metals & Mining,Diversified Metals & Mining,Metals & Mining,Base Metals,--,--
LMS AU Equity,LITCHFIELD MINER,AU,Common Stock,6.40M,82.24k,4.58M,--,Industrial Metals and Mining,General Mining,Metals & Mining,Diversified Metals & Mining,Metals & Mining,Base Metals,Copper,Copper Mining
LTUM US Equity,LITHIUM CORP,US,Common Stock,6.37M,0,5.36M,--,Industrial Metals and Mining,Nonferrous Metals,Metals & Mining,Diversified Metals & Mining,Metals & Mining,Mineral & Precious Stone Mining,Mineral Mining,Lithium
LRD AU Equity,LORD RESOURCES L,AU,Common Stock,6.36M,51.09k,3.51M,--,Industrial Metals and Mining,General Mining,Metals & Mining,Diversified Metals & Mining,Metals & Mining,Mineral & Precious Stone Mining,Mineral Mining,--
GRE AU Equity,GREENTECH METALS,AU,Common Stock,6.35M,--,17.72M,--,Industrial Metals and Mining,General Mining,Metals & Mining,Diversified Metals & Mining,Oil & Gas Supply Chain,Exploration & Production,Crude Oil & Natural Gas E&P,Natural Gas Production
MECA RO Equity,METALURGICA SA B,RO,Common Stock,6.34M,1.37M,2.42M,19,Industrial Metals and Mining,Iron and Steel,--,--,Industrial Intermediate Prod,Rubber & Plastic,--,--
AYT AU Equity,AUSTIN METALS LT,AU,Common Stock,6.34M,0,16.28M,--,Industrial Metals and Mining,General Mining,Metals & Mining,Diversified Metals & Mining,Metals & Mining,Base Metals,--,--
EGH PW Equity,EKOPOL,PL,Common Stock,6.33M,87.96M,13.09M,24,Industrial Metals and Mining,Iron and Steel,Trading Companies & Distributors,Trading Companies & Distributors,Steel,Steel Producers,Specialty Metals,--
GEMR LN Equity,GEM RESOURCES PL,GB,Common Stock,6.32M,0,2.74M,--,Industrial Metals and Mining,General Mining,Metals & Mining,Diversified Metals & Mining,Specialty Finance,Other Financial Services,--,--
RCR AU Equity,RINCON RESOURCES,AU,Common Stock,6.31M,0,14.34M,--,Industrial Metals and Mining,General Mining,Metals & Mining,Diversified Metals & Mining,Metals & Mining,Base Metals,Copper,--
VAR AU Equity,VARISCAN MINES L,AU,Common Stock,6.30M,1.07k,9.83M,--,Industrial Metals and Mining,General Mining,Metals & Mining,Diversified Metals & Mining,Metals & Mining,Precious Metals,Gold,--
GES AU Equity,GENESIS RESOURCE,AU,Common Stock,6.26M,0,23.30M,--,Industrial Metals and Mining,General Mining,Metals & Mining,Diversified Metals & Mining,Metals & Mining,Precious Metals,Gold,--
G88 AU Equity,GOLDEN MILE RESO,AU,Common Stock,6.26M,0,6.40M,--,Industrial Metals and Mining,General Mining,Metals & Mining,Diversified Metals & Mining,Metals & Mining,Base Metals,--,--
MHM AU Equity,MOUNT HOPE MININ,AU,Common Stock,6.19M,65.99k,20.00k,--,Industrial Metals and Mining,General Mining,Metals & Mining,Diversified Metals & Mining,Metals & Mining,Precious Metals,Gold,--
T88 AU Equity,TAITON RESOURCES,AU,Common Stock,6.18M,--,915.93k,--,Industrial Metals and Mining,General Mining,Metals & Mining,Diversified Metals & Mining,Metals & Mining,Precious Metals,Gold,--
ANX AU Equity,ANAX METALS LTD,AU,Common Stock,6.18M,--,43.27M,--,Industrial Metals and Mining,General Mining,Metals & Mining,Diversified Metals & Mining,Metals & Mining,Base Metals,--,--
NYM AU Equity,NARRYER METALS L,AU,Common Stock,6.16M,81.46k,2.10M,--,Industrial Metals and Mining,General Mining,Metals & Mining,Diversified Metals & Mining,Metals & Mining,Base Metals,--,--
RNX AU Equity,RENEGADE EXPLORA,AU,Common Stock,6.16M,0,6.29M,--,Industrial Metals and Mining,General Mining,Metals & Mining,Diversified Metals & Mining,Metals & Mining,Base Metals,Copper,--
KRID IN Equity,KRIDHAN INFRA LT,IN,Common Stock,6.15M,467.60k,4.95M,--,Industrial Metals and Mining,Iron and Steel,Metals & Mining,Steel,Steel,Steel Producers,--,--
MAGE US Equity,MAGELLAN COPPER,US,Common Stock,6.12M,0,163.13k,--,Industrial Metals and Mining,General Mining,--,--,Metals & Mining,Precious Metals,--,--
AAB CN Equity,ABERDEEN INTL IN,CA,Common Stock,6.12M,57.46k,6.18M,--,Industrial Metals and Mining,General Mining,Capital Markets,Asset Management & Custody Banks,Asset Management,Wealth Management,--,--
VLI CN Equity,VISION LITHIUM I,CA,Common Stock,6.11M,0,18.89M,--,Industrial Metals and Mining,General Mining,Metals & Mining,Diversified Metals & Mining,Metals & Mining,Mineral & Precious Stone Mining,Mineral Mining,--
CTN AU Equity,CATALINA RESOURC,AU,Common Stock,6.07M,0,6.00M,--,Industrial Metals and Mining,General Mining,Metals & Mining,Diversified Metals & Mining,Metals & Mining,Mineral & Precious Stone Mining,Mineral Mining,--
RAS AU Equity,RAGUSA MINERALS,AU,Common Stock,6.06M,36.25k,745.54k,--,Industrial Metals and Mining,General Mining,Metals & Mining,Diversified Metals & Mining,Metals & Mining,Precious Metals,Gold,--
TKL AU Equity,TRAKA RESOURCES,AU,Common Stock,6.06M,0,775.51k,--,Industrial Metals and Mining,General Mining,Metals & Mining,Diversified Metals & Mining,Metals & Mining,Base Metals,--,--
ATT AU Equity,ALTITUDE MINERAL,AU,Common Stock,6.04M,--,1.57M,--,Industrial Metals and Mining,General Mining,Metals & Mining,Diversified Metals & Mining,Metals & Mining,Base Metals,Copper,Copper Mining
MULTIVER NL Equity,MULTIVERSE PLC,NG,Common Stock,6.04M,999.29k,4.61M,--,Industrial Metals and Mining,General Mining,Metals & Mining,Diversified Metals & Mining,Metals & Mining,Mineral & Precious Stone Mining,--,--
LMR CN Equity,LOMIKO METALS,CA,Common Stock,5.99M,0,15.98M,--,Industrial Metals and Mining,General Mining,Metals & Mining,Diversified Metals & Mining,Metals & Mining,Precious Metals,Gold,--
TCEC CN Equity,TERRA CLEAN ENER,CA,Common Stock,5.97M,0,5.50M,--,Industrial Metals and Mining,General Mining,"Oil, Gas & Consumable Fuels",Coal & Consumable Fuels,Metals & Mining,Mineral & Precious Stone Mining,--,--
BKTS CN Equity,BECKETT'S INC,CA,Common Stock,5.97M,1.35M,2.14M,--,Industrial Metals and Mining,General Mining,Beverages,Soft Drinks & Non-alcoholic Beverages,Beverages,Non-Alcoholic Beverages,Carbonated Soft Drinks,--
ANOR CN Equity,ANORTECH INC,CA,Common Stock,5.97M,0,2.88M,--,Industrial Metals and Mining,General Mining,Metals & Mining,Diversified Metals & Mining,Metals & Mining,Mineral & Precious Stone Mining,Mineral Mining,Rare Earth
MSCH US Equity,MAINSTREETCHAMBE,US,Common Stock,5.97M,0,86.94k,--,Industrial Metals and Mining,General Mining,--,--,Metals & Mining,Precious Metals,Gold,--
PE CN Equity,PURE ENERGY MINE,CA,Common Stock,5.95M,612.77k,39.66M,--,Industrial Metals and Mining,General Mining,Metals & Mining,Diversified Metals & Mining,Metals & Mining,Mineral & Precious Stone Mining,Mineral Mining,Lithium
SMGC IN Equity,SOUTHERN MAGNES,IN,Common Stock,5.90M,2.26M,3.68M,31,Industrial Metals and Mining,Nonferrous Metals,--,--,Industrial Intermediate Prod,Fabricated Metal & Hardware,--,--
STRM CN Equity,STORM EXPLORATIO,CA,Common Stock,5.89M,0,105.28k,--,Industrial Metals and Mining,General Mining,Metals & Mining,Precious Metals & Minerals,Metals & Mining,Precious Metals,Gold,--
DM1 AU Equity,DESERT METALS LT,AU,Common Stock,5.88M,173.27k,9.48M,--,Industrial Metals and Mining,General Mining,Metals & Mining,Diversified Metals & Mining,Metals & Mining,Base Metals,--,--
660 HK Equity,WAI CHUN BIO-TEC,HK,Common Stock,5.88M,72.22M,40.20M,123,Industrial Metals and Mining,General Mining,Food Products,Packaged Foods & Meats,Chemicals,Specialty Chemicals,--,--
LEBEK GA Equity,LEVEDERIS (N),GR,Common Stock,5.86M,1.43M,10.02M,--,Industrial Metals and Mining,Iron and Steel,Metals & Mining,Steel,Steel,Steel Producers,--,--
SRN AU Equity,SUREFIRE RESOURC,AU,Common Stock,5.86M,653.47k,14.48M,--,Industrial Metals and Mining,Nonferrous Metals,Metals & Mining,Diversified Metals & Mining,Metals & Mining,Base Metals,--,--
EDM CN Equity,EDM RESOURCES IN,CA,Common Stock,5.85M,0,30.31M,--,Industrial Metals and Mining,Nonferrous Metals,Metals & Mining,Diversified Metals & Mining,Metals & Mining,Base Metals,"Nickel, Lead & Zinc",Zinc
CGR AU Equity,CGN RESOURCES LT,AU,Common Stock,5.84M,337.09k,4.45M,--,Industrial Metals and Mining,General Mining,Metals & Mining,Diversified Metals & Mining,Metals & Mining,Mineral & Precious Stone Mining,Precious Stone Mining,Diamonds
KRN CN Equity,KARNALYTE RESOUR,CA,Common Stock,5.84M,0,7.72M,--,Industrial Metals and Mining,General Mining,Chemicals,Fertilizers & Agricultural Chemicals,Chemicals,Agricultural Chemicals,--,--
METZ BU Equity,METIZI AD,BG,Common Stock,5.83M,7.79M,54.79M,--,Industrial Metals and Mining,Iron and Steel,Metals & Mining,Steel,Electrical Equipment,Electrical Components,Wire & Cable,--
MVMD CN Equity,MOUNTAIN VALLEY,CA,Common Stock,5.79M,54.03k,3.06M,--,Industrial Metals and Mining,General Mining,Metals & Mining,Gold,Biotech & Pharma,Specialty & Generic Pharma,Specialty Pharma,--
CASA CN Equity,CASA MINERALS IN,CA,Common Stock,5.79M,0,3.99M,--,Industrial Metals and Mining,General Mining,Metals & Mining,Diversified Metals & Mining,Metals & Mining,Precious Metals,--,--
LMG CN Equity,LINCOLN GOLD MIN,CA,Common Stock,5.75M,0,1.31M,--,Industrial Metals and Mining,General Mining,Metals & Mining,Gold,Metals & Mining,Precious Metals,Gold,--
KIP CN Equity,KIPLIN METALS IN,CA,Common Stock,5.73M,0,1.69M,--,Industrial Metals and Mining,Nonferrous Metals,Metals & Mining,Diversified Metals & Mining,Metals & Mining,Base Metals,--,--
URU LN Equity,URU METALS LTD,ZA,Common Stock,5.72M,0,446.25k,--,Industrial Metals and Mining,Nonferrous Metals,Metals & Mining,Diversified Metals & Mining,Metals & Mining,Base Metals,Uranium,--
ABA CN Equity,ABASCA RESOURCES,CA,Common Stock,5.70M,--,--,--,Industrial Metals and Mining,General Mining,--,--,Metals & Mining,Mining Services,--,--
BVA CN Equity,BRAVADA GOLD COR,CA,Common Stock,5.68M,0,767.55k,--,Industrial Metals and Mining,General Mining,Metals & Mining,Precious Metals & Minerals,Metals & Mining,Precious Metals,--,--
EM2 AU Equity,EAGLE MOUNTAIN M,AU,Common Stock,5.68M,0,18.27M,--,Industrial Metals and Mining,General Mining,Metals & Mining,Diversified Metals & Mining,Metals & Mining,Base Metals,Copper,Copper Mining
KMT VN Equity,CENTRAL VIETNAM,VN,Common Stock,5.65M,277.05M,50.33M,84,Industrial Metals and Mining,Iron and Steel,Trading Companies & Distributors,Trading Companies & Distributors,Steel,Metal Svc Centers & Processors,Steel Processors,--
FTSP US Equity,FINTRADE SHERPA,CA,Common Stock,5.64M,--,--,--,Industrial Metals and Mining,General Mining,--,--,Metals & Mining,Precious Metals,Gold,--
ONV/H CN Equity,ORONOVA ENERGY I,CA,Common Stock,5.61M,0,4.15k,--,Industrial Metals and Mining,General Mining,"Oil, Gas & Consumable Fuels",Oil & Gas Exploration & Production,Metals & Mining,Precious Metals,Gold,--
MEL VN Equity,ME LIN STEEL JSC,VN,Common Stock,5.59M,53.27M,46.26M,57,Industrial Metals and Mining,Iron and Steel,Trading Companies & Distributors,Trading Companies & Distributors,Steel,Steel Producers,--,--
EQUILATE IN Equity,EQUILATERAL ENTE,IN,Common Stock,5.58M,2.75M,4.22M,--,Industrial Metals and Mining,Iron and Steel,Distributors,Distributors,Metals & Mining,Metals & Ore Whslrs & Traders,--,--
PRADH IN Equity,PRADHIN LTD,IN,Common Stock,5.58M,61.32M,30.54M,--,Industrial Metals and Mining,Iron and Steel,Food Products,Packaged Foods & Meats,Steel,Steel Producers,--,--
RRR LN Equity,RED ROCK RESOURC,GB,Common Stock,5.57M,0,36.55M,--,Industrial Metals and Mining,General Mining,Metals & Mining,Diversified Metals & Mining,Metals & Mining,Iron,Iron Ore Mining,--
CPM AU Equity,COOPER METALS LT,AU,Common Stock,5.56M,126.34k,11.56M,--,Industrial Metals and Mining,General Mining,Metals & Mining,Diversified Metals & Mining,Metals & Mining,Base Metals,Copper,--
AQX AU Equity,ALICE QUEEN LTD,AU,Common Stock,5.54M,5.77k,599.23k,--,Industrial Metals and Mining,Nonferrous Metals,Metals & Mining,Diversified Metals & Mining,Metals & Mining,Precious Metals,Gold,--
AYM AU Equity,AUSTRALIA UNITED,AU,Common Stock,5.53M,0,4.22M,--,Industrial Metals and Mining,General Mining,Metals & Mining,Diversified Metals & Mining,Metals & Mining,Mining Services,Metals Support Services,--
XTM CN Equity,TRANSITION METAL,CA,Common Stock,5.50M,0,2.83M,--,Industrial Metals and Mining,Nonferrous Metals,--,--,Metals & Mining,Precious Metals,Gold,--
ZBNI CN Equity,ZEB NICKEL CORP,CA,Common Stock,5.49M,--,322.07k,--,Industrial Metals and Mining,General Mining,--,--,Asset Management,Investment Companies,Blank Check,--
LESH IN Equity,LESHA INDUSTRIES,IN,Common Stock,5.46M,2.26M,14.11M,2,Industrial Metals and Mining,Iron and Steel,Trading Companies & Distributors,Trading Companies & Distributors,Steel,Steel Producers,--,--
NSH VN Equity,SONG HONG ALUMIN,VN,Common Stock,5.46M,61.33M,57.87M,--,Industrial Metals and Mining,Aluminum,Metals & Mining,Aluminum,Metals & Mining,Base Metals,--,--
ESPN CN Equity,HISPANIA RESOURC,CA,Common Stock,5.45M,0,271.53k,--,Industrial Metals and Mining,General Mining,--,--,Metals & Mining,Base Metals,--,--
QCA CN Equity,QUINSAM CAPITAL,CA,Common Stock,5.41M,-3.13M,10.40M,--,Industrial Metals and Mining,General Mining,Capital Markets,Investment Banking & Brokerage,Institutional Financial Svcs,Institutional Brokerage,Trading & Principal Investment,Currencies Trading
GRF IN Equity,GRAND FOUNDRY,IN,Common Stock,5.34M,0,1.01k,--,Industrial Metals and Mining,Iron and Steel,--,--,Steel,Steel Producers,--,--
SSE CN Equity,SILVER SPRUCE RE,CA,Common Stock,5.33M,0,122.56k,--,Industrial Metals and Mining,General Mining,Metals & Mining,Diversified Metals & Mining,Metals & Mining,Base Metals,Uranium,--
NGIL IN Equity,NATL GEN INDUS,IN,Common Stock,5.32M,1.88M,7.44M,59,Industrial Metals and Mining,Iron and Steel,--,--,Steel,Steel Producers,"Long, Pipe & Tubular",Pipe & Tubular
M24 AU Equity,MAMBA EXPLORATIO,AU,Common Stock,5.31M,0,5.42M,--,Industrial Metals and Mining,General Mining,Metals & Mining,Diversified Metals & Mining,Metals & Mining,Precious Metals,Gold,--
AKN AU Equity,AUKING MINING LT,AU,Common Stock,5.30M,0,8.23M,--,Industrial Metals and Mining,Nonferrous Metals,Metals & Mining,Diversified Metals & Mining,Metals & Mining,Base Metals,Copper,Copper Mining
ITQ VN Equity,THIEN QUANG GROU,VN,Common Stock,5.30M,33.62M,34.38M,117,Industrial Metals and Mining,Iron and Steel,Metals & Mining,Steel,Machinery,Metalworking Machinery,--,--
MEK CN Equity,METALS CREEK RES,CA,Common Stock,5.28M,0,797.89k,--,Industrial Metals and Mining,General Mining,Metals & Mining,Diversified Metals & Mining,Metals & Mining,Precious Metals,Gold,--
GCOM CN Equity,GREEN SHIFT COMM,CA,Common Stock,5.28M,0,5.29M,--,Industrial Metals and Mining,Nonferrous Metals,"Oil, Gas & Consumable Fuels",Coal & Consumable Fuels,Metals & Mining,Base Metals,Uranium,--
8331 HK Equity,P.B. GROUP LTD,CN,Common Stock,5.27M,11.24M,32.31M,105,Industrial Metals and Mining,General Mining,Metals & Mining,Diversified Metals & Mining,Metals & Mining,Mineral & Precious Stone Mining,Mineral Mining,Clay
NPM AU Equity,NEWPEAK METALS L,AU,Common Stock,5.27M,0,4.52M,--,Industrial Metals and Mining,General Mining,Metals & Mining,Gold,Metals & Mining,Precious Metals,Gold,--
SHP AU Equity,SOUTH HARZ POTAS,AU,Common Stock,5.24M,0,4.69M,--,Industrial Metals and Mining,General Mining,Metals & Mining,Diversified Metals & Mining,Metals & Mining,Mineral & Precious Stone Mining,Mineral Mining,"Potash, Soda, Borate"
LFNT CN Equity,LFNT RESOURCES C,CA,Common Stock,5.24M,0,396.55k,--,Industrial Metals and Mining,General Mining,--,--,Metals & Mining,Mineral & Precious Stone Mining,Mineral Mining,--
BOL CN Equity,BOLD VENTURES IN,CA,Common Stock,5.23M,0,2.14M,--,Industrial Metals and Mining,General Mining,Metals & Mining,Diversified Metals & Mining,Metals & Mining,Base Metals,--,--
JNO AU Equity,JUNO MINERALS LT,AU,Common Stock,5.23M,0,25.74M,--,Industrial Metals and Mining,Iron and Steel,Metals & Mining,Steel,Metals & Mining,Mineral & Precious Stone Mining,Mineral Mining,--
ASHNI IN Equity,ASHNISHA INDUSTR,IN,Common Stock,5.19M,876.79k,23.95M,--,Industrial Metals and Mining,Iron and Steel,"Electronic Equipment, Instruments & Components",Technology Distributors,Steel,Steel Producers,--,--
RBX AU Equity,RESOURCE BASE LT,AU,Common Stock,5.18M,0,3.18M,--,Industrial Metals and Mining,General Mining,Metals & Mining,Gold,Metals & Mining,Mineral & Precious Stone Mining,Mineral Mining,--
MML AU Equity,MCLAREN MINERALS,AU,Common Stock,5.17M,82.95k,3.10M,--,Industrial Metals and Mining,General Mining,Metals & Mining,Diversified Metals & Mining,Construction Materials,Cement & Aggregates,Aggregates,Sand & Gravel
WYX AU Equity,WESTERN YILGARN,AU,Common Stock,5.15M,0,4.30M,--,Industrial Metals and Mining,Iron and Steel,Metals & Mining,Diversified Metals & Mining,Metals & Mining,Base Metals,Aluminum,Bauxite Mining
HWK AU Equity,HAWK RESOURCES L,AU,Common Stock,5.15M,0,5.04M,--,Industrial Metals and Mining,General Mining,Metals & Mining,Diversified Metals & Mining,Metals & Mining,Base Metals,--,--
POOJA IN Equity,POOJAWESTERN MET,IN,Common Stock,5.14M,9.14M,7.37M,--,Industrial Metals and Mining,Nonferrous Metals,Metals & Mining,Copper,Home Construction,Building Products,Plumbing Fixtures,--
REC AU Equity,RECHARGE METALS,AU,Common Stock,5.14M,38.57k,14.24M,--,Industrial Metals and Mining,Copper,Metals & Mining,Diversified Metals & Mining,Metals & Mining,Base Metals,Copper,--
SKA LN Equity,SHUKA MINERALS P,GB,Common Stock,5.13M,4.47k,12.44M,--,Industrial Metals and Mining,General Mining,"Oil, Gas & Consumable Fuels",Coal & Consumable Fuels,Metals & Mining,Coal Mining,Thermal Coal,Bituminous Coal Underground
MLO CN Equity,METALERO MINING,CA,Common Stock,5.13M,0,405.58k,--,Industrial Metals and Mining,General Mining,--,--,Asset Management,Investment Companies,Blank Check,--
QMC CN Equity,QMC QUANTUM MINE,CA,Common Stock,5.13M,0,7.11M,--,Industrial Metals and Mining,General Mining,Metals & Mining,Diversified Metals & Mining,Metals & Mining,Base Metals,--,--
KVC VN Equity,KIM VI STAINLESS,VN,Common Stock,5.11M,9.41M,35.30M,13,Industrial Metals and Mining,Iron and Steel,Metals & Mining,Steel,Steel,Steel Producers,Flat Rolled,--
EMT AU Equity,EMETALS LTD,AU,Common Stock,5.10M,0,5.27M,--,Industrial Metals and Mining,General Mining,Metals & Mining,Diversified Metals & Mining,Metals & Mining,Base Metals,--,--
WINS CN Equity,WINSHEAR GOLD CO,CA,Common Stock,5.09M,0,1.59M,--,Industrial Metals and Mining,General Mining,Metals & Mining,Gold,Metals & Mining,Precious Metals,Gold,--
KCHM IN Equity,KACHCHH MINERALS,IN,Common Stock,5.09M,53.42k,468.99k,--,Industrial Metals and Mining,General Mining,Metals & Mining,Diversified Metals & Mining,Metals & Mining,Mining Services,--,--
BEA CN Equity,BELMONT RESOURCE,CA,Common Stock,5.08M,0,2.73M,--,Industrial Metals and Mining,General Mining,Metals & Mining,Diversified Metals & Mining,Metals & Mining,Base Metals,Uranium,--
ASQ AU Equity,AUSTRALIAN SILIC,AU,Common Stock,5.07M,293.20k,4.41M,--,Industrial Metals and Mining,Aluminum,Metals & Mining,Diversified Metals & Mining,Metals & Mining,Base Metals,Aluminum,Bauxite Mining
ACM AU Equity,AUSTRALIAN CRITI,AU,Common Stock,5.05M,40.95k,3.05M,--,Industrial Metals and Mining,General Mining,Metals & Mining,Diversified Metals & Mining,Metals & Mining,Mineral & Precious Stone Mining,Mineral Mining,--
INDST IN Equity,INDUCTO STEEL,IN,Common Stock,5.04M,28.78M,10.60M,280,Industrial Metals and Mining,Iron and Steel,Commercial Services & Supplies,Environmental & Facilities Services,Commercial Support Services,Waste Management,Recyclable Materials,--
A8G AU Equity,AUSTRALASIAN MET,AU,Common Stock,5.04M,497.59k,7.36M,--,Industrial Metals and Mining,General Mining,Metals & Mining,Gold,Metals & Mining,Precious Metals,Gold,--
GWMO LN Equity,GREAT WESTERN MI,IE,Common Stock,5.01M,0,16.59M,9,Industrial Metals and Mining,General Mining,Metals & Mining,Diversified Metals & Mining,Metals & Mining,Precious Metals,--,--
CDR AU Equity,CODRUS MINERALS,AU,Common Stock,4.96M,367.50k,2.37M,--,Industrial Metals and Mining,General Mining,Metals & Mining,Gold,Metals & Mining,Precious Metals,Gold,--
RKR CN Equity,ROKMASTER RESOUR,CA,Common Stock,4.94M,0,1.49M,--,Industrial Metals and Mining,General Mining,Metals & Mining,Diversified Metals & Mining,Metals & Mining,Base Metals,--,--
AS2 AU Equity,ASKARI METALS LT,AU,Common Stock,4.94M,11.65k,11.33M,--,Industrial Metals and Mining,General Mining,Metals & Mining,Diversified Metals & Mining,Metals & Mining,Precious Metals,Gold,--
AX8 AU Equity,ACCELERATE RESOU,AU,Common Stock,4.90M,54.29k,12.69M,--,Industrial Metals and Mining,General Mining,Metals & Mining,Diversified Metals & Mining,Metals & Mining,Precious Metals,--,--
ALV AU Equity,ALVO MINERALS LT,AU,Common Stock,4.88M,--,1.76M,--,Industrial Metals and Mining,General Mining,Metals & Mining,Diversified Metals & Mining,Metals & Mining,Precious Metals,--,--
ARK LN Equity,ARKLE RESOURCES,IE,Common Stock,4.87M,0,4.35M,--,Industrial Metals and Mining,General Mining,Metals & Mining,Diversified Metals & Mining,Metals & Mining,Base Metals,"Nickel, Lead & Zinc",Zinc
CUL AU Equity,CULLEN RES LTD,AU,Common Stock,4.85M,114.37k,4.87M,--,Industrial Metals and Mining,General Mining,Metals & Mining,Diversified Metals & Mining,Metals & Mining,Precious Metals,Gold,--
SPD CN Equity,SILVER PREDATOR,CA,Common Stock,4.85M,0,5.37M,--,Industrial Metals and Mining,General Mining,Metals & Mining,Diversified Metals & Mining,Metals & Mining,Precious Metals,Silver,--
WC1 AU Equity,WEST COBAR METAL,AU,Common Stock,4.84M,51.47k,12.02M,--,Industrial Metals and Mining,General Mining,Metals & Mining,Diversified Metals & Mining,Metals & Mining,Base Metals,--,--
CDN CN Equity,CDN MAVERICK CAP,CA,Common Stock,4.83M,0,5.80M,--,Industrial Metals and Mining,General Mining,Metals & Mining,Diversified Metals & Mining,Real Estate Owners & Developers,Specialty Owners & Developers,--,--
ANMP IN Equity,ANKIT METAL & PO,IN,Common Stock,4.82M,155.51M,217.22M,1k,Industrial Metals and Mining,Iron and Steel,Metals & Mining,Steel,Steel,Steel Producers,--,--
ODX/H CN Equity,ODYSSEY RES LTD,CA,Common Stock,4.82M,0,12.83k,--,Industrial Metals and Mining,General Mining,Metals & Mining,Precious Metals & Minerals,Metals & Mining,Mineral & Precious Stone Mining,--,--
GRD CN Equity,GROUNDED LITHIUM,CA,Common Stock,4.80M,0,3.27M,--,Industrial Metals and Mining,General Mining,Electrical Equipment,Electrical Components & Equipment,Metals & Mining,Mineral & Precious Stone Mining,Mineral Mining,Lithium
ADC AU Equity,ACDC METALS LTD,AU,Common Stock,4.79M,--,10.91M,--,Industrial Metals and Mining,General Mining,Metals & Mining,Diversified Metals & Mining,Metals & Mining,Mineral & Precious Stone Mining,Mineral Mining,--
BSL IN Equity,BLOOM INDS LTD,IN,Common Stock,4.78M,4.28M,3.49M,--,Industrial Metals and Mining,Iron and Steel,Metals & Mining,Steel,Metals & Mining,Metals & Ore Whslrs & Traders,--,--
SBR AU Equity,SABRE RES LTD,AU,Common Stock,4.73M,232.29k,13.31M,--,Industrial Metals and Mining,General Mining,Metals & Mining,Diversified Metals & Mining,Metals & Mining,Base Metals,--,--
AME CN Equity,ABACUS MINING &,CA,Common Stock,4.73M,0,9.53M,--,Industrial Metals and Mining,General Mining,Metals & Mining,Diversified Metals & Mining,Metals & Mining,Base Metals,Copper,Copper Mining
BMV CN Equity,BATHURST METALS,CA,Common Stock,4.73M,0,2.11M,--,Industrial Metals and Mining,General Mining,--,--,Metals & Mining,Precious Metals,--,--
SKRR CN Equity,SKRR EXPLORATION,CA,Common Stock,4.72M,0,2.37M,--,Industrial Metals and Mining,General Mining,Metals & Mining,Diversified Metals & Mining,Metals & Mining,Mineral & Precious Stone Mining,--,--
ALBA LN Equity,ALBA PLC,GB,Common Stock,4.69M,0,15.13M,--,Industrial Metals and Mining,General Mining,Metals & Mining,Diversified Metals & Mining,Metals & Mining,Base Metals,--,--
BDR CN Equity,BIRD RIVER RESOU,CA,Common Stock,4.69M,0,27.10k,--,Industrial Metals and Mining,General Mining,--,--,Oil & Gas Supply Chain,Exploration & Production,Crude Oil & Natural Gas E&P,--
ENRT US Equity,ENERTOPIA CORP,CA,Common Stock,4.68M,0,507.00k,--,Industrial Metals and Mining,Nonferrous Metals,Metals & Mining,Diversified Metals & Mining,Metals & Mining,Mineral & Precious Stone Mining,Mineral Mining,Lithium
PBL AU Equity,PARABELLUM RESOU,AU,Common Stock,4.67M,0,2.71M,--,Industrial Metals and Mining,General Mining,Metals & Mining,Diversified Metals & Mining,Commercial Support Services,Other Commercial Support Svcs,--,--
ZMI AU Equity,ZINC OF IRELAND,AU,Common Stock,4.66M,0,8.92M,--,Industrial Metals and Mining,General Mining,Metals & Mining,Diversified Metals & Mining,Metals & Mining,Base Metals,"Nickel, Lead & Zinc",Zinc
SMX AU Equity,STRATA MINERALS,AU,Common Stock,4.65M,0,2.97M,--,Industrial Metals and Mining,General Mining,Metals & Mining,Diversified Metals & Mining,Metals & Mining,Base Metals,"Nickel, Lead & Zinc",Nickel
FMR CN Equity,FUTURE MINERAL R,CA,Common Stock,4.58M,0,2.65M,--,Industrial Metals and Mining,General Mining,Metals & Mining,Precious Metals & Minerals,Metals & Mining,Mineral & Precious Stone Mining,--,--
UMIYA IN Equity,UMIYA TUBES LTD,IN,Common Stock,4.57M,102.70k,2.88M,1,Industrial Metals and Mining,Iron and Steel,Metals & Mining,Steel,Steel,Steel Producers,"Long, Pipe & Tubular",Pipe & Tubular
EMU AU Equity,EMU NL,AU,Common Stock,4.55M,0,201.96k,--,Industrial Metals and Mining,Nonferrous Metals,Metals & Mining,Diversified Metals & Mining,Metals & Mining,Base Metals,"Nickel, Lead & Zinc",Nickel
NRV IN Equity,NIRAV COMMERCIAL,IN,Common Stock,4.54M,1.77M,6.27M,10,Industrial Metals and Mining,Aluminum,Metals & Mining,Aluminum,Home Construction,Building Products,Windows & Doors,Windows
CNT CN Equity,CENTURY GLOBAL C,CA,Common Stock,4.53M,3.91M,23.87M,--,Industrial Metals and Mining,Iron and Steel,Metals & Mining,Steel,Metals & Mining,Iron,Iron Ore Mining,--
NAST JR Equity,NATL STEEL INDUS,JO,Common Stock,4.53M,31.85M,17.64M,--,Industrial Metals and Mining,Iron and Steel,Metals & Mining,Steel,Steel,Metal Svc Centers & Processors,Steel Processors,--
OMGA CN Equity,OMEGA PACIFIC RE,CA,Common Stock,4.51M,--,610.96k,--,Industrial Metals and Mining,General Mining,--,--,Metals & Mining,Mineral & Precious Stone Mining,Mineral Mining,--
SKY CN Equity,SKYCAP INVESTMEN,CA,Common Stock,4.50M,97.94k,17.14M,--,Industrial Metals and Mining,Nonferrous Metals,Metals & Mining,Diversified Metals & Mining,Metals & Mining,Base Metals,--,--
KRS LN Equity,KERAS RESOURCES,GB,Common Stock,4.50M,2.17M,12.45M,5,Industrial Metals and Mining,Iron and Steel,Metals & Mining,Diversified Metals & Mining,Metals & Mining,Base Metals,Manganese,--
ILC CN Equity,INTERNATIONAL LI,CA,Common Stock,4.48M,0,11.80M,--,Industrial Metals and Mining,General Mining,Metals & Mining,Diversified Metals & Mining,Metals & Mining,Mineral & Precious Stone Mining,Mineral Mining,Lithium
TAS AU Equity,TASMAN RESOURCES,AU,Common Stock,4.47M,2.02M,23.50M,--,Industrial Metals and Mining,General Mining,Metals & Mining,Diversified Metals & Mining,Machinery,Other Machinery & Equipment,General Purpose Machinery,--
PKO AU Equity,PEAKO LTD,AU,Common Stock,4.46M,0,177.28k,--,Industrial Metals and Mining,General Mining,Metals & Mining,Diversified Metals & Mining,Metals & Mining,Mineral & Precious Stone Mining,Mineral Mining,--
EFE AU Equity,EASTERN RESOURCE,AU,Common Stock,4.41M,0,11.63M,--,Industrial Metals and Mining,Iron and Steel,Metals & Mining,Steel,Metals & Mining,Base Metals,--,--
PERU CN Equity,CHAKANA COPPER C,CA,Common Stock,4.39M,0,11.95M,--,Industrial Metals and Mining,General Mining,Metals & Mining,Diversified Metals & Mining,Metals & Mining,Mineral & Precious Stone Mining,--,--
LOVI SS Equity,LOVISAGRUVAN AB,SE,Common Stock,4.38M,4.23M,14.33M,--,Industrial Metals and Mining,Nonferrous Metals,Metals & Mining,Diversified Metals & Mining,Metals & Mining,Base Metals,"Nickel, Lead & Zinc",--
C29 AU Equity,C29 METALS LTD,AU,Common Stock,4.35M,0,7.67M,--,Industrial Metals and Mining,Copper,Metals & Mining,Diversified Metals & Mining,Metals & Mining,Base Metals,Copper,--
CZN AU Equity,CORAZON MINING L,AU,Common Stock,4.32M,0,15.66M,--,Industrial Metals and Mining,General Mining,Metals & Mining,Diversified Metals & Mining,Metals & Mining,Base Metals,--,--
URSUGAR IN Equity,UR SUGAR INDUSTR,IN,Common Stock,4.31M,0,3.46M,--,Industrial Metals and Mining,Nonferrous Metals,Trading Companies & Distributors,Trading Companies & Distributors,Food,Agricultural Producers,Food Crop Processing,Sugar
CBI CN Equity,COLIBRI RESOURCE,CA,Common Stock,4.30M,0,4.90M,--,Industrial Metals and Mining,General Mining,--,--,Metals & Mining,Precious Metals,Gold,--
TM1 LN Equity,TECHNOLOGY MINER,GB,Common Stock,4.29M,0,44.65M,--,Industrial Metals and Mining,General Mining,Metals & Mining,Diversified Metals & Mining,Metals & Mining,Mineral & Precious Stone Mining,Mineral Mining,--
AOA AU Equity,AUSMON RESOURCES,AU,Common Stock,4.28M,196.24k,2.83M,--,Industrial Metals and Mining,General Mining,Metals & Mining,Diversified Metals & Mining,Metals & Mining,Base Metals,--,--
OCT AU Equity,OCTAVA MINERALS,AU,Common Stock,4.27M,0,5.14M,--,Industrial Metals and Mining,General Mining,Metals & Mining,Diversified Metals & Mining,Metals & Mining,Mineral & Precious Stone Mining,Mineral Mining,Lithium
RNCH CN Equity,RANCHERO GOLD CO,CA,Common Stock,4.25M,0,301.00k,--,Industrial Metals and Mining,General Mining,Metals & Mining,Diversified Metals & Mining,Metals & Mining,Precious Metals,Gold,--
IMI AU Equity,INFINITY MINING,AU,Common Stock,4.23M,--,--,--,Industrial Metals and Mining,General Mining,Metals & Mining,Diversified Metals & Mining,Metals & Mining,Precious Metals,Gold,--
MRST IN Equity,MODERN STEELS,IN,Common Stock,4.23M,0,3.52M,--,Industrial Metals and Mining,Iron and Steel,Metals & Mining,Steel,Steel,Steel Producers,--,--
PIM AU Equity,PINNACLE MINERAL,AU,Common Stock,4.21M,82.50k,4.33M,--,Industrial Metals and Mining,General Mining,Metals & Mining,Diversified Metals & Mining,Metals & Mining,Mineral & Precious Stone Mining,Mineral Mining,Clay
CR3 AU Equity,CORE ENERGY MINE,AU,Common Stock,4.19M,0,3.65M,--,Industrial Metals and Mining,General Mining,Metals & Mining,Diversified Metals & Mining,Metals & Mining,Precious Metals,Gold,--
SER AU Equity,STRATEGIC ENERGY,AU,Common Stock,4.18M,0,8.46M,--,Industrial Metals and Mining,General Mining,Metals & Mining,Diversified Metals & Mining,Oil & Gas Supply Chain,Exploration & Production,Crude Oil & Natural Gas E&P,--
CHR AU Equity,CHARGER METALS N,AU,Common Stock,4.18M,0,12.20M,--,Industrial Metals and Mining,General Mining,Metals & Mining,Diversified Metals & Mining,Metals & Mining,Mineral & Precious Stone Mining,Mineral Mining,Lithium
RDS AU Equity,REDSTONE RESOURC,AU,Common Stock,4.18M,82.66k,9.84M,--,Industrial Metals and Mining,General Mining,Metals & Mining,Diversified Metals & Mining,Metals & Mining,Base Metals,--,--
TYM LN Equity,TERTIARY MINERAL,GB,Common Stock,4.17M,312.81k,3.34M,--,Industrial Metals and Mining,General Mining,Metals & Mining,Diversified Metals & Mining,Metals & Mining,Base Metals,--,--
APX CN Equity,APEX RESOURCES I,CA,Common Stock,4.16M,0,5.57M,--,Industrial Metals and Mining,General Mining,Metals & Mining,Diversified Metals & Mining,Metals & Mining,Precious Metals,Gold,--
PER CN Equity,PERUVIAN METALS,CA,Common Stock,4.15M,3.42M,2.21M,--,Industrial Metals and Mining,General Mining,Metals & Mining,Diversified Metals & Mining,Metals & Mining,Precious Metals,--,--
HPL CN Equity,HORIZON PETROLEU,CA,Common Stock,4.14M,0,127.28k,--,Industrial Metals and Mining,General Mining,"Oil, Gas & Consumable Fuels",Oil & Gas Exploration & Production,Oil & Gas Supply Chain,Exploration & Production,Crude Oil & Natural Gas E&P,--
BMXI US Equity,BROOKMOUNT EXPLO,US,Common Stock,4.12M,23.47M,45.48M,--,Industrial Metals and Mining,General Mining,Metals & Mining,Diversified Metals & Mining,Metals & Mining,Precious Metals,--,--
AM5 AU Equity,ANTARES METALS L,AU,Common Stock,4.12M,--,4.11M,--,Industrial Metals and Mining,General Mining,Metals & Mining,Diversified Metals & Mining,Metals & Mining,Base Metals,"Nickel, Lead & Zinc",Nickel
BYH AU Equity,BRYAH RESOURCES,AU,Common Stock,4.11M,24.35k,12.43M,--,Industrial Metals and Mining,General Mining,Metals & Mining,Diversified Metals & Mining,Metals & Mining,Base Metals,--,--
RIE AU Equity,RIEDEL RESOURCES,AU,Common Stock,4.11M,8.94k,6.43M,--,Industrial Metals and Mining,General Mining,Metals & Mining,Diversified Metals & Mining,Metals & Mining,Mineral & Precious Stone Mining,--,--
SUM AU Equity,SUMMIT MINERALS,AU,Common Stock,4.10M,418.38k,13.35M,--,Industrial Metals and Mining,General Mining,Metals & Mining,Diversified Metals & Mining,Metals & Mining,Mineral & Precious Stone Mining,Mineral Mining,--
PLG AU Equity,PEARL GULL IRON,AU,Common Stock,4.09M,21.00k,10.17M,--,Industrial Metals and Mining,Iron and Steel,Metals & Mining,Steel,Metals & Mining,Iron,Iron Ore Mining,--
ABZ CN Equity,ASIABASEMETALS,CA,Common Stock,4.08M,0,25.53k,--,Industrial Metals and Mining,General Mining,Metals & Mining,Diversified Metals & Mining,Metals & Mining,Base Metals,--,--
NVX CN Equity,NV GOLD CORP,CA,Common Stock,3.99M,0,3.95M,--,Industrial Metals and Mining,General Mining,--,--,Metals & Mining,Precious Metals,Gold,--
ATI CN Equity,ALTAI RESOURCES,CA,Common Stock,3.99M,218.62k,5.99M,--,Industrial Metals and Mining,General Mining,"Oil, Gas & Consumable Fuels",Oil & Gas Exploration & Production,Oil & Gas Supply Chain,Exploration & Production,Crude Oil & Natural Gas E&P,Natural Gas Production
CCB CN Equity,CANADA CARBON IN,CA,Common Stock,3.98M,0,448.41k,--,Industrial Metals and Mining,General Mining,Metals & Mining,Diversified Metals & Mining,Metals & Mining,Base Metals,--,--
SST IN Equity,STEEL STRIPS INF,IN,Common Stock,3.98M,233.76k,16.27M,3,Industrial Metals and Mining,Iron and Steel,Real Estate Management & Development,Real Estate Operating Companies,Real Estate Owners & Developers,Retail Owners & Developers,--,--
TES CN Equity,TESORO MINERALS,CA,Common Stock,3.96M,0,299.07k,--,Industrial Metals and Mining,General Mining,Metals & Mining,Diversified Metals & Mining,Metals & Mining,Mineral & Precious Stone Mining,--,--
QURI CN Equity,QURI-MAYU DEVELO,CA,Common Stock,3.96M,--,1.12M,--,Industrial Metals and Mining,General Mining,--,--,Metals & Mining,Mineral & Precious Stone Mining,Mineral Mining,--
SRES LN Equity,SUNRISE RESOURCE,GB,Common Stock,3.94M,215.48k,4.10M,--,Industrial Metals and Mining,General Mining,Metals & Mining,Precious Metals & Minerals,Machinery,Construction & Mining Machinery,Mining Machinery & Equipment,Mining Material Handling Equip
OKJ AU Equity,OAKAJEE CORP,AU,Common Stock,3.93M,0,1.56M,--,Industrial Metals and Mining,General Mining,Metals & Mining,Diversified Metals & Mining,Construction Materials,Building Materials,Stone Building Products,Limestone
SUPREME IN Equity,SUPREME ENGINEER,IN,Common Stock,3.91M,30.44M,35.08M,--,Industrial Metals and Mining,Iron and Steel,Metals & Mining,Steel,Steel,Steel Producers,--,--
VYC/H CN Equity,VANITY CAPITAL I,CA,Common Stock,3.90M,0,135.15k,--,Industrial Metals and Mining,General Mining,--,--,Metals & Mining,Precious Metals,Gold,--
BMAL IN Equity,BOTHRA METALS &,IN,Common Stock,3.90M,4.69M,5.88M,--,Industrial Metals and Mining,Aluminum,Metals & Mining,Aluminum,Metals & Mining,Base Metals,Aluminum,--
MERG CN Equity,METAL ENERGY COR,CA,Common Stock,3.87M,0,1.55M,--,Industrial Metals and Mining,General Mining,Metals & Mining,Diversified Metals & Mining,Metals & Mining,Base Metals,--,--
JDN CN Equity,JAYDEN RESOURCES,CA,Common Stock,3.85M,0,8.26M,--,Industrial Metals and Mining,General Mining,Metals & Mining,Diversified Metals & Mining,Metals & Mining,Precious Metals,--,--
EDW/H CN Equity,EDGEWATER EXPLOR,CA,Common Stock,3.84M,0,676.41k,--,Industrial Metals and Mining,General Mining,Metals & Mining,Gold,Asset Management,Investment Companies,--,--
KNC CN Equity,K9 GOLD CORP,CA,Common Stock,3.82M,0,78.60k,--,Industrial Metals and Mining,General Mining,--,--,Metals & Mining,Precious Metals,Gold,--
SLB AU Equity,STELAR METALS LT,AU,Common Stock,3.81M,0,9.51M,--,Industrial Metals and Mining,Copper,Metals & Mining,Diversified Metals & Mining,Metals & Mining,Base Metals,--,--
ISP CN Equity,INSPIRATION ENER,CA,Common Stock,3.79M,--,728.69k,--,Industrial Metals and Mining,Copper,--,--,Metals & Mining,Mineral & Precious Stone Mining,Mineral Mining,--
SGZ CN Equity,SEGO RESOURCES I,CA,Common Stock,3.79M,0,7.20M,--,Industrial Metals and Mining,General Mining,Metals & Mining,Diversified Metals & Mining,Metals & Mining,Precious Metals,Gold,--
GZD CN Equity,GRIZZLY DISCOVER,CA,Common Stock,3.79M,0,11.66M,--,Industrial Metals and Mining,General Mining,Metals & Mining,Diversified Metals & Mining,Metals & Mining,Precious Metals,Gold,--
RTH CN Equity,RATHDOWNEY RESOU,CA,Common Stock,3.79M,0,68.51k,--,Industrial Metals and Mining,Nonferrous Metals,Metals & Mining,Diversified Metals & Mining,Metals & Mining,Base Metals,--,--
KSQ VN Equity,CNC CAPITAL VIET,VN,Common Stock,3.78M,451.04k,19.73M,8,Industrial Metals and Mining,Nonferrous Metals,Real Estate Management & Development,Real Estate Development,Metals & Mining,Base Metals,--,--
MOM AU Equity,MOAB MINERALS LT,AU,Common Stock,3.75M,0,6.39M,--,Industrial Metals and Mining,General Mining,Metals & Mining,Diversified Metals & Mining,Wholesale - Discretionary,Other Wholesalers,--,--
ETF CN Equity,EASTFIELD RES,CA,Common Stock,3.71M,0,1.70M,--,Industrial Metals and Mining,General Mining,Metals & Mining,Precious Metals & Minerals,Metals & Mining,Precious Metals,Gold,--
PLC AU Equity,PREMIER1 LITHIUM,AU,Common Stock,3.68M,484.32k,2.83M,--,Industrial Metals and Mining,General Mining,Metals & Mining,Diversified Metals & Mining,Metals & Mining,Mineral & Precious Stone Mining,Mineral Mining,--
AIV AU Equity,ACTIVEX LTD,AU,Common Stock,3.66M,0,5.90M,--,Industrial Metals and Mining,General Mining,Metals & Mining,Diversified Metals & Mining,Metals & Mining,Base Metals,Copper,--
SQX AU Equity,SQX RESOURCES LT,AU,Common Stock,3.59M,0,3.31M,--,Industrial Metals and Mining,General Mining,Metals & Mining,Diversified Metals & Mining,Metals & Mining,Mineral & Precious Stone Mining,Mineral Mining,--
M2R AU Equity,MIRAMAR RESOURCE,AU,Common Stock,3.58M,0,9.36M,--,Industrial Metals and Mining,General Mining,Metals & Mining,Gold,Metals & Mining,Precious Metals,Gold,--
FMM CN Equity,FULL METAL MIN-A,CA,Common Stock,3.57M,0,152.94k,--,Industrial Metals and Mining,General Mining,Metals & Mining,Diversified Metals & Mining,Metals & Mining,Base Metals,--,--
DAF AU Equity,DISCOVERY ALASKA,AU,Common Stock,3.51M,145,387.96k,--,Industrial Metals and Mining,General Mining,Metals & Mining,Diversified Metals & Mining,Metals & Mining,Precious Metals,--,--
RDSAP IN Equity,RISHABH DIGHA,IN,Common Stock,3.48M,191.03k,3.48M,3,Industrial Metals and Mining,Iron and Steel,Metals & Mining,Steel,Industrial Intermediate Prod,Fabricated Metal & Hardware,Fabricated Metal,Forging & Stamping
FIN AU Equity,FIN RESOURCES LT,AU,Common Stock,3.47M,0,3.42M,--,Industrial Metals and Mining,Nonferrous Metals,Metals & Mining,Diversified Metals & Mining,Metals & Mining,Precious Metals,Gold,--
GAMA CN Equity,GAMMA RESOURCES,CA,Common Stock,3.46M,0,513.68k,--,Industrial Metals and Mining,General Mining,"Oil, Gas & Consumable Fuels",Coal & Consumable Fuels,Metals & Mining,Mineral & Precious Stone Mining,Mineral Mining,Rare Earth
CAMARONE CI Equity,PAMPA CAMARONES,CL,Common Stock,3.45M,--,--,--,Industrial Metals and Mining,Copper,Metals & Mining,Copper,Metals & Mining,Base Metals,Copper,--
RBR AU Equity,RBR GROUP LTD,AU,Common Stock,3.44M,948.35k,4.26M,--,Industrial Metals and Mining,General Mining,Metals & Mining,Diversified Metals & Mining,Metals & Mining,Precious Metals,Gold,--
GALF RO Equity,GALFINBAND,RO,Common Stock,3.43M,4.88M,5.36M,--,Industrial Metals and Mining,Iron and Steel,--,--,Steel,Steel Producers,--,--
MTB AU Equity,MOUNT BURGESS,AU,Common Stock,3.41M,0,3.77M,--,Industrial Metals and Mining,General Mining,Metals & Mining,Diversified Metals & Mining,Metals & Mining,Base Metals,"Nickel, Lead & Zinc",--
IZN CN Equity,INZINC MINING LT,CA,Common Stock,3.38M,0,2.57M,--,Industrial Metals and Mining,General Mining,Metals & Mining,Diversified Metals & Mining,Metals & Mining,Base Metals,--,--
AYM LN Equity,ANGLESEY MINING,GB,Common Stock,3.38M,--,36.49M,--,Industrial Metals and Mining,General Mining,Metals & Mining,Diversified Metals & Mining,Metals & Mining,Base Metals,--,--
MINK CN Equity,MINK VENTURES CO,CA,Common Stock,3.38M,2.28k,319.87k,--,Industrial Metals and Mining,General Mining,--,--,Asset Management,Investment Companies,Blank Check,--
LFST CN Equity,LIFEIST WELLNESS,CA,Common Stock,3.32M,652.00k,5.62M,--,Industrial Metals and Mining,General Mining,Distributors,Distributors,Tobacco & Cannabis,Cannabis,--,--
REB MC Equity,REBAB CO SA,MA,Common Stock,3.31M,108.29k,4.07M,--,Industrial Metals and Mining,General Mining,Metals & Mining,Diversified Metals & Mining,Asset Management,Investment Management,--,--
MLCMG FP Equity,CMG CLEAN TECH S,FR,Common Stock,3.30M,--,--,--,Industrial Metals and Mining,General Mining,Metals & Mining,Diversified Metals & Mining,Renewable Energy,Renewable Energy Equipment,--,--
MAZ/H CN Equity,MAZARIN INC,CA,Common Stock,3.30M,10.90M,48.82M,--,Industrial Metals and Mining,General Mining,Metals & Mining,Diversified Metals & Mining,Construction Materials,Building Materials,Stone Building Products,--
CCD CN Equity,CASCADERO COPPER,CA,Common Stock,3.29M,0,85.01k,--,Industrial Metals and Mining,General Mining,Metals & Mining,Diversified Metals & Mining,Metals & Mining,Base Metals,Copper,--
MEE NZ Equity,ME TODAY LTD,NZ,Common Stock,3.28M,6.81M,14.08M,--,Industrial Metals and Mining,General Mining,Health Care Providers & Services,Health Care Distributors,Retail - Discretionary,Other Spec Retail - Discr,Health Supplement Stores,--
MQM CN Equity,METALQUEST MININ,CA,Common Stock,3.19M,0,997.48k,--,Industrial Metals and Mining,General Mining,Metals & Mining,Diversified Metals & Mining,Metals & Mining,Base Metals,--,--
NWIFF US Equity,NUINSCO RESOURCE,CA,Common Stock,3.19M,0,877.09k,--,Industrial Metals and Mining,Nonferrous Metals,Metals & Mining,Precious Metals & Minerals,Metals & Mining,Precious Metals,Gold,--
QBAT CN Equity,QUANTUM BATTERY,CA,Common Stock,3.15M,0,10.60M,--,Industrial Metals and Mining,General Mining,Metals & Mining,Diversified Metals & Mining,Metals & Mining,Base Metals,--,--
RJX/A CN Equity,RJK EXPLOR-A,CA,Common Stock,3.14M,0,281.31k,--,Industrial Metals and Mining,General Mining,Metals & Mining,Diversified Metals & Mining,Metals & Mining,Base Metals,--,--
ULT CN Equity,ULTRA LITHIUM IN,CA,Common Stock,3.14M,0,10.67M,--,Industrial Metals and Mining,General Mining,Metals & Mining,Diversified Metals & Mining,Metals & Mining,Mineral & Precious Stone Mining,Mineral Mining,Lithium
AWAW US Equity,WHITE FOX VENTUR,US,Common Stock,3.13M,0,41.68k,--,Industrial Metals and Mining,General Mining,Diversified Consumer Services,Education Services,Consumer Services,Educational Services,--,--
PEGA CN Equity,PEGASUS RESOURCE,CA,Common Stock,3.12M,0,1.71M,--,Industrial Metals and Mining,General Mining,Metals & Mining,Diversified Metals & Mining,Metals & Mining,Precious Metals,--,--
FUST US Equity,FUSE GROUP HOLDI,US,Common Stock,3.11M,503.71k,123.04k,--,Industrial Metals and Mining,General Mining,Professional Services,Research & Consulting Services,Metals & Mining,Mining Services,--,--
PBM CN Equity,PACIFIC BAY MINE,CA,Common Stock,3.10M,0,283.52k,--,Industrial Metals and Mining,General Mining,Metals & Mining,Diversified Metals & Mining,Metals & Mining,Precious Metals,--,--
IMPX IN Equity,IMPEX FERRO TECH,IN,Common Stock,3.10M,5.05M,31.75M,70,Industrial Metals and Mining,Iron and Steel,Metals & Mining,Steel,Metals & Mining,Base Metals,--,--
FMN CN Equity,FIDELITY MINERAL,CA,Common Stock,3.09M,0,7.52M,--,Industrial Metals and Mining,General Mining,--,--,Metals & Mining,Precious Metals,Gold,--
IPRO RO Equity,IPROLAM BUCUREST,RO,Common Stock,3.08M,13.47M,11.74M,39,Industrial Metals and Mining,Iron and Steel,--,--,Industrial Intermediate Prod,Fabricated Metal & Hardware,--,--
SHGI US Equity,SPARX HLDGS GROU,US,Common Stock,3.07M,--,150.28k,--,Industrial Metals and Mining,General Mining,Commercial Services & Supplies,Office Services & Supplies,Asset Management,Investment Companies,Blank Check,--
MON CN Equity,MONTERO MINING A,CA,Common Stock,3.07M,0,24.35M,--,Industrial Metals and Mining,General Mining,Metals & Mining,Diversified Metals & Mining,Metals & Mining,Base Metals,--,--
OM1 AU Equity,OMNIA METALS GRO,AU,Common Stock,3.04M,0,8.14M,--,Industrial Metals and Mining,General Mining,Metals & Mining,Diversified Metals & Mining,Metals & Mining,Base Metals,--,--
OPW CN Equity,OPAWICA EXPLORAT,CA,Common Stock,3.02M,0,5.69M,--,Industrial Metals and Mining,General Mining,Metals & Mining,Gold,Metals & Mining,Precious Metals,Gold,--
SKYG CN Equity,SKY GOLD CORP,CA,Common Stock,3.01M,0,1.13M,--,Industrial Metals and Mining,General Mining,--,--,Metals & Mining,Precious Metals,Gold,--
NEW/H CN Equity,NEW TARGET MININ,CA,Common Stock,3.01M,0,51.07k,--,Industrial Metals and Mining,General Mining,--,--,Metals & Mining,Mineral & Precious Stone Mining,Mineral Mining,--
SAO CN Equity,SOUTH ATLANTIC G,CA,Common Stock,3.00M,0,4.03M,--,Industrial Metals and Mining,General Mining,--,--,Metals & Mining,Base Metals,--,--
STNG CN Equity,STINGER RESOURCE,CA,Common Stock,2.99M,0,7.10M,--,Industrial Metals and Mining,General Mining,--,--,Metals & Mining,Precious Metals,--,--
DCOP CN Equity,DISTRICT COPPER,CA,Common Stock,2.99M,0,1.28M,--,Industrial Metals and Mining,General Mining,--,--,Metals & Mining,Mineral & Precious Stone Mining,--,--
CPL CN Equity,COPPER LAKE RESO,CA,Common Stock,2.97M,0,2.85M,--,Industrial Metals and Mining,General Mining,Metals & Mining,Diversified Metals & Mining,Metals & Mining,Mineral & Precious Stone Mining,--,--
CBLT CN Equity,CBLT INC,CA,Common Stock,2.96M,0,251.15k,--,Industrial Metals and Mining,General Mining,Metals & Mining,Diversified Metals & Mining,Metals & Mining,Base Metals,Cobalt,--
SILV CN Equity,SILVER VALLEY ME,CA,Common Stock,2.96M,0,5.20M,--,Industrial Metals and Mining,General Mining,Metals & Mining,Diversified Metals & Mining,Metals & Mining,Precious Metals,Silver,--
CEVI MS Equity,FKA ZA CEV.11OKT,MK,Common Stock,2.95M,17.59M,60.05M,--,Industrial Metals and Mining,Iron and Steel,--,--,Steel,Steel Producers,--,--
WIN CN Equity,WINDFALL GEOTEK,CA,Common Stock,2.94M,325.79k,384.74k,--,Industrial Metals and Mining,Nonferrous Metals,Software,Application Software,Metals & Mining,Precious Metals,Gold,--
ACS AU Equity,ACCENT RESOURCES,AU,Common Stock,2.94M,0,22.22M,--,Industrial Metals and Mining,General Mining,Metals & Mining,Steel,Metals & Mining,Precious Metals,Gold,--
MYR CN Equity,MERYLLION RESOUR,CA,Common Stock,2.89M,0,352.77k,--,Industrial Metals and Mining,General Mining,Metals & Mining,Diversified Metals & Mining,Metals & Mining,Mineral & Precious Stone Mining,--,--
NNX CN Equity,NICKEL NORTH EXP,CA,Common Stock,2.89M,0,34.17k,--,Industrial Metals and Mining,General Mining,--,--,Metals & Mining,Base Metals,--,--
NAPI OM Equity,NATL ALUM PROD,OM,Common Stock,2.87M,82.14M,83.86M,--,Industrial Metals and Mining,Aluminum,Metals & Mining,Aluminum,Industrial Intermediate Prod,Fabricated Metal & Hardware,Fabricated Metal,Forging & Stamping
MSCL PA Equity,METRO STEEL,PK,Common Stock,2.81M,25.21M,--,--,Industrial Metals and Mining,Iron and Steel,--,--,Steel,Steel Producers,--,--
AMC VN Equity,ASIA MINERAL JSC,VN,Common Stock,2.81M,9.67M,6.48M,109,Industrial Metals and Mining,General Mining,Chemicals,Commodity Chemicals,Metals & Mining,Mineral & Precious Stone Mining,--,--
ASI IN Equity,ASHIANA ISPAT,IN,Common Stock,2.81M,59.12M,31.89M,--,Industrial Metals and Mining,Iron and Steel,Metals & Mining,Steel,Steel,Steel Producers,--,--
SMR/H CN Equity,SHINE MINERALS C,CA,Common Stock,2.81M,0,265.28k,--,Industrial Metals and Mining,General Mining,Metals & Mining,Diversified Metals & Mining,Metals & Mining,Precious Metals,--,--
CZ/H CN Equity,CASSIUS VENTURES,CA,Common Stock,2.80M,0,3.16k,--,Industrial Metals and Mining,General Mining,--,--,Metals & Mining,Precious Metals,--,--
HEAL CN Equity,RESTART LIFE SCI,CA,Common Stock,2.76M,0,213.92k,--,Industrial Metals and Mining,General Mining,Biotechnology,Biotechnology,Biotech & Pharma,Biotech,--,--
SBAP IN Equity,SIBAR AUTO PARTS,IN,Common Stock,2.74M,4.01M,4.21M,78,Industrial Metals and Mining,Iron and Steel,Automobile Components,Automotive Parts & Equipment,Automotive,Auto Parts,--,--
ZCC/H CN Equity,ZENA MINING CORP,CA,Common Stock,2.72M,0,1.54M,--,Industrial Metals and Mining,General Mining,Metals & Mining,Diversified Metals & Mining,Metals & Mining,Mineral & Precious Stone Mining,--,--
PNT AU Equity,PANTHER METALS L,AU,Common Stock,2.71M,0,8.43M,--,Industrial Metals and Mining,General Mining,Metals & Mining,Diversified Metals & Mining,Metals & Mining,Base Metals,--,--
M3M AU Equity,M3 MINING LTD,AU,Common Stock,2.70M,0,2.12M,--,Industrial Metals and Mining,General Mining,Metals & Mining,Diversified Metals & Mining,Metals & Mining,Precious Metals,Gold,--
RXM CN Equity,ROCKEX MINING,CA,Common Stock,2.68M,0,761.59k,--,Industrial Metals and Mining,General Mining,Metals & Mining,Steel,Metals & Mining,Base Metals,--,--
ADDY CN Equity,ADELAYDE EXPLORA,CA,Common Stock,2.68M,0,2.44M,--,Industrial Metals and Mining,General Mining,--,--,Metals & Mining,Mineral & Precious Stone Mining,--,--
BITK CN Equity,BLOCKCHAINK2 COR,CA,Common Stock,2.65M,317.34k,529.33k,--,Industrial Metals and Mining,General Mining,Software,Application Software,Software,Application Software,Specialty Software,--
ADZ CN Equity,ADAMERA MINERALS,CA,Common Stock,2.65M,0,7.55M,--,Industrial Metals and Mining,Nonferrous Metals,Metals & Mining,Precious Metals & Minerals,Metals & Mining,Precious Metals,Gold,--
APC AU Equity,APC MINERALS LTD,AU,Common Stock,2.64M,0,1.56M,--,Industrial Metals and Mining,General Mining,Metals & Mining,Diversified Metals & Mining,Metals & Mining,Precious Metals,--,--
HSPI PA Equity,HUFFAZ SEAMLESS,PK,Common Stock,2.61M,17.24M,67.26M,--,Industrial Metals and Mining,Iron and Steel,Metals & Mining,Steel,Steel,Steel Producers,"Long, Pipe & Tubular",Pipe & Tubular
PGR CN Equity,PLANET GREEN MET,CA,Common Stock,2.61M,0,56.77k,--,Industrial Metals and Mining,General Mining,--,--,Metals & Mining,Mineral & Precious Stone Mining,Mineral Mining,Lithium
C7A AU Equity,CLARA RESOURCES,AU,Common Stock,2.60M,0,9.76M,--,Industrial Metals and Mining,Nonferrous Metals,Metals & Mining,Diversified Metals & Mining,Metals & Mining,Base Metals,--,--
BLDS CN Equity,BADLANDS RESOURC,CA,Common Stock,2.60M,0,865.21k,--,Industrial Metals and Mining,General Mining,Metals & Mining,Gold,Metals & Mining,Base Metals,--,--
PGOL US Equity,PATRIOT GOLD COR,US,Common Stock,2.60M,548.31k,858.59k,--,Industrial Metals and Mining,General Mining,Metals & Mining,Gold,Metals & Mining,Precious Metals,--,--
SCLTF US Equity,SEARCHLIGHT RESO,CA,Common Stock,2.56M,0,2.04M,--,Industrial Metals and Mining,General Mining,--,--,Metals & Mining,Mineral & Precious Stone Mining,--,--
AVW AU Equity,AVIRA RESOURCES,AU,Common Stock,2.53M,35.64k,1.80M,--,Industrial Metals and Mining,General Mining,Metals & Mining,Gold,Metals & Mining,Base Metals,--,--
ETU CN Equity,E2GOLD INC,CA,Common Stock,2.51M,0,212.95k,--,Industrial Metals and Mining,General Mining,--,--,Metals & Mining,Mineral & Precious Stone Mining,Mineral Mining,--
CMIL CN Equity,CAPELLA MINERALS,CA,Common Stock,2.51M,0,2.47M,--,Industrial Metals and Mining,General Mining,Metals & Mining,Diversified Metals & Mining,Metals & Mining,Base Metals,--,--
CRD CN Equity,COPPER ROAD RESO,CA,Common Stock,2.49M,0,899.34k,--,Industrial Metals and Mining,General Mining,Metals & Mining,Diversified Metals & Mining,Metals & Mining,Precious Metals,--,--
NEV CN Equity,NEVADA SUNRISE M,CA,Common Stock,2.48M,0,2.25M,--,Industrial Metals and Mining,General Mining,Metals & Mining,Diversified Metals & Mining,Metals & Mining,Base Metals,--,--
CBA CN Equity,CHAMPION BEAR RE,CA,Common Stock,2.47M,0,5.66M,--,Industrial Metals and Mining,General Mining,Metals & Mining,Diversified Metals & Mining,Metals & Mining,Precious Metals,--,--
FV/H CN Equity,FIRESTONE VENTUR,CA,Common Stock,2.47M,0,432.24k,--,Industrial Metals and Mining,General Mining,Metals & Mining,Diversified Metals & Mining,Metals & Mining,Mineral & Precious Stone Mining,--,--
SMRV CN Equity,SMOOTH ROCK VENT,CA,Common Stock,2.43M,0,1.58M,--,Industrial Metals and Mining,General Mining,Metals & Mining,Diversified Metals & Mining,Metals & Mining,Mining Services,--,--
MSC CN Equity,MILLENNIUM SILVE,CA,Common Stock,2.43M,0,54.51k,--,Industrial Metals and Mining,General Mining,Metals & Mining,Diversified Metals & Mining,Metals & Mining,Precious Metals,Silver,--
NTM AU Equity,NT MINERALS LTD,AU,Common Stock,2.42M,0,13.53M,--,Industrial Metals and Mining,Nonferrous Metals,Metals & Mining,Copper,Metals & Mining,Base Metals,Copper,Copper Mining
MT CN Equity,M3 METALS CORP,CA,Common Stock,2.42M,0,2.91M,--,Industrial Metals and Mining,General Mining,Metals & Mining,Diversified Metals & Mining,Metals & Mining,Iron,--,--
PSYG CN Equity,PSYENCE GROUP IN,CA,Common Stock,2.40M,0,11.82M,--,Industrial Metals and Mining,General Mining,Biotechnology,Biotechnology,Biotech & Pharma,Specialty & Generic Pharma,Specialty Pharma,--
QCX CN Equity,QCX GOLD CORP,CA,Common Stock,2.40M,0,4.77M,--,Industrial Metals and Mining,General Mining,--,--,Metals & Mining,Precious Metals,Gold,--
AZC PW Equity,AZTEC,PL,Common Stock,2.40M,11.94M,9.82M,62,Industrial Metals and Mining,Metal Fabricating,Machinery,Industrial Machinery & Supplies & Components,Industrial Intermediate Prod,Fabricated Metal & Hardware,--,--
GJST US Equity,GEO JS TECH GROU,US,Common Stock,2.36M,5.40M,2.73M,--,Industrial Metals and Mining,General Mining,--,--,Metals & Mining,Iron,Iron Ore Mining,--
ARE IN Equity,RAJDARSHAN INDS,IN,Common Stock,2.35M,285.42k,4.15M,3,Industrial Metals and Mining,General Mining,Commercial Services & Supplies,Diversified Support Services,Construction Materials,Building Materials,Stone Building Products,--
CMEL IN Equity,CRIMSON METAL EN,IN,Common Stock,2.35M,1.74M,6.49M,--,Industrial Metals and Mining,Iron and Steel,--,--,Steel,Steel Producers,"Long, Pipe & Tubular",Pipe & Tubular
IGEX US Equity,INDO GLOBAL EXCH,ID,Common Stock,2.33M,--,--,--,Industrial Metals and Mining,General Mining,Capital Markets,Investment Banking & Brokerage,Institutional Financial Svcs,Security & Cmdty Exchanges,--,--
KKC VN Equity,THANH THAI GROUP,VN,Common Stock,2.33M,5.36M,4.97M,8,Industrial Metals and Mining,Iron and Steel,Metals & Mining,Steel,Industrial Intermediate Prod,Fabricated Metal & Hardware,Fabricated Metal,Forging & Stamping
IZZ CN Equity,INTERNATIONAL PR,CA,Common Stock,2.32M,0,467.77k,--,Industrial Metals and Mining,Nonferrous Metals,Metals & Mining,Diversified Metals & Mining,Metals & Mining,Base Metals,--,--
AMFG IN Equity,AMFORGE INDS LTD,IN,Common Stock,2.32M,0,3.19M,--,Industrial Metals and Mining,Metal Fabricating,Trading Companies & Distributors,Trading Companies & Distributors,Industrial Intermediate Prod,Fabricated Metal & Hardware,Fabricated Metal,Forging & Stamping
SRCH US Equity,SEARCHLIGHT MINE,US,Common Stock,2.31M,0,187.44M,--,Industrial Metals and Mining,General Mining,Metals & Mining,Precious Metals & Minerals,Metals & Mining,Base Metals,Copper,Copper Smelting & Refining
GHR/H CN Equity,GOLDEN HARP RESO,CA,Common Stock,2.30M,0,15.73k,--,Industrial Metals and Mining,General Mining,--,--,Metals & Mining,Precious Metals,Gold,--
NEME MS Equity,OGRAZDEN STRUMIC,MK,Common Stock,2.29M,--,--,--,Industrial Metals and Mining,General Mining,--,--,Metals & Mining,Mineral & Precious Stone Mining,--,--
EGM CN Equity,ENGOLD MINES LTD,CA,Common Stock,2.27M,0,3.09M,--,Industrial Metals and Mining,General Mining,Metals & Mining,Diversified Metals & Mining,Metals & Mining,Precious Metals,Gold,--
DUN AU Equity,DUNDAS MINERALS,AU,Common Stock,2.25M,67.58k,5.06M,--,Industrial Metals and Mining,General Mining,Metals & Mining,Diversified Metals & Mining,Metals & Mining,Base Metals,Copper,Copper Mining
RYO CN Equity,RIO SILVER INC,CA,Common Stock,2.23M,0,385.46k,--,Industrial Metals and Mining,General Mining,Metals & Mining,Diversified Metals & Mining,Metals & Mining,Mining Services,--,--
GEMC CN Equity,GLOBAL ENERGY ME,CA,Common Stock,2.22M,0,4.69M,--,Industrial Metals and Mining,Nonferrous Metals,--,--,Metals & Mining,Base Metals,--,--
BMO AU Equity,BASTION MINERALS,AU,Common Stock,2.20M,0,3.39M,--,Industrial Metals and Mining,General Mining,Metals & Mining,Diversified Metals & Mining,Metals & Mining,Precious Metals,Gold,--
KEN LN Equity,KENDRICK RESOURC,GB,Common Stock,2.19M,0,4.91M,--,Industrial Metals and Mining,General Mining,Metals & Mining,Diversified Metals & Mining,Metals & Mining,Base Metals,"Nickel, Lead & Zinc",--
HNDI US Equity,HANDENI GOLD INC,TZ,Common Stock,2.09M,0,2.07M,3,Industrial Metals and Mining,General Mining,Metals & Mining,Gold,Metals & Mining,Precious Metals,Gold,--
PHD CN Equity,PROVIDENCE GOLD,CA,Common Stock,2.09M,0,67.79k,--,Industrial Metals and Mining,General Mining,--,--,Metals & Mining,Precious Metals,Gold,--
HVLTD IN Equity,HARIYANA VENTURE,IN,Common Stock,2.08M,91.77k,431.80k,--,Industrial Metals and Mining,Iron and Steel,--,--,Metals & Mining,Metals & Ore Whslrs & Traders,--,--
CHF LN Equity,CHESTERFIELD RES,GB,Common Stock,2.08M,0,599.31k,--,Industrial Metals and Mining,General Mining,--,--,Metals & Mining,Base Metals,--,--
ADG/H CN Equity,ARCUS DEVELOPMEN,CA,Common Stock,2.02M,0,31.30k,--,Industrial Metals and Mining,General Mining,--,--,Metals & Mining,Mineral & Precious Stone Mining,--,--
JJJ CN Equity,37 CAPITAL INC,CA,Common Stock,2.00M,0,191.74k,--,Industrial Metals and Mining,General Mining,Metals & Mining,Diversified Metals & Mining,Metals & Mining,Mineral & Precious Stone Mining,Mineral Mining,--
CONE CN Equity,CANADA ONE MININ,CA,Common Stock,2.00M,0,768.71k,--,Industrial Metals and Mining,General Mining,Metals & Mining,Diversified Metals & Mining,Metals & Mining,Base Metals,Uranium,--
MDM CN Equity,MADORO METALS CO,CA,Common Stock,1.99M,0,2.01M,--,Industrial Metals and Mining,General Mining,Metals & Mining,Diversified Metals & Mining,Metals & Mining,Precious Metals,--,--
VTT CN Equity,VENDETTA MINING,CA,Common Stock,1.99M,0,7.05M,--,Industrial Metals and Mining,General Mining,Metals & Mining,Diversified Metals & Mining,Metals & Mining,Base Metals,--,--
KASH CN Equity,INTELLABRIDGE TE,CA,Common Stock,1.99M,89.88k,339.17k,--,Industrial Metals and Mining,General Mining,Software,Application Software,Software,Application Software,Specialty Software,--
CPTR CN Equity,CAPTOR CAPITAL C,CA,Common Stock,1.98M,0,16.97M,--,Industrial Metals and Mining,General Mining,Pharmaceuticals,Pharmaceuticals,Asset Management,Investment Companies,--,--
JAIN IN Equity,JAIN MARMO INDUS,IN,Common Stock,1.97M,409.55k,1.13M,9,Industrial Metals and Mining,General Mining,--,--,Construction Materials,Building Materials,--,--
ALM CN Equity,ALLIANCE MINING,CA,Common Stock,1.92M,0,12.45k,--,Industrial Metals and Mining,General Mining,--,--,Metals & Mining,Precious Metals,--,--
DG CN Equity,DIXIE GOLD INC,CA,Common Stock,1.91M,0,1.01M,--,Industrial Metals and Mining,General Mining,Metals & Mining,Diversified Metals & Mining,Metals & Mining,Precious Metals,--,--
GEN CN Equity,GENERATION URANI,CA,Common Stock,1.91M,0,2.77M,--,Industrial Metals and Mining,General Mining,--,--,Asset Management,Private Equity,Venture Capital,--
CNJ AU Equity,CONICO LTD,AU,Common Stock,1.91M,0,3.47M,--,Industrial Metals and Mining,General Mining,Metals & Mining,Diversified Metals & Mining,Metals & Mining,Base Metals,--,--
VRB CN Equity,VANADIUMCORP RES,CA,Common Stock,1.87M,0,10.04M,--,Industrial Metals and Mining,Iron and Steel,Metals & Mining,Diversified Metals & Mining,Metals & Mining,Base Metals,--,--
MNI IN Equity,MONIND LTD,IN,Common Stock,1.86M,0,4.78M,--,Industrial Metals and Mining,Nonferrous Metals,Metals & Mining,Steel,Food,Agricultural Producers,Food Crop Processing,Sugar
VEC/H CN Equity,VANADIAN ENERGY,CA,Common Stock,1.85M,0,24.30k,--,Industrial Metals and Mining,Nonferrous Metals,Metals & Mining,Diversified Metals & Mining,Metals & Mining,Mining Services,--,--
GSS CN Equity,GOSSAN RES,CA,Common Stock,1.85M,0,616.19k,--,Industrial Metals and Mining,General Mining,Metals & Mining,Diversified Metals & Mining,Metals & Mining,Precious Metals,--,--
HZ CN Equity,HERTZ ENERGY INC,CA,Common Stock,1.84M,0,9.28M,--,Industrial Metals and Mining,General Mining,--,--,Metals & Mining,Mineral & Precious Stone Mining,Mineral Mining,Lithium
HCM/H CN Equity,HIGHCLIFF METALS,CA,Common Stock,1.84M,0,1.93M,--,Industrial Metals and Mining,Nonferrous Metals,Metals & Mining,Diversified Metals & Mining,Metals & Mining,Base Metals,--,--
FEX CN Equity,FJORDLAND EXPLOR,CA,Common Stock,1.82M,0,353.37k,--,Industrial Metals and Mining,General Mining,Metals & Mining,Diversified Metals & Mining,Metals & Mining,Precious Metals,Gold,--
EFF CN Equity,1844 RESOURCES I,CA,Common Stock,1.81M,0,863.36k,--,Industrial Metals and Mining,General Mining,Metals & Mining,Diversified Metals & Mining,Metals & Mining,Base Metals,Copper,Copper Mining
CTTH US Equity,CTT PHARMACEUTIC,CA,Common Stock,1.81M,0,2.04M,--,Industrial Metals and Mining,Nonferrous Metals,Pharmaceuticals,Pharmaceuticals,Biotech & Pharma,Specialty & Generic Pharma,Specialty Pharma,--
SLZ AU Equity,SULTAN RESOURCES,AU,Common Stock,1.80M,11.17k,9.82M,--,Industrial Metals and Mining,General Mining,Metals & Mining,Diversified Metals & Mining,Metals & Mining,Base Metals,--,--
GGX CN Equity,GGX GOLD CORP,CA,Common Stock,1.79M,0,954.38k,--,Industrial Metals and Mining,General Mining,--,--,Metals & Mining,Precious Metals,--,--
ABM CN Equity,ABEN GOLD CORP,CA,Common Stock,1.78M,0,14.57M,--,Industrial Metals and Mining,General Mining,Metals & Mining,Gold,Metals & Mining,Precious Metals,Gold,--
BRON CN Equity,BRONCO RESOURCES,CA,Common Stock,1.78M,0,2.73M,--,Industrial Metals and Mining,General Mining,Metals & Mining,Diversified Metals & Mining,Metals & Mining,Precious Metals,Gold,--
JBR CN Equity,JAMES BAY RES,CA,Common Stock,1.78M,0,65.52k,--,Industrial Metals and Mining,General Mining,Metals & Mining,Diversified Metals & Mining,Oil & Gas Supply Chain,Exploration & Production,Crude Oil & Natural Gas E&P,--
GVR CN Equity,GROSVENOR RESOUR,CA,Common Stock,1.77M,0,1.95M,--,Industrial Metals and Mining,General Mining,Metals & Mining,Diversified Metals & Mining,Metals & Mining,Base Metals,--,--
MLDYN FP Equity,DYNAFOND SA,FR,Common Stock,1.76M,4.87M,5.48M,--,Industrial Metals and Mining,Aluminum,Metals & Mining,Aluminum,Metals & Mining,Base Metals,Aluminum,--
ACM VN Equity,A CUONG MINERAL,VN,Common Stock,1.75M,0,37.16M,--,Industrial Metals and Mining,General Mining,Metals & Mining,Diversified Metals & Mining,Metals & Mining,Base Metals,Copper,Copper Mining
EOM CN Equity,ECO ORO MINERALS,CA,Common Stock,1.75M,0,415.72k,--,Industrial Metals and Mining,General Mining,Metals & Mining,Gold,Metals & Mining,Precious Metals,--,--
RCIT IN Equity,RCI INDUSTRIES &,IN,Common Stock,1.75M,421.57k,19.46M,119,Industrial Metals and Mining,Nonferrous Metals,Trading Companies & Distributors,Trading Companies & Distributors,Metals & Mining,Base Metals,--,--
PMTL IN Equity,P M TELELINKS,IN,Common Stock,1.74M,1.25M,2.01M,10,Industrial Metals and Mining,Iron and Steel,Trading Companies & Distributors,Trading Companies & Distributors,Steel,Steel Producers,--,--
SPI VN Equity,SPIRAL GALAXY JS,VN,Common Stock,1.74M,155.41k,15.20M,--,Industrial Metals and Mining,General Mining,Construction Materials,Construction Materials,Construction Materials,Cement & Aggregates,Aggregates,--
CARM CN Equity,CARMANAH MINERAL,CA,Common Stock,1.72M,0,515.03k,--,Industrial Metals and Mining,General Mining,--,--,Metals & Mining,Mineral & Precious Stone Mining,Mineral Mining,--
NATN CN Equity,NATION GOLD CORP,CA,Common Stock,1.70M,0,1.01M,--,Industrial Metals and Mining,General Mining,--,--,Metals & Mining,Precious Metals,--,--
TNST IN Equity,TAMILNADU STEEL,IN,Common Stock,1.70M,12.95M,6.88M,148,Industrial Metals and Mining,Iron and Steel,--,--,Steel,Steel Producers,--,--
CASC CN Equity,CASCADE COPPER C,CA,Common Stock,1.68M,--,1.55M,--,Industrial Metals and Mining,General Mining,--,--,Metals & Mining,Base Metals,Copper,--
ECS IN Equity,EAST COAST STEEL,IN,Common Stock,1.67M,2.82M,4.16M,--,Industrial Metals and Mining,Iron and Steel,--,--,Steel,Steel Producers,--,--
ICON CN Equity,INTERNATIONAL IC,CA,Common Stock,1.66M,0,13.92M,--,Industrial Metals and Mining,General Mining,Metals & Mining,Diversified Metals & Mining,Metals & Mining,Mineral & Precious Stone Mining,--,--
JADE CN Equity,JADE LEADER CORP,CA,Common Stock,1.64M,0,1.59M,--,Industrial Metals and Mining,General Mining,Metals & Mining,Diversified Metals & Mining,Metals & Mining,Precious Metals,Gold,--
HPM VN Equity,HOANG PHUC MINER,VN,Common Stock,1.61M,377.98k,3.77M,6,Industrial Metals and Mining,General Mining,Trading Companies & Distributors,Trading Companies & Distributors,Metals & Mining,Base Metals,--,--
ALEX NL Equity,ALUMINUM EXTRUSI,NG,Common Stock,1.60M,2.93M,4.27M,--,Industrial Metals and Mining,Aluminum,Metals & Mining,Aluminum,Industrial Intermediate Prod,Fabricated Metal & Hardware,--,--
ALT CN Equity,ALTURAS MINERALS,CA,Common Stock,1.60M,0,668.24k,--,Industrial Metals and Mining,General Mining,Metals & Mining,Diversified Metals & Mining,Metals & Mining,Precious Metals,Gold,--
TGX CN Equity,TGX ENERGY & RES,CA,Common Stock,1.59M,0,120.32k,--,Industrial Metals and Mining,General Mining,Metals & Mining,Diversified Metals & Mining,Metals & Mining,Base Metals,"Nickel, Lead & Zinc",Nickel
AORO CN Equity,ALORO MINING COR,CA,Common Stock,1.58M,0,673.59k,--,Industrial Metals and Mining,General Mining,Metals & Mining,Gold,Metals & Mining,Precious Metals,Gold,--
BY CN Equity,BEYOND LITHIUM I,CA,Common Stock,1.58M,0,402.68k,--,Industrial Metals and Mining,General Mining,--,--,Metals & Mining,Mineral & Precious Stone Mining,Mineral Mining,--
TEAL MS Equity,TEAL AD TETOVO,MK,Common Stock,1.58M,--,--,--,Industrial Metals and Mining,Aluminum,--,--,Machinery,Other Machinery & Equipment,--,--
LCM VN Equity,LAO CAI MINERAL,VN,Common Stock,1.55M,2.03M,10.81M,19,Industrial Metals and Mining,General Mining,Metals & Mining,Diversified Metals & Mining,Metals & Mining,Precious Metals,--,--
RLC AU Equity,REEDY LAGOON LTD,AU,Common Stock,1.55M,0,104.27k,--,Industrial Metals and Mining,General Mining,Metals & Mining,Diversified Metals & Mining,Metals & Mining,Base Metals,--,--
GMR CN Equity,GELUM RESOURCES,CA,Common Stock,1.55M,0,133.19k,--,Industrial Metals and Mining,General Mining,--,--,Oil & Gas Supply Chain,Exploration & Production,--,--
SRSW IN Equity,SHREE STEEL WIRE,IN,Common Stock,1.54M,2.05M,2.75M,46,Industrial Metals and Mining,Iron and Steel,--,--,Steel,Steel Producers,--,--
LTHM CN Equity,CHAMPION ELECTRI,CA,Common Stock,1.53M,0,1.16M,--,Industrial Metals and Mining,General Mining,Metals & Mining,Diversified Metals & Mining,Metals & Mining,Mineral & Precious Stone Mining,Mineral Mining,--
VENI CN Equity,VENCANNA VENTURE,CA,Common Stock,1.53M,6.18M,8.77M,--,Industrial Metals and Mining,General Mining,--,--,Tobacco & Cannabis,Cannabis,--,--
SN/H CN Equity,SENNEN POTASH CO,CA,Common Stock,1.49M,0,11.90k,--,Industrial Metals and Mining,General Mining,Chemicals,Fertilizers & Agricultural Chemicals,Asset Management,Investment Companies,--,--
AFF CN Equity,AFFINITY METALS,CA,Common Stock,1.47M,0,2.30M,--,Industrial Metals and Mining,General Mining,Metals & Mining,Diversified Metals & Mining,Metals & Mining,Base Metals,--,--
CUH CN Equity,COPPERHEAD RESOU,CA,Common Stock,1.46M,0,581.68k,--,Industrial Metals and Mining,General Mining,--,--,Metals & Mining,Precious Metals,--,--
WGF CN Equity,WESCAN GOLDFIELD,CA,Common Stock,1.46M,0,4.00k,--,Industrial Metals and Mining,General Mining,Metals & Mining,Gold,Metals & Mining,Precious Metals,--,--
TREN IN Equity,TRIVENI ENTERPRI,IN,Common Stock,1.45M,552.08k,2.15M,--,Industrial Metals and Mining,Iron and Steel,Distributors,Distributors,Steel,Steel Producers,--,--
APMI CN Equity,APOGEE MINERALS,CA,Common Stock,1.44M,0,745.11k,--,Industrial Metals and Mining,General Mining,--,--,Metals & Mining,Precious Metals,Silver,--
ATOM CN Equity,ATOMIC MINERALS,CA,Common Stock,1.44M,0,1.55M,--,Industrial Metals and Mining,General Mining,"Oil, Gas & Consumable Fuels",Coal & Consumable Fuels,Metals & Mining,Base Metals,Uranium,--
TORC CN Equity,TINONE RESOURCES,CA,Common Stock,1.42M,0,5.49M,--,Industrial Metals and Mining,General Mining,--,--,Asset Management,Investment Companies,Blank Check,--
AVU CN Equity,AVRUPA MINERALS,CA,Common Stock,1.42M,0,1.40M,--,Industrial Metals and Mining,General Mining,Metals & Mining,Diversified Metals & Mining,Oil & Gas Supply Chain,Exploration & Production,--,--
HANS CN Equity,HANSTONE GOLD CO,CA,Common Stock,1.42M,0,2.56M,--,Industrial Metals and Mining,General Mining,--,--,Metals & Mining,Precious Metals,Gold,--
TNO/H CN Equity,TERRENO RESOURCE,CA,Common Stock,1.41M,0,59.72k,--,Industrial Metals and Mining,General Mining,--,--,Metals & Mining,Precious Metals,Gold,--
MHI CN Equity,MINERAL HILL IND,CA,Common Stock,1.40M,0,26.63k,--,Industrial Metals and Mining,General Mining,--,--,Metals & Mining,Precious Metals,Gold,--
KYS/H CN Equity,KAYMUS RESOURCES,CA,Common Stock,1.39M,16.05k,2.44M,--,Industrial Metals and Mining,General Mining,"Oil, Gas & Consumable Fuels",Oil & Gas Exploration & Production,Oil & Gas Supply Chain,Exploration & Production,Crude Oil & Natural Gas E&P,--
TKU CN Equity,TARKU RESOURCES,CA,Common Stock,1.39M,0,4.31M,--,Industrial Metals and Mining,General Mining,--,--,Metals & Mining,Base Metals,Uranium,--
LWR CN Equity,LAKE WINN RESOUR,CA,Common Stock,1.38M,0,132.78k,--,Industrial Metals and Mining,General Mining,Metals & Mining,Diversified Metals & Mining,Metals & Mining,Base Metals,--,--
EGR CN Equity,ERG EXPLORATION,CA,Common Stock,1.37M,0,793.98k,--,Industrial Metals and Mining,Nonferrous Metals,--,--,Metals & Mining,Base Metals,--,--
BVG VN Equity,BAC VIET GROUP J,VN,Common Stock,1.34M,5.81k,3.49M,--,Industrial Metals and Mining,Iron and Steel,Metals & Mining,Steel,Steel,Steel Producers,--,--
KSH VN Equity,DAMAC GLS JSC,VN,Common Stock,1.32M,73.25,29.61M,--,Industrial Metals and Mining,General Mining,Metals & Mining,Diversified Metals & Mining,Asset Management,Investment Companies,--,--
RCT CN Equity,ROCHESTER RESOUR,CA,Common Stock,1.29M,14.32M,6.23M,--,Industrial Metals and Mining,General Mining,Metals & Mining,Precious Metals & Minerals,Metals & Mining,Precious Metals,--,--
AIG CN Equity,GENESIS AI CORP,CA,Common Stock,1.28M,777.62k,442.67k,--,Industrial Metals and Mining,General Mining,--,--,Software,Infrastructure Software,Security Software,--
LET/H CN Equity,LETHO RESOURCES,CA,Common Stock,1.27M,0,448.80k,--,Industrial Metals and Mining,General Mining,--,--,Oil & Gas Supply Chain,Exploration & Production,Crude Oil & Natural Gas E&P,--
GFM/H CN Equity,GFM RESOURCES,CA,Common Stock,1.25M,0,10.71k,--,Industrial Metals and Mining,General Mining,Metals & Mining,Diversified Metals & Mining,Metals & Mining,Mineral & Precious Stone Mining,--,--
ACR/H CN Equity,AUSCAN RESOURCES,CA,Common Stock,1.25M,0,35.25k,--,Industrial Metals and Mining,General Mining,"Oil, Gas & Consumable Fuels",Oil & Gas Exploration & Production,Metals & Mining,Mineral & Precious Stone Mining,--,--
SAN AU Equity,SAGALIO ENERGY L,HK,Common Stock,1.23M,740.06k,212.77k,--,Industrial Metals and Mining,Iron and Steel,"Oil, Gas & Consumable Fuels",Oil & Gas Exploration & Production,Metals & Mining,Iron,Iron Ore Mining,--
BWR CN Equity,BWR EXPLORATION,CA,Common Stock,1.21M,0,183.27,--,Industrial Metals and Mining,General Mining,--,--,Metals & Mining,Mineral & Precious Stone Mining,--,--
ASII US Equity,ACCREDITED SOLUT,US,Common Stock,1.21M,1.04M,335.78k,--,Industrial Metals and Mining,General Mining,Beverages,Soft Drinks & Non-alcoholic Beverages,Beverages,Non-Alcoholic Beverages,--,--
SYG CN Equity,SYLLA GOLD CORP,CA,Common Stock,1.21M,0,70.43k,--,Industrial Metals and Mining,General Mining,Metals & Mining,Diversified Metals & Mining,Metals & Mining,Precious Metals,Gold,--
MXL/H CN Equity,MX GOLD CORP,CA,Common Stock,1.20M,0,56.31k,--,Industrial Metals and Mining,General Mining,Metals & Mining,Diversified Metals & Mining,Metals & Mining,Precious Metals,Gold,--
MYFL IN Equity,MAYUR FLOORINGS,IN,Common Stock,1.19M,1.14M,1.30M,--,Industrial Metals and Mining,General Mining,--,--,Construction Materials,Building Materials,"Brick, Tile & Clay Bldg Matl",--
DTWO CN Equity,D2 LITHIUM CORP,CA,Common Stock,1.19M,0,6.24M,--,Industrial Metals and Mining,General Mining,Metals & Mining,Diversified Metals & Mining,Metals & Mining,Mineral & Precious Stone Mining,Mineral Mining,Lithium
RMD CN Equity,RICHMOND MINERAL,CA,Common Stock,1.19M,0,3.10M,--,Industrial Metals and Mining,General Mining,Metals & Mining,Diversified Metals & Mining,Metals & Mining,Base Metals,--,--
PDQ CN Equity,PARADIGM GOLD CO,CA,Common Stock,1.19M,0,21.70k,--,Industrial Metals and Mining,General Mining,--,--,Metals & Mining,Mineral & Precious Stone Mining,--,--
BANA MS Equity,RUDNICI BANANI S,MK,Common Stock,1.18M,--,--,--,Industrial Metals and Mining,General Mining,--,--,Metals & Mining,Mineral & Precious Stone Mining,Mineral Mining,--
CLUS CN Equity,COLOSSUS RESOURC,CA,Common Stock,1.16M,0,6.75k,--,Industrial Metals and Mining,General Mining,--,--,Metals & Mining,Mineral & Precious Stone Mining,Mineral Mining,--
TRAN CN Equity,CLEAN ENERGY TRA,CA,Common Stock,1.14M,139.73k,1.52M,--,Industrial Metals and Mining,General Mining,Metals & Mining,Diversified Metals & Mining,Metals & Mining,Iron,Iron Ore Mining,--
HARY CN Equity,HARRYS MANUFACTU,CA,Common Stock,1.13M,54.07k,82.54k,--,Industrial Metals and Mining,General Mining,Metals & Mining,Diversified Metals & Mining,Tobacco & Cannabis,Tobacco,Tobacco Products,--
NEWD CN Equity,NEWFOUNDLAND DIS,CA,Common Stock,1.12M,0,54.04k,--,Industrial Metals and Mining,General Mining,Metals & Mining,Diversified Metals & Mining,Metals & Mining,Precious Metals,Gold,--
NVT CN Equity,NORTEC MINERALS,CA,Common Stock,1.12M,0,568.89k,--,Industrial Metals and Mining,General Mining,Metals & Mining,Diversified Metals & Mining,Metals & Mining,Precious Metals,Platinum Group,--
MFSI IN Equity,MFS INTERCORP LT,IN,Common Stock,1.07M,53.30k,1.08M,--,Industrial Metals and Mining,Iron and Steel,Metals & Mining,Steel,Commercial Support Services,Professional Services,--,--
PATH CN Equity,NEWPATH RESOURCE,CA,Common Stock,1.06M,0,220.21k,--,Industrial Metals and Mining,General Mining,--,--,Metals & Mining,Precious Metals,--,--
IRI CN Equity,IEMR RESOURCES I,CA,Common Stock,1.04M,0,480.87k,--,Industrial Metals and Mining,General Mining,--,--,Metals & Mining,Base Metals,--,--
GHL CN Equity,GOLDHILLS HOLDIN,CA,Common Stock,1.03M,0,289.84k,--,Industrial Metals and Mining,General Mining,Metals & Mining,Diversified Metals & Mining,Metals & Mining,Precious Metals,Gold,--
GBML CN Equity,GLOBAL BATTERY M,CA,Common Stock,1.03M,0,6.65M,--,Industrial Metals and Mining,General Mining,Metals & Mining,Diversified Metals & Mining,Metals & Mining,Precious Metals,--,--
GAEL IN Equity,GOLKONDA ALUMINI,IN,Common Stock,1.03M,49.34k,469.85M,--,Industrial Metals and Mining,Aluminum,Metals & Mining,Aluminum,Metals & Mining,Base Metals,Aluminum,Aluminum Smelting & Refining
MEAT CN Equity,MODERN PLANT BAS,CA,Common Stock,1.02M,700.40k,671.56k,--,Industrial Metals and Mining,General Mining,Food Products,Packaged Foods & Meats,Food,Packaged Food,"Protein, Dairy & Other Food Alt",Protein Alternatives
MKT CN Equity,DEEPMARKIT CORP,CA,Common Stock,1.01M,0,187.32k,--,Industrial Metals and Mining,General Mining,Software,Application Software,Advertising & Marketing,Advertising & Marketing,Advertising Agencies & Svcs,E-Marketing
MY CN Equity,MONTEGO RESOURCE,CA,Common Stock,1.01M,0,1.50M,--,Industrial Metals and Mining,General Mining,--,--,Metals & Mining,Base Metals,--,--
FTJ CN Equity,FORT ST. JAMES N,CA,Common Stock,1.01M,0,8.41k,--,Industrial Metals and Mining,General Mining,--,--,Metals & Mining,Base Metals,--,--
MHL VN Equity,MINH HUU LIEN JS,VN,Common Stock,1.00M,1.89M,10.99M,4,Industrial Metals and Mining,Iron and Steel,Metals & Mining,Steel,Home & Office Products,Furniture,--,--
LITS CN Equity,LITHOS GROUP LTD,CA,Common Stock,997.46k,0,1.25M,--,Industrial Metals and Mining,General Mining,--,--,Metals & Mining,Mineral & Precious Stone Mining,Mineral Mining,Lithium
NED CN Equity,NEW DESTINY MINI,CA,Common Stock,990.40k,0,34.53k,--,Industrial Metals and Mining,General Mining,--,--,Metals & Mining,Mineral & Precious Stone Mining,--,--
RTM CN Equity,RT MINERALS CORP,CA,Common Stock,941.67k,0,449.75k,--,Industrial Metals and Mining,Nonferrous Metals,--,--,Metals & Mining,Precious Metals,Gold,--
VKG/H CN Equity,NORSE GOLD CORP,CA,Common Stock,929.30k,0,1.08M,--,Industrial Metals and Mining,General Mining,--,--,Metals & Mining,Mineral & Precious Stone Mining,--,--
CTN CN Equity,CENTURION MINERA,CA,Common Stock,914.62k,0,209.93k,--,Industrial Metals and Mining,General Mining,Metals & Mining,Gold,Metals & Mining,Mineral & Precious Stone Mining,Mineral Mining,--
ADIS IN Equity,ADITYA ISPAT LTD,IN,Common Stock,894.87k,7.97M,6.96M,15,Industrial Metals and Mining,Iron and Steel,Metals & Mining,Steel,Steel,Steel Producers,--,--
VLBH IN Equity,VALLABH STEELS,IN,Common Stock,893.42k,0,4.58M,5,Industrial Metals and Mining,Iron and Steel,Metals & Mining,Steel,Steel,Steel Producers,"Long, Pipe & Tubular",Pipe & Tubular
EPO/H CN Equity,ENCANTO POTASH C,CA,Common Stock,888.10k,0,106.78k,--,Industrial Metals and Mining,General Mining,Chemicals,Fertilizers & Agricultural Chemicals,Metals & Mining,Mineral & Precious Stone Mining,Mineral Mining,"Potash, Soda, Borate"
FWM CN Equity,FLOW METALS CORP,CA,Common Stock,878.77k,--,522.62k,--,Industrial Metals and Mining,General Mining,--,--,Metals & Mining,Precious Metals,Gold,--
TKG VN Equity,TUNG KHANH TRADI,VN,Common Stock,869.09k,7.58M,6.19M,9,Industrial Metals and Mining,Iron and Steel,Trading Companies & Distributors,Trading Companies & Distributors,Retail - Discretionary,Home Products Stores,Building Materials Dealers,--
UTP IN Equity,UNITECH INTL LTD,IN,Common Stock,869.03k,1.94k,2.21M,--,Industrial Metals and Mining,Metal Fabricating,Trading Companies & Distributors,Trading Companies & Distributors,Industrial Intermediate Prod,Fabricated Metal & Hardware,--,--
BST CN Equity,BESSOR MINERALS,CA,Common Stock,856.68k,0,64.07k,--,Industrial Metals and Mining,General Mining,Metals & Mining,Diversified Metals & Mining,Metals & Mining,Precious Metals,Gold,--
FREE CN Equity,FREE BATTERY MET,CA,Common Stock,844.74k,--,139.49k,--,Industrial Metals and Mining,General Mining,--,--,Metals & Mining,Mineral & Precious Stone Mining,Mineral Mining,Lithium
HRI IN Equity,HEERA ISPAT LTD,IN,Common Stock,838.51k,0,112.29k,--,Industrial Metals and Mining,Iron and Steel,Metals & Mining,Steel,Steel,Steel Producers,--,--
PURR CN Equity,PANTHER MINERALS,CA,Common Stock,837.77k,--,--,--,Industrial Metals and Mining,General Mining,--,--,Metals & Mining,Mineral & Precious Stone Mining,--,--
MLX IN Equity,MAHALAXMI SEAML,IN,Common Stock,833.51k,338.12k,557.89k,--,Industrial Metals and Mining,Iron and Steel,Metals & Mining,Steel,Steel,Steel Producers,--,--
MIM VN Equity,MINERAL AND MECH,VN,Common Stock,821.19k,7.56M,5.82M,21,Industrial Metals and Mining,General Mining,Metals & Mining,Diversified Metals & Mining,Metals & Mining,Mineral & Precious Stone Mining,--,--
BER/H CN Equity,BE RESOURCES INC,CA,Common Stock,808.85k,0,22.52k,--,Industrial Metals and Mining,General Mining,--,--,Wholesale - Discretionary,Apparel & Footwear Whslrs,Footwear Wholesalers,--
HLA VN Equity,HLA CORP,VN,Common Stock,789.98k,623.89k,16.01M,25,Industrial Metals and Mining,Iron and Steel,Metals & Mining,Steel,Steel,Steel Producers,"Long, Pipe & Tubular",Pipe & Tubular
ELM CN Equity,ELEMENT LIFESTYL,CA,Common Stock,771.95k,1.18M,1.24M,--,Industrial Metals and Mining,General Mining,--,--,Health Care Facilities & Svcs,Health Care Facilities,Nursing & Residential Care,--
UTLI IN Equity,UTL INDUSTRIES L,IN,Common Stock,769.67k,28.99k,817.33k,--,Industrial Metals and Mining,Iron and Steel,Construction & Engineering,Construction & Engineering,Steel,Steel Producers,--,--
SBD CN Equity,SBD CAPITAL CORP,CA,Common Stock,768.65k,15.45k,11.64k,--,Industrial Metals and Mining,General Mining,Metals & Mining,Diversified Metals & Mining,Asset Management,Investment Companies,--,--
SA/H CN Equity,SOUTHERN ARC M/A,CA,Common Stock,752.41k,0,306.76k,--,Industrial Metals and Mining,General Mining,Metals & Mining,Diversified Metals & Mining,Metals & Mining,Precious Metals,Gold,--
CUCU CN Equity,GLOBAL COPPER CO,CA,Common Stock,744.63k,0,161.59k,--,Industrial Metals and Mining,General Mining,Metals & Mining,Copper,Metals & Mining,Base Metals,Copper,--
FCGD US Equity,FIRST COLOMBIA G,CO,Common Stock,733.67k,--,8.24M,--,Industrial Metals and Mining,General Mining,--,--,Metals & Mining,Mineral & Precious Stone Mining,--,--
UARI US Equity,URANIUM AMERICAN,US,Common Stock,723.22k,--,--,--,Industrial Metals and Mining,General Mining,Metals & Mining,Precious Metals & Minerals,Metals & Mining,Precious Metals,--,--
MTLI US Equity,METALINE CONTACT,US,Common Stock,722.25k,87.41k,693.69k,--,Industrial Metals and Mining,General Mining,Metals & Mining,Diversified Metals & Mining,Metals & Mining,Mineral & Precious Stone Mining,--,--
UNO/H CN Equity,NORTHERN URANIUM,CA,Common Stock,719.76k,0,16.75k,--,Industrial Metals and Mining,Nonferrous Metals,"Oil, Gas & Consumable Fuels",Coal & Consumable Fuels,Asset Management,Investment Companies,--,--
HAWK CN Equity,HAWKEYE GOLD & D,CA,Common Stock,668.38k,0,36.06k,--,Industrial Metals and Mining,General Mining,Metals & Mining,Diversified Metals & Mining,Metals & Mining,Precious Metals,--,--
CSL/H CN Equity,COMSTOCK METALS,CA,Common Stock,649.99k,0,764.15k,--,Industrial Metals and Mining,General Mining,Metals & Mining,Precious Metals & Minerals,Metals & Mining,Precious Metals,--,--
CMI VN Equity,CMISTONE JSC,VN,Common Stock,642.21k,2.19M,13.25M,31,Industrial Metals and Mining,General Mining,"Oil, Gas & Consumable Fuels",Oil & Gas Refining & Marketing,Construction Materials,Cement & Aggregates,Aggregates,--
BIGT CN Equity,BIG TREE CARBON,CA,Common Stock,620.60k,0,851.70k,--,Industrial Metals and Mining,General Mining,Metals & Mining,Gold,Metals & Mining,Precious Metals,Gold,--
GISG IN Equity,GOPAL IRON & STE,IN,Common Stock,615.58k,573.15k,505.53k,--,Industrial Metals and Mining,Iron and Steel,Metals & Mining,Steel,Steel,Steel Producers,--,--
NIR/H CN Equity,NOBLE IRON INC,US,Common Stock,597.32k,0,1.23M,--,Industrial Metals and Mining,Iron and Steel,Software,Application Software,Software,Application Software,Enterprise Software,--
VXL CN Equity,VAXIL BIO LTD,CA,Common Stock,570.13k,0,823.58k,--,Industrial Metals and Mining,General Mining,Biotechnology,Biotechnology,Biotech & Pharma,Biotech,--,--
USLI CN Equity,AMERICAN SALARS,CA,Common Stock,536.10k,--,61.75k,--,Industrial Metals and Mining,General Mining,--,--,Metals & Mining,Mineral & Precious Stone Mining,Mineral Mining,--
FRQN US Equity,FREQUENCY HOLDIN,US,Common Stock,532.07k,7.30M,872.37k,--,Industrial Metals and Mining,General Mining,--,--,Food,Packaged Food,Dairy Products,Ice Cream
AVM/X CN Equity,AVARONE METALS I,CA,Common Stock,500.63k,0,21.63k,--,Industrial Metals and Mining,General Mining,Metals & Mining,Diversified Metals & Mining,Metals & Mining,Precious Metals,--,--
VDO/H CN Equity,NEVADO RESOURCES,CA,Common Stock,468.42k,0,603.42k,--,Industrial Metals and Mining,General Mining,Metals & Mining,Diversified Metals & Mining,Metals & Mining,Base Metals,--,--
IZ CN Equity,INTERNATIONAL ZE,CA,Common Stock,464.48k,687.18k,557.38k,--,Industrial Metals and Mining,General Mining,--,--,Metals & Mining,Mineral & Precious Stone Mining,--,--
SMGI US Equity,SMG INDUSTRIES I,US,Common Stock,447.16k,102.45M,32.53M,--,Industrial Metals and Mining,Nonferrous Metals,Energy Equipment & Services,Oil & Gas Equipment & Services,Transportation & Logistics,Trucking,Specialized Freight Trucking Svcs,--
NER/H CN Equity,NEWMAC RESOURCES,CA,Common Stock,425.68k,0,24.24k,--,Industrial Metals and Mining,General Mining,Metals & Mining,Diversified Metals & Mining,Oil & Gas Supply Chain,Exploration & Production,--,--
AFR CN Equity,AFR NUVENTURE RE,CA,Common Stock,414.19k,0,104.20k,--,Industrial Metals and Mining,Nonferrous Metals,Metals & Mining,Diversified Metals & Mining,Metals & Mining,Precious Metals,--,--
KEON/H CN Equity,KEON CAPITAL INC,CA,Common Stock,409.38k,0,8.76k,--,Industrial Metals and Mining,General Mining,--,--,Metals & Mining,Precious Metals,--,--
IDI/H CN Equity,INDICO RES LTD,CA,Common Stock,408.98k,0,15.80k,--,Industrial Metals and Mining,General Mining,Metals & Mining,Diversified Metals & Mining,Metals & Mining,Base Metals,Copper,Copper Mining
BRL/H CN Equity,BEARCLAW CAP CRP,CA,Common Stock,401.73k,0,242.32k,--,Industrial Metals and Mining,General Mining,--,--,Metals & Mining,Base Metals,--,--
PGA CN Equity,PEGMATITE ONE LI,CA,Common Stock,394.76k,0,551.19k,--,Industrial Metals and Mining,General Mining,--,--,Metals & Mining,Precious Metals,Gold,--
NSHS CN Equity,NANOSPHERE HEALT,CA,Common Stock,393.91k,0,21.98k,--,Industrial Metals and Mining,General Mining,Pharmaceuticals,Pharmaceuticals,Biotech & Pharma,Biotech,--,--
INFX US Equity,INFINEX VENTURES,CA,Common Stock,384.43k,0,1.63k,--,Industrial Metals and Mining,General Mining,--,--,Metals & Mining,Base Metals,--,--
Z/H CN Equity,ZINC ONE RESOURC,CA,Common Stock,382.39k,0,56.98k,--,Industrial Metals and Mining,General Mining,Metals & Mining,Diversified Metals & Mining,Metals & Mining,Base Metals,"Nickel, Lead & Zinc",Zinc
CMT CN Equity,CULLINAN METALS,CA,Common Stock,355.23k,0,480.98k,--,Industrial Metals and Mining,General Mining,--,--,Metals & Mining,Mineral & Precious Stone Mining,Mineral Mining,--
RMRK US Equity,RIMROCK GOLD COR,US,Common Stock,355.21k,0,425.06k,--,Industrial Metals and Mining,General Mining,--,--,Metals & Mining,Precious Metals,--,--
LSD/H CN Equity,LIGHTSPEED DISCO,CA,Common Stock,344.87k,0,14.96k,--,Industrial Metals and Mining,Nonferrous Metals,Metals & Mining,Diversified Metals & Mining,Metals & Mining,Base Metals,Uranium,--
CMO/H CN Equity,CLIFFMONT RESOUR,CA,Common Stock,336.44k,0,16.09k,--,Industrial Metals and Mining,General Mining,Metals & Mining,Diversified Metals & Mining,Metals & Mining,Base Metals,--,--
OATN US Equity,OAT INC,CA,Common Stock,335.48k,--,--,--,Industrial Metals and Mining,General Mining,Metals & Mining,Gold,Metals & Mining,Precious Metals,Gold,--
HCC/H CN Equity,HANNA CAPITAL CO,CA,Common Stock,310.92k,0,495.21k,--,Industrial Metals and Mining,General Mining,Capital Markets,Asset Management & Custody Banks,Oil & Gas Supply Chain,Exploration & Production,--,--
BUSC US Equity,BLUE STAR GLOBAL,US,Common Stock,310.59k,--,--,--,Industrial Metals and Mining,Nonferrous Metals,"Oil, Gas & Consumable Fuels",Coal & Consumable Fuels,Metals & Mining,Base Metals,--,--
CHIP/H CN Equity,HEALTH LOGIC INT,CA,Common Stock,308.62k,0,22.37k,--,Industrial Metals and Mining,General Mining,IT Services,Internet Services & Infrastructure,Software,Application Software,Specialty Software,Health Care Software
SXM SJ Equity,SABLE EXPLORATIO,ZA,Common Stock,296.96k,0,1.65M,--,Industrial Metals and Mining,General Mining,Metals & Mining,Precious Metals & Minerals,Metals & Mining,Mineral & Precious Stone Mining,Precious Stone Mining,Diamonds
VAX CN Equity,VANTEX RESOURCES,CA,Common Stock,289.72k,0,612.77k,--,Industrial Metals and Mining,General Mining,Metals & Mining,Gold,Metals & Mining,Precious Metals,Gold,--
UAV CN Equity,GLOBAL UAV TECHN,CA,Common Stock,256.56k,0,191.35k,--,Industrial Metals and Mining,General Mining,Commercial Services & Supplies,Diversified Support Services,Aerospace & Defense,Aircraft & Parts,Aircraft Parts,Aircraft Electronics
CNTR CN Equity,CENTR BRANDS COR,CA,Common Stock,254.62k,0,20.06k,--,Industrial Metals and Mining,General Mining,--,--,Beverages,Non-Alcoholic Beverages,--,--
STGZ US Equity,STARGAZE ENTERTA,CA,Common Stock,159.06k,--,--,--,Industrial Metals and Mining,General Mining,--,--,Metals & Mining,Base Metals,--,--
NWPG US Equity,NEWPORT GOLD INC,CA,Common Stock,99.95k,--,--,--,Industrial Metals and Mining,General Mining,--,--,Metals & Mining,Precious Metals,Gold,--
USCS US Equity,USCORP,US,Common Stock,69.93k,0,1.88M,--,Industrial Metals and Mining,General Mining,Metals & Mining,Precious Metals & Minerals,Metals & Mining,Precious Metals,Gold,--
ECPN US Equity,EL CAPITAN PRECI,US,Common Stock,66.39k,0,1.55M,2,Industrial Metals and Mining,General Mining,Metals & Mining,Precious Metals & Minerals,Metals & Mining,Precious Metals,Gold,--
NWTT US Equity,NW TECH CAPITAL,US,Common Stock,47.95k,0,64.65k,--,Industrial Metals and Mining,General Mining,Metals & Mining,Diversified Metals & Mining,Asset Management,Investment Companies,Investment Holding Companies,--
PRMO US Equity,PROM RESOURCES I,US,Common Stock,43.00k,--,--,--,Industrial Metals and Mining,General Mining,--,--,Metals & Mining,Precious Metals,--,--
FMNJ US Equity,FRANKLIN MINING,US,Common Stock,42.50k,0,280.12k,--,Industrial Metals and Mining,General Mining,--,--,Metals & Mining,Base Metals,--,--
MJRX CN Equity,GLOBAL HEALTH CL,CA,Common Stock,42.02k,93.21k,32.52k,--,Industrial Metals and Mining,General Mining,Health Care Providers & Services,Health Care Services,Health Care Facilities & Svcs,Health Care Services,Outpatient Health Services,--
PERT US Equity,PERMANENT TECHNO,US,Common Stock,39.19k,--,--,--,Industrial Metals and Mining,Metal Fabricating,Machinery,Industrial Machinery & Supplies & Components,Industrial Intermediate Prod,Fabricated Metal & Hardware,--,--
ETEK US Equity,ECO-TEK GROUP IN,CA,Common Stock,38.09k,--,--,--,Industrial Metals and Mining,General Mining,Chemicals,Commodity Chemicals,Metals & Mining,Mineral & Precious Stone Mining,--,--
GROO US Equity,GROOVY COMPANY I,DO,Common Stock,37.10k,0,128.48k,--,Industrial Metals and Mining,General Mining,Metals & Mining,Diversified Metals & Mining,Internet Media & Services,Internet Media & Services,Internet Advertising Portals,--
MMMM US Equity,QUAD M SOLUTIONS,US,Common Stock,32.97k,--,--,--,Industrial Metals and Mining,General Mining,--,--,Metals & Mining,Mineral & Precious Stone Mining,--,--
GSDC US Equity,GOLDSANDS DEVELO,PE,Common Stock,28.84k,--,291.90k,--,Industrial Metals and Mining,General Mining,Metals & Mining,Gold,Metals & Mining,Precious Metals,Gold,--
ASPT US Equity,ALADDIN SEP TECH,US,Common Stock,26.16k,0,1.19M,2,Industrial Metals and Mining,General Mining,--,--,Machinery,Pollution Control Equipment,--,--
ARAO US Equity,AURASOURCE INC,US,Common Stock,21.05k,176.29k,172.47k,--,Industrial Metals and Mining,General Mining,Commercial Services & Supplies,Environmental & Facilities Services,Metals & Mining,Precious Metals,--,--
FRMA US Equity,FIRMA HOLDINGS C,US,Common Stock,18.09k,--,--,--,Industrial Metals and Mining,General Mining,Metals & Mining,Diversified Metals & Mining,Metals & Mining,Base Metals,--,--
FUTS US Equity,FUTURE SCIENCE H,CL,Common Stock,14.58k,--,7.14M,--,Industrial Metals and Mining,Nonferrous Metals,Metals & Mining,Diversified Metals & Mining,Metals & Mining,Base Metals,--,--
GSIH US Equity,GENERAL STEEL HO,CN,Common Stock,13.96k,0,25.38M,--,Industrial Metals and Mining,Iron and Steel,Trading Companies & Distributors,Trading Companies & Distributors,Steel,Steel Producers,--,--
SGTM US Equity,SUSTAINABLE GREE,US,Common Stock,9.81k,--,--,--,Industrial Metals and Mining,General Mining,Commercial Services & Supplies,Environmental & Facilities Services,Commercial Support Services,Building Maintenance Services,Landscaping Services,--
IVBT US Equity,INNOVATION1 BIOT,US,Common Stock,6.82k,0,117.45k,--,Industrial Metals and Mining,General Mining,Pharmaceuticals,Pharmaceuticals,Biotech & Pharma,Specialty & Generic Pharma,Specialty Pharma,--
FFZY US Equity,FANSFRENZY CORP,US,Common Stock,5.49k,--,--,--,Industrial Metals and Mining,General Mining,Interactive Media & Services,Interactive Media & Services,Software,Application Software,--,--
VRVR US Equity,VIRTUAL INTERACT,US,Common Stock,3.75k,--,--,--,Industrial Metals and Mining,General Mining,--,--,Entertainment Content,Video Games,--,--
MNSF US Equity,MANSFELDER METAL,CN,Common Stock,2.86k,132.99M,55.42M,--,Industrial Metals and Mining,Aluminum,--,--,Metals & Mining,Base Metals,Aluminum,--
TMBXF US Equity,TOMBSTONE EXPLOR,US,Common Stock,1.85k,0,4.18M,--,Industrial Metals and Mining,General Mining,--,--,Metals & Mining,Precious Metals,--,--
LITH US Equity,U.S. LITHIUM COR,US,Common Stock,1.43k,0,198.79k,--,Industrial Metals and Mining,General Mining,--,--,Metals & Mining,Base Metals,--,--
URHG US Equity,UNITED RESOURCE,US,Common Stock,465.57,--,--,--,Industrial Metals and Mining,General Mining,Metals & Mining,Precious Metals & Minerals,Metals & Mining,Base Metals,--,--
ZTTO US Equity,ZITTO INC,US,Common Stock,8.87,0,16.83k,--,Industrial Metals and Mining,General Mining,Metals & Mining,Diversified Metals & Mining,Metals & Mining,Mineral & Precious Stone Mining,--,--
RGGI US Equity,RESGREEN GROUP I,CA,Common Stock,6.41,0,9.62k,--,Industrial Metals and Mining,General Mining,Machinery,Industrial Machinery & Supplies & Components,Metals & Mining,Base Metals,Uranium,--
1463517D CN Equity,DACHA STRATEGIC,CA,Common Stock,--,-14.00M,11.54M,--,Industrial Metals and Mining,General Mining,Trading Companies & Distributors,Trading Companies & Distributors,Metals & Mining,Precious Metals,--,--
KZD CN Equity,KAIZEN DISCOVERY,CA,Common Stock,--,0,5.23M,--,Industrial Metals and Mining,Nonferrous Metals,Metals & Mining,Diversified Metals & Mining,Metals & Mining,Base Metals,Uranium,--
PNS/H CN Equity,PINESTAR GOLD IN,CA,Common Stock,--,0,83.78k,--,Industrial Metals and Mining,General Mining,--,--,Metals & Mining,Precious Metals,Gold,--
PAC CN Equity,PACTON GOLD INC,CA,Common Stock,--,0,21.92M,--,Industrial Metals and Mining,General Mining,Metals & Mining,Gold,Metals & Mining,Precious Metals,Gold,--
PEB/H CN Equity,PEBBLE CREEK MIN,CA,Common Stock,--,0,7.29M,--,Industrial Metals and Mining,General Mining,Metals & Mining,Diversified Metals & Mining,Metals & Mining,Precious Metals,--,--
EAR AU Equity,NORTHERN STAR BR,AU,Common Stock,--,0,22.66M,--,Industrial Metals and Mining,General Mining,Metals & Mining,Gold,Metals & Mining,Precious Metals,Gold,--
PDG CN Equity,PRODIGY GOLD INC,CA,Common Stock,--,0,50.65M,--,Industrial Metals and Mining,General Mining,--,--,Metals & Mining,Precious Metals,Gold,--
HHS CN Equity,HI HO SILVER RES,CA,Common Stock,--,0,915.09k,--,Industrial Metals and Mining,General Mining,--,--,Metals & Mining,Mineral & Precious Stone Mining,--,--
OSI CN Equity,OSINO RESOURCES,CA,Common Stock,--,0,29.71M,--,Industrial Metals and Mining,General Mining,Metals & Mining,Gold,Metals & Mining,Precious Metals,Gold,--
OXS LN Equity,OXUS GOLD PLC,GB,Common Stock,--,0,91.83M,--,Industrial Metals and Mining,General Mining,Metals & Mining,Gold,Metals & Mining,Precious Metals,--,--
2460314D AU Equity,BOWEN ENERGY PTY,AU,Common Stock,--,0,9.83M,--,Industrial Metals and Mining,General Mining,--,--,Metals & Mining,Mining Services,Coal Support Services,--
ENG/H CN Equity,ENERGULF RESOURC,CA,Common Stock,--,0,43.95k,--,Industrial Metals and Mining,General Mining,"Oil, Gas & Consumable Fuels",Oil & Gas Exploration & Production,Oil & Gas Supply Chain,Exploration & Production,Crude Oil & Natural Gas E&P,--
OSK CN Equity,OSISKO MINING IN,CA,Common Stock,--,0,1.35B,--,Industrial Metals and Mining,General Mining,Metals & Mining,Gold,Metals & Mining,Precious Metals,--,--
OTSO/H CN Equity,OTSO GOLD CORP,CA,Common Stock,--,0,62.08M,--,Industrial Metals and Mining,Nonferrous Metals,Metals & Mining,Gold,Metals & Mining,Precious Metals,Gold,--
EASY CN Equity,SPEAKEASY CANNAB,CA,Common Stock,--,0,24.83M,--,Industrial Metals and Mining,General Mining,Pharmaceuticals,Pharmaceuticals,Tobacco & Cannabis,Cannabis,--,--
OS CN Equity,OSPREY GOLD DEVE,CA,Common Stock,--,0,3.98M,--,Industrial Metals and Mining,General Mining,--,--,Metals & Mining,Precious Metals,Gold,--
OUM AU Equity,OUTBACK METALS,AU,Common Stock,--,0,1.21M,--,Industrial Metals and Mining,General Mining,Metals & Mining,Diversified Metals & Mining,Metals & Mining,Base Metals,--,--
NOW/H CN Equity,ASIA NOW RESOURC,CA,Common Stock,--,0,957.55k,--,Industrial Metals and Mining,General Mining,Metals & Mining,Diversified Metals & Mining,Metals & Mining,Base Metals,--,--
ENK LN Equity,ENK PLC,GB,Common Stock,--,0,158.21k,228,Industrial Metals and Mining,Nonferrous Metals,--,--,Metals & Mining,Base Metals,"Nickel, Lead & Zinc",Nickel
PLY CN Equity,PLAYFAIR MINING,CA,Common Stock,--,0,103.79k,--,Industrial Metals and Mining,General Mining,Metals & Mining,Diversified Metals & Mining,Metals & Mining,Base Metals,--,--
2544742D CN Equity,REGAL RESOURCES,CA,Common Stock,--,0,811.53k,--,Industrial Metals and Mining,General Mining,--,--,Metals & Mining,Mineral & Precious Stone Mining,--,--
PLU CN Equity,PLATEAU ENERGY M,CA,Common Stock,--,0,1.49M,--,Industrial Metals and Mining,Nonferrous Metals,"Oil, Gas & Consumable Fuels",Coal & Consumable Fuels,Metals & Mining,Base Metals,Uranium,--
NPM LN Equity,NEPTUNE MINERALS,GB,Common Stock,--,0,17.38M,14,Industrial Metals and Mining,General Mining,--,--,Metals & Mining,Precious Metals,--,--
ECS CN Equity,ECOBALT SOLUTION,CA,Common Stock,--,0,106.02M,--,Industrial Metals and Mining,Nonferrous Metals,Metals & Mining,Diversified Metals & Mining,Metals & Mining,Base Metals,--,--
OSU/H CN Equity,ORSU METALS CORP,GB,Common Stock,--,0,873.59k,--,Industrial Metals and Mining,General Mining,Metals & Mining,Gold,Metals & Mining,Precious Metals,Gold,--
PEZ CN Equity,PEDIMENT GOLD,CA,Common Stock,--,0,16.26M,--,Industrial Metals and Mining,General Mining,--,--,Metals & Mining,Precious Metals,--,--
OTS/H CN Equity,OPTIMUS GOLD COR,CA,Common Stock,--,0,197.99k,--,Industrial Metals and Mining,General Mining,Metals & Mining,Diversified Metals & Mining,Metals & Mining,Precious Metals,--,--
2520352D LN Equity,MINCO PLC,IE,Common Stock,--,0,22.07M,11,Industrial Metals and Mining,General Mining,Metals & Mining,Diversified Metals & Mining,Metals & Mining,Base Metals,"Nickel, Lead & Zinc",Zinc
EEV/H CN Equity,E-ENERGY VENTURE,CA,Common Stock,--,0,34.60k,--,Industrial Metals and Mining,General Mining,--,--,Metals & Mining,Precious Metals,Gold,--
PNX AU Equity,PNX METALS LTD,AU,Common Stock,--,0,29.49M,--,Industrial Metals and Mining,General Mining,Metals & Mining,Diversified Metals & Mining,Real Estate Owners & Developers,Specialty Owners & Developers,--,--
ORR AU Equity,PERSEUS ORR HOLD,AU,Common Stock,--,0,33.74M,--,Industrial Metals and Mining,General Mining,Metals & Mining,Diversified Metals & Mining,Metals & Mining,Precious Metals,Gold,--
POKO CN Equity,POKO INNOVATIONS,CA,Common Stock,--,0,144.26k,--,Industrial Metals and Mining,General Mining,--,--,Tobacco & Cannabis,Cannabis,--,--
ORG CN Equity,ORCA GOLD INC,CA,Common Stock,--,0,43.66M,53,Industrial Metals and Mining,General Mining,Metals & Mining,Gold,Metals & Mining,Precious Metals,Gold,--
PMET IN Equity,PRESHA METALLURG,IN,Common Stock,--,0,9.12M,--,Industrial Metals and Mining,General Mining,Metals & Mining,Diversified Metals & Mining,Metals & Mining,Mineral & Precious Stone Mining,--,--
PERE LN Equity,PEMBRIDGE RESOUR,GB,Common Stock,--,0,25.47M,--,Industrial Metals and Mining,General Mining,Metals & Mining,Diversified Metals & Mining,Metals & Mining,Precious Metals,--,--
PLE CN Equity,PLEXMAR RESOURCE,CA,Common Stock,--,0,6.87M,--,Industrial Metals and Mining,General Mining,--,--,Metals & Mining,Precious Metals,--,--
OSSI IN Equity,ORISSA SPONGE IR,IN,Common Stock,--,0,40.25M,--,Industrial Metals and Mining,Iron and Steel,Metals & Mining,Steel,Metals & Mining,Iron,Iron Foundries,--
2554880D CN Equity,CADILLAC MINING,CA,Common Stock,--,0,1.55M,--,Industrial Metals and Mining,General Mining,Metals & Mining,Diversified Metals & Mining,Metals & Mining,Mineral & Precious Stone Mining,--,--
2540357D AU Equity,INVICTUS GOLD LT,AU,Common Stock,--,0,5.12M,--,Industrial Metals and Mining,General Mining,--,--,Metals & Mining,Precious Metals,Gold,--
2559005D AU Equity,HARMONY EVA COPP,AU,Common Stock,--,0,51.38M,--,Industrial Metals and Mining,General Mining,Metals & Mining,Copper,Metals & Mining,Base Metals,--,--
EFM CN Equity,EUROPEAN FERRO M,CA,Common Stock,--,0,212.14k,--,Industrial Metals and Mining,Nonferrous Metals,--,--,Metals & Mining,Base Metals,--,--
ORN CN Equity,ORSA VENTURES CO,CA,Common Stock,--,0,1.95M,--,Industrial Metals and Mining,General Mining,--,--,Metals & Mining,Base Metals,--,--
PGRX US Equity,PROSPECT GLOBAL,US,Common Stock,--,0,49.05M,--,Industrial Metals and Mining,General Mining,Chemicals,Fertilizers & Agricultural Chemicals,Metals & Mining,Mineral & Precious Stone Mining,Mineral Mining,"Potash, Soda, Borate"
ENRC LN Equity,EURASIAN NATURAL,GB,Common Stock,--,0,5.17B,--,Industrial Metals and Mining,General Mining,Metals & Mining,Diversified Metals & Mining,Steel,Steel Producers,--,--
PMA CN Equity,PETROMAROC CORP,CA,Common Stock,--,0,14.74M,--,Industrial Metals and Mining,Nonferrous Metals,"Oil, Gas & Consumable Fuels",Oil & Gas Exploration & Production,Oil & Gas Supply Chain,Exploration & Production,Crude Oil & Natural Gas E&P,--
2564934D CN Equity,AUX RESOURCES CO,CA,Common Stock,--,0,7.65M,--,Industrial Metals and Mining,General Mining,--,--,Metals & Mining,Precious Metals,--,--
IGE AU Equity,INTEGRATED GREEN,AU,Common Stock,--,0,25.63M,--,Industrial Metals and Mining,General Mining,Commercial Services & Supplies,Environmental & Facilities Services,Commercial Support Services,Waste Management,Solid Waste Collection & Treat,Recycling Facilities
ICMI LN Equity,INTERNATIONAL CO,KY,Common Stock,--,0,80.04M,205,Industrial Metals and Mining,General Mining,--,--,Metals & Mining,Base Metals,--,--
AHTIUM FH Equity,AHTIUM PLC,FI,Common Stock,--,0,1.03M,19,Industrial Metals and Mining,Nonferrous Metals,Metals & Mining,Diversified Metals & Mining,Metals & Mining,Base Metals,"Nickel, Lead & Zinc",Nickel
AHR AU Equity,ANCHOR RESOURCES,AU,Common Stock,--,0,11.50M,--,Industrial Metals and Mining,General Mining,Metals & Mining,Diversified Metals & Mining,Metals & Mining,Precious Metals,--,--
AKI AU Equity,AFRICAN IRON PTY,AU,Common Stock,--,0,148.32M,--,Industrial Metals and Mining,General Mining,--,--,Metals & Mining,Iron,Iron Ore Mining,--
IME CN Equity,IMAGIN MEDICAL I,CA,Common Stock,--,0,1.52M,--,Industrial Metals and Mining,Nonferrous Metals,Health Care Equipment & Supplies,Health Care Equipment,Health Care Facilities & Svcs,Health Care Services,Health Care Testing Services,Radiology & Diagnostic Imaging
IBX CN Equity,INTL BARYTEX,CA,Common Stock,--,0,4.35M,--,Industrial Metals and Mining,Nonferrous Metals,--,--,Metals & Mining,Base Metals,--,--
IMGL US Equity,IMAGE INTERNATIO,US,Common Stock,--,0,84.31k,3,Industrial Metals and Mining,General Mining,--,--,Metals & Mining,Precious Metals,--,--
IMIC LN Equity,INTL MINING,GB,Common Stock,--,0,7.19M,116,Industrial Metals and Mining,Iron and Steel,Capital Markets,Asset Management & Custody Banks,Asset Management,Investment Companies,--,--
IMIN/H CN Equity,IMINING TECHNOLO,CA,Common Stock,--,0,17.63M,--,Industrial Metals and Mining,General Mining,--,--,Software,Application Software,Specialty Software,--
IBI CN Equity,IBI CORPORATION,CA,Common Stock,--,0,299.58k,--,Industrial Metals and Mining,General Mining,--,--,Metals & Mining,Mineral & Precious Stone Mining,--,--
ALG/H CN Equity,ALGOLD RESOURCES,CA,Common Stock,--,0,5.78M,--,Industrial Metals and Mining,General Mining,Metals & Mining,Gold,Metals & Mining,Precious Metals,--,--
IZHZ RU Equity,IZHORSKIE WORKS,RU,Common Stock,--,0,6.47M,1k,Industrial Metals and Mining,Iron and Steel,--,--,Electrical Equipment,Electrical Power Equipment,Power Generation Equipment,Nuclear Power Gen Equip & Sys
AGA/H CN Equity,ARGONAUT EXPLORA,CA,Common Stock,--,0,3.29M,--,Industrial Metals and Mining,General Mining,--,--,Metals & Mining,Base Metals,--,--
INF/H CN Equity,INFINITE RESOURC,CA,Common Stock,--,0,559.42,--,Industrial Metals and Mining,General Mining,--,--,Metals & Mining,Mineral & Precious Stone Mining,--,--
INV CN Equity,INV METALS INC,CA,Common Stock,--,0,87.75M,--,Industrial Metals and Mining,Nonferrous Metals,Metals & Mining,Diversified Metals & Mining,Metals & Mining,Base Metals,--,--
AL CN Equity,ALX RESOURCES CO,CA,Common Stock,--,0,13.29M,--,Industrial Metals and Mining,General Mining,Metals & Mining,Diversified Metals & Mining,Metals & Mining,Base Metals,--,--
IOP AU Equity,INTERNATIONAL PE,AU,Common Stock,--,0,1.00M,--,Industrial Metals and Mining,General Mining,--,--,Oil & Gas Supply Chain,Exploration & Production,--,--
IPIL IN Equity,ISPAT PROFILES,IN,Common Stock,--,0,--,--,Industrial Metals and Mining,Iron and Steel,--,--,Steel,Steel Producers,--,--
IPR CN Equity,INCA PACIFIC RES,CA,Common Stock,--,0,50.03M,--,Industrial Metals and Mining,Nonferrous Metals,--,--,Metals & Mining,Base Metals,--,--
HSR CN Equity,HOMESTAKE RESOUR,CA,Common Stock,--,0,1.17M,--,Industrial Metals and Mining,General Mining,Metals & Mining,Gold,Metals & Mining,Precious Metals,--,--
AEK AU Equity,ANATOLIA ENERGY,AU,Common Stock,--,0,25.68M,--,Industrial Metals and Mining,Nonferrous Metals,"Oil, Gas & Consumable Fuels",Coal & Consumable Fuels,Beverages,Alcoholic Beverages,Vintners,--
IDO AU Equity,INDO MINES LTD,AU,Common Stock,--,0,11.66M,--,Industrial Metals and Mining,Iron and Steel,Metals & Mining,Steel,Metals & Mining,Iron,Iron Ore Mining,--
IDC AU Equity,SUMMIT GOLD LTD,AU,Common Stock,--,0,312.82k,--,Industrial Metals and Mining,General Mining,Metals & Mining,Diversified Metals & Mining,Metals & Mining,Base Metals,--,--
IEC CN Equity,INTL ENEXCO LTD,CA,Common Stock,--,0,21.70M,--,Industrial Metals and Mining,General Mining,--,--,Oil & Gas Supply Chain,Exploration & Production,Royalty Income - Oil & Gas,--
IFAM US Equity,INFRASTRUCTURE M,US,Common Stock,--,0,761.49k,--,Industrial Metals and Mining,General Mining,Metals & Mining,Precious Metals & Minerals,Construction Materials,Building Materials,Stone Building Products,--
AJC CN Equity,AMERICAN CONSOLI,CA,Common Stock,--,0,3.36M,--,Industrial Metals and Mining,Nonferrous Metals,Metals & Mining,Precious Metals & Minerals,Metals & Mining,Base Metals,--,--
IGD/H CN Equity,INTIGOLD MINES L,CA,Common Stock,--,0,95.33k,--,Industrial Metals and Mining,General Mining,Metals & Mining,Precious Metals & Minerals,Metals & Mining,Precious Metals,Gold,--
AEXE US Equity,AIM EXPLORATION,US,Common Stock,--,0,1.03M,--,Industrial Metals and Mining,General Mining,Metals & Mining,Diversified Metals & Mining,Metals & Mining,Base Metals,--,--
ITG/H CN Equity,INTACT GOLD CORP,CA,Common Stock,--,0,783.00k,--,Industrial Metals and Mining,General Mining,--,--,Metals & Mining,Precious Metals,Gold,--
HRE/H CN Equity,STANS ENERGY COR,CA,Common Stock,--,0,44.18k,--,Industrial Metals and Mining,Nonferrous Metals,Metals & Mining,Diversified Metals & Mining,Metals & Mining,Base Metals,--,--
GIS CN Equity,GENESIS METALS C,CA,Common Stock,--,0,3.83M,--,Industrial Metals and Mining,General Mining,Metals & Mining,Gold,Metals & Mining,Base Metals,--,--
HRM/H CN Equity,HUDSON RIVER MIN,CA,Common Stock,--,0,707.3,--,Industrial Metals and Mining,General Mining,--,--,Metals & Mining,Base Metals,Copper,--
ANA/H CN Equity,WAVERLEY RESOURC,CA,Common Stock,--,0,410.1,--,Industrial Metals and Mining,General Mining,Metals & Mining,Precious Metals & Minerals,Metals & Mining,Precious Metals,--,--
MGI CN Equity,MAGNUM GOLDCORP,CA,Common Stock,--,0,216.16k,--,Industrial Metals and Mining,General Mining,--,--,Metals & Mining,Precious Metals,Gold,--
HOIL/H CN Equity,HALIO ENERGY INC,CA,Common Stock,--,0,12.12k,--,Industrial Metals and Mining,General Mining,--,--,Metals & Mining,Mineral & Precious Stone Mining,--,--
JAX/H CN Equity,JAXON MINING INC,CA,Common Stock,--,0,8.60M,--,Industrial Metals and Mining,General Mining,Metals & Mining,Diversified Metals & Mining,Metals & Mining,Base Metals,--,--
JKSW IJ Equity,JAKARTA KYOEI ST,ID,Common Stock,--,0,15.27M,39,Industrial Metals and Mining,Iron and Steel,Metals & Mining,Steel,Steel,Steel Producers,Flat Rolled,--
JML/H CN Equity,JAG MINES LTD,CA,Common Stock,--,0,5.34M,--,Industrial Metals and Mining,General Mining,Metals & Mining,Diversified Metals & Mining,Metals & Mining,Precious Metals,Gold,--
JNN CN Equity,JNR RESOURCES IN,CA,Common Stock,--,0,32.59M,--,Industrial Metals and Mining,General Mining,--,--,Metals & Mining,Base Metals,Uranium,--
HMG CN Equity,HANA MINING LTD,CA,Common Stock,--,0,55.24M,--,Industrial Metals and Mining,General Mining,--,--,Metals & Mining,Base Metals,Copper,--
AFNR LN Equity,AFNAT RESOURCES,BM,Common Stock,--,0,13.42M,--,Industrial Metals and Mining,General Mining,--,--,Metals & Mining,Base Metals,--,--
IRLD US Equity,IRELAND INC,US,Common Stock,--,0,14.23M,--,Industrial Metals and Mining,General Mining,Metals & Mining,Diversified Metals & Mining,Metals & Mining,Mineral & Precious Stone Mining,--,--
IRN AU Equity,INDOPHIL RES NL,AU,Common Stock,--,0,406.07M,--,Industrial Metals and Mining,General Mining,Metals & Mining,Diversified Metals & Mining,Metals & Mining,Precious Metals,Gold,--
IRNNQ US Equity,IRON MINING GROU,US,Common Stock,--,0,4.49M,--,Industrial Metals and Mining,Iron and Steel,Metals & Mining,Steel,Metals & Mining,Iron,Iron Ore Mining,--
AFE LN Equity,AFRICAN EAGLE RE,GB,Common Stock,--,0,2.13M,--,Industrial Metals and Mining,Nonferrous Metals,Metals & Mining,Diversified Metals & Mining,Metals & Mining,Base Metals,Copper,Copper Mining
HRR AU Equity,HERON RESOURCES,AU,Common Stock,--,0,209.20M,--,Industrial Metals and Mining,Nonferrous Metals,Metals & Mining,Copper,Metals & Mining,Base Metals,--,--
KAB AU Equity,KABOKO MINING LT,AU,Common Stock,--,0,24.59M,--,Industrial Metals and Mining,Nonferrous Metals,Metals & Mining,Diversified Metals & Mining,Metals & Mining,Base Metals,Uranium,--
KAH LN Equity,KALAHARI MINERAL,GB,Common Stock,--,0,48.02M,--,Industrial Metals and Mining,Nonferrous Metals,--,--,Metals & Mining,Base Metals,--,--
KALG US Equity,KAL ENERGY INC,CA,Common Stock,--,0,9.16M,--,Industrial Metals and Mining,General Mining,"Oil, Gas & Consumable Fuels",Coal & Consumable Fuels,Metals & Mining,Coal Mining,--,--
ADEXF US Equity,ADVANCED EXPLORA,CA,Common Stock,--,0,72.03M,--,Industrial Metals and Mining,General Mining,Metals & Mining,Steel,Metals & Mining,Iron,Iron Ore Mining,--
EWG CN Equity,EAT WELL INVESTM,CA,Common Stock,--,0,65.50M,--,Industrial Metals and Mining,General Mining,Capital Markets,Asset Management & Custody Banks,Asset Management,Private Equity,Venture Capital,--
KAR CN Equity,KARMIN EXP INC,CA,Common Stock,--,0,12.99M,--,Industrial Metals and Mining,General Mining,Metals & Mining,Diversified Metals & Mining,Metals & Mining,Base Metals,"Nickel, Lead & Zinc",--
ADA CN Equity,ACADIAN MINING,CA,Common Stock,--,0,4.36M,--,Industrial Metals and Mining,Nonferrous Metals,--,--,Metals & Mining,Precious Metals,Gold,--
ALLI CN Equity,ALPHA LITHIUM CO,CA,Common Stock,--,0,73.67M,--,Industrial Metals and Mining,General Mining,Metals & Mining,Diversified Metals & Mining,Chemicals,Specialty Chemicals,--,--
EXA/H CN Equity,EXPLORATION AURT,CA,Common Stock,--,0,2.82M,--,Industrial Metals and Mining,General Mining,--,--,Metals & Mining,Precious Metals,Gold,--
KCR CN Equity,CANCOR MINES INC,CA,Common Stock,--,0,13.21M,--,Industrial Metals and Mining,General Mining,--,--,Metals & Mining,Precious Metals,Gold,--
AAU/H CN Equity,ANDEANGOLD LTD,CA,Common Stock,--,0,6.11M,--,Industrial Metals and Mining,General Mining,Metals & Mining,Diversified Metals & Mining,Metals & Mining,Precious Metals,--,--
ABZUF US Equity,ABZU GOLD LTD,CA,Common Stock,--,0,639.76k,--,Industrial Metals and Mining,General Mining,--,--,Metals & Mining,Precious Metals,Gold,--
HHM AU Equity,HAMPTON HILL MNG,AU,Common Stock,--,0,5.81M,--,Industrial Metals and Mining,General Mining,Metals & Mining,Diversified Metals & Mining,Metals & Mining,Base Metals,--,--
ACP LN Equity,ARMADALE CAPITAL,GB,Common Stock,--,0,1.88M,--,Industrial Metals and Mining,General Mining,Metals & Mining,Diversified Metals & Mining,Real Estate Owners & Developers,Specialty Owners & Developers,--,--
KIW LN Equity,KIWARA PLC,GB,Common Stock,--,0,33.42M,--,Industrial Metals and Mining,Nonferrous Metals,--,--,Metals & Mining,Mining Services,--,--
HIG AU Equity,HIGHLANDS PAC,PG,Common Stock,--,0,270.21M,--,Industrial Metals and Mining,General Mining,Metals & Mining,Diversified Metals & Mining,Metals & Mining,Base Metals,--,--
KLG SJ Equity,KELGRAN LTD,ZA,Common Stock,--,0,5.65M,--,Industrial Metals and Mining,General Mining,--,--,Construction Materials,Cement & Aggregates,Aggregates,--
HDG CN Equity,HIGH DESERT GOLD,CA,Common Stock,--,0,14.61M,--,Industrial Metals and Mining,General Mining,--,--,Metals & Mining,Precious Metals,Gold,--
KMCM US Equity,KEY MINING CORP,US,Common Stock,--,0,10.21M,--,Industrial Metals and Mining,General Mining,--,--,Metals & Mining,Mineral & Precious Stone Mining,Mineral Mining,--
HDG AU Equity,GREGORY RESOURCE,AU,Common Stock,--,0,5.33M,2,Industrial Metals and Mining,General Mining,Metals & Mining,Gold,Metals & Mining,Precious Metals,Gold,--
KMR AU Equity,KUMARINA RESOURC,AU,Common Stock,--,0,11.84M,--,Industrial Metals and Mining,General Mining,--,--,Metals & Mining,Precious Metals,Gold,--
KAS AU Equity,ATLANTIC TIN LTD,AU,Common Stock,--,0,8.38M,--,Industrial Metals and Mining,General Mining,Metals & Mining,Diversified Metals & Mining,Metals & Mining,Base Metals,--,--
ADGD US Equity,ANDRESMIN GOLD C,CA,Common Stock,--,0,906.60k,--,Industrial Metals and Mining,General Mining,--,--,Metals & Mining,Mineral & Precious Stone Mining,--,--
JTCMF US Equity,JETCOM INC,CA,Common Stock,--,0,20.84k,--,Industrial Metals and Mining,Nonferrous Metals,--,--,Publishing & Broadcasting,Local TV & Radio Broadcast,Local TV Broadcasting,--
HK CN Equity,HUAKAN INTERNATI,CA,Common Stock,--,0,27.81M,--,Industrial Metals and Mining,General Mining,--,--,Metals & Mining,Precious Metals,Gold,--
ABB/H CN Equity,ABITIBI MINING,CA,Common Stock,--,0,193.43k,--,Industrial Metals and Mining,General Mining,Metals & Mining,Diversified Metals & Mining,Metals & Mining,Mineral & Precious Stone Mining,--,--
KORE CN Equity,KORE MINING LTD,CA,Common Stock,--,0,2.62M,--,Industrial Metals and Mining,Nonferrous Metals,Metals & Mining,Gold,Metals & Mining,Precious Metals,Gold,--
HBK/H CN Equity,HIGHBANK RESOURC,CA,Common Stock,--,0,417.62k,--,Industrial Metals and Mining,General Mining,Metals & Mining,Diversified Metals & Mining,Construction Materials,Cement & Aggregates,Aggregates,--
KOR CN Equity,CORVUS GOLD INC,CA,Common Stock,--,0,11.85M,--,Industrial Metals and Mining,General Mining,Metals & Mining,Gold,Metals & Mining,Precious Metals,Gold,--
HLO CN Equity,HALO RESOURCES,CA,Common Stock,--,0,18.47M,--,Industrial Metals and Mining,General Mining,--,--,Metals & Mining,Base Metals,--,--
HAND/H CN Equity,HANDA MINING COR,CA,Common Stock,--,0,30.57k,--,Industrial Metals and Mining,General Mining,Metals & Mining,Copper,Metals & Mining,Base Metals,Copper,--
GYG/H CN Equity,GUYANA FRONTIER,CA,Common Stock,--,0,234.07k,--,Industrial Metals and Mining,General Mining,Metals & Mining,Gold,Metals & Mining,Base Metals,--,--
IBC/H CN Equity,INTERNATIONAL BE,CA,Common Stock,--,0,85.82k,--,Industrial Metals and Mining,General Mining,--,--,Metals & Mining,Base Metals,--,--
HZM LN Equity,HORIZONTE MINERA,GB,Common Stock,--,0,762.93M,129,Industrial Metals and Mining,General Mining,Metals & Mining,Diversified Metals & Mining,Metals & Mining,Precious Metals,Gold,--
GVCM US Equity,GEOVIC MINING CO,US,Common Stock,--,0,2.01M,--,Industrial Metals and Mining,General Mining,Metals & Mining,Diversified Metals & Mining,Metals & Mining,Base Metals,Cobalt,--
GTR CN Equity,GATLING EXPLORAT,CA,Common Stock,--,0,2.63M,--,Industrial Metals and Mining,General Mining,Metals & Mining,Gold,Metals & Mining,Mineral & Precious Stone Mining,--,--
KZX CN Equity,KAZAX MINERALS I,CA,Common Stock,--,0,86.68M,--,Industrial Metals and Mining,General Mining,Metals & Mining,Steel,Metals & Mining,Iron,Iron Ore Mining,--
GTP/H CN Equity,COLT RESOURCES,CA,Common Stock,--,0,39.53M,--,Industrial Metals and Mining,General Mining,Metals & Mining,Precious Metals & Minerals,Metals & Mining,Precious Metals,Gold,--
LAI/X CN Equity,LA IMPERIAL RESO,CA,Common Stock,--,0,6.26k,--,Industrial Metals and Mining,General Mining,--,--,Metals & Mining,Mineral & Precious Stone Mining,--,--
KHT/H CN Equity,YANKEE HAT MINER,CA,Common Stock,--,0,1.47M,--,Industrial Metals and Mining,General Mining,Metals & Mining,Diversified Metals & Mining,Metals & Mining,Precious Metals,--,--
AALI/H CN Equity,ADVANCE LITHIUM,CA,Common Stock,--,0,960.25k,--,Industrial Metals and Mining,General Mining,--,--,Chemicals,Specialty Chemicals,--,--
LC/H CN Equity,LOGAN COPPER INC,CA,Common Stock,--,0,5.15M,--,Industrial Metals and Mining,General Mining,Metals & Mining,Diversified Metals & Mining,Metals & Mining,Base Metals,Copper,--
LCC CN Equity,LUMINA COPPER,CA,Common Stock,--,0,81.97M,--,Industrial Metals and Mining,Nonferrous Metals,Metals & Mining,Diversified Metals & Mining,Metals & Mining,Base Metals,Copper,Copper Mining
GSZ AU Equity,KARRATHA METALS,AU,Common Stock,--,0,17.59M,--,Industrial Metals and Mining,General Mining,Metals & Mining,Precious Metals & Minerals,Metals & Mining,Precious Metals,--,--
GSV CN Equity,GOLD STANDARD VE,CA,Common Stock,--,0,315.68M,--,Industrial Metals and Mining,General Mining,Metals & Mining,Gold,Metals & Mining,Precious Metals,Gold,--
EVBC US Equity,EVOLUTION BLOCKC,CA,Common Stock,--,0,42.53k,--,Industrial Metals and Mining,General Mining,--,--,Entertainment Content,Video Games,--,--
NMI AU Equity,COGENT DEVELOPME,AU,Common Stock,--,0,7.06M,--,Industrial Metals and Mining,General Mining,Metals & Mining,Diversified Metals & Mining,Real Estate Owners & Developers,Multi Asset Class Own & Develop,--,--
NST/H CN Equity,NORTH SUR RESOUR,CA,Common Stock,--,0,21.89k,--,Industrial Metals and Mining,General Mining,--,--,Metals & Mining,Base Metals,--,--
NMKEF US Equity,NEMASKA LITHIUM,CA,Common Stock,--,0,1.33B,--,Industrial Metals and Mining,General Mining,Metals & Mining,Diversified Metals & Mining,Metals & Mining,Mineral & Precious Stone Mining,Mineral Mining,Lithium
NOT CN Equity,NORONT RES LTD,CA,Common Stock,--,0,29.04M,--,Industrial Metals and Mining,General Mining,Metals & Mining,Diversified Metals & Mining,Metals & Mining,Base Metals,--,--
OKU AU Equity,OKLO RESOURCES L,AU,Common Stock,--,0,71.57M,--,Industrial Metals and Mining,Nonferrous Metals,Metals & Mining,Gold,Real Estate Owners & Developers,Specialty Owners & Developers,--,--
EVM CN Equity,EV MINERALS CORP,CA,Common Stock,--,0,2.80M,--,Industrial Metals and Mining,General Mining,--,--,Metals & Mining,Base Metals,--,--
EQE AU Equity,EQUUS MINING LTD,AU,Common Stock,--,0,48.59k,--,Industrial Metals and Mining,General Mining,Metals & Mining,Diversified Metals & Mining,Metals & Mining,Precious Metals,--,--
ARO CN Equity,ARMADILLO RESOUR,CA,Common Stock,--,0,11.51M,--,Industrial Metals and Mining,General Mining,--,--,Metals & Mining,Mineral & Precious Stone Mining,--,--
OMN/H CN Equity,ORACLE MINING CO,CA,Common Stock,--,0,19.84M,--,Industrial Metals and Mining,General Mining,Metals & Mining,Diversified Metals & Mining,Metals & Mining,Base Metals,--,--
EORBF US Equity,ORBITE TECHNOLOG,CA,Common Stock,--,0,176.30M,--,Industrial Metals and Mining,General Mining,Metals & Mining,Aluminum,Metals & Mining,Mineral & Precious Stone Mining,--,--
OPC CN Equity,ORGANIC POTASH,CA,Common Stock,--,0,35.64k,--,Industrial Metals and Mining,General Mining,--,--,Chemicals,Agricultural Chemicals,Fertilizers,Phosphate Fertilizers
OPV CN Equity,OPTIMUM VENTURES,CA,Common Stock,--,0,6.01M,--,Industrial Metals and Mining,General Mining,--,--,Metals & Mining,Mining Services,--,--
NUSMF US Equity,NAUTILUS MINERAL,CA,Common Stock,--,0,406.07M,--,Industrial Metals and Mining,General Mining,Metals & Mining,Diversified Metals & Mining,Metals & Mining,Precious Metals,Gold,--
ESS AU Equity,ESSENTIAL METALS,AU,Common Stock,--,0,29.82M,--,Industrial Metals and Mining,General Mining,Metals & Mining,Diversified Metals & Mining,Metals & Mining,Base Metals,"Nickel, Lead & Zinc",--
EXU AU Equity,EXPLAURUM LTD,AU,Common Stock,--,0,24.36M,--,Industrial Metals and Mining,Nonferrous Metals,Metals & Mining,Gold,Metals & Mining,Base Metals,Uranium,--
EXS CN Equity,EXPLOR RESOURCES,CA,Common Stock,--,0,31.82M,--,Industrial Metals and Mining,General Mining,Metals & Mining,Diversified Metals & Mining,Metals & Mining,Base Metals,--,--
EXM CN Equity,EXMCEUTICALS INC,CA,Common Stock,--,0,1.33M,--,Industrial Metals and Mining,General Mining,Pharmaceuticals,Pharmaceuticals,Tobacco & Cannabis,Cannabis,--,--
3681694Q CN Equity,MAGNUM URANIUM C,CA,Common Stock,--,0,15.18M,--,Industrial Metals and Mining,Nonferrous Metals,--,--,Metals & Mining,Base Metals,--,--
NSN LN Equity,NATASA MINING LT,AU,Common Stock,--,0,43.92M,--,Industrial Metals and Mining,Nonferrous Metals,Metals & Mining,Diversified Metals & Mining,Metals & Mining,Base Metals,--,--
NSM/H CN Equity,NORTHERN STAR MI,CA,Common Stock,--,0,77.86M,--,Industrial Metals and Mining,General Mining,--,--,Metals & Mining,Precious Metals,--,--
NINK US Equity,NAMI CORP,MY,Common Stock,--,0,4.60k,--,Industrial Metals and Mining,General Mining,Metals & Mining,Diversified Metals & Mining,Construction Materials,Cement & Aggregates,Aggregates,Sand & Gravel
FCO/H CN Equity,FABLED SILVER -A,CA,Common Stock,--,0,351.28k,--,Industrial Metals and Mining,Copper,--,--,Metals & Mining,Precious Metals,--,--
ARC/H CN Equity,ARIAN RESOURCES,CA,Common Stock,--,0,82.26k,--,Industrial Metals and Mining,General Mining,--,--,Metals & Mining,Precious Metals,Gold,--
AQS AU Equity,AQUIS ENTERTAINM,AU,Common Stock,--,0,26.12M,--,Industrial Metals and Mining,General Mining,"Hotels, Restaurants & Leisure",Casinos & Gaming,Leisure Facilities & Services,Casinos & Gaming,--,--
NILA US Equity,NILAM RESOURCES,PE,Common Stock,--,0,532.16k,--,Industrial Metals and Mining,General Mining,Metals & Mining,Gold,Metals & Mining,Base Metals,--,--
NLRT US Equity,NOGALES RESOURCE,MX,Common Stock,--,0,668.3,--,Industrial Metals and Mining,General Mining,--,--,Metals & Mining,Mineral & Precious Stone Mining,--,--
FAS AU Equity,FAIRSTAR RESOURC,AU,Common Stock,--,0,3.74M,--,Industrial Metals and Mining,General Mining,Metals & Mining,Diversified Metals & Mining,Metals & Mining,Base Metals,Uranium,--
DUR/H CN Equity,DELTA URANIUM,CA,Common Stock,--,0,166.58k,--,Industrial Metals and Mining,Nonferrous Metals,--,--,Metals & Mining,Base Metals,--,--
PRM/H CN Equity,0755461 BC LTD,CA,Common Stock,--,0,22.38k,--,Industrial Metals and Mining,General Mining,--,--,Metals & Mining,Mineral & Precious Stone Mining,--,--
DTA/H CN Equity,DENTONIA RES,CA,Common Stock,--,0,401.84k,--,Industrial Metals and Mining,General Mining,Metals & Mining,Precious Metals & Minerals,Metals & Mining,Precious Metals,--,--
PRW AU Equity,PROTO RESOURCES,AU,Common Stock,--,0,8.67M,--,Industrial Metals and Mining,General Mining,Metals & Mining,Diversified Metals & Mining,Metals & Mining,Precious Metals,Gold,--
DER/H CN Equity,DESERT EAGLE RES,CA,Common Stock,--,0,135.29k,--,Industrial Metals and Mining,General Mining,Metals & Mining,Gold,Metals & Mining,Precious Metals,Gold,--
2261710D CN Equity,EASTMAIN RES,CA,Common Stock,--,0,79.44M,--,Industrial Metals and Mining,General Mining,Metals & Mining,Diversified Metals & Mining,Metals & Mining,Precious Metals,Gold,--
RCMT RU Equity,RYAZAN NON-F-BRD,RU,Common Stock,--,0,13.10M,--,Industrial Metals and Mining,Nonferrous Metals,--,--,Metals & Mining,Base Metals,--,--
PRH AU Equity,BIFOX LTD,AU,Common Stock,--,0,134.25k,--,Industrial Metals and Mining,General Mining,--,--,Chemicals,Agricultural Chemicals,Fertilizers,Phosphate Fertilizers
RCR CN Equity,ROCKCLIFF RESOUR,CA,Common Stock,--,0,10.46M,--,Industrial Metals and Mining,General Mining,Metals & Mining,Diversified Metals & Mining,Metals & Mining,Precious Metals,Gold,--
ASND CN Equity,ASCENDANT RESOUR,CA,Common Stock,--,0,27.07M,--,Industrial Metals and Mining,General Mining,Metals & Mining,Diversified Metals & Mining,Metals & Mining,Base Metals,"Nickel, Lead & Zinc",Zinc
RDK/H CN Equity,REDHAWK RESOURCE,CA,Common Stock,--,0,288.32k,--,Industrial Metals and Mining,General Mining,Metals & Mining,Diversified Metals & Mining,Metals & Mining,Base Metals,Copper,Copper Mining
NQ CN Equity,NORTHQUEST LTD,CA,Common Stock,--,0,3.59M,--,Industrial Metals and Mining,General Mining,Metals & Mining,Gold,Metals & Mining,Precious Metals,Gold,--
2252005D CN Equity,AMARILLO GOLD CO,CA,Common Stock,--,0,98.11M,--,Industrial Metals and Mining,General Mining,Metals & Mining,Gold,Metals & Mining,Precious Metals,Gold,--
REV/H CN Equity,REGENT VENTURES,CA,Common Stock,--,0,47.97k,--,Industrial Metals and Mining,General Mining,Metals & Mining,Gold,Metals & Mining,Mineral & Precious Stone Mining,--,--
POS AU Equity,POSEIDON NICKEL,AU,Common Stock,--,0,86.85M,--,Industrial Metals and Mining,General Mining,Metals & Mining,Diversified Metals & Mining,Metals & Mining,Base Metals,"Nickel, Lead & Zinc",Nickel
DOMZ UZ Equity,DONETSK MERALURG,UA,Common Stock,--,0,257.00k,1,Industrial Metals and Mining,Iron and Steel,Metals & Mining,Steel,Steel,Steel Producers,--,--
PV CN Equity,PROVIDENCE RESOU,CA,Common Stock,--,0,1.56M,--,Industrial Metals and Mining,General Mining,Metals & Mining,Diversified Metals & Mining,Metals & Mining,Precious Metals,Gold,--
DNO CN Equity,DINERO VENTURES,CA,Common Stock,--,0,1.39M,--,Industrial Metals and Mining,General Mining,--,--,Metals & Mining,Mineral & Precious Stone Mining,Mineral Mining,--
DNK AU Equity,DANAKALI LTD,AU,Common Stock,--,0,31.59M,--,Industrial Metals and Mining,General Mining,Chemicals,Fertilizers & Agricultural Chemicals,Metals & Mining,Mineral & Precious Stone Mining,Mineral Mining,"Potash, Soda, Borate"
DMNM US Equity,DOMINION MINERAL,US,Common Stock,--,0,15.98M,--,Industrial Metals and Mining,General Mining,--,--,Metals & Mining,Base Metals,--,--
DMM AU Equity,DMC MINING LTD,AU,Common Stock,--,0,136.45k,--,Industrial Metals and Mining,General Mining,Metals & Mining,Diversified Metals & Mining,Metals & Mining,Base Metals,"Nickel, Lead & Zinc",--
E3S AU Equity,SIRCEL LTD,AU,Common Stock,--,0,4.25k,--,Industrial Metals and Mining,General Mining,Metals & Mining,Diversified Metals & Mining,Commercial Support Services,Waste Management,Recyclable Materials,--
DYU/H CN Equity,DAWSON GOLD CORP,CA,Common Stock,--,0,827.84k,--,Industrial Metals and Mining,General Mining,--,--,Metals & Mining,Precious Metals,Gold,--
POW AU Equity,PROTEAN ENERGY L,AU,Common Stock,--,0,435.97k,--,Industrial Metals and Mining,Nonferrous Metals,Metals & Mining,Diversified Metals & Mining,Renewable Energy,Renewable Energy Equipment,Marine Energy Equipment,--
PPI/H CN Equity,PASSPORT POTASH,CA,Common Stock,--,0,2.00M,--,Industrial Metals and Mining,General Mining,Chemicals,Fertilizers & Agricultural Chemicals,Metals & Mining,Mineral & Precious Stone Mining,Mineral Mining,"Potash, Soda, Borate"
DXRY US Equity,DEX-RAY RESOURCE,CA,Common Stock,--,0,152.13k,--,Industrial Metals and Mining,General Mining,--,--,Metals & Mining,Mineral & Precious Stone Mining,--,--
EWE AU Equity,EAST WEST ENERGY,AU,Common Stock,--,0,106.97k,--,Industrial Metals and Mining,General Mining,"Oil, Gas & Consumable Fuels",Oil & Gas Exploration & Production,Oil & Gas Supply Chain,Exploration & Production,--,--
PRAI IN Equity,PRABHAV INDUSTRI,IN,Common Stock,--,0,25.53M,--,Industrial Metals and Mining,Iron and Steel,Real Estate Management & Development,Real Estate Development,Commercial Support Services,Waste Management,Recyclable Materials,--
QEX CN Equity,QUESTEX GOLD AND,CA,Common Stock,--,0,9.47M,--,Industrial Metals and Mining,General Mining,Metals & Mining,Diversified Metals & Mining,Metals & Mining,Base Metals,--,--
DV/U CN Equity,DOME VENTURES CP,CA,Common Stock,--,0,2.88M,--,Industrial Metals and Mining,General Mining,--,--,Asset Management,Investment Companies,Investment Holding Companies,--
2452395D CN Equity,MOAG COPPER GOLD,CA,Common Stock,--,0,3.67M,--,Industrial Metals and Mining,General Mining,--,--,Metals & Mining,Precious Metals,Gold,--
R CN Equity,RED EAGLE MINING,CA,Common Stock,--,0,211.62M,--,Industrial Metals and Mining,General Mining,Metals & Mining,Gold,Metals & Mining,Precious Metals,Gold,--
RAMI IN Equity,RAMSARUP INDUSTR,IN,Common Stock,--,0,242.80M,--,Industrial Metals and Mining,Iron and Steel,Electrical Equipment,Electrical Components & Equipment,Steel,Steel Producers,--,--
DEVH IN Equity,DEVHARI EXPORTS,IN,Common Stock,--,0,9.78k,--,Industrial Metals and Mining,Iron and Steel,--,--,Metals & Mining,Metals & Ore Whslrs & Traders,--,--
RBEIF US Equity,RB ENERGY INC,CA,Common Stock,--,0,382.53M,--,Industrial Metals and Mining,General Mining,Metals & Mining,Diversified Metals & Mining,Metals & Mining,Mineral & Precious Stone Mining,--,--
RBG CN Equity,REBGOLD CORP,CA,Common Stock,--,0,2.26M,--,Industrial Metals and Mining,General Mining,--,--,Metals & Mining,Precious Metals,Gold,--
PAX CN Equity,PORTEX MINERALS,CA,Common Stock,--,0,177.24k,--,Industrial Metals and Mining,Nonferrous Metals,Metals & Mining,Diversified Metals & Mining,Metals & Mining,Base Metals,"Nickel, Lead & Zinc",Zinc
PACL IN Equity,PENNAR ALUMINIUM,IN,Common Stock,--,0,0,--,Industrial Metals and Mining,Aluminum,--,--,Metals & Mining,Base Metals,Aluminum,Aluminum Smelting & Refining
PAF CN Equity,PAN AMERICAN/OLD,CA,Common Stock,--,0,237.48k,--,Industrial Metals and Mining,General Mining,--,--,Metals & Mining,Mineral & Precious Stone Mining,--,--
PAL CN Equity,PARALLEL MINING,CA,Common Stock,--,0,1.33M,--,Industrial Metals and Mining,General Mining,--,--,Metals & Mining,Precious Metals,Gold,--
EMPX CN Equity,EMPRESS RESOURCE,CA,Common Stock,--,0,1.89M,--,Industrial Metals and Mining,General Mining,Metals & Mining,Diversified Metals & Mining,Metals & Mining,Mineral & Precious Stone Mining,--,--
PAN/H CN Equity,PANGOLIN DIAMOND,CA,Common Stock,--,0,121.13k,--,Industrial Metals and Mining,General Mining,Metals & Mining,Precious Metals & Minerals,Metals & Mining,Mineral & Precious Stone Mining,Precious Stone Mining,Diamonds
EMM LN Equity,EMERGING MARKET,GB,Common Stock,--,0,1.49M,--,Industrial Metals and Mining,General Mining,"Oil, Gas & Consumable Fuels",Coal & Consumable Fuels,Metals & Mining,Base Metals,--,--
ARS AU Equity,AURENNE MT IDA P,AU,Common Stock,--,0,24.76M,--,Industrial Metals and Mining,General Mining,Metals & Mining,Gold,Metals & Mining,Base Metals,--,--
PAV/H CN Equity,PACIFIC ARC RESO,CA,Common Stock,--,0,6.35k,--,Industrial Metals and Mining,General Mining,--,--,Metals & Mining,Base Metals,--,--
PAW/H CN Equity,PAC WILDCAT RES,CA,Common Stock,--,0,4.38M,--,Industrial Metals and Mining,General Mining,Metals & Mining,Diversified Metals & Mining,Metals & Mining,Precious Metals,Silver,--
2223857D CN Equity,WINDSTORM RESOUR,CA,Common Stock,--,0,2.16M,--,Industrial Metals and Mining,General Mining,--,--,Metals & Mining,Base Metals,--,--
2210440D CN Equity,RESERVOIR MINERA,CA,Common Stock,--,0,34.60M,--,Industrial Metals and Mining,General Mining,Metals & Mining,Diversified Metals & Mining,Metals & Mining,Base Metals,--,--
2143268D CN Equity,K+S POTASH CANAD,CA,Common Stock,--,0,99.78M,--,Industrial Metals and Mining,General Mining,--,--,Metals & Mining,Mineral & Precious Stone Mining,Mineral Mining,"Potash, Soda, Borate"
ASO AU Equity,ASTON MINERALS L,AU,Common Stock,--,0,5.33M,--,Industrial Metals and Mining,General Mining,Metals & Mining,Diversified Metals & Mining,Metals & Mining,Base Metals,--,--
QGX CN Equity,QGX LTD,CA,Common Stock,--,0,71.43M,--,Industrial Metals and Mining,General Mining,--,--,Metals & Mining,Base Metals,--,--
DOT/H CN Equity,DOT RESOURCES LT,CA,Common Stock,--,0,3.78M,--,Industrial Metals and Mining,Copper,--,--,Metals & Mining,Base Metals,Copper,--
QMN AU Equity,QUEENSLAND MININ,AU,Common Stock,--,0,25.25M,--,Industrial Metals and Mining,General Mining,Metals & Mining,Diversified Metals & Mining,Metals & Mining,Base Metals,Copper,Copper Mining
DMDD US Equity,DIAMOND DISCOVER,CA,Common Stock,--,0,244.76k,--,Industrial Metals and Mining,General Mining,Metals & Mining,Precious Metals & Minerals,Metals & Mining,Mineral & Precious Stone Mining,Precious Stone Mining,--
QPM CN Equity,QUEBEC PRECIOUS,CA,Common Stock,--,0,1.11M,--,Industrial Metals and Mining,General Mining,Metals & Mining,Gold,Metals & Mining,Precious Metals,Gold,--
QR/H CN Equity,QUANTA RESOURCES,CA,Common Stock,--,0,18.45k,--,Industrial Metals and Mining,General Mining,Metals & Mining,Diversified Metals & Mining,Metals & Mining,Base Metals,--,--
QRMLF US Equity,QUEST RARE MINER,CA,Common Stock,--,0,3.28M,--,Industrial Metals and Mining,General Mining,Metals & Mining,Diversified Metals & Mining,Metals & Mining,Mineral & Precious Stone Mining,Mineral Mining,Rare Earth
2303598D AU Equity,EXTRACT RESOURCE,GB,Common Stock,--,0,160.36M,--,Industrial Metals and Mining,Nonferrous Metals,--,--,Metals & Mining,Base Metals,--,--
POM CN Equity,POLYMET MINING,CA,Common Stock,--,0,722.76M,--,Industrial Metals and Mining,General Mining,Metals & Mining,Diversified Metals & Mining,Metals & Mining,Base Metals,--,--
FOXG CN Equity,ROYAL FOX GOLD I,CA,Common Stock,--,0,880.73k,--,Industrial Metals and Mining,Nonferrous Metals,Metals & Mining,Diversified Metals & Mining,Metals & Mining,Precious Metals,Gold,--
MXI CN Equity,MERREX GOLD INC,CA,Common Stock,--,0,28.02M,--,Industrial Metals and Mining,General Mining,Metals & Mining,Diversified Metals & Mining,Metals & Mining,Precious Metals,--,--
MXR AU Equity,MAXIMUS RESOURCE,AU,Common Stock,--,0,20.06M,--,Industrial Metals and Mining,General Mining,Metals & Mining,Diversified Metals & Mining,Metals & Mining,Precious Metals,Gold,--
MXV CN Equity,MAXIMUS VENTURES,CA,Common Stock,--,0,13.23M,--,Industrial Metals and Mining,General Mining,--,--,Metals & Mining,Precious Metals,--,--
FOSPACC1 PE Equity,FOSFATOS DEL PAC,PE,Common Stock,--,0,1.60M,--,Industrial Metals and Mining,Nonferrous Metals,--,--,Construction Materials,Building Materials,Sundry Building Products,Nonmetal Mineral Products
APG AU Equity,AUSTPAC RES,AU,Common Stock,--,0,2.13M,--,Industrial Metals and Mining,General Mining,Metals & Mining,Diversified Metals & Mining,Construction Materials,Cement & Aggregates,Aggregates,Sand & Gravel
MYL AU Equity,MALLEE RESOURCES,AU,Common Stock,--,0,46.47M,--,Industrial Metals and Mining,Nonferrous Metals,Metals & Mining,Diversified Metals & Mining,Metals & Mining,Base Metals,Uranium,--
AOVTF US Equity,ANDOVER MINING C,CA,Common Stock,--,0,37.06M,--,Industrial Metals and Mining,General Mining,--,--,Metals & Mining,Precious Metals,--,--
MOP LN Equity,MINCORP PLC,GB,Common Stock,--,0,5.92M,--,Industrial Metals and Mining,General Mining,--,--,Metals & Mining,Base Metals,--,--
ANO/H CN Equity,AGRIMINCO CORP,CA,Common Stock,--,0,495.14k,--,Industrial Metals and Mining,General Mining,Metals & Mining,Diversified Metals & Mining,Metals & Mining,Mineral & Precious Stone Mining,Mineral Mining,"Potash, Soda, Borate"
MRC AU Equity,MINERAL COMMODIT,AU,Common Stock,--,0,29.31M,--,Industrial Metals and Mining,General Mining,Metals & Mining,Diversified Metals & Mining,Metals & Mining,Precious Metals,--,--
FUSE CN Equity,FUSE BATTERY MET,CA,Common Stock,--,0,1.07M,--,Industrial Metals and Mining,General Mining,Metals & Mining,Diversified Metals & Mining,Metals & Mining,Base Metals,Cobalt,--
NRRP LN Equity,NORTH RIVER,GB,Common Stock,--,0,2.94M,17,Industrial Metals and Mining,General Mining,Metals & Mining,Diversified Metals & Mining,Metals & Mining,Base Metals,--,--
FCU CN Equity,FISSION URANIUM,CA,Common Stock,--,0,502.31M,--,Industrial Metals and Mining,General Mining,"Oil, Gas & Consumable Fuels",Coal & Consumable Fuels,Metals & Mining,Base Metals,--,--
NYO LN Equity,UBECORP LTD,AU,Common Stock,--,0,390.96k,--,Industrial Metals and Mining,General Mining,Metals & Mining,Diversified Metals & Mining,Metals & Mining,Base Metals,"Nickel, Lead & Zinc",Nickel
NSG/H CN Equity,NEW SAGE ENERGY,CA,Common Stock,--,0,193.32k,--,Industrial Metals and Mining,General Mining,"Oil, Gas & Consumable Fuels",Oil & Gas Exploration & Production,Oil & Gas Supply Chain,Exploration & Production,--,--
NZC AU Equity,NZURI COPPER LTD,AU,Common Stock,--,0,50.68M,--,Industrial Metals and Mining,General Mining,Metals & Mining,Diversified Metals & Mining,Metals & Mining,Base Metals,Copper,--
NZC CN Equity,NORZINC LTD,CA,Common Stock,--,0,18.60M,--,Industrial Metals and Mining,Nonferrous Metals,Metals & Mining,Diversified Metals & Mining,Metals & Mining,Base Metals,"Nickel, Lead & Zinc",--
ERX CN Equity,ERA RESOURCES IN,CA,Common Stock,--,0,190.13M,--,Industrial Metals and Mining,General Mining,Metals & Mining,Diversified Metals & Mining,Metals & Mining,Base Metals,Copper,Copper Mining
ERX AU Equity,EXORE RESOURCES,AU,Common Stock,--,0,13.99M,--,Industrial Metals and Mining,General Mining,Metals & Mining,Diversified Metals & Mining,Real Estate Owners & Developers,Specialty Owners & Developers,--,--
OAU/H CN Equity,OREMEX GOLD INC,CA,Common Stock,--,0,4.67M,--,Industrial Metals and Mining,General Mining,--,--,Metals & Mining,Precious Metals,Gold,--
ARH AU Equity,AUSTRALASIAN RES,AU,Common Stock,--,0,9.95M,--,Industrial Metals and Mining,General Mining,Metals & Mining,Steel,Metals & Mining,Iron,Iron Ore Mining,--
MRU AU Equity,MANTRA RESOURCES,AU,Common Stock,--,0,83.15M,--,Industrial Metals and Mining,Nonferrous Metals,--,--,Metals & Mining,Base Metals,--,--
FREE/H CN Equity,FREEDOM ENERGY I,CA,Common Stock,--,0,106.30k,--,Industrial Metals and Mining,Nonferrous Metals,Energy Equipment & Services,Oil & Gas Equipment & Services,Oil & Gas Supply Chain,Exploration & Production,--,--
NBU/H CN Equity,NEBU RESOURCES I,CA,Common Stock,--,0,8.71k,--,Industrial Metals and Mining,General Mining,Metals & Mining,Gold,Metals & Mining,Mineral & Precious Stone Mining,--,--
NIKL/H CN Equity,GK RESOURCES LTD,CA,Common Stock,--,0,114.45k,--,Industrial Metals and Mining,General Mining,--,--,Oil & Gas Supply Chain,Exploration & Production,--,--
FIS CN Equity,FISSION ENERGY,CA,Common Stock,--,0,50.59M,--,Industrial Metals and Mining,Nonferrous Metals,--,--,Metals & Mining,Base Metals,Uranium,--
NES CN Equity,NEWSTRIKE CAPITA,CA,Common Stock,--,0,56.78M,--,Industrial Metals and Mining,General Mining,Metals & Mining,Precious Metals & Minerals,Metals & Mining,Precious Metals,--,--
PURE/H CN Equity,PURE GLOBAL CANN,CA,Common Stock,--,0,23.18M,--,Industrial Metals and Mining,General Mining,Pharmaceuticals,Pharmaceuticals,Tobacco & Cannabis,Cannabis,--,--
PSR CN Equity,POLAR STAR MININ,CA,Common Stock,--,0,26.84M,--,Industrial Metals and Mining,General Mining,Metals & Mining,Gold,Metals & Mining,Base Metals,Copper,--
DSCR US Equity,DISCOVERY MINERA,CA,Common Stock,--,0,13.52k,--,Industrial Metals and Mining,General Mining,Metals & Mining,Gold,Metals & Mining,Precious Metals,Gold,--
DRL/H CN Equity,DIADEM RES LTD,CA,Common Stock,--,0,4.80M,--,Industrial Metals and Mining,General Mining,Metals & Mining,Precious Metals & Minerals,Metals & Mining,Mineral & Precious Stone Mining,Precious Stone Mining,Diamonds
PTTN US Equity,PATTEN ENERGY SO,US,Common Stock,--,0,125.11k,--,Industrial Metals and Mining,General Mining,"Oil, Gas & Consumable Fuels",Oil & Gas Refining & Marketing,Metals & Mining,Precious Metals,Gold,--
2362632D CN Equity,AFRICO RESOURCES,CA,Common Stock,--,0,88.39M,--,Industrial Metals and Mining,Nonferrous Metals,Metals & Mining,Diversified Metals & Mining,Metals & Mining,Base Metals,--,--
FI/H CN Equity,FIRST IDAHO RES,CA,Common Stock,--,0,5.60k,--,Industrial Metals and Mining,General Mining,Metals & Mining,Silver,Metals & Mining,Mineral & Precious Stone Mining,--,--
MSM AU Equity,MSM CORPORATION,AU,Common Stock,--,0,6.30M,--,Industrial Metals and Mining,General Mining,Interactive Media & Services,Interactive Media & Services,Software,Application Software,Content & Collaboration Software,--
ANR PZ Equity,ALTONA ENERGY,GB,Common Stock,--,0,5.21M,--,Industrial Metals and Mining,General Mining,"Oil, Gas & Consumable Fuels",Coal & Consumable Fuels,Metals & Mining,Mineral & Precious Stone Mining,Mineral Mining,Rare Earth
FSP/H CN Equity,FIRST PHOSPHATE,CA,Common Stock,--,0,8.32M,--,Industrial Metals and Mining,General Mining,Metals & Mining,Diversified Metals & Mining,Metals & Mining,Mineral & Precious Stone Mining,--,--
FS/H CN Equity,FIRST STAR RESOU,CA,Common Stock,--,0,18.07k,--,Industrial Metals and Mining,General Mining,--,--,Metals & Mining,Precious Metals,--,--
NEWO CN Equity,NEWORIGIN GOLD C,CA,Common Stock,--,0,78.68k,--,Industrial Metals and Mining,General Mining,Metals & Mining,Gold,Metals & Mining,Precious Metals,Gold,--
FIL CN Equity,FILO CORP,CA,Common Stock,--,0,137.80M,--,Industrial Metals and Mining,General Mining,Metals & Mining,Diversified Metals & Mining,Metals & Mining,Base Metals,--,--
PCP AU Equity,PARAMOUNT MINING,AU,Common Stock,--,0,10.64M,6,Industrial Metals and Mining,General Mining,Metals & Mining,Precious Metals & Minerals,Metals & Mining,Mineral & Precious Stone Mining,Precious Stone Mining,Diamonds
FGC/H CN Equity,FRONTLINE GOLD,CA,Common Stock,--,0,805.34k,--,Industrial Metals and Mining,General Mining,Metals & Mining,Gold,Metals & Mining,Precious Metals,Gold,--
FFR AU Equity,FIREFLY RESOURCE,AU,Common Stock,--,0,7.90M,--,Industrial Metals and Mining,General Mining,Metals & Mining,Diversified Metals & Mining,Metals & Mining,Precious Metals,Gold,--
AQA AU Equity,AQUILA RESOURCES,AU,Common Stock,--,0,1.01B,--,Industrial Metals and Mining,General Mining,Metals & Mining,Steel,Metals & Mining,Mining Services,Coal Support Services,--
FDM/X CN Equity,FANDIFI TECHNOLO,CA,Common Stock,--,0,2.17M,--,Industrial Metals and Mining,General Mining,Metals & Mining,Diversified Metals & Mining,Software,Application Software,--,--
AQA CN Equity,AQUILA RESOURCES,CA,Common Stock,--,0,36.26M,--,Industrial Metals and Mining,General Mining,Metals & Mining,Diversified Metals & Mining,Metals & Mining,Precious Metals,--,--
EVX CN Equity,EUROPEAN ELECTRI,CA,Common Stock,--,0,589.12k,--,Industrial Metals and Mining,General Mining,Metals & Mining,Copper,Metals & Mining,Base Metals,--,--
FMC CN Equity,FORUM ENERGY MET,CA,Common Stock,--,0,2.53M,--,Industrial Metals and Mining,Nonferrous Metals,"Oil, Gas & Consumable Fuels",Coal & Consumable Fuels,Metals & Mining,Base Metals,Uranium,--
2075587D CN Equity,GOLDROCK MINES C,CA,Common Stock,--,0,27.75M,--,Industrial Metals and Mining,General Mining,Metals & Mining,Gold,Metals & Mining,Precious Metals,Gold,--
RXM AU Equity,REX MINERALS LTD,AU,Common Stock,--,0,57.92M,--,Industrial Metals and Mining,General Mining,Metals & Mining,Diversified Metals & Mining,Metals & Mining,Base Metals,Copper,Copper Mining
RMR CN Equity,ROME RESOURCES,CA,Common Stock,--,0,6.62M,--,Industrial Metals and Mining,General Mining,Metals & Mining,Diversified Metals & Mining,Metals & Mining,Precious Metals,--,--
RMMI US Equity,ROCKY MTN MINLS,US,Common Stock,--,0,335.59k,--,Industrial Metals and Mining,General Mining,--,--,Metals & Mining,Mineral & Precious Stone Mining,--,--
CTMI3 BZ Equity,CENT MINAS-RIO,BR,Common Stock,--,0,55.61M,--,Industrial Metals and Mining,Iron and Steel,--,--,Transportation & Logistics,Transport Operations & Services,Transportation Infra Operators,Port & Harbor Operators
RYZ AU Equity,RYZON MATERIALS,AU,Common Stock,--,0,9.56M,--,Industrial Metals and Mining,Nonferrous Metals,Metals & Mining,Diversified Metals & Mining,Metals & Mining,Mineral & Precious Stone Mining,Mineral Mining,--
2007785D US Equity,MYSON GROUP INC,US,Common Stock,--,0,1.93M,--,Industrial Metals and Mining,General Mining,--,--,Asset Management,Investment Companies,--,--
CWC AU Equity,CHINA WASTE COPO,AU,Common Stock,--,0,2.85M,--,Industrial Metals and Mining,General Mining,Commercial Services & Supplies,Environmental & Facilities Services,Commercial Support Services,Waste Management,--,--
CWE CN Equity,CELTIC MINERALS,CA,Common Stock,--,0,29.83k,--,Industrial Metals and Mining,General Mining,Metals & Mining,Precious Metals & Minerals,Metals & Mining,Base Metals,--,--
ROR GR Equity,SUNMIRROR AG,CH,Common Stock,--,0,22.57M,--,Industrial Metals and Mining,General Mining,Metals & Mining,Diversified Metals & Mining,Asset Management,Investment Companies,Investment Holding Companies,--
CWL AU Equity,CONSOLIDATED FIN,AU,Common Stock,--,0,493.88k,--,Industrial Metals and Mining,General Mining,Software,Application Software,Asset Management,Investment Companies,Investment Holding Companies,--
DCY CN Equity,DISCOVERY-CORP,CA,Common Stock,--,0,62.79k,--,Industrial Metals and Mining,General Mining,Metals & Mining,Diversified Metals & Mining,Metals & Mining,Base Metals,--,--
CWY/H CN Equity,CONWAY RESOURCES,CA,Common Stock,--,0,7.64M,--,Industrial Metals and Mining,General Mining,Metals & Mining,Diversified Metals & Mining,Metals & Mining,Precious Metals,--,--
CXG CN Equity,CANXGOLD MINING,CA,Common Stock,--,0,4.68M,--,Industrial Metals and Mining,General Mining,Metals & Mining,Diversified Metals & Mining,Metals & Mining,Precious Metals,Gold,--
RLK AU Equity,ROLEK RESOURCES,AU,Common Stock,--,0,4.97M,--,Industrial Metals and Mining,General Mining,Metals & Mining,Diversified Metals & Mining,Metals & Mining,Base Metals,--,--
RZL/H CN Equity,RIZAL RESOURCES,CA,Common Stock,--,0,18.88M,--,Industrial Metals and Mining,General Mining,Metals & Mining,Diversified Metals & Mining,Metals & Mining,Precious Metals,--,--
RKX CN Equity,PORTAGE MINERALS,CA,Common Stock,--,0,1.16M,--,Industrial Metals and Mining,General Mining,--,--,Metals & Mining,Precious Metals,Gold,--
2083819D AU Equity,REDCLIFFE PROJEC,AU,Common Stock,--,0,19.91M,--,Industrial Metals and Mining,General Mining,Metals & Mining,Gold,Metals & Mining,Base Metals,--,--
RIL AU Equity,REDIVIUM LTD,AU,Common Stock,--,0,14.91M,--,Industrial Metals and Mining,General Mining,Metals & Mining,Diversified Metals & Mining,Metals & Mining,Base Metals,--,--
SAL/H CN Equity,SALMON RIVER RES,CA,Common Stock,--,0,12.63M,--,Industrial Metals and Mining,General Mining,Metals & Mining,Gold,Metals & Mining,Precious Metals,Silver,--
CSQ CN Equity,CANAMEX GOLD COR,CA,Common Stock,--,0,12.08M,--,Industrial Metals and Mining,General Mining,Metals & Mining,Gold,Metals & Mining,Precious Metals,Gold,--
ATC CN Equity,ATAC RESOURCES,CA,Common Stock,--,0,6.22M,--,Industrial Metals and Mining,General Mining,Metals & Mining,Gold,Metals & Mining,Precious Metals,Gold,--
SABIMET CI Equity,SABIMET,CL,Common Stock,--,0,1.83M,--,Industrial Metals and Mining,Iron and Steel,--,--,Retail - Discretionary,Home Products Stores,--,--
ATL CN Equity,ATLAS GLOBAL BRA,CA,Common Stock,--,0,90.22M,--,Industrial Metals and Mining,General Mining,--,--,Tobacco & Cannabis,Cannabis,--,--
CTQ CN Equity,CORRIENTE RES-A,CA,Common Stock,--,0,193.39M,--,Industrial Metals and Mining,General Mining,--,--,Metals & Mining,Precious Metals,--,--
CXT CN Equity,CRESO EXPLORATIO,CA,Common Stock,--,0,13.16M,--,Industrial Metals and Mining,General Mining,--,--,Metals & Mining,Base Metals,--,--
1SVS VC Equity,SIVENSA,VE,Common Stock,--,0,224.83k,--,Industrial Metals and Mining,Iron and Steel,Metals & Mining,Steel,Steel,Steel Producers,--,--
SAIND IN Equity,SAI INDUS LTD,IN,Common Stock,--,0,1.37M,--,Industrial Metals and Mining,Nonferrous Metals,--,--,Specialty Finance,Commercial Finance,--,--
AUL/H CN Equity,AURELIUS MINERAL,CA,Common Stock,--,0,7.24M,--,Industrial Metals and Mining,General Mining,Metals & Mining,Gold,Metals & Mining,Precious Metals,Gold,--
1871317D CN Equity,SUPERIOR COPPER,CA,Common Stock,--,0,11.29M,--,Industrial Metals and Mining,Nonferrous Metals,Metals & Mining,Diversified Metals & Mining,Metals & Mining,Base Metals,Copper,Copper Mining
COL CN Equity,COPPER NORTH MIN,CA,Common Stock,--,0,18.95M,--,Industrial Metals and Mining,Nonferrous Metals,Metals & Mining,Diversified Metals & Mining,Metals & Mining,Base Metals,--,--
SKY/H CN Equity,STIKINE ENERGY C,CA,Common Stock,--,0,10.28k,--,Industrial Metals and Mining,General Mining,Metals & Mining,Diversified Metals & Mining,Oil & Gas Supply Chain,Exploration & Production,--,--
SIZE CN Equity,INTRUSION PRECIO,CA,Common Stock,--,0,11.53M,--,Industrial Metals and Mining,General Mining,Metals & Mining,Diversified Metals & Mining,Metals & Mining,Mining Services,--,--
AULO US Equity,AURELIO RESOURCE,US,Common Stock,--,0,6.67M,--,Industrial Metals and Mining,General Mining,--,--,Metals & Mining,Base Metals,--,--
COLUF US Equity,COLOSSUS MINERAL,CA,Common Stock,--,0,3.78M,--,Industrial Metals and Mining,General Mining,Metals & Mining,Gold,Metals & Mining,Precious Metals,Gold,--
SKR CN Equity,SKYE RESOURCES I,CA,Common Stock,--,0,237.07M,--,Industrial Metals and Mining,General Mining,--,--,Metals & Mining,Base Metals,--,--
SATC KZ Equity,SAT & CO JSC,KZ,Common Stock,--,0,68.89M,--,Industrial Metals and Mining,General Mining,Metals & Mining,Diversified Metals & Mining,Metals & Mining,Base Metals,--,--
SHD AU Equity,SHERWIN IRON LTD,AU,Common Stock,--,0,93.87M,--,Industrial Metals and Mining,Iron and Steel,Metals & Mining,Steel,Metals & Mining,Base Metals,--,--
SBL/H CN Equity,SANTA BARBARA RE,CA,Common Stock,--,0,120.25k,--,Industrial Metals and Mining,General Mining,--,--,Metals & Mining,Precious Metals,Gold,--
CRO CN Equity,CAN ARROW MINES,CA,Common Stock,--,0,345.79k,--,Industrial Metals and Mining,Nonferrous Metals,Metals & Mining,Diversified Metals & Mining,Metals & Mining,Mineral & Precious Stone Mining,--,--
SBGGF US Equity,CONSOLIDATED GRO,GB,Common Stock,--,0,7.11M,--,Industrial Metals and Mining,General Mining,Metals & Mining,Steel,Metals & Mining,Iron,Iron Ore Mining,--
SAY AU Equity,SOUTH AMERICAN,AU,Common Stock,--,0,352.61k,--,Industrial Metals and Mining,Iron and Steel,Metals & Mining,Steel,Metals & Mining,Iron,Iron Ore Mining,--
SBU AU Equity,SIBURAN RESOURCE,AU,Common Stock,--,0,271.97k,--,Industrial Metals and Mining,General Mining,Metals & Mining,Gold,Metals & Mining,Precious Metals,Gold,--
CSE AU Equity,COPPER STRIKE LT,AU,Common Stock,--,0,4.52M,--,Industrial Metals and Mining,General Mining,Metals & Mining,Diversified Metals & Mining,Metals & Mining,Base Metals,Copper,Copper Mining
SBNS US Equity,SHALLBETTER INDS,US,Common Stock,--,0,0,--,Industrial Metals and Mining,General Mining,--,--,Engineering & Construction,Infrastructure Construction,--,--
1917958D AU Equity,IGO WINDWARD PTY,AU,Common Stock,--,0,5.79M,--,Industrial Metals and Mining,General Mining,Metals & Mining,Gold,Metals & Mining,Mining Services,--,--
1918475D CN Equity,TOACHI MINING IN,CA,Common Stock,--,0,2.00M,--,Industrial Metals and Mining,Iron and Steel,Metals & Mining,Diversified Metals & Mining,Metals & Mining,Precious Metals,--,--
1990118D US Equity,SOLTERA MINING C,US,Common Stock,--,0,358.78k,--,Industrial Metals and Mining,General Mining,Metals & Mining,Gold,Metals & Mining,Mineral & Precious Stone Mining,--,--
SCO/H CN Equity,CARRIE ARRAN,CA,Common Stock,--,0,70.72k,--,Industrial Metals and Mining,General Mining,--,--,Metals & Mining,Base Metals,--,--
1988987D AU Equity,SPECTRUM METALS,AU,Common Stock,--,0,7.55M,--,Industrial Metals and Mining,General Mining,Metals & Mining,Gold,Real Estate Owners & Developers,Specialty Owners & Developers,--,--
SCT/H CN Equity,SKYCHAIN TECHNOL,CA,Common Stock,--,0,1.80M,--,Industrial Metals and Mining,General Mining,"Technology Hardware, Storage & Peripherals","Technology Hardware, Storage & Peripherals",Renewable Energy,Renewable Energy Project Dev,--,--
SDL AU Equity,SUNDANCE RESOURC,AU,Common Stock,--,0,2.31M,--,Industrial Metals and Mining,General Mining,Metals & Mining,Steel,Metals & Mining,Iron,Iron Ore Mining,--
1876733D CN Equity,CANADA FLUORSPAR,CA,Common Stock,--,0,12.82M,--,Industrial Metals and Mining,General Mining,--,--,Metals & Mining,Mineral & Precious Stone Mining,--,--
AUA CN Equity,ADANAC MOLYBDENU,CA,Common Stock,--,0,5.03M,--,Industrial Metals and Mining,Nonferrous Metals,Metals & Mining,Diversified Metals & Mining,Metals & Mining,Base Metals,Molybdenum,--
CZI AU Equity,CASSINI RESOURCE,AU,Common Stock,--,0,28.45M,--,Industrial Metals and Mining,General Mining,Metals & Mining,Diversified Metals & Mining,Metals & Mining,Base Metals,--,--
ROCAF US Equity,AARDVARK VENTURE,CA,Common Stock,--,0,3.03k,--,Industrial Metals and Mining,General Mining,Metals & Mining,Diversified Metals & Mining,Metals & Mining,Base Metals,Molybdenum,--
RNC CN Equity,RENCORE RESOURCE,CA,Common Stock,--,0,1.81M,--,Industrial Metals and Mining,General Mining,--,--,Metals & Mining,Base Metals,--,--
ASV GR Equity,ARGEX TITANIUM I,CA,Common Stock,--,0,6.96M,--,Industrial Metals and Mining,General Mining,Chemicals,Commodity Chemicals,Chemicals,Specialty Chemicals,Functional Additives,--
SIXW CN Equity,SIXTH WAVE INNOV,CA,Common Stock,--,0,2.28M,--,Industrial Metals and Mining,General Mining,Metals & Mining,Gold,Chemicals,Specialty Chemicals,Advanced Materials,Nanotechnology
SIR AU Equity,IGO NOVA HOLDING,AU,Common Stock,--,0,330.83M,--,Industrial Metals and Mining,General Mining,Metals & Mining,Diversified Metals & Mining,Metals & Mining,Precious Metals,Gold,--
SHI/H CN Equity,SUNRISE RESOURCE,CA,Common Stock,--,0,3.13M,--,Industrial Metals and Mining,General Mining,--,--,Metals & Mining,Base Metals,--,--
1913988D AU Equity,FERRAUS PTY LTD,AU,Common Stock,--,0,38.23M,--,Industrial Metals and Mining,General Mining,--,--,Metals & Mining,Iron,--,--
1891477D CN Equity,CONTINENTAL GOLD,CA,Common Stock,--,0,1.02B,--,Industrial Metals and Mining,General Mining,Metals & Mining,Gold,Metals & Mining,Precious Metals,Gold,--
1848254D AU Equity,GONDWANA RESOURC,AU,Common Stock,--,0,444.60k,--,Industrial Metals and Mining,General Mining,Metals & Mining,Gold,Metals & Mining,Precious Metals,Gold,--
SMC AU Equity,STRATEGIC MIN,AU,Common Stock,--,0,28.73M,--,Industrial Metals and Mining,General Mining,Metals & Mining,Gold,Metals & Mining,Precious Metals,Gold,--
SMA LN Equity,SOVEREIGN MINES,GB,Common Stock,--,0,1.09M,2,Industrial Metals and Mining,General Mining,Metals & Mining,Gold,Asset Management,Private Equity,Real Estate Investments,--
SM/H CN Equity,SENDERO MINING C,CA,Common Stock,--,0,296.82k,--,Industrial Metals and Mining,General Mining,--,--,Metals & Mining,Mineral & Precious Stone Mining,--,--
SLT/H CN Equity,SPECIALTY LIQUID,US,Common Stock,--,0,395.34k,--,Industrial Metals and Mining,General Mining,--,--,Transportation & Logistics,Marine Shipping,Tanker Shipping,--
SLMN CN Equity,SOLIS MINERALS L,AU,Common Stock,--,0,12.84M,--,Industrial Metals and Mining,General Mining,Metals & Mining,Diversified Metals & Mining,Metals & Mining,Base Metals,Copper,--
COD CN Equity,COASTAL GOLD COR,CA,Common Stock,--,0,3.61M,--,Industrial Metals and Mining,General Mining,Metals & Mining,Diversified Metals & Mining,Metals & Mining,Precious Metals,Gold,--
1851985D AU Equity,BLACKTHORN RESOU,AU,Common Stock,--,0,51.04M,--,Industrial Metals and Mining,General Mining,Metals & Mining,Diversified Metals & Mining,Metals & Mining,Base Metals,"Nickel, Lead & Zinc",Zinc
1900974D AU Equity,ABRA MINING PTY,AU,Common Stock,--,0,25.62M,13,Industrial Metals and Mining,General Mining,--,--,Metals & Mining,Base Metals,--,--
SHSH US Equity,SHOSHONE SILVER,US,Common Stock,--,0,3.23M,--,Industrial Metals and Mining,General Mining,--,--,Metals & Mining,Mineral & Precious Stone Mining,--,--
1896778D CN Equity,CASTLE RESOURCES,CA,Common Stock,--,0,43.93M,--,Industrial Metals and Mining,General Mining,Metals & Mining,Diversified Metals & Mining,Metals & Mining,Precious Metals,--,--
1892435D LN Equity,AFRICAN PIONEER,IM,Common Stock,--,0,9.92M,--,Industrial Metals and Mining,General Mining,Metals & Mining,Diversified Metals & Mining,Asset Management,Investment Companies,--,--
SMET SW Equity,SWMTL HOLDING AG,CH,Common Stock,--,0,9.96M,--,Industrial Metals and Mining,Nonferrous Metals,Metals & Mining,Diversified Metals & Mining,Industrial Intermediate Prod,Fabricated Metal & Hardware,Fabricated Metal,Wire Products
1808249D CN Equity,KETTLE RIVER RES,CA,Common Stock,--,0,23.48k,--,Industrial Metals and Mining,General Mining,Metals & Mining,Diversified Metals & Mining,Metals & Mining,Mineral & Precious Stone Mining,--,--
1614637D CN Equity,PERU URANIUM INC,CA,Common Stock,--,0,26.13M,--,Industrial Metals and Mining,Nonferrous Metals,--,--,Metals & Mining,Base Metals,Uranium,--
1625 HK Equity,FLYING MINING LT,CN,Common Stock,--,0,15.33M,--,Industrial Metals and Mining,General Mining,Construction Materials,Construction Materials,Construction Materials,Building Materials,Stone Building Products,--
SML/H CN Equity,STEALTH MINERALS,CA,Common Stock,--,0,2.61M,--,Industrial Metals and Mining,General Mining,Metals & Mining,Diversified Metals & Mining,Metals & Mining,Base Metals,--,--
1821531D CN Equity,RIDGEMONT IRON O,CA,Common Stock,--,0,21.63M,--,Industrial Metals and Mining,General Mining,--,--,Metals & Mining,Iron,Iron Ore Mining,--
CO1 AU Equity,COBALT ONE PTY L,AU,Common Stock,--,0,33.70M,--,Industrial Metals and Mining,General Mining,Metals & Mining,Diversified Metals & Mining,Metals & Mining,Base Metals,--,--
SRFDF US Equity,STARFIELD RES,CA,Common Stock,--,0,16.50M,--,Industrial Metals and Mining,General Mining,Metals & Mining,Diversified Metals & Mining,Metals & Mining,Precious Metals,Platinum Group,--
AUT/H CN Equity,AUSTIN RESOURCES,CA,Common Stock,--,0,22.26k,--,Industrial Metals and Mining,General Mining,--,--,Metals & Mining,Base Metals,--,--
1723510D CN Equity,MURGOR RES,CA,Common Stock,--,0,957.23k,--,Industrial Metals and Mining,General Mining,Metals & Mining,Diversified Metals & Mining,Metals & Mining,Precious Metals,Gold,--
1725231D AU Equity,NEMEX RESOURCES,AU,Common Stock,--,0,59.80k,--,Industrial Metals and Mining,Iron and Steel,Metals & Mining,Gold,Oil & Gas Supply Chain,Exploration & Production,--,--
SSVR CN Equity,SUMMA SILVER COR,CA,Common Stock,--,0,48.06M,--,Industrial Metals and Mining,General Mining,Metals & Mining,Diversified Metals & Mining,Metals & Mining,Mining Services,--,--
CNY CN Equity,CANCANA RESOURCE,CA,Common Stock,--,0,6.60M,--,Industrial Metals and Mining,General Mining,Metals & Mining,Precious Metals & Minerals,Metals & Mining,Base Metals,Manganese,--
1669713D CN Equity,SOLTORO LTD,CA,Common Stock,--,0,661.15k,--,Industrial Metals and Mining,General Mining,Metals & Mining,Diversified Metals & Mining,Metals & Mining,Precious Metals,Silver,--
CNS CN Equity,CONTAGIOUS GAMIN,CA,Common Stock,--,0,13.63k,--,Industrial Metals and Mining,General Mining,"Hotels, Restaurants & Leisure",Casinos & Gaming,Software,Application Software,Specialty Software,Gambling Software
SNO/H CN Equity,SNOWFIELD DEV CP,CA,Common Stock,--,0,4.55M,--,Industrial Metals and Mining,General Mining,Metals & Mining,Precious Metals & Minerals,Metals & Mining,Precious Metals,--,--
1737644D AU Equity,MAGNA MINING NL,AU,Common Stock,--,0,739.58k,--,Industrial Metals and Mining,General Mining,--,--,Metals & Mining,Mineral & Precious Stone Mining,Precious Stone Mining,Diamonds
CNP CN Equity,CANNON POINT RES,CA,Common Stock,--,0,5.06M,--,Industrial Metals and Mining,General Mining,--,--,Asset Management,Investment Companies,Blank Check,--
CNR LN Equity,CONDOR GOLD PLC,GB,Common Stock,--,0,83.97M,--,Industrial Metals and Mining,General Mining,Metals & Mining,Gold,Metals & Mining,Precious Metals,--,--
SNV AU Equity,SINOVUS MINING,AU,Common Stock,--,0,1.90M,--,Industrial Metals and Mining,General Mining,Metals & Mining,Gold,Metals & Mining,Precious Metals,Silver,--
CMR LN Equity,CAMBRIDGE MNR RS,GB,Common Stock,--,0,23.08M,--,Industrial Metals and Mining,General Mining,--,--,Metals & Mining,Precious Metals,--,--
1789793D CN Equity,STONEGATE AGRICO,CA,Common Stock,--,0,12.08M,--,Industrial Metals and Mining,General Mining,Chemicals,Fertilizers & Agricultural Chemicals,Metals & Mining,Mineral & Precious Stone Mining,Mineral Mining,Phosphate Rock
1643632D CN Equity,RIO2 LTD,PE,Common Stock,--,0,5.80M,--,Industrial Metals and Mining,General Mining,Metals & Mining,Gold,Metals & Mining,Precious Metals,Gold,--
RTZ CN Equity,REDTAIL METALS C,CA,Common Stock,--,0,6.69M,--,Industrial Metals and Mining,General Mining,--,--,Metals & Mining,Base Metals,--,--
ATECH IN Equity,ARCOTECH LTD,IN,Common Stock,--,0,63.80M,--,Industrial Metals and Mining,Nonferrous Metals,Metals & Mining,Diversified Metals & Mining,Metals & Mining,Base Metals,--,--
RTIS IN Equity,RATHI ISPAT LTD,IN,Common Stock,--,0,18.69M,--,Industrial Metals and Mining,Iron and Steel,--,--,Steel,Steel Producers,--,--
CUR CN Equity,CONSOLIDATED URA,CA,Common Stock,--,0,22.09M,--,Industrial Metals and Mining,General Mining,Metals & Mining,Diversified Metals & Mining,Metals & Mining,Base Metals,Uranium,--
RUG CN Equity,RUGBY RESOURCES,CA,Common Stock,--,0,846.41k,--,Industrial Metals and Mining,General Mining,Metals & Mining,Diversified Metals & Mining,Metals & Mining,Base Metals,Copper,--
CUE CN Equity,CUE RESOURCES,CA,Common Stock,--,0,23.97M,--,Industrial Metals and Mining,Nonferrous Metals,--,--,Metals & Mining,Base Metals,--,--
CUBE CN Equity,SALTBAE CAPITAL,CA,Common Stock,--,0,2.26M,--,Industrial Metals and Mining,General Mining,Electrical Equipment,Heavy Electrical Equipment,Metals & Mining,Mineral & Precious Stone Mining,Mineral Mining,--
RVL CN Equity,REVELO RESOURCES,CA,Common Stock,--,0,2.99M,--,Industrial Metals and Mining,General Mining,Metals & Mining,Diversified Metals & Mining,Metals & Mining,Precious Metals,--,--
CTT CN Equity,CITATION RESOURC,CA,Common Stock,--,0,1.32M,--,Industrial Metals and Mining,General Mining,--,--,Metals & Mining,Base Metals,--,--
1697740D CN Equity,AEGEAN METALS GR,CA,Common Stock,--,0,1.89M,--,Industrial Metals and Mining,General Mining,--,--,Metals & Mining,Base Metals,--,--
SSH CN Equity,SMASH MINERALS C,CA,Common Stock,--,0,7.17M,--,Industrial Metals and Mining,General Mining,--,--,Metals & Mining,Mineral & Precious Stone Mining,--,--
1723507D CN Equity,ENFIELD EXPLORAT,CA,Common Stock,--,0,21.05k,--,Industrial Metals and Mining,General Mining,--,--,Metals & Mining,Base Metals,--,--
SRLTF US Equity,SEAFIELD RESOURC,CA,Common Stock,--,0,16.74M,--,Industrial Metals and Mining,General Mining,Metals & Mining,Gold,Metals & Mining,Precious Metals,Gold,--
SMRT CN Equity,COINSMART FINANC,CA,Common Stock,--,0,217.70k,--,Industrial Metals and Mining,Nonferrous Metals,Metals & Mining,Diversified Metals & Mining,Asset Management,Investment Companies,Cryptocurrency Investment Co,--
CNTO US Equity,CENTOR ENERGY IN,US,Common Stock,--,0,131.83k,--,Industrial Metals and Mining,General Mining,"Oil, Gas & Consumable Fuels",Oil & Gas Exploration & Production,Oil & Gas Supply Chain,Exploration & Production,Crude Oil & Natural Gas E&P,--
SRM AU Equity,SIERRA MINING PT,AU,Common Stock,--,0,5.52M,--,Industrial Metals and Mining,General Mining,--,--,Metals & Mining,Precious Metals,Gold,--
SRRL US Equity,STELLAR RESOURCE,US,Common Stock,--,0,642.43k,--,Industrial Metals and Mining,General Mining,"Oil, Gas & Consumable Fuels",Oil & Gas Exploration & Production,Metals & Mining,Mineral & Precious Stone Mining,--,--
SRSIF US Equity,STRATECO RES INC,CA,Common Stock,--,0,3.00M,--,Industrial Metals and Mining,Nonferrous Metals,"Oil, Gas & Consumable Fuels",Coal & Consumable Fuels,Metals & Mining,Base Metals,Uranium,--
CNI IN Equity,CARNATION INDUS,IN,Common Stock,--,0,432.19k,4,Industrial Metals and Mining,Metal Fabricating,Metals & Mining,Steel,Metals & Mining,Iron,Iron Foundries,--
1695914D CN Equity,ARGENTEX MINING,CA,Common Stock,--,0,10.04M,--,Industrial Metals and Mining,General Mining,Metals & Mining,Diversified Metals & Mining,Metals & Mining,Precious Metals,Silver,--
STI AU Equity,STIRLING PRODUCT,AU,Common Stock,--,0,6.81M,--,Industrial Metals and Mining,Nonferrous Metals,--,--,Chemicals,Agricultural Chemicals,Seeds & Agriculture Biotech,--
CMR AU Equity,COMPASS RESOURCE,AU,Common Stock,--,0,35.32M,--,Industrial Metals and Mining,General Mining,--,--,Metals & Mining,Base Metals,--,--
SPH/H CN Equity,SPHERE RESOURCES,AU,Common Stock,--,0,135.67k,--,Industrial Metals and Mining,General Mining,Metals & Mining,Precious Metals & Minerals,Metals & Mining,Precious Metals,--,--
SPH AU Equity,SPHERE MINERALS,AU,Common Stock,--,0,91.01M,--,Industrial Metals and Mining,Iron and Steel,Metals & Mining,Steel,Metals & Mining,Base Metals,--,--
SMXMF US Equity,SAMEX MINING CRP,CA,Common Stock,--,0,21.08M,--,Industrial Metals and Mining,General Mining,Metals & Mining,Diversified Metals & Mining,Metals & Mining,Precious Metals,--,--
1804060D CN Equity,PREMIER ROYALTY,CA,Common Stock,--,0,21.59M,--,Industrial Metals and Mining,General Mining,--,--,Metals & Mining,Precious Metals,Gold,--
STIP IN Equity,STI PRODUCTS,IN,Common Stock,--,0,61.35k,--,Industrial Metals and Mining,Iron and Steel,--,--,Steel,Steel Producers,--,--
1280636D CN Equity,ROCKGATE CAPITAL,CA,Common Stock,--,0,29.43M,--,Industrial Metals and Mining,General Mining,--,--,Metals & Mining,Base Metals,--,--
AYE AU Equity,LION ONE AUSTRAL,AU,Common Stock,--,0,10.56M,--,Industrial Metals and Mining,Nonferrous Metals,--,--,Metals & Mining,Base Metals,Uranium,--
CEG CN Equity,CERRO GRANDE MIN,CA,Common Stock,--,0,1.81M,--,Industrial Metals and Mining,General Mining,Metals & Mining,Gold,Metals & Mining,Precious Metals,Gold,--
1287366D CN Equity,CGL BURITICA LTD,CA,Common Stock,--,0,328.84M,--,Industrial Metals and Mining,General Mining,Metals & Mining,Gold,Metals & Mining,Precious Metals,Gold,--
TME CN Equity,TEMEX RESOURCES,CA,Common Stock,--,0,2.21M,--,Industrial Metals and Mining,General Mining,Metals & Mining,Gold,Metals & Mining,Precious Metals,--,--
AXZ AU Equity,AMEX RESOURCES,AU,Common Stock,--,0,32.62M,--,Industrial Metals and Mining,General Mining,Metals & Mining,Steel,Metals & Mining,Iron,Iron Ore Mining,--
1280451D CN Equity,AUEX VENTURES IN,US,Common Stock,--,0,24.13M,--,Industrial Metals and Mining,General Mining,--,--,Metals & Mining,Precious Metals,--,--
TMC LN Equity,TOLEDO MINING CO,GB,Common Stock,--,0,20.73k,2,Industrial Metals and Mining,Nonferrous Metals,--,--,Metals & Mining,Base Metals,"Nickel, Lead & Zinc",Nickel
AXXDF US Equity,ALDERON IRON ORE,CA,Common Stock,--,0,127.48M,--,Industrial Metals and Mining,General Mining,Metals & Mining,Steel,Metals & Mining,Iron,Iron Ore Mining,--
TLRS US Equity,TIMBERLINE RESOU,US,Common Stock,--,0,21.28M,--,Industrial Metals and Mining,General Mining,Metals & Mining,Gold,Metals & Mining,Precious Metals,Gold,--
1371053D CN Equity,RX GOLD & SILVER,CA,Common Stock,--,0,37.31M,--,Industrial Metals and Mining,General Mining,--,--,Metals & Mining,Precious Metals,--,--
1378049D CN Equity,NORSEMONT MINING,CA,Common Stock,--,0,43.13M,--,Industrial Metals and Mining,General Mining,--,--,Metals & Mining,Base Metals,Copper,--
UNCO US Equity,UNICO INC/AZ,US,Common Stock,--,0,7.05M,--,Industrial Metals and Mining,General Mining,--,--,Metals & Mining,Precious Metals,--,--
CASTROI1 PE Equity,CASTROVIRREYNA-I,PE,Common Stock,--,0,135.48M,--,Industrial Metals and Mining,General Mining,Metals & Mining,Precious Metals & Minerals,Metals & Mining,Precious Metals,Silver,--
UMC AU Equity,UNITED MINERALS,AU,Common Stock,--,0,14.99M,--,Industrial Metals and Mining,General Mining,--,--,Metals & Mining,Precious Metals,--,--
U3OP PZ Equity,U3O8 HOLDINGS PL,GB,Common Stock,--,0,706.25k,--,Industrial Metals and Mining,Nonferrous Metals,--,--,Metals & Mining,Mineral & Precious Stone Mining,--,--
CAV/H CN Equity,CAMROVA RESOURCE,CA,Common Stock,--,0,1.99k,--,Industrial Metals and Mining,Nonferrous Metals,Metals & Mining,Diversified Metals & Mining,Metals & Mining,Base Metals,--,--
CAY/H CN Equity,CACHE EXPLORATIO,CA,Common Stock,--,0,2.68M,--,Industrial Metals and Mining,General Mining,--,--,Metals & Mining,Precious Metals,Gold,--
1317196D AU Equity,CENTRAL AUSTRALI,AU,Common Stock,--,0,1.55M,--,Industrial Metals and Mining,General Mining,--,--,Metals & Mining,Base Metals,Uranium,--
UCL CN Equity,UNITED COAL HOLD,CA,Common Stock,--,0,8.17k,--,Industrial Metals and Mining,General Mining,Metals & Mining,Diversified Metals & Mining,Metals & Mining,Coal Mining,Thermal Coal,--
UCL AU Equity,UCL RESOURCES LT,AU,Common Stock,--,0,10.44M,--,Industrial Metals and Mining,General Mining,--,--,Metals & Mining,Mineral & Precious Stone Mining,Mineral Mining,Phosphate Rock
UAT SJ Equity,UNION ATLANTIC M,ZA,Common Stock,--,0,3.21M,--,Industrial Metals and Mining,General Mining,Metals & Mining,Diversified Metals & Mining,Metals & Mining,Mineral & Precious Stone Mining,--,--
0966912D CN Equity,ANDEAN AMERICAN,CA,Common Stock,--,0,55.84M,--,Industrial Metals and Mining,General Mining,--,--,Metals & Mining,Precious Metals,--,--
CDU CN Equity,CARDERO RES CORP,CA,Common Stock,--,0,7.61M,--,Industrial Metals and Mining,General Mining,Metals & Mining,Diversified Metals & Mining,Metals & Mining,Iron,Iron Ore Mining,--
CDC/H CN Equity,CADILLAC VENTURE,CA,Common Stock,--,0,4.96M,--,Industrial Metals and Mining,General Mining,Metals & Mining,Diversified Metals & Mining,Metals & Mining,Base Metals,--,--
TRIC LN Equity,TRICOR PLC,GB,Common Stock,--,0,210.16k,--,Industrial Metals and Mining,General Mining,Construction Materials,Construction Materials,Construction Materials,Cement & Aggregates,Aggregates,Sand & Gravel
1223Q CN Equity,GLOBETECH VENTUR,CA,Common Stock,--,0,101.35k,--,Industrial Metals and Mining,General Mining,Metals & Mining,Diversified Metals & Mining,Metals & Mining,Base Metals,Aluminum,--
TRC/H CN Equity,TERYL RES CORP,CA,Common Stock,--,0,1.34M,--,Industrial Metals and Mining,General Mining,Metals & Mining,Gold,Metals & Mining,Mineral & Precious Stone Mining,--,--
CDB AU Equity,CONDOR BLANCO MI,AU,Common Stock,--,0,23.06k,--,Industrial Metals and Mining,General Mining,Metals & Mining,Diversified Metals & Mining,Metals & Mining,Precious Metals,Gold,--
TRA/H CN Equity,TERAS RESOURCES,CA,Common Stock,--,0,794.72k,--,Industrial Metals and Mining,General Mining,Metals & Mining,Diversified Metals & Mining,Metals & Mining,Precious Metals,Gold,--
TR IN Equity,TAYO ROLLS LTD,IN,Common Stock,--,0,7.93M,--,Industrial Metals and Mining,Metal Fabricating,Metals & Mining,Steel,Industrial Intermediate Prod,Fabricated Metal & Hardware,Fabricated Metal,Forging & Stamping
CCY CN Equity,CATALYST COPPER,CA,Common Stock,--,0,21.97M,--,Industrial Metals and Mining,Nonferrous Metals,Metals & Mining,Diversified Metals & Mining,Metals & Mining,Base Metals,Copper,--
1244276D CN Equity,FURY EXPLORATION,CA,Common Stock,--,0,13.07M,--,Industrial Metals and Mining,General Mining,--,--,Oil & Gas Supply Chain,Exploration & Production,--,--
TPA/H CN Equity,TAPANGO RES,CA,Common Stock,--,0,789.74k,--,Industrial Metals and Mining,General Mining,--,--,Metals & Mining,Precious Metals,Gold,--
1249715D CN Equity,PROBE MINES LTD,CA,Common Stock,--,0,24.05M,--,Industrial Metals and Mining,General Mining,Metals & Mining,Gold,Metals & Mining,Mineral & Precious Stone Mining,--,--
TON CN Equity,STANDARD TOLLING,CA,Common Stock,--,0,1.06M,--,Industrial Metals and Mining,General Mining,Metals & Mining,Diversified Metals & Mining,Metals & Mining,Precious Metals,Gold,--
9505429Q CN Equity,PERU COPPER INC,CA,Common Stock,--,0,146.30M,--,Industrial Metals and Mining,Nonferrous Metals,--,--,Metals & Mining,Base Metals,Copper,--
TRO AU Equity,TRIAUSMIN PTY LT,AU,Common Stock,--,0,29.80M,--,Industrial Metals and Mining,General Mining,Metals & Mining,Diversified Metals & Mining,Metals & Mining,Precious Metals,--,--
CCU CN Equity,COLUMBUS COPPER,CA,Common Stock,--,0,434.79k,--,Industrial Metals and Mining,General Mining,Metals & Mining,Diversified Metals & Mining,Metals & Mining,Base Metals,Copper,Copper Mining
1119593D CN Equity,SILVORE FOX MINE,CA,Common Stock,--,0,8.25M,--,Industrial Metals and Mining,General Mining,--,--,Metals & Mining,Base Metals,Copper,--
CCU AU Equity,COBAR CONSOLIDAT,AU,Common Stock,--,0,85.63M,--,Industrial Metals and Mining,General Mining,Metals & Mining,Diversified Metals & Mining,Metals & Mining,Base Metals,--,--
CCRE US Equity,CAN-CAL RESOURCE,US,Common Stock,--,0,76.67,--,Industrial Metals and Mining,General Mining,--,--,Metals & Mining,Precious Metals,--,--
CCR CN Equity,GREEN RIVER GOLD,CA,Common Stock,--,0,3.16M,--,Industrial Metals and Mining,General Mining,--,--,Metals & Mining,Precious Metals,Gold,--
AYN CN Equity,ANTHEM RESOURCES,CA,Common Stock,--,0,11.89M,--,Industrial Metals and Mining,General Mining,"Oil, Gas & Consumable Fuels",Coal & Consumable Fuels,Metals & Mining,Base Metals,Uranium,--
CKB CN Equity,CALICO RESOURCES,CA,Common Stock,--,0,14.81M,--,Industrial Metals and Mining,General Mining,Metals & Mining,Diversified Metals & Mining,Metals & Mining,Precious Metals,Gold,--
1540824D CN Equity,DULUTH METALS LT,CA,Common Stock,--,0,169.70M,--,Industrial Metals and Mining,General Mining,Metals & Mining,Diversified Metals & Mining,Metals & Mining,Base Metals,--,--
CIBG US Equity,CIBOLAN GOLD COR,US,Common Stock,--,0,1.19M,--,Industrial Metals and Mining,General Mining,Metals & Mining,Precious Metals & Minerals,Metals & Mining,Precious Metals,Gold,--
AVZ AU Equity,AVZ MINERALS LTD,AU,Common Stock,--,0,192.48M,--,Industrial Metals and Mining,General Mining,Metals & Mining,Diversified Metals & Mining,Metals & Mining,Mineral & Precious Stone Mining,Mineral Mining,Lithium
CJO AU Equity,CERRO RESOURCES,AU,Common Stock,--,0,52.96M,--,Industrial Metals and Mining,General Mining,--,--,Metals & Mining,Precious Metals,--,--
CJX/P CN Equity,CAYMUS RESOURCES,CA,Common Stock,--,0,448.66k,--,Industrial Metals and Mining,Iron and Steel,--,--,Advertising & Marketing,Advertising & Marketing,Advertising Agencies & Svcs,E-Marketing
SXX LN Equity,ANGLO AMERICAN C,GB,Common Stock,--,0,1.95B,--,Industrial Metals and Mining,General Mining,Chemicals,Fertilizers & Agricultural Chemicals,Metals & Mining,Mineral & Precious Stone Mining,Mineral Mining,"Potash, Soda, Borate"
AVX CN Equity,ALTAIR RESOURCES,CA,Common Stock,--,0,6.31k,--,Industrial Metals and Mining,General Mining,Metals & Mining,Diversified Metals & Mining,Metals & Mining,Base Metals,--,--
SWG CN Equity,SOUTHWESTERN RES,CA,Common Stock,--,0,46.97M,--,Industrial Metals and Mining,General Mining,--,--,Metals & Mining,Base Metals,--,--
SWD CN Equity,SUNWARD RESOURCE,CA,Common Stock,--,0,51.26M,--,Industrial Metals and Mining,General Mining,Metals & Mining,Diversified Metals & Mining,Metals & Mining,Precious Metals,Gold,--
CLZ/H CN Equity,CANASIL RES,CA,Common Stock,--,0,68.70k,--,Industrial Metals and Mining,General Mining,Metals & Mining,Diversified Metals & Mining,Metals & Mining,Precious Metals,Gold,--
1577310D CN Equity,PERSHIMCO RESOUR,CA,Common Stock,--,0,85.83M,--,Industrial Metals and Mining,General Mining,Metals & Mining,Diversified Metals & Mining,Metals & Mining,Precious Metals,--,--
1577753D CN Equity,BRAZILIAN GOLD C,CA,Common Stock,--,0,31.37M,--,Industrial Metals and Mining,General Mining,--,--,Metals & Mining,Precious Metals,Gold,--
CMD CN Equity,COMMANDER RESOUR,CA,Common Stock,--,0,4.32M,--,Industrial Metals and Mining,General Mining,Metals & Mining,Diversified Metals & Mining,Metals & Mining,Precious Metals,Gold,--
STU IN Equity,STEEL TUBES OF I,IN,Common Stock,--,0,--,--,Industrial Metals and Mining,Iron and Steel,--,--,Steel,Steel Producers,--,--
1529286D CN Equity,CHAMPION IRON MI,CA,Common Stock,--,0,93.81M,--,Industrial Metals and Mining,General Mining,Metals & Mining,Steel,Metals & Mining,Iron,Iron Ore Mining,--
STPS IN Equity,STARLIT POWER SY,IN,Common Stock,--,0,181.64M,3,Industrial Metals and Mining,Nonferrous Metals,Metals & Mining,Diversified Metals & Mining,Automotive,Auto Parts,Vehicle Batteries,--
AVT CN Equity,ALLOYCORP MINING,CA,Common Stock,--,0,40.93M,--,Industrial Metals and Mining,General Mining,Metals & Mining,Diversified Metals & Mining,Metals & Mining,Base Metals,Molybdenum,--
TVR/H CN Equity,TRI-RIVER VENTUR,CA,Common Stock,--,0,865.68k,--,Industrial Metals and Mining,General Mining,Metals & Mining,Diversified Metals & Mining,Metals & Mining,Precious Metals,Gold,--
1031111D US Equity,STARGOLD MINES I,US,Common Stock,--,0,1.19M,--,Industrial Metals and Mining,General Mining,--,--,Metals & Mining,Precious Metals,--,--
CEO/H CN Equity,CLYDESDALE RESOU,CA,Common Stock,--,0,284.49k,--,Industrial Metals and Mining,General Mining,Metals & Mining,Diversified Metals & Mining,Metals & Mining,Base Metals,Copper,--
TUE CN Equity,TITAN URANIUM IN,CA,Common Stock,--,0,26.04M,--,Industrial Metals and Mining,Nonferrous Metals,--,--,Metals & Mining,Base Metals,--,--
TTQ/H CN Equity,TTM RESOURCES IN,CA,Common Stock,--,0,21.83M,--,Industrial Metals and Mining,General Mining,Metals & Mining,Diversified Metals & Mining,Metals & Mining,Mineral & Precious Stone Mining,--,--
TSTR LN Equity,TRI-STAR RESOURC,GB,Common Stock,--,0,30.10M,3,Industrial Metals and Mining,Nonferrous Metals,Metals & Mining,Diversified Metals & Mining,Metals & Mining,Base Metals,--,--
TSM CN Equity,TASMAN METALS LT,CA,Common Stock,--,0,16.31M,--,Industrial Metals and Mining,Iron and Steel,Metals & Mining,Diversified Metals & Mining,Metals & Mining,Base Metals,--,--
AZC CN Equity,HUDBAY ARIZONA C,CA,Common Stock,--,0,360.68M,--,Industrial Metals and Mining,General Mining,Metals & Mining,Diversified Metals & Mining,Metals & Mining,Base Metals,Copper,Copper Mining
UPC CN Equity,URANIUM POWER CO,CA,Common Stock,--,0,30.75M,--,Industrial Metals and Mining,Nonferrous Metals,--,--,Metals & Mining,Base Metals,--,--
AZC AU Equity,ERINBAR LTD,AU,Common Stock,--,0,19.01M,--,Industrial Metals and Mining,General Mining,--,--,Metals & Mining,Base Metals,--,--
UNR CN Equity,URANIUM NORTH RE,CA,Common Stock,--,0,13.13M,--,Industrial Metals and Mining,Nonferrous Metals,--,--,Metals & Mining,Base Metals,Uranium,--
LWC/H CN Equity,LEEWARD CAPITAL,CA,Common Stock,--,0,357.26k,--,Industrial Metals and Mining,General Mining,Metals & Mining,Diversified Metals & Mining,Metals & Mining,Mineral & Precious Stone Mining,--,--
TWX/X CN Equity,TWX GROUP HOLDIN,CA,Common Stock,--,0,568.86k,--,Industrial Metals and Mining,General Mining,Metals & Mining,Diversified Metals & Mining,Consumer Services,Educational Services,--,--
1026192D CN Equity,ASTRAL MINING CO,CA,Common Stock,--,0,6.42M,--,Industrial Metals and Mining,General Mining,--,--,Metals & Mining,Precious Metals,--,--
TXM CN Equity,TRIEX MINERALS C,CA,Common Stock,--,0,35.02M,--,Industrial Metals and Mining,General Mining,--,--,Metals & Mining,Base Metals,--,--
CBX AU Equity,CAPE ALUMINA PTY,AU,Common Stock,--,0,6.34M,--,Industrial Metals and Mining,Aluminum,Metals & Mining,Aluminum,Metals & Mining,Base Metals,--,--
CLP CN Equity,CALYPSO URANIUM,CA,Common Stock,--,0,4.23M,--,Industrial Metals and Mining,Nonferrous Metals,--,--,Metals & Mining,Base Metals,Uranium,--
1574218D CN Equity,STARFIRE MINERAL,CA,Common Stock,--,0,5.25M,--,Industrial Metals and Mining,General Mining,--,--,Metals & Mining,Base Metals,--,--
SVX CN Equity,SINO VANADIUM IN,CA,Common Stock,--,0,20.49M,--,Industrial Metals and Mining,General Mining,--,--,Metals & Mining,Mineral & Precious Stone Mining,--,--
SVYR US Equity,SAVOY RESOURCES,US,Common Stock,--,0,6.60k,--,Industrial Metals and Mining,General Mining,--,--,Metals & Mining,Precious Metals,Gold,--
GBK CN Equity,GOLDBROOK VENTUR,CA,Common Stock,--,0,37.78M,--,Industrial Metals and Mining,Nonferrous Metals,--,--,Metals & Mining,Base Metals,--,--
MOA CN Equity,MOUNTAIN LAKE,CA,Common Stock,--,0,15.21M,--,Industrial Metals and Mining,General Mining,--,--,Metals & Mining,Base Metals,--,--
MNR CN Equity,MASON RESOURCES,CA,Common Stock,--,0,63.35M,--,Industrial Metals and Mining,General Mining,Metals & Mining,Copper,Metals & Mining,Base Metals,Copper,--
GARQF US Equity,GALLERY RESOURCE,CA,Common Stock,--,0,9.43k,--,Industrial Metals and Mining,General Mining,--,--,Metals & Mining,Mineral & Precious Stone Mining,--,--
MMX AU Equity,MURCHISON METALS,AU,Common Stock,--,0,21.68M,--,Industrial Metals and Mining,General Mining,--,--,Metals & Mining,Iron,Iron Ore Mining,--
MMW AU Equity,MAGMA METALS PTY,AU,Common Stock,--,0,21.13M,--,Industrial Metals and Mining,General Mining,--,--,Metals & Mining,Base Metals,--,--
GBG AU Equity,GINDALBIE METALS,AU,Common Stock,--,0,38.74M,--,Industrial Metals and Mining,Iron and Steel,Metals & Mining,Diversified Metals & Mining,Metals & Mining,Iron,Iron Ore Mining,--
GBGD US Equity,GLOBAL GOLD CORP,US,Common Stock,--,0,3.53M,--,Industrial Metals and Mining,General Mining,Metals & Mining,Diversified Metals & Mining,Metals & Mining,Precious Metals,Gold,--
MOD AU Equity,SANDFIRE RESOURC,AU,Common Stock,--,0,50.63M,--,Industrial Metals and Mining,Copper,Metals & Mining,Diversified Metals & Mining,Metals & Mining,Base Metals,Copper,--
GBL CN Equity,GB MINERALS LTD,CA,Common Stock,--,0,92.26M,--,Industrial Metals and Mining,General Mining,Metals & Mining,Diversified Metals & Mining,Metals & Mining,Mineral & Precious Stone Mining,Mineral Mining,Phosphate Rock
MMI CN Equity,METALO MANUFACTU,CA,Common Stock,--,0,1.74M,--,Industrial Metals and Mining,General Mining,--,--,Metals & Mining,Iron,Iron Foundries,--
GBR CN Equity,GREAT BEAR RESOU,CA,Common Stock,--,0,88.09M,--,Industrial Metals and Mining,Nonferrous Metals,Metals & Mining,Gold,Metals & Mining,Precious Metals,--,--
ANM CN Equity,ANTARES MINERALS,CA,Common Stock,--,0,63.49M,--,Industrial Metals and Mining,Nonferrous Metals,--,--,Metals & Mining,Precious Metals,--,--
AN CN Equity,ARENA MINERALS I,CA,Common Stock,--,0,31.73M,--,Industrial Metals and Mining,General Mining,Metals & Mining,Diversified Metals & Mining,Metals & Mining,Precious Metals,Gold,--
GLA/U CN Equity,GLOBAL ALUMINA-$,US,Common Stock,--,0,21.33M,--,Industrial Metals and Mining,Aluminum,--,--,Metals & Mining,Base Metals,Aluminum,Bauxite Mining
GDFI US Equity,AMERICAN GOLDFIE,US,Common Stock,--,0,29.01k,--,Industrial Metals and Mining,General Mining,--,--,Metals & Mining,Precious Metals,Gold,--
MLMP PZ Equity,MARSHALL LAKE MI,GB,Common Stock,--,0,1.68M,--,Industrial Metals and Mining,Nonferrous Metals,--,--,Specialty Finance,Other Financial Services,--,--
MLM/H CN Equity,MILLSTREAM MINES,CA,Common Stock,--,0,12.93M,--,Industrial Metals and Mining,General Mining,Metals & Mining,Diversified Metals & Mining,Metals & Mining,Base Metals,--,--
MLM AU Equity,METALLICA MINERA,AU,Common Stock,--,0,18.08M,--,Industrial Metals and Mining,General Mining,Metals & Mining,Diversified Metals & Mining,Metals & Mining,Base Metals,Copper,--
GCO/H CN Equity,GLOBAL COBALT,CA,Common Stock,--,0,8.19M,--,Industrial Metals and Mining,General Mining,--,--,Metals & Mining,Base Metals,--,--
GMI CN Equity,GREEN MINING INN,CA,Common Stock,--,0,2.35M,--,Industrial Metals and Mining,Nonferrous Metals,--,--,Metals & Mining,Precious Metals,--,--
GCR AU Equity,GOLDEN CROSS RES,AU,Common Stock,--,0,13.14M,--,Industrial Metals and Mining,General Mining,Metals & Mining,Gold,Metals & Mining,Base Metals,Copper,Copper Mining
MIX/H CN Equity,MICREX DEVELOP,CA,Common Stock,--,0,2.24M,--,Industrial Metals and Mining,General Mining,Metals & Mining,Diversified Metals & Mining,Metals & Mining,Base Metals,--,--
MIO/H CN Equity,MINDORO RES,CA,Common Stock,--,0,9.27M,--,Industrial Metals and Mining,General Mining,Metals & Mining,Gold,Metals & Mining,Precious Metals,Gold,--
FXR AU Equity,FOX RESOURCES LT,AU,Common Stock,--,0,22.86M,--,Industrial Metals and Mining,General Mining,Metals & Mining,Diversified Metals & Mining,Metals & Mining,Base Metals,Copper,--
MOL AU Equity,YOUNG AUSTRALIAN,AU,Common Stock,--,0,73.52M,--,Industrial Metals and Mining,General Mining,Metals & Mining,Steel,Metals & Mining,Base Metals,Copper,--
AMS SP Equity,ALITA RESOURCES,AU,Common Stock,--,0,92.21M,--,Industrial Metals and Mining,General Mining,Metals & Mining,Diversified Metals & Mining,Metals & Mining,Mineral & Precious Stone Mining,Mineral Mining,Lithium
GFGVF US Equity,FAST LINE HOLDIN,CA,Common Stock,--,0,5.07k,--,Industrial Metals and Mining,General Mining,Pharmaceuticals,Pharmaceuticals,Biotech & Pharma,Biotech,--,--
MII AU Equity,MERIDIAN MINERAL,AU,Common Stock,--,0,20.27M,--,Industrial Metals and Mining,General Mining,--,--,Metals & Mining,Base Metals,--,--
GGM SJ Equity,GOLIATH GOLD MIN,ZA,Common Stock,--,0,17.83M,--,Industrial Metals and Mining,General Mining,Metals & Mining,Gold,Metals & Mining,Mining Services,--,--
GHA/H CN Equity,GOLDEN HAT RES,CA,Common Stock,--,0,369.02k,--,Industrial Metals and Mining,General Mining,--,--,Metals & Mining,Precious Metals,--,--
GHML US Equity,GOLD HILLS MININ,US,Common Stock,--,0,1.24M,--,Industrial Metals and Mining,General Mining,Metals & Mining,Gold,Metals & Mining,Base Metals,--,--
MMAX CN Equity,METAMATERIAL EXC,CA,Common Stock,--,0,5.16M,--,Industrial Metals and Mining,General Mining,Metals & Mining,Diversified Metals & Mining,Chemicals,Specialty Chemicals,Advanced Materials,--
GMCI US Equity,GMCI CORP,US,Common Stock,--,0,140.72k,--,Industrial Metals and Mining,General Mining,--,--,Construction Materials,Building Materials,Stone Building Products,--
MCRF IN Equity,MICRO FORGE INDI,IN,Common Stock,--,0,7.69M,--,Industrial Metals and Mining,Iron and Steel,--,--,Steel,Steel Producers,--,--
GMC AU Equity,GULF MANGANESE C,AU,Common Stock,--,0,22.26M,--,Industrial Metals and Mining,General Mining,Metals & Mining,Diversified Metals & Mining,Metals & Mining,Base Metals,--,--
MCU/H CN Equity,MEGA COPPER LTD,CA,Common Stock,--,0,45.27k,--,Industrial Metals and Mining,General Mining,--,--,Metals & Mining,Base Metals,--,--
AMW CN Equity,ALPHA MINERALS I,CA,Common Stock,--,0,4.69M,--,Industrial Metals and Mining,General Mining,--,--,Metals & Mining,Base Metals,Uranium,--
8306 HK Equity,CHINA NONFERROUS,HK,Common Stock,--,0,232.90M,190,Industrial Metals and Mining,Nonferrous Metals,Metals & Mining,Diversified Metals & Mining,Metals & Mining,Base Metals,"Nickel, Lead & Zinc",--
GM CN Equity,GEO MINERALS LTD,CA,Common Stock,--,0,3.31M,--,Industrial Metals and Mining,General Mining,--,--,Metals & Mining,Base Metals,Copper,--
GLY AU Equity,GLORY RESOURCES,AU,Common Stock,--,0,46.30M,--,Industrial Metals and Mining,General Mining,--,--,Metals & Mining,Base Metals,--,--
GLQ CN Equity,GLOBAL COPPER CO,CA,Common Stock,--,0,41.94M,--,Industrial Metals and Mining,Nonferrous Metals,--,--,Metals & Mining,Base Metals,--,--
777030Z CN Equity,Q2 GOLD RESOURCE,CA,Common Stock,--,0,541.29k,--,Industrial Metals and Mining,General Mining,Metals & Mining,Gold,Metals & Mining,Precious Metals,Gold,--
MER/H CN Equity,MERITUS MINERALS,CA,Common Stock,--,0,5.24M,--,Industrial Metals and Mining,General Mining,Metals & Mining,Diversified Metals & Mining,Metals & Mining,Mineral & Precious Stone Mining,--,--
GMN CN Equity,GOBIMIN INC,CA,Common Stock,--,0,101.31M,--,Industrial Metals and Mining,Nonferrous Metals,Capital Markets,Asset Management & Custody Banks,Metals & Mining,Base Metals,Copper,--
MANS JR Equity,UNITED IRON & ST,JO,Common Stock,--,0,53.32M,--,Industrial Metals and Mining,Iron and Steel,Metals & Mining,Steel,Steel,Steel Producers,--,--
AML AU Equity,AEON METALS LTD,AU,Common Stock,--,0,106.24M,--,Industrial Metals and Mining,Copper,Metals & Mining,Diversified Metals & Mining,Metals & Mining,Base Metals,--,--
AMK CN Equity,AMERICAN CREEK R,CA,Common Stock,--,0,7.85M,--,Industrial Metals and Mining,General Mining,Metals & Mining,Diversified Metals & Mining,Metals & Mining,Mining Services,--,--
GOCM US Equity,GEOCOM RESOURCES,US,Common Stock,--,0,228.87k,--,Industrial Metals and Mining,General Mining,--,--,Oil & Gas Supply Chain,Exploration & Production,--,--
GOD CN Equity,GOLDRUSH RESOURC,CA,Common Stock,--,0,4.60M,--,Industrial Metals and Mining,General Mining,Metals & Mining,Gold,Metals & Mining,Precious Metals,Gold,--
GOFL CN Equity,GOLDFLARE EXPLOR,CA,Common Stock,--,0,4.31M,--,Industrial Metals and Mining,General Mining,Metals & Mining,Gold,Metals & Mining,Base Metals,--,--
92E AU Equity,92 ENERGY LTD,AU,Common Stock,--,0,5.49M,--,Industrial Metals and Mining,General Mining,"Oil, Gas & Consumable Fuels",Coal & Consumable Fuels,Metals & Mining,Base Metals,Uranium,--
GNT/H CN Equity,GENTOR RESOURCES,CA,Common Stock,--,0,7.13k,5,Industrial Metals and Mining,General Mining,Metals & Mining,Diversified Metals & Mining,Metals & Mining,Precious Metals,Gold,--
LRS AU Equity,LATIN RESOURCES,AU,Common Stock,--,0,122.78M,--,Industrial Metals and Mining,General Mining,Metals & Mining,Diversified Metals & Mining,Metals & Mining,Mineral & Precious Stone Mining,Mineral Mining,Lithium
LUM CN Equity,LUMINA GOLD CORP,CA,Common Stock,--,0,33.91M,--,Industrial Metals and Mining,General Mining,Metals & Mining,Gold,Metals & Mining,Precious Metals,Gold,--
GPY CN Equity,GOLDEN PREDATOR,CA,Common Stock,--,0,14.01M,--,Industrial Metals and Mining,General Mining,Metals & Mining,Gold,Metals & Mining,Precious Metals,Gold,--
9990401D CN Equity,THESIS GOLD HOLD,CA,Common Stock,--,0,63.60M,--,Industrial Metals and Mining,General Mining,Metals & Mining,Gold,Metals & Mining,Precious Metals,Gold,--
LTR LN Equity,LATITUDE RESOURC,GB,Common Stock,--,0,33.58M,3,Industrial Metals and Mining,General Mining,--,--,Metals & Mining,Base Metals,--,--
2448344D US Equity,TORNADO GOLD INT,US,Common Stock,--,0,693.29k,--,Industrial Metals and Mining,General Mining,--,--,Metals & Mining,Precious Metals,Gold,--
LTEL3B BZ Equity,LITEL,BR,Common Stock,--,0,987.15M,--,Industrial Metals and Mining,General Mining,--,--,Real Estate Owners & Developers,Multi Asset Class Own & Develop,--,--
AME AU Equity,ALTO METALS LTD,AU,Common Stock,--,0,33.23M,--,Industrial Metals and Mining,General Mining,Metals & Mining,Gold,Metals & Mining,Base Metals,Uranium,--
LPD AU Equity,LEPIDICO LTD,AU,Common Stock,--,0,102.02M,--,Industrial Metals and Mining,Nonferrous Metals,Metals & Mining,Diversified Metals & Mining,Metals & Mining,Mineral & Precious Stone Mining,Mineral Mining,Lithium
AMG CN Equity,AM GOLD INC,CA,Common Stock,--,0,2.61M,--,Industrial Metals and Mining,General Mining,Metals & Mining,Diversified Metals & Mining,Metals & Mining,Precious Metals,Gold,--
GRAT CN Equity,GRATOMIC INC,CA,Common Stock,--,0,30.41M,--,Industrial Metals and Mining,General Mining,Metals & Mining,Diversified Metals & Mining,Metals & Mining,Mineral & Precious Stone Mining,--,--
AMR/H CN Equity,AM RESOURCES COR,CA,Common Stock,--,0,1.39M,--,Industrial Metals and Mining,General Mining,"Oil, Gas & Consumable Fuels",Coal & Consumable Fuels,Metals & Mining,Coal Mining,Thermal Coal,--
MARV CN Equity,MARVEL DISCOVERY,CA,Common Stock,--,0,3.06M,--,Industrial Metals and Mining,Nonferrous Metals,Metals & Mining,Diversified Metals & Mining,Metals & Mining,Base Metals,--,--
LKY CN Equity,LUCKY MINERALS I,CA,Common Stock,--,0,1.22M,--,Industrial Metals and Mining,General Mining,Metals & Mining,Diversified Metals & Mining,Metals & Mining,Mineral & Precious Stone Mining,--,--
LO/H CN Equity,LOUNOR EXPLORATI,CA,Common Stock,--,0,931.90k,--,Industrial Metals and Mining,General Mining,Metals & Mining,Diversified Metals & Mining,Metals & Mining,Precious Metals,--,--
LLL AU Equity,LEO LITHIUM LTD,AU,Common Stock,--,0,587.33M,--,Industrial Metals and Mining,General Mining,Metals & Mining,Diversified Metals & Mining,Metals & Mining,Mineral & Precious Stone Mining,Mineral Mining,Lithium
LLC CN Equity,LORRAINE COPPER,CA,Common Stock,--,0,5.09M,--,Industrial Metals and Mining,Nonferrous Metals,Metals & Mining,Diversified Metals & Mining,Metals & Mining,Base Metals,Copper,--
AMFEBC IN Equity,A&M FEBCON LTD,IN,Common Stock,--,0,4.74M,--,Industrial Metals and Mining,Nonferrous Metals,Machinery,Industrial Machinery & Supplies & Components,Industrial Intermediate Prod,Fabricated Metal & Hardware,--,--
AAA CN Equity,ALLANA POTASH,CA,Common Stock,--,0,148.38M,--,Industrial Metals and Mining,Nonferrous Metals,Chemicals,Fertilizers & Agricultural Chemicals,Chemicals,Agricultural Chemicals,Fertilizers,Potassium Fertilizers
GBRR CN Equity,GREAT BEAR ROYAL,CA,Common Stock,--,0,3.65M,--,Industrial Metals and Mining,General Mining,Metals & Mining,Gold,Metals & Mining,Precious Metals,--,--
CLZ AU Equity,CLASSIC MINERALS,AU,Common Stock,--,0,9.02M,--,Industrial Metals and Mining,General Mining,Metals & Mining,Gold,Metals & Mining,Precious Metals,Gold,--
LEXI/H CN Equity,LITHIUM ENERGI E,CA,Common Stock,--,0,6.85M,--,Industrial Metals and Mining,General Mining,--,--,Metals & Mining,Mineral & Precious Stone Mining,Mineral Mining,Lithium
LEC/H CN Equity,LIGNOL ENERGY CO,CA,Common Stock,--,0,30.35M,--,Industrial Metals and Mining,Nonferrous Metals,"Oil, Gas & Consumable Fuels",Oil & Gas Refining & Marketing,Renewable Energy,Biofuels,Biofuel Feedstock Suppliers,--
GRY AU Equity,TERANGA GOLD AUS,AU,Common Stock,--,0,22.04M,143,Industrial Metals and Mining,General Mining,Metals & Mining,Gold,Metals & Mining,Precious Metals,Gold,--
LEL AU Equity,LITHIUM ENERGY L,AU,Common Stock,--,0,32.55M,--,Industrial Metals and Mining,General Mining,Metals & Mining,Diversified Metals & Mining,Metals & Mining,Mineral & Precious Stone Mining,Mineral Mining,Lithium
AAL CN Equity,ADVANTAGE LITHIU,CA,Common Stock,--,0,70.17M,--,Industrial Metals and Mining,General Mining,Metals & Mining,Diversified Metals & Mining,Metals & Mining,Mineral & Precious Stone Mining,Mineral Mining,Lithium
LFX CN Equity,LEADFX INC,CA,Common Stock,--,0,141.31M,--,Industrial Metals and Mining,Nonferrous Metals,Metals & Mining,Diversified Metals & Mining,Metals & Mining,Base Metals,"Nickel, Lead & Zinc",Lead
LGDIQ US Equity,LEGEND INTERNATI,AU,Common Stock,--,0,7.54M,--,Industrial Metals and Mining,General Mining,Metals & Mining,Diversified Metals & Mining,Metals & Mining,Mineral & Precious Stone Mining,--,--
AMD AU Equity,ARROW MINERALS L,AU,Common Stock,--,0,5.77M,--,Industrial Metals and Mining,General Mining,Metals & Mining,Diversified Metals & Mining,Metals & Mining,Base Metals,--,--
GRM CN Equity,GREAT REPUBLIC M,CA,Common Stock,--,0,306.29k,--,Industrial Metals and Mining,General Mining,--,--,Metals & Mining,Mineral & Precious Stone Mining,Mineral Mining,--
VCV CN Equity,VATIC VENTURES C,CA,Common Stock,--,0,368.58k,--,Industrial Metals and Mining,General Mining,--,--,Metals & Mining,Mineral & Precious Stone Mining,Mineral Mining,"Potash, Soda, Borate"
VGM LN Equity,VATUKOULA GOLD M,GB,Common Stock,--,0,0,--,Industrial Metals and Mining,General Mining,--,--,Metals & Mining,Precious Metals,--,--
AZN/H CN Equity,AZN CAPITAL CORP,CA,Common Stock,--,0,429.61k,--,Industrial Metals and Mining,General Mining,Ground Transportation,Passenger Ground Transportation,Automotive,Automobiles,Motorcycles,Motorcycles - Electric
VEM/H CN Equity,FORRESTER METALS,CA,Common Stock,--,0,2.76M,--,Industrial Metals and Mining,General Mining,Metals & Mining,Diversified Metals & Mining,Metals & Mining,Base Metals,--,--
0538322D CN Equity,PETAQUILLA COPPE,CA,Common Stock,--,0,90.62M,--,Industrial Metals and Mining,Nonferrous Metals,--,--,Metals & Mining,Base Metals,--,--
VEC AU Equity,VECTOR RESOURCES,AU,Common Stock,--,0,135.84M,--,Industrial Metals and Mining,Iron and Steel,Metals & Mining,Gold,Metals & Mining,Iron,Iron Ore Mining,--
0559966D CN Equity,MARATHON PGM COR,CA,Common Stock,--,0,60.27M,--,Industrial Metals and Mining,General Mining,--,--,Metals & Mining,Precious Metals,--,--
BXR/H CN Equity,BLUE RIVER RESOU,CA,Common Stock,--,0,94.54k,--,Industrial Metals and Mining,Copper,--,--,Metals & Mining,Precious Metals,Gold,--
VCPS US Equity,VINCOMPASS CORP,US,Common Stock,--,0,18.17k,--,Industrial Metals and Mining,General Mining,--,--,Metals & Mining,Precious Metals,Gold,--
0560891D CN Equity,CENTENARIO COPPE,CA,Common Stock,--,0,551.58M,--,Industrial Metals and Mining,Nonferrous Metals,--,--,Metals & Mining,Base Metals,--,--
BVE/H CN Equity,BURNSTONE VENTUR,CA,Common Stock,--,0,1.83M,--,Industrial Metals and Mining,General Mining,Metals & Mining,Diversified Metals & Mining,Metals & Mining,Mineral & Precious Stone Mining,Precious Stone Mining,Diamonds
BWCG CN Equity,BLACKWOLF COPPER,CA,Common Stock,--,0,16.83M,--,Industrial Metals and Mining,General Mining,Metals & Mining,Diversified Metals & Mining,Metals & Mining,Base Metals,--,--
USCO CN Equity,US COBALT INC,CA,Common Stock,--,0,3.51M,--,Industrial Metals and Mining,General Mining,Metals & Mining,Diversified Metals & Mining,Metals & Mining,Base Metals,Cobalt,--
URS CN Equity,URASTAR GOLD COR,CA,Common Stock,--,0,4.25M,--,Industrial Metals and Mining,General Mining,--,--,Metals & Mining,Precious Metals,Gold,--
CAMP PZ Equity,CONSOLIDATED AFR,GB,Common Stock,--,0,70.48k,--,Industrial Metals and Mining,Nonferrous Metals,--,--,Metals & Mining,Base Metals,--,--
BWL IN Equity,BWL LTD,IN,Common Stock,--,0,717.41k,3,Industrial Metals and Mining,Iron and Steel,--,--,Steel,Steel Producers,"Long, Pipe & Tubular",Steel Wire Drawing
URHY US Equity,URBAN HYDROPONIC,US,Common Stock,--,0,1.76M,--,Industrial Metals and Mining,General Mining,--,--,Machinery,Agricultural Machinery,Farm Machinery & Equipment,Implement & Irrigation Equip
0764503D CN Equity,FRANCONIA MINERA,US,Common Stock,--,0,33.22M,--,Industrial Metals and Mining,General Mining,--,--,Metals & Mining,Base Metals,--,--
URG CN Equity,ORIENTAL NON-FER,CA,Common Stock,--,0,2.06M,--,Industrial Metals and Mining,General Mining,--,--,Metals & Mining,Mineral & Precious Stone Mining,--,--
UREE US Equity,U.S. RARE EARTHS,US,Common Stock,--,0,859.03k,--,Industrial Metals and Mining,General Mining,Metals & Mining,Diversified Metals & Mining,Metals & Mining,Mineral & Precious Stone Mining,--,--
YCUP PZ Equity,YELLOW CAT URANI,GB,Common Stock,--,0,111.04k,--,Industrial Metals and Mining,Nonferrous Metals,--,--,Metals & Mining,Base Metals,--,--
YZC CN Equity,YUKON ZINC CORP,CA,Common Stock,--,0,82.69M,--,Industrial Metals and Mining,General Mining,--,--,Metals & Mining,Base Metals,--,--
YMI CN Equity,YELLOWHEAD MININ,CA,Common Stock,--,0,3.34M,--,Industrial Metals and Mining,General Mining,Metals & Mining,Diversified Metals & Mining,Metals & Mining,Base Metals,--,--
BKMM US Equity,BEKEM METALS INC,KZ,Common Stock,--,0,4.71M,--,Industrial Metals and Mining,Nonferrous Metals,Metals & Mining,Diversified Metals & Mining,Metals & Mining,Base Metals,--,--
BPT IN Equity,BOMBAY POTTERIES,IN,Common Stock,--,0,212.79k,--,Industrial Metals and Mining,General Mining,--,--,Construction Materials,Building Materials,Sundry Building Products,Nonmetal Mineral Products
BLCC PZ Equity,BLOCK COMMODITIE,GB,Common Stock,--,0,4.21M,31,Industrial Metals and Mining,General Mining,Chemicals,Fertilizers & Agricultural Chemicals,Internet Media & Services,Internet Media & Services,--,--
BIM CN Equity,BAFFINLAND IRON,CA,Common Stock,--,0,272.24M,--,Industrial Metals and Mining,Iron and Steel,--,--,Metals & Mining,Iron,Iron Ore Mining,--
ZAZ CN Equity,ZAZU METALS CORP,CA,Common Stock,--,0,21.61M,--,Industrial Metals and Mining,General Mining,Metals & Mining,Precious Metals & Minerals,Metals & Mining,Base Metals,--,--
BHV CN Equity,BELLHAVEN COPPER,CA,Common Stock,--,0,27.01M,--,Industrial Metals and Mining,General Mining,Metals & Mining,Diversified Metals & Mining,Metals & Mining,Base Metals,Copper,--
VDM LN Equity,VAN DIEMAN MINES,AU,Common Stock,--,0,29.19M,24,Industrial Metals and Mining,General Mining,--,--,Metals & Mining,Mineral & Precious Stone Mining,--,--
UXA AU Equity,UXA RESOURCES LT,AU,Common Stock,--,0,1.30M,--,Industrial Metals and Mining,General Mining,--,--,Metals & Mining,Coal Mining,Thermal Coal,Bituminous Coal Underground
VAA CN Equity,VAALDIAM MINING,CA,Common Stock,--,0,9.69M,--,Industrial Metals and Mining,General Mining,--,--,Metals & Mining,Mineral & Precious Stone Mining,--,--
VAJ IN Equity,SRI VAJRA GRANIT,IN,Common Stock,--,0,208.19k,--,Industrial Metals and Mining,General Mining,Construction Materials,Construction Materials,Construction Materials,Building Materials,Stone Building Products,Granite
VOHO US Equity,VOLCAN HOLDINGS,AU,Common Stock,--,0,661.98k,--,Industrial Metals and Mining,Aluminum,Metals & Mining,Aluminum,Metals & Mining,Base Metals,--,--
VMY AU Equity,VIMY RESOURCES L,AU,Common Stock,--,0,30.92M,--,Industrial Metals and Mining,Nonferrous Metals,"Oil, Gas & Consumable Fuels",Coal & Consumable Fuels,Metals & Mining,Base Metals,Uranium,--
VMV/H CN Equity,VICTORY MOUNTAIN,CA,Common Stock,--,0,868.52,--,Industrial Metals and Mining,General Mining,Metals & Mining,Diversified Metals & Mining,Metals & Mining,Base Metals,--,--
VONE CN Equity,VOYAGER METALS I,CA,Common Stock,--,0,11.40M,--,Industrial Metals and Mining,General Mining,Metals & Mining,Diversified Metals & Mining,Metals & Mining,Iron,Iron Ore Mining,--
VMI/H CN Equity,VEGA MINING INC,CA,Common Stock,--,0,11.13M,--,Industrial Metals and Mining,General Mining,Metals & Mining,Diversified Metals & Mining,Metals & Mining,Mineral & Precious Stone Mining,--,--
VMG AU Equity,VDM GROUP LTD,AU,Common Stock,--,0,2.28M,--,Industrial Metals and Mining,General Mining,Construction & Engineering,Construction & Engineering,Metals & Mining,Mining Services,--,--
AZX AU Equity,AUZEX RESOURCES,AU,Common Stock,--,0,25.33M,--,Industrial Metals and Mining,General Mining,--,--,Metals & Mining,Base Metals,--,--
BUL CN Equity,BULLMAN MINERALS,CA,Common Stock,--,0,18.19M,--,Industrial Metals and Mining,General Mining,--,--,Metals & Mining,Precious Metals,Gold,--
1940941D AU Equity,HARANGA RESOURCE,AU,Common Stock,--,0,2.27M,--,Industrial Metals and Mining,General Mining,Metals & Mining,Diversified Metals & Mining,Metals & Mining,Precious Metals,Gold,--
SGGV US Equity,STERLING GROUP,CA,Common Stock,--,0,1.37M,--,Industrial Metals and Mining,General Mining,"Hotels, Restaurants & Leisure",Casinos & Gaming,Metals & Mining,Mineral & Precious Stone Mining,Mineral Mining,Lithium
SGG CN Equity,SNIPGOLD CORP,CA,Common Stock,--,0,4.70M,--,Industrial Metals and Mining,General Mining,Metals & Mining,Gold,Metals & Mining,Precious Metals,Gold,--
SGCR US Equity,STRATEGIC RESOUR,US,Common Stock,--,0,1.06M,--,Industrial Metals and Mining,General Mining,--,--,Metals & Mining,Base Metals,--,--
SDN/H CN Equity,SEDEX MINING CRP,CA,Common Stock,--,0,33.06k,--,Industrial Metals and Mining,General Mining,Metals & Mining,Diversified Metals & Mining,Metals & Mining,Precious Metals,Gold,--
SFRFF US Equity,SILVER FIELDS RE,CA,Common Stock,--,0,509.66k,--,Industrial Metals and Mining,General Mining,Metals & Mining,Silver,Metals & Mining,Precious Metals,--,--
AZS AU Equity,AZURE MINERALS L,AU,Common Stock,--,0,34.88M,--,Industrial Metals and Mining,General Mining,Metals & Mining,Diversified Metals & Mining,Metals & Mining,Base Metals,--,--
SFEG US Equity,SANTA FE GOLD CO,US,Common Stock,--,0,7.06M,--,Industrial Metals and Mining,General Mining,Metals & Mining,Precious Metals & Minerals,Metals & Mining,Precious Metals,--,--
SEAG/X CN Equity,SEAHAWK VENTURES,CA,Common Stock,--,0,285.87k,--,Industrial Metals and Mining,General Mining,--,--,Real Estate Owners & Developers,Industrial Owners & Developers,--,--
CRL AU Equity,COMET RESOURCES,AU,Common Stock,--,0,4.38M,--,Industrial Metals and Mining,General Mining,Metals & Mining,Diversified Metals & Mining,Metals & Mining,Precious Metals,Gold,--
CRA AU Equity,CONSOLIDATED AFR,AU,Common Stock,--,0,386.48k,--,Industrial Metals and Mining,General Mining,Metals & Mining,Diversified Metals & Mining,Oil & Gas Supply Chain,Exploration & Production,--,--
AZZ CN Equity,AZARGA URANIUM C,CA,Common Stock,--,0,60.01M,--,Industrial Metals and Mining,Nonferrous Metals,"Oil, Gas & Consumable Fuels",Coal & Consumable Fuels,Metals & Mining,Base Metals,Uranium,--
BRZ CN Equity,BEARING LITHIUM,CA,Common Stock,--,0,43.10M,--,Industrial Metals and Mining,General Mining,Metals & Mining,Diversified Metals & Mining,Metals & Mining,Mineral & Precious Stone Mining,Mineral Mining,Lithium
VSR CN Equity,VANSTAR MINING R,CA,Common Stock,--,0,6.90M,--,Industrial Metals and Mining,General Mining,Metals & Mining,Gold,Metals & Mining,Precious Metals,Gold,--
UVCC IN Equity,UNIVERSAL PRIME,IN,Common Stock,--,0,1.43M,--,Industrial Metals and Mining,Aluminum,--,--,Containers & Packaging,Containers & Packaging,Metal Containers & Packaging,Metal Containers
BZL AU Equity,BRAZIRON LTD,AU,Common Stock,--,0,3.08M,--,Industrial Metals and Mining,Iron and Steel,Metals & Mining,Steel,Metals & Mining,Iron,Iron Foundries,--
BZM LN Equity,BELLZONE MINING,AU,Common Stock,--,0,25.96M,--,Industrial Metals and Mining,General Mining,Metals & Mining,Steel,Metals & Mining,Mining Services,--,--
VRM AU Equity,VERDANT MINERALS,AU,Common Stock,--,0,50.44M,--,Industrial Metals and Mining,General Mining,Metals & Mining,Diversified Metals & Mining,Metals & Mining,Base Metals,Uranium,--
USPR US Equity,US PRECIOUS META,US,Common Stock,--,0,355.67k,--,Industrial Metals and Mining,General Mining,Metals & Mining,Diversified Metals & Mining,Metals & Mining,Precious Metals,--,--
C/H CN Equity,CELESTE MINING C,CA,Common Stock,--,0,35.00k,--,Industrial Metals and Mining,General Mining,Metals & Mining,Diversified Metals & Mining,Metals & Mining,Mineral & Precious Stone Mining,--,--
BLIS CN Equity,BLISSCO CANNABIS,CA,Common Stock,--,0,9.27M,--,Industrial Metals and Mining,General Mining,Pharmaceuticals,Pharmaceuticals,Tobacco & Cannabis,Cannabis,--,--
BRV AU Equity,BIG RIVER GOLD L,AU,Common Stock,--,0,37.20M,--,Industrial Metals and Mining,General Mining,Metals & Mining,Gold,Metals & Mining,Precious Metals,Gold,--
VSCO IN Equity,VIDARBHA IRON,IN,Common Stock,--,0,440.92k,--,Industrial Metals and Mining,Iron and Steel,--,--,Steel,Steel Producers,--,--
BAM VN Equity,BAC A MINERAL ME,VN,Common Stock,--,0,43.75M,--,Industrial Metals and Mining,Iron and Steel,Metals & Mining,Diversified Metals & Mining,Engineering & Construction,Infrastructure Construction,--,--
BRM LN Equity,BRINKLEY MINING,GB,Common Stock,--,0,11.93M,--,Industrial Metals and Mining,Nonferrous Metals,--,--,Metals & Mining,Base Metals,--,--
VSOL CN Equity,THREE SIXTY SOLA,CA,Common Stock,--,0,937.27k,--,Industrial Metals and Mining,General Mining,Electrical Equipment,Electrical Components & Equipment,Renewable Energy,Renewable Energy Equipment,Solar Energy Equipment,--
BRM AU Equity,BROCKMAN MINING,AU,Common Stock,--,0,55.46M,--,Industrial Metals and Mining,General Mining,--,--,Metals & Mining,Iron,Iron Ore Mining,--
VUI CN Equity,VIRGINIA ENERGY,CA,Common Stock,--,0,5.58M,--,Industrial Metals and Mining,General Mining,"Oil, Gas & Consumable Fuels",Coal & Consumable Fuels,Metals & Mining,Base Metals,Uranium,--
CHT CN Equity,CHARLOTTE RES,CA,Common Stock,--,0,688.19k,--,Industrial Metals and Mining,General Mining,--,--,Metals & Mining,Base Metals,--,--
TAZ CN Equity,TRUE ZONE RESOUR,CA,Common Stock,--,0,41.78k,--,Industrial Metals and Mining,General Mining,--,--,Metals & Mining,Base Metals,Copper,--
1484284D CN Equity,EAGLE MOUNTAIN G,CA,Common Stock,--,0,10.93M,--,Industrial Metals and Mining,General Mining,--,--,Metals & Mining,Precious Metals,Gold,--
TAS CN Equity,TERRA VENTURES I,CA,Common Stock,--,0,12.92M,--,Industrial Metals and Mining,Nonferrous Metals,--,--,Metals & Mining,Base Metals,--,--
TBA AU Equity,TOMBOLA GOLD LTD,AU,Common Stock,--,0,9.06M,--,Industrial Metals and Mining,General Mining,Metals & Mining,Diversified Metals & Mining,Metals & Mining,Precious Metals,Gold,--
TAM/H CN Equity,TAMERLANE VENTUR,US,Common Stock,--,0,23.10M,--,Industrial Metals and Mining,General Mining,Metals & Mining,Diversified Metals & Mining,Metals & Mining,Base Metals,--,--
CHU CN Equity,CHANNEL RES LTD,CA,Common Stock,--,0,9.61M,--,Industrial Metals and Mining,General Mining,--,--,Metals & Mining,Base Metals,--,--
TAL/H CN Equity,BEACON RESOURCES,CA,Common Stock,--,0,498.90k,--,Industrial Metals and Mining,General Mining,--,--,Specialty Finance,Other Financial Services,--,--
TAEN GR Equity,TANTALUS RARE EA,DE,Common Stock,--,0,18.09M,--,Industrial Metals and Mining,General Mining,Metals & Mining,Diversified Metals & Mining,Metals & Mining,Base Metals,--,--
1524408D CN Equity,ALPHA EXPLORATIO,CA,Common Stock,--,0,9.14M,--,Industrial Metals and Mining,General Mining,Metals & Mining,Diversified Metals & Mining,Metals & Mining,Mineral & Precious Stone Mining,--,--
1467935D CN Equity,CONTINENTAL NICK,CA,Common Stock,--,0,13.99M,--,Industrial Metals and Mining,Nonferrous Metals,--,--,Metals & Mining,Base Metals,--,--
AWS CN Equity,ARROWSTAR RESOUR,CA,Common Stock,--,0,50.39k,--,Industrial Metals and Mining,General Mining,Metals & Mining,Diversified Metals & Mining,Metals & Mining,Precious Metals,--,--
TCG CN Equity,TAC GOLD CORP,CA,Common Stock,--,0,209.75k,--,Industrial Metals and Mining,General Mining,--,--,Metals & Mining,Precious Metals,Gold,--
AWR CN Equity,AURWEST RESOURCE,CA,Common Stock,--,0,943.97k,--,Industrial Metals and Mining,General Mining,--,--,Metals & Mining,Base Metals,--,--
1392647D CN Equity,LITHIUM AMERICAS,CA,Common Stock,--,0,42.02M,--,Industrial Metals and Mining,General Mining,Metals & Mining,Diversified Metals & Mining,Metals & Mining,Mineral & Precious Stone Mining,--,--
1417889D CN Equity,FLETCHER NICKEL,CA,Common Stock,--,0,7.93k,--,Industrial Metals and Mining,Nonferrous Metals,Metals & Mining,Diversified Metals & Mining,Metals & Mining,Base Metals,"Nickel, Lead & Zinc",Nickel
1401607D CN Equity,STRATHMORE MINER,CA,Common Stock,--,0,65.35M,--,Industrial Metals and Mining,Nonferrous Metals,--,--,Metals & Mining,Base Metals,Uranium,--
CGI AU Equity,CONSOLIDATED GLO,AU,Common Stock,--,0,101.00k,--,Industrial Metals and Mining,General Mining,Metals & Mining,Diversified Metals & Mining,Metals & Mining,Precious Metals,Gold,--
CGJ CN Equity,CARLISLE GOLDFIE,CA,Common Stock,--,0,33.94M,--,Industrial Metals and Mining,General Mining,Metals & Mining,Gold,Metals & Mining,Precious Metals,Gold,--
1391131D CN Equity,CURIS RESOURCES,CA,Common Stock,--,0,38.58M,--,Industrial Metals and Mining,Nonferrous Metals,Metals & Mining,Diversified Metals & Mining,Metals & Mining,Base Metals,Copper,Copper Mining
CGM AU Equity,COUGAR METALS NL,AU,Common Stock,--,0,62.62k,--,Industrial Metals and Mining,General Mining,Metals & Mining,Gold,Metals & Mining,Precious Metals,Gold,--
THG/H CN Equity,THREEGOLD RESOUR,CA,Common Stock,--,0,1.56M,--,Industrial Metals and Mining,General Mining,Metals & Mining,Diversified Metals & Mining,Metals & Mining,Precious Metals,Gold,--
TFM CN Equity,TRANSFORMA RESOU,CA,Common Stock,--,0,284.08k,--,Industrial Metals and Mining,General Mining,--,--,Metals & Mining,Mineral & Precious Stone Mining,--,--
TIIDF US Equity,WBM CAPITAL CORP,CA,Common Stock,--,0,12.65M,--,Industrial Metals and Mining,General Mining,Metals & Mining,Gold,Entertainment Content,Video Games,--,--
TEKP PZ Equity,TEKNOMINING PLC,IE,Common Stock,--,0,1.51M,1,Industrial Metals and Mining,General Mining,--,--,Metals & Mining,Base Metals,--,--
TKF AU Equity,TIKFORCE LTD,AU,Common Stock,--,0,27.98k,--,Industrial Metals and Mining,Nonferrous Metals,Software,Application Software,Software,Infrastructure Software,Security Software,--
CFO CN Equity,CLIFTON STAR RES,CA,Common Stock,--,0,16.37M,--,Industrial Metals and Mining,General Mining,Metals & Mining,Diversified Metals & Mining,Metals & Mining,Precious Metals,--,--
CFM LN Equity,ENRC AFRICA HOLD,GB,Common Stock,--,0,5.32k,5k,Industrial Metals and Mining,General Mining,--,--,Metals & Mining,Base Metals,--,--
AXT AU Equity,ARGO EXPLORATION,AU,Common Stock,--,0,1.90M,--,Industrial Metals and Mining,General Mining,Metals & Mining,Diversified Metals & Mining,Metals & Mining,Base Metals,--,--
CFB/H CN Equity,CHIEFTAIN METALS,CA,Common Stock,--,0,27.68M,--,Industrial Metals and Mining,General Mining,Metals & Mining,Diversified Metals & Mining,Metals & Mining,Base Metals,--,--
1492072D CN Equity,AFFERRO MINING I,CA,Common Stock,--,0,136.21M,--,Industrial Metals and Mining,Iron and Steel,--,--,Metals & Mining,Precious Metals,Gold,--
SYT AU Equity,SYNTONIC LTD,AU,Common Stock,--,0,545.72k,--,Industrial Metals and Mining,Nonferrous Metals,Software,Application Software,Telecommunications,Wireless Telecommunications,Wireless Service Providers,Mobile Data Services
ZIM/H CN Equity,ZINCO MINING COR,CA,Common Stock,--,0,7.07k,--,Industrial Metals and Mining,General Mining,Metals & Mining,Diversified Metals & Mining,Metals & Mining,Base Metals,--,--
BGH AU Equity,NORTHERN STAR BU,AU,Common Stock,--,0,5.44M,--,Industrial Metals and Mining,General Mining,Metals & Mining,Gold,Metals & Mining,Precious Metals,Gold,--
BCN LN Equity,BACANORA LITHIUM,GB,Common Stock,--,0,189.66M,--,Industrial Metals and Mining,General Mining,Metals & Mining,Diversified Metals & Mining,Metals & Mining,Mineral & Precious Stone Mining,Mineral Mining,Lithium
BGS CN Equity,BAROYECA GOLD &,CA,Common Stock,--,0,366.24k,--,Industrial Metals and Mining,General Mining,--,--,Metals & Mining,Precious Metals,--,--
BHAL IN Equity,BHORUKA ALUM,IN,Common Stock,--,0,5.15M,--,Industrial Metals and Mining,Aluminum,Metals & Mining,Aluminum,Metals & Mining,Base Metals,Aluminum,--
BCN CN Equity,BACANORA MINERAL,CA,Common Stock,--,0,73.88M,--,Industrial Metals and Mining,General Mining,Metals & Mining,Diversified Metals & Mining,Oil & Gas Supply Chain,Exploration & Production,--,--
BHG CN Equity,BIRCH HILL GOLD,CA,Common Stock,--,0,9.65M,--,Industrial Metals and Mining,General Mining,--,--,Metals & Mining,Precious Metals,Gold,--
WKT AU Equity,WALKABOUT RESOUR,AU,Common Stock,--,0,76.55M,--,Industrial Metals and Mining,General Mining,Metals & Mining,Diversified Metals & Mining,Metals & Mining,Precious Metals,--,--
WIKM SS Equity,WIKING MINERAL A,SE,Common Stock,--,0,22.05M,2,Industrial Metals and Mining,General Mining,Metals & Mining,Diversified Metals & Mining,Metals & Mining,Precious Metals,Gold,--
XMTTF US Equity,XMET INC,CA,Common Stock,--,0,2.45M,--,Industrial Metals and Mining,General Mining,Metals & Mining,Diversified Metals & Mining,Metals & Mining,Precious Metals,Gold,--
BLNMF US Equity,BLUE NOTE MINING,CA,Common Stock,--,0,17.79M,--,Industrial Metals and Mining,Nonferrous Metals,Metals & Mining,Diversified Metals & Mining,Metals & Mining,Base Metals,"Nickel, Lead & Zinc",--
BLR AU Equity,BLACK RANGE MIN,AU,Common Stock,--,0,26.17M,--,Industrial Metals and Mining,General Mining,Software,Application Software,Metals & Mining,Base Metals,Uranium,--
XG CN Equity,EXTORRE GOLD MIN,CA,Common Stock,--,0,31.71M,--,Industrial Metals and Mining,General Mining,--,--,Metals & Mining,Precious Metals,--,--
XE/H CN Equity,XEMPLAR ENERGY C,CA,Common Stock,--,0,2.61M,--,Industrial Metals and Mining,Nonferrous Metals,"Oil, Gas & Consumable Fuels",Coal & Consumable Fuels,Metals & Mining,Base Metals,Uranium,--
ZOXCF US Equity,ZEOX CORP,CA,Common Stock,--,0,7.26k,--,Industrial Metals and Mining,General Mining,Metals & Mining,Diversified Metals & Mining,Metals & Mining,Mineral & Precious Stone Mining,--,--
ZOX LN Equity,ZINCOX RESOURCES,GB,Common Stock,--,0,6.39M,5,Industrial Metals and Mining,General Mining,Metals & Mining,Diversified Metals & Mining,Commercial Support Services,Waste Management,Solid Waste Collection & Treat,Recycling Facilities
BDC AU Equity,BARDOC GOLD LTD,AU,Common Stock,--,0,13.96M,--,Industrial Metals and Mining,Nonferrous Metals,Metals & Mining,Gold,Real Estate Owners & Developers,Specialty Owners & Developers,--,--
ZN/H CN Equity,ZINCCORP RESOURC,CA,Common Stock,--,0,3.26M,--,Industrial Metals and Mining,Nonferrous Metals,--,--,Real Estate Owners & Developers,Specialty Owners & Developers,--,--
WNP CN Equity,WEST PROSPECTOR,CA,Common Stock,--,0,41.04M,--,Industrial Metals and Mining,General Mining,--,--,Metals & Mining,Base Metals,--,--
BMC CN Equity,BUCHANS MINERALS,CA,Common Stock,--,0,8.63M,--,Industrial Metals and Mining,General Mining,--,--,Metals & Mining,Mineral & Precious Stone Mining,--,--
WR/H CN Equity,WORLDWIDE RESOUR,CA,Common Stock,--,0,227.1,--,Industrial Metals and Mining,General Mining,Metals & Mining,Diversified Metals & Mining,Metals & Mining,Mineral & Precious Stone Mining,--,--
WOF CN Equity,WOULFE MINING CO,CA,Common Stock,--,0,58.93M,--,Industrial Metals and Mining,General Mining,Metals & Mining,Diversified Metals & Mining,Metals & Mining,Base Metals,--,--
BMB AU Equity,BALAMARA RESOURC,AU,Common Stock,--,0,3.32M,--,Industrial Metals and Mining,General Mining,Metals & Mining,Diversified Metals & Mining,Metals & Mining,Base Metals,--,--
WMI CN Equity,WHETSTONE MINERA,JE,Common Stock,--,0,2.53M,--,Industrial Metals and Mining,General Mining,--,--,Metals & Mining,Precious Metals,Gold,--
WMG/H CN Equity,WESTERN MAGNESIU,CA,Common Stock,--,0,4.85M,--,Industrial Metals and Mining,Nonferrous Metals,Metals & Mining,Diversified Metals & Mining,Metals & Mining,Base Metals,--,--
BML/H CN Equity,BARKER MINERALS,CA,Common Stock,--,0,4.09M,--,Industrial Metals and Mining,General Mining,Metals & Mining,Diversified Metals & Mining,Metals & Mining,Mineral & Precious Stone Mining,--,--
CGRT US Equity,CORGREEN TECHNOL,US,Common Stock,--,0,108.23,--,Industrial Metals and Mining,General Mining,--,--,Commercial Support Services,Professional Services,Mgmt & Admin Consulting Svcs,--
WYM CN Equity,WAYMAR RESOURCES,CA,Common Stock,--,0,15.04M,--,Industrial Metals and Mining,General Mining,Metals & Mining,Gold,Metals & Mining,Base Metals,--,--
BAO LN Equity,BAOBAB STEEL LTD,GB,Common Stock,--,0,1.10M,61,Industrial Metals and Mining,General Mining,Metals & Mining,Diversified Metals & Mining,Metals & Mining,Base Metals,--,--
WBIO CN Equity,WPD PHARMACEUTIC,CA,Common Stock,--,0,383.75k,--,Industrial Metals and Mining,General Mining,--,--,Biotech & Pharma,Specialty & Generic Pharma,Specialty Pharma,--
WCB CN Equity,WCB RESOURCES LT,AU,Common Stock,--,0,7.39M,--,Industrial Metals and Mining,General Mining,Metals & Mining,Diversified Metals & Mining,Metals & Mining,Base Metals,--,--
WCC CN Equity,CONSOLIDATED WOO,CA,Common Stock,--,0,9.30M,--,Industrial Metals and Mining,Nonferrous Metals,Metals & Mining,Diversified Metals & Mining,Metals & Mining,Base Metals,--,--
WCQ CN Equity,WEST CIRQUE RESO,CA,Common Stock,--,0,3.45M,--,Industrial Metals and Mining,General Mining,--,--,Metals & Mining,Precious Metals,Gold,--
WCX CN Equity,WILLIAMS CREEK,CA,Common Stock,--,0,2.66M,--,Industrial Metals and Mining,General Mining,Metals & Mining,Diversified Metals & Mining,Metals & Mining,Precious Metals,Gold,--
WDR AU Equity,WESTERN DESERT R,AU,Common Stock,--,0,186.35M,--,Industrial Metals and Mining,General Mining,Metals & Mining,Diversified Metals & Mining,Metals & Mining,Base Metals,--,--
BOLV US Equity,BOLIVAR MINING C,US,Common Stock,--,0,0,--,Industrial Metals and Mining,General Mining,--,--,Metals & Mining,Mineral & Precious Stone Mining,--,--
XAM AU Equity,XANADU MINES LTD,AU,Common Stock,--,0,71.32M,--,Industrial Metals and Mining,General Mining,Metals & Mining,Diversified Metals & Mining,Metals & Mining,Base Metals,Copper,--
STGR LN Equity,TAMAR MINERALS P,GB,Common Stock,--,1.92,6.85M,--,Industrial Metals and Mining,General Mining,Metals & Mining,Diversified Metals & Mining,Metals & Mining,Precious Metals,Gold,--
JAC AU Equity,JACANA MINERALS,AU,Common Stock,--,25,5.73M,--,Industrial Metals and Mining,Nonferrous Metals,Metals & Mining,Diversified Metals & Mining,Metals & Mining,Mineral & Precious Stone Mining,--,--
SFX/H CN Equity,SPHINX RESOURCES,CA,Common Stock,--,44.75,259.26k,--,Industrial Metals and Mining,General Mining,Metals & Mining,Diversified Metals & Mining,Metals & Mining,Base Metals,--,--
STLS IN Equity,STELCO STRIPS,IN,Common Stock,--,83.12,2.43M,--,Industrial Metals and Mining,Iron and Steel,Metals & Mining,Steel,Steel,Steel Producers,--,--
SBY AU Equity,SALISBURY RESOUR,AU,Private Comp,--,484,759.45k,--,Industrial Metals and Mining,General Mining,--,--,Metals & Mining,Mineral & Precious Stone Mining,--,--
PCFG US Equity,PACIFIC GOLD COR,US,Common Stock,--,683.82,74.93k,--,Industrial Metals and Mining,General Mining,Metals & Mining,Gold,Metals & Mining,Precious Metals,Gold,--
1520419D US Equity,USA URANIUM CORP,US,Common Stock,--,839.2,1.91M,--,Industrial Metals and Mining,Nonferrous Metals,--,--,Metals & Mining,Base Metals,--,--
1494760D NZ Equity,CHATHAM ROCK PHO,NZ,Common Stock,--,949.64,4.29M,--,Industrial Metals and Mining,General Mining,Metals & Mining,Diversified Metals & Mining,Metals & Mining,Mineral & Precious Stone Mining,Mineral Mining,Phosphate Rock
QU CN Equity,QUINTO MINING,CA,Common Stock,--,1.07k,3.89M,--,Industrial Metals and Mining,General Mining,--,--,Metals & Mining,Mineral & Precious Stone Mining,--,--
TRN AU Equity,TORRENS MINING L,AU,Common Stock,--,1.47k,8.07M,--,Industrial Metals and Mining,General Mining,Metals & Mining,Diversified Metals & Mining,Metals & Mining,Precious Metals,Gold,--
RMT AU Equity,RMA ENERGY LTD,AU,Common Stock,--,2.51k,8.01k,--,Industrial Metals and Mining,General Mining,Metals & Mining,Diversified Metals & Mining,Metals & Mining,Base Metals,--,--
SGX IN Equity,SUN GRANITE EXPO,IN,Common Stock,--,2.58k,4.01M,--,Industrial Metals and Mining,General Mining,--,--,Construction Materials,Cement & Aggregates,--,--
TLMRA CZ Equity,TLM TVORNICA LAK,HR,Common Stock,--,2.98k,14.68M,--,Industrial Metals and Mining,Aluminum,Metals & Mining,Aluminum,Metals & Mining,Base Metals,Aluminum,--
TAW AU Equity,TAWANA RESOURCES,AU,Common Stock,--,3.00k,72.32M,--,Industrial Metals and Mining,General Mining,Metals & Mining,Steel,Metals & Mining,Mineral & Precious Stone Mining,Mineral Mining,Lithium
ECAU US Equity,ECHO AUTOMOTIVE,US,Common Stock,--,3.11k,--,--,Industrial Metals and Mining,General Mining,Automobile Components,Automotive Parts & Equipment,Automotive,Auto Parts,Automotive Engineering & Tech,--
RJA IN Equity,RANJEEV ALLOYS,IN,Common Stock,--,3.39k,3.47M,--,Industrial Metals and Mining,Iron and Steel,Metals & Mining,Steel,Metals & Mining,Base Metals,Aluminum,--
WRI CN Equity,WASECO RESOURCES,CA,Common Stock,--,3.46k,8.41k,--,Industrial Metals and Mining,General Mining,Metals & Mining,Gold,Metals & Mining,Precious Metals,Gold,--
NBLC US Equity,NOBLE CONSOLIDAT,US,Common Stock,--,3.59k,5.37k,--,Industrial Metals and Mining,General Mining,--,--,Metals & Mining,Mining Services,--,--
AGVO US Equity,AG VOLNEY CENTER,CN,Common Stock,--,3.92k,3.44k,--,Industrial Metals and Mining,Iron and Steel,--,--,Steel,Steel Producers,--,--
MIDAS SP Equity,MIDAS HOLDINGS,SG,Common Stock,--,5.46k,7.85M,--,Industrial Metals and Mining,Aluminum,Metals & Mining,Aluminum,Metals & Mining,Base Metals,Aluminum,Aluminum Smelting & Refining
EAGM US Equity,EL ALACRAN GOLD,CA,Common Stock,--,5.80k,370.23k,--,Industrial Metals and Mining,General Mining,Metals & Mining,Diversified Metals & Mining,Metals & Mining,Base Metals,--,--
2289442D AU Equity,ALLIANCE RESOURC,AU,Common Stock,--,6.00k,19.45M,--,Industrial Metals and Mining,General Mining,Metals & Mining,Gold,Metals & Mining,Base Metals,--,--
RVM CN Equity,REVETTMINING CO,US,Common Stock,--,6.66k,38.42M,--,Industrial Metals and Mining,General Mining,Metals & Mining,Diversified Metals & Mining,Metals & Mining,Base Metals,--,--
WRM AU Equity,WHITE ROCK MINER,AU,Common Stock,--,11.36k,70.09M,--,Industrial Metals and Mining,General Mining,Metals & Mining,Diversified Metals & Mining,Metals & Mining,Base Metals,--,--
CRHL LN Equity,CREAT RESOURCES,AU,Common Stock,--,11.77k,2.86M,--,Industrial Metals and Mining,General Mining,Metals & Mining,Diversified Metals & Mining,Metals & Mining,Base Metals,--,--
ATLR US Equity,ATLAS CORP,US,Common Stock,--,12.32k,748.47k,--,Industrial Metals and Mining,General Mining,--,--,Metals & Mining,Base Metals,--,--
BLS SW Equity,BLACKSTONE RESOU,CH,Common Stock,--,14.66k,153.52M,--,Industrial Metals and Mining,General Mining,Metals & Mining,Diversified Metals & Mining,Metals & Mining,Base Metals,--,--
ICRB US Equity,ICARBON CORP,US,Common Stock,--,16.14k,1.59M,--,Industrial Metals and Mining,Nonferrous Metals,--,--,Metals & Mining,Mineral & Precious Stone Mining,--,--
2456453D AU Equity,SUMMIT RESOURCES,AU,Common Stock,--,17.00k,47.98M,--,Industrial Metals and Mining,Nonferrous Metals,"Oil, Gas & Consumable Fuels",Coal & Consumable Fuels,Metals & Mining,Precious Metals,--,--
KDR AU Equity,AUSTRALIAN LIGHT,AU,Common Stock,--,17.02k,39.30M,--,Industrial Metals and Mining,General Mining,Metals & Mining,Diversified Metals & Mining,Metals & Mining,Base Metals,--,--
DRM AU Equity,DEMETALLICA PTY,AU,Common Stock,--,18.34k,31.89M,--,Industrial Metals and Mining,General Mining,Metals & Mining,Diversified Metals & Mining,Metals & Mining,Mineral & Precious Stone Mining,Mineral Mining,--
NARL IN Equity,NARDHANA INFRAST,IN,Common Stock,--,18.45k,2.22M,--,Industrial Metals and Mining,Iron and Steel,Construction & Engineering,Construction & Engineering,Steel,Steel Producers,--,--
OROE US Equity,ORO EAST MINING,US,Common Stock,--,18.78k,1.15M,--,Industrial Metals and Mining,General Mining,Metals & Mining,Gold,Metals & Mining,Base Metals,--,--
AVZ CN Equity,AVALA RESOURCES,CA,Common Stock,--,19.06k,2.20M,--,Industrial Metals and Mining,General Mining,Metals & Mining,Diversified Metals & Mining,Metals & Mining,Precious Metals,--,--
UFAL RU Equity,UFALEYNI-$US BRD,RU,Common Stock,--,20.90k,79.89M,18,Industrial Metals and Mining,Nonferrous Metals,--,--,Metals & Mining,Base Metals,"Nickel, Lead & Zinc",Nickel
NVG CN Equity,NASS VALLEY GATE,CA,Common Stock,--,21.00k,21.37k,--,Industrial Metals and Mining,General Mining,--,--,Tobacco & Cannabis,Cannabis,--,--
UEX CN Equity,UEX CORP,CA,Common Stock,--,22.58k,42.70M,--,Industrial Metals and Mining,Nonferrous Metals,"Oil, Gas & Consumable Fuels",Coal & Consumable Fuels,Metals & Mining,Base Metals,Uranium,--
PSP AU Equity,PROSPERITY RESOU,AU,Common Stock,--,25.00k,204.53k,4,Industrial Metals and Mining,General Mining,Metals & Mining,Gold,Metals & Mining,Precious Metals,Gold,--
SFMI US Equity,SILVER FALCON MI,US,Common Stock,--,25.19k,7.00M,--,Industrial Metals and Mining,General Mining,Metals & Mining,Precious Metals & Minerals,Metals & Mining,Precious Metals,Gold,--
TAMP IN Equity,SURYODAY ALLO,IN,Common Stock,--,25.35k,--,--,Industrial Metals and Mining,Iron and Steel,--,--,Metals & Mining,Metals & Ore Whslrs & Traders,--,--
SIAMI1 PE Equity,SIAM-T,PE,Common Stock,--,25.67k,560.95k,--,Industrial Metals and Mining,Aluminum,Household Durables,Household Appliances,Industrial Intermediate Prod,Fabricated Metal & Hardware,--,--
HER AU Equity,HERALD RESOURCES,AU,Common Stock,--,26.00k,138.29M,51,Industrial Metals and Mining,General Mining,--,--,Metals & Mining,Precious Metals,--,--
1881059D US Equity,MONARCH AMERICA,US,Common Stock,--,31.86k,138.35k,--,Industrial Metals and Mining,General Mining,--,--,Retail - Consumer Staples,Food & Drug Stores,Specialty Food & Staples Stores,--
ENSA IN Equity,ENSA STEEL INDS,IN,Common Stock,--,32.00k,6.77M,--,Industrial Metals and Mining,Iron and Steel,Metals & Mining,Steel,Metals & Mining,Iron,Iron Foundries,--
RMML IN Equity,RESURGERE MINES,IN,Common Stock,--,32.83k,184.09M,--,Industrial Metals and Mining,Iron and Steel,Metals & Mining,Steel,Metals & Mining,Iron,Iron Ore Mining,--
PXP CN Equity,PITCHSTONE EXPLO,CA,Common Stock,--,33.59k,16.35M,--,Industrial Metals and Mining,Nonferrous Metals,--,--,Metals & Mining,Base Metals,--,--
WTR AU Equity,WORLD TITANIUM R,AU,Common Stock,--,39.59k,1.97M,--,Industrial Metals and Mining,General Mining,Metals & Mining,Diversified Metals & Mining,Metals & Mining,Base Metals,--,--
RELYQ US Equity,ELAH HOLDINGS IN,US,Common Stock,--,39.97k,20.01M,--,Industrial Metals and Mining,Aluminum,Metals & Mining,Aluminum,Asset Management,Investment Companies,--,--
IOH AU Equity,BC PILBARA IRON,AU,Common Stock,--,40.00k,62.75M,--,Industrial Metals and Mining,Iron and Steel,Metals & Mining,Steel,Metals & Mining,Iron,Iron Ore Mining,--
NWWTF US Equity,NEWNOTE FINANCIA,CA,Common Stock,--,41.94k,298.64k,--,Industrial Metals and Mining,General Mining,Software,Application Software,Software,Application Software,Specialty Software,--
WCU AU Equity,WHITE CANYON URA,AU,Common Stock,--,42.70k,33.84M,--,Industrial Metals and Mining,Nonferrous Metals,--,--,Metals & Mining,Base Metals,--,--
GMM AU Equity,ALLKEM FINANCIAL,AU,Common Stock,--,44.02k,1.12M,--,Industrial Metals and Mining,General Mining,Metals & Mining,Diversified Metals & Mining,Metals & Mining,Base Metals,--,--
VAN AU Equity,VANGO MINING PTY,AU,Common Stock,--,52.50k,50.99M,--,Industrial Metals and Mining,General Mining,Metals & Mining,Gold,Metals & Mining,Precious Metals,--,--
SVCR IN Equity,SVC RESOURCES,IN,Common Stock,--,53.36k,26.08k,--,Industrial Metals and Mining,Iron and Steel,Metals & Mining,Steel,Apparel & Textile Products,Textile & Textile Products,Textile Products,--
KSK VN Equity,MINERAL FERROUR,VN,Common Stock,--,58.99k,19.69M,9,Industrial Metals and Mining,General Mining,Metals & Mining,Diversified Metals & Mining,Metals & Mining,Iron,Iron Ore Mining,--
KOR AU Equity,KORAB RESOURCES,AU,Common Stock,--,59.50k,4.69M,--,Industrial Metals and Mining,General Mining,Metals & Mining,Diversified Metals & Mining,Metals & Mining,Precious Metals,Gold,--
APP/H CN Equity,APPALACHES RES,CA,Common Stock,--,59.53k,16.30M,--,Industrial Metals and Mining,General Mining,Metals & Mining,Gold,Metals & Mining,Base Metals,--,--
CMC AU Equity,SOVRAN WHITE INT,AU,Common Stock,--,60.00k,15.78M,--,Industrial Metals and Mining,Nonferrous Metals,Metals & Mining,Diversified Metals & Mining,Metals & Mining,Base Metals,--,--
FENIS TI Equity,FENIS ALUMINYUM,TR,Common Stock,--,62.20k,82.22M,--,Industrial Metals and Mining,Aluminum,Metals & Mining,Aluminum,Metals & Mining,Base Metals,Aluminum,Aluminum Smelting & Refining
JRI IN Equity,JRI INDUSTRIES &,IN,Common Stock,--,64.10k,3.92M,--,Industrial Metals and Mining,Iron and Steel,Construction & Engineering,Construction & Engineering,Engineering & Construction,Infrastructure Construction,Transportation Infra Const,Railway & Subway Construction
MMXM3 BZ Equity,MMX MINERACAO,BR,Common Stock,--,72.89k,32.01M,--,Industrial Metals and Mining,Iron and Steel,Metals & Mining,Steel,Metals & Mining,Iron,Iron Ore Mining,--
BWD AU Equity,BLACKWOOD CORP P,AU,Common Stock,--,82.51k,28.99M,--,Industrial Metals and Mining,General Mining,--,--,Metals & Mining,Coal Mining,Thermal Coal,--
MEP AU Equity,MINOTAUR EXPLORA,AU,Common Stock,--,84.18k,15.98M,--,Industrial Metals and Mining,General Mining,Metals & Mining,Diversified Metals & Mining,Metals & Mining,Base Metals,--,--
BKR GR Equity,HENCH-THERMOPLAS,DE,Common Stock,--,85.06k,4.87M,--,Industrial Metals and Mining,General Mining,--,--,Chemicals,Chemicals Distribution,--,--
065620 KS Equity,JENAX INC,KR,Common Stock,--,88.35k,7.16M,2,Industrial Metals and Mining,Iron and Steel,Metals & Mining,Steel,Steel,Steel Producers,"Long, Pipe & Tubular",Steel Wire Drawing
CNRR US Equity,CN RESOURCES INC,CA,Common Stock,--,88.41k,6.63M,--,Industrial Metals and Mining,General Mining,--,--,Metals & Mining,Mineral & Precious Stone Mining,--,--
LPI AU Equity,LITHIUM POWER IN,AU,Common Stock,--,90.79k,186.48M,--,Industrial Metals and Mining,Nonferrous Metals,Metals & Mining,Diversified Metals & Mining,Metals & Mining,Mineral & Precious Stone Mining,Mineral Mining,Lithium
MMC VN Equity,MANGANESE MINERA,VN,Common Stock,--,93.63k,1.23M,--,Industrial Metals and Mining,General Mining,--,--,Metals & Mining,Base Metals,Manganese,--
NGM AU Equity,NGM RESOURCES PT,AU,Common Stock,--,95.97k,17.83M,--,Industrial Metals and Mining,General Mining,--,--,Metals & Mining,Precious Metals,--,--
CRM AU Equity,CARBON MINERALS,AU,Common Stock,--,97.34k,4.44M,--,Industrial Metals and Mining,General Mining,"Oil, Gas & Consumable Fuels",Oil & Gas Exploration & Production,Metals & Mining,Coal Mining,--,--
LXG/H CN Equity,LEXAGENE HOLDING,US,Common Stock,--,101.53k,11.30M,--,Industrial Metals and Mining,General Mining,Health Care Equipment & Supplies,Health Care Equipment,Biotech & Pharma,Biotech,--,--
1771012D AU Equity,PLENTEX LTD,AU,Common Stock,--,101.56k,1.63M,--,Industrial Metals and Mining,General Mining,--,--,Metals & Mining,Precious Metals,Gold,--
FRO CN Equity,FRONTIER RARE EA,LU,Common Stock,--,111.89k,57.58M,--,Industrial Metals and Mining,General Mining,Metals & Mining,Diversified Metals & Mining,Metals & Mining,Mineral & Precious Stone Mining,Mineral Mining,Rare Earth
CGG AU Equity,EQUINOX MIDDLE E,AU,Common Stock,--,112.17k,524.14M,--,Industrial Metals and Mining,General Mining,--,--,Metals & Mining,Precious Metals,--,--
CDIIQ US Equity,CD INTERNATIONAL,US,Common Stock,--,112.23k,41.08k,--,Industrial Metals and Mining,Nonferrous Metals,Trading Companies & Distributors,Trading Companies & Distributors,Commercial Support Services,Professional Services,Mgmt & Admin Consulting Svcs,General Management Consulting
INDALUM CI Equity,INDALUM,CL,Common Stock,--,112.98k,147.74k,--,Industrial Metals and Mining,Aluminum,--,--,Engineering & Construction,Building Construction,--,--
SMG AU Equity,SILVER METAL GRO,AU,Common Stock,--,113.67k,24.19M,--,Industrial Metals and Mining,General Mining,Metals & Mining,Diversified Metals & Mining,Metals & Mining,Mineral & Precious Stone Mining,--,--
SXX AU Equity,SOUTHERN CROSS,AU,Common Stock,--,118.73k,4.21M,--,Industrial Metals and Mining,General Mining,Metals & Mining,Diversified Metals & Mining,Metals & Mining,Precious Metals,Gold,--
RZLE MS Equity,ARCELORMITTAL HR,MK,Common Stock,--,119.28k,1.88M,4,Industrial Metals and Mining,Iron and Steel,--,--,Metals & Mining,Iron,Iron Ore Mining,--
2298779D AU Equity,CORVETTE RESOURC,AU,Common Stock,--,126.46k,8.90M,--,Industrial Metals and Mining,General Mining,--,--,Construction Materials,Cement & Aggregates,--,--
CBS IN Equity,CHASE BRIGHT,IN,Common Stock,--,128.74k,215.22k,3,Industrial Metals and Mining,Iron and Steel,--,--,Steel,Steel Producers,--,--
9876545D US Equity,PARAMOUNT GOLD,US,Common Stock,--,141.18k,66.13M,--,Industrial Metals and Mining,General Mining,Metals & Mining,Precious Metals & Minerals,Metals & Mining,Precious Metals,Gold,--
RDFVF US Equity,REDCORP VENTURES,CA,Common Stock,--,147.28k,267.15M,--,Industrial Metals and Mining,General Mining,Metals & Mining,Diversified Metals & Mining,Metals & Mining,Mineral & Precious Stone Mining,--,--
CNH/H CN Equity,CROWNIA HOLDINGS,CA,Common Stock,--,153.06k,2.65M,--,Industrial Metals and Mining,Iron and Steel,--,--,Steel,Steel Producers,--,--
ANL AU Equity,AMANI GOLD LTD,AU,Common Stock,--,156.78k,25.99M,--,Industrial Metals and Mining,General Mining,Metals & Mining,Gold,Metals & Mining,Precious Metals,Gold,--
CRGP US Equity,CALISSIO RESOURC,US,Common Stock,--,158.32k,106.26k,--,Industrial Metals and Mining,General Mining,Metals & Mining,Copper,Metals & Mining,Base Metals,Copper,Copper Mining
CDV AU Equity,CARDINAL RESOURC,AU,Common Stock,--,159.07k,6.29M,--,Industrial Metals and Mining,General Mining,Metals & Mining,Gold,Metals & Mining,Precious Metals,Gold,--
ALPG IN Equity,ALPHA GRAPHIC,IN,Common Stock,--,168.21k,4.43M,--,Industrial Metals and Mining,Nonferrous Metals,Machinery,Industrial Machinery & Supplies & Components,Machinery,Other Machinery & Equipment,--,--
ELMT BU Equity,ELEKTROMETAL AD,BG,Common Stock,--,174.44k,1.06M,--,Industrial Metals and Mining,Iron and Steel,--,--,Automotive,Auto Parts,Tire,--
HSK AU Equity,HEEMSKIRK CONSOL,AU,Common Stock,--,175.00k,45.16M,--,Industrial Metals and Mining,General Mining,Metals & Mining,Diversified Metals & Mining,Metals & Mining,Base Metals,--,--
EUZ AU Equity,EUROPA METALS LT,AU,Common Stock,--,177.28k,677.17k,--,Industrial Metals and Mining,General Mining,Metals & Mining,Diversified Metals & Mining,Metals & Mining,Base Metals,Copper,--
NCOP IN Equity,NISSAN COPPER LT,IN,Common Stock,--,178.88k,90.33M,--,Industrial Metals and Mining,Nonferrous Metals,Metals & Mining,Copper,Metals & Mining,Base Metals,Copper,Copper Smelting & Refining
KPC AU Equity,KAZAKHSTAN POTAS,AU,Common Stock,--,188.29k,48.29M,--,Industrial Metals and Mining,General Mining,Metals & Mining,Diversified Metals & Mining,Metals & Mining,Mineral & Precious Stone Mining,Mineral Mining,"Potash, Soda, Borate"
XTC AU Equity,XTC LITHIUM LTD,AU,Common Stock,--,194.07k,40.71M,--,Industrial Metals and Mining,Nonferrous Metals,Metals & Mining,Diversified Metals & Mining,Metals & Mining,Base Metals,Uranium,--
VISN/H CN Equity,BINOVI TECHNOLOG,CA,Common Stock,--,200.47k,1.18M,--,Industrial Metals and Mining,General Mining,Health Care Technology,Health Care Technology,Software,Application Software,Specialty Software,Health Care Software
GNZ CN Equity,GOLDNEV RESOURCE,CA,Common Stock,--,201.19k,4.80M,--,Industrial Metals and Mining,General Mining,--,--,Oil & Gas Supply Chain,Exploration & Production,--,--
CGP CN Equity,CORNERSTONE CAP,CA,Common Stock,--,201.81k,261.06M,--,Industrial Metals and Mining,General Mining,Metals & Mining,Diversified Metals & Mining,Metals & Mining,Precious Metals,Gold,--
PERH MK Equity,PERWAJA HOLDINGS,MY,Common Stock,--,210.24k,312.22M,--,Industrial Metals and Mining,Iron and Steel,Diversified Consumer Services,Education Services,Steel,Steel Producers,--,--
RHS AU Equity,PERKINELMER HEAL,AU,Common Stock,--,210.55k,1.30M,--,Industrial Metals and Mining,General Mining,Biotechnology,Biotechnology,Biotech & Pharma,Biotech,--,--
HRS AU Equity,HUDSON RESOURCES,AU,Common Stock,--,211.00k,52.92M,--,Industrial Metals and Mining,General Mining,--,--,Metals & Mining,Coal Mining,Thermal Coal,--
IDAH US Equity,IDAHO NORTH RESO,US,Common Stock,--,211.22k,190.28k,--,Industrial Metals and Mining,General Mining,--,--,Metals & Mining,Precious Metals,--,--
MAT CN Equity,MATAMEC EXPLOR,CA,Common Stock,--,214.02k,5.86M,--,Industrial Metals and Mining,General Mining,Metals & Mining,Diversified Metals & Mining,Metals & Mining,Mineral & Precious Stone Mining,--,--
TRDM US Equity,TREND MINING CO,US,Common Stock,--,226.91k,700.83k,--,Industrial Metals and Mining,General Mining,--,--,Metals & Mining,Precious Metals,Platinum Group,Platinum
NOKN RU Equity,NOVOSIBIRSK TI-$,RU,Common Stock,--,237.36k,32.50M,5,Industrial Metals and Mining,Nonferrous Metals,--,--,Metals & Mining,Base Metals,--,--
IDM AU Equity,IDM INTERNATIONA,US,Common Stock,--,246.00k,16.33M,--,Industrial Metals and Mining,General Mining,--,--,Metals & Mining,Base Metals,--,--
NOHO US Equity,NOVATION HOLDING,US,Common Stock,--,258.00k,1.93M,--,Industrial Metals and Mining,General Mining,Biotechnology,Biotechnology,Asset Management,Investment Companies,Investment Holding Companies,--
TRAV JR Equity,TRAVERTINE CO,JO,Common Stock,--,271.85k,3.54M,--,Industrial Metals and Mining,Nonferrous Metals,Building Products,Building Products,Construction Materials,Building Materials,Stone Building Products,Dimension Stone
LRDS CN Equity,LORDS & CO WORLD,CA,Common Stock,--,271.85k,452.40k,--,Industrial Metals and Mining,General Mining,--,--,Tobacco & Cannabis,Cannabis,--,--
TRF AU Equity,TRAFFORD RESOURC,AU,Common Stock,--,272.81k,5.47M,--,Industrial Metals and Mining,General Mining,Metals & Mining,Diversified Metals & Mining,Metals & Mining,Iron,Iron Ore Mining,--
ROL AU Equity,ROBUST RESOURCES,AU,Common Stock,--,278.24k,69.43M,--,Industrial Metals and Mining,General Mining,Metals & Mining,Diversified Metals & Mining,Metals & Mining,Base Metals,--,--
RFM CN Equity,RIMFIRE MINERALS,CA,Common Stock,--,280.45k,10.33M,--,Industrial Metals and Mining,General Mining,--,--,Metals & Mining,Mining Services,--,--
UUL AU Equity,ULTIMA UNITED LT,AU,Common Stock,--,285.88k,27.04M,--,Industrial Metals and Mining,Nonferrous Metals,Real Estate Management & Development,Real Estate Development,Real Estate Owners & Developers,Residential Owners & Developers,--,--
PACT IN Equity,PACT INDUSTRIES,IN,Common Stock,--,291.43k,1.55M,3,Industrial Metals and Mining,Iron and Steel,--,--,Steel,Steel Producers,--,--
NIU AU Equity,NIUMINCO GROUP L,AU,Common Stock,--,293.12k,2.85M,--,Industrial Metals and Mining,General Mining,Metals & Mining,Diversified Metals & Mining,Metals & Mining,Precious Metals,--,--
ZNC SM Equity,ESPANOLA ZINC,ES,Common Stock,--,294.77k,147.64M,247,Industrial Metals and Mining,Nonferrous Metals,--,--,Metals & Mining,Base Metals,--,--
COOL CN Equity,CORE ONE LABS IN,CA,Common Stock,--,299.09k,8.20M,--,Industrial Metals and Mining,General Mining,Pharmaceuticals,Pharmaceuticals,Biotech & Pharma,Biotech,--,--
CMY AU Equity,CAPITAL MINING L,AU,Common Stock,--,299.17k,3.77M,--,Industrial Metals and Mining,General Mining,Metals & Mining,Diversified Metals & Mining,Metals & Mining,Precious Metals,Gold,--
FACS IN Equity,FACOR STEELS LTD,IN,Common Stock,--,312.11k,38.28M,--,Industrial Metals and Mining,Iron and Steel,Metals & Mining,Steel,Steel,Steel Producers,--,--
MGV AU Equity,MUSGRAVE MINERAL,AU,Common Stock,--,314.43k,56.54M,--,Industrial Metals and Mining,General Mining,Metals & Mining,Diversified Metals & Mining,Metals & Mining,Mineral & Precious Stone Mining,--,--
DKL/H CN Equity,DECKLAR RESOURCE,CA,Common Stock,--,318.10k,64.67M,--,Industrial Metals and Mining,Nonferrous Metals,"Oil, Gas & Consumable Fuels",Oil & Gas Exploration & Production,Oil & Gas Supply Chain,Exploration & Production,--,--
PILL CN Equity,CANNTAB THERAPEU,CA,Common Stock,--,318.53k,3.14M,--,Industrial Metals and Mining,General Mining,--,--,Tobacco & Cannabis,Cannabis,--,--
NWC AU Equity,NEW WORLD RESOUR,AU,Common Stock,--,329.92k,75.32M,--,Industrial Metals and Mining,General Mining,Metals & Mining,Diversified Metals & Mining,Metals & Mining,Mineral & Precious Stone Mining,Mineral Mining,Rare Earth
OISL IN Equity,OCL IRON AND ST,IN,Common Stock,--,334.39k,292.23M,--,Industrial Metals and Mining,Iron and Steel,Metals & Mining,Steel,Steel,Steel Producers,--,--
ANB/H CN Equity,ANGLO-BOMARC,CA,Common Stock,--,354.33k,1.85M,--,Industrial Metals and Mining,General Mining,Metals & Mining,Diversified Metals & Mining,Metals & Mining,Base Metals,--,--
GGGRF US Equity,GLOBAL GARDENS G,CA,Common Stock,--,358.70k,2.94M,--,Industrial Metals and Mining,Nonferrous Metals,Beverages,Soft Drinks & Non-alcoholic Beverages,Food,Packaged Food,--,--
AWSH US Equity,AMERICAN WENSHEN,US,Common Stock,--,364.95k,1.64M,--,Industrial Metals and Mining,Iron and Steel,--,--,Steel,Steel Producers,--,--
GAI/H CN Equity,GOLDEN ARCH RES,CA,Common Stock,--,389.12k,4.82M,--,Industrial Metals and Mining,General Mining,--,--,Metals & Mining,Mineral & Precious Stone Mining,--,--
SQMI IJ Equity,WILTON MAKMUR IN,ID,Common Stock,--,394.41k,48.39M,16,Industrial Metals and Mining,General Mining,"Oil, Gas & Consumable Fuels",Coal & Consumable Fuels,Metals & Mining,Precious Metals,Gold,--
BETS CN Equity,I3 INTERACTIVE I,CA,Common Stock,--,394.74k,6.02M,--,Industrial Metals and Mining,General Mining,"Hotels, Restaurants & Leisure",Casinos & Gaming,Entertainment Content,Video Games,Mobile & Online Games,--
WEX/H CN Equity,WIN-ELDRICH,CA,Common Stock,--,398.15k,1.88M,--,Industrial Metals and Mining,General Mining,--,--,Metals & Mining,Base Metals,--,--
AVBT CN Equity,AVISA DIAGNOSTIC,CA,Common Stock,--,403.24k,158.77k,--,Industrial Metals and Mining,General Mining,--,--,Medical Equipment & Devices,Medical Devices,--,--
PRL AU Equity,PROVINCE RESOURC,AU,Common Stock,--,411.86k,8.65M,--,Industrial Metals and Mining,General Mining,Metals & Mining,Diversified Metals & Mining,Metals & Mining,Base Metals,--,--
MKS IN Equity,MUKESH STEELS,IN,Common Stock,--,451.66k,8.05M,--,Industrial Metals and Mining,Iron and Steel,Metals & Mining,Steel,Steel,Steel Producers,--,--
GENM JR Equity,GENERAL MINING C,JO,Common Stock,--,473.87k,1.38M,--,Industrial Metals and Mining,General Mining,Construction Materials,Construction Materials,Metals & Mining,Mineral & Precious Stone Mining,Mineral Mining,Phosphate Rock
THL TB Equity,TONGKAH HARBOUR,TH,Common Stock,--,538.28k,55.40M,--,Industrial Metals and Mining,General Mining,Metals & Mining,Diversified Metals & Mining,Metals & Mining,Base Metals,Copper,Copper Mining
IOT AU Equity,IOT GROUP LTD,AU,Common Stock,--,621.52k,295.52k,--,Industrial Metals and Mining,General Mining,Household Durables,Consumer Electronics,E-Commerce Discretionary,Specialty Online Retailers,Consumer Electronics - Online,--
AUN/H CN Equity,AURCANA SILVER C,CA,Common Stock,--,633.12k,164.08M,--,Industrial Metals and Mining,General Mining,Metals & Mining,Silver,Metals & Mining,Precious Metals,Silver,--
KIBO LN Equity,KIBO ENERGY PLC,IE,Common Stock,--,639.24k,7.76M,--,Industrial Metals and Mining,General Mining,Independent Power and Renewable Electricity Producers,Independent Power Producers & Energy Traders,Electric Utilities,Power Generation,Renewable Energy Generation,Geothermal Energy Generation
ALO/H CN Equity,ALSTON ENERGY IN,CA,Common Stock,--,643.54k,3.88M,--,Industrial Metals and Mining,General Mining,"Oil, Gas & Consumable Fuels",Oil & Gas Exploration & Production,Oil & Gas Supply Chain,Exploration & Production,Crude Oil & Natural Gas E&P,--
NI CN Equity,VICTORY NICKEL,CA,Common Stock,--,653.59k,22.09M,--,Industrial Metals and Mining,Nonferrous Metals,Metals & Mining,Diversified Metals & Mining,Metals & Mining,Base Metals,--,--
TTD/H CN Equity,TINKERINE STUDIO,CA,Common Stock,--,659.13k,209.99k,--,Industrial Metals and Mining,General Mining,"Technology Hardware, Storage & Peripherals","Technology Hardware, Storage & Peripherals",Technology Hardware,Specialty Technology Hardware,3D Printers,--
ADMT CN Equity,ADAMANT HOLDINGS,CA,Common Stock,--,661.11k,2.01M,--,Industrial Metals and Mining,General Mining,Diversified Telecommunication Services,Integrated Telecommunication Services,Telecommunications,Wireline Telecommunications,Wireline Phone Services,VOIP Services
IFOX SS Equity,HYPH AB,SE,Common Stock,--,666.36k,1.05M,--,Industrial Metals and Mining,General Mining,"Oil, Gas & Consumable Fuels",Oil & Gas Exploration & Production,Metals & Mining,Base Metals,--,--
THI IN Equity,THAPAR ISPAT LTD,IN,Common Stock,--,668.89k,3.54M,--,Industrial Metals and Mining,Iron and Steel,--,--,Steel,Steel Producers,--,--
ABVG US Equity,AFFINITY BEVERAG,US,Common Stock,--,683.41k,12.11M,--,Industrial Metals and Mining,General Mining,--,--,Beverages,Non-Alcoholic Beverages,--,--
CMX AU Equity,CHEMX MATERIALS,AU,Common Stock,--,727.32k,7.70M,--,Industrial Metals and Mining,Aluminum,Chemicals,Commodity Chemicals,Renewable Energy,Renewable Energy Equipment,Other Renewable Energy Equip,--
OGH AU Equity,OCHRE GROUP HOLD,AU,Common Stock,--,733.53k,1.26M,--,Industrial Metals and Mining,Iron and Steel,Metals & Mining,Steel,Metals & Mining,Iron,Iron Ore Mining,--
AWC AU Equity,ALUMINA PTY LTD,AU,Common Stock,--,753.08k,2.54B,--,Industrial Metals and Mining,Aluminum,Metals & Mining,Aluminum,Metals & Mining,Base Metals,Aluminum,--
STLG IN Equity,STEELCO GUJARAT,IN,Common Stock,--,758.07k,30.44M,--,Industrial Metals and Mining,Iron and Steel,Metals & Mining,Steel,Steel,Steel Producers,--,--
3JX BU Equity,STEEL PROFILES,BG,Common Stock,--,764.56k,7.85M,--,Industrial Metals and Mining,Iron and Steel,--,--,Steel,Steel Producers,--,--
MEDV CN Equity,MEDIVOLVE INC,CA,Common Stock,--,766.12k,2.62M,--,Industrial Metals and Mining,Nonferrous Metals,Health Care Providers & Services,Health Care Services,Health Care Facilities & Svcs,Health Care Services,Health Care Testing Services,--
RCO AU Equity,ROYALCO RESOURCE,AU,Common Stock,--,767.27k,8.53M,--,Industrial Metals and Mining,General Mining,Metals & Mining,Diversified Metals & Mining,Metals & Mining,Precious Metals,Gold,--
DDRIQ US Equity,DIVERSIFIED RESO,US,Common Stock,--,782.99k,11.03M,--,Industrial Metals and Mining,General Mining,--,--,Oil & Gas Supply Chain,Exploration & Production,Crude Oil & Natural Gas E&P,--
SWC CN Equity,SHERWOOD COOPER,CA,Common Stock,--,798.04k,256.38M,--,Industrial Metals and Mining,Nonferrous Metals,--,--,Metals & Mining,Base Metals,--,--
HRTR UZ Equity,KHARTSYZSKY TRUB,UA,Common Stock,--,808.21k,12.41M,1,Industrial Metals and Mining,Iron and Steel,Metals & Mining,Steel,Steel,Steel Producers,"Long, Pipe & Tubular",Pipe & Tubular
1PG AU Equity,EUROPEAN CANNABI,US,Common Stock,--,811.60k,31.46M,--,Industrial Metals and Mining,General Mining,Software,Application Software,Tobacco & Cannabis,Cannabis,--,--
GEMS CN Equity,INFINITY STONE V,CA,Common Stock,--,820.31k,2.63M,--,Industrial Metals and Mining,General Mining,--,--,Metals & Mining,Mineral & Precious Stone Mining,--,--
SRH/H CN Equity,STONE RESOURCES,BM,Common Stock,--,834.45k,27.96M,--,Industrial Metals and Mining,General Mining,Metals & Mining,Diversified Metals & Mining,Metals & Mining,Mineral & Precious Stone Mining,--,--
ATR CN Equity,GLOW LIFETECH CO,CA,Common Stock,--,925.64k,4.18M,--,Industrial Metals and Mining,General Mining,--,--,Biotech & Pharma,Biotech,--,--
DMA AU Equity,DYNASTY RESOURCE,AU,Common Stock,--,951.27k,7.61M,--,Industrial Metals and Mining,General Mining,Metals & Mining,Steel,Specialty Finance,Commercial Finance,Comml Equip Finance & Leasing,Ind Equip Finance & Leasing
ALO LN Equity,CRADLE ARC PLC,GB,Common Stock,--,959.21k,149.24M,--,Industrial Metals and Mining,General Mining,Metals & Mining,Copper,Metals & Mining,Base Metals,Copper,Copper Mining
NEUTL IN Equity,NEUEON TOWERS LT,IN,Common Stock,--,979.10k,221.72M,--,Industrial Metals and Mining,Iron and Steel,Metals & Mining,Steel,Engineering & Construction,Infrastructure Construction,Communication Infra Const,Comm & Transmission Const
MNC CN Equity,MAGNETIC NORTH A,CA,Common Stock,--,982.13k,15.53M,--,Industrial Metals and Mining,General Mining,Capital Markets,Investment Banking & Brokerage,Construction Materials,Building Materials,Stone Building Products,--
SWL IN Equity,STEWARTS & LLOYD,IN,Common Stock,--,1.01M,2.45M,30,Industrial Metals and Mining,Iron and Steel,Construction & Engineering,Construction & Engineering,Engineering & Construction,Building Construction,--,--
AQM CN Equity,AQM COPPER INC,CA,Common Stock,--,1.05M,70.59M,--,Industrial Metals and Mining,General Mining,Metals & Mining,Diversified Metals & Mining,Metals & Mining,Base Metals,Copper,--
KSS VN Equity,NA RI HAMICO MIN,VN,Common Stock,--,1.11M,111.95M,--,Industrial Metals and Mining,General Mining,Trading Companies & Distributors,Trading Companies & Distributors,Metals & Mining,Iron,Iron Ore Mining,--
HW IN Equity,HINDUSTAN WIRES,IN,Common Stock,--,1.15M,12.51M,--,Industrial Metals and Mining,Iron and Steel,--,--,Chemicals,Basic & Diversified Chemicals,Inorganic Base Chemicals,Industrial Gas
SLCA JR Equity,INTL SILICA INDU,JO,Common Stock,--,1.18M,3.43M,--,Industrial Metals and Mining,Nonferrous Metals,Metals & Mining,Diversified Metals & Mining,Engineering & Construction,Infrastructure Construction,--,--
BCFN CN Equity,BLOCKCHAIN FOUND,CA,Common Stock,--,1.21M,17.88M,--,Industrial Metals and Mining,General Mining,--,--,Software,Infrastructure Software,Database Software,--
TI1 AU Equity,TOMBADOR IRON LT,AU,Common Stock,--,1.29M,13.18M,--,Industrial Metals and Mining,Iron and Steel,Metals & Mining,Steel,Real Estate Owners & Developers,Multi Asset Class Own & Develop,--,--
RQB CN Equity,RAVENQUEST BIOME,CA,Common Stock,--,1.30M,40.52M,--,Industrial Metals and Mining,General Mining,Professional Services,Research & Consulting Services,Tobacco & Cannabis,Cannabis,--,--
DNY VN Equity,DANA Y STEEL,VN,Common Stock,--,1.32M,76.60M,96,Industrial Metals and Mining,Iron and Steel,Metals & Mining,Steel,Steel,Steel Producers,--,--
MCOA US Equity,MARIJUANA COMPAN,US,Common Stock,--,1.37M,10.94M,--,Industrial Metals and Mining,General Mining,--,--,Tobacco & Cannabis,Cannabis,--,--
RZZ CN Equity,ABITIBI ROYALTIE,CA,Common Stock,--,1.49M,64.75M,--,Industrial Metals and Mining,General Mining,Metals & Mining,Diversified Metals & Mining,Metals & Mining,Precious Metals,Gold,--
HMPS CN Equity,HEMPSANA HOLDING,CA,Common Stock,--,1.56M,4.11M,--,Industrial Metals and Mining,General Mining,--,--,Tobacco & Cannabis,Cannabis,--,--
705 HK Equity,DING HE MINING,MY,Common Stock,--,1.56M,26.64M,--,Industrial Metals and Mining,Nonferrous Metals,Metals & Mining,Diversified Metals & Mining,Metals & Mining,Base Metals,--,--
AXO AU Equity,AUROX RESOURCES,AU,Common Stock,--,1.58M,84.64M,--,Industrial Metals and Mining,General Mining,--,--,Metals & Mining,Precious Metals,--,--
BEAN CN Equity,PEEKABOO BEANS I,CA,Common Stock,--,1.59M,1.65M,--,Industrial Metals and Mining,Nonferrous Metals,"Textiles, Apparel & Luxury Goods","Apparel, Accessories & Luxury Goods",Apparel & Textile Products,"Apparel, Footwear & Acc Design",Apparel Design,Children's Apparel
GZZ CN Equity,GOLDEN VALLEY MI,CA,Common Stock,--,1.66M,68.67M,--,Industrial Metals and Mining,Nonferrous Metals,Metals & Mining,Diversified Metals & Mining,Metals & Mining,Mineral & Precious Stone Mining,--,--
RIG AU Equity,RONGTAI INTERNAT,AU,Common Stock,--,1.67M,11.72M,--,Industrial Metals and Mining,Iron and Steel,--,--,Steel,Steel Producers,--,--
CHHA SP Equity,CHINA HAIDA LTD,SG,Common Stock,--,1.69M,4.18M,--,Industrial Metals and Mining,Aluminum,Building Products,Building Products,Metals & Mining,Base Metals,Aluminum,Aluminum Smelting & Refining
BKS CN Equity,BERKLEY RENEWABL,CA,Common Stock,--,1.73M,6.56M,--,Industrial Metals and Mining,Nonferrous Metals,--,--,Asset Management,Private Equity,Venture Capital,--
KSK CN Equity,KISKA METALS COR,CA,Common Stock,--,1.82M,2.39M,--,Industrial Metals and Mining,General Mining,Metals & Mining,Diversified Metals & Mining,Metals & Mining,Precious Metals,--,--
LL CN Equity,CANADA RARE EART,CA,Common Stock,--,1.85M,3.51M,--,Industrial Metals and Mining,General Mining,Metals & Mining,Diversified Metals & Mining,Metals & Mining,Mineral & Precious Stone Mining,Mineral Mining,Rare Earth
AMNLQ US Equity,APPLIED MINERALS,US,Common Stock,--,1.88M,1.62M,--,Industrial Metals and Mining,General Mining,Metals & Mining,Diversified Metals & Mining,Metals & Mining,Mineral & Precious Stone Mining,--,--
PURE IJ Equity,TRINITAN METALS,ID,Common Stock,--,2.00M,65.01M,--,Industrial Metals and Mining,General Mining,Metals & Mining,Diversified Metals & Mining,Metals & Mining,Base Metals,--,--
RVD CN Equity,RIO VERDE MINERA,CA,Common Stock,--,2.03M,80.96M,--,Industrial Metals and Mining,General Mining,--,--,Metals & Mining,Mineral & Precious Stone Mining,Mineral Mining,"Potash, Soda, Borate"
LABA IJ Equity,GREEN POWER GROU,ID,Common Stock,--,2.07M,9.25M,--,Industrial Metals and Mining,Iron and Steel,Metals & Mining,Steel,Steel,Steel Producers,--,--
MEPSAI1 PE Equity,MEPSA-INV,PE,Common Stock,--,2.08M,80.36M,--,Industrial Metals and Mining,Iron and Steel,Metals & Mining,Steel,Steel,Steel Producers,--,--
ANDEXAC1 PE Equity,MINERA ANDINA-CA,PE,Common Stock,--,2.17M,5.94M,6,Industrial Metals and Mining,General Mining,--,--,Metals & Mining,Mineral & Precious Stone Mining,--,--
NOVR CN Equity,NOVA ROYALTY COR,CA,Common Stock,--,2.21M,95.54M,--,Industrial Metals and Mining,General Mining,Metals & Mining,Diversified Metals & Mining,Metals & Mining,Base Metals,"Nickel, Lead & Zinc",--
SML CN Equity,SOUTHSTONE MINER,CA,Common Stock,--,2.28M,345.28k,--,Industrial Metals and Mining,General Mining,"Oil, Gas & Consumable Fuels",Coal & Consumable Fuels,Metals & Mining,Precious Metals,--,--
FMA/H CN Equity,FIRST METALS INC,CA,Common Stock,--,2.30M,6.64M,--,Industrial Metals and Mining,General Mining,--,--,Metals & Mining,Base Metals,--,--
DVN CN Equity,DANAVATION TECHN,CA,Common Stock,--,2.31M,3.19M,--,Industrial Metals and Mining,General Mining,--,--,Technology Hardware,Specialty Technology Hardware,--,--
GME CN Equity,GEOMARK EXPLORAT,CA,Common Stock,--,2.33M,52.11M,--,Industrial Metals and Mining,General Mining,--,--,Oil & Gas Supply Chain,Exploration & Production,--,--
1681235D US Equity,RODNEY CAPITAL I,US,Common Stock,--,2.38M,4.52M,--,Industrial Metals and Mining,Nonferrous Metals,--,--,Metals & Mining,Base Metals,--,--
BHR LN Equity,BEACON HILL RESO,AU,Common Stock,--,2.47M,132.77M,--,Industrial Metals and Mining,General Mining,Metals & Mining,Steel,Metals & Mining,Coal Mining,Metallurgical Coal,--
2313133D AU Equity,FRONTIER CAPITAL,AU,Common Stock,--,2.51M,36.10M,--,Industrial Metals and Mining,General Mining,"Hotels, Restaurants & Leisure",Casinos & Gaming,Metals & Mining,Precious Metals,--,--
IMCP PZ Equity,IMC EXPLORATION,IE,Common Stock,--,2.51M,12.95M,--,Industrial Metals and Mining,General Mining,Metals & Mining,Precious Metals & Minerals,Transportation & Logistics,Rail Freight,Total Commodity - Rail,Metallic Ores & Metals - Rail
YDX/H CN Equity,YDX INNOVATION C,CA,Common Stock,--,2.64M,1.23M,--,Industrial Metals and Mining,General Mining,--,--,Technology Hardware,Specialty Technology Hardware,--,--
D13 AU Equity,DELAWARE THIRTEE,AU,Common Stock,--,2.71M,9.57M,--,Industrial Metals and Mining,General Mining,Aerospace & Defense,Aerospace & Defense,IT Services,IT Services,IT Services - Government,--
GSL CN Equity,GREEN SCIENTIFIC,CA,Common Stock,--,2.74M,6.29M,--,Industrial Metals and Mining,General Mining,Metals & Mining,Diversified Metals & Mining,Health Care Facilities & Svcs,Health Care Services,Health Care Testing Services,Clinical Labs
VBCI IN Equity,VBC INDS LTD,IN,Common Stock,--,2.79M,18.18M,--,Industrial Metals and Mining,Iron and Steel,Metals & Mining,Steel,Metals & Mining,Base Metals,Aluminum,--
KFP IN Equity,KRISHNA FERRO,IN,Common Stock,--,2.95M,9.13M,62,Industrial Metals and Mining,Iron and Steel,Metals & Mining,Steel,Industrial Intermediate Prod,Fabricated Metal & Hardware,--,--
ROE CN Equity,RENAISSANCE OIL,CA,Common Stock,--,3.12M,37.29M,--,Industrial Metals and Mining,General Mining,"Oil, Gas & Consumable Fuels",Oil & Gas Exploration & Production,Oil & Gas Supply Chain,Exploration & Production,--,--
ASIL US Equity,ASI LIQUIDATING,US,Common Stock,--,3.26M,6.07M,--,Industrial Metals and Mining,General Mining,--,--,Construction Materials,Building Materials,Stone Building Products,--
MRB MK Equity,METAL RECLAMAT,MY,Common Stock,--,3.27M,50.01M,--,Industrial Metals and Mining,Nonferrous Metals,Metals & Mining,Diversified Metals & Mining,Metals & Mining,Base Metals,--,--
OXT AU Equity,OREXPLORE TECHNO,AU,Common Stock,--,3.31M,10.11M,--,Industrial Metals and Mining,General Mining,Professional Services,Research & Consulting Services,Technology Hardware,Technology Distributors,--,--
1574776D IN Equity,ALCOBEX METALS,IN,Common Stock,--,3.42M,4.93M,--,Industrial Metals and Mining,Nonferrous Metals,--,--,Metals & Mining,Base Metals,Copper,Copper Smelting & Refining
ENA AU Equity,ENSURANCE LTD,AU,Common Stock,--,3.42M,20.05M,--,Industrial Metals and Mining,General Mining,Insurance,Insurance Brokers,Insurance,P&C Insurance,--,--
UNKL RM Equity,YUZHURALNIKEL PJ,RU,Common Stock,--,3.50M,72.15M,133,Industrial Metals and Mining,Nonferrous Metals,Metals & Mining,Diversified Metals & Mining,Metals & Mining,Base Metals,"Nickel, Lead & Zinc",Nickel
2366915D CN Equity,ELY GOLD ROYALTI,CA,Common Stock,--,3.63M,43.26M,--,Industrial Metals and Mining,General Mining,Metals & Mining,Gold,Metals & Mining,Precious Metals,Gold,--
LBL/H CN Equity,LATTICE BIOLOGIC,US,Common Stock,--,3.64M,4.21M,--,Industrial Metals and Mining,Nonferrous Metals,Biotechnology,Biotechnology,Biotech & Pharma,Specialty & Generic Pharma,Specialty Pharma,--
TKX/H CN Equity,TRACKX HOLDINGS,CA,Common Stock,--,3.68M,1.79M,--,Industrial Metals and Mining,General Mining,Software,Application Software,Software,Application Software,Enterprise Software,--
BITE CN Equity,BLENDER BITES LT,CA,Common Stock,--,3.72M,5.17M,--,Industrial Metals and Mining,General Mining,Food Products,Packaged Foods & Meats,Software,Infrastructure Software,Cloud & Virtualization Software,--
XALY GA Equity,SHEET STEEL CO,GR,Common Stock,--,3.86M,16.20M,--,Industrial Metals and Mining,Iron and Steel,--,--,Industrial Intermediate Prod,Fabricated Metal & Hardware,Fabricated Metal,Sheet Metal
ATPK IJ Equity,BARA JAYA INTERN,ID,Common Stock,--,3.95M,87.15M,--,Industrial Metals and Mining,General Mining,"Oil, Gas & Consumable Fuels",Coal & Consumable Fuels,Metals & Mining,Coal Mining,--,--
MKST IN Equity,MUKESH STRIPS,IN,Common Stock,--,4.11M,6.77M,--,Industrial Metals and Mining,Iron and Steel,Metals & Mining,Steel,Steel,Steel Producers,--,--
EMM AU Equity,EMEW CLEAN TECHN,AU,Common Stock,--,4.20M,2.73M,--,Industrial Metals and Mining,General Mining,Machinery,Industrial Machinery & Supplies & Components,Commercial Support Services,Waste Management,Solid Waste Collection & Treat,Recycling Facilities
MSUV US Equity,MEDIA SURVIVORS,CA,Common Stock,--,4.26M,9.60M,--,Industrial Metals and Mining,General Mining,--,--,Internet Media & Services,Internet Media & Services,"News, Sports & Entmt Web",--
CHX LN Equity,CHROMEX MINING P,GB,Common Stock,--,4.29M,23.17M,8,Industrial Metals and Mining,General Mining,--,--,Metals & Mining,Base Metals,--,--
BSAL IN Equity,BELLARY STEELS,IN,Common Stock,--,4.55M,652.06M,224,Industrial Metals and Mining,Iron and Steel,--,--,Steel,Metal Svc Centers & Processors,Steel Processors,--
ASIA IJ Equity,ASIA NATURAL RES,ID,Common Stock,--,4.58M,4.76M,--,Industrial Metals and Mining,General Mining,--,--,Metals & Mining,Coal Mining,Thermal Coal,--
ANM IN Equity,ANUP MALLEABLES,IN,Common Stock,--,4.63M,10.86M,--,Industrial Metals and Mining,Metal Fabricating,--,--,Industrial Intermediate Prod,Fabricated Metal & Hardware,--,--
WRES LN Equity,W RESOURCES PLC,GB,Common Stock,--,4.68M,146.30M,--,Industrial Metals and Mining,General Mining,Metals & Mining,Diversified Metals & Mining,Metals & Mining,Mineral & Precious Stone Mining,Mineral Mining,Rare Earth
EJSW EY Equity,EGYPT JAPAN STEE,EG,Common Stock,--,4.68M,5.50M,--,Industrial Metals and Mining,Iron and Steel,--,--,Industrial Intermediate Prod,Fabricated Metal & Hardware,--,--
MXOM US Equity,PAN AMERICAN GOL,CA,Common Stock,--,4.70M,1.03M,--,Industrial Metals and Mining,General Mining,Metals & Mining,Precious Metals & Minerals,Metals & Mining,Precious Metals,Gold,--
COS RO Equity,COS TARGOVISTE S,RO,Common Stock,--,4.79M,61.61M,95,Industrial Metals and Mining,Iron and Steel,--,--,Steel,Steel Producers,--,--
SVI IN Equity,SATHAVAHANA ISPT,IN,Common Stock,--,5.12M,126.43M,11,Industrial Metals and Mining,Iron and Steel,Metals & Mining,Steel,Metals & Mining,Iron,Iron Foundries,--
HN/H CN Equity,HIGH NORTH RESOU,CA,Common Stock,--,5.25M,25.89M,--,Industrial Metals and Mining,General Mining,"Oil, Gas & Consumable Fuels",Oil & Gas Exploration & Production,Oil & Gas Supply Chain,Exploration & Production,--,--
PTK VN Equity,PHU THINH METALL,VN,Common Stock,--,5.27M,19.74M,--,Industrial Metals and Mining,General Mining,Metals & Mining,Diversified Metals & Mining,Asset Management,Investment Companies,Investment Holding Companies,--
IBH VC Equity,INTERNATIONAL BR,VE,Common Stock,--,5.31M,957.22M,--,Industrial Metals and Mining,Iron and Steel,--,--,Metals & Mining,Iron,--,--
PAR LN Equity,PARAGON RESOURCE,JE,Common Stock,--,5.44M,23.87M,--,Industrial Metals and Mining,General Mining,Capital Markets,Asset Management & Custody Banks,Asset Management,Investment Companies,--,--
FUTURAI1 PE Equity,FUTURA CONS-INV,PE,Common Stock,--,5.47M,197.84M,--,Industrial Metals and Mining,Metal Fabricating,Real Estate Management & Development,Real Estate Development,Machinery,Metalworking Machinery,Welding & Solder Equipment,--
AAGP PZ Equity,AQUASOURCE ALGAE,GB,Common Stock,--,5.57M,3.64M,--,Industrial Metals and Mining,General Mining,--,--,Biotech & Pharma,Specialty & Generic Pharma,Specialty Pharma,--
ALW GN Equity,ALUWORKS GHANA,GH,Common Stock,--,5.63M,33.35M,--,Industrial Metals and Mining,Aluminum,Metals & Mining,Aluminum,Metals & Mining,Base Metals,Aluminum,Aluminum Smelting & Refining
ECT/H CN Equity,ELLIPSIZ COMMUNI,CA,Common Stock,--,5.83M,5.40M,--,Industrial Metals and Mining,General Mining,Communications Equipment,Communications Equipment,IT Services,IT Services,IT Services - Commercial,--
DSU SK Equity,DOLKAM SUJA AS,SK,Common Stock,--,6.01M,20.67M,28,Industrial Metals and Mining,General Mining,Construction Materials,Construction Materials,Construction Materials,Cement & Aggregates,Aggregates,Crushed Stone
AMGY US Equity,AMERICAN METAL &,US,Common Stock,--,6.03M,20.45M,--,Industrial Metals and Mining,Metal Fabricating,Machinery,Industrial Machinery & Supplies & Components,Machinery,Flow Control Equipment,Industrial Valve,--
WEMI NO Equity,DATUM OPPORTUNIT,NO,Common Stock,--,6.10M,404.78M,--,Industrial Metals and Mining,General Mining,--,--,Metals & Mining,Precious Metals,--,--
3089 TT Equity,EJECTT INC,TW,Common Stock,--,6.40M,32.69M,--,Industrial Metals and Mining,Aluminum,"Electronic Equipment, Instruments & Components",Electronic Components,Renewable Energy,Renewable Energy Project Dev,Development & Construction,Solar Plant Construction
766 HK Equity,SINO PROSPER GRO,HK,Common Stock,--,6.40M,107.98M,61,Industrial Metals and Mining,General Mining,Consumer Finance,Consumer Finance,Specialty Finance,Consumer Finance,--,--
1507482D CN Equity,TERREX ENERGY IN,CA,Common Stock,--,6.45M,27.22M,--,Industrial Metals and Mining,General Mining,--,--,Oil & Gas Supply Chain,Exploration & Production,--,--
1378608D LN Equity,COPPER RESOURCES,ZA,Common Stock,--,6.64M,90.10M,1k,Industrial Metals and Mining,Nonferrous Metals,--,--,Metals & Mining,Base Metals,--,--
ARWJF US Equity,AROWAY ENERGY,CA,Common Stock,--,6.68M,8.86M,--,Industrial Metals and Mining,General Mining,"Oil, Gas & Consumable Fuels",Oil & Gas Exploration & Production,Oil & Gas Supply Chain,Exploration & Production,Crude Oil & Natural Gas E&P,--
ELE AU Equity,ELMORE LTD,AU,Common Stock,--,6.73M,71.01M,--,Industrial Metals and Mining,Iron and Steel,Metals & Mining,Steel,Metals & Mining,Mining Services,--,--
DPK1R LR Equity,DITTON PIEVADKEZ,LV,Common Stock,--,6.75M,11.31M,118,Industrial Metals and Mining,Metal Fabricating,Machinery,Industrial Machinery & Supplies & Components,Leisure Products,Sporting Goods,Bicycles & Parts,Bicycle Parts
NCU CN Equity,NEVADA COPPER CO,CA,Common Stock,--,6.88M,1.03B,--,Industrial Metals and Mining,Copper,Metals & Mining,Copper,Metals & Mining,Base Metals,Copper,--
MXX LN Equity,MINERAL SECURITI,AU,Common Stock,--,6.89M,393.06M,--,Industrial Metals and Mining,General Mining,--,--,Metals & Mining,Base Metals,--,--
2498130D MK Equity,COSMOS TECHNOLOG,MY,Common Stock,--,6.90M,18.24M,--,Industrial Metals and Mining,Metal Fabricating,--,--,Machinery,Flow Control Equipment,--,--
2313232D CN Equity,SIERRA MADRE GOL,CA,Common Stock,--,7.17M,39.20M,--,Industrial Metals and Mining,General Mining,Metals & Mining,Precious Metals & Minerals,Metals & Mining,Precious Metals,--,--
087220 KS Equity,STEEL FLOWER CO,KR,Common Stock,--,7.45M,126.69M,--,Industrial Metals and Mining,Iron and Steel,Metals & Mining,Steel,Steel,Steel Producers,--,--
EGZN EY Equity,EGYPTIAN CO FOR,EG,Common Stock,--,7.62M,11.36M,--,Industrial Metals and Mining,Nonferrous Metals,--,--,Metals & Mining,Base Metals,--,--
ALCO GA Equity,ALCO HELLAS ABEE,GR,Common Stock,--,7.62M,22.22M,20,Industrial Metals and Mining,Aluminum,Building Products,Building Products,Industrial Intermediate Prod,Fabricated Metal & Hardware,Fabricated Metal,Structural Metal & Plate Work
SMRU IJ Equity,SMR UTAMA TBK PT,ID,Common Stock,--,7.66M,69.85M,--,Industrial Metals and Mining,General Mining,"Oil, Gas & Consumable Fuels",Coal & Consumable Fuels,Metals & Mining,Mining Services,Coal Support Services,--
BRR LN Equity,BRAEMORE RESOURC,GB,Common Stock,--,7.71M,106.41M,--,Industrial Metals and Mining,General Mining,--,--,Metals & Mining,Base Metals,--,--
1886456D CN Equity,NORTHERN SUN MIN,CA,Common Stock,--,7.73M,7.01M,--,Industrial Metals and Mining,General Mining,Metals & Mining,Diversified Metals & Mining,Metals & Mining,Base Metals,"Nickel, Lead & Zinc",Nickel
NRDSQ US Equity,NORD RESOURCES,US,Common Stock,--,7.86M,49.12M,--,Industrial Metals and Mining,Nonferrous Metals,Metals & Mining,Copper,Metals & Mining,Base Metals,Copper,Copper Mining
MAAFF US Equity,MAGINDUSTRIES CO,CA,Common Stock,--,7.89M,198.97M,--,Industrial Metals and Mining,General Mining,Paper & Forest Products,Forest Products,"Forestry, Paper & Wood Products",Forestry & Logging,--,--
GRPE SG Equity,GRANIT PESCAR AD,RS,Common Stock,--,7.94M,7.55M,245,Industrial Metals and Mining,General Mining,--,--,Construction Materials,Building Materials,Stone Building Products,Granite
WAX PW Equity,WADEX,PL,Common Stock,--,8.03M,7.02M,--,Industrial Metals and Mining,Iron and Steel,Metals & Mining,Steel,Steel,Steel Producers,"Long, Pipe & Tubular",Pipe & Tubular
BOK AU Equity,MARDA OPERATIONS,AU,Common Stock,--,8.03M,38.53M,103,Industrial Metals and Mining,General Mining,Metals & Mining,Diversified Metals & Mining,Metals & Mining,Precious Metals,Gold,--
SAL SJ Equity,SALLIES LTD,ZA,Common Stock,--,8.11M,23.69M,208,Industrial Metals and Mining,General Mining,--,--,Metals & Mining,Mineral & Precious Stone Mining,--,--
004820 KS Equity,JOIN ENERGY CO L,KR,Common Stock,--,8.26M,12.82M,--,Industrial Metals and Mining,Iron and Steel,--,--,Steel,Metal Svc Centers & Processors,--,--
BGM VN Equity,BAC GIANG EXPLOI,VN,Common Stock,--,8.36M,33.42M,--,Industrial Metals and Mining,General Mining,Metals & Mining,Diversified Metals & Mining,Metals & Mining,Coal Mining,Thermal Coal,--
ZLJSRA CZ Equity,ZELJEZARA SPLIT,HR,Common Stock,--,8.38M,138.85M,401,Industrial Metals and Mining,Iron and Steel,--,--,Steel,Steel Producers,--,--
3571731Q CN Equity,VAALDIAM RES LTD,CA,Common Stock,--,8.49M,49.67M,--,Industrial Metals and Mining,General Mining,--,--,Metals & Mining,Mineral & Precious Stone Mining,--,--
BHMNF US Equity,BIRCH MOUNTAIN,CA,Common Stock,--,8.58M,110.53M,--,Industrial Metals and Mining,General Mining,--,--,Construction Materials,Building Materials,Stone Building Products,--
LMSH IJ Equity,LIONMESH PRIMA,ID,Common Stock,--,8.76M,11.84M,60,Industrial Metals and Mining,Iron and Steel,Metals & Mining,Steel,Steel,Steel Producers,--,--
PCI CN Equity,PERLITE CANADA,CA,Common Stock,--,9.01M,5.85M,--,Industrial Metals and Mining,General Mining,Metals & Mining,Diversified Metals & Mining,Home Construction,Building Products,--,--
RZIN MS Equity,RZ INSTITUT SKOP,MK,Common Stock,--,9.06M,6.29M,65,Industrial Metals and Mining,Iron and Steel,--,--,Industrial Intermediate Prod,Fabricated Metal & Hardware,--,--
2454709D CN Equity,NMC RESOURCE COR,CA,Common Stock,--,9.14M,14.47M,--,Industrial Metals and Mining,General Mining,Metals & Mining,Diversified Metals & Mining,Metals & Mining,Base Metals,--,--
GG_FERR KZ Equity,FERRO-ALLOY RES,GG,Common Stock,--,9.18M,38.99M,200,Industrial Metals and Mining,Nonferrous Metals,Metals & Mining,Diversified Metals & Mining,Metals & Mining,Mineral & Precious Stone Mining,Mineral Mining,--
KTB VN Equity,TAY BAC MINERALS,VN,Common Stock,--,9.21M,31.87M,--,Industrial Metals and Mining,General Mining,Metals & Mining,Diversified Metals & Mining,Metals & Mining,Base Metals,--,--
RHT/H CN Equity,RELIQ HEALTH TEC,CA,Common Stock,--,9.32M,11.54M,--,Industrial Metals and Mining,General Mining,Health Care Technology,Health Care Technology,Software,Application Software,Specialty Software,Health Care Software
TGR LN Equity,TIRUPATI GRAPHIT,GB,Common Stock,--,9.37M,56.82M,523,Industrial Metals and Mining,General Mining,Metals & Mining,Diversified Metals & Mining,Chemicals,Specialty Chemicals,Advanced Materials,Graphite Products
0962542D AU Equity,CARILLON DEV LTD,AU,Common Stock,--,10.34M,77.55M,--,Industrial Metals and Mining,Nonferrous Metals,Metals & Mining,Diversified Metals & Mining,Specialty Finance,Other Financial Services,--,--
9291217D CN Equity,OROGEN ROYALTIES,CA,Common Stock,--,10.35M,78.38M,--,Industrial Metals and Mining,General Mining,Metals & Mining,Diversified Metals & Mining,Metals & Mining,Precious Metals,Gold,--
GFND IN Equity,GANESH FOUNDRY &,IN,Common Stock,--,10.36M,5.54M,--,Industrial Metals and Mining,Metal Fabricating,--,--,Industrial Intermediate Prod,Fabricated Metal & Hardware,--,--
SFS IN Equity,SUPER FORGINGS,IN,Common Stock,--,10.63M,15.71M,--,Industrial Metals and Mining,Iron and Steel,--,--,Steel,Steel Producers,--,--
AB/H CN Equity,ASBESTOS CORP,CA,Common Stock,--,10.77M,48.31M,--,Industrial Metals and Mining,General Mining,Metals & Mining,Diversified Metals & Mining,Metals & Mining,Mineral & Precious Stone Mining,Precious Stone Mining,Gemstones
FML LN Equity,FRONTIER,GB,Common Stock,--,10.79M,342.72M,--,Industrial Metals and Mining,General Mining,Metals & Mining,Diversified Metals & Mining,Metals & Mining,Precious Metals,--,--
RICH TB Equity,RICH ASIA CORP P,TH,Common Stock,--,10.84M,22.58M,--,Industrial Metals and Mining,Iron and Steel,Metals & Mining,Steel,Steel,Steel Producers,--,--
UMJ CN Equity,URSA MAJOR MINER,CA,Common Stock,--,10.88M,15.25M,--,Industrial Metals and Mining,General Mining,--,--,Metals & Mining,Base Metals,--,--
SGNL CN Equity,SIGNAL GOLD INC,CA,Common Stock,--,10.93M,105.61M,--,Industrial Metals and Mining,General Mining,Metals & Mining,Gold,Metals & Mining,Precious Metals,Gold,--
AGV SP Equity,AGV GROUP LTD,SG,Common Stock,--,10.95M,19.98M,--,Industrial Metals and Mining,Nonferrous Metals,Metals & Mining,Steel,Industrial Intermediate Prod,Fabricated Metal & Hardware,Fabricated Metal,Metal Coat & Treating
STX CN Equity,STARREX INTERNAT,CA,Common Stock,--,11.03M,14.41M,--,Industrial Metals and Mining,General Mining,Capital Markets,Asset Management & Custody Banks,Real Estate Services,Real Estate Services,--,--
URZ US Equity,URANERZ ENERGY C,US,Common Stock,--,11.11M,23.34M,--,Industrial Metals and Mining,Nonferrous Metals,"Oil, Gas & Consumable Fuels",Coal & Consumable Fuels,Metals & Mining,Base Metals,Uranium,--
2416046D CN Equity,GAMING NATION IN,CA,Common Stock,--,11.22M,65.01M,--,Industrial Metals and Mining,General Mining,"Hotels, Restaurants & Leisure",Casinos & Gaming,Asset Management,Investment Companies,Blank Check,--
IRL AU Equity,INDIA RESOURCES,AU,Common Stock,--,11.36M,10.53M,--,Industrial Metals and Mining,General Mining,Metals & Mining,Copper,Metals & Mining,Base Metals,Copper,Copper Mining
RMN/H CN Equity,RED TIGER MINING,CA,Common Stock,--,11.52M,32.94M,--,Industrial Metals and Mining,General Mining,Metals & Mining,Diversified Metals & Mining,Metals & Mining,Precious Metals,--,--
PNM AU Equity,PACIFIC NICKEL M,AU,Common Stock,--,11.87M,57.65M,--,Industrial Metals and Mining,General Mining,Metals & Mining,Diversified Metals & Mining,Metals & Mining,Base Metals,"Nickel, Lead & Zinc",Nickel
GISC IN Equity,GANGOTRI IRON,IN,Common Stock,--,11.97M,36.01M,--,Industrial Metals and Mining,Iron and Steel,Metals & Mining,Steel,Steel,Steel Producers,--,--
CBE/H CN Equity,CABO DRILLING CO,CA,Common Stock,--,11.97M,17.04M,--,Industrial Metals and Mining,General Mining,Metals & Mining,Diversified Metals & Mining,Metals & Mining,Mining Services,--,--
GTMP IN Equity,GONTERMANN-PEIP,IN,Common Stock,--,12.25M,45.63M,--,Industrial Metals and Mining,Iron and Steel,Metals & Mining,Steel,Industrial Intermediate Prod,Fabricated Metal & Hardware,Fabricated Metal,Forging & Stamping
G6M AU Equity,GROUP 6 METALS L,AU,Common Stock,--,12.38M,37.14M,--,Industrial Metals and Mining,General Mining,Metals & Mining,Diversified Metals & Mining,Metals & Mining,Mineral & Precious Stone Mining,Mineral Mining,--
JOST JR Equity,JORDAN STEEL,JO,Common Stock,--,12.38M,120.26M,--,Industrial Metals and Mining,Iron and Steel,Metals & Mining,Steel,Steel,Steel Producers,Flat Rolled,--
5200039Q AU Equity,ALLIED QUEENSLND,AU,Common Stock,--,12.49M,28.47M,--,Industrial Metals and Mining,Nonferrous Metals,Metals & Mining,Steel,Metals & Mining,Coal Mining,--,--
KMC AU Equity,KALGOORLIE MININ,AU,Common Stock,--,12.69M,12.92M,--,Industrial Metals and Mining,Nonferrous Metals,--,--,Technology Hardware,Electronics Components,Display Components,Touch Solution
WLF AU Equity,QBS FLYWHEEL LTD,AU,Common Stock,--,12.88M,0,--,Industrial Metals and Mining,General Mining,Metals & Mining,Diversified Metals & Mining,Metals & Mining,Base Metals,--,--
007050 KS Equity,YURIE ES CO LTD,KR,Common Stock,--,12.97M,32.60M,46,Industrial Metals and Mining,Iron and Steel,--,--,Industrial Intermediate Prod,Fabricated Metal & Hardware,--,--
SL1 AU Equity,SYMBOL MINING LT,AU,Common Stock,--,13.50M,22.26k,--,Industrial Metals and Mining,General Mining,Metals & Mining,Diversified Metals & Mining,Oil & Gas Supply Chain,Exploration & Production,--,--
REG LN Equity,RARE EARTHS GLOB,KY,Common Stock,--,13.54M,25.54M,--,Industrial Metals and Mining,General Mining,--,--,Metals & Mining,Mineral & Precious Stone Mining,Mineral Mining,Rare Earth
SURI IN Equity,SURANA INDUSTRIE,IN,Common Stock,--,13.56M,514.23M,--,Industrial Metals and Mining,Iron and Steel,Metals & Mining,Steel,Steel,Steel Producers,--,--
ZIM RO Equity,ZIMTUB ZIMNICEA,RO,Common Stock,--,13.64M,13.58M,164,Industrial Metals and Mining,Iron and Steel,--,--,Steel,Steel Producers,--,--
YL CN Equity,YALIAN STEEL COR,CA,Common Stock,--,13.65M,103.86M,--,Industrial Metals and Mining,Iron and Steel,--,--,Steel,Steel Producers,--,--
CRBK CN Equity,CAREBOOK TECHNOL,CA,Common Stock,--,13.68M,8.51M,--,Industrial Metals and Mining,General Mining,Health Care Technology,Health Care Technology,Software,Application Software,Specialty Software,Health Care Software
NETW IN Equity,NWR TRDE WNGS L,IN,Common Stock,--,14.06M,--,--,Industrial Metals and Mining,Iron and Steel,Trading Companies & Distributors,Trading Companies & Distributors,Steel,Steel Producers,Specialty Metals,--
PYX AU Equity,PYX RESOURCES LT,AU,Common Stock,--,14.10M,142.26M,--,Industrial Metals and Mining,General Mining,Metals & Mining,Diversified Metals & Mining,Metals & Mining,Mineral & Precious Stone Mining,--,--
SNTA CN Equity,STRATEGIC MINERA,ES,Common Stock,--,14.29M,15.54M,--,Industrial Metals and Mining,General Mining,--,--,Metals & Mining,Mineral & Precious Stone Mining,--,--
VID IN Equity,VARDHMAN INDS,IN,Common Stock,--,14.63M,26.71M,--,Industrial Metals and Mining,Iron and Steel,Metals & Mining,Steel,Steel,Steel Producers,--,--
CICC LN Equity,CIC CAPITAL LTD,CN,Common Stock,--,14.65M,--,--,Industrial Metals and Mining,General Mining,Professional Services,Research & Consulting Services,Metals & Mining,Precious Metals,Gold,--
SKR LN Equity,SUNKAR RESOURCES,GB,Common Stock,--,15.50M,105.22M,239,Industrial Metals and Mining,General Mining,Chemicals,Fertilizers & Agricultural Chemicals,Engineering & Construction,Building Construction,--,--
NVC VN Equity,NAM VANG CORP,VN,Common Stock,--,15.96M,35.90M,--,Industrial Metals and Mining,Iron and Steel,Metals & Mining,Steel,Steel,Metal Svc Centers & Processors,Steel Processors,--
122800 KS Equity,SUN TECHNOLOGIES,KR,Common Stock,--,16.00M,40.49M,--,Industrial Metals and Mining,Iron and Steel,Metals & Mining,Steel,Steel,Steel Producers,Flat Rolled,--
1946397D AU Equity,ANIMOCA BRANDS C,HK,Common Stock,--,16.15M,39.84M,--,Industrial Metals and Mining,General Mining,Entertainment,Interactive Home Entertainment,Software,Application Software,Specialty Software,--
SDT IN Equity,SIDDHARTHA TUBES,IN,Common Stock,--,16.55M,48.48M,--,Industrial Metals and Mining,Iron and Steel,Metals & Mining,Steel,Steel,Steel Producers,--,--
GWMGF US Equity,GREAT WESTERN MI,CA,Common Stock,--,17.48M,76.36M,--,Industrial Metals and Mining,General Mining,Metals & Mining,Diversified Metals & Mining,Metals & Mining,Mining Services,--,--
TUCC TB Equity,THAI UNIQUE COIL,TH,Common Stock,--,17.58M,41.84M,--,Industrial Metals and Mining,Iron and Steel,--,--,Steel,Metal Svc Centers & Processors,Steel Processors,--
KSA VN Equity,BINH THUAN MINER,VN,Common Stock,--,18.17M,71.83M,--,Industrial Metals and Mining,General Mining,Construction Materials,Construction Materials,Construction Materials,Cement & Aggregates,Aggregates,Sand & Gravel
028040 KS Equity,MIRAESCI CO LTD,KR,Common Stock,--,18.27M,67.06M,--,Industrial Metals and Mining,Iron and Steel,"Electronic Equipment, Instruments & Components",Electronic Manufacturing Services,Oil & Gas Supply Chain,Refining & Marketing,Petroleum Marketing,Petroleum Wholesalers
ZBLFF US Equity,0373849 BC LTD,CA,Common Stock,--,18.45M,--,--,Industrial Metals and Mining,General Mining,--,--,Metals & Mining,Precious Metals,--,--
2055646D CN Equity,VMS VENTURES INC,CA,Common Stock,--,18.91M,53.85M,--,Industrial Metals and Mining,Nonferrous Metals,Metals & Mining,Diversified Metals & Mining,Metals & Mining,Base Metals,"Nickel, Lead & Zinc",Zinc
HYSA IN Equity,HARYANA STEEL,IN,Common Stock,--,18.97M,13.36M,--,Industrial Metals and Mining,Iron and Steel,--,--,Steel,Steel Producers,--,--
OH CN Equity,CANNAROYALTY CRP,CA,Common Stock,--,19.31M,240.43M,--,Industrial Metals and Mining,General Mining,Pharmaceuticals,Pharmaceuticals,Tobacco & Cannabis,Cannabis,--,--
600139 CH Equity,SICHUAN WEST-A,CN,Common Stock,--,19.46M,102.83M,--,Industrial Metals and Mining,Nonferrous Metals,Financial Services,Specialized Finance,Metals & Mining,Mineral & Precious Stone Mining,--,--
NGOK RU Equity,NOVOKAOLINOV-BRD,RU,Common Stock,--,19.47M,11.82M,241,Industrial Metals and Mining,General Mining,--,--,Construction Materials,Building Materials,Sundry Building Products,Nonmetal Mineral Products
TL CN Equity,TEAL EXPLORATION,CA,Common Stock,--,19.90M,58.11M,--,Industrial Metals and Mining,Nonferrous Metals,--,--,Metals & Mining,Base Metals,--,--
ZLK SK Equity,ZLIEVAREN SEZ KR,SK,Common Stock,--,19.91M,4.22M,--,Industrial Metals and Mining,Iron and Steel,--,--,Metals & Mining,Iron,Iron Foundries,--
SCUEF US Equity,STORM CAT ENERGY,US,Common Stock,--,20.03M,151.21M,--,Industrial Metals and Mining,General Mining,"Oil, Gas & Consumable Fuels",Oil & Gas Exploration & Production,Oil & Gas Supply Chain,Exploration & Production,Crude Oil & Natural Gas E&P,Natural Gas Production
AYN AU Equity,ALCYONE RESOURCE,AU,Common Stock,--,20.57M,32.59M,60,Industrial Metals and Mining,General Mining,Metals & Mining,Silver,Metals & Mining,Base Metals,--,--
AYSI US Equity,ALLOY STEEL,AU,Common Stock,--,21.43M,20.15M,--,Industrial Metals and Mining,Iron and Steel,Metals & Mining,Steel,Steel,Steel Producers,--,--
DPL PW Equity,DROZAPOL,PL,Common Stock,--,21.63M,32.05M,--,Industrial Metals and Mining,Iron and Steel,Trading Companies & Distributors,Trading Companies & Distributors,Steel,Metal Svc Centers & Processors,Steel Processors,--
KSB MK Equity,KINSTEEL BHD,MY,Common Stock,--,21.87M,136.24M,--,Industrial Metals and Mining,Iron and Steel,Metals & Mining,Steel,Steel,Steel Producers,--,--
TRR LN Equity,TRIDENT ROYALTIE,GB,Common Stock,--,22.43M,218.43M,9,Industrial Metals and Mining,General Mining,Metals & Mining,Precious Metals & Minerals,Metals & Mining,Iron,Iron Ore Mining,--
YSH SP Equity,YORKSHINE HOLDIN,HK,Common Stock,--,22.67M,73.69M,--,Industrial Metals and Mining,Iron and Steel,Trading Companies & Distributors,Trading Companies & Distributors,Metals & Mining,Metals & Ore Whslrs & Traders,--,--
ELTZ RM Equity,ELECTROZINC,RU,Common Stock,--,22.76M,45.05M,70,Industrial Metals and Mining,General Mining,Metals & Mining,Diversified Metals & Mining,Metals & Mining,Base Metals,--,--
RLST IN Equity,REAL STRIPS LTD,IN,Common Stock,--,22.95M,14.75M,--,Industrial Metals and Mining,Iron and Steel,Metals & Mining,Steel,Steel,Steel Producers,--,--
2594657D GR Equity,ERSTE BAYER BASA,DE,Common Stock,--,23.20M,75.10M,105,Industrial Metals and Mining,General Mining,--,--,Construction Materials,Cement & Aggregates,--,--
3448 JP Equity,SUGA STEEL CO LT,JP,Common Stock,--,23.36M,19.01M,--,Industrial Metals and Mining,Iron and Steel,Metals & Mining,Steel,Steel,Metal Svc Centers & Processors,Steel Processors,--
OZBAL TI Equity,OZBAL CELIK BORU,TR,Common Stock,--,23.58M,36.57M,96,Industrial Metals and Mining,Iron and Steel,Metals & Mining,Steel,Steel,Steel Producers,"Long, Pipe & Tubular",Pipe & Tubular
YXI SP Equity,YONG XIN INTERNA,CN,Common Stock,--,23.59M,26.56M,--,Industrial Metals and Mining,Iron and Steel,Metals & Mining,Steel,Industrial Intermediate Prod,Fabricated Metal & Hardware,--,--
NICO SP Equity,NICO STEEL HLDGS,SG,Common Stock,--,23.82M,29.96M,--,Industrial Metals and Mining,Iron and Steel,"Electronic Equipment, Instruments & Components",Electronic Components,Industrial Intermediate Prod,Fabricated Metal & Hardware,Fabricated Metal,Wire Products
JPRS IJ Equity,JAYA PARI STEEL,ID,Common Stock,--,23.83M,33.67M,238,Industrial Metals and Mining,Iron and Steel,Metals & Mining,Steel,Steel,Steel Producers,--,--
BAU SJ Equity,BAUBA RESOURCES,ZA,Common Stock,--,24.17M,50.78M,--,Industrial Metals and Mining,General Mining,Metals & Mining,Precious Metals & Minerals,Metals & Mining,Precious Metals,Platinum Group,Platinum
CNH AU Equity,CHINA STEEL AUST,AU,Common Stock,--,24.59M,81.76M,--,Industrial Metals and Mining,Iron and Steel,--,--,Metals & Mining,Iron,--,--
6437 TT Equity,ELECON-CON TECH,TW,Common Stock,--,24.73M,39.43M,292,Industrial Metals and Mining,Aluminum,Metals & Mining,Aluminum,Metals & Mining,Base Metals,Aluminum,Aluminum Smelting & Refining
CBLRF US Equity,CAMPBELL RES,CA,Common Stock,--,25.68M,75.21M,--,Industrial Metals and Mining,Nonferrous Metals,Metals & Mining,Diversified Metals & Mining,Metals & Mining,Base Metals,--,--
KBL AU Equity,KBL MINING LTD,AU,Common Stock,--,26.21M,56.60M,--,Industrial Metals and Mining,General Mining,Metals & Mining,Diversified Metals & Mining,Metals & Mining,Precious Metals,--,--
CSD AU Equity,AURORA METALS LT,AU,Common Stock,--,26.49M,105.34M,--,Industrial Metals and Mining,Nonferrous Metals,Metals & Mining,Diversified Metals & Mining,Metals & Mining,Base Metals,--,--
IONC CN Equity,IONIC BRANDS COR,CA,Common Stock,--,26.74M,34.07M,--,Industrial Metals and Mining,General Mining,Tobacco,Tobacco,Metals & Mining,Base Metals,--,--
AAN IN Equity,AANCHAL ISPAT LT,IN,Common Stock,--,27.43M,11.02M,--,Industrial Metals and Mining,Iron and Steel,Metals & Mining,Steel,Steel,Steel Producers,Specialty Metals,--
OG/H CN Equity,ORAGIN FOODS INC,CA,Common Stock,--,27.50M,29.25M,--,Industrial Metals and Mining,General Mining,Consumer Staples Distribution & Retail,Food Retail,Wholesale - Consumer Staples,Food & Beverage Wholesalers,--,--
ALMI IJ Equity,ALUMINDO LIGHT,ID,Common Stock,--,27.83M,45.01M,--,Industrial Metals and Mining,Aluminum,Metals & Mining,Aluminum,Metals & Mining,Base Metals,Aluminum,Aluminum Smelting & Refining
PRPI IN Equity,PREMIER PIPES LT,IN,Common Stock,--,27.99M,10.99M,--,Industrial Metals and Mining,Iron and Steel,--,--,Steel,Steel Producers,"Long, Pipe & Tubular",--
ASSI IN Equity,ANIL SPECIAL STE,IN,Common Stock,--,28.15M,26.68M,--,Industrial Metals and Mining,Iron and Steel,Metals & Mining,Steel,Steel,Steel Producers,Flat Rolled,--
EIC IN Equity,EICL LTD,IN,Common Stock,--,28.43M,45.20M,--,Industrial Metals and Mining,General Mining,--,--,Construction Materials,Building Materials,"Brick, Tile & Clay Bldg Matl",--
0745623D AU Equity,ORION RES NL,AU,Common Stock,--,28.44M,43.68M,--,Industrial Metals and Mining,General Mining,Metals & Mining,Diversified Metals & Mining,Metals & Mining,Precious Metals,Gold,--
FIRSTALU NL Equity,FIRST ALUMINIUM,NG,Common Stock,--,28.78M,57.20M,--,Industrial Metals and Mining,Aluminum,Metals & Mining,Aluminum,Industrial Intermediate Prod,Fabricated Metal & Hardware,--,--
G1A AU Equity,GML,AU,Common Stock,--,29.52M,366.18M,--,Industrial Metals and Mining,General Mining,Metals & Mining,Diversified Metals & Mining,Metals & Mining,Base Metals,--,--
0920904D CN Equity,MEDORO RESOURCES,CA,Common Stock,--,29.56M,191.95M,--,Industrial Metals and Mining,General Mining,--,--,Metals & Mining,Precious Metals,--,--
CORZ RO Equity,CORD SA BUZAU,RO,Common Stock,--,29.57M,36.42M,--,Industrial Metals and Mining,Iron and Steel,--,--,Electrical Equipment,Electrical Components,Wire & Cable,--
CSHZ US Equity,CHINA SHEN ZHOU,CN,Common Stock,--,29.61M,83.19M,--,Industrial Metals and Mining,General Mining,--,--,Metals & Mining,Base Metals,"Nickel, Lead & Zinc",--
CXM AU Equity,CENTREX LTD,AU,Common Stock,--,30.65M,54.88M,--,Industrial Metals and Mining,General Mining,Metals & Mining,Diversified Metals & Mining,Metals & Mining,Mineral & Precious Stone Mining,Mineral Mining,Phosphate Rock
LOWL CN Equity,LOWELL FARMS INC,US,Common Stock,--,31.55M,41.67M,--,Industrial Metals and Mining,General Mining,Pharmaceuticals,Pharmaceuticals,Tobacco & Cannabis,Cannabis,--,--
IF IN Equity,INDIA FOILS LTD,IN,Common Stock,--,31.85M,59.66M,442,Industrial Metals and Mining,Aluminum,--,--,Containers & Packaging,Containers & Packaging,--,--
FLOR LN Equity,FLUORMIN LTD,GB,Common Stock,--,31.95M,44.98M,--,Industrial Metals and Mining,General Mining,--,--,Metals & Mining,Mineral & Precious Stone Mining,--,--
MMS IN Equity,MARMAGOA STEEL,IN,Common Stock,--,32.20M,20.22M,--,Industrial Metals and Mining,Iron and Steel,--,--,Steel,Metal Svc Centers & Processors,Steel Processors,--
MCR AU Equity,MINCOR RESOURCES,AU,Common Stock,--,32.37M,224.54M,--,Industrial Metals and Mining,Nonferrous Metals,Metals & Mining,Diversified Metals & Mining,Metals & Mining,Precious Metals,Gold,--
ADU AU Equity,ADAMUS RESOURCES,AU,Common Stock,--,33.22M,186.80M,302,Industrial Metals and Mining,General Mining,--,--,Metals & Mining,Precious Metals,--,--
WELE IN Equity,WELSPUN ENTERPRI,IN,Common Stock,--,33.90M,353.10M,--,Industrial Metals and Mining,Iron and Steel,Trading Companies & Distributors,Trading Companies & Distributors,Steel,Steel Producers,--,--
1403367D US Equity,AMIGULA INC,CA,Common Stock,--,34.45M,9.99M,--,Industrial Metals and Mining,General Mining,--,--,Biotech & Pharma,Specialty & Generic Pharma,Specialty Pharma,--
IRA SJ Equity,INFRASORS HOLDIN,ZA,Common Stock,--,34.83M,35.52M,--,Industrial Metals and Mining,General Mining,Construction Materials,Construction Materials,Construction Materials,Building Materials,"Brick, Tile & Clay Bldg Matl",--
RMM LN Equity,RAMBLER METALS A,GB,Common Stock,--,35.34M,135.40M,--,Industrial Metals and Mining,Copper,Metals & Mining,Diversified Metals & Mining,Metals & Mining,Base Metals,Copper,Copper Mining
HALO CN Equity,HALO COLLECTIVE,CA,Common Stock,--,35.39M,83.43M,--,Industrial Metals and Mining,General Mining,Pharmaceuticals,Pharmaceuticals,Tobacco & Cannabis,Cannabis,--,--
TCN LN Equity,TRICORN GROUP PL,GB,Common Stock,--,35.51M,27.54M,--,Industrial Metals and Mining,Metal Fabricating,Machinery,Industrial Machinery & Supplies & Components,Transportation & Logistics,Transport Operations & Services,Transport Support Services,--
SROAD SP Equity,SILKROAD NICKEL,SG,Common Stock,--,35.57M,47.99M,--,Industrial Metals and Mining,Metal Fabricating,Metals & Mining,Diversified Metals & Mining,Metals & Mining,Base Metals,"Nickel, Lead & Zinc",Nickel
CHZE RU Equity,CHEKHOV POWER EN,RU,Common Stock,--,36.01M,69.19M,239,Industrial Metals and Mining,Iron and Steel,--,--,Construction Materials,Cement & Aggregates,--,--
MWE CN Equity,MAWSON WEST LTD,AU,Common Stock,--,36.07M,75.62M,--,Industrial Metals and Mining,Nonferrous Metals,Metals & Mining,Diversified Metals & Mining,Metals & Mining,Precious Metals,Gold,--
MIS AU Equity,MIDWEST CORP LTD,AU,Common Stock,--,36.17M,139.99M,--,Industrial Metals and Mining,Iron and Steel,--,--,Metals & Mining,Iron,--,--
TAAL CN Equity,TAAL DISTRIBUTED,CA,Common Stock,--,36.84M,74.66M,--,Industrial Metals and Mining,General Mining,--,--,Metals & Mining,Mineral & Precious Stone Mining,--,--
CMH LN Equity,CHAMBERLIN PLC,GB,Common Stock,--,36.87M,28.25M,--,Industrial Metals and Mining,Metal Fabricating,Metals & Mining,Steel,Metals & Mining,Iron,Iron Foundries,--
DIS IN Equity,DINA IRON & STEE,IN,Common Stock,--,37.14M,15.58M,--,Industrial Metals and Mining,Iron and Steel,--,--,Steel,Steel Producers,"Long, Pipe & Tubular",--
DTG/H CN Equity,DYNAMIC TECHNOLO,CA,Common Stock,--,37.78M,39.73M,--,Industrial Metals and Mining,Iron and Steel,Construction & Engineering,Construction & Engineering,Leisure Facilities & Services,Entertainment Facilities,--,--
AMI CN Equity,ATHABASCA MINERA,CA,Common Stock,--,37.91M,40.16M,--,Industrial Metals and Mining,General Mining,Construction Materials,Construction Materials,Metals & Mining,Mineral & Precious Stone Mining,Precious Stone Mining,Gemstones
SYH SP Equity,SEN YUE HOLDINGS,SG,Common Stock,--,38.00M,48.58M,--,Industrial Metals and Mining,Metal Fabricating,Trading Companies & Distributors,Trading Companies & Distributors,Institutional Financial Svcs,Institutional Brokerage,Trading & Principal Investment,--
TISA US Equity,TOP IMAGE SYSTEM,IL,Common Stock,--,38.72M,40.49M,185,Industrial Metals and Mining,General Mining,Software,Application Software,Technology Hardware,Computer Hardware & Storage,Personal Computers,Workstations
025920 KS Equity,WOO KYUNG CO LTD,KR,Common Stock,--,38.91M,48.20M,31,Industrial Metals and Mining,Iron and Steel,--,--,Steel,Steel Producers,--,--
ASEE IN Equity,ASEEM GLOBAL LTD,IN,Common Stock,--,39.16M,15.44M,--,Industrial Metals and Mining,Nonferrous Metals,Trading Companies & Distributors,Trading Companies & Distributors,Steel,Steel Producers,--,--
NITR UZ Equity,INTERPIPE NIZHN,UA,Common Stock,--,39.68M,892.88M,--,Industrial Metals and Mining,Iron and Steel,Machinery,Construction Machinery & Heavy Transportation Equipment,Steel,Steel Producers,"Long, Pipe & Tubular",Pipe & Tubular
SGH SP Equity,HH STAINLESS PTE,SG,Common Stock,--,40.39M,92.35M,--,Industrial Metals and Mining,Iron and Steel,Trading Companies & Distributors,Trading Companies & Distributors,Steel,Metal Svc Centers & Processors,--,--
5017 TT Equity,S&T TECHNOLOGY,TW,Common Stock,--,40.55M,296.91M,169,Industrial Metals and Mining,Nonferrous Metals,--,--,Electrical Equipment,Electrical Components,--,--
TMM AU Equity,TASMANIA MINES P,AU,Common Stock,--,40.69M,50.50M,--,Industrial Metals and Mining,General Mining,Metals & Mining,Diversified Metals & Mining,Metals & Mining,Base Metals,--,--
EXS AU Equity,EXCO RESOURCES P,AU,Common Stock,--,40.75M,103.80M,--,Industrial Metals and Mining,General Mining,--,--,Metals & Mining,Base Metals,Copper,Copper Mining
PIPE KK Equity,KUWAIT PIPES IND,KW,Common Stock,--,40.99M,739.62M,--,Industrial Metals and Mining,Iron and Steel,--,--,Industrial Intermediate Prod,Fabricated Metal & Hardware,Hardware,Fabricated Pipe & Pipe Fitting
ADT1 LN Equity,ADRIATIC METALS,GB,Common Stock,--,41.84M,568.67M,549,Industrial Metals and Mining,General Mining,Metals & Mining,Diversified Metals & Mining,Metals & Mining,Base Metals,--,--
MEFO IN Equity,METALYST FORGING,IN,Common Stock,--,41.90M,374.75M,--,Industrial Metals and Mining,Iron and Steel,Metals & Mining,Steel,Automotive,Auto Parts,--,--
MZI AU Equity,MZI RESOURCES LT,AU,Common Stock,--,42.54M,165.48M,--,Industrial Metals and Mining,General Mining,Metals & Mining,Diversified Metals & Mining,Metals & Mining,Mineral & Precious Stone Mining,--,--
PLV AU Equity,PLUTON RESOURCES,AU,Common Stock,--,42.86M,116.94M,--,Industrial Metals and Mining,General Mining,Metals & Mining,Steel,Metals & Mining,Iron,Iron Ore Mining,--
ORL SJ Equity,OAKBAY RESOURCES,ZA,Common Stock,--,43.24M,958.53M,--,Industrial Metals and Mining,General Mining,Metals & Mining,Gold,Metals & Mining,Base Metals,--,--
SIXH LN Equity,SIX HUNDRED GRP,GB,Common Stock,--,43.25M,89.51M,--,Industrial Metals and Mining,Metal Fabricating,Machinery,Industrial Machinery & Supplies & Components,Machinery,Metalworking Machinery,Machine Tool (Metal Cutting),--
ORI LN Equity,ORIEL RESOURCES,GB,Common Stock,--,43.42M,708.31M,754,Industrial Metals and Mining,General Mining,--,--,Metals & Mining,Base Metals,--,--
ADGR US Equity,ADAL GROUP INC,US,Common Stock,--,43.99M,26.21M,262,Industrial Metals and Mining,Aluminum,--,--,Metals & Mining,Base Metals,Aluminum,Aluminum Smelting & Refining
DZKL RU Equity,DOZAKL-BRD,RU,Common Stock,--,44.62M,18.97M,182,Industrial Metals and Mining,Aluminum,--,--,Metals & Mining,Base Metals,Aluminum,Aluminum Smelting & Refining
XIA/H CN Equity,XIANA MINING INC,CA,Common Stock,--,45.89M,8.85M,--,Industrial Metals and Mining,General Mining,Metals & Mining,Gold,Metals & Mining,Precious Metals,Gold,--
CHEL RU Equity,CHELYABINSK-BRD,RU,Common Stock,--,46.32M,41.36M,1k,Industrial Metals and Mining,Nonferrous Metals,--,--,Chemicals,Specialty Chemicals,--,--
TRIC SS Equity,BRYGGPIPAN AB,SE,Common Stock,--,46.82M,35.53M,69,Industrial Metals and Mining,General Mining,--,--,Machinery,Pollution Control Equipment,--,--
1251571D PW Equity,PROMET,PL,Common Stock,--,47.05M,30.48M,--,Industrial Metals and Mining,Nonferrous Metals,--,--,Industrial Intermediate Prod,Fabricated Metal & Hardware,--,--
BEIC US Equity,BEICANG IRON & S,CN,Common Stock,--,50.97M,20.14M,--,Industrial Metals and Mining,Iron and Steel,--,--,Steel,Steel Producers,Specialty Metals,--
BMSK RU Equity,BASHKIRSKII-BRD,RU,Common Stock,--,51.00M,98.76M,6,Industrial Metals and Mining,Nonferrous Metals,--,--,Metals & Mining,Base Metals,--,--
1885191D US Equity,CHINA PRECISION,HK,Common Stock,--,51.42M,82.61M,--,Industrial Metals and Mining,Iron and Steel,Metals & Mining,Steel,Steel,Steel Producers,--,--
5781 JP Equity,TOHO KINZOKU CO,JP,Common Stock,--,52.64M,69.55M,--,Industrial Metals and Mining,Nonferrous Metals,Metals & Mining,Diversified Metals & Mining,Metals & Mining,Base Metals,--,--
JFI CN Equity,JEMI FIBRE CORP,CA,Common Stock,--,54.32M,122.70M,--,Industrial Metals and Mining,General Mining,Paper & Forest Products,Forest Products,"Forestry, Paper & Wood Products",Forestry & Logging,--,--
PBDT RU Equity,POBEDIT,RU,Common Stock,--,54.51M,50.56M,--,Industrial Metals and Mining,Nonferrous Metals,--,--,Steel,Steel Producers,--,--
INOR RO Equity,INTFOR SA,RO,Common Stock,--,55.31M,31.46M,560,Industrial Metals and Mining,Iron and Steel,--,--,Steel,Steel Producers,"Long, Pipe & Tubular",Pipe & Tubular
APV CN Equity,APIVIO SYSTEMS I,CA,Common Stock,--,59.02M,18.70M,--,Industrial Metals and Mining,General Mining,Communications Equipment,Communications Equipment,Telecommunications,Wireline Telecommunications,Wireline Phone Services,VOIP Services
INCA/H CN Equity,INCA ONE GOLD CO,CA,Common Stock,--,59.29M,31.64M,--,Industrial Metals and Mining,Nonferrous Metals,Metals & Mining,Gold,Metals & Mining,Base Metals,--,--
PLS CN Equity,POLARIS MATERIAL,CA,Common Stock,--,60.85M,107.38M,--,Industrial Metals and Mining,General Mining,Construction Materials,Construction Materials,Construction Materials,Cement & Aggregates,Aggregates,Sand & Gravel
AXM AU Equity,APEX MINERALS NL,AU,Common Stock,--,61.60M,71.65M,--,Industrial Metals and Mining,General Mining,--,--,Metals & Mining,Precious Metals,Gold,--
ZCI SJ Equity,ZCI LTD,BM,Common Stock,--,63.08M,79.42M,--,Industrial Metals and Mining,Nonferrous Metals,Metals & Mining,Diversified Metals & Mining,Metals & Mining,Base Metals,Copper,--
ACU LN Equity,AFRICAN COPPER P,GB,Common Stock,--,63.08M,74.12M,--,Industrial Metals and Mining,Nonferrous Metals,Metals & Mining,Diversified Metals & Mining,Metals & Mining,Base Metals,Copper,Copper Mining
LDI/H CN Equity,LANDDRILL INTERN,CA,Common Stock,--,63.45M,39.48M,--,Industrial Metals and Mining,General Mining,Energy Equipment & Services,Oil & Gas Drilling,Metals & Mining,Mining Services,Metals Support Services,--
MGZC UZ Equity,MARGANETSKY GIRN,UA,Common Stock,--,63.98M,141.04M,4k,Industrial Metals and Mining,General Mining,Metals & Mining,Diversified Metals & Mining,Metals & Mining,Base Metals,Manganese,--
NYTV RU Equity,NYTVA -BRD,RU,Common Stock,--,64.20M,25.95M,--,Industrial Metals and Mining,Iron and Steel,--,--,Industrial Intermediate Prod,Fabricated Metal & Hardware,--,--
HFAL IN Equity,HIRA FERRO ALLOY,IN,Common Stock,--,65.32M,187.38M,--,Industrial Metals and Mining,Iron and Steel,Metals & Mining,Steel,Metals & Mining,Base Metals,--,--
0947035D CN Equity,ANVIL MINING LTD,AU,Common Stock,--,65.52M,660.68M,--,Industrial Metals and Mining,Nonferrous Metals,--,--,Metals & Mining,Base Metals,--,--
RUH SP Equity,RAFFLES UNITED H,SG,Common Stock,--,67.93M,145.97M,--,Industrial Metals and Mining,Metal Fabricating,Trading Companies & Distributors,Trading Companies & Distributors,Industrial Intermediate Prod,Fabricated Metal & Hardware,Hardware,Ball & Roller Bearing
PHT VN Equity,PHUC TIEN TRADE,VN,Common Stock,--,67.97M,26.61M,--,Industrial Metals and Mining,Iron and Steel,--,--,Industrial Support Services,Industrial Wholesale & Rental,Industrial Machinery Whslrs,--
MTX SJ Equity,METOREX LTD,ZA,Common Stock,--,67.98M,117.48M,--,Industrial Metals and Mining,Nonferrous Metals,--,--,Metals & Mining,Base Metals,Copper,Copper Mining
BLSA IN Equity,BALASORE ALLOYS,IN,Common Stock,--,68.21M,346.98M,--,Industrial Metals and Mining,Nonferrous Metals,Metals & Mining,Steel,Metals & Mining,Base Metals,--,--
011800 KS Equity,BAE MYUNG METAL,KR,Common Stock,--,71.36M,175.55M,56,Industrial Metals and Mining,Iron and Steel,--,--,Steel,Steel Producers,--,--
088700 KS Equity,MYSCO,KR,Common Stock,--,72.02M,148.78M,58,Industrial Metals and Mining,Iron and Steel,--,--,Industrial Intermediate Prod,Fabricated Metal & Hardware,Fabricated Metal,Forging & Stamping
1306029D CN Equity,SIROCCO MINING I,CA,Common Stock,--,72.29M,181.21M,--,Industrial Metals and Mining,General Mining,--,--,Chemicals,Basic & Diversified Chemicals,Inorganic Base Chemicals,--
BIND ZH Equity,BINDURA NICKEL,ZW,Common Stock,--,72.44M,165.51M,979,Industrial Metals and Mining,Nonferrous Metals,Metals & Mining,Diversified Metals & Mining,Metals & Mining,Mineral & Precious Stone Mining,--,--
MHES IN Equity,MAHARASHTRA ELEK,IN,Common Stock,--,75.46M,68.52M,714,Industrial Metals and Mining,Iron and Steel,--,--,Metals & Mining,Base Metals,--,--
DMABB SS Equity,DANNEMORA MINERA,SE,Common Stock,--,75.68M,216.32M,121,Industrial Metals and Mining,Iron and Steel,Metals & Mining,Steel,Metals & Mining,Iron,Iron Ore Mining,--
ZNT AU Equity,ZENITAS HEALTHCA,AU,Common Stock,--,75.84M,112.37M,--,Industrial Metals and Mining,Iron and Steel,Health Care Providers & Services,Health Care Services,Health Care Facilities & Svcs,Health Care Services,Outpatient Health Services,--
158380 KS Equity,SAMMOK KANG UP C,KR,Common Stock,--,76.20M,93.23M,166,Industrial Metals and Mining,Iron and Steel,Automobile Components,Automotive Parts & Equipment,Steel,Steel Producers,"Long, Pipe & Tubular",Steel Wire Drawing
2596266D HK Equity,NICKEL RESOURCES,HK,Common Stock,--,76.61M,606.56M,1k,Industrial Metals and Mining,Nonferrous Metals,Metals & Mining,Steel,Steel,Steel Producers,Specialty Metals,--
CCU/H CN Equity,CONSTELLATION CO,US,Common Stock,--,76.83M,77.41M,--,Industrial Metals and Mining,Nonferrous Metals,--,--,Metals & Mining,Base Metals,Copper,Copper Mining
24 HK Equity,BURWILL HOLDINGS,HK,Common Stock,--,77.17M,13.81M,--,Industrial Metals and Mining,Iron and Steel,Trading Companies & Distributors,Trading Companies & Distributors,Steel,Metal Svc Centers & Processors,Steel Processors,--
AMLS IN Equity,AML STEEL LTD,IN,Common Stock,--,77.82M,85.64M,--,Industrial Metals and Mining,Iron and Steel,Metals & Mining,Steel,Steel,Steel Producers,Specialty Metals,--
FNKLF US Equity,FIRST NICKEL INC,CA,Common Stock,--,78.73M,61.69M,--,Industrial Metals and Mining,Nonferrous Metals,Metals & Mining,Diversified Metals & Mining,Metals & Mining,Base Metals,"Nickel, Lead & Zinc",Nickel
SSE AU Equity,SCIENTIFIC SVCS,AU,Common Stock,--,78.77M,67.81M,675,Industrial Metals and Mining,General Mining,--,--,Metals & Mining,Mining Services,--,--
CDU AU Equity,CUDECO LTD,AU,Common Stock,--,79.61M,308.87M,--,Industrial Metals and Mining,Copper,Metals & Mining,Diversified Metals & Mining,Metals & Mining,Base Metals,--,--
GXY AU Equity,GALAXY RESOURCES,AU,Common Stock,--,80.31M,503.04M,--,Industrial Metals and Mining,General Mining,Metals & Mining,Diversified Metals & Mining,Metals & Mining,Mineral & Precious Stone Mining,Mineral Mining,Lithium
WPG AU Equity,WPG RESOURCES LT,AU,Common Stock,--,81.42M,55.95M,--,Industrial Metals and Mining,Iron and Steel,Metals & Mining,Gold,Metals & Mining,Precious Metals,Gold,--
CUO AU Equity,COPPERCO LTD,AU,Common Stock,--,81.79M,263.31M,164,Industrial Metals and Mining,Nonferrous Metals,--,--,Metals & Mining,Base Metals,--,--
AR1 AU Equity,AUSTRAL RESOURCE,AU,Common Stock,--,82.09M,148.64M,--,Industrial Metals and Mining,Copper,Metals & Mining,Copper,Metals & Mining,Base Metals,Copper,--
2171794D CN Equity,ARIS GOLD CORP,CA,Common Stock,--,84.54M,1.59B,--,Industrial Metals and Mining,General Mining,Metals & Mining,Gold,Metals & Mining,Precious Metals,Gold,--
NATUF US Equity,NORTH AMER TUNGS,CA,Common Stock,--,85.58M,73.48M,--,Industrial Metals and Mining,Nonferrous Metals,Metals & Mining,Diversified Metals & Mining,Metals & Mining,Base Metals,--,--
STA AU Equity,STRANDLINE RESOU,AU,Common Stock,--,86.09M,346.37M,--,Industrial Metals and Mining,General Mining,Metals & Mining,Diversified Metals & Mining,Metals & Mining,Base Metals,--,--
IVA AU Equity,INOVA RESOURCES,AU,Common Stock,--,86.64M,280.34M,--,Industrial Metals and Mining,General Mining,--,--,Metals & Mining,Base Metals,Copper,--
EGD/H CN Equity,ENERGOLD DRILLIN,CA,Common Stock,--,86.86M,87.65M,--,Industrial Metals and Mining,General Mining,Metals & Mining,Diversified Metals & Mining,Metals & Mining,Mining Services,Metals Support Services,--
5267 JP Equity,HANEX CO LTD,JP,Common Stock,--,90.16M,154.82M,322,Industrial Metals and Mining,Iron and Steel,--,--,Construction Materials,Building Materials,Concrete Products,--
UCP SJ Equity,UNICORN CAPITAL,ZA,Common Stock,--,91.80M,89.86M,--,Industrial Metals and Mining,General Mining,"Oil, Gas & Consumable Fuels",Coal & Consumable Fuels,Metals & Mining,Mining Services,--,--
NOA1V FH Equity,OY LIVAL AB,FI,Common Stock,--,93.92M,80.42M,107,Industrial Metals and Mining,Aluminum,--,--,Metals & Mining,Base Metals,--,--
VMPL IN Equity,VIKASH METAL,IN,Common Stock,--,95.43M,143.07M,--,Industrial Metals and Mining,Iron and Steel,--,--,Steel,Steel Producers,--,--
2299371D IN Equity,INNOVENTIVE INDU,IN,Common Stock,--,96.75M,216.91M,--,Industrial Metals and Mining,Iron and Steel,Metals & Mining,Steel,Steel,Steel Producers,"Long, Pipe & Tubular",Pipe & Tubular
MPM IN Equity,METALMAN INDUS,IN,Common Stock,--,97.06M,63.87M,--,Industrial Metals and Mining,Iron and Steel,Metals & Mining,Steel,Industrial Intermediate Prod,Fabricated Metal & Hardware,Hardware,Fabricated Pipe & Pipe Fitting
AGD CN Equity,ANTIOQUIA GOLD,CA,Common Stock,--,97.91M,139.86M,--,Industrial Metals and Mining,General Mining,Metals & Mining,Gold,Metals & Mining,Precious Metals,Gold,--
SOG LN Equity,STATPRO PLC,GB,Common Stock,--,97.95M,159.35M,--,Industrial Metals and Mining,Nonferrous Metals,Software,Application Software,Specialty Finance,Other Financial Services,Financial Info Services,--
CNG LN Equity,CHINA NONFERROUS,CN,Common Stock,--,98.85M,130.28M,--,Industrial Metals and Mining,General Mining,Metals & Mining,Gold,Metals & Mining,Precious Metals,Gold,--
6K1 BU Equity,KAOLIN EAD,BG,Common Stock,--,99.08M,142.72M,--,Industrial Metals and Mining,General Mining,--,--,Metals & Mining,Mineral & Precious Stone Mining,Mineral Mining,Clay
5OTZ BU Equity,BCC JSC,BG,Common Stock,--,99.56M,153.03M,--,Industrial Metals and Mining,Nonferrous Metals,Metals & Mining,Diversified Metals & Mining,Metals & Mining,Base Metals,--,--
2320084D LN Equity,WEATHERLY INTL,GB,Common Stock,--,99.60M,175.00M,--,Industrial Metals and Mining,General Mining,Metals & Mining,Copper,Metals & Mining,Base Metals,Copper,Copper Mining
ELVT/H CN Equity,ELEVATION GOLD M,CA,Common Stock,--,99.94M,156.20M,--,Industrial Metals and Mining,General Mining,Metals & Mining,Gold,Metals & Mining,Precious Metals,--,--
KCF SP Equity,KINGBOARD COPPER,HK,Common Stock,--,100.31M,522.65M,--,Industrial Metals and Mining,Copper,Chemicals,Commodity Chemicals,Metals & Mining,Base Metals,Copper,Copper Smelting & Refining
NAUR NO Equity,NORTHLAND RESOUR,LU,Common Stock,--,101.28M,1.59B,--,Industrial Metals and Mining,General Mining,Metals & Mining,Steel,Metals & Mining,Iron,Iron Ore Mining,--
ARCM SS Equity,ARCAM AB,SE,Common Stock,--,102.02M,181.78M,441,Industrial Metals and Mining,Metal Fabricating,Machinery,Industrial Machinery & Supplies & Components,Technology Hardware,Specialty Technology Hardware,3D Printers,--
2358 TT Equity,TING SIN,TW,Common Stock,--,102.29M,189.33M,--,Industrial Metals and Mining,Aluminum,Metals & Mining,Aluminum,Metals & Mining,Base Metals,Aluminum,--
2389939D IN Equity,TRINETRA CEMENT,IN,Common Stock,--,102.70M,206.97M,--,Industrial Metals and Mining,Nonferrous Metals,Construction Materials,Construction Materials,Construction Materials,Cement & Aggregates,Cement,--
NHW VN Equity,NGO HAN JOINT ST,VN,Common Stock,--,103.02M,60.09M,281,Industrial Metals and Mining,Nonferrous Metals,Electrical Equipment,Electrical Components & Equipment,Electrical Equipment,Electrical Components,Wire & Cable,--
MESCON IN Equity,MIDEAST INTEGRAT,IN,Common Stock,--,104.10M,376.81M,310,Industrial Metals and Mining,Iron and Steel,Metals & Mining,Steel,Metals & Mining,Iron,Iron Ore Mining,--
6362 JP Equity,ISHII IRON WORKS,JP,Common Stock,--,104.98M,211.65M,--,Industrial Metals and Mining,Metal Fabricating,Machinery,Industrial Machinery & Supplies & Components,Oil & Gas Supply Chain,Midstream - Oil & Gas,Oil & Liquid Rich Gas Pipelines,Oil Pipelines & Storage
TAAT CN Equity,TAAT GLOBAL ALTE,CA,Common Stock,--,105.46M,15.26M,--,Industrial Metals and Mining,General Mining,Tobacco,Tobacco,Tobacco & Cannabis,Tobacco,Tobacco Products,--
BRAD RU Equity,BOGOSLOVSKOE-BRD,RU,Common Stock,--,105.98M,65.92M,1k,Industrial Metals and Mining,Iron and Steel,--,--,Metals & Mining,Iron,Iron Ore Mining,--
MUS IN Equity,MAHINDRA UGINE,IN,Common Stock,--,106.70M,84.17M,997,Industrial Metals and Mining,Iron and Steel,Metals & Mining,Steel,Steel,Steel Producers,--,--
ARML KN Equity,ARM CEMENT LTD,KE,Common Stock,--,109.75M,529.63M,--,Industrial Metals and Mining,General Mining,Construction Materials,Construction Materials,Construction Materials,Cement & Aggregates,Cement,--
MAF IM Equity,MAFFEI SPA,IT,Common Stock,--,111.17M,161.58M,293,Industrial Metals and Mining,General Mining,--,--,Construction Materials,Building Materials,Stone Building Products,--
GMM IM Equity,GRUPPO MINERALI,IT,Common Stock,--,111.17M,161.58M,329,Industrial Metals and Mining,General Mining,--,--,Construction Materials,Building Materials,Stone Building Products,--
RVR AU Equity,RED RIVER RESOUR,AU,Common Stock,--,113.93M,104.20M,--,Industrial Metals and Mining,General Mining,Metals & Mining,Diversified Metals & Mining,Metals & Mining,Base Metals,--,--
ROCA FP Equity,ROCAMAT EQUIPEME,FR,Common Stock,--,115.24M,130.90M,--,Industrial Metals and Mining,General Mining,Construction Materials,Construction Materials,Construction Materials,Building Materials,Stone Building Products,Limestone
ETEM GA Equity,ETEM-LIGHT METAL,GR,Common Stock,--,116.32M,195.53M,603,Industrial Metals and Mining,Aluminum,Metals & Mining,Aluminum,Home Construction,Building Products,Windows & Doors,Windows
KISP IN Equity,KARMA INDUSTRIES,IN,Common Stock,--,117.27M,1.64M,--,Industrial Metals and Mining,Iron and Steel,Metals & Mining,Steel,Steel,Steel Producers,--,--
AVB AU Equity,AVANCO RESOURCES,AU,Common Stock,--,117.87M,174.37M,--,Industrial Metals and Mining,General Mining,Metals & Mining,Diversified Metals & Mining,Metals & Mining,Base Metals,--,--
ROFT IN Equity,ROHIT FERRO TECH,IN,Common Stock,--,119.18M,203.83M,379,Industrial Metals and Mining,Iron and Steel,Metals & Mining,Steel,Metals & Mining,Base Metals,--,--
INTASA CI Equity,INTASA SA,CL,Common Stock,--,121.45M,65.36M,--,Industrial Metals and Mining,Iron and Steel,Metals & Mining,Steel,Steel,Steel Producers,--,--
ROLO RM Equity,RUSOLOVO,RU,Common Stock,--,122.05M,491.45M,--,Industrial Metals and Mining,General Mining,Metals & Mining,Diversified Metals & Mining,Metals & Mining,Base Metals,Tin,--
PET SJ Equity,PETMIN LTD,ZA,Common Stock,--,122.22M,195.62M,--,Industrial Metals and Mining,General Mining,Metals & Mining,Steel,Metals & Mining,Coal Mining,--,--
SGP SJ Equity,SAIL MINING GROU,ZA,Common Stock,--,122.78M,136.77M,--,Industrial Metals and Mining,General Mining,Metals & Mining,Diversified Metals & Mining,Metals & Mining,Mining Services,Non-Metallic Mining Support,--
LTC SP Equity,LTC CORP PTE LTD,SG,Common Stock,--,124.28M,334.32M,--,Industrial Metals and Mining,Iron and Steel,Metals & Mining,Steel,Steel,Steel Producers,--,--
2056 TT Equity,CHANG YEE STEEL,TW,Common Stock,--,128.93M,199.63M,--,Industrial Metals and Mining,Iron and Steel,Metals & Mining,Steel,Steel,Steel Producers,--,--
LDHB MK Equity,LION DIVERSIFIED,MY,Common Stock,--,131.13M,315.42M,--,Industrial Metals and Mining,Iron and Steel,Metals & Mining,Steel,Real Estate Owners & Developers,Multi Asset Class Own & Develop,--,--
BSIL IN Equity,BHUWALKA STEEL,IN,Common Stock,--,132.64M,58.46M,--,Industrial Metals and Mining,Iron and Steel,Metals & Mining,Steel,Steel,Steel Producers,--,--
AGB CN Equity,ATLANTIC GOLD CO,CA,Common Stock,--,132.66M,315.47M,--,Industrial Metals and Mining,General Mining,Metals & Mining,Gold,Metals & Mining,Precious Metals,Gold,--
ICAL EY Equity,INTER CAIRO FOR,EG,Common Stock,--,132.99M,128.10M,--,Industrial Metals and Mining,Aluminum,--,--,Metals & Mining,Base Metals,Aluminum,--
RZLV MS Equity,LIBERTI AD SKOPJ,MK,Common Stock,--,136.65M,54.26M,--,Industrial Metals and Mining,Iron and Steel,--,--,Steel,Steel Producers,--,--
MAL IN Equity,MADRAS ALUM CO,IN,Common Stock,--,137.79M,197.41M,--,Industrial Metals and Mining,Aluminum,--,--,Metals & Mining,Base Metals,--,--
AMCO US Equity,ARMCO METALS HOL,US,Common Stock,--,137.85M,117.61M,--,Industrial Metals and Mining,General Mining,Trading Companies & Distributors,Trading Companies & Distributors,Commercial Support Services,Waste Management,Recyclable Materials,--
SMPLTD IN Equity,SPLENDID METAL P,IN,Common Stock,--,138.01M,163.75M,--,Industrial Metals and Mining,Iron and Steel,Metals & Mining,Steel,Steel,Steel Producers,--,--
TIMNF US Equity,TIMMINCO LTD,CA,Common Stock,--,140.61M,166.36M,--,Industrial Metals and Mining,General Mining,Metals & Mining,Diversified Metals & Mining,Metals & Mining,Base Metals,--,--
SRX LN Equity,SIERRA RUTILE LT,SL,Common Stock,--,140.88M,351.04M,--,Industrial Metals and Mining,General Mining,Metals & Mining,Diversified Metals & Mining,Metals & Mining,Base Metals,--,--
PTRO RO Equity,ARCELORMITTAL,RO,Common Stock,--,141.91M,216.79M,--,Industrial Metals and Mining,Iron and Steel,Metals & Mining,Steel,Steel,Steel Producers,"Long, Pipe & Tubular",Pipe & Tubular
ADML IN Equity,ADHUNIK METALIKS,IN,Common Stock,--,142.23M,360.79M,1k,Industrial Metals and Mining,Iron and Steel,Metals & Mining,Steel,Steel,Steel Producers,--,--
SFMD RU Equity,SAFYANOVSKAYA ME,RU,Common Stock,--,145.79M,122.26M,835,Industrial Metals and Mining,Nonferrous Metals,--,--,Metals & Mining,Base Metals,Copper,Copper Mining
FFNT CN Equity,4FRONT VENTURES,US,Common Stock,--,146.74M,386.18M,--,Industrial Metals and Mining,General Mining,Pharmaceuticals,Pharmaceuticals,Tobacco & Cannabis,Cannabis,--,--
PGO PW Equity,PGO SA,PL,Common Stock,--,147.61M,159.27M,1k,Industrial Metals and Mining,Iron and Steel,Metals & Mining,Steel,Industrial Intermediate Prod,Fabricated Metal & Hardware,Fabricated Metal,--
105070 KS Equity,KUMKANGSTEEL CO,KR,Common Stock,--,147.66M,163.42M,109,Industrial Metals and Mining,Iron and Steel,--,--,Industrial Intermediate Prod,Fabricated Metal & Hardware,--,--
1475683D US Equity,PLATINUM ENERGY,US,Common Stock,--,147.93M,160.25M,--,Industrial Metals and Mining,General Mining,Energy Equipment & Services,Oil & Gas Equipment & Services,Oil & Gas Services & Equip,Oilfield Services & Equipment,--,--
NTSI IN Equity,NATL STEEL & AGR,IN,Common Stock,--,148.05M,88.09M,--,Industrial Metals and Mining,Iron and Steel,Metals & Mining,Steel,Steel,Steel Producers,--,--
5448 JP Equity,TOKYO KOHTETSU,JP,Common Stock,--,148.17M,234.67M,138,Industrial Metals and Mining,Iron and Steel,Metals & Mining,Steel,Steel,Steel Producers,--,--
CHMZ RM Equity,CHUSOVSKOY-CLS,RU,Common Stock,--,149.32M,139.62M,3k,Industrial Metals and Mining,Iron and Steel,--,--,Steel,Steel Producers,--,--
FAC IN Equity,FERRO ALLOYS,IN,Common Stock,--,149.86M,281.73M,--,Industrial Metals and Mining,Iron and Steel,Metals & Mining,Steel,Steel,Steel Producers,--,--
SWK AU Equity,SWICK MINING SER,AU,Common Stock,--,150.11M,147.02M,--,Industrial Metals and Mining,General Mining,Metals & Mining,Diversified Metals & Mining,Metals & Mining,Mining Services,Non-Metallic Mining Support,--
KMTZ RM Equity,KOSOGORSKIY META,RU,Common Stock,--,151.44M,149.04M,2k,Industrial Metals and Mining,Iron and Steel,--,--,Metals & Mining,Iron,Iron Foundries,--
PLL US Equity,PIEDMONT LITHIUM,US,Common Stock,--,151.48M,565.70M,--,Industrial Metals and Mining,General Mining,Metals & Mining,Diversified Metals & Mining,Metals & Mining,Mineral & Precious Stone Mining,Mineral Mining,Lithium
UTTM IN Equity,AMNS KHOPOLI LTD,IN,Common Stock,--,152.51M,1.03B,820,Industrial Metals and Mining,Iron and Steel,Metals & Mining,Steel,Steel,Steel Producers,--,--
MBN AU Equity,MIRABELA NICKEL,AU,Common Stock,--,152.82M,187.61M,--,Industrial Metals and Mining,Nonferrous Metals,Metals & Mining,Diversified Metals & Mining,Metals & Mining,Base Metals,"Nickel, Lead & Zinc",Nickel
AND SJ Equity,ANDULELA INVESTM,ZA,Common Stock,--,153.37M,72.78M,--,Industrial Metals and Mining,Iron and Steel,Metals & Mining,Steel,Specialty Finance,Other Financial Services,--,--
2138638D AU Equity,FINDERS RESOURCE,AU,Common Stock,--,154.97M,341.07M,--,Industrial Metals and Mining,General Mining,Metals & Mining,Copper,Metals & Mining,Base Metals,Copper,--
PON SM Equity,COTO MINERO CANT,ES,Common Stock,--,157.52M,181.19M,--,Industrial Metals and Mining,General Mining,--,--,Metals & Mining,Coal Mining,--,--
2065630D AU Equity,DORAY MINERALS L,AU,Common Stock,--,159.24M,199.66M,--,Industrial Metals and Mining,General Mining,Metals & Mining,Gold,Metals & Mining,Precious Metals,Gold,--
GKR GR Equity,GRAPHIT KROPFMUE,DE,Common Stock,--,160.27M,105.20M,--,Industrial Metals and Mining,General Mining,--,--,Metals & Mining,Base Metals,--,--
3503 TT Equity,ORIENT HAPPY ENT,TW,Common Stock,--,161.31M,94.16M,--,Industrial Metals and Mining,Nonferrous Metals,Electrical Equipment,Electrical Components & Equipment,Metals & Mining,Base Metals,Copper,Copper Smelting & Refining
SISP IN Equity,SOUTHERN ISPAT,IN,Common Stock,--,164.69M,71.64M,--,Industrial Metals and Mining,Iron and Steel,Metals & Mining,Steel,Steel,Steel Producers,--,--
ASA LN Equity,ASA RESOURCE GRO,GB,Common Stock,--,164.96M,307.00M,--,Industrial Metals and Mining,General Mining,Metals & Mining,Gold,Metals & Mining,Precious Metals,--,--
TGS AU Equity,TIGER RESOURCES,AU,Common Stock,--,165.52M,218.36M,--,Industrial Metals and Mining,General Mining,Metals & Mining,Copper,Metals & Mining,Base Metals,Copper,--
URRM RU Equity,URALREDMET-BRD,RU,Common Stock,--,165.91M,103.23M,502,Industrial Metals and Mining,Nonferrous Metals,--,--,Metals & Mining,Base Metals,--,--
DML AU Equity,DISCOVERY METALS,AU,Common Stock,--,168.95M,214.55M,473,Industrial Metals and Mining,Nonferrous Metals,Metals & Mining,Diversified Metals & Mining,Metals & Mining,Base Metals,Copper,Copper Mining
RAURAI1 PE Equity,RAURA SA-INV,PE,Common Stock,--,169.84M,111.52M,--,Industrial Metals and Mining,Nonferrous Metals,Metals & Mining,Diversified Metals & Mining,Metals & Mining,Base Metals,"Nickel, Lead & Zinc",--
D2H GR Equity,DNICK HOLDING LT,DE,Common Stock,--,171.48M,141.15M,382,Industrial Metals and Mining,Nonferrous Metals,--,--,Steel,Steel Producers,--,--
CHOPF US Equity,CHINA GERUI ADV,CN,Common Stock,--,171.89M,701.87M,1k,Industrial Metals and Mining,Iron and Steel,Metals & Mining,Steel,Steel,Steel Producers,Flat Rolled,--
1237684D LN Equity,CAMBRIAN MINING,GB,Common Stock,--,173.93M,582.20M,79,Industrial Metals and Mining,General Mining,--,--,Metals & Mining,Base Metals,--,--
CGX AU Equity,CGA MINING LTD,AU,Common Stock,--,179.13M,442.98M,195,Industrial Metals and Mining,General Mining,--,--,Metals & Mining,Precious Metals,Gold,--
MGNZ RM Equity,SOLIKAMSK,RU,Common Stock,--,180.04M,122.02M,3k,Industrial Metals and Mining,Nonferrous Metals,Metals & Mining,Diversified Metals & Mining,Metals & Mining,Base Metals,--,--
IEQSAI1 PE Equity,IEQSA-INV,PE,Common Stock,--,182.00M,107.31M,--,Industrial Metals and Mining,Nonferrous Metals,Metals & Mining,Diversified Metals & Mining,Metals & Mining,Base Metals,"Nickel, Lead & Zinc",--
ATZA RU Equity,ALMETYEVSK PIPE,RU,Common Stock,--,184.65M,77.52M,897,Industrial Metals and Mining,Iron and Steel,--,--,Steel,Steel Producers,--,--
RZCM RU Equity,REWDA NON-FERROU,RU,Common Stock,--,185.99M,115.55M,940,Industrial Metals and Mining,Nonferrous Metals,--,--,Metals & Mining,Base Metals,Copper,Copper Smelting & Refining
KZFF RU Equity,KLUCHEVSKY F-BRD,RU,Common Stock,--,186.24M,94.31M,--,Industrial Metals and Mining,General Mining,--,--,Steel,Steel Producers,--,--
6319 JP Equity,SNT CORP,JP,Common Stock,--,190.01M,417.86M,--,Industrial Metals and Mining,Metal Fabricating,Automobile Components,Automotive Parts & Equipment,Automotive,Auto Parts,Drivetrain Components,--
SUBA UZ Equity,SUKHA BALKA,UA,Common Stock,--,190.84M,316.48M,3k,Industrial Metals and Mining,General Mining,Metals & Mining,Steel,Metals & Mining,Iron,Iron Ore Mining,--
JRV AU Equity,JERVOIS GLOBAL L,AU,Common Stock,--,195.23M,422.03M,--,Industrial Metals and Mining,Nonferrous Metals,Metals & Mining,Diversified Metals & Mining,Metals & Mining,Base Metals,Cobalt,--
PAN AU Equity,PANORAMIC RESOUR,AU,Common Stock,--,195.51M,278.44M,--,Industrial Metals and Mining,Nonferrous Metals,Metals & Mining,Diversified Metals & Mining,Metals & Mining,Base Metals,Copper,--
TRADIC1 PE Equity,TRADI SA,PE,Common Stock,--,197.69M,245.93M,299,Industrial Metals and Mining,Iron and Steel,--,--,Steel,Steel Producers,--,--
NMIN EY Equity,EL NASR MINING C,EG,Common Stock,--,199.10M,259.90M,2k,Industrial Metals and Mining,General Mining,--,--,Metals & Mining,Mineral & Precious Stone Mining,--,--
1476340D GR Equity,ALUMINIUMWERK UN,DE,Common Stock,--,199.13M,168.95M,406,Industrial Metals and Mining,Aluminum,Metals & Mining,Aluminum,Metals & Mining,Base Metals,Aluminum,--
MML SJ Equity,METMAR LTD,ZA,Common Stock,--,201.50M,133.63M,--,Industrial Metals and Mining,Nonferrous Metals,Trading Companies & Distributors,Trading Companies & Distributors,Metals & Mining,Mining Services,Metals Support Services,--
BYU US Equity,BAIYU HOLDINGS I,CN,Common Stock,--,202.77M,666.11M,--,Industrial Metals and Mining,Nonferrous Metals,Trading Companies & Distributors,Trading Companies & Distributors,Institutional Financial Svcs,Institutional Brokerage,Security & Commodity Brokerage,Commodities Brokerage
BSE AU Equity,BASE RESOURCES L,AU,Common Stock,--,206.16M,523.12M,--,Industrial Metals and Mining,General Mining,Metals & Mining,Diversified Metals & Mining,Metals & Mining,Mineral & Precious Stone Mining,Mineral Mining,--
007480 KS Equity,DAIHAN EUNPAKGY,KR,Common Stock,--,206.73M,173.54M,--,Industrial Metals and Mining,Aluminum,--,--,Metals & Mining,Base Metals,--,--
8253 HK Equity,SANMENXIA TIAN-H,CN,Common Stock,--,210.39M,394.45M,--,Industrial Metals and Mining,Aluminum,--,--,Metals & Mining,Base Metals,Aluminum,Aluminum Smelting & Refining
PEILH GA Equity,PIRAEUS LEASING,GR,Common Stock,--,220.35M,2.13B,--,Industrial Metals and Mining,General Mining,--,--,Industrial Support Services,Industrial Wholesale & Rental,Industrial Rental Services,Machinery Rental Services
IFL LN Equity,INTERNATIONAL FE,AU,Common Stock,--,220.63M,325.36M,--,Industrial Metals and Mining,Iron and Steel,Metals & Mining,Diversified Metals & Mining,Metals & Mining,Base Metals,--,--
OGOK RU Equity,OLKON AO,RU,Common Stock,--,222.17M,860.28M,2k,Industrial Metals and Mining,General Mining,--,--,Metals & Mining,Iron,--,--
KUNF RM Equity,KUZOCM,RU,Common Stock,--,222.69M,79.07M,877,Industrial Metals and Mining,Nonferrous Metals,--,--,Metals & Mining,Base Metals,--,--
MLKKF US Equity,MERCATOR MINERAL,CA,Common Stock,--,223.18M,303.23M,--,Industrial Metals and Mining,Nonferrous Metals,Metals & Mining,Diversified Metals & Mining,Metals & Mining,Base Metals,--,--
BSS SJ Equity,BSI STEEL LTD,ZA,Common Stock,--,225.27M,145.72M,--,Industrial Metals and Mining,Iron and Steel,Metals & Mining,Steel,Steel,Steel Producers,--,--
VBSE SG Equity,VALJAONICA,RS,Common Stock,--,225.50M,94.76M,979,Industrial Metals and Mining,Nonferrous Metals,Metals & Mining,Copper,Metals & Mining,Base Metals,Copper,Copper Smelting & Refining
KOGK RM Equity,KORSHYNOV MINING,RU,Common Stock,--,225.50M,928.15M,--,Industrial Metals and Mining,Iron and Steel,Metals & Mining,Steel,Metals & Mining,Iron,Iron Ore Mining,--
FER PW Equity,FERRUM,PL,Common Stock,--,225.88M,176.18M,483,Industrial Metals and Mining,Metal Fabricating,Metals & Mining,Steel,Steel,Steel Producers,"Long, Pipe & Tubular",Pipe & Tubular
SLC RO Equity,SILCOTUB ZALAU,RO,Common Stock,--,230.98M,205.14M,1k,Industrial Metals and Mining,Iron and Steel,--,--,Steel,Steel Producers,--,--
9426142Q FP Equity,JACQUET METALS,FR,Common Stock,--,233.01M,292.00M,474,Industrial Metals and Mining,Metal Fabricating,--,--,Industrial Intermediate Prod,Fabricated Metal & Hardware,--,--
LION MK Equity,LION CORP BHD,MY,Common Stock,--,233.26M,952.44M,--,Industrial Metals and Mining,Iron and Steel,Metals & Mining,Steel,Steel,Steel Producers,--,--
2466067D CN Equity,MINEFINDERS CORP,CA,Common Stock,--,233.75M,582.46M,--,Industrial Metals and Mining,General Mining,--,--,Metals & Mining,Precious Metals,--,--
KZL AU Equity,KAGARA LTD,AU,Common Stock,--,240.66M,678.83M,--,Industrial Metals and Mining,Nonferrous Metals,--,--,Metals & Mining,Base Metals,--,--
600687 CH Equity,GANSU GANGTAI-A,CN,Common Stock,--,242.82M,1.68B,--,Industrial Metals and Mining,Iron and Steel,"Textiles, Apparel & Luxury Goods","Apparel, Accessories & Luxury Goods",Apparel & Textile Products,"Apparel, Footwear & Acc Design",Watch & Jewelry Design,Jewelry
NGF AU Equity,NORTON GOLD FIEL,AU,Common Stock,--,243.44M,388.45M,520,Industrial Metals and Mining,General Mining,Metals & Mining,Gold,Metals & Mining,Precious Metals,Gold,--
AAX AU Equity,AUSENCO LTD,AU,Common Stock,--,245.47M,267.64M,--,Industrial Metals and Mining,General Mining,Construction & Engineering,Construction & Engineering,Engineering & Construction,Engineering Services,--,--
1697742D CN Equity,LAKESIDE STEEL I,CA,Common Stock,--,250.84M,137.62M,--,Industrial Metals and Mining,Iron and Steel,--,--,Industrial Intermediate Prod,Fabricated Metal & Hardware,--,--
HUM LN Equity,HUMMINGBIRD RESO,GB,Common Stock,--,251.69M,878.01M,--,Industrial Metals and Mining,General Mining,Metals & Mining,Gold,Metals & Mining,Precious Metals,Gold,--
WSA AU Equity,IGO FORRESTANIA,AU,Common Stock,--,257.17M,806.90M,--,Industrial Metals and Mining,General Mining,Metals & Mining,Diversified Metals & Mining,Metals & Mining,Base Metals,--,--
BMN LN Equity,BUSHVELD MINERAL,ZA,Common Stock,--,257.55M,335.96M,--,Industrial Metals and Mining,General Mining,Metals & Mining,Diversified Metals & Mining,Metals & Mining,Mining Services,--,--
090730 KS Equity,SIMPAC METAL CO,KR,Common Stock,--,264.69M,315.24M,197,Industrial Metals and Mining,Iron and Steel,Metals & Mining,Steel,Metals & Mining,Base Metals,--,--
SRX AU Equity,SIERRA RUTILE HO,AU,Common Stock,--,265.54M,306.91M,--,Industrial Metals and Mining,General Mining,Metals & Mining,Diversified Metals & Mining,Metals & Mining,Mineral & Precious Stone Mining,Mineral Mining,--
FNX CN Equity,FNX MINING CO IN,CA,Common Stock,--,266.17M,1.03B,--,Industrial Metals and Mining,Nonferrous Metals,--,--,Metals & Mining,Base Metals,--,--
PRFN RM Equity,CHELYABINSKIY ZA,RU,Common Stock,--,274.07M,100.01M,--,Industrial Metals and Mining,Iron and Steel,Metals & Mining,Steel,Industrial Intermediate Prod,Fabricated Metal & Hardware,Fabricated Metal,Sheet Metal
SRIK IN Equity,SRIKALAHASTHI PI,IN,Common Stock,--,282.34M,416.65M,1k,Industrial Metals and Mining,Iron and Steel,Metals & Mining,Steel,Metals & Mining,Iron,Iron Foundries,--
BRIO CN Equity,BRIO GOLD INC,CA,Common Stock,--,284.35M,783.35M,--,Industrial Metals and Mining,General Mining,Metals & Mining,Gold,Metals & Mining,Precious Metals,Gold,--
5934 JP Equity,NIPPON ALUMINIUM,JP,Common Stock,--,284.42M,353.81M,779,Industrial Metals and Mining,Aluminum,--,--,Machinery,Other Machinery & Equipment,--,--
2556566D CN Equity,URANIUM ONE INC,CA,Common Stock,--,289.61M,2.44B,--,Industrial Metals and Mining,Nonferrous Metals,"Oil, Gas & Consumable Fuels",Coal & Consumable Fuels,Metals & Mining,Base Metals,Uranium,--
HTM PW Equity,HUTMEN,PL,Common Stock,--,293.15M,162.13M,760,Industrial Metals and Mining,Copper,Electrical Equipment,Electrical Components & Equipment,Metals & Mining,Base Metals,Copper,Copper Smelting & Refining
HAML IT Equity,HAMLET,IL,Common Stock,--,294.73M,316.91M,--,Industrial Metals and Mining,Metal Fabricating,Machinery,Industrial Machinery & Supplies & Components,Machinery,Flow Control Equipment,Industrial Valve,--
NFER UZ Equity,NIKOPOLSKY ZAVOD,UA,Common Stock,--,295.17M,885.56M,4k,Industrial Metals and Mining,Iron and Steel,--,--,Metals & Mining,Base Metals,Manganese,--
1873283D AU Equity,INTERNATIONAL CO,AU,Common Stock,--,295.44M,986.49M,--,Industrial Metals and Mining,General Mining,--,--,Metals & Mining,Base Metals,--,--
1506604D CN Equity,RIO ALTO MINING,CA,Common Stock,--,300.16M,981.04M,1k,Industrial Metals and Mining,General Mining,Metals & Mining,Gold,Metals & Mining,Precious Metals,Gold,--
PACIF CI Equity,PACIFICO,CL,Common Stock,--,300.97M,606.86M,902,Industrial Metals and Mining,Nonferrous Metals,Metals & Mining,Copper,Metals & Mining,Base Metals,Copper,Copper Mining
1644836D AU Equity,SMS MANAGEMENT &,AU,Common Stock,--,304.46M,130.51M,--,Industrial Metals and Mining,General Mining,Metals & Mining,Diversified Metals & Mining,Commercial Support Services,Professional Services,Mgmt & Admin Consulting Svcs,General Management Consulting
UTMK KZ Equity,UST-KAMEN TITANI,KZ,Common Stock,--,305.23M,766.63M,2k,Industrial Metals and Mining,Nonferrous Metals,Metals & Mining,Diversified Metals & Mining,Metals & Mining,Base Metals,--,--
RUSP RM Equity,RUSPOLIMET AO,RU,Common Stock,--,309.82M,417.10M,--,Industrial Metals and Mining,Iron and Steel,Metals & Mining,Steel,Steel,Steel Producers,--,--
LOND LN Equity,LONDON MINING PL,GB,Common Stock,--,310.35M,799.99M,--,Industrial Metals and Mining,Iron and Steel,Metals & Mining,Steel,Metals & Mining,Iron,Iron Ore Mining,--
LEE SP Equity,LEE METAL GROUP,SG,Common Stock,--,320.44M,369.84M,--,Industrial Metals and Mining,Iron and Steel,Metals & Mining,Steel,Steel,Metal Svc Centers & Processors,Steel Processors,--
KZOM RU Equity,KIROVSKIY ZA-BRD,RU,Common Stock,--,322.46M,103.32M,823,Industrial Metals and Mining,Nonferrous Metals,--,--,Metals & Mining,Base Metals,Copper,Copper Smelting & Refining
CMMC CN Equity,COPPER MOUNTAIN,CA,Common Stock,--,333.94M,1.19B,--,Industrial Metals and Mining,Copper,Metals & Mining,Copper,Metals & Mining,Base Metals,Copper,Copper Mining
VIS VN Equity,VIETNAM - ITALY,VN,Common Stock,--,338.20M,180.50M,710,Industrial Metals and Mining,Iron and Steel,Metals & Mining,Steel,Steel,Steel Producers,--,--
RRP AU Equity,QMETCO LTD,AU,Common Stock,--,344.98M,251.51M,--,Industrial Metals and Mining,Aluminum,Metals & Mining,Steel,Metals & Mining,Mining Services,Coal Support Services,--
AFID IT Equity,AFRICA ISRAEL IN,IL,Common Stock,--,346.94M,418.24M,--,Industrial Metals and Mining,Iron and Steel,Metals & Mining,Steel,Asset Management,Private Equity,Real Estate Investments,--
SK1A GR Equity,SKW STAHL-METALL,DE,Common Stock,--,347.91M,220.71M,572,Industrial Metals and Mining,Iron and Steel,Metals & Mining,Steel,Industrial Intermediate Prod,Fabricated Metal & Hardware,Fabricated Metal,Wire Products
PEM AU Equity,PERILYA LTD,AU,Common Stock,--,352.33M,666.94M,--,Industrial Metals and Mining,General Mining,--,--,Metals & Mining,Base Metals,--,--
SFCL IN Equity,STAR FERRO AND C,IN,Common Stock,--,355.22M,486.12M,--,Industrial Metals and Mining,Iron and Steel,Construction Materials,Construction Materials,Metals & Mining,Iron,Iron Foundries,--
URAG RU Equity,URALASBEST-BRD,RU,Common Stock,--,355.87M,311.91M,--,Industrial Metals and Mining,General Mining,--,--,Metals & Mining,Mineral & Precious Stone Mining,Precious Stone Mining,Gemstones
002147 CH Equity,NEOGLORY PROSP-A,CN,Common Stock,--,362.75M,1.88B,--,Industrial Metals and Mining,Metal Fabricating,Real Estate Management & Development,Real Estate Development,Real Estate Owners & Developers,Multi Asset Class Own & Develop,--,--
MND CN Equity,MANDALAY RES CRP,CA,Common Stock,--,364.99M,532.86M,--,Industrial Metals and Mining,General Mining,Metals & Mining,Gold,Metals & Mining,Precious Metals,--,--
TNROQ US Equity,TERRA NOSTRA RES,US,Common Stock,--,366.64M,217.70M,--,Industrial Metals and Mining,General Mining,--,--,Industrial Intermediate Prod,Fabricated Metal & Hardware,--,--
1529457D AU Equity,BURSWOOD LTD,AU,Common Stock,--,374.17M,854.70M,3k,Industrial Metals and Mining,Iron and Steel,Capital Markets,Investment Banking & Brokerage,Leisure Facilities & Services,Lodging,Casino Hotels,--
2319075D CN Equity,NEVSUN RESOURCES,CA,Common Stock,--,377.66M,1.39B,--,Industrial Metals and Mining,Copper,Metals & Mining,Copper,Metals & Mining,Precious Metals,--,--
TV CN Equity,TREVALI MINING C,CA,Common Stock,--,383.80M,732.51M,--,Industrial Metals and Mining,Nonferrous Metals,Metals & Mining,Diversified Metals & Mining,Metals & Mining,Base Metals,--,--
URLK RU Equity,URALKUZ-BRD,RU,Common Stock,--,385.18M,890.14M,3k,Industrial Metals and Mining,Iron and Steel,Metals & Mining,Steel,Steel,Steel Producers,--,--
JBM AU Equity,JUBILEE MINES NL,AU,Common Stock,--,387.62M,492.03M,--,Industrial Metals and Mining,Nonferrous Metals,--,--,Metals & Mining,Base Metals,--,--
ART RO Equity,ARTROM STEEL TUB,RO,Common Stock,--,395.22M,602.82M,2k,Industrial Metals and Mining,Iron and Steel,Metals & Mining,Steel,Steel,Steel Producers,"Long, Pipe & Tubular",Pipe & Tubular
319 HK Equity,CHINA METAL INTE,HK,Common Stock,--,407.76M,538.94M,--,Industrial Metals and Mining,Metal Fabricating,Machinery,Industrial Machinery & Supplies & Components,Industrial Intermediate Prod,Fabricated Metal & Hardware,Fabricated Metal,--
NCZ AU Equity,SIBANYE STILLWAT,AU,Common Stock,--,408.30M,462.92M,--,Industrial Metals and Mining,General Mining,Metals & Mining,Diversified Metals & Mining,Metals & Mining,Precious Metals,Gold,--
UVSL IN Equity,UTTAM VALUE STEE,IN,Common Stock,--,411.74M,636.49M,927,Industrial Metals and Mining,Iron and Steel,Metals & Mining,Steel,Steel,Steel Producers,--,--
SMT CN Equity,SIERRA METALS IN,CA,Common Stock,--,413.49M,583.69M,--,Industrial Metals and Mining,General Mining,Metals & Mining,Diversified Metals & Mining,Metals & Mining,Precious Metals,--,--
BSI TB Equity,BANGKOK STEEL IN,TH,Common Stock,--,419.31M,460.57M,--,Industrial Metals and Mining,Iron and Steel,--,--,Steel,Steel Producers,--,--
ALC PW Equity,ALCHEMIA,PL,Common Stock,--,419.84M,341.54M,--,Industrial Metals and Mining,Iron and Steel,Metals & Mining,Steel,Steel,Steel Producers,--,--
USAP US Equity,UNIVERSAL STAINL,US,Common Stock,--,430.67M,521.86M,--,Industrial Metals and Mining,Iron and Steel,Metals & Mining,Steel,Steel,Steel Producers,--,--
SOLK GA Equity,CORINTH PIPEWORK,GR,Common Stock,--,437.80M,505.96M,442,Industrial Metals and Mining,Iron and Steel,Metals & Mining,Steel,Steel,Steel Producers,"Long, Pipe & Tubular",Pipe & Tubular
KFER RU Equity,KUZNETSK FER-BRD,RU,Common Stock,--,440.87M,448.37M,5k,Industrial Metals and Mining,Iron and Steel,--,--,Steel,Steel Producers,--,--
TORZ US Equity,SUTOR TECHNOLOG,CN,Common Stock,--,441.72M,603.09M,--,Industrial Metals and Mining,Iron and Steel,Metals & Mining,Steel,Steel,Steel Producers,Flat Rolled,--
PGHO RU Equity,PRIARGUNSKY-BRD,RU,Common Stock,--,451.16M,744.13M,6k,Industrial Metals and Mining,Nonferrous Metals,"Oil, Gas & Consumable Fuels",Coal & Consumable Fuels,Metals & Mining,Base Metals,Uranium,--
5566 JP Equity,CHUO DENKI KOGYO,JP,Common Stock,--,456.29M,407.19M,--,Industrial Metals and Mining,Nonferrous Metals,--,--,Metals & Mining,Base Metals,--,--
KRR CN Equity,KARORA RESOURCES,CA,Common Stock,--,464.64M,669.82M,--,Industrial Metals and Mining,General Mining,Metals & Mining,Gold,Metals & Mining,Precious Metals,Gold,--
1655912D US Equity,SOLARWINDS NORTH,US,Common Stock,--,475.88M,1.01B,--,Industrial Metals and Mining,General Mining,Software,Application Software,Software,Infrastructure Software,--,--
ISMT IN Equity,ISMT LTD,IN,Common Stock,--,485.74M,401.13M,2k,Industrial Metals and Mining,Iron and Steel,Metals & Mining,Steel,Steel,Steel Producers,"Long, Pipe & Tubular",Pipe & Tubular
5456 JP Equity,ASAHI INDUSTRIES,JP,Common Stock,--,499.47M,398.51M,501,Industrial Metals and Mining,Iron and Steel,Metals & Mining,Steel,Steel,Steel Producers,--,--
OGBY US Equity,OGLEBAY NORTON C,US,Common Stock,--,503.05M,689.59M,--,Industrial Metals and Mining,General Mining,--,--,Construction Materials,Building Materials,Stone Building Products,--
BMKK RU Equity,ELORETSK METALLU,RU,Common Stock,--,521.44M,385.92M,5k,Industrial Metals and Mining,Iron and Steel,--,--,Steel,Steel Producers,--,--
MCPIQ US Equity,MOLYCORP INC,US,Common Stock,--,527.94M,3.15B,--,Industrial Metals and Mining,General Mining,Metals & Mining,Diversified Metals & Mining,Metals & Mining,Mineral & Precious Stone Mining,Mineral Mining,Rare Earth
5614 JP Equity,KAWAKIN HD,JP,Common Stock,--,532.67M,590.61M,--,Industrial Metals and Mining,Iron and Steel,Metals & Mining,Steel,Industrial Intermediate Prod,Fabricated Metal & Hardware,--,--
AGO AU Equity,ATLAS IRON LTD,AU,Common Stock,--,546.82M,379.94M,--,Industrial Metals and Mining,General Mining,Metals & Mining,Steel,Metals & Mining,Iron,Iron Ore Mining,--
GALLIS IN Equity,GALLANTT ISPAT,IN,Common Stock,--,548.08M,472.54M,2k,Industrial Metals and Mining,Iron and Steel,Metals & Mining,Steel,Steel,Steel Producers,--,--
DDH AU Equity,DDH1 LTD,AU,Common Stock,--,550.45M,484.80M,2k,Industrial Metals and Mining,General Mining,Metals & Mining,Diversified Metals & Mining,Oil & Gas Services & Equip,Drilling & Drilling Support,--,--
ZINCQ US Equity,METALS RECOVERY,US,Common Stock,--,552.72M,537.79M,--,Industrial Metals and Mining,Nonferrous Metals,Metals & Mining,Diversified Metals & Mining,Metals & Mining,Base Metals,--,--
EHS SJ Equity,EVRAZ HIGHVELD S,ZA,Common Stock,--,557.80M,382.04M,--,Industrial Metals and Mining,Iron and Steel,Metals & Mining,Steel,Steel,Steel Producers,--,--
METZ RU Equity,NADEZHDINSKI MET,RU,Common Stock,--,563.39M,288.24M,4k,Industrial Metals and Mining,Iron and Steel,--,--,Steel,Steel Producers,--,--
ARES LX Equity,ARCELORMITTAL RO,LU,Common Stock,--,565.14M,472.77M,730,Industrial Metals and Mining,Iron and Steel,--,--,Steel,Steel Producers,--,--
LME1R LR Equity,LIEPAJA METALURG,LV,Common Stock,--,566.40M,441.13M,2k,Industrial Metals and Mining,Iron and Steel,--,--,Steel,Steel Producers,--,--
ORMTQ US Equity,ORMET CORP,US,Common Stock,--,567.22M,271.28M,--,Industrial Metals and Mining,Aluminum,Metals & Mining,Aluminum,Metals & Mining,Base Metals,Aluminum,Aluminum Smelting & Refining
1679087D HK Equity,CHINALCO MINING,CN,Common Stock,--,568.29M,7.20B,2k,Industrial Metals and Mining,Nonferrous Metals,Metals & Mining,Diversified Metals & Mining,Metals & Mining,Base Metals,--,--
ARBA GA Equity,IMERYS INDUSTRIA,GR,Common Stock,--,583.91M,778.75M,2k,Industrial Metals and Mining,General Mining,--,--,Metals & Mining,Base Metals,--,--
ZEP SK Equity,ZELEZIARNE PODBR,SK,Common Stock,--,584.35M,645.60M,3k,Industrial Metals and Mining,Iron and Steel,--,--,Steel,Steel Producers,--,--
NWSW US Equity,NORTHWESTERN STE,US,Common Stock,--,587.50M,448.55M,--,Industrial Metals and Mining,Iron and Steel,--,--,Steel,Steel Producers,--,--
LGHS US Equity,LONGHAI STEEL IN,CN,Common Stock,--,589.26M,93.09M,--,Industrial Metals and Mining,Iron and Steel,Metals & Mining,Steel,Electrical Equipment,Electrical Components,Wire & Cable,--
TML IN Equity,TATA METALIKS,IN,Common Stock,--,593.58M,455.50M,2k,Industrial Metals and Mining,Iron and Steel,Metals & Mining,Steel,Metals & Mining,Iron,Iron Foundries,--
600432 CH Equity,JILIN JI EN NI-A,CN,Common Stock,--,604.95M,2.52B,--,Industrial Metals and Mining,Nonferrous Metals,Metals & Mining,Diversified Metals & Mining,Metals & Mining,Base Metals,"Nickel, Lead & Zinc",Nickel
VII AU Equity,VIETNAM INDUS IN,AU,Common Stock,--,607.93M,229.12M,--,Industrial Metals and Mining,Iron and Steel,Metals & Mining,Steel,Industrial Intermediate Prod,Fabricated Metal & Hardware,Fabricated Metal,Sheet Metal
CHZN RM Equity,CHELYABINSK ZINC,RU,Common Stock,--,608.62M,946.13M,5k,Industrial Metals and Mining,Nonferrous Metals,Metals & Mining,Diversified Metals & Mining,Metals & Mining,Base Metals,--,--
AMEZ RM Equity,ASHINSKIY METALL,RU,Common Stock,--,610.81M,830.92M,--,Industrial Metals and Mining,Iron and Steel,Metals & Mining,Steel,Industrial Intermediate Prod,Fabricated Metal & Hardware,--,--
NGCN US Equity,NIAGARA CORP,US,Common Stock,--,611.27M,297.43M,--,Industrial Metals and Mining,Iron and Steel,--,--,Industrial Intermediate Prod,Fabricated Metal & Hardware,--,--
PGOK UZ Equity,FERREXPO POLTAVA,UA,Common Stock,--,616.23M,1.96B,6k,Industrial Metals and Mining,Iron and Steel,Metals & Mining,Steel,Metals & Mining,Iron,Iron Ore Mining,--
ERS US Equity,EMPIRE RESOURCES,US,Common Stock,--,617.26M,284.81M,60,Industrial Metals and Mining,Aluminum,Trading Companies & Distributors,Trading Companies & Distributors,Steel,Metal Svc Centers & Processors,--,--
ASR SJ Equity,ASSORE LTD,ZA,Common Stock,--,621.47M,3.45B,--,Industrial Metals and Mining,General Mining,Metals & Mining,Diversified Metals & Mining,Metals & Mining,Iron,Iron Ore Mining,--
5657 JP Equity,NIPPON STEEL SG,JP,Common Stock,--,625.51M,534.36M,--,Industrial Metals and Mining,Iron and Steel,Electrical Equipment,Electrical Components & Equipment,Industrial Intermediate Prod,Fabricated Metal & Hardware,Fabricated Metal,Wire Products
AZST UZ Equity,AZOVSTAL,UA,Common Stock,--,640.08M,1.65B,--,Industrial Metals and Mining,Iron and Steel,Metals & Mining,Steel,Steel,Steel Producers,--,--
UGOK RU Equity,UCHALINSKIY-$BRD,RU,Common Stock,--,640.91M,1.01B,6k,Industrial Metals and Mining,Copper,Metals & Mining,Diversified Metals & Mining,Metals & Mining,Base Metals,--,--
TPC IN Equity,TINPLATE CO LTD,IN,Common Stock,--,650.00M,350.01M,1k,Industrial Metals and Mining,Nonferrous Metals,Metals & Mining,Steel,Steel,Steel Producers,--,--
5457 JP Equity,NIPPON STEEL PIP,JP,Common Stock,--,651.91M,616.54M,1k,Industrial Metals and Mining,Iron and Steel,--,--,Steel,Steel Producers,"Long, Pipe & Tubular",Pipe & Tubular
TCM CN Equity,THOMPSON CREEK M,US,Common Stock,--,658.17M,3.26B,--,Industrial Metals and Mining,General Mining,Metals & Mining,Diversified Metals & Mining,Metals & Mining,Base Metals,--,--
METTK GA Equity,METKA INDUSTRIAL,GR,Common Stock,--,662.54M,1.67B,471,Industrial Metals and Mining,Metal Fabricating,Construction & Engineering,Construction & Engineering,Industrial Intermediate Prod,Fabricated Metal & Hardware,Fabricated Metal,Structural Metal & Plate Work
KST PW Equity,KONSSTALI,PL,Common Stock,--,678.61M,304.02M,--,Industrial Metals and Mining,Iron and Steel,Metals & Mining,Steel,Steel,Metal Svc Centers & Processors,Metal Service Centers,--
GGOK RU Equity,GAISKIY GOK OAO-,RU,Common Stock,--,720.54M,885.78M,6k,Industrial Metals and Mining,General Mining,Metals & Mining,Copper,Metals & Mining,Base Metals,--,--
000602 CH Equity,GUANGDONG GOLD-A,CN,Common Stock,--,724.37M,2.01B,--,Industrial Metals and Mining,Aluminum,--,--,Electric Utilities,Power Generation,Fossil Electric Generation,Fossil Electric - Regulated
PNA AU Equity,PANAUST LTD,AU,Common Stock,--,753.45M,1.45B,4k,Industrial Metals and Mining,General Mining,Metals & Mining,Diversified Metals & Mining,Metals & Mining,Base Metals,Copper,--
4KW BU Equity,KREMIKOVTSI AD,BG,Common Stock,--,769.54M,1.42B,--,Industrial Metals and Mining,Iron and Steel,Metals & Mining,Steel,Steel,Steel Producers,--,--
1003374D CN Equity,MOLYCORP MINERAL,CA,Common Stock,--,775.34M,829.31M,--,Industrial Metals and Mining,Nonferrous Metals,--,--,Chemicals,Specialty Chemicals,Advanced Materials,--
ITWG US Equity,INTERNATIONAL WI,US,Common Stock,--,775.64M,442.37M,--,Industrial Metals and Mining,Iron and Steel,Electrical Equipment,Electrical Components & Equipment,Electrical Equipment,Electrical Components,Wire & Cable,--
RTI US Equity,RTI INTL METALS,US,Common Stock,--,880.89M,1.92B,--,Industrial Metals and Mining,Nonferrous Metals,Metals & Mining,Diversified Metals & Mining,Industrial Intermediate Prod,Fabricated Metal & Hardware,--,--
HAYN US Equity,HAYNES INTL INC,US,Common Stock,--,886.48M,1.10B,--,Industrial Metals and Mining,Iron and Steel,Metals & Mining,Steel,Steel,Steel Producers,Specialty Metals,--
CXB CN Equity,CALIBRE MINING C,CA,Common Stock,--,888.55M,2.86B,--,Industrial Metals and Mining,General Mining,Metals & Mining,Gold,Metals & Mining,Precious Metals,Gold,--
AMLZF US Equity,AFRICAN MINERALS,GB,Common Stock,--,900.88M,3.62B,--,Industrial Metals and Mining,General Mining,Metals & Mining,Steel,Metals & Mining,Mineral & Precious Stone Mining,Precious Stone Mining,Diamonds
FRC SP Equity,FERROCHINA LTD,CN,Common Stock,--,928.64M,2.02B,--,Industrial Metals and Mining,Iron and Steel,--,--,Steel,Steel Producers,--,--
AVIL3 BZ Equity,ACOS VILLARES,BR,Common Stock,--,938.47M,1.18B,--,Industrial Metals and Mining,Iron and Steel,--,--,Steel,Steel Producers,--,--
JSWISPL IN Equity,JSW ISPAT SPECIA,IN,Common Stock,--,942.04M,1.04B,--,Industrial Metals and Mining,Iron and Steel,Metals & Mining,Steel,Steel,Steel Producers,--,--
HOGAB SS Equity,HOGANAS AB-B,SE,Common Stock,--,957.45M,849.24M,2k,Industrial Metals and Mining,Iron and Steel,--,--,Industrial Intermediate Prod,Fabricated Metal & Hardware,Fabricated Metal,Forging & Stamping
ROXG CN Equity,ROXGOLD INC,CA,Common Stock,--,983.10M,446.51M,--,Industrial Metals and Mining,General Mining,Metals & Mining,Gold,Metals & Mining,Precious Metals,Gold,--
ESMK US Equity,SEVERSTAL US HOL,US,Common Stock,--,986.63M,1.90B,--,Industrial Metals and Mining,Iron and Steel,--,--,Steel,Steel Producers,--,--
5479 JP Equity,NIPPON METAL IND,JP,Common Stock,--,989.82M,922.55M,818,Industrial Metals and Mining,Iron and Steel,--,--,Steel,Steel Producers,--,--
EQN CN Equity,EQUINOX MINERALS,AU,Common Stock,--,994.57M,3.17B,--,Industrial Metals and Mining,General Mining,--,--,Metals & Mining,Base Metals,--,--
9964 JP Equity,ITEC CORP,JP,Common Stock,--,1.02B,839.87M,--,Industrial Metals and Mining,Iron and Steel,Metals & Mining,Steel,Steel,Steel Producers,--,--
ACO US Equity,AMCOL INTL CORP,US,Common Stock,--,1.05B,984.32M,3k,Industrial Metals and Mining,General Mining,--,--,Chemicals,Specialty Chemicals,Advanced Materials,--
AML PW Equity,ALUMETAL SA,PL,Common Stock,--,1.06B,461.25M,631,Industrial Metals and Mining,Aluminum,Metals & Mining,Aluminum,Metals & Mining,Base Metals,Aluminum,--
2073752D CN Equity,CAPSTONE MINING,CA,Common Stock,--,1.06B,2.37B,--,Industrial Metals and Mining,Copper,Metals & Mining,Copper,Metals & Mining,Base Metals,Copper,Copper Mining
IMN CN Equity,INMET MINING COR,CA,Common Stock,--,1.09B,6.34B,--,Industrial Metals and Mining,Nonferrous Metals,--,--,Metals & Mining,Base Metals,Copper,Copper Mining
IVA/A CN Equity,IVACO INC A,CA,Common Stock,--,1.10B,1.08B,--,Industrial Metals and Mining,Iron and Steel,--,--,Steel,Steel Producers,--,--
HNH US Equity,HANDY & HARMAN L,US,Common Stock,--,1.11B,1.16B,--,Industrial Metals and Mining,Iron and Steel,Metals & Mining,Steel,Industrial Intermediate Prod,Fabricated Metal & Hardware,--,--
SSI TB Equity,SAHAVIRYA STEEL,TH,Common Stock,--,1.13B,967.50M,--,Industrial Metals and Mining,Iron and Steel,Metals & Mining,Steel,Steel,Steel Producers,Flat Rolled,--
QUX CN Equity,QUADRA FNX MININ,CA,Common Stock,--,1.14B,3.44B,--,Industrial Metals and Mining,Nonferrous Metals,--,--,Metals & Mining,Base Metals,--,--
MMKI UZ Equity,MARIUPOLSKY META,UA,Common Stock,--,1.15B,2.14B,7,Industrial Metals and Mining,Iron and Steel,Metals & Mining,Steel,Steel,Steel Producers,--,--
SNTZ RU Equity,SINARSKY PIPE PL,RU,Common Stock,--,1.16B,725.95M,6k,Industrial Metals and Mining,Iron and Steel,--,--,Steel,Steel Producers,"Long, Pipe & Tubular",Pipe & Tubular
INTX SP Equity,ENNOVI HOLDINGS,SG,Common Stock,--,1.17B,1.08B,--,Industrial Metals and Mining,Metal Fabricating,Machinery,Industrial Machinery & Supplies & Components,Automotive,Auto Parts,Alternative Vehicle Parts,--
VDN GR Equity,VDN VEREIN DT NI,DE,Common Stock,--,1.21B,1.25B,4k,Industrial Metals and Mining,Nonferrous Metals,--,--,Industrial Intermediate Prod,Fabricated Metal & Hardware,--,--
SIDE GA Equity,SIDENOR HOLDINGS,GR,Common Stock,--,1.21B,1.89B,3k,Industrial Metals and Mining,Iron and Steel,Metals & Mining,Steel,Steel,Steel Producers,--,--
UELM RU Equity,URALELEKTRO-BRD,RU,Common Stock,--,1.22B,947.08M,8k,Industrial Metals and Mining,Nonferrous Metals,Metals & Mining,Copper,Metals & Mining,Base Metals,Copper,Copper Smelting & Refining
IPX PW Equity,IMPEXMET,PL,Common Stock,--,1.22B,1.10B,--,Industrial Metals and Mining,Nonferrous Metals,Metals & Mining,Diversified Metals & Mining,Metals & Mining,Base Metals,--,--
OKSA RU Equity,RUSAL SAYANOGOR,RU,Common Stock,--,1.23B,467.93M,--,Industrial Metals and Mining,Aluminum,--,--,Metals & Mining,Base Metals,Aluminum,--
PAM SJ Equity,PALABORA MINING,ZA,Common Stock,--,1.25B,947.00M,--,Industrial Metals and Mining,Nonferrous Metals,--,--,Metals & Mining,Base Metals,--,--
ELSS IN Equity,ESL STEEL LTD,IN,Common Stock,--,1.37B,1.68B,3k,Industrial Metals and Mining,Iron and Steel,Metals & Mining,Steel,Steel,Steel Producers,--,--
TYMT RU Equity,TULACHERMET-BRD,RU,Common Stock,--,1.41B,1.23B,5k,Industrial Metals and Mining,Iron and Steel,--,--,Metals & Mining,Iron,--,--
2290040Q US Equity,COMMONW INDUSTRI,US,Common Stock,--,1.41B,504.29M,--,Industrial Metals and Mining,Aluminum,--,--,Metals & Mining,Base Metals,Aluminum,--
5453 JP Equity,TOYO KOHAN CO,JP,Common Stock,--,1.43B,1.82B,--,Industrial Metals and Mining,Iron and Steel,Metals & Mining,Steel,Steel,Steel Producers,Flat Rolled,--
TATASLPL IN Equity,TATA STEEL LONG,IN,Common Stock,--,1.56B,4.04B,2k,Industrial Metals and Mining,Iron and Steel,Metals & Mining,Steel,Steel,Steel Producers,--,--
ELBA GA Equity,ELVAL HOLDINGS S,GR,Common Stock,--,1.56B,1.61B,2k,Industrial Metals and Mining,Aluminum,Metals & Mining,Aluminum,Metals & Mining,Base Metals,Aluminum,Aluminum Smelting & Refining
NORNQ US Equity,NORANDA ALUMINUM,US,Common Stock,--,1.64B,1.49B,2k,Industrial Metals and Mining,Aluminum,Metals & Mining,Aluminum,Metals & Mining,Base Metals,Aluminum,Aluminum Smelting & Refining
MLD AU Equity,MACA LTD,AU,Common Stock,--,1.65B,972.40M,4k,Industrial Metals and Mining,General Mining,Metals & Mining,Diversified Metals & Mining,Construction Materials,Cement & Aggregates,Aggregates,--
VSMO RM Equity,VSMPO-AVISMA,RU,Common Stock,--,1.65B,6.63B,--,Industrial Metals and Mining,Metal Fabricating,Metals & Mining,Diversified Metals & Mining,Industrial Intermediate Prod,Fabricated Metal & Hardware,--,--
AKE AU Equity,ALLKEM LTD,AU,Common Stock,--,1.80B,7.82B,--,Industrial Metals and Mining,Nonferrous Metals,Metals & Mining,Diversified Metals & Mining,Metals & Mining,Mineral & Precious Stone Mining,Mineral Mining,Lithium
2293892D CN Equity,CANAM GROUP INC,CA,Common Stock,--,1.89B,1.31B,--,Industrial Metals and Mining,Iron and Steel,Metals & Mining,Steel,Industrial Intermediate Prod,Fabricated Metal & Hardware,--,--
0852651D US Equity,METALS USA HOLDI,US,Common Stock,--,1.92B,966.87M,3k,Industrial Metals and Mining,Iron and Steel,--,--,Steel,Steel Producers,Flat Rolled,--
OZL AU Equity,OZ MINERALS LTD,AU,Common Stock,--,1.92B,6.07B,1k,Industrial Metals and Mining,General Mining,Metals & Mining,Copper,Metals & Mining,Base Metals,Copper,Copper Mining
ZPST UZ Equity,ZAPORIZHSTAL PJS,UA,Common Stock,--,1.94B,1.75B,15k,Industrial Metals and Mining,Iron and Steel,Metals & Mining,Steel,Steel,Steel Producers,--,--
KAT CN Equity,KATANGA MINING L,CH,Common Stock,--,1.99B,9.39B,--,Industrial Metals and Mining,Copper,Metals & Mining,Copper,Metals & Mining,Base Metals,--,--
RGIDQ US Equity,ROUGE INDUSTRI-A,US,Common Stock,--,2.07B,1.17B,--,Industrial Metals and Mining,Iron and Steel,--,--,Steel,Steel Producers,--,--
003640 KS Equity,UNION STEEL,KR,Common Stock,--,2.13B,2.21B,--,Industrial Metals and Mining,Iron and Steel,Metals & Mining,Steel,Steel,Steel Producers,--,--
JSWI IN Equity,JSW ISPAT STEEL,IN,Common Stock,--,2.15B,2.15B,3k,Industrial Metals and Mining,Iron and Steel,--,--,Steel,Steel Producers,--,--
JCPL IN Equity,JHAGADIA COPPER,IN,Common Stock,--,2.18B,360.10M,--,Industrial Metals and Mining,Iron and Steel,Metals & Mining,Diversified Metals & Mining,Metals & Mining,Base Metals,Copper,Copper Smelting & Refining
CHEP RM Equity,CHTPZ AO,RU,Common Stock,--,2.33B,2.26B,--,Industrial Metals and Mining,Iron and Steel,Metals & Mining,Steel,Steel,Steel Producers,"Long, Pipe & Tubular",Pipe & Tubular
SLCA US Equity,US SILICA HOLDIN,US,Common Stock,--,2.34B,3.07B,--,Industrial Metals and Mining,General Mining,Energy Equipment & Services,Oil & Gas Equipment & Services,Oil & Gas Services & Equip,Oilfield Services & Equipment,--,--
LGOK RU Equity,LEBEDINSKY-$BRD,RU,Common Stock,--,2.34B,3.98B,14k,Industrial Metals and Mining,Iron and Steel,--,--,Metals & Mining,Iron,Iron Foundries,--
TMS US Equity,TMS INTERNATIONA,US,Common Stock,--,2.44B,972.55M,--,Industrial Metals and Mining,Iron and Steel,--,--,Metals & Mining,Iron,Iron Foundries,--
BGPIQ US Equity,BORDERS GROUP,US,Common Stock,--,2.46B,970.13M,--,Industrial Metals and Mining,General Mining,--,--,Retail - Discretionary,Other Spec Retail - Discr,Book Stores,--
TRQ CN Equity,TURQUOISE HILL R,CA,Common Stock,--,2.63B,19.51B,--,Industrial Metals and Mining,Copper,Metals & Mining,Diversified Metals & Mining,Metals & Mining,Base Metals,Copper,Copper Mining
JSHL IN Equity,JINDAL STAINLESS,IN,Common Stock,--,2.69B,1.74B,2k,Industrial Metals and Mining,Iron and Steel,Metals & Mining,Steel,Steel,Steel Producers,--,--
033720 KS Equity,BLUE STONE D&I D,KR,Common Stock,--,2.73B,--,--,Industrial Metals and Mining,Nonferrous Metals,--,--,Software,Application Software,--,--
VSMZ RM Equity,VWS,RU,Common Stock,--,2.82B,2.92B,12k,Industrial Metals and Mining,Iron and Steel,--,--,Steel,Steel Producers,"Long, Pipe & Tubular",Pipe & Tubular
CHMK RM Equity,CHELYABINSK META,RU,Common Stock,--,2.82B,3.81B,13k,Industrial Metals and Mining,Iron and Steel,Metals & Mining,Steel,Steel,Steel Producers,--,--
DLNG SP Equity,DELONG HOLDINGS,CN,Common Stock,--,2.89B,2.71B,--,Industrial Metals and Mining,Iron and Steel,Metals & Mining,Steel,Steel,Metal Svc Centers & Processors,--,--
OAMK RU Equity,OSKOL ELEKTR-BRD,RU,Common Stock,--,2.95B,3.30B,11k,Industrial Metals and Mining,Iron and Steel,--,--,Steel,Steel Producers,--,--
600357 CH Equity,CHENGDE XINXIN-A,CN,Common Stock,--,2.95B,4.40B,--,Industrial Metals and Mining,Iron and Steel,--,--,Steel,Steel Producers,--,--
5738 JP Equity,SUMITOMO LGT MET,JP,Common Stock,--,2.97B,3.25B,--,Industrial Metals and Mining,Aluminum,--,--,Metals & Mining,Base Metals,Aluminum,--
1266 HK Equity,XIWANG SPECIAL S,CN,Common Stock,--,3.10B,3.20B,3k,Industrial Metals and Mining,Iron and Steel,Metals & Mining,Steel,Steel,Steel Producers,--,--
STLC CN Equity,STELCO HOLDINGS,CA,Common Stock,--,3.26B,3.40B,--,Industrial Metals and Mining,Iron and Steel,Metals & Mining,Steel,Steel,Steel Producers,--,--
RTRKS FH Equity,RAUTARUUKKI OYJ,FI,Common Stock,--,3.31B,3.52B,9k,Industrial Metals and Mining,Iron and Steel,Metals & Mining,Steel,Construction Materials,Building Materials,--,--
CMR BB Equity,AURUBIS OLEN SA,BE,Common Stock,--,3.38B,1.40B,--,Industrial Metals and Mining,Nonferrous Metals,--,--,Metals & Mining,Base Metals,--,--
CTEL MP Equity,CRYTEL MAURITIUS,MU,Common Stock,--,3.42B,1.06B,--,Industrial Metals and Mining,Iron and Steel,Trading Companies & Distributors,Trading Companies & Distributors,Steel,Metal Svc Centers & Processors,--,--
SUMZ RM Equity,SREDNEURALSK-BRD,RU,Common Stock,--,3.45B,2.22B,3k,Industrial Metals and Mining,General Mining,Metals & Mining,Copper,Metals & Mining,Base Metals,Copper,--
5481 JP Equity,SANYO SPECIAL ST,JP,Common Stock,--,3.72B,4.04B,--,Industrial Metals and Mining,Iron and Steel,Metals & Mining,Steel,Steel,Steel Producers,"Long, Pipe & Tubular",Pipe & Tubular
TATASTL IN Equity,TATA STEEL BSL L,IN,Common Stock,--,4.03B,6.66B,6k,Industrial Metals and Mining,Iron and Steel,Metals & Mining,Steel,Steel,Steel Producers,--,--
STLN SW Equity,SWISS STEEL HOLD,CH,Common Stock,--,4.12B,2.80B,--,Industrial Metals and Mining,Iron and Steel,Metals & Mining,Steel,Steel,Steel Producers,--,--
RDUS US Equity,RADIUS RECYCLI-A,US,Common Stock,--,4.17B,2.27B,--,Industrial Metals and Mining,Iron and Steel,Metals & Mining,Steel,Commercial Support Services,Waste Management,Recyclable Materials,--
2566149D HK Equity,CHINA ZHONGWANG,CN,Common Stock,--,4.29B,25.48B,38k,Industrial Metals and Mining,Aluminum,Metals & Mining,Aluminum,Industrial Intermediate Prod,Fabricated Metal & Hardware,Fabricated Metal,--
MGOK RU Equity,MIKHAYLOVSKIY,RU,Common Stock,--,4.41B,4.07B,11k,Industrial Metals and Mining,Iron and Steel,--,--,Metals & Mining,Iron,Iron Ore Mining,--
010520 KS Equity,HYUNDAI HYSCO,KR,Common Stock,--,4.44B,2.85B,--,Industrial Metals and Mining,Iron and Steel,Metals & Mining,Steel,Steel,Steel Producers,"Long, Pipe & Tubular",Pipe & Tubular
NSTLQ US Equity,NATIONAL STEEL-B,US,Common Stock,--,4.80B,3.95B,--,Industrial Metals and Mining,Iron and Steel,--,--,Steel,Steel Producers,--,--
5701 JP Equity,NIPPON LIGHT MET,JP,Common Stock,--,4.89B,4.93B,--,Industrial Metals and Mining,Aluminum,--,--,Metals & Mining,Base Metals,Aluminum,--
2626 HK Equity,HUNAN NONFERROUS,CN,Common Stock,--,5.25B,4.66B,26k,Industrial Metals and Mining,Nonferrous Metals,Metals & Mining,Diversified Metals & Mining,Metals & Mining,Base Metals,--,--
GNA CN Equity,GERDAU AMERISTEE,US,Common Stock,--,5.37B,7.09B,--,Industrial Metals and Mining,Iron and Steel,--,--,Steel,Steel Producers,--,--
XAH SP Equity,XINREN ALUMINUM,SG,Common Stock,--,5.46B,8.14B,--,Industrial Metals and Mining,Aluminum,Metals & Mining,Aluminum,Metals & Mining,Base Metals,Aluminum,--
IRAX EY Equity,EL EZZ ALDEKHELA,EG,Common Stock,--,5.75B,3.83B,--,Industrial Metals and Mining,Iron and Steel,Metals & Mining,Steel,Steel,Steel Producers,--,--
2482555D AU Equity,A.C.N. 004 410 8,AU,Common Stock,--,5.90B,6.24B,8k,Industrial Metals and Mining,Iron and Steel,Metals & Mining,Steel,Steel,Steel Producers,--,--
MTLR RM Equity,MECHEL,RU,Common Stock,--,6.34B,3.65B,--,Industrial Metals and Mining,Iron and Steel,Metals & Mining,Steel,Steel,Steel Producers,--,--
600001 CH Equity,HANDAN IRON & -A,CN,Common Stock,--,6.41B,5.56B,--,Industrial Metals and Mining,Iron and Steel,--,--,Steel,Steel Producers,--,--
600102 CH Equity,LAIWU STEEL CO-A,CN,Common Stock,--,6.47B,2.49B,--,Industrial Metals and Mining,Iron and Steel,--,--,Steel,Steel Producers,--,--
KAZ LN Equity,KAZ MINERALS PLC,GB,Common Stock,--,6.49B,9.41B,10k,Industrial Metals and Mining,Copper,Metals & Mining,Copper,Metals & Mining,Base Metals,Copper,Copper Smelting & Refining
LTVCQ US Equity,LTV CORP/THE,US,Common Stock,--,6.54B,9.28B,--,Industrial Metals and Mining,Iron and Steel,--,--,Steel,Steel Producers,--,--
ESRS EY Equity,EZZ STEEL,EG,Common Stock,--,7.02B,5.36B,--,Industrial Metals and Mining,Iron and Steel,Metals & Mining,Steel,Steel,Steel Producers,--,--
5413 JP Equity,NISSHIN STEEL CO,JP,Common Stock,--,7.17B,8.78B,--,Industrial Metals and Mining,Iron and Steel,Metals & Mining,Steel,Steel,Steel Producers,--,--
STLT IN Equity,STERLITE INDUSTR,IN,Common Stock,--,8.01B,17.39B,13k,Industrial Metals and Mining,Nonferrous Metals,--,--,Metals & Mining,Base Metals,--,--
TRMK RM Equity,TMK,RU,Common Stock,--,8.71B,9.85B,--,Industrial Metals and Mining,Iron and Steel,Energy Equipment & Services,Oil & Gas Equipment & Services,Steel,Steel Producers,"Long, Pipe & Tubular",Pipe & Tubular
9938 JP Equity,SUMIKIN BUSSAN,JP,Common Stock,--,9.26B,3.64B,--,Industrial Metals and Mining,Iron and Steel,--,--,Steel,Metal Svc Centers & Processors,Steel Processors,--
5486 JP Equity,PROTERIAL LTD,JP,Common Stock,--,12.09B,11.97B,26k,Industrial Metals and Mining,Metal Fabricating,Metals & Mining,Steel,Steel,Steel Producers,--,--
600005 CH Equity,WUHAN IRON & S-A,CN,Common Stock,--,12.32B,19.97B,--,Industrial Metals and Mining,Iron and Steel,Metals & Mining,Steel,Steel,Steel Producers,Flat Rolled,--
MAGN RM Equity,MMK,RU,Common Stock,--,12.59B,12.98B,--,Industrial Metals and Mining,Iron and Steel,Metals & Mining,Steel,Steel,Steel Producers,--,--
ARNC US Equity,ARCONIC CORP,US,Common Stock,--,12.93B,8.82B,--,Industrial Metals and Mining,Aluminum,Metals & Mining,Aluminum,Containers & Packaging,Containers & Packaging,Metal Containers & Packaging,--
CHMF RM Equity,SEVERSTAL,RU,Common Stock,--,13.59B,12.25B,--,Industrial Metals and Mining,Iron and Steel,Metals & Mining,Steel,Steel,Steel Producers,--,--
NLMK RM Equity,NOVOLIPETSK STEE,RU,Common Stock,--,16.04B,16.08B,--,Industrial Metals and Mining,Iron and Steel,Metals & Mining,Steel,Steel,Steel Producers,--,--
ARS US Equity,NOVELIS ALR ALUM,US,Common Stock,--,16.35B,17.71B,6k,Industrial Metals and Mining,Aluminum,--,--,Steel,Steel Producers,Flat Rolled,--
2036Q US Equity,MORGAN ST GROUP,US,Common Stock,--,16.90B,241.33B,--,Industrial Metals and Mining,General Mining,--,--,Institutional Financial Svcs,Institutional Brokerage,--,--
5405 JP Equity,SUMITOMO MET IND,JP,Common Stock,--,17.89B,27.83B,23k,Industrial Metals and Mining,Iron and Steel,--,--,Steel,Steel Producers,--,--
EVR LN Equity,EVRAZ,RU,Common Stock,--,17.97B,13.54B,--,Industrial Metals and Mining,Iron and Steel,Metals & Mining,Steel,Steel,Steel Producers,--,--
GMKN RM Equity,MMC NORILSK NICK,RU,Common Stock,--,19.01B,37.46B,--,Industrial Metals and Mining,Nonferrous Metals,Metals & Mining,Diversified Metals & Mining,Metals & Mining,Base Metals,"Nickel, Lead & Zinc",--
9810 JP Equity,NIPPON STEEL TRA,JP,Common Stock,--,23.06B,12.84B,7k,Industrial Metals and Mining,Iron and Steel,Trading Companies & Distributors,Trading Companies & Distributors,Metals & Mining,Metals & Ore Whslrs & Traders,--,--
X US Equity,US STEEL CORP,US,Common Stock,--,23.72B,32.72B,--,Industrial Metals and Mining,Iron and Steel,Metals & Mining,Steel,Steel,Steel Producers,Flat Rolled,--
CCT CN Equity,CATAMARAN CORP,US,Common Stock,--,23.96B,11.42B,--,Industrial Metals and Mining,Nonferrous Metals,Health Care Providers & Services,Health Care Services,Health Care Facilities & Svcs,Health Care Supply Chain,Pharmacy Benefits Mgmt (PBM),--
8110 JP Equity,JFE SHOJI TRADE,JP,Common Stock,--,24.55B,6.33B,--,Industrial Metals and Mining,Iron and Steel,--,--,Steel,Metal Svc Centers & Processors,Steel Processors,--
VED LN Equity,VEDANTA RESOURCE,IN,Common Stock,--,27.96B,41.13B,--,Industrial Metals and Mining,General Mining,Metals & Mining,Diversified Metals & Mining,Metals & Mining,Base Metals,--,--
XTA LN Equity,XSTRATA LTD,CH,Common Stock,--,30.54B,80.05B,43k,Industrial Metals and Mining,General Mining,--,--,Metals & Mining,Base Metals,--,--
AKS US Equity,CLEVELAND-CLIFFS,US,Common Stock,--,33.13B,6.54B,9k,Industrial Metals and Mining,Iron and Steel,Metals & Mining,Steel,Steel,Steel Producers,--,--
1441117D CN Equity,FRONTERA COPPER,CA,Private Comp,--,--,--,--,Industrial Metals and Mining,Nonferrous Metals,--,--,Metals & Mining,Base Metals,Copper,Copper Mining
SUNM CN Equity,SUN METALS CORP,CA,Common Stock,--,--,--,--,Industrial Metals and Mining,General Mining,Metals & Mining,Diversified Metals & Mining,Metals & Mining,Mineral & Precious Stone Mining,--,--
TEMK KZ Equity,TEMIRTAU ELECTRO,KZ,Common Stock,--,--,--,--,Industrial Metals and Mining,General Mining,--,--,Metals & Mining,Mineral & Precious Stone Mining,--,--
THRR US Equity,THRESHER INDUSTR,US,Common Stock,--,--,--,--,Industrial Metals and Mining,Aluminum,--,--,Industrial Intermediate Prod,Fabricated Metal & Hardware,--,--
1574479D CN Equity,SKYBRIDGE DEVELO,CA,Common Stock,--,--,--,--,Industrial Metals and Mining,General Mining,--,--,Metals & Mining,Precious Metals,Gold,--
SVSI IN Equity,SRI VASAVI IND,IN,Common Stock,--,--,--,--,Industrial Metals and Mining,Iron and Steel,--,--,Industrial Intermediate Prod,Fabricated Metal & Hardware,--,--
SMG IN Equity,SILCAL METALLURG,IN,Common Stock,--,--,--,--,Industrial Metals and Mining,Iron and Steel,--,--,Chemicals,Specialty Chemicals,--,--
1484991D CN Equity,TIGRAY RESOURCES,CA,Common Stock,--,--,--,--,Industrial Metals and Mining,General Mining,--,--,Metals & Mining,Base Metals,--,--
1769111D AU Equity,RUSINA MINING PT,AU,Common Stock,--,--,19.22M,--,Industrial Metals and Mining,General Mining,--,--,Metals & Mining,Precious Metals,--,--
1440426D CN Equity,SALARES LITHIUM,CA,Common Stock,--,--,--,--,Industrial Metals and Mining,General Mining,--,--,Metals & Mining,Base Metals,--,--
GRET RO Equity,GRANTMETAL SA BU,RO,Common Stock,--,--,--,--,Industrial Metals and Mining,Iron and Steel,--,--,Steel,Steel Producers,--,--
GUJCP IN Equity,GUJARAT CYPROMET,IN,Common Stock,--,--,--,--,Industrial Metals and Mining,Nonferrous Metals,--,--,Metals & Mining,Base Metals,Copper,--
AHNR US Equity,ATHENA GOLD CORP,US,Common Stock,--,--,--,--,Industrial Metals and Mining,General Mining,--,--,Metals & Mining,Precious Metals,--,--
1812818D GR Equity,MOKU GOLDMINES A,CH,Common Stock,--,--,--,--,Industrial Metals and Mining,General Mining,--,--,Metals & Mining,Base Metals,--,--
GRYO US Equity,GRYPHON RESOURCE,US,Common Stock,--,--,--,--,Industrial Metals and Mining,Nonferrous Metals,Metals & Mining,Diversified Metals & Mining,Asset Management,Wealth Management,--,--
GSW IN Equity,GHANSHYAM STEEL,IN,Common Stock,--,--,--,--,Industrial Metals and Mining,Iron and Steel,--,--,Industrial Intermediate Prod,Fabricated Metal & Hardware,Fabricated Metal,Industrial Tanks & Storage
ALTR LN Equity,ALT RESOURCES PL,GB,Common Stock,--,--,91.86k,--,Industrial Metals and Mining,General Mining,--,--,Renewable Energy,Renewable Energy Project Dev,--,--
T4A GR Equity,TORNADO AIR PLC,GB,Common Stock,--,--,--,--,Industrial Metals and Mining,General Mining,--,--,Electrical Equipment,Comml & Res Bldg Equip & Sys,HVAC Building Products,--
1476819D CN Equity,CUERVO RESOURCES,CA,Common Stock,--,--,658.18k,--,Industrial Metals and Mining,Iron and Steel,--,--,Metals & Mining,Iron,Iron Ore Mining,--
SYS IN Equity,SRIYANSH STEEL,IN,Common Stock,--,--,--,--,Industrial Metals and Mining,Iron and Steel,--,--,Steel,Steel Producers,--,--
ILDS US Equity,INDEPEND LEAD MN,US,Common Stock,--,--,--,--,Industrial Metals and Mining,General Mining,--,--,Metals & Mining,Mineral & Precious Stone Mining,--,--
1771111D GR Equity,INFINERGY ENERGY,GB,Common Stock,--,--,--,--,Industrial Metals and Mining,Iron and Steel,--,--,Steel,Steel Producers,--,--
GTCP US Equity,GEORGETOWN CORP,US,Common Stock,--,--,--,--,Industrial Metals and Mining,General Mining,Energy Equipment & Services,Oil & Gas Equipment & Services,Metals & Mining,Precious Metals,--,--
GRG US Equity,GREENERY REHAB,US,Common Stock,--,--,--,--,Industrial Metals and Mining,General Mining,--,--,Health Care Facilities & Svcs,Health Care Facilities,--,--
TAON US Equity,TAO MINERALS LTD,CO,Common Stock,--,--,--,--,Industrial Metals and Mining,General Mining,--,--,Metals & Mining,Mineral & Precious Stone Mining,--,--
SXM AU Equity,SA METALS LTD,AU,Common Stock,--,--,4.79M,--,Industrial Metals and Mining,General Mining,--,--,Metals & Mining,Precious Metals,--,--
1884645D AU Equity,POLARIS METALS,AU,Common Stock,--,--,--,--,Industrial Metals and Mining,Iron and Steel,--,--,Metals & Mining,Mineral & Precious Stone Mining,--,--
SLAV AV Equity,SLAV HANDEL,AT,Common Stock,--,--,--,--,Industrial Metals and Mining,Iron and Steel,--,--,Industrial Intermediate Prod,Fabricated Metal & Hardware,--,--
1868794D GR Equity,TRIAS FUND AG,DE,Common Stock,--,--,--,--,Industrial Metals and Mining,General Mining,--,--,Asset Management,Investment Management,Equities,--
INX RO Equity,OTELINOX TARGOVI,RO,Common Stock,--,--,--,842,Industrial Metals and Mining,Iron and Steel,--,--,Steel,Steel Producers,--,--
SILS US Equity,SILVER SCOTT MIN,US,Common Stock,--,--,--,--,Industrial Metals and Mining,General Mining,--,--,Metals & Mining,Mineral & Precious Stone Mining,--,--
SIL MS Equity,SILEKS KRATOVO,MK,Common Stock,--,--,--,--,Industrial Metals and Mining,Iron and Steel,--,--,Leisure Facilities & Services,Entertainment Facilities,Pro Sports & Related Activities,Sports Teams
INTER RU Equity,INTERURAL-US $,RU,Common Stock,--,--,--,--,Industrial Metals and Mining,Iron and Steel,--,--,Metals & Mining,Iron,Iron Ore Mining,--
IRNG US Equity,INTERNATIONAL RA,CA,Common Stock,--,--,--,--,Industrial Metals and Mining,Nonferrous Metals,--,--,Metals & Mining,Base Metals,--,--
KZCR KZ Equity,TNC KAZCHROME JS,KZ,Common Stock,--,--,--,--,Industrial Metals and Mining,Nonferrous Metals,--,--,Metals & Mining,Base Metals,--,--
LARI MS Equity,LARIN AD SKOPJE,MK,Common Stock,--,--,--,--,Industrial Metals and Mining,General Mining,--,--,Construction Materials,Cement & Aggregates,Aggregates,Crushed Stone
AAM G4 Equity,ANGLO AFRICAN MI,IE,Common Stock,--,--,--,--,Industrial Metals and Mining,General Mining,--,--,Metals & Mining,Base Metals,--,--
RSOU US Equity,REGAL RESOURCES,US,Common Stock,--,--,--,--,Industrial Metals and Mining,General Mining,--,--,Metals & Mining,Precious Metals,Gold,--
1819809D US Equity,PHI GOLD CORP,US,Common Stock,--,--,--,--,Industrial Metals and Mining,General Mining,--,--,Metals & Mining,Precious Metals,Gold,--
1821250D CN Equity,GOLCAP RESOURCES,CA,Common Stock,--,--,1.07M,--,Industrial Metals and Mining,General Mining,--,--,Metals & Mining,Mineral & Precious Stone Mining,Mineral Mining,--
INI CN Equity,INDEPENDENT NICK,CA,Common Stock,--,--,--,--,Industrial Metals and Mining,General Mining,--,--,Metals & Mining,Base Metals,--,--
AGEM RO Equity,LAFARGE AGREGATE,RO,Common Stock,--,--,61.55M,--,Industrial Metals and Mining,General Mining,--,--,Construction Materials,Cement & Aggregates,Cement,--
IWC IN Equity,INDORE WIRE CO,IN,Common Stock,--,--,--,--,Industrial Metals and Mining,Iron and Steel,--,--,Electrical Equipment,Electrical Components,Wire & Cable,--
1913703D AV Equity,BREITENFELD A-BR,AT,Common Stock,--,--,--,--,Industrial Metals and Mining,Iron and Steel,--,--,Steel,Steel Producers,--,--
1917814D US Equity,CUBED INC,US,Common Stock,--,--,--,--,Industrial Metals and Mining,General Mining,Interactive Media & Services,Interactive Media & Services,Software,Application Software,Specialty Software,Communications Software
IXN CN Equity,INTREPID NUSTAR,CA,Common Stock,--,--,--,--,Industrial Metals and Mining,General Mining,--,--,Metals & Mining,Mineral & Precious Stone Mining,--,--
JAK AU Equity,JACKSON MINERALS,AU,Common Stock,--,--,8.05M,--,Industrial Metals and Mining,General Mining,--,--,Metals & Mining,Precious Metals,--,--
1923730D AU Equity,BOART LONGYEAR L,US,Common Stock,--,--,--,--,Industrial Metals and Mining,General Mining,Metals & Mining,Diversified Metals & Mining,Metals & Mining,Mining Services,Metals Support Services,--
AEC AU Equity,ALS METALLURGY H,AU,Common Stock,--,--,--,--,Industrial Metals and Mining,General Mining,--,--,Commercial Support Services,Other Commercial Support Svcs,--,--
1889240D AU Equity,PIEDMONT LITHIUM,AU,Common Stock,--,--,--,--,Industrial Metals and Mining,General Mining,Metals & Mining,Diversified Metals & Mining,Metals & Mining,Mineral & Precious Stone Mining,Mineral Mining,Lithium
IRON3 BZ Equity,ANGLO FERROUS,BR,Common Stock,--,--,--,--,Industrial Metals and Mining,Iron and Steel,--,--,Metals & Mining,Iron,Iron Ore Mining,--
TIE US Equity,TITANIUM METALS,US,Common Stock,--,--,--,--,Industrial Metals and Mining,Nonferrous Metals,--,--,Steel,Steel Producers,Specialty Metals,--
1894823D GU Equity,ARCADIA MINERALS,GG,Common Stock,--,--,12.53M,--,Industrial Metals and Mining,Nonferrous Metals,Metals & Mining,Diversified Metals & Mining,Metals & Mining,Mineral & Precious Stone Mining,Mineral Mining,--
AARS US Equity,ASIA ATLANTIC,CA,Common Stock,--,--,--,--,Industrial Metals and Mining,General Mining,--,--,Metals & Mining,Mineral & Precious Stone Mining,--,--
SHX AU Equity,SHIELD MINING LT,AU,Common Stock,--,--,4.90M,--,Industrial Metals and Mining,General Mining,--,--,Metals & Mining,Precious Metals,--,--
AET AU Equity,OUTOTEC AUSMELT,AU,Common Stock,--,--,--,--,Industrial Metals and Mining,Iron and Steel,--,--,Machinery,Other Machinery & Equipment,--,--
JMAG JR Equity,JORDAN MAGNESIA,JO,Common Stock,--,--,--,--,Industrial Metals and Mining,Nonferrous Metals,--,--,Metals & Mining,Base Metals,--,--
1947165D AU Equity,ALUMINEX RESO,AU,Common Stock,--,--,--,--,Industrial Metals and Mining,General Mining,--,--,Metals & Mining,Base Metals,Aluminum,--
SDRC US Equity,SIDNEY RESOURCES,US,Common Stock,--,--,--,--,Industrial Metals and Mining,General Mining,Metals & Mining,Precious Metals & Minerals,Metals & Mining,Precious Metals,--,--
SBAM US Equity,SIMBA MINES INC,US,Common Stock,--,--,--,--,Industrial Metals and Mining,Nonferrous Metals,--,--,Metals & Mining,Base Metals,Copper,--
1BM GR Equity,BRACKEN INTERNAT,AU,Common Stock,--,--,--,--,Industrial Metals and Mining,General Mining,--,--,Metals & Mining,Base Metals,--,--
JML AU Equity,JABIRU METALS LT,AU,Common Stock,--,--,--,--,Industrial Metals and Mining,General Mining,--,--,Metals & Mining,Base Metals,--,--
KAN/H CN Equity,KANSAI MINING,GB,Common Stock,--,--,--,--,Industrial Metals and Mining,General Mining,--,--,Metals & Mining,Mineral & Precious Stone Mining,--,--
GWIO US Equity,GREAT WESTERN IR,US,Common Stock,--,--,--,--,Industrial Metals and Mining,General Mining,--,--,Metals & Mining,Iron,Iron Ore Mining,--
HCOIQ US Equity,HUNTCO INC-CL A,US,Common Stock,--,--,--,--,Industrial Metals and Mining,Iron and Steel,--,--,Steel,Steel Producers,--,--
SUMO G4 Equity,SUMO RESOURCES P,GB,Common Stock,--,--,--,--,Industrial Metals and Mining,General Mining,--,--,Metals & Mining,Mineral & Precious Stone Mining,--,--
KMK CN Equity,CONTINENTAL MINE,CA,Common Stock,--,--,--,--,Industrial Metals and Mining,Nonferrous Metals,--,--,Metals & Mining,Base Metals,--,--
1945283D AU Equity,WARWICK RESOURCE,AU,Common Stock,--,--,--,295,Industrial Metals and Mining,General Mining,--,--,Metals & Mining,Base Metals,--,--
ACER LN Equity,ACERTEC LTD,GB,Common Stock,--,--,--,--,Industrial Metals and Mining,Iron and Steel,--,--,Steel,Steel Producers,--,--
KML SK Equity,KAMENOLONY A STR,SK,Common Stock,--,--,--,--,Industrial Metals and Mining,General Mining,--,--,--,--,--,--
RVNG US Equity,RAVEN GOLD CORP,CA,Common Stock,--,--,--,--,Industrial Metals and Mining,General Mining,Metals & Mining,Gold,Metals & Mining,Precious Metals,Gold,--
KOMKRA CZ Equity,KONCAR-METALNE K,HR,Common Stock,--,--,--,269,Industrial Metals and Mining,Iron and Steel,--,--,Industrial Intermediate Prod,Fabricated Metal & Hardware,Fabricated Metal,Sheet Metal
ABR AU Equity,AMERICAN PACIFIC,AU,Common Stock,--,--,--,--,Industrial Metals and Mining,General Mining,Metals & Mining,Diversified Metals & Mining,Chemicals,Specialty Chemicals,--,--
KUMZ RU Equity,KULEBAKSKIY MET,RU,Common Stock,--,--,--,--,Industrial Metals and Mining,Iron and Steel,--,--,Aerospace & Defense,Aircraft & Parts,--,--
KURM US Equity,KM SYSTEMS INC,US,Common Stock,--,--,--,--,Industrial Metals and Mining,General Mining,--,--,E-Commerce Discretionary,Specialty Online Retailers,Musical Instrument - Online,--
RXRS US Equity,ROX RESOURCES LT,CA,Common Stock,--,--,--,--,Industrial Metals and Mining,General Mining,--,--,Commercial Support Services,Other Commercial Support Svcs,--,--
RYSMF US Equity,ROYAL STANDARD,CA,Common Stock,--,--,--,--,Industrial Metals and Mining,General Mining,Metals & Mining,Gold,Metals & Mining,Base Metals,--,--
ACIN AR Equity,ACINDAR SA-SER B,AR,Common Stock,--,--,--,--,Industrial Metals and Mining,Iron and Steel,--,--,Steel,Steel Producers,--,--
ACG CN Equity,ALLIANCE GROWERS,CA,Common Stock,--,--,--,--,Industrial Metals and Mining,General Mining,--,--,Tobacco & Cannabis,Cannabis,--,--
TLH CN Equity,TALISON LITHIUM,AU,Common Stock,--,--,--,145,Industrial Metals and Mining,General Mining,--,--,Metals & Mining,Mineral & Precious Stone Mining,Mineral Mining,Lithium
FSN AU Equity,FUSION RESOURCES,AU,Common Stock,--,--,--,--,Industrial Metals and Mining,General Mining,--,--,Metals & Mining,Base Metals,--,--
PRESS MK Equity,PRESS METAL BHD,MY,Common Stock,--,--,--,--,Industrial Metals and Mining,Aluminum,Metals & Mining,Aluminum,Metals & Mining,Base Metals,Aluminum,Aluminum Smelting & Refining
TNRI US Equity,TITAN RESOURCES,CA,Common Stock,--,--,--,--,Industrial Metals and Mining,General Mining,--,--,Metals & Mining,Precious Metals,--,--
PON CN Equity,POTASH NORTH RES,CA,Common Stock,--,--,--,--,Industrial Metals and Mining,General Mining,--,--,Metals & Mining,Mineral & Precious Stone Mining,--,--
VCN AU Equity,VULCAN RESOURCES,AU,Common Stock,--,--,--,--,Industrial Metals and Mining,General Mining,--,--,Metals & Mining,Base Metals,--,--
EXDL US Equity,EXPLORATION DRIL,DE,Common Stock,--,--,--,--,Industrial Metals and Mining,General Mining,--,--,Metals & Mining,Precious Metals,Gold,--
MDST IN Equity,MARDIA STEEL LTD,IN,Common Stock,--,--,--,--,Industrial Metals and Mining,Iron and Steel,--,--,Steel,Steel Producers,--,--
TME AU Equity,TUNGSTEN METALS,AU,Common Stock,--,--,--,--,Industrial Metals and Mining,General Mining,Metals & Mining,Diversified Metals & Mining,Metals & Mining,Base Metals,--,--
2461636D US Equity,TIANXIN MINING,CN,Common Stock,--,--,--,--,Industrial Metals and Mining,Iron and Steel,--,--,Metals & Mining,Base Metals,--,--
VHV CN Equity,VALLEY HIGH VENT,CA,Common Stock,--,--,--,--,Industrial Metals and Mining,General Mining,--,--,Metals & Mining,Mineral & Precious Stone Mining,--,--
GNXO US Equity,GENX CORP,US,Common Stock,--,--,--,--,Industrial Metals and Mining,General Mining,--,--,Entertainment Content,Music,--,--
7PBP GR Equity,AFRICA GOLDFIELD,GH,Common Stock,--,--,--,--,Industrial Metals and Mining,General Mining,--,--,Metals & Mining,Precious Metals,Gold,--
PMRP PZ Equity,PALL MALL RESOUR,VG,Common Stock,--,--,--,--,Industrial Metals and Mining,General Mining,--,--,Metals & Mining,Mineral & Precious Stone Mining,--,--
EV8 AU Equity,EVERLAST MINERAL,AU,Common Stock,--,--,--,--,--,--,Metals & Mining,Diversified Metals & Mining,Metals & Mining,Mineral & Precious Stone Mining,Mineral Mining,--
8209360Q LN Equity,ARICOM LTD,GB,Common Stock,--,--,55.86M,--,Industrial Metals and Mining,Iron and Steel,--,--,Engineering & Construction,Building Construction,--,--
TKX GR Equity,TRINITY MINING H,CH,Common Stock,--,--,--,--,Industrial Metals and Mining,General Mining,--,--,Metals & Mining,Mining Services,--,--
2501484D AU Equity,MINARA RESOURCES,AU,Common Stock,--,--,--,--,Industrial Metals and Mining,Nonferrous Metals,--,--,Metals & Mining,Base Metals,"Nickel, Lead & Zinc",Nickel
PMM AU Equity,CLIFFS ASIA PAC,AU,Common Stock,--,--,--,177,Industrial Metals and Mining,Iron and Steel,--,--,Metals & Mining,Iron,Iron Ore Mining,--
VINS US Equity,VINDICATOR SILVE,US,Common Stock,--,--,--,--,Industrial Metals and Mining,General Mining,--,--,Metals & Mining,Precious Metals,Silver,--
FAKM MS Equity,FAKOM AD SKOPJE,MK,Common Stock,--,--,--,660,Industrial Metals and Mining,Iron and Steel,--,--,Engineering & Construction,Infrastructure Construction,--,--
PMH AU Equity,PACMAG METALS LT,AU,Common Stock,--,--,13.64M,--,Industrial Metals and Mining,General Mining,--,--,Metals & Mining,Base Metals,--,--
0353492D CN Equity,AFRICAN AURA RES,ZA,Common Stock,--,--,--,--,Industrial Metals and Mining,General Mining,--,--,Metals & Mining,Precious Metals,--,--
ESCI US Equity,EARTH SCIENCES,US,Common Stock,--,--,--,--,Industrial Metals and Mining,General Mining,--,--,Metals & Mining,Mineral & Precious Stone Mining,--,--
AMG AU Equity,ASHBY MINING LTD,AU,Common Stock,--,--,--,--,Industrial Metals and Mining,General Mining,--,--,Metals & Mining,Precious Metals,Gold,--
MEK IN Equity,MEK SLOTTED ANG,IN,Common Stock,--,--,--,--,Industrial Metals and Mining,General Mining,--,--,--,--,--,--
ARGENTC1 PE Equity,CIA MINERA ARGEN,PE,Common Stock,--,--,--,1k,Industrial Metals and Mining,Nonferrous Metals,--,--,Metals & Mining,Base Metals,--,--
VOS/H CN Equity,VOSTOK MINERALS,CA,Common Stock,--,--,--,--,Industrial Metals and Mining,General Mining,--,--,Metals & Mining,Precious Metals,Gold,--
1396915D CN Equity,DARWIN RESOURCES,CA,Common Stock,--,--,--,--,Industrial Metals and Mining,General Mining,Metals & Mining,Diversified Metals & Mining,Metals & Mining,Precious Metals,Gold,--
1221370D CN Equity,REVOLUTION TECH,CA,Common Stock,--,--,--,--,Industrial Metals and Mining,General Mining,Metals & Mining,Diversified Metals & Mining,Metals & Mining,Mineral & Precious Stone Mining,--,--
FFGO US Equity,FORTRESS FINANCI,US,Common Stock,--,--,--,--,Industrial Metals and Mining,General Mining,--,--,Specialty Finance,Consumer Finance,Credit Card Lending,--
FLWD US Equity,FILEWARDEN.COM,US,Common Stock,--,--,--,--,Industrial Metals and Mining,General Mining,--,--,Internet Media & Services,Internet Media & Services,--,--
GIR AU Equity,GIRALIA RESOURCE,AU,Common Stock,--,--,--,--,Industrial Metals and Mining,General Mining,--,--,Metals & Mining,Iron,--,--
TODAF US Equity,TODA INTL HD INC,CN,Common Stock,--,--,--,--,Industrial Metals and Mining,Nonferrous Metals,--,--,Electrical Equipment,Electrical Components,Wire & Cable,--
TPOSQ US Equity,TARPON INDUSTRIE,US,Common Stock,--,--,--,--,Industrial Metals and Mining,Iron and Steel,--,--,Steel,Steel Producers,--,--
1254998D CN Equity,NAP QUEBEC MINES,CA,Common Stock,--,--,--,--,Industrial Metals and Mining,General Mining,--,--,Metals & Mining,Precious Metals,Gold,--
1263553D CN Equity,INTL ROYALTY COR,US,Common Stock,--,--,--,--,Industrial Metals and Mining,Nonferrous Metals,--,--,Metals & Mining,Mineral & Precious Stone Mining,--,--
84NN GR Equity,NORTH THUNDER BA,CA,Common Stock,--,--,--,--,Industrial Metals and Mining,General Mining,--,--,Metals & Mining,Base Metals,--,--
TPUTQ US Equity,BARZEL INDUSTRIE,US,Common Stock,--,--,--,--,Industrial Metals and Mining,Iron and Steel,--,--,Steel,Steel Producers,--,--
8372702Q CN Equity,ATHABASCA POTASH,CA,Common Stock,--,--,--,--,Industrial Metals and Mining,General Mining,--,--,Metals & Mining,Mineral & Precious Stone Mining,--,--
GGUO US Equity,GUARDIANS OF GOL,CA,Common Stock,--,--,--,--,Industrial Metals and Mining,General Mining,--,--,Metals & Mining,Precious Metals,Gold,--
2371863D CN Equity,BLOK TECHNOLOGIE,CA,Common Stock,--,--,--,--,Industrial Metals and Mining,General Mining,--,--,Asset Management,Investment Companies,--,--
ER CN Equity,EAGLE ROYALTIES,CA,Common Stock,--,--,3.85M,--,Industrial Metals and Mining,General Mining,--,--,Metals & Mining,Mining Services,--,--
PTSI RU Equity,PRIISK TSI-BRD,RU,Common Stock,--,--,--,--,Industrial Metals and Mining,General Mining,--,--,Metals & Mining,Precious Metals,--,--
FROT US Equity,FALCOLNRIDGE OIL,CA,Common Stock,--,--,--,--,Industrial Metals and Mining,General Mining,Energy Equipment & Services,Oil & Gas Drilling,Oil & Gas Supply Chain,Exploration & Production,--,--
MDMN US Equity,MEDINAH MINERALS,US,Common Stock,--,--,--,--,Industrial Metals and Mining,General Mining,Metals & Mining,Diversified Metals & Mining,Metals & Mining,Mineral & Precious Stone Mining,--,--
GAU AU Equity,GREAT AUSTRALIAN,AU,Common Stock,--,--,1.75M,--,Industrial Metals and Mining,General Mining,--,--,Metals & Mining,Base Metals,--,--
1119587D CN Equity,ECU SILVER MINE,CA,Common Stock,--,--,--,--,Industrial Metals and Mining,General Mining,--,--,Metals & Mining,Precious Metals,--,--
2407723D GR Equity,INCAN GOLD CORPY,CA,Common Stock,--,--,--,--,Industrial Metals and Mining,General Mining,--,--,Metals & Mining,Precious Metals,Gold,--
GMEX US Equity,GOLDMOUNTAIN EXP,US,Common Stock,--,--,--,--,Industrial Metals and Mining,General Mining,--,--,Metals & Mining,Mineral & Precious Stone Mining,--,--
8217411Q CN Equity,SARGOLD RESOURCE,CA,Common Stock,--,--,--,--,Industrial Metals and Mining,General Mining,--,--,Metals & Mining,Precious Metals,Gold,--
2445542D US Equity,NIKA BIOTECHNOLO,CA,Common Stock,--,--,--,--,Industrial Metals and Mining,General Mining,--,--,Metals & Mining,Mining Services,--,--
ANS AU Equity,AUSTSINO RESOURC,AU,Common Stock,--,--,1.56M,--,Industrial Metals and Mining,General Mining,Metals & Mining,Steel,Metals & Mining,Base Metals,--,--
WLIC US Equity,WESTERN LIME COR,US,Common Stock,--,--,--,--,Industrial Metals and Mining,General Mining,--,--,Construction Materials,Cement & Aggregates,--,--
TTY AU Equity,TERRITORY RESOUR,AU,Common Stock,--,--,--,--,Industrial Metals and Mining,Iron and Steel,--,--,Metals & Mining,Iron,--,--
RFV AU Equity,RIFT VALLEY RESO,AU,Common Stock,--,--,12.19M,--,Industrial Metals and Mining,General Mining,--,--,Metals & Mining,Base Metals,--,--
AADG US Equity,ASIAN DRAGON GRO,US,Common Stock,--,--,--,--,Industrial Metals and Mining,General Mining,Metals & Mining,Diversified Metals & Mining,Metals & Mining,Precious Metals,Gold,--
LIPRO/A PE Equity,MINERA LIZANDR-A,PE,Common Stock,--,--,--,--,Industrial Metals and Mining,General Mining,--,--,--,--,--,--
2076150D AU Equity,CBH RESOURCES,AU,Common Stock,--,--,--,--,Industrial Metals and Mining,General Mining,--,--,Metals & Mining,Base Metals,--,--
RGU CN Equity,RANGE GOLD CORP,CA,Common Stock,--,--,--,--,Industrial Metals and Mining,General Mining,--,--,Metals & Mining,Precious Metals,Gold,--
MFMM US Equity,MAYFAIR MNG&MIN,GB,Common Stock,--,--,--,--,Industrial Metals and Mining,General Mining,--,--,Metals & Mining,Base Metals,--,--
ROAC US Equity,ROCK OF AGES,US,Common Stock,--,--,--,--,Industrial Metals and Mining,General Mining,--,--,Construction Materials,Building Materials,Stone Building Products,Granite
RFIVF US Equity,RESOURCE FINANCE,CH,Common Stock,--,--,--,--,Industrial Metals and Mining,General Mining,--,--,Metals & Mining,Mineral & Precious Stone Mining,--,--
9AR G4 Equity,ASTRA RESOURCES,GB,Common Stock,--,--,--,--,Industrial Metals and Mining,General Mining,--,--,Metals & Mining,Base Metals,--,--
REXEF US Equity,RUSH EXPLORATION,CA,Common Stock,--,--,--,--,Industrial Metals and Mining,General Mining,--,--,Metals & Mining,Base Metals,--,--
9990214D CN Equity,KOOTENAY SILVER,CA,Common Stock,--,--,34.47M,--,Industrial Metals and Mining,General Mining,Metals & Mining,Silver,Metals & Mining,Precious Metals,Silver,--
LVN CN Equity,LEVON RESOURCES,CA,Common Stock,--,--,--,--,Industrial Metals and Mining,General Mining,Metals & Mining,Silver,Metals & Mining,Precious Metals,Silver,--
UW CN Equity,UNDERWORLD RESOU,CA,Common Stock,--,--,--,--,Industrial Metals and Mining,General Mining,--,--,Metals & Mining,Precious Metals,Gold,--
7410 JP Equity,YOKOHAMA STEEL,JP,Common Stock,--,--,--,27,Industrial Metals and Mining,Iron and Steel,--,--,Steel,Metal Svc Centers & Processors,--,--
PIR CN Equity,PERIAL LTD,CA,Common Stock,--,--,--,--,Industrial Metals and Mining,General Mining,--,--,Metals & Mining,Mining Services,--,--
AMET RU Equity,ALCOA METALLURG,RU,Common Stock,--,--,--,--,Industrial Metals and Mining,Aluminum,--,--,Asset Management,Investment Companies,Investment Holding Companies,--
GPN LN Equity,GLADSTONE PACIFI,AU,Common Stock,--,--,29.85M,--,Industrial Metals and Mining,Nonferrous Metals,--,--,Metals & Mining,Base Metals,--,--
PIEX US Equity,PIONEER EXPLORAT,CA,Common Stock,--,--,--,--,Industrial Metals and Mining,Nonferrous Metals,Commercial Services & Supplies,Environmental & Facilities Services,Metals & Mining,Base Metals,--,--
LSX CN Equity,LASALLE EXPLORAT,CA,Common Stock,--,--,5.34M,--,Industrial Metals and Mining,General Mining,Metals & Mining,Diversified Metals & Mining,Metals & Mining,Mining Services,--,--
USI IN Equity,USHA ISPAT LTD,IN,Common Stock,--,--,--,--,Industrial Metals and Mining,Iron and Steel,--,--,Steel,Steel Producers,--,--
0687189D CN Equity,US STEEL CANADA,CA,Common Stock,--,--,--,--,Industrial Metals and Mining,Iron and Steel,--,--,Steel,Steel Producers,--,--
FCH CN Equity,FAR CITY MINING,HK,Common Stock,--,--,--,--,Industrial Metals and Mining,General Mining,--,--,Metals & Mining,Base Metals,--,--
GNVHQ US Equity,GENEVA STEEL HOL,US,Common Stock,--,--,--,--,Industrial Metals and Mining,Iron and Steel,--,--,Steel,Steel Producers,--,--
FELA RO Equity,FELAM SA MEDIAS,RO,Common Stock,--,--,--,--,Industrial Metals and Mining,Metal Fabricating,--,--,Industrial Intermediate Prod,Fabricated Metal & Hardware,--,--
0759047D CN Equity,BREAKWATER RES,CA,Common Stock,--,--,--,--,Industrial Metals and Mining,Nonferrous Metals,--,--,Metals & Mining,Base Metals,--,--
0633306D AU Equity,STAR ENTERTAINME,AU,Common Stock,--,--,--,--,Industrial Metals and Mining,General Mining,--,--,Leisure Facilities & Services,Lodging,Casino Hotels,--
GMXS US Equity,GEMINI EXPLORATI,US,Common Stock,--,--,--,--,Industrial Metals and Mining,General Mining,--,--,Metals & Mining,Precious Metals,Gold,--
TMI AU Equity,TRAPROCK MINING,AU,Common Stock,--,--,--,--,Industrial Metals and Mining,General Mining,--,--,Metals & Mining,Precious Metals,Gold,--
1313814D CN Equity,RIO TINTO CANADA,CA,Common Stock,--,--,--,--,Industrial Metals and Mining,Nonferrous Metals,--,--,Metals & Mining,Base Metals,Uranium,--
058480 KS Equity,HAE WON STEEL TE,KR,Common Stock,--,--,--,59,Industrial Metals and Mining,Iron and Steel,--,--,Steel,Steel Producers,--,--
1365732D US Equity,FERROGLOBE USA I,US,Common Stock,--,--,--,--,Industrial Metals and Mining,Nonferrous Metals,Metals & Mining,Diversified Metals & Mining,Chemicals,Specialty Chemicals,Advanced Materials,Special Coated Metals
LER CN Equity,LERO GOLD CORP,CA,Common Stock,--,--,--,--,Industrial Metals and Mining,General Mining,--,--,Metals & Mining,Precious Metals,Gold,--
LGCPF US Equity,LINCOLN GOLD COR,CA,Common Stock,--,--,39.70k,--,Industrial Metals and Mining,General Mining,--,--,Metals & Mining,Precious Metals,Gold,--
AAG AU Equity,ARAGON RESOURCES,AU,Common Stock,--,--,--,254,Industrial Metals and Mining,General Mining,--,--,Metals & Mining,Precious Metals,--,--
2060 TT Equity,YUNG FA STEEL,TW,Common Stock,--,--,--,--,Industrial Metals and Mining,Iron and Steel,--,--,Steel,Steel Producers,--,--
BKMG US Equity,BURKE MINING CO,US,Common Stock,--,--,--,--,Industrial Metals and Mining,General Mining,--,--,Metals & Mining,Mineral & Precious Stone Mining,--,--
ZFX AU Equity,OZ MINERALS HOLD,AU,Common Stock,--,--,--,--,Industrial Metals and Mining,Nonferrous Metals,--,--,Metals & Mining,Base Metals,--,--
BULM US Equity,BULLION MONARCH,US,Common Stock,--,--,--,--,Industrial Metals and Mining,General Mining,--,--,Metals & Mining,Precious Metals,Gold,--
BUD AV Equity,BOEHLER-UDDEHOLM,AT,Common Stock,--,--,--,15k,Industrial Metals and Mining,Iron and Steel,--,--,Steel,Steel Producers,--,--
B06N GR Equity,BLACKHAWK MINES,PA,Common Stock,--,--,--,--,Industrial Metals and Mining,General Mining,--,--,Metals & Mining,Precious Metals,Gold,--
BSCL IN Equity,BALAJI INDUS COR,IN,Common Stock,--,--,--,--,Industrial Metals and Mining,Iron and Steel,--,--,Specialty Finance,Other Financial Services,--,--
CNN CN Equity,CHAI CHA NA MINI,CA,Common Stock,--,--,--,--,Industrial Metals and Mining,General Mining,--,--,Metals & Mining,Mineral & Precious Stone Mining,--,--
CNR AU Equity,CANNON RESOURCES,AU,Common Stock,--,--,44.54M,--,Industrial Metals and Mining,Nonferrous Metals,Metals & Mining,Diversified Metals & Mining,Metals & Mining,Base Metals,"Nickel, Lead & Zinc",--
BPWRF US Equity,BALATON POWER IN,CA,Common Stock,--,--,--,--,Industrial Metals and Mining,Aluminum,Metals & Mining,Diversified Metals & Mining,Renewable Energy,Renewable Energy Project Dev,--,--
BMX AU Equity,TRONOX MINING AU,AU,Common Stock,--,--,--,300,Industrial Metals and Mining,General Mining,--,--,Metals & Mining,Base Metals,--,--
ZMNL US Equity,ZONE MINING LTD,US,Common Stock,--,--,--,--,Industrial Metals and Mining,General Mining,--,--,Metals & Mining,Precious Metals,Gold,--
ZNXT US Equity,ZNEXT MINING COR,PH,Common Stock,--,--,--,--,Industrial Metals and Mining,General Mining,Metals & Mining,Precious Metals & Minerals,Metals & Mining,Precious Metals,--,--
BLAK US Equity,BLACK SEA METALS,US,Common Stock,--,--,--,--,Industrial Metals and Mining,General Mining,Metals & Mining,Diversified Metals & Mining,Metals & Mining,Mineral & Precious Stone Mining,--,--
BUV CN Equity,BUCHANS RIVER,CA,Common Stock,--,--,--,--,Industrial Metals and Mining,Nonferrous Metals,--,--,Metals & Mining,Mineral & Precious Stone Mining,--,--
BENK KZ Equity,BENKALA MINING C,KZ,Common Stock,--,--,--,--,Industrial Metals and Mining,Iron and Steel,Metals & Mining,Steel,Metals & Mining,Base Metals,--,--
CON/C PE Equity,CONDESTABLE-COM,PE,Common Stock,--,--,--,972,Industrial Metals and Mining,Nonferrous Metals,--,--,Metals & Mining,Base Metals,--,--
CPRKQ US Equity,COPPER KING MINI,US,Common Stock,--,--,--,--,Industrial Metals and Mining,General Mining,--,--,Metals & Mining,Base Metals,Copper,--
XSV/H CN Equity,YSV VENTURES INC,CA,Common Stock,--,--,--,--,Industrial Metals and Mining,General Mining,--,--,Asset Management,Investment Companies,--,--
CPY CN Equity,COPPER CANYON RE,CA,Common Stock,--,--,--,--,Industrial Metals and Mining,General Mining,--,--,Metals & Mining,Base Metals,--,--
000569 CH Equity,JIANGYOU CHANGCH,CN,Common Stock,--,--,--,--,Industrial Metals and Mining,Iron and Steel,--,--,Steel,Steel Producers,--,--
BDL AU Equity,BRANDRILL LTD,AU,Common Stock,--,--,--,516,Industrial Metals and Mining,General Mining,--,--,Metals & Mining,Mining Services,--,--
ZMDG SV Equity,ZELEZARNA RAVNE,SI,Common Stock,--,--,--,222,Industrial Metals and Mining,Iron and Steel,--,--,Steel,Steel Producers,Specialty Metals,--
CML CN Equity,CANICKEL MINING,CA,Common Stock,--,--,33.47M,--,Industrial Metals and Mining,General Mining,Metals & Mining,Diversified Metals & Mining,Metals & Mining,Base Metals,Copper,--
CRT AU Equity,CONS RUTILE LTD,AU,Common Stock,--,--,--,--,Industrial Metals and Mining,General Mining,--,--,Metals & Mining,Base Metals,--,--
CMIV US Equity,CAPITAL MINERAL,US,Common Stock,--,--,--,--,Industrial Metals and Mining,General Mining,--,--,Metals & Mining,Precious Metals,Gold,--
YCM MK Equity,YE CHIU METAL SM,MY,Common Stock,--,--,--,260,Industrial Metals and Mining,Aluminum,--,--,Metals & Mining,Base Metals,--,--
WLCO/H CN Equity,WELL TOLD CO INC,CA,Common Stock,--,--,--,--,Industrial Metals and Mining,General Mining,Personal Care Products,Personal Care Products,Tobacco & Cannabis,Cannabis,--,--
EKWX US Equity,EKWAN-X INC,CA,Common Stock,--,--,--,--,Industrial Metals and Mining,General Mining,Metals & Mining,Gold,Metals & Mining,Mineral & Precious Stone Mining,--,--
VTNA US Equity,VETANOVA INC,US,Common Stock,--,--,--,--,Industrial Metals and Mining,General Mining,Capital Markets,Asset Management & Custody Banks,Metals & Mining,Precious Metals,Gold,--
VWS IN Equity,VISHWAS STEELS,IN,Common Stock,--,--,--,--,Industrial Metals and Mining,Iron and Steel,--,--,Steel,Steel Producers,--,--
ASAL IN Equity,ASIAN ALLOYS LTD,IN,Common Stock,--,--,--,--,Industrial Metals and Mining,Iron and Steel,--,--,Steel,Steel Producers,--,--
EGX CN Equity,ECUADOR GOLD AND,CA,Common Stock,--,--,--,--,Industrial Metals and Mining,General Mining,Metals & Mining,Gold,Metals & Mining,Precious Metals,Gold,--
ELITE IN Equity,ELITE CONDUCTORS,IN,Common Stock,--,--,--,--,Industrial Metals and Mining,Nonferrous Metals,--,--,Industrial Intermediate Prod,Fabricated Metal & Hardware,Fabricated Metal,Wire Products
ELTRRA CZ Equity,ELEKTRODA ZAGREB,HR,Common Stock,--,--,--,--,Industrial Metals and Mining,Iron and Steel,--,--,Industrial Intermediate Prod,Fabricated Metal & Hardware,Fabricated Metal,Wire Products
EDLT US Equity,EAST DELTA RESOU,CA,Common Stock,--,--,--,--,Industrial Metals and Mining,General Mining,--,--,Metals & Mining,Precious Metals,Gold,--
DIACO CB Equity,GRUPO SIDERURGIC,CO,Common Stock,--,--,--,--,Industrial Metals and Mining,Iron and Steel,--,--,Steel,Steel Producers,--,--
EAS GR Equity,EL ALTO HOLDINGS,CH,Common Stock,--,--,--,--,Industrial Metals and Mining,General Mining,--,--,Metals & Mining,Precious Metals,Gold,--
WGC CN Equity,WINSTON GOLD COR,CA,Common Stock,--,--,--,--,Industrial Metals and Mining,General Mining,--,--,Metals & Mining,Mineral & Precious Stone Mining,--,--
DYRFF US Equity,DUNES EXPLORATIO,US,Common Stock,--,--,--,--,Industrial Metals and Mining,General Mining,--,--,Oil & Gas Supply Chain,Exploration & Production,--,--
DTRC US Equity,DAKOTA TERRITORY,US,Common Stock,--,--,--,--,Industrial Metals and Mining,General Mining,Metals & Mining,Gold,Metals & Mining,Precious Metals,Gold,--
WITM US Equity,WITS BASIN PRECI,US,Common Stock,--,--,12.15M,--,Industrial Metals and Mining,General Mining,--,--,Metals & Mining,Precious Metals,Gold,--
AVS IN Equity,ZENITH STEEL & T,IN,Common Stock,--,--,--,--,Industrial Metals and Mining,Iron and Steel,--,--,Steel,Steel Producers,"Long, Pipe & Tubular",Pipe & Tubular
EMINF US Equity,KORE POTASH LTD,AU,Common Stock,--,--,--,--,Industrial Metals and Mining,General Mining,Metals & Mining,Diversified Metals & Mining,Metals & Mining,Mineral & Precious Stone Mining,Mineral Mining,"Potash, Soda, Borate"
GVM CN Equity,GREEN STANDARD V,CA,Common Stock,--,--,--,--,Industrial Metals and Mining,General Mining,--,--,Metals & Mining,Mineral & Precious Stone Mining,--,--
WRLC US Equity,WINDROCK LTD CO,US,Common Stock,--,--,--,--,Industrial Metals and Mining,General Mining,"Oil, Gas & Consumable Fuels",Oil & Gas Exploration & Production,Metals & Mining,Coal Mining,--,--
EQBM US Equity,MENSA MINING COR,US,Common Stock,--,--,--,--,Industrial Metals and Mining,General Mining,--,--,Metals & Mining,Mineral & Precious Stone Mining,--,--
CNCO LN Equity,CUNICO RESOURCES,NL,Common Stock,--,--,--,--,Industrial Metals and Mining,Nonferrous Metals,--,--,Metals & Mining,Base Metals,--,--
WRTLQ US Equity,WEIRTON STEEL,US,Common Stock,--,--,--,--,Industrial Metals and Mining,Iron and Steel,--,--,Steel,Steel Producers,--,--
DMXC US Equity,DELTA MINING AND,US,Common Stock,--,--,--,--,Industrial Metals and Mining,General Mining,--,--,Metals & Mining,Mineral & Precious Stone Mining,Precious Stone Mining,--
DMD/H CN Equity,DIAMOND HAWK MIN,CA,Common Stock,--,--,--,--,Industrial Metals and Mining,General Mining,--,--,Metals & Mining,Mineral & Precious Stone Mining,Precious Stone Mining,--
DIDG US Equity,DIGITAL DEVELOPM,US,Common Stock,--,--,--,--,Industrial Metals and Mining,General Mining,--,--,Metals & Mining,Mineral & Precious Stone Mining,--,--
EASE EY Equity,ALUMINIUM SULPHA,EG,Common Stock,--,--,--,--,Industrial Metals and Mining,Aluminum,--,--,--,--,--,--
CAMP CN Equity,CANADIAN GOLDCAM,CA,Common Stock,--,--,--,--,Industrial Metals and Mining,General Mining,--,--,Metals & Mining,Base Metals,--,--
AZGFF US Equity,AZTECA GOLD CORP,US,Common Stock,--,--,--,--,Industrial Metals and Mining,General Mining,Metals & Mining,Diversified Metals & Mining,Metals & Mining,Precious Metals,--,--
0825162D CN Equity,EXPLORATOR RESOU,CA,Common Stock,--,--,--,--,Industrial Metals and Mining,General Mining,--,--,Metals & Mining,Base Metals,Copper,--
CZA CN Equity,COBRIZA METALS C,CA,Common Stock,--,--,--,--,Industrial Metals and Mining,General Mining,--,--,Metals & Mining,Mineral & Precious Stone Mining,--,--
1285440D CN Equity,NYRSTAR MINING L,CA,Common Stock,--,--,--,--,Industrial Metals and Mining,Nonferrous Metals,--,--,Metals & Mining,Base Metals,--,--
CZN CN Equity,CAN ZINC CORP,CA,Common Stock,--,--,--,--,Industrial Metals and Mining,Nonferrous Metals,Metals & Mining,Diversified Metals & Mining,Oil & Gas Supply Chain,Exploration & Production,--,--
GMML US Equity,GEMCO MINERALS I,CA,Common Stock,--,--,277.50k,--,Industrial Metals and Mining,General Mining,Metals & Mining,Gold,Metals & Mining,Precious Metals,Gold,--
FORS RO Equity,FORSEV SA DR T S,RO,Common Stock,--,--,--,--,Industrial Metals and Mining,Metal Fabricating,--,--,Industrial Intermediate Prod,Fabricated Metal & Hardware,--,--
WVNTF US Equity,WORLD VENTURES,CA,Common Stock,--,--,--,--,Industrial Metals and Mining,General Mining,--,--,Leisure Facilities & Services,Entertainment Facilities,Amusement & Theme Parks,--
1022757D CN Equity,PEREGRINE METALS,CA,Common Stock,--,--,15.03M,--,Industrial Metals and Mining,Nonferrous Metals,--,--,Metals & Mining,Precious Metals,--,--
TYC AU Equity,TETHYAN COPPER,AU,Common Stock,--,--,28.81M,136,Industrial Metals and Mining,General Mining,--,--,Metals & Mining,Base Metals,--,--
1013203D CN Equity,COPPER MESA MINI,US,Common Stock,--,--,--,--,Industrial Metals and Mining,Nonferrous Metals,Metals & Mining,Diversified Metals & Mining,Metals & Mining,Base Metals,Copper,--
DEV CN Equity,DELTA EXPLORATIO,CA,Common Stock,--,--,--,--,Industrial Metals and Mining,General Mining,--,--,Metals & Mining,Base Metals,--,--
FOR PZ Equity,FORBES VENTURES,GB,Common Stock,--,--,1.01M,--,Industrial Metals and Mining,General Mining,Metals & Mining,Diversified Metals & Mining,Metals & Mining,Base Metals,--,--
1002173D CN Equity,TERRANE METALS C,CA,Common Stock,--,--,--,--,Industrial Metals and Mining,General Mining,--,--,Metals & Mining,Precious Metals,--,--
CYTG CN Equity,CRYSTAL GRAPHITE,CA,Common Stock,--,--,--,--,Industrial Metals and Mining,Nonferrous Metals,--,--,Construction Materials,Cement & Aggregates,Aggregates,--
1290558D GR Equity,AREQUIPA MINERAL,CA,Common Stock,--,--,--,--,Industrial Metals and Mining,General Mining,--,--,Metals & Mining,Precious Metals,Gold,--
QMG AU Equity,QUAY MAGNESIUM L,AU,Common Stock,--,--,--,--,Industrial Metals and Mining,Nonferrous Metals,--,--,Metals & Mining,Base Metals,--,--
0KC GR Equity,KENNEDY CAPITAL,US,Common Stock,--,--,--,--,Industrial Metals and Mining,General Mining,--,--,Specialty Finance,Consumer Finance,Consumer Microlending,--
8714 TT Equity,NEW SUN METAL IN,TW,Common Stock,--,--,--,--,Industrial Metals and Mining,Aluminum,--,--,Metals & Mining,Base Metals,Aluminum,--
PWEI US Equity,PACWEST EQUITIES,US,Common Stock,--,--,--,--,Industrial Metals and Mining,General Mining,--,--,Commercial Support Services,Other Commercial Support Svcs,--,--
UAI GR Equity,URANIO AG,CH,Common Stock,--,--,--,--,Industrial Metals and Mining,Nonferrous Metals,--,--,Metals & Mining,Base Metals,--,--
PVEN US Equity,PRESS VENTURES I,CA,Common Stock,--,--,--,--,Industrial Metals and Mining,General Mining,Household Products,Household Products,Metals & Mining,Base Metals,--,--
FLR CN Equity,FULCRUM RESOURCE,CA,Common Stock,--,--,--,--,Industrial Metals and Mining,General Mining,--,--,Metals & Mining,Mineral & Precious Stone Mining,--,--
UEP LN Equity,UMC ENERGY CORP,MC,Common Stock,--,--,50.09M,--,Industrial Metals and Mining,General Mining,"Oil, Gas & Consumable Fuels",Coal & Consumable Fuels,Metals & Mining,Base Metals,Uranium,--
2349374D CN Equity,KOBEX RES LTD,CA,Common Stock,--,--,--,--,Industrial Metals and Mining,General Mining,--,--,Metals & Mining,Precious Metals,--,--
APRB RO Equity,APROMAT SA,RO,Common Stock,--,--,--,--,Industrial Metals and Mining,General Mining,--,--,Industrial Support Services,Industrial Wholesale & Rental,Industrial Machinery Whslrs,--
UGVMF US Equity,UNGAVA MINES INC,CA,Common Stock,--,--,--,--,Industrial Metals and Mining,General Mining,--,--,Metals & Mining,Mineral & Precious Stone Mining,--,--
UKL AU Equity,URANIUM KING,AU,Common Stock,--,--,6.13M,--,Industrial Metals and Mining,Nonferrous Metals,--,--,Metals & Mining,Base Metals,--,--
CUAU US Equity,CASABLANCA MININ,US,Common Stock,--,--,--,--,Industrial Metals and Mining,General Mining,Metals & Mining,Gold,Metals & Mining,Base Metals,--,--
CHMN US Equity,CHESTER MINING,US,Common Stock,--,--,--,--,Industrial Metals and Mining,General Mining,--,--,"Forestry, Paper & Wood Products",Forestry & Logging,Timber Resources,--
ATOA US Equity,ALTOVIDA INC,US,Common Stock,--,--,22.72k,--,Industrial Metals and Mining,General Mining,--,--,Metals & Mining,Precious Metals,--,--
AWEC US Equity,AMERIWEST ENERGY,US,Common Stock,--,--,--,--,Industrial Metals and Mining,General Mining,--,--,Oil & Gas Supply Chain,Exploration & Production,--,--
CHL CN Equity,CHAPARRAL GOLD C,US,Common Stock,--,--,--,--,Industrial Metals and Mining,General Mining,Metals & Mining,Gold,Metals & Mining,Precious Metals,Gold,--
CHCK CN Equity,NORRIS LITHIUM I,CA,Common Stock,--,--,1.09M,--,Industrial Metals and Mining,General Mining,--,--,Metals & Mining,Mineral & Precious Stone Mining,Mineral Mining,--
CGMX US Equity,CIGMA METALS,CA,Common Stock,--,--,--,--,Industrial Metals and Mining,General Mining,Metals & Mining,Precious Metals & Minerals,Metals & Mining,Precious Metals,Gold,--
CSTW US Equity,CENTRAL STEEL AN,US,Common Stock,--,--,--,--,Industrial Metals and Mining,Iron and Steel,Trading Companies & Distributors,Trading Companies & Distributors,Metals & Mining,Base Metals,--,--
YUNW US Equity,YUANWANG RICH SE,US,Common Stock,--,--,--,--,Industrial Metals and Mining,General Mining,--,--,Commercial Support Services,Other Commercial Support Svcs,--,--
ZAU GR Equity,AU MINERA CORP,CA,Common Stock,--,--,--,--,Industrial Metals and Mining,General Mining,--,--,Metals & Mining,Mineral & Precious Stone Mining,--,--
CAPCO IN Equity,CAPCO INDUSTRIES,IN,Common Stock,--,--,--,--,Industrial Metals and Mining,Iron and Steel,--,--,Industrial Intermediate Prod,Fabricated Metal & Hardware,--,--
CGFI US Equity,COLORADO GOLDF-A,US,Common Stock,--,--,--,--,Industrial Metals and Mining,General Mining,Metals & Mining,Precious Metals & Minerals,Metals & Mining,Precious Metals,Gold,--
CGDF US Equity,COLOMBIA GOLDFIE,CA,Common Stock,--,--,37.07M,--,Industrial Metals and Mining,General Mining,--,--,Metals & Mining,Precious Metals,Gold,--
CTC IN Equity,CHOKSI TUBE CO,IN,Common Stock,--,--,--,--,Industrial Metals and Mining,Iron and Steel,--,--,Steel,Steel Producers,--,--
CFCM US Equity,CHIEF CONS MNG,US,Common Stock,--,--,3.41M,--,Industrial Metals and Mining,General Mining,--,--,Metals & Mining,Base Metals,--,--
CEM CN Equity,CONSTANTINE META,CA,Common Stock,--,--,24.83M,--,Industrial Metals and Mining,General Mining,Metals & Mining,Diversified Metals & Mining,Metals & Mining,Mineral & Precious Stone Mining,--,--
CDZ AU Equity,CORTICAL DYNAMIC,AU,Common Stock,--,--,--,--,Industrial Metals and Mining,General Mining,--,--,Medical Equipment & Devices,Medical Equipment,--,--
CUR AU Equity,CENTAURUS RESOUR,AU,Common Stock,--,--,10.34M,9,Industrial Metals and Mining,General Mining,--,--,Metals & Mining,Precious Metals,--,--
CDNN US Equity,CHINA INDUSTRIAL,US,Common Stock,--,--,--,--,Industrial Metals and Mining,Iron and Steel,Metals & Mining,Steel,Steel,Steel Producers,--,--
CDMC US Equity,CINDISUE MINING,US,Common Stock,--,--,--,--,Industrial Metals and Mining,General Mining,--,--,Metals & Mining,Mineral & Precious Stone Mining,--,--
ATEC KZ Equity,ALTYNEX COMPANY,KZ,Common Stock,--,--,--,--,Industrial Metals and Mining,General Mining,Metals & Mining,Gold,Metals & Mining,Mineral & Precious Stone Mining,--,--
CUY AU Equity,NU ENERGY RESOUR,AU,Common Stock,--,--,11.83M,--,Industrial Metals and Mining,Nonferrous Metals,--,--,Metals & Mining,Base Metals,--,--
ZENO US Equity,ZENOSENSE INC,ES,Common Stock,--,--,--,--,Industrial Metals and Mining,General Mining,--,--,Medical Equipment & Devices,Medical Devices,--,--
CCOB US Equity,CENTURY COBALT C,US,Common Stock,--,--,--,--,Industrial Metals and Mining,General Mining,Metals & Mining,Diversified Metals & Mining,Metals & Mining,Base Metals,Cobalt,--
CCC/H CN Equity,CHELSEA MINERALS,CA,Common Stock,--,--,--,--,Industrial Metals and Mining,General Mining,--,--,Oil & Gas Supply Chain,Exploration & Production,--,--
AYXE US Equity,AYERS EXPLORATIO,AU,Common Stock,--,--,--,--,Industrial Metals and Mining,General Mining,--,--,Metals & Mining,Mineral & Precious Stone Mining,--,--
ASYI US Equity,AISYSTEMS INC,US,Common Stock,--,--,--,--,Industrial Metals and Mining,General Mining,--,--,Software,Application Software,Enterprise Software,--
CYD CN Equity,CAYDEN RESOURCES,CA,Common Stock,--,--,50.25M,--,Industrial Metals and Mining,General Mining,Metals & Mining,Diversified Metals & Mining,Metals & Mining,Precious Metals,Gold,--
5944 JP Equity,HITACHI POWD/MET,JP,Common Stock,--,--,--,2k,Industrial Metals and Mining,Nonferrous Metals,--,--,Industrial Intermediate Prod,Fabricated Metal & Hardware,--,--
ELAR RO Equity,ELARS SA RAMNICU,RO,Common Stock,--,--,--,--,Industrial Metals and Mining,Metal Fabricating,--,--,Industrial Intermediate Prod,Fabricated Metal & Hardware,--,--
5980 JP Equity,TANAKA GALVANIZI,JP,Common Stock,--,--,--,349,Industrial Metals and Mining,Iron and Steel,--,--,Industrial Intermediate Prod,Fabricated Metal & Hardware,--,--
MVL SJ Equity,MVELAPHANDA RES,ZA,Common Stock,--,--,--,--,Industrial Metals and Mining,General Mining,--,--,Metals & Mining,Precious Metals,--,--
3393199Q US Equity,ANHEUSER-BUSCH C,US,Common Stock,--,--,--,--,Industrial Metals and Mining,General Mining,--,--,Beverages,Alcoholic Beverages,Brewers,--
NED IN Equity,NAMTECH ELEC DEV,IN,Common Stock,--,--,--,--,Industrial Metals and Mining,General Mining,--,--,Electrical Equipment,Electrical Components,--,--
SSI IN Equity,SINGHAL SWAROOP,IN,Common Stock,--,--,--,--,Industrial Metals and Mining,Iron and Steel,--,--,Steel,Steel Producers,Specialty Metals,--
HIKO US Equity,HIKO ENERGY CORP,US,Common Stock,--,--,--,--,Industrial Metals and Mining,General Mining,--,--,Oil & Gas Supply Chain,Exploration & Production,--,--
HMNC US Equity,HONDO MINERALS C,US,Common Stock,--,--,--,--,Industrial Metals and Mining,General Mining,Metals & Mining,Diversified Metals & Mining,Metals & Mining,Base Metals,--,--
HMP AU Equity,HAMPTON MINING P,AU,Common Stock,--,--,--,--,Industrial Metals and Mining,General Mining,--,--,Metals & Mining,Mineral & Precious Stone Mining,--,--
1631080D AU Equity,ALLEGIANCE MNG,AU,Common Stock,--,--,222.83M,--,Industrial Metals and Mining,Nonferrous Metals,--,--,Metals & Mining,Base Metals,--,--
MOI AU Equity,MOGUL RESOURCES,AU,Common Stock,--,--,405.86k,--,Industrial Metals and Mining,General Mining,--,--,Metals & Mining,Base Metals,--,--
OTMN US Equity,O T MINING CORP,CA,Common Stock,--,--,--,--,Industrial Metals and Mining,General Mining,Metals & Mining,Diversified Metals & Mining,Metals & Mining,Precious Metals,--,--
ORXM US Equity,OREX MINERALS,US,Common Stock,--,--,--,--,Industrial Metals and Mining,General Mining,--,--,Metals & Mining,Mineral & Precious Stone Mining,--,--
OML IN Equity,OSWAL MINERALS L,IN,Common Stock,--,--,--,--,Industrial Metals and Mining,General Mining,--,--,Industrial Support Services,Industrial Wholesale & Rental,Industrial Machinery Whslrs,--
IDG AU Equity,INDAGO RESOURCES,AU,Common Stock,--,--,--,--,Industrial Metals and Mining,General Mining,--,--,Metals & Mining,Precious Metals,--,--
IFYGF US Equity,INFINITY MINING,CA,Common Stock,--,--,--,--,Industrial Metals and Mining,General Mining,--,--,Metals & Mining,Precious Metals,Gold,--
SRZ IN Equity,SUNRISE ZINC,IN,Common Stock,--,--,--,--,Industrial Metals and Mining,Nonferrous Metals,--,--,Metals & Mining,Base Metals,--,--
SRE AU Equity,STIRLING RESOURC,AU,Common Stock,--,--,--,--,Industrial Metals and Mining,General Mining,--,--,Commercial Support Services,Professional Services,Mgmt & Admin Consulting Svcs,General Management Consulting
SRAE US Equity,SIERRA EXPLORATI,UA,Common Stock,--,--,--,--,Industrial Metals and Mining,General Mining,--,--,--,--,--,--
1732347D LN Equity,MAGHREB MINERALS,GB,Common Stock,--,--,968.43k,--,Industrial Metals and Mining,General Mining,--,--,Metals & Mining,Base Metals,--,--
HER LN Equity,HERENCIA RESOURC,GB,Common Stock,--,--,10.76M,--,Industrial Metals and Mining,General Mining,Metals & Mining,Diversified Metals & Mining,Metals & Mining,Base Metals,--,--
1764350D CN Equity,FIRST NARROWS RE,CA,Common Stock,--,--,--,--,Industrial Metals and Mining,General Mining,Metals & Mining,Diversified Metals & Mining,Metals & Mining,Base Metals,--,--
HTLJ US Equity,HEARTLAND INC,US,Common Stock,--,--,--,--,Industrial Metals and Mining,Iron and Steel,--,--,Specialty Finance,Other Financial Services,--,--
1638078D IN Equity,SORICH FOILS LTD,IN,Common Stock,--,--,--,--,Industrial Metals and Mining,Aluminum,Metals & Mining,Aluminum,--,--,--,--
HNTM US Equity,HUNTMOUNTAIN RES,US,Common Stock,--,--,--,--,Industrial Metals and Mining,General Mining,Metals & Mining,Diversified Metals & Mining,Metals & Mining,Precious Metals,--,--
STB IN Equity,STOTZ-BLACKSMITH,IN,Common Stock,--,--,--,--,Industrial Metals and Mining,Iron and Steel,--,--,Engineering & Construction,Engineering Services,Construction Engineering Svcs,--
1649794D GR Equity,HAWKHURST CAPIT,GB,Common Stock,--,--,--,--,Industrial Metals and Mining,General Mining,--,--,--,--,--,--
HPMFF US Equity,HOMELAND PRECIOU,US,Common Stock,--,--,--,--,Industrial Metals and Mining,General Mining,--,--,Metals & Mining,Mineral & Precious Stone Mining,Precious Stone Mining,--
1656735D GR Equity,GROSSMAN EISEN,DE,Common Stock,--,--,--,--,Industrial Metals and Mining,Iron and Steel,--,--,Steel,Steel Producers,Specialty Metals,--
ICY CN Equity,ICEFLOE TECHNOLO,CA,Common Stock,--,--,--,--,Industrial Metals and Mining,General Mining,--,--,Machinery,Other Machinery & Equipment,--,--
IDAM US Equity,IDARADO MINING,US,Common Stock,--,--,--,--,Industrial Metals and Mining,General Mining,--,--,Metals & Mining,Mineral & Precious Stone Mining,--,--
NGB/H CN Equity,NEWFOUNDLAND GOL,CA,Common Stock,--,--,--,--,Industrial Metals and Mining,General Mining,--,--,Metals & Mining,Precious Metals,Gold,--
NENAQ US Equity,NEENAH ENTERPRIS,US,Common Stock,--,--,--,2k,Industrial Metals and Mining,Iron and Steel,--,--,Machinery,Metalworking Machinery,--,--
NEO LN Equity,NEO ENERGY METAL,GB,Common Stock,--,--,928.57k,--,Industrial Metals and Mining,General Mining,"Oil, Gas & Consumable Fuels",Coal & Consumable Fuels,Asset Management,Investment Companies,--,--
5739 JP Equity,UACJ FOIL MANUFA,JP,Common Stock,--,--,--,360,Industrial Metals and Mining,Nonferrous Metals,--,--,Metals & Mining,Base Metals,--,--
NSR/H CN Equity,NSR RESOURCES,CA,Common Stock,--,--,--,--,Industrial Metals and Mining,General Mining,--,--,Chemicals,Basic & Diversified Chemicals,"Organic Resins, Fibers & Rubber",--
3JW BU Equity,STOMANA AD,BG,Common Stock,--,--,--,--,Industrial Metals and Mining,Iron and Steel,--,--,--,--,--,--
3JY BU Equity,YUZHEN INDUSTRIA,BG,Common Stock,--,--,--,--,Industrial Metals and Mining,Iron and Steel,Metals & Mining,Steel,Steel,Steel Producers,--,--
3458575Q CN Equity,ANGLO POTASH LTD,CA,Common Stock,--,--,--,--,Industrial Metals and Mining,General Mining,--,--,Metals & Mining,Mineral & Precious Stone Mining,--,--
4068885Q CN Equity,WILDROSE RES,CA,Common Stock,--,--,--,--,Industrial Metals and Mining,General Mining,--,--,Metals & Mining,Precious Metals,Gold,--
4119822Q CN Equity,RADIANT RESOURCE,CA,Common Stock,--,--,--,--,Industrial Metals and Mining,General Mining,--,--,--,--,--,--
4124028Q CN Equity,SHEFFIELD RESOUR,CA,Common Stock,--,--,--,--,Industrial Metals and Mining,Nonferrous Metals,--,--,Metals & Mining,Precious Metals,--,--
NSI IN Equity,NOVA STEELS LTD,IN,Common Stock,--,--,--,--,Industrial Metals and Mining,Iron and Steel,--,--,Steel,Steel Producers,--,--
2305702D CN Equity,CADRE RESOURCES,CA,Common Stock,--,--,--,--,Industrial Metals and Mining,General Mining,--,--,Metals & Mining,Precious Metals,Gold,--
RCHBF US Equity,ROCHE BAY PLC,GI,Common Stock,--,--,--,--,Industrial Metals and Mining,Iron and Steel,--,--,Metals & Mining,Iron,Iron Ore Mining,--
9868217Z AU Equity,BIGHILL RESOURCE,AU,Common Stock,--,--,--,--,Industrial Metals and Mining,Nonferrous Metals,--,--,Metals & Mining,Base Metals,--,--
RCB CN Equity,RED CRESCENT RES,TR,Common Stock,--,--,--,--,Industrial Metals and Mining,Nonferrous Metals,Metals & Mining,Diversified Metals & Mining,Metals & Mining,Base Metals,--,--
QUSW PA Equity,QUALITY STEEL,PK,Common Stock,--,--,--,--,Industrial Metals and Mining,Iron and Steel,--,--,Steel,Steel Producers,--,--
3N6 GR Equity,NIREK RESOURCES,CA,Common Stock,--,--,--,--,Industrial Metals and Mining,General Mining,--,--,Metals & Mining,Base Metals,--,--
3583703Z LN Equity,HUNTER BAY MINER,GB,Common Stock,--,--,--,--,Industrial Metals and Mining,General Mining,--,--,Metals & Mining,Precious Metals,Gold,--
3590253Q CN Equity,PROPHECY RESOURC,CA,Common Stock,--,--,--,--,Industrial Metals and Mining,General Mining,--,--,Metals & Mining,Base Metals,Copper,--
3621488Q CN Equity,WESTERN KELTIC,CA,Common Stock,--,--,--,--,Industrial Metals and Mining,Nonferrous Metals,--,--,Metals & Mining,Mineral & Precious Stone Mining,--,--
NVL US Equity,NOVELIS INC,US,Private Comp,--,--,--,--,Industrial Metals and Mining,Aluminum,--,--,Metals & Mining,Base Metals,Aluminum,--
NUNA DC Equity,NUNAMINERALS A/S,GL,Common Stock,--,--,19.61M,--,Industrial Metals and Mining,General Mining,Metals & Mining,Gold,Metals & Mining,Precious Metals,--,--
3740379Q CN Equity,CHAPLEAU RES LTD,CA,Common Stock,--,--,--,--,Industrial Metals and Mining,General Mining,--,--,Metals & Mining,Mineral & Precious Stone Mining,--,--
MH IN Equity,MOHATTA HECKEL,IN,Common Stock,--,--,--,--,Industrial Metals and Mining,Iron and Steel,--,--,Machinery,Other Machinery & Equipment,--,--
MJI IN Equity,MAJESTIC INDS,IN,Common Stock,--,--,--,--,Industrial Metals and Mining,Iron and Steel,--,--,Steel,Steel Producers,--,--
MLASM FP Equity,ASIA MINING,FR,Common Stock,--,--,--,--,Industrial Metals and Mining,General Mining,--,--,Metals & Mining,Base Metals,--,--
62735Q CN Equity,ENTOURAGE MINING,CA,Common Stock,--,--,--,--,Industrial Metals and Mining,General Mining,Metals & Mining,Precious Metals & Minerals,Construction Materials,Cement & Aggregates,Aggregates,--
MLVS IN Equity,MALVIKA STEEL,IN,Common Stock,--,--,--,--,Industrial Metals and Mining,Iron and Steel,--,--,Steel,Steel Producers,--,--
MNA LN Equity,MONTERRICO METAL,HK,Private Comp,--,--,--,--,Industrial Metals and Mining,General Mining,--,--,Metals & Mining,Base Metals,--,--
PAZRIO CB Equity,ACERIAS PAZ RIO,CO,Common Stock,--,--,--,--,Industrial Metals and Mining,Iron and Steel,Metals & Mining,Steel,Steel,Steel Producers,--,--
RSN/H CN Equity,POLAR RESOURCES,CA,Common Stock,--,--,13.13k,--,Industrial Metals and Mining,General Mining,Metals & Mining,Diversified Metals & Mining,Oil & Gas Supply Chain,Exploration & Production,Crude Oil & Natural Gas E&P,--
MNT LN Equity,AVENTINE RESOURC,IE,Common Stock,--,--,--,44,Industrial Metals and Mining,General Mining,--,--,Metals & Mining,Precious Metals,--,--
MOH IN Equity,MOH LTD,IN,Common Stock,--,--,--,--,Industrial Metals and Mining,General Mining,--,--,Software,Application Software,--,--
NQM AU Equity,NORTH QUEENSLAND,AU,Common Stock,--,--,--,--,Industrial Metals and Mining,Nonferrous Metals,--,--,Metals & Mining,Base Metals,--,--
499A GR Equity,HAIL FIRST PHARM,CA,Common Stock,--,--,--,--,Industrial Metals and Mining,General Mining,--,--,Biotech & Pharma,Specialty & Generic Pharma,Specialty Pharma,--
NHU/H CN Equity,NEW HORIZON URAN,CA,Common Stock,--,--,--,--,Industrial Metals and Mining,Nonferrous Metals,--,--,Metals & Mining,Mineral & Precious Stone Mining,--,--
5608 JP Equity,KAWAGUCHI METAL,JP,Common Stock,--,--,--,2k,Industrial Metals and Mining,Iron and Steel,--,--,Industrial Intermediate Prod,Fabricated Metal & Hardware,--,--
5450 JP Equity,TOYOHIRA STEEL C,JP,Common Stock,--,--,--,203,Industrial Metals and Mining,Iron and Steel,--,--,Steel,Steel Producers,--,--
NKPG SV Equity,NIKO ZELEZNIKI,SI,Common Stock,--,--,--,236,Industrial Metals and Mining,Nonferrous Metals,--,--,Machinery,Other Machinery & Equipment,Tools,Power Tools
NMOC US Equity,NEMO MOTORS CORP,US,Common Stock,--,--,--,--,Industrial Metals and Mining,General Mining,Automobiles,Automobile Manufacturers,Automotive,Automobiles,--,--
NMCX US Equity,NMC INC,US,Common Stock,--,--,--,--,Industrial Metals and Mining,General Mining,Metals & Mining,Gold,Metals & Mining,Mineral & Precious Stone Mining,--,--
MNGG US Equity,MINING GLOBAL IN,US,Common Stock,--,--,--,--,Industrial Metals and Mining,General Mining,--,--,Metals & Mining,Base Metals,--,--
2595386D CN Equity,CONCORD GREEN EN,CA,Common Stock,--,--,--,--,Industrial Metals and Mining,General Mining,Independent Power and Renewable Electricity Producers,Renewable Electricity,Renewable Energy,Renewable Energy Project Dev,Development & Construction,Solar Plant Construction
2595993D AU Equity,CONQUEST MINING,AU,Common Stock,--,--,--,251,Industrial Metals and Mining,General Mining,--,--,Metals & Mining,Precious Metals,Gold,--
