:START_ID,:END_ID
comp_1,tas_1
comp_2,tas_1
comp_3,tas_1
comp_4,tas_2
comp_5,tas_2
comp_6,tas_5
comp_7,tas_5
comp_8,tas_2
comp_9,tas_2
comp_10,tas_5
comp_11,tas_2
comp_12,tas_2
comp_13,tas_5
comp_14,tas_5
comp_15,tas_2
comp_16,tas_2
comp_17,tas_5
comp_18,tas_5
comp_19,tas_5
comp_20,tas_2
comp_21,tas_5
comp_22,tas_5
comp_23,tas_5
comp_24,tas_5
comp_25,tas_5
comp_26,tas_5
comp_27,tas_5
comp_28,tas_5
comp_29,tas_5
comp_30,tas_5
comp_31,tas_5
comp_32,tas_5
comp_33,tas_3
comp_34,tas_5
comp_35,tas_5
comp_36,tas_5
comp_37,tas_5
comp_38,tas_5
comp_39,tas_4
comp_40,tas_3
comp_41,tas_5
comp_42,tas_3
comp_43,tas_3
comp_44,tas_5
comp_45,tas_3
comp_46,tas_5
comp_47,tas_3
comp_48,tas_5
comp_49,tas_3
comp_50,tas_3
comp_51,tas_5
comp_52,tas_3
comp_53,tas_5
comp_54,tas_5
comp_55,tas_5
comp_56,tas_3
comp_57,tas_4
comp_58,tas_3
comp_59,tas_3
comp_60,tas_3
comp_61,tas_5
comp_62,tas_3
comp_63,tas_3
comp_64,tas_3
comp_65,tas_5
comp_66,tas_3
comp_67,tas_3
comp_68,tas_3
comp_69,tas_5
comp_70,tas_3
comp_71,tas_4
comp_72,tas_3
comp_73,tas_3
comp_74,tas_3
comp_75,tas_3
comp_76,tas_4
comp_77,tas_4
comp_78,tas_3
comp_79,tas_4
comp_80,tas_5
comp_81,tas_3
comp_82,tas_3
comp_83,tas_4
comp_84,tas_3
comp_85,tas_3
comp_86,tas_3
comp_87,tas_3
comp_88,tas_3
comp_89,tas_4
comp_90,tas_3
comp_91,tas_3
comp_92,tas_4
comp_93,tas_4
comp_94,tas_4
comp_95,tas_3
comp_96,tas_3
comp_97,tas_4
comp_98,tas_4
comp_99,tas_3
comp_100,tas_4
comp_101,tas_3
comp_102,tas_4
comp_103,tas_3
comp_104,tas_3
comp_105,tas_4
comp_106,tas_3
comp_107,tas_4
comp_108,tas_3
comp_109,tas_3
comp_110,tas_4
comp_111,tas_4
comp_112,tas_4
comp_113,tas_3
comp_114,tas_4
comp_115,tas_5
comp_116,tas_3
comp_117,tas_4
comp_118,tas_3
comp_119,tas_4
comp_120,tas_4
comp_121,tas_4
comp_122,tas_3
comp_123,tas_3
comp_124,tas_4
comp_125,tas_4
comp_126,tas_4
comp_127,tas_3
comp_128,tas_3
comp_129,tas_4
comp_130,tas_3
comp_131,tas_4
comp_132,tas_3
comp_133,tas_3
comp_134,tas_5
comp_135,tas_3
comp_136,tas_3
comp_137,tas_4
comp_138,tas_4
comp_139,tas_4
comp_140,tas_4
comp_141,tas_3
comp_142,tas_4
comp_143,tas_4
comp_144,tas_4
comp_145,tas_4
comp_146,tas_4
comp_147,tas_4
comp_149,tas_4
comp_150,tas_3
comp_151,tas_4
comp_152,tas_4
comp_153,tas_4
comp_154,tas_4
comp_156,tas_3
comp_157,tas_4
comp_158,tas_3
comp_159,tas_4
comp_160,tas_3
comp_161,tas_4
comp_162,tas_3
comp_163,tas_4
comp_164,tas_4
comp_165,tas_4
comp_166,tas_4
comp_167,tas_4
comp_168,tas_3
comp_169,tas_4
comp_170,tas_3
comp_171,tas_4
comp_172,tas_4
comp_173,tas_4
comp_174,tas_4
comp_175,tas_4
comp_176,tas_4
comp_177,tas_3
comp_178,tas_4
comp_179,tas_4
comp_180,tas_4
comp_181,tas_4
comp_182,tas_4
comp_183,tas_3
comp_184,tas_3
comp_185,tas_3
comp_186,tas_4
comp_187,tas_4
comp_188,tas_4
comp_189,tas_4
comp_190,tas_4
comp_191,tas_3
comp_192,tas_4
comp_193,tas_4
comp_194,tas_4
comp_195,tas_3
comp_196,tas_4
comp_197,tas_3
comp_198,tas_3
comp_199,tas_4
comp_200,tas_4
comp_201,tas_4
comp_202,tas_4
comp_203,tas_4
comp_204,tas_4
comp_205,tas_4
comp_206,tas_4
comp_207,tas_4
comp_208,tas_4
comp_209,tas_3
comp_210,tas_3
comp_211,tas_4
comp_212,tas_4
comp_213,tas_4
comp_214,tas_4
comp_215,tas_4
comp_216,tas_3
comp_217,tas_4
comp_218,tas_3
comp_219,tas_3
comp_220,tas_4
comp_221,tas_4
comp_222,tas_4
comp_223,tas_4
comp_224,tas_4
comp_226,tas_4
comp_227,tas_3
comp_228,tas_4
comp_229,tas_4
comp_230,tas_4
comp_231,tas_4
comp_232,tas_4
comp_233,tas_3
comp_234,tas_3
comp_235,tas_4
comp_236,tas_4
comp_237,tas_4
comp_238,tas_4
comp_239,tas_4
comp_240,tas_4
comp_241,tas_4
comp_242,tas_3
comp_243,tas_4
comp_244,tas_4
comp_245,tas_4
comp_246,tas_4
comp_247,tas_3
comp_248,tas_4
comp_249,tas_3
comp_250,tas_4
comp_251,tas_4
comp_252,tas_4
comp_253,tas_3
comp_254,tas_4
comp_255,tas_4
comp_256,tas_4
comp_257,tas_4
comp_258,tas_4
comp_259,tas_4
comp_260,tas_3
comp_261,tas_4
comp_262,tas_4
comp_263,tas_4
comp_264,tas_4
comp_265,tas_4
comp_267,tas_4
comp_268,tas_4
comp_269,tas_4
comp_270,tas_4
comp_271,tas_4
comp_272,tas_4
comp_273,tas_4
comp_274,tas_4
comp_275,tas_4
comp_276,tas_4
comp_277,tas_3
comp_278,tas_4
comp_279,tas_3
comp_280,tas_4
comp_281,tas_4
comp_282,tas_4
comp_283,tas_4
comp_284,tas_4
comp_285,tas_4
comp_286,tas_4
comp_287,tas_4
comp_288,tas_3
comp_289,tas_4
comp_290,tas_4
comp_291,tas_4
comp_292,tas_4
comp_293,tas_3
comp_294,tas_4
comp_295,tas_3
comp_296,tas_4
comp_297,tas_4
comp_298,tas_4
comp_299,tas_4
comp_300,tas_3
comp_301,tas_4
comp_302,tas_4
comp_303,tas_4
comp_304,tas_4
comp_305,tas_4
comp_306,tas_4
comp_307,tas_4
comp_308,tas_4
comp_309,tas_4
comp_310,tas_3
comp_311,tas_4
comp_312,tas_4
comp_313,tas_4
comp_314,tas_3
comp_315,tas_4
comp_316,tas_4
comp_317,tas_4
comp_318,tas_4
comp_319,tas_4
comp_320,tas_4
comp_321,tas_4
comp_322,tas_4
comp_323,tas_4
comp_324,tas_3
comp_325,tas_4
comp_326,tas_4
comp_328,tas_4
comp_329,tas_4
comp_330,tas_4
comp_332,tas_4
comp_333,tas_4
comp_334,tas_4
comp_335,tas_4
comp_336,tas_4
comp_337,tas_4
comp_338,tas_4
comp_339,tas_4
comp_340,tas_4
comp_341,tas_4
comp_342,tas_4
comp_344,tas_4
comp_345,tas_4
comp_346,tas_4
comp_347,tas_4
comp_348,tas_4
comp_349,tas_4
comp_350,tas_4
comp_351,tas_4
comp_353,tas_4
comp_354,tas_4
comp_355,tas_4
comp_356,tas_4
comp_357,tas_4
comp_358,tas_3
comp_359,tas_4
comp_360,tas_4
comp_361,tas_3
comp_362,tas_4
comp_363,tas_4
comp_364,tas_4
comp_365,tas_4
comp_366,tas_4
comp_367,tas_4
comp_368,tas_4
comp_369,tas_4
comp_370,tas_4
comp_371,tas_4
comp_372,tas_4
comp_373,tas_4
comp_374,tas_4
comp_375,tas_4
comp_376,tas_4
comp_377,tas_4
comp_378,tas_3
comp_379,tas_4
comp_380,tas_4
comp_381,tas_4
comp_382,tas_4
comp_383,tas_4
comp_384,tas_4
comp_385,tas_4
comp_386,tas_4
comp_387,tas_3
comp_388,tas_4
comp_389,tas_4
comp_390,tas_4
comp_391,tas_4
comp_392,tas_4
comp_393,tas_4
comp_394,tas_4
comp_395,tas_4
comp_396,tas_4
comp_397,tas_4
comp_398,tas_4
comp_399,tas_4
comp_400,tas_4
comp_401,tas_3
comp_402,tas_4
comp_403,tas_4
comp_404,tas_4
comp_405,tas_4
comp_406,tas_4
comp_407,tas_4
comp_408,tas_4
comp_409,tas_4
comp_410,tas_4
comp_411,tas_4
comp_412,tas_4
comp_413,tas_4
comp_414,tas_4
comp_415,tas_4
comp_416,tas_4
comp_417,tas_4
comp_418,tas_4
comp_419,tas_4
comp_420,tas_4
comp_421,tas_4
comp_422,tas_4
comp_423,tas_4
comp_424,tas_4
comp_425,tas_4
comp_426,tas_4
comp_427,tas_4
comp_428,tas_4
comp_429,tas_4
comp_430,tas_4
comp_431,tas_3
comp_432,tas_4
comp_433,tas_4
comp_434,tas_4
comp_435,tas_4
comp_436,tas_4
comp_437,tas_4
comp_438,tas_4
comp_439,tas_4
comp_440,tas_4
comp_441,tas_4
comp_442,tas_4
comp_443,tas_4
comp_444,tas_4
comp_445,tas_4
comp_446,tas_4
comp_447,tas_4
comp_448,tas_4
comp_449,tas_4
comp_450,tas_4
comp_451,tas_4
comp_452,tas_4
comp_453,tas_4
comp_454,tas_4
comp_455,tas_4
comp_456,tas_4
comp_457,tas_4
comp_458,tas_4
comp_459,tas_4
comp_460,tas_4
comp_461,tas_4
comp_462,tas_4
comp_463,tas_4
comp_464,tas_4
comp_465,tas_4
comp_466,tas_4
comp_467,tas_4
comp_469,tas_4
comp_470,tas_4
comp_471,tas_4
comp_472,tas_4
comp_473,tas_4
comp_474,tas_4
comp_475,tas_4
comp_476,tas_4
comp_477,tas_4
comp_478,tas_3
comp_479,tas_4
comp_480,tas_3
comp_481,tas_4
comp_482,tas_4
comp_483,tas_4
comp_484,tas_4
comp_485,tas_4
comp_486,tas_4
comp_487,tas_4
comp_488,tas_4
comp_489,tas_4
comp_490,tas_4
comp_491,tas_4
comp_492,tas_4
comp_493,tas_4
comp_494,tas_4
comp_495,tas_4
comp_496,tas_4
comp_497,tas_4
comp_498,tas_4
comp_499,tas_4
comp_500,tas_4
comp_501,tas_4
comp_502,tas_4
comp_503,tas_4
comp_504,tas_4
comp_505,tas_4
comp_506,tas_4
comp_507,tas_4
comp_508,tas_4
comp_509,tas_4
comp_510,tas_4
comp_511,tas_4
comp_512,tas_4
comp_513,tas_4
comp_514,tas_4
comp_515,tas_4
comp_516,tas_4
comp_517,tas_4
comp_518,tas_4
comp_519,tas_4
comp_520,tas_4
comp_521,tas_4
comp_522,tas_4
comp_523,tas_4
comp_524,tas_4
comp_525,tas_4
comp_526,tas_4
comp_527,tas_4
comp_528,tas_4
comp_529,tas_4
comp_530,tas_4
comp_531,tas_4
comp_532,tas_4
comp_533,tas_4
comp_534,tas_4
comp_535,tas_4
comp_536,tas_4
comp_537,tas_4
comp_538,tas_4
comp_539,tas_4
comp_540,tas_4
comp_541,tas_4
comp_542,tas_4
comp_543,tas_4
comp_544,tas_4
comp_545,tas_4
comp_546,tas_4
comp_547,tas_4
comp_548,tas_4
comp_549,tas_4
comp_550,tas_4
comp_551,tas_4
comp_552,tas_4
comp_553,tas_4
comp_554,tas_4
comp_555,tas_4
comp_556,tas_4
comp_557,tas_4
comp_558,tas_4
comp_559,tas_4
comp_560,tas_4
comp_561,tas_4
comp_562,tas_4
comp_563,tas_4
comp_564,tas_4
comp_565,tas_4
comp_566,tas_4
comp_567,tas_4
comp_568,tas_4
comp_569,tas_4
comp_570,tas_4
comp_571,tas_4
comp_572,tas_4
comp_573,tas_4
comp_574,tas_4
comp_575,tas_4
comp_576,tas_4
comp_577,tas_4
comp_578,tas_4
comp_579,tas_4
comp_580,tas_4
comp_581,tas_4
comp_582,tas_4
comp_583,tas_4
comp_584,tas_4
comp_585,tas_4
comp_586,tas_4
comp_587,tas_4
comp_588,tas_4
comp_589,tas_4
comp_590,tas_4
comp_591,tas_4
comp_592,tas_4
comp_593,tas_4
comp_594,tas_4
comp_595,tas_4
comp_596,tas_4
comp_597,tas_4
comp_598,tas_4
comp_599,tas_4
comp_600,tas_4
comp_601,tas_4
comp_602,tas_4
comp_603,tas_4
comp_604,tas_4
comp_605,tas_4
comp_606,tas_4
comp_607,tas_4
comp_608,tas_4
comp_609,tas_4
comp_610,tas_4
comp_611,tas_4
comp_612,tas_4
comp_613,tas_4
comp_614,tas_4
comp_615,tas_4
comp_616,tas_4
comp_617,tas_4
comp_618,tas_4
comp_619,tas_4
comp_620,tas_4
comp_621,tas_4
comp_622,tas_4
comp_623,tas_4
comp_624,tas_4
comp_625,tas_4
comp_626,tas_4
comp_627,tas_4
comp_628,tas_4
comp_629,tas_4
comp_630,tas_4
comp_631,tas_4
comp_632,tas_4
comp_633,tas_4
comp_634,tas_4
comp_635,tas_4
comp_636,tas_4
comp_637,tas_4
comp_638,tas_4
comp_639,tas_4
comp_640,tas_4
comp_641,tas_4
comp_642,tas_4
comp_643,tas_4
comp_644,tas_4
comp_645,tas_4
comp_646,tas_4
comp_647,tas_4
comp_648,tas_4
comp_649,tas_4
comp_650,tas_4
comp_651,tas_4
comp_652,tas_4
comp_653,tas_4
comp_654,tas_4
comp_655,tas_4
comp_656,tas_4
comp_657,tas_4
comp_658,tas_4
comp_659,tas_4
comp_660,tas_4
comp_661,tas_4
comp_662,tas_4
comp_663,tas_4
comp_664,tas_4
comp_665,tas_4
comp_666,tas_4
comp_667,tas_4
comp_668,tas_4
comp_669,tas_4
comp_670,tas_4
comp_671,tas_4
comp_672,tas_4
comp_673,tas_4
comp_674,tas_4
comp_675,tas_4
comp_676,tas_4
comp_677,tas_4
comp_678,tas_4
comp_679,tas_4
comp_680,tas_4
comp_681,tas_4
comp_682,tas_4
comp_683,tas_4
comp_684,tas_4
comp_685,tas_4
comp_686,tas_4
comp_687,tas_4
comp_688,tas_4
comp_689,tas_4
comp_690,tas_4
comp_691,tas_4
comp_692,tas_4
comp_693,tas_4
comp_694,tas_4
comp_695,tas_4
comp_696,tas_3
comp_697,tas_4
comp_698,tas_4
comp_699,tas_4
comp_700,tas_4
comp_701,tas_4
comp_702,tas_4
comp_703,tas_4
comp_704,tas_4
comp_705,tas_4
comp_706,tas_4
comp_707,tas_4
comp_708,tas_4
comp_709,tas_4
comp_710,tas_4
comp_711,tas_4
comp_712,tas_4
comp_713,tas_4
comp_714,tas_4
comp_715,tas_4
comp_717,tas_4
comp_718,tas_4
comp_719,tas_4
comp_720,tas_4
comp_721,tas_4
comp_722,tas_4
comp_723,tas_4
comp_724,tas_4
comp_725,tas_4
comp_726,tas_4
comp_727,tas_4
comp_728,tas_4
comp_729,tas_4
comp_730,tas_4
comp_731,tas_4
comp_732,tas_4
comp_733,tas_4
comp_734,tas_4
comp_735,tas_4
comp_736,tas_4
comp_737,tas_4
comp_738,tas_4
comp_739,tas_4
comp_740,tas_4
comp_741,tas_4
comp_742,tas_4
comp_743,tas_4
comp_744,tas_4
comp_745,tas_4
comp_746,tas_4
comp_747,tas_4
comp_748,tas_4
comp_749,tas_4
comp_750,tas_4
comp_751,tas_4
comp_752,tas_4
comp_753,tas_4
comp_754,tas_4
comp_755,tas_4
comp_756,tas_4
comp_757,tas_4
comp_758,tas_4
comp_759,tas_4
comp_760,tas_4
comp_761,tas_4
comp_762,tas_4
comp_763,tas_4
comp_764,tas_1
comp_765,tas_1
comp_766,tas_2
comp_767,tas_1
comp_768,tas_2
comp_769,tas_5
comp_770,tas_1
comp_771,tas_2
comp_772,tas_2
comp_773,tas_2
comp_774,tas_2
comp_775,tas_2
comp_776,tas_5
comp_777,tas_5
comp_778,tas_5
comp_779,tas_5
comp_780,tas_5
comp_781,tas_5
comp_782,tas_5
comp_783,tas_5
comp_784,tas_2
comp_785,tas_2
comp_786,tas_5
comp_787,tas_5
comp_788,tas_5
comp_789,tas_2
comp_790,tas_5
comp_791,tas_2
comp_792,tas_2
comp_793,tas_5
comp_794,tas_2
comp_795,tas_5
comp_796,tas_5
comp_797,tas_5
comp_798,tas_5
comp_799,tas_5
comp_800,tas_3
comp_801,tas_5
comp_802,tas_5
comp_803,tas_5
comp_804,tas_5
comp_805,tas_5
comp_806,tas_5
comp_807,tas_5
comp_808,tas_5
comp_809,tas_5
comp_810,tas_3
comp_811,tas_5
comp_812,tas_5
comp_813,tas_5
comp_814,tas_3
comp_815,tas_5
comp_816,tas_5
comp_817,tas_5
comp_818,tas_4
comp_819,tas_3
comp_820,tas_5
comp_821,tas_5
comp_822,tas_3
comp_823,tas_5
comp_824,tas_5
comp_825,tas_5
comp_826,tas_5
comp_827,tas_3
comp_828,tas_4
comp_829,tas_4
comp_830,tas_3
comp_831,tas_5
comp_832,tas_3
comp_833,tas_3
comp_834,tas_3
comp_836,tas_4
comp_837,tas_4
comp_838,tas_3
comp_839,tas_5
comp_840,tas_5
comp_841,tas_5
comp_842,tas_3
comp_843,tas_3
comp_844,tas_3
comp_845,tas_3
comp_846,tas_5
comp_847,tas_3
comp_848,tas_3
comp_849,tas_4
comp_850,tas_5
comp_851,tas_3
comp_852,tas_4
comp_853,tas_3
comp_854,tas_3
comp_855,tas_4
comp_856,tas_3
comp_857,tas_3
comp_858,tas_3
comp_859,tas_3
comp_860,tas_3
comp_861,tas_4
comp_862,tas_3
comp_863,tas_3
comp_865,tas_4
comp_866,tas_4
comp_867,tas_3
comp_868,tas_3
comp_869,tas_3
comp_870,tas_3
comp_871,tas_4
comp_872,tas_3
comp_873,tas_4
comp_874,tas_3
comp_875,tas_4
comp_877,tas_4
comp_878,tas_3
comp_879,tas_4
comp_880,tas_3
comp_881,tas_4
comp_882,tas_4
comp_883,tas_4
comp_884,tas_4
comp_885,tas_4
comp_886,tas_4
comp_887,tas_3
comp_888,tas_4
comp_890,tas_4
comp_891,tas_4
comp_892,tas_4
comp_893,tas_4
comp_894,tas_4
comp_895,tas_4
comp_896,tas_3
comp_899,tas_4
comp_900,tas_4
comp_901,tas_4
comp_903,tas_4
comp_904,tas_3
comp_905,tas_4
comp_906,tas_4
comp_907,tas_4
comp_908,tas_4
comp_909,tas_4
comp_912,tas_4
comp_913,tas_4
comp_916,tas_4
comp_917,tas_4
comp_918,tas_4
comp_919,tas_4
comp_920,tas_4
comp_923,tas_4
comp_924,tas_4
comp_926,tas_4
comp_927,tas_4
comp_928,tas_4
comp_930,tas_4
comp_932,tas_4
comp_933,tas_3
comp_934,tas_4
comp_935,tas_4
comp_936,tas_4
comp_940,tas_4
comp_941,tas_4
comp_942,tas_4
comp_943,tas_4
comp_945,tas_4
comp_947,tas_4
comp_950,tas_4
comp_951,tas_4
comp_953,tas_4
comp_954,tas_4
comp_960,tas_4
comp_962,tas_4
comp_965,tas_4
comp_967,tas_4
comp_968,tas_4
comp_969,tas_4
comp_970,tas_4
comp_971,tas_4
comp_975,tas_4
comp_976,tas_4
comp_978,tas_4
comp_981,tas_4
comp_982,tas_4
comp_985,tas_4
comp_986,tas_4
comp_988,tas_4
comp_991,tas_4
comp_994,tas_4
comp_995,tas_4
comp_996,tas_4
comp_997,tas_4
comp_1000,tas_4
comp_1003,tas_4
comp_1004,tas_4
comp_1005,tas_4
comp_1006,tas_4
comp_1010,tas_4
comp_1014,tas_4
comp_1015,tas_1
comp_1016,tas_1
comp_1017,tas_2
comp_1018,tas_1
comp_1019,tas_1
comp_1020,tas_1
comp_1021,tas_2
comp_1022,tas_2
comp_1023,tas_2
comp_1024,tas_1
comp_1025,tas_1
comp_1026,tas_2
comp_1027,tas_1
comp_1028,tas_2
comp_1029,tas_1
comp_1030,tas_2
comp_1031,tas_1
comp_1032,tas_2
comp_1033,tas_1
comp_1034,tas_2
comp_1035,tas_2
comp_1036,tas_2
comp_1037,tas_1
comp_1038,tas_2
comp_1039,tas_2
comp_1040,tas_1
comp_1041,tas_5
comp_1042,tas_1
comp_1043,tas_2
comp_1044,tas_5
comp_1045,tas_2
comp_1046,tas_2
comp_1047,tas_2
comp_1048,tas_5
comp_1049,tas_2
comp_1050,tas_5
comp_1051,tas_5
comp_1052,tas_2
comp_1053,tas_2
comp_1054,tas_5
comp_1055,tas_5
comp_1056,tas_2
comp_1057,tas_1
comp_1058,tas_2
comp_1059,tas_2
comp_1060,tas_2
comp_1061,tas_2
comp_1062,tas_2
comp_1063,tas_2
comp_1064,tas_2
comp_1065,tas_2
comp_1066,tas_5
comp_1067,tas_2
comp_1068,tas_5
comp_1069,tas_3
comp_1070,tas_5
comp_1071,tas_5
comp_1072,tas_5
comp_1073,tas_2
comp_1074,tas_5
comp_1075,tas_5
comp_1076,tas_5
comp_1077,tas_5
comp_1078,tas_5
comp_1079,tas_3
comp_1080,tas_2
comp_1081,tas_2
comp_1082,tas_5
comp_1083,tas_2
comp_1084,tas_5
comp_1085,tas_5
comp_1086,tas_2
comp_1087,tas_5
comp_1088,tas_2
comp_1089,tas_3
comp_1090,tas_5
comp_1091,tas_5
comp_1092,tas_5
comp_1093,tas_2
comp_1094,tas_5
comp_1095,tas_5
comp_1096,tas_5
comp_1097,tas_5
comp_1098,tas_5
comp_1099,tas_2
comp_1100,tas_2
comp_1101,tas_1
comp_1102,tas_5
comp_1103,tas_1
comp_1104,tas_5
comp_1105,tas_2
comp_1106,tas_2
comp_1107,tas_5
comp_1108,tas_2
comp_1109,tas_2
comp_1110,tas_2
comp_1111,tas_5
comp_1112,tas_2
comp_1113,tas_5
comp_1114,tas_5
comp_1115,tas_2
comp_1116,tas_5
comp_1117,tas_5
comp_1118,tas_5
comp_1119,tas_2
comp_1120,tas_5
comp_1121,tas_5
comp_1122,tas_5
comp_1123,tas_2
comp_1124,tas_5
comp_1125,tas_5
comp_1126,tas_5
comp_1127,tas_2
comp_1128,tas_5
comp_1129,tas_2
comp_1130,tas_5
comp_1131,tas_3
comp_1132,tas_2
comp_1133,tas_5
comp_1134,tas_5
comp_1135,tas_5
comp_1136,tas_5
comp_1137,tas_2
comp_1138,tas_3
comp_1139,tas_5
comp_1140,tas_5
comp_1141,tas_5
comp_1142,tas_5
comp_1143,tas_5
comp_1144,tas_5
comp_1145,tas_5
comp_1146,tas_5
comp_1147,tas_5
comp_1148,tas_5
comp_1149,tas_5
comp_1150,tas_5
comp_1151,tas_5
comp_1152,tas_5
comp_1153,tas_5
comp_1154,tas_2
comp_1155,tas_5
comp_1156,tas_5
comp_1157,tas_5
comp_1158,tas_5
comp_1159,tas_5
comp_1160,tas_5
comp_1161,tas_5
comp_1162,tas_3
comp_1163,tas_5
comp_1164,tas_5
comp_1165,tas_5
comp_1166,tas_5
comp_1167,tas_2
comp_1168,tas_5
comp_1169,tas_5
comp_1170,tas_3
comp_1171,tas_5
comp_1172,tas_5
comp_1173,tas_5
comp_1174,tas_5
comp_1175,tas_5
comp_1176,tas_5
comp_1177,tas_5
comp_1178,tas_2
comp_1179,tas_5
comp_1180,tas_2
comp_1181,tas_5
comp_1182,tas_3
comp_1183,tas_3
comp_1184,tas_5
comp_1185,tas_5
comp_1186,tas_3
comp_1187,tas_3
comp_1188,tas_2
comp_1189,tas_2
comp_1190,tas_3
comp_1191,tas_5
comp_1192,tas_5
comp_1193,tas_3
comp_1194,tas_5
comp_1195,tas_5
comp_1196,tas_5
comp_1197,tas_5
comp_1198,tas_3
comp_1199,tas_3
comp_1200,tas_3
comp_1201,tas_3
comp_1202,tas_5
comp_1203,tas_3
comp_1204,tas_3
comp_1205,tas_5
comp_1206,tas_3
comp_1207,tas_5
comp_1208,tas_5
comp_1209,tas_5
comp_1210,tas_3
comp_1211,tas_5
comp_1212,tas_2
comp_1213,tas_5
comp_1214,tas_5
comp_1215,tas_5
comp_1216,tas_3
comp_1217,tas_5
comp_1218,tas_5
comp_1219,tas_5
comp_1220,tas_5
comp_1221,tas_5
comp_1222,tas_5
comp_1223,tas_5
comp_1224,tas_5
comp_1225,tas_5
comp_1226,tas_2
comp_1227,tas_5
comp_1228,tas_5
comp_1229,tas_2
comp_1230,tas_5
comp_1231,tas_3
comp_1232,tas_5
comp_1233,tas_2
comp_1234,tas_5
comp_1235,tas_5
comp_1236,tas_5
comp_1237,tas_3
comp_1238,tas_5
comp_1239,tas_3
comp_1240,tas_3
comp_1241,tas_5
comp_1242,tas_3
comp_1243,tas_5
comp_1244,tas_2
comp_1245,tas_3
comp_1246,tas_3
comp_1247,tas_5
comp_1248,tas_5
comp_1249,tas_3
comp_1250,tas_5
comp_1251,tas_5
comp_1252,tas_3
comp_1253,tas_5
comp_1254,tas_5
comp_1255,tas_5
comp_1256,tas_3
comp_1257,tas_3
comp_1258,tas_3
comp_1259,tas_5
comp_1260,tas_5
comp_1261,tas_3
comp_1262,tas_5
comp_1263,tas_5
comp_1264,tas_5
comp_1265,tas_3
comp_1266,tas_5
comp_1267,tas_3
comp_1268,tas_5
comp_1269,tas_3
comp_1270,tas_5
comp_1271,tas_5
comp_1272,tas_2
comp_1273,tas_5
comp_1274,tas_3
comp_1275,tas_3
comp_1276,tas_3
comp_1277,tas_3
comp_1278,tas_5
comp_1279,tas_5
comp_1280,tas_3
comp_1281,tas_3
comp_1282,tas_5
comp_1283,tas_5
comp_1284,tas_5
comp_1285,tas_5
comp_1286,tas_3
comp_1287,tas_3
comp_1288,tas_3
comp_1289,tas_5
comp_1290,tas_3
comp_1291,tas_5
comp_1292,tas_2
comp_1293,tas_5
comp_1294,tas_3
comp_1295,tas_3
comp_1296,tas_5
comp_1297,tas_5
comp_1298,tas_5
comp_1299,tas_5
comp_1300,tas_2
comp_1301,tas_5
comp_1302,tas_3
comp_1303,tas_5
comp_1304,tas_5
comp_1305,tas_3
comp_1306,tas_5
comp_1307,tas_5
comp_1308,tas_5
comp_1309,tas_5
comp_1310,tas_2
comp_1311,tas_5
comp_1312,tas_3
comp_1313,tas_5
comp_1314,tas_5
comp_1315,tas_3
comp_1316,tas_5
comp_1317,tas_3
comp_1318,tas_5
comp_1319,tas_5
comp_1320,tas_3
comp_1321,tas_3
comp_1322,tas_5
comp_1323,tas_3
comp_1324,tas_3
comp_1325,tas_5
comp_1326,tas_5
comp_1327,tas_5
comp_1328,tas_5
comp_1329,tas_5
comp_1330,tas_5
comp_1331,tas_5
comp_1332,tas_5
comp_1333,tas_3
comp_1334,tas_5
comp_1335,tas_3
comp_1336,tas_3
comp_1337,tas_5
comp_1338,tas_3
comp_1339,tas_3
comp_1340,tas_5
comp_1341,tas_3
comp_1342,tas_3
comp_1343,tas_3
comp_1344,tas_5
comp_1345,tas_3
comp_1346,tas_3
comp_1347,tas_3
comp_1348,tas_5
comp_1349,tas_5
comp_1350,tas_5
comp_1351,tas_3
comp_1352,tas_3
comp_1353,tas_3
comp_1354,tas_5
comp_1355,tas_3
comp_1356,tas_3
comp_1357,tas_4
comp_1358,tas_3
comp_1359,tas_3
comp_1360,tas_5
comp_1361,tas_3
comp_1362,tas_5
comp_1363,tas_5
comp_1364,tas_3
comp_1365,tas_3
comp_1366,tas_5
comp_1367,tas_5
comp_1368,tas_5
comp_1369,tas_3
comp_1370,tas_3
comp_1371,tas_5
comp_1372,tas_3
comp_1373,tas_5
comp_1374,tas_5
comp_1375,tas_3
comp_1376,tas_3
comp_1377,tas_3
comp_1378,tas_3
comp_1379,tas_5
comp_1380,tas_3
comp_1381,tas_5
comp_1382,tas_5
comp_1383,tas_3
comp_1384,tas_3
comp_1385,tas_3
comp_1386,tas_3
comp_1387,tas_5
comp_1388,tas_5
comp_1389,tas_3
comp_1390,tas_3
comp_1391,tas_3
comp_1392,tas_5
comp_1393,tas_3
comp_1394,tas_5
comp_1395,tas_5
comp_1396,tas_3
comp_1397,tas_5
comp_1398,tas_5
comp_1399,tas_3
comp_1400,tas_3
comp_1401,tas_5
comp_1402,tas_3
comp_1403,tas_3
comp_1404,tas_3
comp_1405,tas_3
comp_1406,tas_5
comp_1407,tas_3
comp_1408,tas_3
comp_1409,tas_3
comp_1410,tas_5
comp_1411,tas_5
comp_1412,tas_3
comp_1413,tas_3
comp_1414,tas_3
comp_1415,tas_5
comp_1416,tas_3
comp_1417,tas_3
comp_1418,tas_3
comp_1419,tas_3
comp_1420,tas_5
comp_1421,tas_3
comp_1422,tas_3
comp_1423,tas_5
comp_1424,tas_3
comp_1425,tas_3
comp_1426,tas_3
comp_1427,tas_3
comp_1428,tas_3
comp_1429,tas_3
comp_1430,tas_3
comp_1431,tas_3
comp_1432,tas_3
comp_1433,tas_5
comp_1434,tas_3
comp_1435,tas_5
comp_1436,tas_5
comp_1437,tas_3
comp_1438,tas_5
comp_1439,tas_3
comp_1440,tas_5
comp_1441,tas_3
comp_1442,tas_3
comp_1443,tas_5
comp_1444,tas_3
comp_1445,tas_3
comp_1446,tas_5
comp_1447,tas_3
comp_1448,tas_3
comp_1449,tas_3
comp_1450,tas_3
comp_1451,tas_5
comp_1452,tas_3
comp_1453,tas_5
comp_1454,tas_3
comp_1455,tas_3
comp_1456,tas_3
comp_1457,tas_3
comp_1458,tas_3
comp_1459,tas_3
comp_1460,tas_3
comp_1461,tas_3
comp_1462,tas_3
comp_1463,tas_3
comp_1464,tas_3
comp_1465,tas_3
comp_1466,tas_5
comp_1467,tas_5
comp_1468,tas_3
comp_1469,tas_3
comp_1470,tas_5
comp_1471,tas_3
comp_1472,tas_3
comp_1473,tas_3
comp_1474,tas_3
comp_1475,tas_3
comp_1476,tas_3
comp_1477,tas_3
comp_1478,tas_3
comp_1479,tas_3
comp_1480,tas_5
comp_1481,tas_3
comp_1482,tas_3
comp_1483,tas_5
comp_1484,tas_3
comp_1485,tas_3
comp_1486,tas_3
comp_1487,tas_3
comp_1488,tas_3
comp_1489,tas_3
comp_1490,tas_3
comp_1491,tas_3
comp_1492,tas_3
comp_1493,tas_3
comp_1494,tas_5
comp_1495,tas_3
comp_1496,tas_3
comp_1497,tas_3
comp_1498,tas_3
comp_1499,tas_3
comp_1500,tas_3
comp_1501,tas_3
comp_1502,tas_3
comp_1503,tas_3
comp_1504,tas_3
comp_1505,tas_3
comp_1506,tas_4
comp_1507,tas_5
comp_1508,tas_4
comp_1509,tas_3
comp_1510,tas_3
comp_1511,tas_3
comp_1512,tas_3
comp_1513,tas_3
comp_1514,tas_3
comp_1515,tas_3
comp_1516,tas_3
comp_1517,tas_3
comp_1518,tas_4
comp_1519,tas_5
comp_1520,tas_3
comp_1521,tas_4
comp_1522,tas_5
comp_1523,tas_3
comp_1524,tas_4
comp_1525,tas_5
comp_1526,tas_5
comp_1527,tas_5
comp_1528,tas_3
comp_1529,tas_5
comp_1530,tas_3
comp_1531,tas_3
comp_1532,tas_3
comp_1533,tas_3
comp_1534,tas_5
comp_1535,tas_3
comp_1536,tas_3
comp_1537,tas_5
comp_1538,tas_5
comp_1539,tas_4
comp_1540,tas_3
comp_1541,tas_3
comp_1542,tas_3
comp_1543,tas_3
comp_1544,tas_3
comp_1545,tas_3
comp_1546,tas_3
comp_1547,tas_3
comp_1548,tas_3
comp_1549,tas_3
comp_1550,tas_4
comp_1551,tas_3
comp_1552,tas_4
comp_1553,tas_4
comp_1554,tas_4
comp_1555,tas_4
comp_1556,tas_1
comp_1557,tas_2
comp_1558,tas_5
comp_1559,tas_5
comp_1560,tas_5
comp_1561,tas_5
comp_1562,tas_5
comp_1563,tas_5
comp_1564,tas_5
comp_1565,tas_5
comp_1566,tas_3
comp_1567,tas_5
comp_1568,tas_4
comp_1569,tas_3
comp_1570,tas_3
comp_1571,tas_5
comp_1572,tas_3
comp_1573,tas_3
comp_1574,tas_3
comp_1575,tas_3
comp_1576,tas_3
comp_1577,tas_5
comp_1578,tas_3
comp_1579,tas_4
comp_1580,tas_4
comp_1581,tas_3
comp_1582,tas_4
comp_1583,tas_3
comp_1584,tas_4
comp_1585,tas_4
comp_1586,tas_4
comp_1587,tas_4
comp_1588,tas_4
comp_1589,tas_4
comp_1590,tas_4
comp_1591,tas_3
comp_1592,tas_4
comp_1593,tas_4
comp_1594,tas_4
comp_1595,tas_4
comp_1596,tas_4
comp_1597,tas_4
comp_1598,tas_4
comp_1599,tas_4
comp_1600,tas_4
comp_1601,tas_4
comp_1602,tas_4
comp_1603,tas_4
comp_1604,tas_4
comp_1605,tas_4
comp_1606,tas_4
comp_1607,tas_4
comp_1608,tas_4
comp_1609,tas_4
comp_1610,tas_4
comp_1611,tas_4
comp_1612,tas_4
comp_1613,tas_4
comp_1614,tas_4
comp_1615,tas_4
comp_1616,tas_3
comp_1617,tas_3
comp_1618,tas_4
comp_1619,tas_4
comp_1620,tas_4
comp_1621,tas_4
comp_1622,tas_4
comp_1623,tas_4
comp_1624,tas_4
comp_1625,tas_4
comp_1626,tas_4
comp_1627,tas_4
comp_1628,tas_3
comp_1629,tas_4
comp_1630,tas_4
comp_1631,tas_4
comp_1632,tas_4
comp_1633,tas_4
comp_1634,tas_4
comp_1635,tas_4
comp_1636,tas_4
comp_1637,tas_4
comp_1638,tas_4
comp_1639,tas_4
comp_1640,tas_4
comp_1641,tas_4
comp_1642,tas_4
comp_1643,tas_4
comp_1644,tas_4
comp_1645,tas_4
comp_1646,tas_4
comp_1647,tas_3
comp_1648,tas_4
comp_1649,tas_4
comp_1650,tas_4
comp_1651,tas_4
comp_1652,tas_4
comp_1653,tas_4
comp_1654,tas_4
comp_1655,tas_4
comp_1656,tas_4
comp_1657,tas_4
comp_1658,tas_4
comp_1659,tas_4
comp_1660,tas_4
comp_1662,tas_1
comp_1663,tas_1
comp_1664,tas_2
comp_1665,tas_2
comp_1666,tas_5
comp_1667,tas_5
comp_1668,tas_2
comp_1669,tas_5
comp_1670,tas_2
comp_1671,tas_5
comp_1672,tas_3
comp_1673,tas_5
comp_1674,tas_3
comp_1675,tas_3
comp_1676,tas_4
comp_1677,tas_3
comp_1678,tas_4
comp_1679,tas_4
comp_1681,tas_4
comp_1682,tas_1
comp_1683,tas_1
comp_1684,tas_1
comp_1685,tas_1
comp_1686,tas_1
comp_1687,tas_2
comp_1688,tas_2
comp_1689,tas_1
comp_1690,tas_5
comp_1691,tas_2
comp_1692,tas_2
comp_1693,tas_5
comp_1694,tas_5
comp_1695,tas_5
comp_1696,tas_5
comp_1697,tas_5
comp_1698,tas_2
comp_1699,tas_5
comp_1700,tas_2
comp_1701,tas_5
comp_1702,tas_5
comp_1703,tas_2
comp_1704,tas_5
comp_1705,tas_5
comp_1706,tas_5
comp_1707,tas_2
comp_1708,tas_5
comp_1709,tas_5
comp_1710,tas_5
comp_1711,tas_5
comp_1712,tas_5
comp_1713,tas_5
comp_1714,tas_5
comp_1715,tas_5
comp_1716,tas_5
comp_1717,tas_5
comp_1718,tas_5
comp_1719,tas_5
comp_1720,tas_5
comp_1721,tas_5
comp_1722,tas_5
comp_1723,tas_5
comp_1724,tas_5
comp_1725,tas_5
comp_1726,tas_5
comp_1727,tas_5
comp_1728,tas_5
comp_1729,tas_5
comp_1730,tas_5
comp_1731,tas_5
comp_1732,tas_5
comp_1733,tas_5
comp_1734,tas_5
comp_1735,tas_5
comp_1736,tas_3
comp_1737,tas_5
comp_1738,tas_5
comp_1739,tas_5
comp_1740,tas_5
comp_1741,tas_3
comp_1742,tas_5
comp_1743,tas_3
comp_1744,tas_5
comp_1745,tas_5
comp_1746,tas_5
comp_1747,tas_5
comp_1748,tas_5
comp_1749,tas_5
comp_1750,tas_3
comp_1751,tas_3
comp_1752,tas_5
comp_1753,tas_3
comp_1754,tas_3
comp_1755,tas_5
comp_1756,tas_3
comp_1757,tas_3
comp_1758,tas_5
comp_1759,tas_3
comp_1760,tas_3
comp_1761,tas_3
comp_1762,tas_5
comp_1763,tas_3
comp_1764,tas_5
comp_1765,tas_3
comp_1766,tas_5
comp_1767,tas_5
comp_1768,tas_5
comp_1769,tas_3
comp_1770,tas_3
comp_1771,tas_5
comp_1772,tas_3
comp_1773,tas_5
comp_1774,tas_5
comp_1775,tas_3
comp_1776,tas_3
comp_1777,tas_3
comp_1778,tas_4
comp_1779,tas_3
comp_1780,tas_5
comp_1781,tas_3
comp_1782,tas_3
comp_1783,tas_3
comp_1784,tas_5
comp_1785,tas_3
comp_1786,tas_3
comp_1787,tas_3
comp_1788,tas_3
comp_1789,tas_3
comp_1790,tas_5
comp_1791,tas_5
comp_1792,tas_5
comp_1793,tas_3
comp_1794,tas_3
comp_1795,tas_3
comp_1796,tas_3
comp_1797,tas_3
comp_1798,tas_3
comp_1799,tas_3
comp_1800,tas_3
comp_1801,tas_3
comp_1802,tas_3
comp_1803,tas_3
comp_1804,tas_3
comp_1805,tas_3
comp_1806,tas_3
comp_1807,tas_3
comp_1808,tas_5
comp_1809,tas_3
comp_1810,tas_3
comp_1811,tas_3
comp_1812,tas_3
comp_1813,tas_3
comp_1814,tas_3
comp_1815,tas_3
comp_1816,tas_3
comp_1817,tas_4
comp_1818,tas_3
comp_1819,tas_3
comp_1820,tas_3
comp_1821,tas_3
comp_1822,tas_3
comp_1823,tas_3
comp_1824,tas_3
comp_1825,tas_3
comp_1826,tas_3
comp_1827,tas_3
comp_1828,tas_3
comp_1829,tas_4
comp_1830,tas_3
comp_1831,tas_3
comp_1832,tas_3
comp_1833,tas_5
comp_1834,tas_3
comp_1835,tas_3
comp_1836,tas_3
comp_1837,tas_4
comp_1838,tas_3
comp_1839,tas_3
comp_1840,tas_3
comp_1841,tas_3
comp_1842,tas_3
comp_1843,tas_3
comp_1844,tas_4
comp_1845,tas_3
comp_1846,tas_3
comp_1847,tas_3
comp_1848,tas_4
comp_1849,tas_4
comp_1850,tas_4
comp_1851,tas_3
comp_1852,tas_4
comp_1853,tas_3
comp_1854,tas_4
comp_1855,tas_4
comp_1856,tas_4
comp_1857,tas_3
comp_1858,tas_3
comp_1859,tas_3
comp_1860,tas_3
comp_1861,tas_3
comp_1862,tas_3
comp_1863,tas_4
comp_1864,tas_3
comp_1865,tas_3
comp_1866,tas_3
comp_1867,tas_4
comp_1868,tas_3
comp_1869,tas_3
comp_1870,tas_4
comp_1871,tas_4
comp_1872,tas_4
comp_1873,tas_4
comp_1874,tas_4
comp_1875,tas_3
comp_1876,tas_4
comp_1877,tas_4
comp_1878,tas_4
comp_1879,tas_3
comp_1880,tas_4
comp_1881,tas_4
comp_1882,tas_4
comp_1883,tas_4
comp_1884,tas_4
comp_1885,tas_2
comp_1886,tas_1
comp_1887,tas_2
comp_1888,tas_2
comp_1889,tas_2
comp_1890,tas_2
comp_1891,tas_2
comp_1892,tas_1
comp_1893,tas_2
comp_1894,tas_2
comp_1895,tas_5
comp_1896,tas_5
comp_1897,tas_5
comp_1898,tas_2
comp_1899,tas_5
comp_1900,tas_2
comp_1901,tas_2
comp_1902,tas_5
comp_1903,tas_5
comp_1904,tas_5
comp_1905,tas_5
comp_1906,tas_5
comp_1907,tas_5
comp_1908,tas_5
comp_1909,tas_5
comp_1910,tas_2
comp_1911,tas_5
comp_1912,tas_5
comp_1913,tas_5
comp_1914,tas_5
comp_1915,tas_5
comp_1916,tas_5
comp_1917,tas_5
comp_1918,tas_3
comp_1919,tas_5
comp_1920,tas_3
comp_1921,tas_5
comp_1922,tas_3
comp_1923,tas_5
comp_1924,tas_3
comp_1925,tas_5
comp_1926,tas_3
comp_1927,tas_3
comp_1928,tas_3
comp_1929,tas_5
comp_1930,tas_5
comp_1931,tas_3
comp_1932,tas_5
comp_1933,tas_5
comp_1934,tas_5
comp_1935,tas_3
comp_1936,tas_5
comp_1937,tas_3
comp_1938,tas_5
comp_1939,tas_5
comp_1940,tas_3
comp_1941,tas_5
comp_1942,tas_3
comp_1943,tas_3
comp_1944,tas_3
comp_1945,tas_5
comp_1946,tas_4
comp_1947,tas_5
comp_1948,tas_5
comp_1949,tas_4
comp_1950,tas_5
comp_1951,tas_3
comp_1952,tas_5
comp_1953,tas_3
comp_1954,tas_3
comp_1955,tas_4
comp_1956,tas_4
comp_1957,tas_3
comp_1958,tas_5
comp_1959,tas_3
comp_1960,tas_5
comp_1961,tas_3
comp_1962,tas_3
comp_1963,tas_3
comp_1964,tas_5
comp_1965,tas_4
comp_1966,tas_5
comp_1967,tas_3
comp_1968,tas_3
comp_1969,tas_3
comp_1970,tas_3
comp_1971,tas_3
comp_1972,tas_3
comp_1973,tas_5
comp_1974,tas_4
comp_1975,tas_3
comp_1976,tas_3
comp_1977,tas_3
comp_1978,tas_3
comp_1979,tas_3
comp_1980,tas_3
comp_1981,tas_3
comp_1982,tas_3
comp_1983,tas_5
comp_1984,tas_4
comp_1985,tas_3
comp_1986,tas_3
comp_1987,tas_4
comp_1988,tas_4
comp_1989,tas_3
comp_1990,tas_3
comp_1991,tas_3
comp_1992,tas_3
comp_1993,tas_4
comp_1994,tas_3
comp_1995,tas_4
comp_1996,tas_5
comp_1997,tas_3
comp_1998,tas_4
comp_1999,tas_4
comp_2000,tas_3
comp_2001,tas_3
comp_2002,tas_4
comp_2003,tas_3
comp_2004,tas_3
comp_2005,tas_4
comp_2006,tas_3
comp_2007,tas_3
comp_2008,tas_3
comp_2009,tas_4
comp_2010,tas_3
comp_2011,tas_3
comp_2012,tas_4
comp_2013,tas_4
comp_2014,tas_3
comp_2015,tas_3
comp_2016,tas_4
comp_2017,tas_4
comp_2018,tas_3
comp_2019,tas_3
comp_2020,tas_3
comp_2021,tas_3
comp_2022,tas_4
comp_2023,tas_4
comp_2024,tas_4
comp_2025,tas_3
comp_2026,tas_4
comp_2027,tas_3
comp_2028,tas_4
comp_2029,tas_4
comp_2030,tas_4
comp_2031,tas_3
comp_2032,tas_4
comp_2033,tas_3
comp_2034,tas_4
comp_2035,tas_4
comp_2036,tas_3
comp_2037,tas_4
comp_2038,tas_4
comp_2039,tas_4
comp_2040,tas_4
comp_2041,tas_4
comp_2042,tas_4
comp_2043,tas_4
comp_2044,tas_4
comp_2045,tas_3
comp_2046,tas_4
comp_2047,tas_4
comp_2048,tas_4
comp_2049,tas_3
comp_2050,tas_4
comp_2051,tas_4
comp_2052,tas_4
comp_2053,tas_4
comp_2054,tas_4
comp_2055,tas_4
comp_2056,tas_4
comp_2057,tas_4
comp_2058,tas_4
comp_2059,tas_4
comp_2060,tas_4
comp_2061,tas_3
comp_2062,tas_3
comp_2063,tas_3
comp_2064,tas_3
comp_2065,tas_4
comp_2066,tas_4
comp_2067,tas_3
comp_2068,tas_3
comp_2069,tas_4
comp_2070,tas_4
comp_2071,tas_4
comp_2072,tas_4
comp_2073,tas_4
comp_2075,tas_4
comp_2076,tas_4
comp_2077,tas_4
comp_2078,tas_4
comp_2079,tas_4
comp_2080,tas_4
comp_2081,tas_4
comp_2082,tas_3
comp_2083,tas_3
comp_2084,tas_4
comp_2085,tas_4
comp_2086,tas_4
comp_2087,tas_3
comp_2088,tas_3
comp_2089,tas_4
comp_2090,tas_4
comp_2091,tas_4
comp_2092,tas_4
comp_2093,tas_4
comp_2094,tas_4
comp_2095,tas_3
comp_2096,tas_3
comp_2097,tas_4
comp_2098,tas_3
comp_2099,tas_3
comp_2100,tas_3
comp_2101,tas_4
comp_2102,tas_3
comp_2103,tas_3
comp_2104,tas_4
comp_2105,tas_4
comp_2106,tas_3
comp_2108,tas_3
comp_2110,tas_4
comp_2111,tas_4
comp_2112,tas_4
comp_2113,tas_4
comp_2114,tas_4
comp_2115,tas_4
comp_2116,tas_4
comp_2117,tas_3
comp_2118,tas_4
comp_2119,tas_3
comp_2120,tas_4
comp_2121,tas_3
comp_2122,tas_3
comp_2123,tas_4
comp_2124,tas_3
comp_2125,tas_4
comp_2126,tas_4
comp_2127,tas_4
comp_2128,tas_4
comp_2129,tas_4
comp_2131,tas_4
comp_2132,tas_3
comp_2133,tas_4
comp_2134,tas_4
comp_2135,tas_4
comp_2137,tas_4
comp_2138,tas_4
comp_2139,tas_4
comp_2140,tas_4
comp_2141,tas_4
comp_2142,tas_3
comp_2143,tas_4
comp_2144,tas_4
comp_2145,tas_4
comp_2146,tas_4
comp_2147,tas_4
comp_2148,tas_4
comp_2149,tas_4
comp_2150,tas_4
comp_2151,tas_4
comp_2152,tas_3
comp_2153,tas_4
comp_2154,tas_4
comp_2155,tas_4
comp_2156,tas_4
comp_2157,tas_4
comp_2158,tas_4
comp_2159,tas_3
comp_2160,tas_4
comp_2162,tas_4
comp_2163,tas_4
comp_2164,tas_4
comp_2165,tas_4
comp_2166,tas_3
comp_2167,tas_4
comp_2168,tas_4
comp_2169,tas_4
comp_2170,tas_4
comp_2171,tas_4
comp_2172,tas_4
comp_2173,tas_4
comp_2174,tas_4
comp_2175,tas_4
comp_2176,tas_4
comp_2177,tas_4
comp_2178,tas_3
comp_2179,tas_4
comp_2180,tas_4
comp_2181,tas_4
comp_2182,tas_4
comp_2183,tas_4
comp_2184,tas_4
comp_2185,tas_4
comp_2186,tas_4
comp_2187,tas_4
comp_2188,tas_4
comp_2189,tas_4
comp_2190,tas_4
comp_2191,tas_4
comp_2192,tas_4
comp_2193,tas_4
comp_2194,tas_4
comp_2195,tas_4
comp_2196,tas_4
comp_2197,tas_4
comp_2198,tas_3
comp_2199,tas_5
comp_2200,tas_3
comp_2201,tas_4
comp_2202,tas_4
comp_2203,tas_4
comp_2204,tas_4
comp_2205,tas_4
comp_2206,tas_4
comp_2207,tas_4
comp_2208,tas_4
comp_2209,tas_4
comp_2210,tas_4
comp_2211,tas_4
comp_2212,tas_4
comp_2213,tas_3
comp_2214,tas_4
comp_2215,tas_4
comp_2216,tas_4
comp_2217,tas_4
comp_2218,tas_4
comp_2219,tas_4
comp_2220,tas_4
comp_2221,tas_4
comp_2222,tas_4
comp_2223,tas_4
comp_2224,tas_4
comp_2225,tas_4
comp_2226,tas_4
comp_2227,tas_4
comp_2228,tas_3
comp_2229,tas_4
comp_2230,tas_4
comp_2231,tas_4
comp_2232,tas_4
comp_2233,tas_3
comp_2234,tas_4
comp_2235,tas_3
comp_2236,tas_4
comp_2237,tas_4
comp_2238,tas_4
comp_2239,tas_4
comp_2240,tas_3
comp_2241,tas_4
comp_2242,tas_3
comp_2243,tas_4
comp_2244,tas_4
comp_2245,tas_5
comp_2246,tas_3
comp_2247,tas_4
comp_2248,tas_4
comp_2249,tas_4
comp_2250,tas_4
comp_2251,tas_4
comp_2252,tas_4
comp_2253,tas_4
comp_2254,tas_4
comp_2255,tas_4
comp_2256,tas_3
comp_2257,tas_4
comp_2258,tas_4
comp_2259,tas_4
comp_2260,tas_4
comp_2261,tas_4
comp_2262,tas_4
comp_2263,tas_3
comp_2264,tas_4
comp_2265,tas_4
comp_2266,tas_4
comp_2267,tas_4
comp_2268,tas_4
comp_2269,tas_4
comp_2270,tas_4
comp_2271,tas_4
comp_2272,tas_3
comp_2273,tas_4
comp_2274,tas_4
comp_2275,tas_4
comp_2276,tas_4
comp_2277,tas_4
comp_2278,tas_4
comp_2279,tas_4
comp_2280,tas_4
comp_2281,tas_4
comp_2282,tas_4
comp_2283,tas_4
comp_2284,tas_4
comp_2285,tas_4
comp_2286,tas_4
comp_2287,tas_4
comp_2288,tas_4
comp_2289,tas_4
comp_2290,tas_4
comp_2291,tas_4
comp_2292,tas_4
comp_2293,tas_4
comp_2294,tas_4
comp_2295,tas_4
comp_2296,tas_4
comp_2297,tas_4
comp_2298,tas_4
comp_2299,tas_4
comp_2300,tas_4
comp_2301,tas_4
comp_2302,tas_4
comp_2303,tas_4
comp_2304,tas_4
comp_2305,tas_4
comp_2306,tas_4
comp_2307,tas_3
comp_2308,tas_4
comp_2309,tas_3
comp_2310,tas_4
comp_2311,tas_4
comp_2312,tas_4
comp_2313,tas_4
comp_2314,tas_4
comp_2315,tas_4
comp_2316,tas_4
comp_2317,tas_4
comp_2318,tas_4
comp_2319,tas_4
comp_2321,tas_4
comp_2322,tas_4
comp_2323,tas_4
comp_2324,tas_4
comp_2325,tas_4
comp_2326,tas_4
comp_2327,tas_4
comp_2328,tas_4
comp_2329,tas_4
comp_2330,tas_4
comp_2331,tas_4
comp_2332,tas_4
comp_2333,tas_4
comp_2334,tas_4
comp_2335,tas_4
comp_2336,tas_4
comp_2337,tas_4
comp_2338,tas_4
comp_2340,tas_4
comp_2341,tas_4
comp_2342,tas_4
comp_2343,tas_4
comp_2344,tas_4
comp_2345,tas_4
comp_2346,tas_4
comp_2347,tas_4
comp_2348,tas_4
comp_2349,tas_4
comp_2350,tas_4
comp_2351,tas_4
comp_2352,tas_4
comp_2353,tas_4
comp_2354,tas_4
comp_2355,tas_4
comp_2356,tas_4
comp_2357,tas_4
comp_2358,tas_4
comp_2359,tas_4
comp_2360,tas_4
comp_2361,tas_4
comp_2362,tas_4
comp_2363,tas_4
comp_2364,tas_4
comp_2365,tas_4
comp_2366,tas_4
comp_2367,tas_4
comp_2368,tas_4
comp_2369,tas_4
comp_2370,tas_4
comp_2371,tas_4
comp_2372,tas_4
comp_2373,tas_4
comp_2374,tas_4
comp_2375,tas_4
comp_2376,tas_4
comp_2377,tas_4
comp_2378,tas_4
comp_2379,tas_4
comp_2380,tas_4
comp_2381,tas_4
comp_2382,tas_4
comp_2383,tas_4
comp_2384,tas_4
comp_2385,tas_4
comp_2386,tas_4
comp_2387,tas_4
comp_2388,tas_4
comp_2389,tas_4
comp_2390,tas_4
comp_2391,tas_4
comp_2392,tas_4
comp_2393,tas_4
comp_2394,tas_4
comp_2395,tas_4
comp_2396,tas_4
comp_2397,tas_4
comp_2398,tas_4
comp_2399,tas_4
comp_2400,tas_4
comp_2401,tas_4
comp_2402,tas_4
comp_2403,tas_4
comp_2404,tas_4
comp_2405,tas_4
comp_2406,tas_4
comp_2407,tas_4
comp_2408,tas_4
comp_2409,tas_4
comp_2410,tas_4
comp_2411,tas_4
comp_2412,tas_4
comp_2413,tas_4
comp_2414,tas_4
comp_2415,tas_4
comp_2416,tas_4
comp_2418,tas_4
comp_2419,tas_4
comp_2420,tas_4
comp_2421,tas_3
comp_2422,tas_4
comp_2423,tas_4
comp_2424,tas_4
comp_2425,tas_4
comp_2426,tas_4
comp_2427,tas_4
comp_2428,tas_4
comp_2429,tas_4
comp_2430,tas_4
comp_2431,tas_4
comp_2432,tas_4
comp_2433,tas_4
comp_2434,tas_4
comp_2435,tas_4
comp_2436,tas_4
comp_2437,tas_4
comp_2438,tas_4
comp_2439,tas_3
comp_2440,tas_4
comp_2441,tas_4
comp_2442,tas_3
comp_2443,tas_4
comp_2444,tas_4
comp_2445,tas_4
comp_2446,tas_4
comp_2447,tas_4
comp_2448,tas_4
comp_2449,tas_4
comp_2450,tas_4
comp_2451,tas_4
comp_2452,tas_4
comp_2453,tas_4
comp_2454,tas_4
comp_2455,tas_4
comp_2456,tas_4
comp_2457,tas_4
comp_2458,tas_4
comp_2459,tas_4
comp_2460,tas_3
comp_2461,tas_4
comp_2462,tas_4
comp_2463,tas_4
comp_2464,tas_4
comp_2465,tas_4
comp_2466,tas_4
comp_2467,tas_4
comp_2468,tas_4
comp_2469,tas_4
comp_2470,tas_4
comp_2471,tas_4
comp_2472,tas_4
comp_2473,tas_4
comp_2474,tas_4
comp_2475,tas_4
comp_2477,tas_4
comp_2478,tas_4
comp_2479,tas_4
comp_2480,tas_3
comp_2481,tas_4
comp_2482,tas_4
comp_2483,tas_4
comp_2484,tas_4
comp_2485,tas_4
comp_2486,tas_4
comp_2487,tas_4
comp_2488,tas_4
comp_2489,tas_4
comp_2490,tas_4
comp_2491,tas_4
comp_2492,tas_4
comp_2493,tas_4
comp_2494,tas_4
comp_2495,tas_4
comp_2496,tas_4
comp_2497,tas_4
comp_2498,tas_4
comp_2499,tas_4
comp_2500,tas_4
comp_2501,tas_4
comp_2502,tas_4
comp_2503,tas_4
comp_2504,tas_4
comp_2505,tas_4
comp_2506,tas_4
comp_2507,tas_4
comp_2508,tas_4
comp_2509,tas_4
comp_2510,tas_4
comp_2511,tas_4
comp_2512,tas_4
comp_2513,tas_4
comp_2514,tas_4
comp_2515,tas_4
comp_2516,tas_4
comp_2517,tas_4
comp_2518,tas_4
comp_2519,tas_4
comp_2520,tas_4
comp_2521,tas_4
comp_2522,tas_4
comp_2523,tas_4
comp_2524,tas_4
comp_2525,tas_4
comp_2526,tas_4
comp_2527,tas_4
comp_2528,tas_4
comp_2529,tas_4
comp_2530,tas_4
comp_2531,tas_4
comp_2532,tas_4
comp_2533,tas_4
comp_2534,tas_4
comp_2535,tas_4
comp_2536,tas_4
comp_2537,tas_4
comp_2538,tas_4
comp_2539,tas_4
comp_2540,tas_4
comp_2541,tas_4
comp_2542,tas_4
comp_2543,tas_4
comp_2544,tas_3
comp_2545,tas_4
comp_2546,tas_4
comp_2547,tas_4
comp_2548,tas_4
comp_2549,tas_4
comp_2550,tas_4
comp_2551,tas_4
comp_2552,tas_4
comp_2553,tas_4
comp_2554,tas_4
comp_2555,tas_4
comp_2556,tas_4
comp_2557,tas_4
comp_2558,tas_4
comp_2559,tas_4
comp_2560,tas_4
comp_2562,tas_4
comp_2563,tas_4
comp_2564,tas_4
comp_2565,tas_4
comp_2566,tas_4
comp_2567,tas_4
comp_2568,tas_4
comp_2569,tas_4
comp_2570,tas_4
comp_2571,tas_4
comp_2572,tas_4
comp_2573,tas_4
comp_2574,tas_4
comp_2575,tas_4
comp_2576,tas_4
comp_2577,tas_4
comp_2578,tas_4
comp_2579,tas_4
comp_2580,tas_4
comp_2581,tas_4
comp_2582,tas_4
comp_2583,tas_4
comp_2584,tas_4
comp_2585,tas_4
comp_2586,tas_4
comp_2587,tas_4
comp_2588,tas_4
comp_2589,tas_4
comp_2590,tas_4
comp_2591,tas_4
comp_2592,tas_4
comp_2593,tas_4
comp_2594,tas_4
comp_2595,tas_4
comp_2596,tas_4
comp_2597,tas_4
comp_2598,tas_4
comp_2599,tas_4
comp_2600,tas_4
comp_2601,tas_4
comp_2602,tas_4
comp_2603,tas_4
comp_2604,tas_4
comp_2605,tas_4
comp_2606,tas_4
comp_2607,tas_4
comp_2608,tas_4
comp_2609,tas_4
comp_2610,tas_4
comp_2611,tas_4
comp_2612,tas_4
comp_2613,tas_4
comp_2614,tas_4
comp_2615,tas_4
comp_2616,tas_4
comp_2617,tas_4
comp_2618,tas_4
comp_2619,tas_4
comp_2620,tas_4
comp_2621,tas_4
comp_2622,tas_4
comp_2623,tas_4
comp_2624,tas_4
comp_2625,tas_4
comp_2626,tas_4
comp_2627,tas_4
comp_2628,tas_4
comp_2629,tas_4
comp_2630,tas_4
comp_2632,tas_4
comp_2633,tas_4
comp_2634,tas_4
comp_2635,tas_4
comp_2636,tas_4
comp_2637,tas_4
comp_2638,tas_4
comp_2639,tas_4
comp_2640,tas_4
comp_2641,tas_4
comp_2642,tas_4
comp_2643,tas_4
comp_2644,tas_4
comp_2645,tas_4
comp_2646,tas_4
comp_2647,tas_4
comp_2648,tas_4
comp_2649,tas_4
comp_2650,tas_4
comp_2651,tas_4
comp_2652,tas_4
comp_2653,tas_4
comp_2654,tas_4
comp_2655,tas_4
comp_2656,tas_4
comp_2657,tas_4
comp_2658,tas_4
comp_2659,tas_4
comp_2660,tas_4
comp_2661,tas_4
comp_2662,tas_4
comp_2663,tas_4
comp_2664,tas_4
comp_2665,tas_4
comp_2666,tas_4
comp_2667,tas_4
comp_2668,tas_4
comp_2669,tas_4
comp_2670,tas_4
comp_2671,tas_4
comp_2672,tas_4
comp_2673,tas_4
comp_2674,tas_4
comp_2675,tas_4
comp_2676,tas_4
comp_2677,tas_4
comp_2678,tas_4
comp_2679,tas_4
comp_2680,tas_4
comp_2681,tas_4
comp_2682,tas_4
comp_2684,tas_4
comp_2685,tas_4
comp_2686,tas_4
comp_2687,tas_4
comp_2688,tas_4
comp_2689,tas_4
comp_2690,tas_4
comp_2691,tas_4
comp_2692,tas_4
comp_2693,tas_4
comp_2694,tas_4
comp_2695,tas_4
comp_2696,tas_4
comp_2697,tas_4
comp_2698,tas_4
comp_2699,tas_4
comp_2700,tas_3
comp_2701,tas_4
comp_2702,tas_4
comp_2703,tas_4
comp_2704,tas_4
comp_2705,tas_4
comp_2706,tas_4
comp_2707,tas_4
comp_2708,tas_4
comp_2709,tas_4
comp_2710,tas_4
comp_2711,tas_4
comp_2712,tas_4
comp_2713,tas_4
comp_2714,tas_4
comp_2715,tas_4
comp_2716,tas_4
comp_2717,tas_4
comp_2718,tas_4
comp_2719,tas_4
comp_2720,tas_4
comp_2721,tas_4
comp_2722,tas_4
comp_2723,tas_4
comp_2724,tas_4
comp_2725,tas_4
comp_2726,tas_4
comp_2727,tas_4
comp_2728,tas_4
comp_2729,tas_4
comp_2730,tas_4
comp_2731,tas_4
comp_2732,tas_4
comp_2733,tas_4
comp_2734,tas_4
comp_2735,tas_4
comp_2736,tas_4
comp_2737,tas_4
comp_2738,tas_4
comp_2739,tas_4
comp_2740,tas_4
comp_2741,tas_4
comp_2742,tas_4
comp_2743,tas_4
comp_2744,tas_4
comp_2745,tas_4
comp_2746,tas_4
comp_2748,tas_4
comp_2749,tas_4
comp_2750,tas_4
comp_2751,tas_4
comp_2752,tas_4
comp_2753,tas_4
comp_2754,tas_4
comp_2755,tas_4
comp_2756,tas_4
comp_2757,tas_4
comp_2758,tas_4
comp_2759,tas_4
comp_2760,tas_4
comp_2761,tas_4
comp_2762,tas_4
comp_2763,tas_4
comp_2764,tas_4
comp_2765,tas_4
comp_2766,tas_4
comp_2767,tas_4
comp_2768,tas_4
comp_2769,tas_4
comp_2770,tas_4
comp_2771,tas_4
comp_2772,tas_4
comp_2773,tas_4
comp_2774,tas_4
comp_2775,tas_4
comp_2776,tas_4
comp_2777,tas_4
comp_2778,tas_4
comp_2779,tas_4
comp_2780,tas_4
comp_2781,tas_4
comp_2782,tas_4
comp_2783,tas_4
comp_2784,tas_4
comp_2785,tas_4
comp_2786,tas_4
comp_2787,tas_4
comp_2789,tas_4
comp_2790,tas_4
comp_2791,tas_4
comp_2792,tas_4
comp_2793,tas_4
comp_2794,tas_4
comp_2795,tas_4
comp_2796,tas_4
comp_2797,tas_4
comp_2798,tas_4
comp_2799,tas_4
comp_2800,tas_4
comp_2801,tas_4
comp_2802,tas_4
comp_2803,tas_4
comp_2804,tas_4
comp_2805,tas_4
comp_2806,tas_4
comp_2807,tas_4
comp_2808,tas_4
comp_2810,tas_4
comp_2811,tas_4
comp_2812,tas_4
comp_2813,tas_4
comp_2814,tas_4
comp_2815,tas_4
comp_2816,tas_4
comp_2817,tas_4
comp_2818,tas_4
comp_2819,tas_4
comp_2820,tas_4
comp_2821,tas_4
comp_2822,tas_4
comp_2823,tas_4
comp_2824,tas_4
comp_2825,tas_4
comp_2826,tas_4
comp_2827,tas_4
comp_2828,tas_4
comp_2829,tas_4
comp_2830,tas_4
comp_2831,tas_4
comp_2832,tas_4
comp_2833,tas_4
comp_2834,tas_4
comp_2835,tas_4
comp_2836,tas_4
comp_2837,tas_4
comp_2838,tas_4
comp_2839,tas_4
comp_2840,tas_4
comp_2841,tas_4
comp_2842,tas_4
comp_2843,tas_4
comp_2844,tas_4
comp_2845,tas_4
comp_2846,tas_4
comp_2847,tas_4
comp_2848,tas_4
comp_2849,tas_4
comp_2850,tas_4
comp_2851,tas_4
comp_2852,tas_4
comp_2853,tas_4
comp_2854,tas_4
comp_2855,tas_4
comp_2856,tas_4
comp_2857,tas_4
comp_2858,tas_4
comp_2859,tas_4
comp_2860,tas_4
comp_2861,tas_4
comp_2862,tas_4
comp_2863,tas_4
comp_2864,tas_4
comp_2865,tas_4
comp_2866,tas_4
comp_2867,tas_4
comp_2868,tas_4
comp_2869,tas_4
comp_2870,tas_4
comp_2872,tas_4
comp_2873,tas_4
comp_2874,tas_4
comp_2875,tas_4
comp_2876,tas_4
comp_2877,tas_4
comp_2878,tas_4
comp_2880,tas_4
comp_2881,tas_4
comp_2882,tas_4
comp_2883,tas_4
comp_2884,tas_4
comp_2885,tas_4
comp_2886,tas_4
comp_2887,tas_4
comp_2888,tas_4
comp_2889,tas_4
comp_2890,tas_4
comp_2891,tas_4
comp_2892,tas_4
comp_2893,tas_4
comp_2894,tas_4
comp_2895,tas_4
comp_2896,tas_4
comp_2897,tas_4
comp_2898,tas_4
comp_2899,tas_4
comp_2900,tas_4
comp_2901,tas_4
comp_2902,tas_4
comp_2903,tas_4
comp_2904,tas_4
comp_2905,tas_4
comp_2906,tas_4
comp_2907,tas_4
comp_2908,tas_4
comp_2909,tas_4
comp_2910,tas_4
comp_2911,tas_4
comp_2912,tas_4
comp_2913,tas_4
comp_2914,tas_4
comp_2915,tas_4
comp_2916,tas_4
comp_2917,tas_4
comp_2918,tas_4
comp_2919,tas_4
comp_2920,tas_4
comp_2921,tas_4
comp_2922,tas_4
comp_2923,tas_4
comp_2924,tas_4
comp_2926,tas_4
comp_2927,tas_4
comp_2928,tas_4
comp_2929,tas_4
comp_2930,tas_4
comp_2931,tas_4
comp_2932,tas_4
comp_2933,tas_4
comp_2934,tas_4
comp_2935,tas_4
comp_2936,tas_4
comp_2937,tas_4
comp_2938,tas_4
comp_2939,tas_4
comp_2940,tas_4
comp_2941,tas_4
comp_2942,tas_4
comp_2943,tas_4
comp_2944,tas_4
comp_2945,tas_4
comp_2946,tas_4
comp_2947,tas_4
comp_2948,tas_4
comp_2949,tas_4
comp_2950,tas_4
comp_2951,tas_4
comp_2952,tas_4
comp_2953,tas_4
comp_2954,tas_4
comp_2955,tas_4
comp_2956,tas_4
comp_2957,tas_4
comp_2958,tas_4
comp_2959,tas_4
comp_2960,tas_4
comp_2961,tas_4
comp_2962,tas_4
comp_2963,tas_4
comp_2964,tas_4
comp_2965,tas_4
comp_2966,tas_4
comp_2967,tas_4
comp_2969,tas_4
comp_2970,tas_4
comp_2971,tas_4
comp_2972,tas_4
comp_2973,tas_4
comp_2974,tas_4
comp_2975,tas_4
comp_2976,tas_4
comp_2977,tas_4
comp_2978,tas_4
comp_2979,tas_4
comp_2980,tas_4
comp_2981,tas_4
comp_2982,tas_4
comp_2983,tas_4
comp_2984,tas_4
comp_2985,tas_4
comp_2986,tas_4
comp_2987,tas_4
comp_2988,tas_4
comp_2989,tas_4
comp_2990,tas_4
comp_2991,tas_4
comp_2992,tas_4
comp_2993,tas_4
comp_2994,tas_4
comp_2995,tas_4
comp_2996,tas_4
comp_2997,tas_4
comp_2998,tas_4
comp_3000,tas_3
comp_3001,tas_4
comp_3002,tas_4
comp_3003,tas_4
comp_3004,tas_4
comp_3005,tas_4
comp_3006,tas_4
comp_3007,tas_4
comp_3008,tas_4
comp_3009,tas_4
comp_3010,tas_4
comp_3011,tas_4
comp_3012,tas_4
comp_3013,tas_4
comp_3014,tas_4
comp_3015,tas_4
comp_3016,tas_4
comp_3017,tas_4
comp_3018,tas_4
comp_3019,tas_4
comp_3020,tas_4
comp_3021,tas_4
comp_3022,tas_4
comp_3023,tas_4
comp_3024,tas_4
comp_3025,tas_4
comp_3026,tas_4
comp_3027,tas_4
comp_3028,tas_4
comp_3029,tas_4
comp_3030,tas_4
comp_3031,tas_4
comp_3032,tas_4
comp_3033,tas_4
comp_3034,tas_4
comp_3035,tas_4
comp_3036,tas_4
comp_3037,tas_4
comp_3038,tas_4
comp_3039,tas_4
comp_3040,tas_4
comp_3041,tas_4
comp_3042,tas_4
comp_3043,tas_4
comp_3044,tas_4
comp_3045,tas_4
comp_3046,tas_4
comp_3047,tas_4
comp_3048,tas_4
comp_3049,tas_4
comp_3050,tas_4
comp_3051,tas_4
comp_3052,tas_4
comp_3053,tas_4
comp_3054,tas_4
comp_3055,tas_4
comp_3056,tas_4
comp_3057,tas_4
comp_3058,tas_4
comp_3059,tas_4
comp_3060,tas_4
comp_3061,tas_4
comp_3062,tas_4
comp_3063,tas_4
comp_3064,tas_4
comp_3065,tas_4
comp_3066,tas_4
comp_3067,tas_4
comp_3068,tas_4
comp_3069,tas_4
comp_3070,tas_4
comp_3071,tas_4
comp_3072,tas_4
comp_3073,tas_4
comp_3074,tas_4
comp_3075,tas_4
comp_3076,tas_4
comp_3077,tas_4
comp_3078,tas_4
comp_3079,tas_4
comp_3080,tas_4
comp_3081,tas_4
comp_3082,tas_4
comp_3083,tas_4
comp_3084,tas_4
comp_3085,tas_4
comp_3086,tas_4
comp_3087,tas_4
comp_3088,tas_4
comp_3089,tas_4
comp_3090,tas_4
comp_3091,tas_4
comp_3092,tas_4
comp_3093,tas_4
comp_3094,tas_4
comp_3095,tas_4
comp_3096,tas_4
comp_3097,tas_4
comp_3098,tas_4
comp_3099,tas_4
comp_3100,tas_4
comp_3101,tas_4
comp_3102,tas_4
comp_3103,tas_4
comp_3104,tas_4
comp_3105,tas_4
comp_3106,tas_4
comp_3107,tas_4
comp_3108,tas_4
comp_3109,tas_4
comp_3110,tas_4
comp_3111,tas_4
comp_3112,tas_4
comp_3113,tas_4
comp_3114,tas_4
comp_3115,tas_4
comp_3116,tas_4
comp_3117,tas_4
comp_3118,tas_4
comp_3119,tas_4
comp_3120,tas_4
comp_3121,tas_4
comp_3122,tas_4
comp_3123,tas_4
comp_3124,tas_4
comp_3125,tas_4
comp_3126,tas_4
comp_3127,tas_4
comp_3128,tas_4
comp_3129,tas_4
comp_3130,tas_4
comp_3131,tas_4
comp_3132,tas_4
comp_3133,tas_4
comp_3134,tas_4
comp_3135,tas_4
comp_3137,tas_4
comp_3138,tas_4
comp_3139,tas_4
comp_3142,tas_4
comp_3143,tas_4
comp_3144,tas_4
comp_3145,tas_4
comp_3146,tas_4
comp_3147,tas_4
comp_3148,tas_4
comp_3149,tas_4
comp_3150,tas_4
comp_3151,tas_4
comp_3152,tas_4
comp_3153,tas_4
comp_3154,tas_4
comp_3155,tas_4
comp_3156,tas_4
comp_3157,tas_4
comp_3158,tas_4
comp_3159,tas_4
comp_3160,tas_4
comp_3161,tas_4
comp_3162,tas_4
comp_3163,tas_4
comp_3164,tas_4
comp_3166,tas_4
comp_3167,tas_4
comp_3168,tas_4
comp_3169,tas_4
comp_3170,tas_4
comp_3171,tas_4
comp_3172,tas_4
comp_3173,tas_4
comp_3174,tas_4
comp_3175,tas_4
comp_3176,tas_4
comp_3177,tas_4
comp_3178,tas_4
comp_3179,tas_4
comp_3180,tas_4
comp_3181,tas_4
comp_3182,tas_4
comp_3183,tas_4
comp_3184,tas_4
comp_3185,tas_4
comp_3186,tas_4
comp_3187,tas_4
comp_3188,tas_4
comp_3189,tas_4
comp_3190,tas_4
comp_3191,tas_4
comp_3192,tas_4
comp_3193,tas_4
comp_3194,tas_4
comp_3195,tas_4
comp_3196,tas_4
comp_3197,tas_4
comp_3198,tas_4
comp_3199,tas_4
comp_3200,tas_4
comp_3201,tas_4
comp_3202,tas_4
comp_3203,tas_4
comp_3204,tas_4
comp_3205,tas_4
comp_3206,tas_4
comp_3207,tas_4
comp_3208,tas_4
comp_3209,tas_4
comp_3210,tas_4
comp_3211,tas_4
comp_3212,tas_4
comp_3213,tas_4
comp_3214,tas_4
comp_3215,tas_4
comp_3216,tas_4
comp_3217,tas_4
comp_3218,tas_4
comp_3219,tas_4
comp_3220,tas_4
comp_3221,tas_4
comp_3222,tas_4
comp_3223,tas_4
comp_3224,tas_4
comp_3225,tas_4
comp_3227,tas_4
comp_3228,tas_4
comp_3229,tas_4
comp_3230,tas_4
comp_3231,tas_4
comp_3232,tas_4
comp_3233,tas_4
comp_3234,tas_4
comp_3235,tas_4
comp_3236,tas_4
comp_3238,tas_4
comp_3239,tas_4
comp_3240,tas_4
comp_3241,tas_4
comp_3242,tas_4
comp_3243,tas_4
comp_3244,tas_4
comp_3245,tas_4
comp_3246,tas_4
comp_3247,tas_4
comp_3248,tas_4
comp_3250,tas_4
comp_3251,tas_4
comp_3252,tas_4
comp_3253,tas_4
comp_3254,tas_4
comp_3255,tas_4
comp_3256,tas_4
comp_3257,tas_4
comp_3258,tas_4
comp_3259,tas_4
comp_3260,tas_4
comp_3261,tas_4
comp_3262,tas_4
comp_3263,tas_4
comp_3264,tas_4
comp_3265,tas_4
comp_3266,tas_4
comp_3267,tas_4
comp_3268,tas_4
comp_3269,tas_4
comp_3270,tas_4
comp_3271,tas_4
comp_3272,tas_4
comp_3273,tas_4
comp_3274,tas_4
comp_3275,tas_4
comp_3276,tas_4
comp_3277,tas_4
comp_3278,tas_4
comp_3279,tas_4
comp_3280,tas_4
comp_3281,tas_4
comp_3282,tas_4
comp_3283,tas_4
comp_3284,tas_4
comp_3285,tas_4
comp_3286,tas_4
comp_3287,tas_4
comp_3288,tas_4
comp_3289,tas_4
comp_3291,tas_4
comp_3292,tas_4
comp_3293,tas_4
comp_3295,tas_4
comp_3297,tas_4
comp_3298,tas_4
comp_3299,tas_4
comp_3301,tas_4
comp_3302,tas_4
comp_3303,tas_4
comp_3304,tas_4
comp_3305,tas_4
comp_3306,tas_4
comp_3307,tas_4
comp_3309,tas_4
comp_3310,tas_4
comp_3311,tas_4
comp_3312,tas_4
comp_3313,tas_4
comp_3314,tas_4
comp_3315,tas_4
comp_3317,tas_4
comp_3318,tas_4
comp_3319,tas_4
comp_3320,tas_4
comp_3321,tas_4
comp_3322,tas_4
comp_3323,tas_4
comp_3324,tas_4
comp_3325,tas_4
comp_3326,tas_4
comp_3327,tas_4
comp_3328,tas_4
comp_3329,tas_4
comp_3330,tas_4
comp_3331,tas_4
comp_3332,tas_4
comp_3333,tas_4
comp_3334,tas_4
comp_3335,tas_4
comp_3336,tas_4
comp_3337,tas_4
comp_3338,tas_4
comp_3339,tas_4
comp_3340,tas_4
comp_3341,tas_4
comp_3342,tas_4
comp_3343,tas_4
comp_3344,tas_4
comp_3345,tas_4
comp_3346,tas_4
comp_3347,tas_4
comp_3348,tas_4
comp_3349,tas_4
comp_3350,tas_4
comp_3351,tas_4
comp_3352,tas_4
comp_3353,tas_4
comp_3354,tas_4
comp_3355,tas_4
comp_3356,tas_4
comp_3357,tas_4
comp_3358,tas_4
comp_3359,tas_4
comp_3361,tas_4
comp_3362,tas_4
comp_3363,tas_4
comp_3364,tas_4
comp_3365,tas_4
comp_3366,tas_4
comp_3367,tas_4
comp_3369,tas_4
comp_3370,tas_4
comp_3371,tas_4
comp_3374,tas_5
comp_3375,tas_4
comp_3377,tas_4
comp_3380,tas_4
comp_3381,tas_4
comp_3384,tas_4
comp_3385,tas_4
comp_3386,tas_1
comp_3387,tas_5
comp_3388,tas_2
comp_3389,tas_5
comp_3390,tas_5
comp_3391,tas_5
comp_3392,tas_5
comp_3393,tas_5
comp_3394,tas_5
comp_3395,tas_3
comp_3396,tas_3
comp_3397,tas_5
comp_3398,tas_2
comp_3399,tas_2
comp_3400,tas_3
comp_3401,tas_5
comp_3402,tas_3
comp_3403,tas_3
comp_3404,tas_3
comp_3405,tas_5
comp_3406,tas_3
comp_3407,tas_3
comp_3408,tas_3
comp_3409,tas_3
comp_3410,tas_3
comp_3411,tas_3
comp_3412,tas_3
comp_3413,tas_3
comp_3414,tas_3
comp_3415,tas_3
comp_3416,tas_3
comp_3417,tas_4
comp_3418,tas_3
comp_3419,tas_3
comp_3420,tas_4
comp_3421,tas_4
comp_3422,tas_4
comp_3423,tas_1
comp_3424,tas_2
comp_3425,tas_2
comp_3426,tas_2
comp_3427,tas_1
comp_3428,tas_5
comp_3429,tas_2
comp_3430,tas_2
comp_3431,tas_2
comp_3432,tas_2
comp_3433,tas_5
comp_3434,tas_5
comp_3435,tas_5
comp_3436,tas_5
comp_3437,tas_5
comp_3438,tas_5
comp_3439,tas_2
comp_3440,tas_5
comp_3441,tas_5
comp_3442,tas_5
comp_3443,tas_3
comp_3444,tas_3
comp_3445,tas_2
comp_3446,tas_5
comp_3447,tas_5
comp_3448,tas_5
comp_3449,tas_3
comp_3450,tas_5
comp_3451,tas_5
comp_3452,tas_5
comp_3453,tas_5
comp_3454,tas_3
comp_3455,tas_5
comp_3456,tas_5
comp_3457,tas_3
comp_3458,tas_5
comp_3459,tas_5
comp_3460,tas_5
comp_3461,tas_3
comp_3462,tas_3
comp_3463,tas_5
comp_3464,tas_5
comp_3465,tas_5
comp_3466,tas_3
comp_3467,tas_3
comp_3468,tas_5
comp_3469,tas_3
comp_3470,tas_5
comp_3471,tas_3
comp_3472,tas_3
comp_3473,tas_3
comp_3474,tas_3
comp_3475,tas_3
comp_3476,tas_5
comp_3477,tas_5
comp_3478,tas_5
comp_3479,tas_5
comp_3480,tas_5
comp_3481,tas_5
comp_3482,tas_5
comp_3483,tas_3
comp_3484,tas_3
comp_3485,tas_3
comp_3486,tas_3
comp_3487,tas_5
comp_3488,tas_5
comp_3489,tas_3
comp_3490,tas_3
comp_3491,tas_3
comp_3492,tas_3
comp_3493,tas_5
comp_3494,tas_5
comp_3495,tas_3
comp_3496,tas_3
comp_3497,tas_5
comp_3498,tas_5
comp_3499,tas_3
comp_3500,tas_5
comp_3501,tas_5
comp_3502,tas_3
comp_3503,tas_3
comp_3504,tas_5
comp_3505,tas_3
comp_3506,tas_3
comp_3507,tas_3
comp_3508,tas_3
comp_3509,tas_3
comp_3510,tas_3
comp_3511,tas_3
comp_3512,tas_4
comp_3513,tas_3
comp_3514,tas_3
comp_3515,tas_5
comp_3516,tas_3
comp_3517,tas_3
comp_3518,tas_3
comp_3519,tas_4
comp_3520,tas_3
comp_3521,tas_3
comp_3522,tas_3
comp_3523,tas_3
comp_3524,tas_4
comp_3525,tas_3
comp_3526,tas_3
comp_3527,tas_3
comp_3528,tas_3
comp_3529,tas_3
comp_3530,tas_3
comp_3531,tas_3
comp_3532,tas_3
comp_3533,tas_4
comp_3534,tas_3
comp_3535,tas_3
comp_3536,tas_3
comp_3537,tas_3
comp_3538,tas_3
comp_3539,tas_3
comp_3540,tas_4
comp_3541,tas_3
comp_3542,tas_4
comp_3543,tas_3
comp_3544,tas_3
comp_3545,tas_4
comp_3546,tas_3
comp_3547,tas_3
comp_3548,tas_3
comp_3549,tas_3
comp_3550,tas_3
comp_3551,tas_4
comp_3552,tas_5
comp_3553,tas_3
comp_3554,tas_3
comp_3555,tas_3
comp_3556,tas_3
comp_3557,tas_3
comp_3558,tas_3
comp_3559,tas_3
comp_3560,tas_4
comp_3561,tas_3
comp_3562,tas_3
comp_3563,tas_3
comp_3564,tas_3
comp_3565,tas_3
comp_3566,tas_3
comp_3567,tas_4
comp_3568,tas_3
comp_3569,tas_3
comp_3570,tas_4
comp_3571,tas_4
comp_3572,tas_3
comp_3573,tas_4
comp_3574,tas_3
comp_3575,tas_3
comp_3576,tas_3
comp_3577,tas_4
comp_3578,tas_4
comp_3579,tas_3
comp_3581,tas_3
comp_3582,tas_4
comp_3583,tas_4
comp_3584,tas_4
comp_3585,tas_3
comp_3586,tas_4
comp_3587,tas_3
comp_3588,tas_3
comp_3589,tas_4
comp_3590,tas_4
comp_3591,tas_4
comp_3592,tas_3
comp_3593,tas_3
comp_3594,tas_4
comp_3595,tas_4
comp_3596,tas_3
comp_3597,tas_4
comp_3598,tas_4
comp_3599,tas_3
comp_3600,tas_4
comp_3601,tas_4
comp_3602,tas_4
comp_3603,tas_3
comp_3604,tas_3
comp_3605,tas_4
comp_3606,tas_4
comp_3607,tas_3
comp_3608,tas_4
comp_3609,tas_4
comp_3610,tas_4
comp_3611,tas_3
comp_3612,tas_4
comp_3613,tas_4
comp_3614,tas_4
comp_3615,tas_4
comp_3616,tas_4
comp_3617,tas_4
comp_3618,tas_4
comp_3619,tas_4
comp_3620,tas_4
comp_3621,tas_4
comp_3622,tas_4
comp_3623,tas_4
comp_3624,tas_4
comp_3625,tas_4
comp_3626,tas_3
comp_3627,tas_4
comp_3628,tas_4
comp_3629,tas_3
comp_3630,tas_4
comp_3631,tas_4
comp_3632,tas_4
comp_3633,tas_4
comp_3634,tas_4
comp_3635,tas_4
comp_3636,tas_4
comp_3637,tas_3
comp_3638,tas_4
comp_3639,tas_3
comp_3640,tas_4
comp_3641,tas_4
comp_3642,tas_4
comp_3643,tas_3
comp_3644,tas_4
comp_3645,tas_4
comp_3646,tas_4
comp_3647,tas_4
comp_3648,tas_4
comp_3649,tas_4
comp_3650,tas_3
comp_3651,tas_3
comp_3652,tas_4
comp_3653,tas_4
comp_3654,tas_3
comp_3655,tas_4
comp_3656,tas_4
comp_3657,tas_4
comp_3658,tas_4
comp_3659,tas_4
comp_3660,tas_4
comp_3661,tas_4
comp_3662,tas_4
comp_3663,tas_4
comp_3664,tas_4
comp_3665,tas_4
comp_3666,tas_4
comp_3667,tas_4
comp_3668,tas_4
comp_3669,tas_4
comp_3670,tas_4
comp_3671,tas_4
comp_3672,tas_4
comp_3673,tas_3
comp_3674,tas_4
comp_3675,tas_4
comp_3676,tas_4
comp_3677,tas_4
comp_3678,tas_4
comp_3679,tas_4
comp_3680,tas_3
comp_3681,tas_4
comp_3682,tas_4
comp_3683,tas_4
comp_3684,tas_4
comp_3685,tas_5
comp_3686,tas_4
comp_3687,tas_4
comp_3688,tas_4
comp_3689,tas_4
comp_3690,tas_4
comp_3691,tas_4
comp_3692,tas_4
comp_3693,tas_3
comp_3694,tas_4
comp_3695,tas_3
comp_3696,tas_4
comp_3697,tas_4
comp_3698,tas_4
comp_3699,tas_4
comp_3700,tas_4
comp_3701,tas_4
comp_3702,tas_4
comp_3703,tas_4
comp_3704,tas_4
comp_3705,tas_4
comp_3706,tas_4
comp_3707,tas_4
comp_3708,tas_3
comp_3709,tas_4
comp_3710,tas_4
comp_3711,tas_4
comp_3712,tas_4
comp_3713,tas_4
comp_3714,tas_3
comp_3715,tas_4
comp_3716,tas_4
comp_3717,tas_4
comp_3718,tas_4
comp_3719,tas_4
comp_3720,tas_4
comp_3721,tas_4
comp_3722,tas_4
comp_3723,tas_4
comp_3724,tas_4
comp_3725,tas_4
comp_3726,tas_4
comp_3727,tas_4
comp_3728,tas_4
comp_3729,tas_4
comp_3730,tas_4
comp_3731,tas_3
comp_3732,tas_4
comp_3733,tas_4
comp_3734,tas_4
comp_3735,tas_4
comp_3736,tas_4
comp_3737,tas_4
comp_3738,tas_4
comp_3739,tas_4
comp_3740,tas_4
comp_3741,tas_4
comp_3742,tas_4
comp_3743,tas_4
comp_3744,tas_4
comp_3745,tas_4
comp_3746,tas_4
comp_3747,tas_3
comp_3748,tas_4
comp_3749,tas_4
comp_3750,tas_4
comp_3751,tas_4
comp_3752,tas_4
comp_3753,tas_4
comp_3754,tas_4
comp_3755,tas_4
comp_3756,tas_4
comp_3757,tas_4
comp_3758,tas_4
comp_3759,tas_4
comp_3760,tas_4
comp_3761,tas_4
comp_3762,tas_4
comp_3763,tas_4
comp_3764,tas_4
comp_3765,tas_4
comp_3766,tas_4
comp_3767,tas_4
comp_3768,tas_4
comp_3769,tas_4
comp_3770,tas_4
comp_3771,tas_4
comp_3772,tas_4
comp_3773,tas_4
comp_3774,tas_4
comp_3775,tas_4
comp_3776,tas_4
comp_3777,tas_4
comp_3778,tas_4
comp_3779,tas_4
comp_3780,tas_4
comp_3781,tas_4
comp_3782,tas_4
comp_3783,tas_4
comp_3784,tas_4
comp_3785,tas_4
comp_3786,tas_3
comp_3787,tas_3
comp_3788,tas_4
comp_3789,tas_4
comp_3790,tas_4
comp_3791,tas_4
comp_3792,tas_4
comp_3793,tas_4
comp_3794,tas_4
comp_3795,tas_4
comp_3796,tas_4
comp_3797,tas_4
comp_3798,tas_4
comp_3799,tas_4
comp_3800,tas_4
comp_3801,tas_4
comp_3802,tas_4
comp_3803,tas_4
comp_3804,tas_4
comp_3805,tas_3
comp_3806,tas_4
comp_3807,tas_4
comp_3808,tas_4
comp_3809,tas_4
comp_3810,tas_4
comp_3811,tas_4
comp_3812,tas_4
comp_3813,tas_4
comp_3814,tas_4
comp_3815,tas_4
comp_3816,tas_4
comp_3817,tas_4
comp_3818,tas_4
comp_3819,tas_4
comp_3820,tas_4
comp_3821,tas_4
comp_3822,tas_4
comp_3823,tas_4
comp_3824,tas_4
comp_3825,tas_4
comp_3826,tas_4
comp_3827,tas_4
comp_3828,tas_4
comp_3830,tas_4
comp_3831,tas_4
comp_3832,tas_4
comp_3833,tas_4
comp_3834,tas_4
comp_3835,tas_4
comp_3836,tas_4
comp_3837,tas_4
comp_3838,tas_4
comp_3839,tas_4
comp_3840,tas_4
comp_3841,tas_4
comp_3842,tas_4
comp_3843,tas_4
comp_3844,tas_4
comp_3845,tas_4
comp_3846,tas_3
comp_3847,tas_4
comp_3848,tas_4
comp_3849,tas_4
comp_3850,tas_4
comp_3851,tas_4
comp_3852,tas_3
comp_3853,tas_4
comp_3854,tas_4
comp_3855,tas_4
comp_3856,tas_4
comp_3857,tas_4
comp_3858,tas_4
comp_3859,tas_4
comp_3860,tas_4
comp_3861,tas_4
comp_3862,tas_4
comp_3863,tas_4
comp_3864,tas_3
comp_3865,tas_4
comp_3866,tas_4
comp_3867,tas_4
comp_3868,tas_4
comp_3869,tas_4
comp_3870,tas_4
comp_3871,tas_4
comp_3872,tas_4
comp_3873,tas_4
comp_3874,tas_4
comp_3875,tas_4
comp_3876,tas_4
comp_3877,tas_4
comp_3878,tas_4
comp_3879,tas_4
comp_3880,tas_4
comp_3881,tas_4
comp_3882,tas_4
comp_3883,tas_4
comp_3884,tas_4
comp_3885,tas_4
comp_3886,tas_4
comp_3887,tas_4
comp_3888,tas_4
comp_3889,tas_4
comp_3890,tas_4
comp_3891,tas_4
comp_3892,tas_4
comp_3893,tas_4
comp_3894,tas_4
comp_3895,tas_4
comp_3896,tas_4
comp_3897,tas_4
comp_3898,tas_4
comp_3899,tas_4
comp_3900,tas_4
comp_3901,tas_4
comp_3902,tas_4
comp_3903,tas_4
comp_3904,tas_4
comp_3905,tas_4
comp_3906,tas_4
comp_3907,tas_3
comp_3908,tas_4
comp_3909,tas_4
comp_3910,tas_4
comp_3911,tas_4
comp_3912,tas_4
comp_3913,tas_4
comp_3914,tas_4
comp_3915,tas_4
comp_3916,tas_4
comp_3917,tas_4
comp_3918,tas_4
comp_3919,tas_4
comp_3920,tas_4
comp_3921,tas_4
comp_3922,tas_4
comp_3923,tas_4
comp_3924,tas_4
comp_3925,tas_4
comp_3926,tas_3
comp_3927,tas_4
comp_3928,tas_4
comp_3929,tas_4
comp_3930,tas_4
comp_3931,tas_4
comp_3932,tas_4
comp_3933,tas_4
comp_3934,tas_4
comp_3935,tas_4
comp_3936,tas_4
comp_3937,tas_4
comp_3938,tas_4
comp_3939,tas_4
comp_3940,tas_4
comp_3941,tas_4
comp_3942,tas_3
comp_3943,tas_4
comp_3944,tas_4
comp_3945,tas_4
comp_3946,tas_4
comp_3947,tas_2
comp_3948,tas_2
comp_3949,tas_5
comp_3950,tas_2
comp_3951,tas_2
comp_3952,tas_5
comp_3953,tas_5
comp_3954,tas_5
comp_3955,tas_5
comp_3956,tas_5
comp_3957,tas_5
comp_3958,tas_5
comp_3959,tas_3
comp_3960,tas_5
comp_3961,tas_3
comp_3962,tas_3
comp_3963,tas_3
comp_3964,tas_3
comp_3965,tas_5
comp_3966,tas_5
comp_3967,tas_3
comp_3968,tas_3
comp_3969,tas_3
comp_3970,tas_4
comp_3971,tas_4
comp_3972,tas_3
comp_3973,tas_4
comp_3974,tas_4
comp_3975,tas_4
comp_3976,tas_4
comp_3977,tas_2
comp_3978,tas_1
comp_3979,tas_2
comp_3980,tas_5
comp_3981,tas_5
comp_3982,tas_2
comp_3983,tas_2
comp_3984,tas_2
comp_3985,tas_2
comp_3986,tas_5
comp_3987,tas_5
comp_3988,tas_5
comp_3989,tas_5
comp_3990,tas_5
comp_3991,tas_2
comp_3992,tas_3
comp_3993,tas_5
comp_3994,tas_5
comp_3995,tas_3
comp_3996,tas_5
comp_3997,tas_5
comp_3998,tas_5
comp_3999,tas_5
comp_4000,tas_3
comp_4001,tas_3
comp_4002,tas_5
comp_4003,tas_5
comp_4004,tas_5
comp_4005,tas_3
comp_4006,tas_3
comp_4007,tas_5
comp_4008,tas_5
comp_4009,tas_3
comp_4010,tas_3
comp_4011,tas_3
comp_4012,tas_3
comp_4013,tas_5
comp_4014,tas_3
comp_4015,tas_5
comp_4016,tas_3
comp_4017,tas_5
comp_4018,tas_5
comp_4019,tas_3
comp_4020,tas_3
comp_4021,tas_3
comp_4022,tas_5
comp_4023,tas_3
comp_4024,tas_3
comp_4025,tas_3
comp_4026,tas_3
comp_4027,tas_3
comp_4028,tas_5
comp_4029,tas_5
comp_4030,tas_5
comp_4031,tas_3
comp_4032,tas_3
comp_4033,tas_3
comp_4034,tas_3
comp_4035,tas_5
comp_4036,tas_3
comp_4037,tas_3
comp_4038,tas_3
comp_4039,tas_3
comp_4040,tas_4
comp_4041,tas_3
comp_4042,tas_3
comp_4043,tas_3
comp_4044,tas_3
comp_4045,tas_3
comp_4046,tas_3
comp_4047,tas_3
comp_4048,tas_3
comp_4049,tas_3
comp_4050,tas_3
comp_4051,tas_3
comp_4052,tas_3
comp_4053,tas_3
comp_4054,tas_3
comp_4055,tas_3
comp_4056,tas_3
comp_4057,tas_3
comp_4058,tas_3
comp_4059,tas_3
comp_4060,tas_3
comp_4061,tas_3
comp_4062,tas_3
comp_4063,tas_3
comp_4064,tas_3
comp_4065,tas_3
comp_4066,tas_3
comp_4067,tas_3
comp_4068,tas_4
comp_4069,tas_3
comp_4070,tas_3
comp_4071,tas_3
comp_4072,tas_3
comp_4073,tas_3
comp_4074,tas_4
comp_4075,tas_3
comp_4076,tas_3
comp_4077,tas_3
comp_4078,tas_3
comp_4079,tas_5
comp_4080,tas_4
comp_4081,tas_3
comp_4082,tas_3
comp_4083,tas_3
comp_4084,tas_3
comp_4085,tas_3
comp_4086,tas_4
comp_4087,tas_3
comp_4088,tas_3
comp_4089,tas_3
comp_4090,tas_3
comp_4091,tas_3
comp_4092,tas_3
comp_4093,tas_3
comp_4094,tas_3
comp_4095,tas_3
comp_4096,tas_3
comp_4097,tas_3
comp_4098,tas_4
comp_4099,tas_3
comp_4100,tas_3
comp_4101,tas_3
comp_4102,tas_3
comp_4103,tas_5
comp_4104,tas_3
comp_4105,tas_3
comp_4106,tas_3
comp_4107,tas_4
comp_4108,tas_3
comp_4109,tas_3
comp_4110,tas_3
comp_4111,tas_3
comp_4112,tas_3
comp_4113,tas_3
comp_4114,tas_3
comp_4115,tas_3
comp_4116,tas_3
comp_4117,tas_3
comp_4118,tas_3
comp_4119,tas_3
comp_4120,tas_3
comp_4121,tas_3
comp_4122,tas_3
comp_4123,tas_4
comp_4124,tas_4
comp_4125,tas_4
comp_4126,tas_3
comp_4127,tas_4
comp_4128,tas_4
comp_4129,tas_3
comp_4130,tas_4
comp_4131,tas_4
comp_4133,tas_4
comp_4134,tas_1
comp_4135,tas_5
comp_4136,tas_2
comp_4137,tas_3
comp_4138,tas_5
comp_4139,tas_5
comp_4140,tas_3
comp_4141,tas_4
comp_4142,tas_3
comp_4143,tas_4
comp_4144,tas_5
comp_4145,tas_1
comp_4146,tas_2
comp_4147,tas_5
comp_4148,tas_2
comp_4149,tas_2
comp_4150,tas_2
comp_4151,tas_1
comp_4152,tas_1
comp_4153,tas_2
comp_4154,tas_1
comp_4155,tas_2
comp_4156,tas_1
comp_4157,tas_2
comp_4158,tas_2
comp_4159,tas_2
comp_4160,tas_2
comp_4161,tas_2
comp_4162,tas_2
comp_4163,tas_2
comp_4164,tas_2
comp_4165,tas_5
comp_4166,tas_2
comp_4167,tas_2
comp_4168,tas_2
comp_4169,tas_1
comp_4170,tas_5
comp_4171,tas_2
comp_4172,tas_5
comp_4173,tas_2
comp_4174,tas_2
comp_4175,tas_2
comp_4176,tas_2
comp_4177,tas_2
comp_4178,tas_5
comp_4179,tas_2
comp_4180,tas_2
comp_4181,tas_5
comp_4182,tas_2
comp_4183,tas_2
comp_4184,tas_2
comp_4185,tas_5
comp_4186,tas_5
comp_4187,tas_2
comp_4188,tas_5
comp_4189,tas_2
comp_4190,tas_5
comp_4191,tas_2
comp_4192,tas_3
comp_4193,tas_2
comp_4194,tas_5
comp_4195,tas_2
comp_4196,tas_5
comp_4197,tas_5
comp_4198,tas_5
comp_4199,tas_5
comp_4200,tas_5
comp_4201,tas_5
comp_4202,tas_5
comp_4203,tas_5
comp_4204,tas_2
comp_4206,tas_2
comp_4207,tas_5
comp_4208,tas_2
comp_4209,tas_5
comp_4210,tas_2
comp_4211,tas_5
comp_4212,tas_5
comp_4213,tas_2
comp_4214,tas_5
comp_4215,tas_5
comp_4216,tas_5
comp_4217,tas_5
comp_4218,tas_5
comp_4219,tas_2
comp_4220,tas_5
comp_4221,tas_5
comp_4222,tas_3
comp_4223,tas_2
comp_4224,tas_5
comp_4225,tas_5
comp_4226,tas_5
comp_4227,tas_5
comp_4228,tas_5
comp_4229,tas_5
comp_4230,tas_5
comp_4231,tas_5
comp_4232,tas_5
comp_4233,tas_5
comp_4234,tas_5
comp_4235,tas_5
comp_4236,tas_5
comp_4237,tas_5
comp_4238,tas_5
comp_4239,tas_5
comp_4240,tas_5
comp_4241,tas_5
comp_4242,tas_5
comp_4243,tas_2
comp_4244,tas_2
comp_4245,tas_5
comp_4246,tas_5
comp_4247,tas_5
comp_4248,tas_5
comp_4249,tas_5
comp_4250,tas_4
comp_4251,tas_5
comp_4252,tas_5
comp_4253,tas_2
comp_4254,tas_5
comp_4255,tas_5
comp_4256,tas_5
comp_4257,tas_5
comp_4258,tas_3
comp_4259,tas_5
comp_4260,tas_2
comp_4261,tas_5
comp_4262,tas_5
comp_4263,tas_3
comp_4264,tas_5
comp_4265,tas_3
comp_4266,tas_2
comp_4267,tas_5
comp_4268,tas_5
comp_4269,tas_5
comp_4270,tas_5
comp_4271,tas_5
comp_4272,tas_5
comp_4273,tas_5
comp_4274,tas_2
comp_4275,tas_5
comp_4276,tas_5
comp_4277,tas_5
comp_4278,tas_3
comp_4279,tas_5
comp_4280,tas_5
comp_4281,tas_5
comp_4282,tas_3
comp_4283,tas_5
comp_4284,tas_5
comp_4285,tas_3
comp_4286,tas_5
comp_4287,tas_5
comp_4288,tas_3
comp_4289,tas_5
comp_4290,tas_5
comp_4291,tas_5
comp_4292,tas_5
comp_4293,tas_3
comp_4294,tas_3
comp_4295,tas_5
comp_4296,tas_3
comp_4297,tas_5
comp_4298,tas_5
comp_4299,tas_3
comp_4300,tas_5
comp_4301,tas_5
comp_4302,tas_5
comp_4303,tas_5
comp_4304,tas_5
comp_4305,tas_3
comp_4306,tas_3
comp_4307,tas_5
comp_4308,tas_3
comp_4309,tas_5
comp_4310,tas_3
comp_4311,tas_5
comp_4312,tas_5
comp_4313,tas_3
comp_4314,tas_5
comp_4315,tas_5
comp_4316,tas_5
comp_4317,tas_3
comp_4318,tas_3
comp_4319,tas_5
comp_4320,tas_2
comp_4321,tas_5
comp_4322,tas_5
comp_4323,tas_3
comp_4324,tas_5
comp_4325,tas_5
comp_4326,tas_5
comp_4327,tas_3
comp_4328,tas_5
comp_4329,tas_5
comp_4330,tas_5
comp_4331,tas_5
comp_4332,tas_3
comp_4333,tas_5
comp_4334,tas_5
comp_4335,tas_3
comp_4336,tas_3
comp_4337,tas_5
comp_4338,tas_3
comp_4339,tas_3
comp_4340,tas_3
comp_4341,tas_3
comp_4342,tas_5
comp_4343,tas_5
comp_4344,tas_3
comp_4345,tas_5
comp_4346,tas_2
comp_4347,tas_5
comp_4348,tas_3
comp_4349,tas_3
comp_4350,tas_5
comp_4351,tas_3
comp_4352,tas_5
comp_4353,tas_5
comp_4354,tas_3
comp_4355,tas_5
comp_4356,tas_5
comp_4357,tas_3
comp_4358,tas_5
comp_4359,tas_5
comp_4360,tas_3
comp_4361,tas_5
comp_4362,tas_3
comp_4363,tas_5
comp_4364,tas_5
comp_4365,tas_5
comp_4366,tas_5
comp_4367,tas_3
comp_4368,tas_3
comp_4369,tas_5
comp_4370,tas_5
comp_4371,tas_5
comp_4372,tas_3
comp_4373,tas_3
comp_4374,tas_5
comp_4375,tas_3
comp_4376,tas_5
comp_4377,tas_5
comp_4378,tas_3
comp_4379,tas_3
comp_4380,tas_5
comp_4381,tas_3
comp_4382,tas_5
comp_4383,tas_5
comp_4384,tas_3
comp_4385,tas_5
comp_4386,tas_5
comp_4387,tas_5
comp_4388,tas_5
comp_4389,tas_3
comp_4390,tas_5
comp_4391,tas_3
comp_4392,tas_5
comp_4393,tas_4
comp_4394,tas_5
comp_4395,tas_5
comp_4396,tas_5
comp_4397,tas_3
comp_4398,tas_5
comp_4399,tas_3
comp_4400,tas_3
comp_4401,tas_5
comp_4402,tas_5
comp_4403,tas_3
comp_4404,tas_3
comp_4405,tas_5
comp_4406,tas_3
comp_4407,tas_3
comp_4408,tas_3
comp_4409,tas_5
comp_4410,tas_3
comp_4411,tas_5
comp_4412,tas_5
comp_4413,tas_5
comp_4414,tas_3
comp_4415,tas_5
comp_4416,tas_4
comp_4417,tas_5
comp_4418,tas_4
comp_4419,tas_3
comp_4420,tas_3
comp_4421,tas_5
comp_4422,tas_3
comp_4423,tas_3
comp_4424,tas_5
comp_4425,tas_5
comp_4426,tas_3
comp_4427,tas_3
comp_4428,tas_3
comp_4429,tas_3
comp_4430,tas_5
comp_4431,tas_5
comp_4432,tas_4
comp_4433,tas_5
comp_4434,tas_3
comp_4435,tas_5
comp_4436,tas_3
comp_4437,tas_4
comp_4438,tas_3
comp_4439,tas_5
comp_4440,tas_3
comp_4441,tas_3
comp_4442,tas_3
comp_4443,tas_5
comp_4444,tas_3
comp_4445,tas_3
comp_4446,tas_3
comp_4447,tas_3
comp_4448,tas_3
comp_4449,tas_5
comp_4450,tas_3
comp_4452,tas_5
comp_4453,tas_3
comp_4454,tas_3
comp_4455,tas_3
comp_4456,tas_5
comp_4457,tas_3
comp_4458,tas_5
comp_4459,tas_3
comp_4460,tas_3
comp_4461,tas_3
comp_4462,tas_3
comp_4463,tas_3
comp_4464,tas_3
comp_4465,tas_5
comp_4466,tas_5
comp_4467,tas_3
comp_4468,tas_3
comp_4469,tas_4
comp_4470,tas_3
comp_4471,tas_3
comp_4472,tas_2
comp_4473,tas_3
comp_4474,tas_3
comp_4475,tas_4
comp_4476,tas_5
comp_4477,tas_5
comp_4478,tas_3
comp_4479,tas_5
comp_4480,tas_3
comp_4481,tas_3
comp_4482,tas_3
comp_4483,tas_3
comp_4484,tas_3
comp_4485,tas_3
comp_4486,tas_3
comp_4487,tas_3
comp_4488,tas_3
comp_4489,tas_3
comp_4490,tas_3
comp_4491,tas_3
comp_4492,tas_3
comp_4493,tas_5
comp_4494,tas_5
comp_4495,tas_4
comp_4496,tas_3
comp_4497,tas_5
comp_4498,tas_5
comp_4499,tas_3
comp_4500,tas_5
comp_4501,tas_5
comp_4502,tas_3
comp_4503,tas_3
comp_4504,tas_3
comp_4505,tas_5
comp_4506,tas_3
comp_4507,tas_3
comp_4508,tas_3
comp_4509,tas_3
comp_4510,tas_5
comp_4511,tas_4
comp_4512,tas_3
comp_4513,tas_4
comp_4514,tas_4
comp_4515,tas_3
comp_4516,tas_5
comp_4517,tas_3
comp_4518,tas_3
comp_4519,tas_5
comp_4520,tas_3
comp_4522,tas_3
comp_4523,tas_3
comp_4524,tas_3
comp_4525,tas_3
comp_4526,tas_4
comp_4527,tas_3
comp_4528,tas_3
comp_4529,tas_3
comp_4530,tas_3
comp_4531,tas_3
comp_4532,tas_4
comp_4533,tas_4
comp_4534,tas_4
comp_4535,tas_4
comp_4536,tas_5
comp_4537,tas_3
comp_4538,tas_3
comp_4539,tas_3
comp_4540,tas_3
comp_4541,tas_3
comp_4542,tas_5
comp_4543,tas_4
comp_4544,tas_4
comp_4545,tas_4
comp_4546,tas_4
comp_4547,tas_4
comp_4548,tas_5
comp_4549,tas_3
comp_4550,tas_3
comp_4551,tas_3
comp_4552,tas_5
comp_4553,tas_3
comp_4554,tas_5
comp_4555,tas_3
comp_4556,tas_4
comp_4557,tas_3
comp_4558,tas_4
comp_4559,tas_3
comp_4560,tas_3
comp_4561,tas_3
comp_4562,tas_3
comp_4563,tas_3
comp_4564,tas_3
comp_4565,tas_3
comp_4566,tas_3
comp_4567,tas_3
comp_4568,tas_4
comp_4569,tas_3
comp_4570,tas_4
comp_4571,tas_4
comp_4572,tas_3
comp_4573,tas_3
comp_4574,tas_3
comp_4575,tas_3
comp_4576,tas_5
comp_4577,tas_3
comp_4578,tas_3
comp_4579,tas_3
comp_4580,tas_4
comp_4581,tas_3
comp_4582,tas_3
comp_4583,tas_3
comp_4584,tas_3
comp_4585,tas_5
comp_4586,tas_3
comp_4587,tas_3
comp_4588,tas_3
comp_4589,tas_4
comp_4590,tas_3
comp_4591,tas_3
comp_4592,tas_4
comp_4593,tas_3
comp_4594,tas_3
comp_4595,tas_3
comp_4596,tas_3
comp_4597,tas_3
comp_4598,tas_3
comp_4599,tas_3
comp_4600,tas_3
comp_4601,tas_3
comp_4602,tas_3
comp_4603,tas_3
comp_4604,tas_5
comp_4605,tas_5
comp_4606,tas_3
comp_4607,tas_3
comp_4608,tas_4
comp_4609,tas_5
comp_4610,tas_3
comp_4611,tas_4
comp_4612,tas_3
comp_4613,tas_3
comp_4614,tas_3
comp_4615,tas_3
comp_4616,tas_3
comp_4617,tas_3
comp_4618,tas_3
comp_4619,tas_4
comp_4620,tas_3
comp_4621,tas_3
comp_4622,tas_3
comp_4623,tas_5
comp_4624,tas_3
comp_4625,tas_3
comp_4626,tas_3
comp_4627,tas_3
comp_4628,tas_3
comp_4629,tas_5
comp_4630,tas_3
comp_4631,tas_3
comp_4632,tas_3
comp_4633,tas_3
comp_4634,tas_3
comp_4635,tas_3
comp_4636,tas_3
comp_4637,tas_3
comp_4638,tas_3
comp_4639,tas_3
comp_4640,tas_3
comp_4641,tas_3
comp_4642,tas_3
comp_4643,tas_3
comp_4645,tas_4
comp_4646,tas_3
comp_4647,tas_4
comp_4648,tas_3
comp_4649,tas_3
comp_4650,tas_3
comp_4651,tas_3
comp_4652,tas_5
comp_4653,tas_4
comp_4654,tas_3
comp_4655,tas_3
comp_4656,tas_3
comp_4657,tas_3
comp_4658,tas_4
comp_4659,tas_3
comp_4661,tas_3
comp_4662,tas_3
comp_4663,tas_3
comp_4664,tas_3
comp_4665,tas_3
comp_4666,tas_3
comp_4667,tas_4
comp_4668,tas_5
comp_4669,tas_3
comp_4670,tas_3
comp_4671,tas_3
comp_4672,tas_3
comp_4673,tas_3
comp_4674,tas_3
comp_4675,tas_3
comp_4676,tas_3
comp_4677,tas_3
comp_4678,tas_3
comp_4679,tas_3
comp_4680,tas_4
comp_4681,tas_3
comp_4682,tas_3
comp_4683,tas_3
comp_4684,tas_3
comp_4685,tas_4
comp_4686,tas_3
comp_4687,tas_3
comp_4688,tas_3
comp_4690,tas_5
comp_4691,tas_3
comp_4692,tas_3
comp_4693,tas_4
comp_4694,tas_3
comp_4695,tas_3
comp_4696,tas_4
comp_4697,tas_4
comp_4698,tas_4
comp_4699,tas_3
comp_4700,tas_4
comp_4701,tas_3
comp_4702,tas_4
comp_4703,tas_4
comp_4704,tas_3
comp_4705,tas_3
comp_4706,tas_3
comp_4707,tas_4
comp_4708,tas_4
comp_4709,tas_4
comp_4710,tas_3
comp_4711,tas_4
comp_4712,tas_3
comp_4713,tas_3
comp_4714,tas_3
comp_4715,tas_3
comp_4716,tas_3
comp_4717,tas_3
comp_4718,tas_3
comp_4719,tas_3
comp_4720,tas_3
comp_4721,tas_3
comp_4722,tas_3
comp_4723,tas_4
comp_4724,tas_4
comp_4725,tas_3
comp_4726,tas_4
comp_4727,tas_4
comp_4728,tas_3
comp_4729,tas_3
comp_4730,tas_4
comp_4731,tas_3
comp_4732,tas_3
comp_4733,tas_4
comp_4734,tas_3
comp_4735,tas_4
comp_4736,tas_3
comp_4737,tas_3
comp_4738,tas_4
comp_4739,tas_4
comp_4740,tas_4
comp_4741,tas_4
comp_4742,tas_4
comp_4743,tas_3
comp_4744,tas_3
comp_4745,tas_3
comp_4746,tas_3
comp_4747,tas_3
comp_4748,tas_3
comp_4749,tas_3
comp_4750,tas_3
comp_4751,tas_4
comp_4752,tas_3
comp_4753,tas_3
comp_4754,tas_3
comp_4755,tas_3
comp_4756,tas_3
comp_4757,tas_3
comp_4758,tas_4
comp_4759,tas_3
comp_4760,tas_3
comp_4761,tas_3
comp_4762,tas_4
comp_4763,tas_3
comp_4764,tas_3
comp_4765,tas_3
comp_4766,tas_5
comp_4767,tas_4
comp_4768,tas_4
comp_4769,tas_3
comp_4770,tas_3
comp_4771,tas_3
comp_4772,tas_3
comp_4773,tas_3
comp_4774,tas_3
comp_4775,tas_3
comp_4776,tas_4
comp_4777,tas_3
comp_4778,tas_4
comp_4780,tas_4
comp_4781,tas_4
comp_4782,tas_4
comp_4783,tas_3
comp_4784,tas_4
comp_4785,tas_4
comp_4786,tas_3
comp_4787,tas_3
comp_4788,tas_5
comp_4789,tas_4
comp_4790,tas_3
comp_4791,tas_4
comp_4792,tas_3
comp_4793,tas_3
comp_4794,tas_3
comp_4795,tas_4
comp_4796,tas_4
comp_4797,tas_3
comp_4798,tas_4
comp_4799,tas_4
comp_4800,tas_3
comp_4801,tas_3
comp_4802,tas_3
comp_4803,tas_3
comp_4804,tas_3
comp_4805,tas_3
comp_4806,tas_3
comp_4807,tas_3
comp_4808,tas_4
comp_4809,tas_3
comp_4810,tas_3
comp_4811,tas_4
comp_4812,tas_4
comp_4813,tas_4
comp_4814,tas_3
comp_4815,tas_3
comp_4816,tas_3
comp_4817,tas_4
comp_4818,tas_4
comp_4819,tas_3
comp_4820,tas_3
comp_4821,tas_3
comp_4822,tas_3
comp_4823,tas_3
comp_4824,tas_3
comp_4825,tas_3
comp_4826,tas_3
comp_4827,tas_3
comp_4828,tas_3
comp_4829,tas_3
comp_4830,tas_3
comp_4832,tas_4
comp_4833,tas_4
comp_4834,tas_3
comp_4835,tas_3
comp_4836,tas_4
comp_4837,tas_4
comp_4838,tas_4
comp_4839,tas_4
comp_4840,tas_4
comp_4841,tas_3
comp_4842,tas_3
comp_4843,tas_3
comp_4845,tas_3
comp_4846,tas_3
comp_4847,tas_3
comp_4848,tas_4
comp_4849,tas_4
comp_4850,tas_3
comp_4851,tas_3
comp_4852,tas_4
comp_4853,tas_4
comp_4854,tas_3
comp_4855,tas_3
comp_4856,tas_3
comp_4857,tas_3
comp_4858,tas_3
comp_4859,tas_4
comp_4860,tas_3
comp_4861,tas_3
comp_4862,tas_3
comp_4863,tas_3
comp_4864,tas_4
comp_4865,tas_3
comp_4866,tas_3
comp_4867,tas_3
comp_4868,tas_3
comp_4869,tas_4
comp_4870,tas_3
comp_4871,tas_4
comp_4872,tas_3
comp_4873,tas_3
comp_4874,tas_4
comp_4875,tas_4
comp_4876,tas_4
comp_4877,tas_4
comp_4878,tas_3
comp_4879,tas_3
comp_4880,tas_4
comp_4881,tas_4
comp_4882,tas_3
comp_4883,tas_4
comp_4884,tas_3
comp_4885,tas_3
comp_4886,tas_3
comp_4887,tas_3
comp_4888,tas_4
comp_4889,tas_4
comp_4890,tas_3
comp_4891,tas_3
comp_4892,tas_3
comp_4893,tas_4
comp_4894,tas_5
comp_4895,tas_3
comp_4896,tas_4
comp_4897,tas_3
comp_4898,tas_3
comp_4899,tas_4
comp_4900,tas_4
comp_4901,tas_3
comp_4902,tas_4
comp_4903,tas_3
comp_4904,tas_3
comp_4905,tas_3
comp_4906,tas_3
comp_4907,tas_4
comp_4908,tas_3
comp_4909,tas_3
comp_4910,tas_4
comp_4911,tas_3
comp_4912,tas_3
comp_4913,tas_4
comp_4914,tas_4
comp_4915,tas_3
comp_4916,tas_3
comp_4917,tas_3
comp_4918,tas_4
comp_4919,tas_3
comp_4920,tas_3
comp_4921,tas_3
comp_4922,tas_3
comp_4923,tas_3
comp_4924,tas_4
comp_4925,tas_4
comp_4926,tas_4
comp_4927,tas_4
comp_4928,tas_3
comp_4929,tas_4
comp_4930,tas_3
comp_4931,tas_3
comp_4932,tas_4
comp_4933,tas_3
comp_4934,tas_3
comp_4935,tas_3
comp_4936,tas_4
comp_4937,tas_4
comp_4938,tas_3
comp_4939,tas_3
comp_4940,tas_4
comp_4941,tas_3
comp_4942,tas_3
comp_4943,tas_4
comp_4944,tas_3
comp_4945,tas_4
comp_4946,tas_4
comp_4947,tas_4
comp_4948,tas_3
comp_4949,tas_4
comp_4950,tas_4
comp_4951,tas_3
comp_4952,tas_3
comp_4953,tas_3
comp_4954,tas_4
comp_4955,tas_3
comp_4956,tas_3
comp_4957,tas_3
comp_4958,tas_4
comp_4959,tas_4
comp_4960,tas_4
comp_4961,tas_4
comp_4962,tas_3
comp_4963,tas_3
comp_4964,tas_3
comp_4965,tas_4
comp_4966,tas_3
comp_4967,tas_4
comp_4968,tas_3
comp_4969,tas_4
comp_4970,tas_4
comp_4971,tas_3
comp_4972,tas_3
comp_4973,tas_4
comp_4974,tas_4
comp_4975,tas_3
comp_4976,tas_4
comp_4977,tas_3
comp_4978,tas_3
comp_4979,tas_4
comp_4980,tas_4
comp_4981,tas_3
comp_4982,tas_3
comp_4983,tas_3
comp_4984,tas_4
comp_4985,tas_3
comp_4986,tas_4
comp_4987,tas_4
comp_4988,tas_4
comp_4989,tas_4
comp_4990,tas_5
comp_4991,tas_5
comp_4992,tas_4
comp_4993,tas_4
comp_4994,tas_3
comp_4995,tas_4
comp_4996,tas_4
comp_4997,tas_4
comp_4998,tas_4
comp_4999,tas_4
comp_5000,tas_4
comp_5001,tas_4
comp_5002,tas_3
comp_5003,tas_4
comp_5004,tas_3
comp_5005,tas_4
comp_5006,tas_4
comp_5007,tas_4
comp_5008,tas_3
comp_5009,tas_3
comp_5010,tas_3
comp_5011,tas_3
comp_5012,tas_3
comp_5013,tas_4
comp_5014,tas_3
comp_5015,tas_4
comp_5016,tas_3
comp_5017,tas_4
comp_5018,tas_4
comp_5019,tas_4
comp_5020,tas_3
comp_5021,tas_4
comp_5022,tas_3
comp_5023,tas_3
comp_5024,tas_3
comp_5025,tas_3
comp_5026,tas_4
comp_5027,tas_4
comp_5028,tas_3
comp_5029,tas_3
comp_5030,tas_3
comp_5031,tas_4
comp_5032,tas_4
comp_5033,tas_4
comp_5034,tas_4
comp_5035,tas_4
comp_5036,tas_3
comp_5037,tas_4
comp_5038,tas_4
comp_5039,tas_3
comp_5040,tas_4
comp_5041,tas_3
comp_5042,tas_3
comp_5043,tas_3
comp_5044,tas_4
comp_5045,tas_4
comp_5046,tas_4
comp_5047,tas_3
comp_5048,tas_4
comp_5049,tas_4
comp_5050,tas_4
comp_5051,tas_3
comp_5052,tas_4
comp_5053,tas_3
comp_5054,tas_4
comp_5055,tas_4
comp_5056,tas_4
comp_5057,tas_4
comp_5058,tas_4
comp_5059,tas_4
comp_5060,tas_4
comp_5061,tas_3
comp_5062,tas_4
comp_5063,tas_4
comp_5064,tas_4
comp_5065,tas_4
comp_5066,tas_3
comp_5067,tas_3
comp_5068,tas_3
comp_5069,tas_3
comp_5070,tas_3
comp_5071,tas_4
comp_5072,tas_3
comp_5073,tas_4
comp_5074,tas_4
comp_5075,tas_4
comp_5076,tas_3
comp_5077,tas_3
comp_5078,tas_4
comp_5079,tas_4
comp_5080,tas_4
comp_5081,tas_3
comp_5082,tas_4
comp_5083,tas_3
comp_5084,tas_4
comp_5085,tas_3
comp_5086,tas_4
comp_5087,tas_4
comp_5088,tas_4
comp_5089,tas_3
comp_5090,tas_4
comp_5091,tas_4
comp_5092,tas_4
comp_5093,tas_4
comp_5094,tas_3
comp_5095,tas_3
comp_5096,tas_3
comp_5097,tas_4
comp_5098,tas_4
comp_5099,tas_4
comp_5100,tas_4
comp_5102,tas_4
comp_5103,tas_3
comp_5104,tas_4
comp_5105,tas_4
comp_5106,tas_4
comp_5107,tas_4
comp_5108,tas_4
comp_5109,tas_4
comp_5110,tas_4
comp_5111,tas_3
comp_5112,tas_4
comp_5113,tas_3
comp_5114,tas_4
comp_5115,tas_4
comp_5116,tas_4
comp_5117,tas_4
comp_5119,tas_4
comp_5120,tas_3
comp_5121,tas_4
comp_5122,tas_4
comp_5123,tas_4
comp_5124,tas_4
comp_5125,tas_3
comp_5126,tas_4
comp_5127,tas_3
comp_5128,tas_4
comp_5129,tas_4
comp_5130,tas_5
comp_5131,tas_4
comp_5132,tas_3
comp_5133,tas_4
comp_5134,tas_4
comp_5135,tas_3
comp_5136,tas_4
comp_5137,tas_3
comp_5138,tas_4
comp_5139,tas_4
comp_5140,tas_4
comp_5141,tas_4
comp_5142,tas_4
comp_5143,tas_4
comp_5144,tas_4
comp_5145,tas_3
comp_5146,tas_3
comp_5147,tas_4
comp_5148,tas_4
comp_5149,tas_4
comp_5150,tas_4
comp_5151,tas_4
comp_5152,tas_4
comp_5153,tas_4
comp_5154,tas_4
comp_5155,tas_4
comp_5156,tas_4
comp_5157,tas_4
comp_5158,tas_4
comp_5159,tas_4
comp_5160,tas_4
comp_5161,tas_4
comp_5162,tas_4
comp_5163,tas_4
comp_5164,tas_4
comp_5165,tas_3
comp_5166,tas_3
comp_5167,tas_4
comp_5168,tas_3
comp_5169,tas_4
comp_5170,tas_4
comp_5171,tas_3
comp_5172,tas_3
comp_5173,tas_3
comp_5174,tas_4
comp_5175,tas_3
comp_5176,tas_3
comp_5177,tas_3
comp_5178,tas_4
comp_5179,tas_4
comp_5180,tas_4
comp_5181,tas_4
comp_5182,tas_4
comp_5183,tas_4
comp_5184,tas_4
comp_5185,tas_4
comp_5186,tas_4
comp_5187,tas_4
comp_5188,tas_4
comp_5189,tas_4
comp_5190,tas_4
comp_5191,tas_4
comp_5192,tas_3
comp_5193,tas_4
comp_5194,tas_4
comp_5195,tas_3
comp_5196,tas_4
comp_5197,tas_3
comp_5198,tas_3
comp_5199,tas_4
comp_5200,tas_4
comp_5201,tas_4
comp_5202,tas_4
comp_5203,tas_3
comp_5204,tas_4
comp_5205,tas_4
comp_5206,tas_3
comp_5207,tas_4
comp_5208,tas_3
comp_5209,tas_4
comp_5210,tas_3
comp_5211,tas_3
comp_5212,tas_4
comp_5213,tas_4
comp_5214,tas_4
comp_5215,tas_4
comp_5216,tas_4
comp_5217,tas_4
comp_5218,tas_4
comp_5219,tas_3
comp_5220,tas_3
comp_5221,tas_4
comp_5222,tas_4
comp_5223,tas_4
comp_5224,tas_4
comp_5225,tas_4
comp_5226,tas_4
comp_5227,tas_4
comp_5228,tas_4
comp_5229,tas_4
comp_5230,tas_4
comp_5231,tas_4
comp_5232,tas_4
comp_5233,tas_4
comp_5234,tas_4
comp_5235,tas_3
comp_5236,tas_3
comp_5237,tas_4
comp_5238,tas_4
comp_5239,tas_4
comp_5240,tas_4
comp_5241,tas_4
comp_5242,tas_4
comp_5243,tas_4
comp_5244,tas_3
comp_5245,tas_4
comp_5246,tas_4
comp_5247,tas_4
comp_5248,tas_4
comp_5249,tas_4
comp_5250,tas_4
comp_5251,tas_3
comp_5252,tas_4
comp_5253,tas_4
comp_5254,tas_4
comp_5255,tas_3
comp_5256,tas_4
comp_5257,tas_4
comp_5259,tas_4
comp_5260,tas_4
comp_5261,tas_3
comp_5262,tas_3
comp_5264,tas_4
comp_5265,tas_4
comp_5266,tas_4
comp_5267,tas_4
comp_5268,tas_4
comp_5269,tas_4
comp_5270,tas_4
comp_5271,tas_4
comp_5272,tas_4
comp_5273,tas_4
comp_5274,tas_4
comp_5275,tas_4
comp_5276,tas_3
comp_5277,tas_4
comp_5278,tas_3
comp_5279,tas_4
comp_5280,tas_3
comp_5281,tas_4
comp_5282,tas_4
comp_5283,tas_4
comp_5284,tas_4
comp_5285,tas_4
comp_5286,tas_4
comp_5287,tas_4
comp_5288,tas_4
comp_5289,tas_4
comp_5290,tas_4
comp_5291,tas_4
comp_5292,tas_4
comp_5293,tas_4
comp_5294,tas_4
comp_5295,tas_4
comp_5296,tas_4
comp_5297,tas_3
comp_5298,tas_4
comp_5300,tas_4
comp_5301,tas_4
comp_5302,tas_4
comp_5303,tas_3
comp_5304,tas_4
comp_5305,tas_4
comp_5306,tas_4
comp_5307,tas_4
comp_5308,tas_5
comp_5309,tas_4
comp_5310,tas_4
comp_5311,tas_4
comp_5312,tas_4
comp_5313,tas_4
comp_5314,tas_4
comp_5315,tas_4
comp_5316,tas_4
comp_5317,tas_4
comp_5318,tas_4
comp_5319,tas_4
comp_5320,tas_4
comp_5321,tas_4
comp_5322,tas_4
comp_5324,tas_4
comp_5325,tas_4
comp_5326,tas_4
comp_5327,tas_4
comp_5328,tas_4
comp_5329,tas_4
comp_5330,tas_3
comp_5332,tas_4
comp_5333,tas_4
comp_5334,tas_4
comp_5335,tas_4
comp_5336,tas_4
comp_5337,tas_4
comp_5338,tas_4
comp_5339,tas_4
comp_5341,tas_4
comp_5342,tas_4
comp_5343,tas_4
comp_5344,tas_4
comp_5345,tas_4
comp_5346,tas_4
comp_5348,tas_4
comp_5350,tas_4
comp_5351,tas_4
comp_5352,tas_4
comp_5353,tas_4
comp_5354,tas_4
comp_5355,tas_3
comp_5356,tas_4
comp_5357,tas_4
comp_5358,tas_4
comp_5359,tas_3
comp_5360,tas_4
comp_5362,tas_4
comp_5363,tas_4
comp_5364,tas_4
comp_5365,tas_4
comp_5366,tas_3
comp_5367,tas_4
comp_5368,tas_4
comp_5369,tas_4
comp_5370,tas_4
comp_5371,tas_4
comp_5372,tas_4
comp_5374,tas_4
comp_5375,tas_4
comp_5377,tas_4
comp_5378,tas_4
comp_5379,tas_4
comp_5380,tas_4
comp_5381,tas_4
comp_5382,tas_4
comp_5383,tas_4
comp_5384,tas_4
comp_5385,tas_4
comp_5386,tas_4
comp_5387,tas_4
comp_5388,tas_4
comp_5389,tas_4
comp_5390,tas_3
comp_5391,tas_4
comp_5393,tas_4
comp_5395,tas_4
comp_5396,tas_4
comp_5397,tas_4
comp_5398,tas_4
comp_5399,tas_4
comp_5400,tas_4
comp_5401,tas_3
comp_5402,tas_4
comp_5403,tas_4
comp_5404,tas_4
comp_5405,tas_4
comp_5406,tas_4
comp_5408,tas_4
comp_5409,tas_4
comp_5410,tas_4
comp_5412,tas_4
comp_5413,tas_4
comp_5414,tas_4
comp_5415,tas_4
comp_5416,tas_4
comp_5417,tas_4
comp_5418,tas_4
comp_5419,tas_4
comp_5420,tas_4
comp_5421,tas_4
comp_5422,tas_4
comp_5423,tas_4
comp_5425,tas_4
comp_5426,tas_4
comp_5427,tas_4
comp_5428,tas_4
comp_5429,tas_4
comp_5430,tas_4
comp_5431,tas_4
comp_5432,tas_4
comp_5434,tas_4
comp_5435,tas_4
comp_5436,tas_4
comp_5437,tas_4
comp_5439,tas_4
comp_5440,tas_4
comp_5441,tas_4
comp_5443,tas_4
comp_5444,tas_4
comp_5445,tas_4
comp_5446,tas_4
comp_5447,tas_4
comp_5448,tas_4
comp_5449,tas_4
comp_5450,tas_4
comp_5451,tas_4
comp_5452,tas_4
comp_5454,tas_4
comp_5455,tas_4
comp_5457,tas_4
comp_5458,tas_4
comp_5459,tas_4
comp_5460,tas_4
comp_5461,tas_4
comp_5462,tas_4
comp_5463,tas_4
comp_5464,tas_4
comp_5465,tas_4
comp_5466,tas_4
comp_5467,tas_4
comp_5468,tas_2
comp_5471,tas_4
comp_5472,tas_4
comp_5473,tas_4
comp_5474,tas_4
comp_5475,tas_4
comp_5476,tas_4
comp_5478,tas_4
comp_5479,tas_4
comp_5480,tas_4
comp_5481,tas_4
comp_5482,tas_4
comp_5483,tas_4
comp_5484,tas_4
comp_5485,tas_4
comp_5486,tas_4
comp_5487,tas_4
comp_5489,tas_4
comp_5491,tas_4
comp_5492,tas_4
comp_5493,tas_4
comp_5494,tas_4
comp_5495,tas_4
comp_5496,tas_4
comp_5497,tas_4
comp_5498,tas_4
comp_5499,tas_4
comp_5500,tas_4
comp_5501,tas_4
comp_5502,tas_4
comp_5504,tas_4
comp_5505,tas_3
comp_5506,tas_4
comp_5507,tas_4
comp_5508,tas_4
comp_5509,tas_4
comp_5510,tas_4
comp_5511,tas_4
comp_5512,tas_4
comp_5513,tas_4
comp_5514,tas_4
comp_5515,tas_4
comp_5516,tas_4
comp_5517,tas_4
comp_5518,tas_4
comp_5519,tas_4
comp_5520,tas_3
comp_5521,tas_4
comp_5522,tas_4
comp_5523,tas_4
comp_5524,tas_4
comp_5526,tas_4
comp_5527,tas_4
comp_5528,tas_4
comp_5529,tas_4
comp_5530,tas_4
comp_5531,tas_4
comp_5532,tas_4
comp_5533,tas_4
comp_5534,tas_4
comp_5535,tas_4
comp_5536,tas_4
comp_5537,tas_4
comp_5538,tas_4
comp_5539,tas_4
comp_5540,tas_4
comp_5543,tas_4
comp_5544,tas_4
comp_5545,tas_4
comp_5546,tas_4
comp_5548,tas_4
comp_5550,tas_4
comp_5552,tas_4
comp_5553,tas_4
comp_5554,tas_4
comp_5555,tas_4
comp_5556,tas_4
comp_5557,tas_4
comp_5558,tas_4
comp_5559,tas_4
comp_5560,tas_4
comp_5561,tas_4
comp_5562,tas_4
comp_5563,tas_4
comp_5565,tas_4
comp_5567,tas_4
comp_5570,tas_4
comp_5571,tas_4
comp_5573,tas_4
comp_5577,tas_4
comp_5579,tas_4
comp_5580,tas_4
comp_5582,tas_4
comp_5584,tas_4
comp_5588,tas_4
comp_5590,tas_4
comp_5593,tas_1
comp_5594,tas_2
comp_5595,tas_2
comp_5596,tas_2
comp_5597,tas_5
comp_5598,tas_5
comp_5599,tas_5
comp_5600,tas_5
comp_5601,tas_5
comp_5602,tas_5
comp_5603,tas_5
comp_5604,tas_5
comp_5605,tas_5
comp_5606,tas_5
comp_5607,tas_5
comp_5608,tas_5
comp_5609,tas_5
comp_5610,tas_5
comp_5611,tas_5
comp_5612,tas_5
comp_5613,tas_5
comp_5614,tas_5
comp_5615,tas_5
comp_5616,tas_5
comp_5617,tas_5
comp_5618,tas_5
comp_5619,tas_3
comp_5620,tas_3
comp_5621,tas_3
comp_5622,tas_3
comp_5623,tas_3
comp_5624,tas_3
comp_5625,tas_3
comp_5626,tas_3
comp_5627,tas_3
comp_5628,tas_3
comp_5629,tas_3
comp_5630,tas_3
comp_5631,tas_3
comp_5632,tas_3
comp_5633,tas_3
comp_5634,tas_3
comp_5635,tas_3
comp_5636,tas_3
comp_5637,tas_3
comp_5638,tas_3
comp_5639,tas_3
comp_5640,tas_3
comp_5641,tas_3
comp_5642,tas_3
comp_5643,tas_3
comp_5644,tas_3
comp_5645,tas_3
comp_5646,tas_3
comp_5647,tas_3
comp_5648,tas_3
comp_5649,tas_3
comp_5650,tas_3
comp_5651,tas_3
comp_5652,tas_3
comp_5653,tas_3
comp_5654,tas_3
comp_5655,tas_3
comp_5656,tas_3
comp_5657,tas_3
comp_5658,tas_3
comp_5659,tas_3
comp_5660,tas_3
comp_5661,tas_3
comp_5662,tas_3
comp_5663,tas_3
comp_5664,tas_3
comp_5665,tas_3
comp_5666,tas_3
comp_5667,tas_3
comp_5668,tas_3
comp_5669,tas_3
comp_5670,tas_3
comp_5671,tas_3
comp_5672,tas_3
comp_5673,tas_3
comp_5674,tas_3
comp_5675,tas_3
comp_5676,tas_3
comp_5677,tas_3
comp_5678,tas_3
comp_5679,tas_3
comp_5680,tas_3
comp_5681,tas_3
comp_5682,tas_3
comp_5683,tas_3
comp_5684,tas_3
comp_5685,tas_3
comp_5686,tas_3
comp_5687,tas_3
comp_5688,tas_3
comp_5689,tas_3
comp_5690,tas_3
comp_5691,tas_3
comp_5692,tas_3
comp_5693,tas_3
comp_5694,tas_3
comp_5695,tas_3
comp_5696,tas_3
comp_5697,tas_3
comp_5698,tas_3
comp_5699,tas_3
comp_5700,tas_3
comp_5701,tas_3
comp_5702,tas_3
comp_5703,tas_3
comp_5704,tas_3
comp_5705,tas_3
comp_5706,tas_3
comp_5707,tas_3
comp_5708,tas_3
comp_5709,tas_3
comp_5710,tas_3
comp_5711,tas_3
comp_5712,tas_3
comp_5713,tas_3
comp_5714,tas_3
comp_5715,tas_3
comp_5716,tas_3
comp_5717,tas_3
comp_5718,tas_3
comp_5719,tas_3
comp_5720,tas_3
comp_5721,tas_3
comp_5722,tas_3
comp_5723,tas_3
comp_5724,tas_3
comp_5725,tas_3
comp_5726,tas_3
comp_5727,tas_3
comp_5728,tas_3
comp_5729,tas_3
comp_5730,tas_3
comp_5731,tas_3
comp_5732,tas_3
comp_5733,tas_3
comp_5734,tas_3
comp_5735,tas_3
comp_5736,tas_3
comp_5737,tas_3
comp_5738,tas_3
comp_5739,tas_3
comp_5740,tas_3
comp_5741,tas_3
comp_5742,tas_3
comp_5743,tas_3
comp_5744,tas_3
comp_5745,tas_3
comp_5746,tas_3
comp_5747,tas_3
comp_5748,tas_3
comp_5749,tas_3
comp_5750,tas_3
comp_5751,tas_3
comp_5752,tas_3
comp_5753,tas_3
comp_5754,tas_3
comp_5755,tas_3
comp_5756,tas_3
comp_5757,tas_3
comp_5758,tas_3
comp_5759,tas_3
comp_5760,tas_3
comp_5761,tas_3
comp_5762,tas_4
comp_5763,tas_4
comp_5764,tas_4
comp_5765,tas_4
comp_5766,tas_4
comp_5767,tas_4
comp_5768,tas_4
comp_5769,tas_4
comp_5770,tas_4
comp_5771,tas_4
comp_5772,tas_4
comp_5773,tas_4
comp_5774,tas_4
comp_5775,tas_4
comp_5776,tas_4
comp_5777,tas_4
comp_5778,tas_4
comp_5779,tas_4
comp_5780,tas_4
comp_5781,tas_4
comp_5782,tas_4
comp_5783,tas_4
comp_5784,tas_4
comp_5785,tas_4
comp_5786,tas_4
comp_5787,tas_4
comp_5788,tas_4
comp_5789,tas_4
comp_5790,tas_4
comp_5791,tas_4
comp_5792,tas_4
comp_5793,tas_4
comp_5794,tas_4
comp_5795,tas_4
comp_5796,tas_4
comp_5797,tas_4
comp_5798,tas_4
comp_5799,tas_4
comp_5800,tas_4
comp_5801,tas_4
comp_5802,tas_4
comp_5803,tas_4
comp_5804,tas_4
comp_5805,tas_4
comp_5806,tas_4
comp_5807,tas_4
comp_5808,tas_4
comp_5809,tas_4
comp_5810,tas_4
comp_5811,tas_4
comp_5812,tas_4
comp_5813,tas_4
comp_5814,tas_4
comp_5815,tas_4
comp_5816,tas_4
comp_5817,tas_4
comp_5818,tas_4
comp_5819,tas_4
comp_5820,tas_4
comp_5821,tas_4
comp_5822,tas_4
comp_5823,tas_4
comp_5824,tas_4
comp_5825,tas_4
comp_5826,tas_4
comp_5827,tas_4
comp_5828,tas_4
comp_5829,tas_4
comp_5830,tas_4
comp_5831,tas_4
comp_5832,tas_4
comp_5833,tas_4
comp_5834,tas_4
comp_5835,tas_4
comp_5836,tas_4
comp_5837,tas_4
comp_5838,tas_4
comp_5839,tas_4
comp_5840,tas_4
comp_5841,tas_4
comp_5842,tas_4
comp_5843,tas_4
comp_5844,tas_4
comp_5845,tas_4
comp_5846,tas_4
comp_5847,tas_4
comp_5848,tas_4
comp_5849,tas_4
comp_5850,tas_4
comp_5851,tas_4
comp_5852,tas_4
comp_5853,tas_4
comp_5854,tas_4
comp_5855,tas_4
comp_5856,tas_4
comp_5857,tas_4
comp_5858,tas_4
comp_5859,tas_4
comp_5860,tas_4
comp_5861,tas_4
comp_5862,tas_4
comp_5863,tas_4
comp_5864,tas_4
comp_5865,tas_4
comp_5866,tas_4
comp_5867,tas_4
comp_5868,tas_4
comp_5869,tas_4
comp_5870,tas_4
comp_5871,tas_4
comp_5872,tas_4
comp_5873,tas_4
comp_5874,tas_4
comp_5875,tas_4
comp_5876,tas_4
comp_5877,tas_4
comp_5878,tas_4
comp_5879,tas_4
comp_5880,tas_4
comp_5881,tas_4
comp_5882,tas_4
comp_5883,tas_4
comp_5884,tas_4
comp_5885,tas_4
comp_5886,tas_4
comp_5887,tas_4
comp_5888,tas_4
comp_5889,tas_4
comp_5890,tas_4
comp_5891,tas_4
comp_5892,tas_4
comp_5893,tas_4
comp_5894,tas_4
comp_5895,tas_4
comp_5896,tas_4
comp_5897,tas_4
comp_5898,tas_4
comp_5899,tas_4
comp_5900,tas_4
comp_5901,tas_4
comp_5902,tas_4
comp_5903,tas_4
comp_5904,tas_4
comp_5905,tas_4
comp_5906,tas_4
comp_5907,tas_4
comp_5908,tas_4
comp_5909,tas_4
comp_5910,tas_4
comp_5911,tas_4
comp_5912,tas_4
comp_5913,tas_4
comp_5914,tas_4
comp_5915,tas_4
comp_5916,tas_4
comp_5917,tas_4
comp_5918,tas_4
comp_5919,tas_4
comp_5920,tas_4
comp_5921,tas_4
comp_5922,tas_4
comp_5923,tas_4
comp_5924,tas_4
comp_5925,tas_4
comp_5926,tas_4
comp_5927,tas_4
comp_5928,tas_4
comp_5929,tas_4
comp_5930,tas_4
comp_5931,tas_4
comp_5932,tas_4
comp_5933,tas_4
comp_5934,tas_4
comp_5935,tas_4
comp_5936,tas_4
comp_5937,tas_4
comp_5938,tas_4
comp_5939,tas_4
comp_5940,tas_4
comp_5941,tas_4
comp_5942,tas_4
comp_5943,tas_4
comp_5944,tas_4
comp_5945,tas_4
comp_5946,tas_4
comp_5947,tas_4
comp_5948,tas_4
comp_5949,tas_4
comp_5950,tas_4
comp_5951,tas_4
comp_5952,tas_4
comp_5953,tas_4
comp_5954,tas_4
comp_5955,tas_4
comp_5956,tas_4
comp_5957,tas_4
comp_5958,tas_4
comp_5959,tas_4
comp_5960,tas_4
comp_5961,tas_4
comp_5962,tas_4
comp_5963,tas_4
comp_5964,tas_4
comp_5965,tas_4
comp_5966,tas_4
comp_5967,tas_4
comp_5968,tas_4
comp_5969,tas_4
comp_5970,tas_4
comp_5971,tas_4
comp_5972,tas_4
comp_5973,tas_4
comp_5974,tas_4
comp_5975,tas_4
comp_5976,tas_4
comp_5977,tas_4
comp_5978,tas_4
comp_5979,tas_4
comp_5980,tas_4
comp_5981,tas_4
comp_5982,tas_4
comp_5983,tas_4
comp_5984,tas_4
comp_5985,tas_4
comp_5986,tas_4
comp_5987,tas_4
comp_5988,tas_4
comp_5989,tas_4
comp_5990,tas_4
comp_5991,tas_4
comp_5992,tas_4
comp_5993,tas_4
comp_5994,tas_4
comp_5995,tas_4
comp_5996,tas_4
comp_5997,tas_4
comp_5998,tas_4
comp_5999,tas_4
comp_6000,tas_4
comp_6001,tas_4
comp_6002,tas_4
comp_6003,tas_4
comp_6004,tas_4
comp_6005,tas_4
comp_6006,tas_4
comp_6007,tas_4
comp_6008,tas_4
comp_6009,tas_4
comp_6010,tas_4
comp_6011,tas_4
comp_6012,tas_4
comp_6013,tas_4
comp_6014,tas_4
comp_6015,tas_4
comp_6016,tas_4
comp_6017,tas_4
comp_6018,tas_4
comp_6019,tas_4
comp_6020,tas_4
comp_6021,tas_4
comp_6022,tas_4
comp_6023,tas_4
comp_6024,tas_4
comp_6025,tas_4
comp_6026,tas_4
comp_6027,tas_4
comp_6028,tas_4
comp_6029,tas_4
comp_6030,tas_4
comp_6031,tas_4
comp_6032,tas_4
comp_6033,tas_4
comp_6034,tas_4
comp_6035,tas_4
comp_6036,tas_4
comp_6037,tas_4
comp_6038,tas_4
comp_6039,tas_4
comp_6040,tas_4
comp_6041,tas_4
comp_6042,tas_4
comp_6043,tas_4
comp_6044,tas_4
comp_6045,tas_4
comp_6046,tas_4
comp_6047,tas_4
comp_6048,tas_4
comp_6049,tas_4
comp_6050,tas_4
comp_6051,tas_4
comp_6052,tas_4
comp_6053,tas_4
comp_6054,tas_4
comp_6055,tas_4
comp_6056,tas_4
comp_6057,tas_4
comp_6058,tas_4
comp_6059,tas_4
comp_6060,tas_4
comp_6061,tas_4
comp_6062,tas_4
comp_6063,tas_4
comp_6064,tas_4
comp_6065,tas_4
comp_6066,tas_4
comp_6067,tas_4
comp_6068,tas_4
comp_6069,tas_4
comp_6070,tas_4
comp_6071,tas_4
comp_6072,tas_4
comp_6073,tas_4
comp_6074,tas_4
comp_6075,tas_4
comp_6076,tas_4
comp_6077,tas_4
comp_6078,tas_4
comp_6079,tas_4
comp_6080,tas_4
comp_6081,tas_4
comp_6082,tas_4
comp_6083,tas_4
comp_6084,tas_4
comp_6085,tas_4
comp_6086,tas_4
comp_6087,tas_4
comp_6088,tas_4
comp_6089,tas_4
comp_6090,tas_4
comp_6091,tas_4
comp_6092,tas_4
comp_6093,tas_4
comp_6094,tas_4
comp_6095,tas_4
comp_6096,tas_4
comp_6097,tas_4
comp_6098,tas_4
comp_6099,tas_4
comp_6100,tas_4
comp_6101,tas_4
comp_6102,tas_4
comp_6103,tas_4
comp_6104,tas_4
comp_6105,tas_4
comp_6106,tas_4
comp_6107,tas_4
comp_6108,tas_4
comp_6109,tas_4
comp_6110,tas_4
comp_6111,tas_4
comp_6112,tas_4
comp_6113,tas_4
comp_6114,tas_4
comp_6115,tas_4
comp_6116,tas_4
comp_6117,tas_4
comp_6118,tas_4
comp_6119,tas_4
comp_6120,tas_4
comp_6121,tas_4
comp_6122,tas_4
comp_6123,tas_4
comp_6124,tas_4
comp_6125,tas_4
comp_6126,tas_4
comp_6127,tas_4
comp_6128,tas_4
comp_6129,tas_4
comp_6130,tas_4
comp_6131,tas_4
comp_6132,tas_4
comp_6133,tas_4
comp_6134,tas_4
comp_6135,tas_4
comp_6136,tas_4
comp_6137,tas_4
comp_6138,tas_4
comp_6139,tas_4
comp_6140,tas_4
comp_6141,tas_4
comp_6142,tas_4
comp_6143,tas_4
comp_6144,tas_4
comp_6145,tas_4
comp_6146,tas_4
comp_6147,tas_4
comp_6148,tas_4
comp_6149,tas_4
comp_6150,tas_4
comp_6151,tas_4
comp_6152,tas_4
comp_6153,tas_4
comp_6154,tas_4
comp_6155,tas_4
comp_6156,tas_4
comp_6157,tas_4
comp_6158,tas_4
comp_6159,tas_4
comp_6160,tas_4
comp_6161,tas_4
comp_6162,tas_4
comp_6163,tas_4
comp_6164,tas_4
comp_6165,tas_4
comp_6166,tas_4
comp_6167,tas_4
comp_6168,tas_4
comp_6169,tas_4
comp_6170,tas_4
comp_6171,tas_4
comp_6172,tas_4
comp_6173,tas_4
comp_6174,tas_4
comp_6175,tas_4
comp_6176,tas_4
comp_6177,tas_4
comp_6178,tas_4
comp_6179,tas_4
comp_6180,tas_4
comp_6181,tas_4
comp_6182,tas_4
comp_6183,tas_4
comp_6184,tas_4
comp_6185,tas_4
comp_6186,tas_4
comp_6187,tas_4
comp_6188,tas_4
comp_6189,tas_4
comp_6190,tas_4
comp_6191,tas_4
comp_6192,tas_4
comp_6193,tas_4
comp_6194,tas_4
comp_6195,tas_4
comp_6196,tas_4
comp_6197,tas_4
comp_6198,tas_4
comp_6199,tas_4
comp_6200,tas_4
comp_6201,tas_4
comp_6202,tas_4
comp_6203,tas_4
comp_6204,tas_4
comp_6205,tas_4
comp_6206,tas_4
comp_6207,tas_4
comp_6208,tas_4
comp_6209,tas_4
comp_6210,tas_4
comp_6211,tas_4
comp_6212,tas_4
comp_6213,tas_4
comp_6214,tas_4
comp_6215,tas_4
comp_6216,tas_4
comp_6217,tas_4
comp_6218,tas_4
comp_6219,tas_4
comp_6220,tas_4
comp_6221,tas_4
comp_6222,tas_4
comp_6766,tas_1
comp_6767,tas_1
comp_6768,tas_1
comp_6769,tas_2
comp_6770,tas_2
comp_6771,tas_2
comp_6772,tas_2
comp_6773,tas_2
comp_6774,tas_2
comp_6775,tas_2
comp_6776,tas_5
comp_6777,tas_5
comp_6778,tas_5
comp_6779,tas_5
comp_6780,tas_5
comp_6781,tas_5
comp_6782,tas_5
comp_6783,tas_5
comp_6784,tas_5
comp_6785,tas_5
comp_6786,tas_5
comp_6787,tas_5
comp_6788,tas_5
comp_6789,tas_5
comp_6790,tas_5
comp_6791,tas_5
comp_6792,tas_5
comp_6793,tas_5
comp_6794,tas_5
comp_6795,tas_5
comp_6796,tas_5
comp_6797,tas_5
comp_6798,tas_5
comp_6799,tas_5
comp_6800,tas_5
comp_6801,tas_5
comp_6802,tas_5
comp_6803,tas_5
comp_6804,tas_5
comp_6805,tas_5
comp_6806,tas_5
comp_6807,tas_5
comp_6808,tas_5
comp_6809,tas_5
comp_6810,tas_5
comp_6811,tas_5
comp_6812,tas_5
comp_6813,tas_5
comp_6814,tas_5
comp_6815,tas_5
comp_6816,tas_5
comp_6817,tas_5
comp_6818,tas_5
comp_6819,tas_5
comp_6820,tas_5
comp_6821,tas_5
comp_6822,tas_5
comp_6823,tas_5
comp_6824,tas_5
comp_6825,tas_5
comp_6826,tas_5
comp_6827,tas_5
comp_6828,tas_5
comp_6829,tas_5
comp_6830,tas_5
comp_6831,tas_5
comp_6832,tas_5
comp_6833,tas_5
comp_6834,tas_5
comp_6835,tas_5
comp_6836,tas_5
comp_6837,tas_5
comp_6838,tas_5
comp_6839,tas_5
comp_6840,tas_5
comp_6841,tas_5
comp_6842,tas_5
comp_6843,tas_5
comp_6844,tas_5
comp_6845,tas_5
comp_6846,tas_5
comp_6847,tas_5
comp_6848,tas_5
comp_6849,tas_5
comp_6850,tas_5
comp_6851,tas_5
comp_6852,tas_5
comp_6853,tas_5
comp_6854,tas_5
comp_6855,tas_5
comp_6856,tas_3
comp_6857,tas_3
comp_6858,tas_3
comp_6859,tas_3
comp_6860,tas_3
comp_6861,tas_3
comp_6862,tas_3
comp_6863,tas_3
comp_6864,tas_3
comp_6865,tas_3
comp_6866,tas_3
comp_6867,tas_3
comp_6868,tas_3
comp_6869,tas_3
comp_6870,tas_3
comp_6871,tas_3
comp_6872,tas_3
comp_6873,tas_3
comp_6874,tas_3
comp_6875,tas_3
comp_6876,tas_3
comp_6877,tas_3
comp_6878,tas_3
comp_6879,tas_3
comp_6880,tas_3
comp_6881,tas_3
comp_6882,tas_3
comp_6883,tas_3
comp_6884,tas_3
comp_6885,tas_3
comp_6886,tas_3
comp_6887,tas_3
comp_6888,tas_3
comp_6889,tas_3
comp_6890,tas_3
comp_6891,tas_3
comp_6892,tas_3
comp_6893,tas_3
comp_6894,tas_3
comp_6895,tas_3
comp_6896,tas_3
comp_6897,tas_3
comp_6898,tas_3
comp_6899,tas_3
comp_6900,tas_3
comp_6901,tas_3
comp_6902,tas_3
comp_6903,tas_3
comp_6904,tas_3
comp_6905,tas_3
comp_6906,tas_3
comp_6907,tas_3
comp_6908,tas_3
comp_6909,tas_3
comp_6910,tas_3
comp_6911,tas_3
comp_6912,tas_3
comp_6913,tas_3
comp_6914,tas_3
comp_6915,tas_3
comp_6916,tas_3
comp_6917,tas_3
comp_6918,tas_3
comp_6919,tas_3
comp_6920,tas_3
comp_6921,tas_3
comp_6922,tas_3
comp_6923,tas_3
comp_6924,tas_3
comp_6925,tas_3
comp_6926,tas_3
comp_6927,tas_3
comp_6928,tas_3
comp_6929,tas_3
comp_6930,tas_3
comp_6931,tas_3
comp_6932,tas_3
comp_6933,tas_3
comp_6934,tas_3
comp_6935,tas_3
comp_6936,tas_3
comp_6937,tas_3
comp_6938,tas_3
comp_6939,tas_3
comp_6940,tas_3
comp_6941,tas_3
comp_6942,tas_3
comp_6943,tas_3
comp_6944,tas_3
comp_6945,tas_3
comp_6946,tas_3
comp_6947,tas_3
comp_6948,tas_3
comp_6949,tas_3
comp_6950,tas_3
comp_6951,tas_3
comp_6952,tas_3
comp_6953,tas_3
comp_6954,tas_3
comp_6955,tas_3
comp_6956,tas_3
comp_6957,tas_3
comp_6958,tas_3
comp_6959,tas_3
comp_6960,tas_3
comp_6961,tas_3
comp_6962,tas_3
comp_6963,tas_3
comp_6964,tas_3
comp_6965,tas_3
comp_6966,tas_3
comp_6967,tas_3
comp_6968,tas_3
comp_6969,tas_3
comp_6970,tas_3
comp_6971,tas_3
comp_6972,tas_3
comp_6973,tas_3
comp_6974,tas_3
comp_6975,tas_3
comp_6976,tas_3
comp_6977,tas_3
comp_6978,tas_3
comp_6979,tas_3
comp_6980,tas_3
comp_6981,tas_3
comp_6982,tas_3
comp_6983,tas_3
comp_6984,tas_3
comp_6985,tas_3
comp_6986,tas_3
comp_6987,tas_3
comp_6988,tas_3
comp_6989,tas_3
comp_6990,tas_3
comp_6991,tas_3
comp_6992,tas_3
comp_6993,tas_3
comp_6994,tas_3
comp_6995,tas_3
comp_6996,tas_3
comp_6997,tas_3
comp_6998,tas_3
comp_6999,tas_3
comp_7000,tas_3
comp_7001,tas_3
comp_7002,tas_3
comp_7003,tas_3
comp_7004,tas_3
comp_7005,tas_3
comp_7006,tas_3
comp_7007,tas_3
comp_7008,tas_3
comp_7009,tas_3
comp_7010,tas_3
comp_7011,tas_3
comp_7012,tas_3
comp_7013,tas_3
comp_7014,tas_3
comp_7015,tas_3
comp_7016,tas_3
comp_7017,tas_3
comp_7018,tas_3
comp_7019,tas_3
comp_7020,tas_3
comp_7021,tas_3
comp_7022,tas_3
comp_7023,tas_3
comp_7024,tas_3
comp_7025,tas_3
comp_7026,tas_3
comp_7027,tas_3
comp_7028,tas_3
comp_7029,tas_3
comp_7030,tas_3
comp_7031,tas_3
comp_7032,tas_3
comp_7033,tas_3
comp_7034,tas_3
comp_7035,tas_3
comp_7036,tas_3
comp_7037,tas_3
comp_7038,tas_3
comp_7039,tas_3
comp_7040,tas_3
comp_7041,tas_3
comp_7042,tas_3
comp_7043,tas_3
comp_7044,tas_3
comp_7045,tas_3
comp_7046,tas_3
comp_7047,tas_3
comp_7048,tas_3
comp_7049,tas_3
comp_7050,tas_3
comp_7051,tas_3
comp_7052,tas_3
comp_7053,tas_3
comp_7054,tas_3
comp_7055,tas_3
comp_7056,tas_3
comp_7057,tas_3
comp_7058,tas_3
comp_7059,tas_3
comp_7060,tas_3
comp_7061,tas_3
comp_7062,tas_3
comp_7063,tas_3
comp_7064,tas_3
comp_7065,tas_3
comp_7066,tas_3
comp_7067,tas_3
comp_7068,tas_3
comp_7069,tas_3
comp_7070,tas_3
comp_7071,tas_3
comp_7072,tas_3
comp_7073,tas_3
comp_7074,tas_3
comp_7075,tas_3
comp_7076,tas_4
comp_7077,tas_4
comp_7078,tas_4
comp_7079,tas_4
comp_7080,tas_4
comp_7081,tas_4
comp_7082,tas_4
comp_7083,tas_4
comp_7084,tas_4
comp_7085,tas_4
comp_7086,tas_4
comp_7087,tas_4
comp_7088,tas_4
comp_7089,tas_4
comp_7090,tas_4
comp_7091,tas_4
comp_7092,tas_4
comp_7093,tas_4
comp_7094,tas_4
comp_7095,tas_4
comp_7096,tas_4
comp_7097,tas_4
comp_7098,tas_4
comp_7099,tas_4
comp_7100,tas_4
comp_7101,tas_4
comp_7102,tas_4
comp_7103,tas_4
comp_7104,tas_4
comp_7105,tas_4
comp_7106,tas_4
comp_7107,tas_4
comp_7108,tas_4
comp_7109,tas_4
comp_7110,tas_4
comp_7111,tas_4
comp_7112,tas_4
comp_7113,tas_4
comp_7114,tas_4
comp_7115,tas_4
comp_7116,tas_4
comp_7117,tas_4
comp_7118,tas_4
comp_7119,tas_4
comp_7120,tas_4
comp_7121,tas_4
comp_7122,tas_4
comp_7123,tas_4
comp_7124,tas_4
comp_7125,tas_4
comp_7126,tas_4
comp_7127,tas_4
comp_7128,tas_4
comp_7129,tas_4
comp_7130,tas_4
comp_7131,tas_4
comp_7132,tas_4
comp_7133,tas_4
comp_7134,tas_4
comp_7135,tas_4
comp_7136,tas_4
comp_7137,tas_4
comp_7138,tas_4
comp_7139,tas_4
comp_7140,tas_4
comp_7141,tas_4
comp_7142,tas_4
comp_7143,tas_4
comp_7144,tas_4
comp_7145,tas_4
comp_7146,tas_4
comp_7147,tas_4
comp_7148,tas_4
comp_7149,tas_4
comp_7150,tas_4
comp_7151,tas_4
comp_7152,tas_4
comp_7153,tas_4
comp_7154,tas_4
comp_7155,tas_4
comp_7156,tas_4
comp_7157,tas_4
comp_7158,tas_4
comp_7159,tas_4
comp_7160,tas_4
comp_7161,tas_4
comp_7162,tas_4
comp_7163,tas_4
comp_7164,tas_4
comp_7165,tas_4
comp_7166,tas_4
comp_7167,tas_4
comp_7168,tas_4
comp_7169,tas_4
comp_7170,tas_4
comp_7171,tas_4
comp_7172,tas_4
comp_7173,tas_4
comp_7174,tas_4
comp_7175,tas_4
comp_7176,tas_4
comp_7177,tas_4
comp_7178,tas_4
comp_7179,tas_4
comp_7180,tas_4
comp_7181,tas_4
comp_7182,tas_4
comp_7183,tas_4
comp_7184,tas_4
comp_7185,tas_4
comp_7186,tas_4
comp_7187,tas_4
comp_7188,tas_4
comp_7189,tas_4
comp_7190,tas_4
comp_7191,tas_4
comp_7192,tas_4
comp_7193,tas_4
comp_7194,tas_4
comp_7195,tas_4
comp_7196,tas_4
comp_7197,tas_4
comp_7198,tas_4
comp_7199,tas_4
comp_7200,tas_4
comp_7201,tas_4
comp_7202,tas_4
comp_7203,tas_4
comp_7204,tas_4
comp_7205,tas_4
comp_7206,tas_4
comp_7207,tas_4
comp_7208,tas_4
comp_7209,tas_4
comp_7210,tas_4
comp_7211,tas_4
comp_7212,tas_4
comp_7213,tas_4
comp_7214,tas_4
comp_7215,tas_4
comp_7216,tas_4
comp_7217,tas_4
comp_7218,tas_4
comp_7219,tas_4
comp_7220,tas_4
comp_7221,tas_4
comp_7222,tas_4
comp_7223,tas_4
comp_7224,tas_4
comp_7225,tas_4
comp_7226,tas_4
comp_7227,tas_4
comp_7228,tas_4
comp_7229,tas_4
comp_7230,tas_4
comp_7231,tas_4
comp_7232,tas_4
comp_7233,tas_4
comp_7234,tas_4
comp_7235,tas_4
comp_7236,tas_4
comp_7237,tas_4
comp_7238,tas_4
comp_7239,tas_4
comp_7240,tas_4
comp_7241,tas_4
comp_7242,tas_4
comp_7243,tas_4
comp_7244,tas_4
comp_7245,tas_4
comp_7246,tas_4
comp_7247,tas_4
comp_7248,tas_4
comp_7249,tas_4
comp_7250,tas_4
comp_7251,tas_4
comp_7252,tas_4
comp_7253,tas_4
comp_7254,tas_4
comp_7255,tas_4
comp_7256,tas_4
comp_7257,tas_4
comp_7258,tas_4
comp_7259,tas_4
comp_7260,tas_4
comp_7261,tas_4
comp_7262,tas_4
comp_7263,tas_4
comp_7264,tas_4
comp_7265,tas_4
comp_7266,tas_4
comp_7267,tas_4
comp_7268,tas_4
comp_7269,tas_4
comp_7270,tas_4
comp_7271,tas_4
comp_7272,tas_4
comp_7273,tas_4
comp_7274,tas_4
comp_7275,tas_4
comp_7276,tas_4
comp_7277,tas_4
comp_7278,tas_4
comp_7279,tas_4
comp_7280,tas_4
comp_7281,tas_4
comp_7282,tas_4
comp_7283,tas_4
comp_7284,tas_4
comp_7285,tas_4
comp_7286,tas_4
comp_7287,tas_4
comp_7288,tas_4
comp_7289,tas_4
comp_7290,tas_4
comp_7291,tas_4
comp_7292,tas_4
comp_7293,tas_4
comp_7294,tas_4
comp_7295,tas_4
comp_7296,tas_4
comp_7297,tas_4
comp_7298,tas_4
comp_7299,tas_4
comp_7300,tas_4
comp_7301,tas_4
comp_7302,tas_4
comp_7303,tas_4
comp_7304,tas_4
comp_7305,tas_4
comp_7306,tas_4
comp_7307,tas_4
comp_7308,tas_4
comp_7309,tas_4
comp_7310,tas_4
comp_7311,tas_4
comp_7312,tas_4
comp_7313,tas_4
comp_7314,tas_4
comp_7315,tas_4
comp_7316,tas_4
comp_7317,tas_4
comp_7318,tas_4
comp_7319,tas_4
comp_7320,tas_4
comp_7321,tas_4
comp_7322,tas_4
comp_7323,tas_4
comp_7324,tas_4
comp_7325,tas_4
comp_7326,tas_4
comp_7327,tas_4
comp_7328,tas_4
comp_7329,tas_4
comp_7330,tas_4
comp_7331,tas_4
comp_7332,tas_4
comp_7333,tas_4
comp_7334,tas_4
comp_7335,tas_4
comp_7336,tas_4
comp_7337,tas_4
comp_7338,tas_4
comp_7339,tas_4
comp_7340,tas_4
comp_7341,tas_4
comp_7342,tas_4
comp_7343,tas_4
comp_7344,tas_4
comp_7345,tas_4
comp_7346,tas_4
comp_7347,tas_4
comp_7348,tas_4
comp_7349,tas_4
comp_7350,tas_4
comp_7351,tas_4
comp_7352,tas_4
comp_7353,tas_4
comp_7354,tas_4
comp_7355,tas_4
comp_7356,tas_4
comp_7357,tas_4
comp_7358,tas_4
comp_7359,tas_4
comp_7360,tas_4
comp_7361,tas_4
comp_7362,tas_4
comp_7363,tas_4
comp_7364,tas_4
comp_7365,tas_4
comp_7366,tas_4
comp_7367,tas_4
comp_7368,tas_4
comp_7369,tas_4
comp_7370,tas_4
comp_7371,tas_4
comp_7372,tas_4
comp_7373,tas_4
comp_7374,tas_4
comp_7375,tas_4
comp_7376,tas_4
comp_7377,tas_4
comp_7378,tas_4
comp_7379,tas_4
comp_7380,tas_4
comp_7381,tas_4
comp_7382,tas_4
comp_7383,tas_4
comp_7384,tas_4
comp_7385,tas_4
comp_7386,tas_4
comp_7387,tas_4
comp_7388,tas_4
comp_7389,tas_4
comp_7390,tas_4
comp_7391,tas_4
comp_7392,tas_4
comp_7393,tas_4
comp_7394,tas_4
comp_7395,tas_4
comp_7396,tas_4
comp_7397,tas_4
comp_7398,tas_4
comp_7399,tas_4
comp_7400,tas_4
comp_7401,tas_4
comp_7402,tas_4
comp_7403,tas_4
comp_7404,tas_4
comp_7405,tas_4
comp_7406,tas_4
comp_7407,tas_4
comp_7408,tas_4
comp_7409,tas_4
comp_7410,tas_4
comp_7411,tas_4
comp_7412,tas_4
comp_7413,tas_4
comp_7414,tas_4
comp_7415,tas_4
comp_7416,tas_4
comp_7417,tas_4
comp_7418,tas_4
comp_7419,tas_4
comp_7420,tas_4
comp_7421,tas_4
comp_7422,tas_4
comp_7423,tas_4
comp_7424,tas_4
comp_7425,tas_4
comp_7426,tas_4
comp_7427,tas_4
comp_7428,tas_4
comp_7429,tas_4
comp_7430,tas_4
comp_7431,tas_4
comp_7432,tas_4
comp_7433,tas_4
comp_7434,tas_4
comp_7435,tas_4
comp_7436,tas_4
comp_7437,tas_4
comp_7438,tas_4
comp_7439,tas_4
comp_7440,tas_4
comp_7441,tas_4
comp_7442,tas_4
comp_7443,tas_4
comp_7444,tas_4
comp_7445,tas_4
comp_7446,tas_4
comp_7447,tas_4
comp_7448,tas_4
comp_7449,tas_4
comp_7450,tas_4
comp_7451,tas_4
comp_7452,tas_4
comp_7453,tas_4
comp_7454,tas_4
comp_7455,tas_4
comp_7456,tas_4
comp_7457,tas_4
comp_7458,tas_4
comp_7459,tas_4
comp_7460,tas_4
comp_7461,tas_4
comp_7462,tas_4
comp_7463,tas_4
comp_7464,tas_4
comp_7465,tas_4
comp_7466,tas_4
comp_7467,tas_4
comp_7468,tas_4
comp_7469,tas_4
comp_7470,tas_4
comp_7471,tas_4
comp_7472,tas_4
comp_7473,tas_4
comp_7474,tas_4
comp_7475,tas_4
comp_7476,tas_4
comp_7477,tas_4
comp_7478,tas_4
comp_7479,tas_4
comp_7480,tas_4
comp_7481,tas_4
comp_7482,tas_4
comp_7483,tas_4
comp_7484,tas_4
comp_7485,tas_4
comp_7486,tas_4
comp_7487,tas_4
comp_7488,tas_4
comp_7489,tas_4
comp_7490,tas_4
comp_7491,tas_4
comp_7492,tas_4
comp_7493,tas_4
comp_7494,tas_4
comp_7495,tas_4
comp_7496,tas_4
comp_7497,tas_4
comp_7498,tas_4
comp_7499,tas_4
comp_7500,tas_4
comp_7501,tas_4
comp_7502,tas_4
comp_7503,tas_4
comp_7504,tas_4
comp_7505,tas_4
comp_7506,tas_4
comp_7507,tas_4
comp_7508,tas_4
comp_7509,tas_4
comp_7510,tas_4
comp_7511,tas_4
comp_7512,tas_4
comp_7513,tas_4
comp_7514,tas_4
comp_7515,tas_4
comp_7516,tas_4
comp_7517,tas_4
comp_7518,tas_4
comp_7519,tas_4
comp_7520,tas_4
comp_7521,tas_4
comp_7522,tas_4
comp_7523,tas_4
comp_7524,tas_4
comp_7525,tas_4
comp_7526,tas_4
comp_7527,tas_4
comp_7528,tas_4
comp_7529,tas_4
comp_7530,tas_4
comp_7531,tas_4
comp_7532,tas_4
comp_7533,tas_4
comp_7534,tas_4
comp_7535,tas_4
comp_7536,tas_4
comp_7537,tas_4
comp_7538,tas_4
comp_7539,tas_4
comp_7540,tas_4
comp_7541,tas_4
comp_7542,tas_4
comp_7543,tas_4
comp_7544,tas_4
comp_7545,tas_4
comp_7546,tas_4
comp_7547,tas_4
comp_7548,tas_4
comp_7549,tas_4
comp_7550,tas_4
comp_7551,tas_4
comp_7552,tas_4
comp_7553,tas_4
comp_7554,tas_4
comp_7555,tas_4
comp_7556,tas_4
comp_7557,tas_4
comp_7558,tas_4
comp_7559,tas_4
comp_7560,tas_4
comp_7561,tas_4
comp_7562,tas_4
comp_7563,tas_4
comp_7564,tas_4
comp_7565,tas_4
comp_7566,tas_4
comp_7567,tas_4
comp_7568,tas_4
comp_7569,tas_4
comp_7570,tas_4
comp_7571,tas_4
comp_7572,tas_4
comp_7573,tas_4
comp_7574,tas_4
comp_7575,tas_4
comp_7576,tas_4
comp_7577,tas_4
comp_7578,tas_4
comp_7579,tas_4
comp_7580,tas_4
comp_7581,tas_4
comp_7582,tas_4
comp_7583,tas_4
comp_7584,tas_4
comp_7585,tas_4
comp_7586,tas_4
comp_7587,tas_4
comp_7588,tas_4
comp_7589,tas_4
comp_7590,tas_4
comp_7591,tas_4
comp_7592,tas_4
comp_7593,tas_4
comp_7594,tas_4
comp_7595,tas_4
comp_7596,tas_4
comp_7597,tas_4
comp_7598,tas_4
comp_7599,tas_4
comp_7600,tas_4
comp_7601,tas_4
comp_7602,tas_4
comp_7603,tas_4
comp_7604,tas_4
comp_7605,tas_4
comp_7606,tas_4
comp_7607,tas_4
comp_7608,tas_4
comp_7609,tas_4
comp_7610,tas_4
comp_7611,tas_4
comp_7612,tas_4
comp_7613,tas_4
comp_7614,tas_4
comp_7615,tas_4
comp_7616,tas_4
comp_7617,tas_4
comp_7618,tas_4
comp_7619,tas_4
comp_7620,tas_4
comp_7621,tas_4
comp_7622,tas_4
comp_7623,tas_4
comp_7624,tas_4
comp_7625,tas_4
comp_7626,tas_4
comp_7627,tas_4
comp_7628,tas_4
comp_7629,tas_4
comp_7630,tas_4
comp_7631,tas_4
comp_7632,tas_4
comp_7633,tas_4
comp_7634,tas_4
comp_7635,tas_4
comp_7636,tas_4
comp_7637,tas_4
comp_7638,tas_4
comp_7639,tas_4
comp_7640,tas_4
comp_7641,tas_4
comp_7642,tas_4
comp_7643,tas_4
comp_7644,tas_4
comp_7645,tas_4
comp_7646,tas_4
comp_7647,tas_4
comp_7648,tas_4
comp_7649,tas_4
comp_7650,tas_4
comp_7651,tas_4
comp_7652,tas_4
comp_7653,tas_4
comp_7654,tas_4
comp_7655,tas_4
comp_7656,tas_4
comp_7657,tas_4
comp_7658,tas_4
comp_7659,tas_4
comp_7660,tas_4
comp_7661,tas_4
comp_7662,tas_4
comp_7663,tas_4
comp_7664,tas_4
comp_7665,tas_4
comp_7666,tas_4
comp_7667,tas_4
comp_7668,tas_4
comp_7669,tas_4
comp_7670,tas_4
comp_7671,tas_4
comp_7672,tas_4
comp_7673,tas_4
comp_7674,tas_4
comp_7675,tas_4
comp_7676,tas_4
comp_7677,tas_4
comp_7678,tas_4
comp_7679,tas_4
comp_7680,tas_4
comp_7681,tas_4
comp_7682,tas_4
comp_7683,tas_4
comp_7684,tas_4
comp_7685,tas_4
comp_7686,tas_4
comp_7687,tas_4
comp_7688,tas_4
comp_7689,tas_4
comp_7690,tas_4
comp_7691,tas_4
comp_7692,tas_4
comp_7693,tas_4
comp_7694,tas_4
comp_7695,tas_4
comp_7696,tas_4
comp_7697,tas_4
comp_7698,tas_4
comp_7699,tas_4
comp_7700,tas_4
comp_7701,tas_4
comp_7702,tas_4
comp_7703,tas_4
comp_7704,tas_4
comp_7705,tas_4
comp_7706,tas_4
comp_7707,tas_4
comp_7708,tas_4
comp_7709,tas_4
comp_7710,tas_4
comp_7711,tas_4
comp_7712,tas_4
comp_7713,tas_4
comp_7714,tas_4
comp_7715,tas_4
comp_7716,tas_4
comp_7717,tas_4
comp_7718,tas_4
comp_7719,tas_4
comp_7720,tas_4
comp_7721,tas_4
comp_7722,tas_4
comp_7723,tas_4
comp_7724,tas_4
comp_7725,tas_4
comp_7726,tas_4
comp_7727,tas_4
comp_7728,tas_4
comp_7729,tas_4
comp_7730,tas_4
comp_7731,tas_4
comp_7732,tas_4
comp_7733,tas_4
comp_7734,tas_4
comp_7735,tas_4
comp_7736,tas_4
comp_7737,tas_4
comp_7738,tas_4
comp_7739,tas_4
comp_7740,tas_4
comp_7741,tas_4
comp_7742,tas_4
comp_7743,tas_4
comp_7744,tas_4
comp_7745,tas_4
comp_7746,tas_4
comp_7747,tas_4
comp_7748,tas_4
comp_7749,tas_4
comp_7750,tas_4
comp_7751,tas_4
comp_7752,tas_4
comp_7753,tas_4
comp_7754,tas_4
comp_7755,tas_4
comp_7756,tas_4
comp_7757,tas_4
comp_7758,tas_4
comp_7759,tas_4
comp_7760,tas_4
comp_7761,tas_4
comp_7762,tas_4
comp_7763,tas_4
comp_7764,tas_4
comp_7765,tas_4
comp_7766,tas_4
comp_7767,tas_4
comp_7768,tas_4
comp_7769,tas_4
comp_7770,tas_4
comp_7771,tas_4
comp_7772,tas_4
comp_7773,tas_4
comp_7774,tas_4
comp_7775,tas_4
comp_7776,tas_4
comp_7777,tas_4
comp_7778,tas_4
comp_7779,tas_4
comp_7780,tas_4
comp_7781,tas_4
comp_7782,tas_4
comp_7783,tas_4
comp_7784,tas_4
comp_7785,tas_4
comp_7786,tas_4
comp_7787,tas_4
comp_7788,tas_4
comp_7789,tas_4
comp_7790,tas_4
comp_7791,tas_4
comp_7792,tas_4
comp_7793,tas_4
comp_7794,tas_4
comp_7795,tas_4
comp_7796,tas_4
comp_7797,tas_4
comp_7798,tas_4
comp_7799,tas_4
comp_7800,tas_4
comp_7801,tas_4
comp_7802,tas_4
comp_7803,tas_4
comp_7804,tas_4
comp_7805,tas_4
comp_7806,tas_4
comp_7807,tas_4
comp_7808,tas_4
comp_7809,tas_4
comp_7810,tas_4
comp_7811,tas_4
comp_7812,tas_4
comp_7813,tas_4
comp_7814,tas_4
comp_7815,tas_4
comp_7816,tas_4
comp_7817,tas_4
comp_7818,tas_4
comp_7819,tas_4
comp_7820,tas_4
comp_7821,tas_4
comp_7822,tas_4
comp_7823,tas_4
comp_7824,tas_4
comp_7825,tas_4
comp_7826,tas_4
comp_7827,tas_4
comp_7828,tas_4
comp_7829,tas_4
comp_7830,tas_4
comp_7831,tas_4
comp_7832,tas_4
comp_7833,tas_4
comp_7834,tas_4
comp_7835,tas_4
comp_7836,tas_4
comp_7837,tas_4
comp_7838,tas_4
comp_7839,tas_4
comp_7840,tas_4
comp_7841,tas_4
comp_7842,tas_4
comp_7843,tas_4
comp_7844,tas_4
comp_7845,tas_4
comp_7846,tas_4
comp_7847,tas_4
comp_7848,tas_4
comp_7849,tas_4
comp_7850,tas_4
comp_7851,tas_4
comp_7852,tas_4
comp_7853,tas_4
comp_7854,tas_4
comp_7855,tas_4
comp_7856,tas_4
comp_7857,tas_4
comp_7858,tas_4
comp_7859,tas_4
comp_7860,tas_4
comp_7861,tas_4
comp_7862,tas_4
comp_7863,tas_4
comp_7864,tas_4
comp_7865,tas_4
comp_7866,tas_4
comp_7867,tas_4
comp_7868,tas_4
comp_7869,tas_4
comp_7870,tas_4
comp_7871,tas_4
comp_7872,tas_4
comp_7873,tas_4
comp_7874,tas_4
comp_7875,tas_4
comp_7876,tas_4
comp_7877,tas_4
comp_7878,tas_4
comp_7879,tas_4
comp_7880,tas_4
comp_7881,tas_4
comp_7882,tas_4
comp_7883,tas_4
comp_7884,tas_4
comp_7885,tas_4
comp_7886,tas_4
comp_7887,tas_4
comp_7888,tas_4
comp_7889,tas_4
comp_7890,tas_4
comp_7891,tas_4
comp_7892,tas_4
comp_7893,tas_4
comp_7894,tas_4
comp_7895,tas_4
comp_7896,tas_4
comp_7897,tas_4
comp_7898,tas_4
comp_7899,tas_4
comp_7900,tas_4
comp_7901,tas_4
comp_7902,tas_4
comp_7903,tas_4
comp_7904,tas_4
comp_7905,tas_4
comp_7906,tas_4
comp_7907,tas_4
comp_7908,tas_4
comp_7909,tas_4
comp_7910,tas_4
comp_7911,tas_4
comp_7912,tas_4
comp_7913,tas_4
comp_7914,tas_4
comp_7915,tas_4
comp_7916,tas_4
comp_7917,tas_4
comp_7918,tas_4
comp_7919,tas_4
comp_7920,tas_4
comp_7921,tas_4
comp_7922,tas_4
comp_7923,tas_4
comp_7924,tas_4
comp_7925,tas_4
comp_7926,tas_4
comp_7927,tas_4
comp_7928,tas_4
comp_7929,tas_4
comp_7930,tas_4
comp_7931,tas_4
comp_7932,tas_4
comp_7933,tas_4
comp_7934,tas_4
comp_7935,tas_4
comp_7936,tas_4
comp_7937,tas_4
comp_7938,tas_4
comp_7939,tas_4
comp_7940,tas_4
comp_7941,tas_4
comp_7942,tas_4
comp_7943,tas_4
comp_7944,tas_4
comp_7945,tas_4
comp_7946,tas_4
comp_7947,tas_4
comp_7948,tas_4
comp_7949,tas_4
comp_7950,tas_4
comp_7951,tas_4
comp_7952,tas_4
comp_7953,tas_4
comp_7954,tas_4
comp_7955,tas_4
comp_7956,tas_4
comp_7957,tas_4
comp_7958,tas_4
comp_7959,tas_4
comp_7960,tas_4
comp_7961,tas_4
comp_7962,tas_4
comp_7963,tas_4
comp_7964,tas_4
comp_7965,tas_4
comp_7966,tas_4
comp_7967,tas_4
comp_7968,tas_4
comp_7969,tas_4
comp_7970,tas_4
comp_7971,tas_4
comp_7972,tas_4
comp_7973,tas_4
comp_7974,tas_4
comp_7975,tas_4
comp_7976,tas_4
comp_7977,tas_4
comp_7978,tas_4
comp_7979,tas_4
comp_7980,tas_4
comp_7981,tas_4
comp_7982,tas_4
comp_7983,tas_4
comp_7984,tas_4
comp_7985,tas_4
comp_7986,tas_4
comp_7987,tas_4
comp_7988,tas_4
comp_7989,tas_4
comp_7990,tas_4
comp_7991,tas_4
comp_7992,tas_4
comp_7993,tas_4
comp_7994,tas_4
comp_7995,tas_4
comp_7996,tas_4
comp_7997,tas_4
comp_7998,tas_4
comp_7999,tas_4
comp_8000,tas_4
comp_8001,tas_4
comp_8002,tas_4
comp_8003,tas_4
comp_8004,tas_4
comp_8005,tas_4
comp_8006,tas_4
comp_8007,tas_4
comp_8008,tas_4
comp_8009,tas_4
comp_8010,tas_4
comp_8011,tas_4
comp_8012,tas_4
comp_8013,tas_4
comp_8014,tas_4
comp_8015,tas_4
comp_8016,tas_4
comp_8017,tas_4
comp_8018,tas_4
comp_8019,tas_4
comp_8020,tas_4
comp_8021,tas_4
comp_8022,tas_4
comp_8023,tas_4
comp_8024,tas_4
comp_8025,tas_4
comp_8026,tas_4
comp_8027,tas_4
comp_8028,tas_4
comp_8029,tas_4
comp_8030,tas_4
comp_8031,tas_4
comp_8032,tas_4
comp_8033,tas_4
comp_8034,tas_4
comp_8035,tas_4
comp_8036,tas_4
comp_8037,tas_4
comp_8038,tas_4
comp_8039,tas_4
comp_8040,tas_4
comp_8041,tas_4
comp_8042,tas_4
comp_8043,tas_4
comp_8044,tas_4
comp_8045,tas_4
comp_8046,tas_4
comp_8047,tas_4
comp_8048,tas_4
comp_8049,tas_4
comp_8050,tas_4
comp_8051,tas_4
comp_8052,tas_4
comp_8053,tas_4
comp_8054,tas_4
comp_8055,tas_4
comp_8056,tas_4
comp_8057,tas_4
comp_8058,tas_4
comp_8059,tas_4
comp_8060,tas_4
comp_8061,tas_4
comp_8062,tas_4
comp_8063,tas_4
comp_8064,tas_4
comp_8065,tas_4
comp_8066,tas_4
comp_8067,tas_4
comp_8068,tas_4
comp_8069,tas_4
comp_8070,tas_4
comp_8071,tas_4
comp_8072,tas_4
comp_8073,tas_4
comp_8074,tas_4
comp_8075,tas_4
comp_8076,tas_4
comp_8077,tas_4
comp_8078,tas_4
comp_8079,tas_4
comp_8080,tas_4
comp_8081,tas_4
comp_8082,tas_4
comp_8083,tas_4
comp_8084,tas_4
comp_8085,tas_4
comp_8086,tas_4
comp_8087,tas_4
comp_8088,tas_4
comp_8089,tas_4
comp_8090,tas_4
comp_8091,tas_4
comp_8092,tas_4
comp_8093,tas_4
comp_8094,tas_4
comp_8095,tas_4
comp_8096,tas_4
comp_8097,tas_4
comp_8098,tas_4
comp_8099,tas_4
comp_8100,tas_4
comp_8101,tas_4
comp_8102,tas_4
comp_8103,tas_4
comp_8104,tas_4
comp_8105,tas_4
comp_8106,tas_4
comp_8107,tas_4
comp_8108,tas_4
comp_8109,tas_4
comp_8110,tas_4
comp_8111,tas_4
comp_8112,tas_4
comp_8113,tas_4
comp_8114,tas_4
comp_8115,tas_4
comp_8116,tas_4
comp_8117,tas_4
comp_8118,tas_4
comp_8119,tas_4
comp_8120,tas_4
comp_8121,tas_4
comp_8122,tas_4
comp_8123,tas_4
comp_8124,tas_4
comp_8125,tas_4
comp_8126,tas_4
comp_8127,tas_4
comp_8128,tas_4
comp_8129,tas_4
comp_8130,tas_4
comp_8131,tas_4
comp_8132,tas_4
comp_8133,tas_4
comp_8134,tas_4
comp_8135,tas_4
comp_8136,tas_4
comp_8137,tas_4
comp_8138,tas_4
comp_8139,tas_4
comp_8140,tas_4
comp_8141,tas_4
comp_8142,tas_4
comp_8143,tas_4
comp_8144,tas_4
comp_8145,tas_4
comp_8146,tas_4
comp_8147,tas_4
comp_8148,tas_4
comp_8149,tas_4
comp_8150,tas_4
comp_8151,tas_4
comp_8152,tas_4
comp_8153,tas_4
comp_8154,tas_4
comp_8155,tas_4
comp_8156,tas_4
comp_8157,tas_4
comp_8158,tas_4
comp_8159,tas_4
comp_8160,tas_4
comp_8161,tas_4
comp_8162,tas_4
comp_8163,tas_4
comp_8164,tas_4
comp_8165,tas_4
comp_8166,tas_4
comp_8167,tas_4
comp_8168,tas_4
comp_8169,tas_4
comp_8170,tas_4
comp_8171,tas_4
comp_8172,tas_4
comp_8173,tas_4
comp_8174,tas_4
comp_8175,tas_4
comp_8176,tas_4
comp_8177,tas_4
comp_8178,tas_4
comp_8179,tas_4
comp_8180,tas_4
comp_8181,tas_4
comp_8182,tas_4
comp_8183,tas_4
comp_8184,tas_4
comp_8185,tas_4
comp_8186,tas_4
comp_8187,tas_4
comp_8188,tas_4
comp_8189,tas_4
comp_8199,tas_1
comp_8200,tas_1
comp_8201,tas_1
comp_8202,tas_1
comp_8203,tas_1
comp_8204,tas_1
comp_8205,tas_1
comp_8206,tas_1
comp_8207,tas_1
comp_8208,tas_1
comp_8209,tas_1
comp_8210,tas_1
comp_8211,tas_1
comp_8212,tas_1
comp_8213,tas_1
comp_8214,tas_1
comp_8215,tas_1
comp_8216,tas_1
comp_8217,tas_1
comp_8218,tas_1
comp_8219,tas_1
comp_8220,tas_1
comp_8221,tas_1
comp_8222,tas_1
comp_8223,tas_1
comp_8224,tas_1
comp_8225,tas_1
comp_8226,tas_1
comp_8227,tas_1
comp_8228,tas_1
comp_8229,tas_1
comp_8230,tas_1
comp_8231,tas_1
comp_8232,tas_1
comp_8233,tas_1
comp_8234,tas_2
comp_8235,tas_2
comp_8236,tas_2
comp_8237,tas_2
comp_8238,tas_2
comp_8239,tas_2
comp_8240,tas_2
comp_8241,tas_2
comp_8242,tas_2
comp_8243,tas_2
comp_8244,tas_2
comp_8245,tas_2
comp_8246,tas_2
comp_8247,tas_2
comp_8248,tas_2
comp_8249,tas_2
comp_8250,tas_2
comp_8251,tas_2
comp_8252,tas_2
comp_8253,tas_2
comp_8254,tas_2
comp_8255,tas_2
comp_8256,tas_2
comp_8257,tas_2
comp_8258,tas_2
comp_8259,tas_2
comp_8260,tas_2
comp_8261,tas_2
comp_8262,tas_2
comp_8263,tas_2
comp_8264,tas_2
comp_8265,tas_2
comp_8266,tas_2
comp_8267,tas_2
comp_8268,tas_2
comp_8269,tas_2
comp_8270,tas_2
comp_8271,tas_2
comp_8272,tas_2
comp_8273,tas_2
comp_8274,tas_2
comp_8275,tas_2
comp_8276,tas_2
comp_8277,tas_2
comp_8278,tas_2
comp_8279,tas_2
comp_8280,tas_2
comp_8281,tas_2
comp_8282,tas_2
comp_8283,tas_2
comp_8284,tas_2
comp_8285,tas_2
comp_8286,tas_2
comp_8287,tas_2
comp_8288,tas_2
comp_8289,tas_2
comp_8290,tas_2
comp_8291,tas_2
comp_8292,tas_2
comp_8293,tas_2
comp_8294,tas_2
comp_8295,tas_2
comp_8296,tas_2
comp_8297,tas_2
comp_8298,tas_2
comp_8299,tas_2
comp_8300,tas_2
comp_8301,tas_2
comp_8302,tas_2
comp_8303,tas_2
comp_8304,tas_2
comp_8305,tas_2
comp_8306,tas_2
comp_8307,tas_2
comp_8308,tas_2
comp_8309,tas_2
comp_8310,tas_2
comp_8311,tas_2
comp_8312,tas_2
comp_8313,tas_2
comp_8314,tas_2
comp_8315,tas_2
comp_8316,tas_2
comp_8317,tas_2
comp_8318,tas_2
comp_8319,tas_2
comp_8320,tas_2
comp_8321,tas_2
comp_8322,tas_2
comp_8323,tas_2
comp_8324,tas_2
comp_8325,tas_2
comp_8326,tas_2
comp_8327,tas_2
comp_8328,tas_2
comp_8329,tas_2
comp_8330,tas_2
comp_8331,tas_2
comp_8332,tas_2
comp_8333,tas_2
comp_8334,tas_2
comp_8335,tas_2
comp_8336,tas_2
comp_8337,tas_2
comp_8338,tas_2
comp_8339,tas_2
comp_8340,tas_2
comp_8341,tas_2
comp_8342,tas_2
comp_8343,tas_2
comp_8344,tas_2
comp_8345,tas_2
comp_8346,tas_2
comp_8347,tas_2
comp_8348,tas_2
comp_8349,tas_2
comp_8350,tas_2
comp_8351,tas_2
comp_8352,tas_2
comp_8353,tas_2
comp_8354,tas_2
comp_8355,tas_2
comp_8356,tas_2
comp_8357,tas_2
comp_8358,tas_2
comp_8359,tas_2
comp_8360,tas_2
comp_8361,tas_2
comp_8362,tas_2
comp_8363,tas_2
comp_8364,tas_2
comp_8365,tas_5
comp_8366,tas_5
comp_8367,tas_5
comp_8368,tas_5
comp_8369,tas_5
comp_8370,tas_5
comp_8371,tas_5
comp_8372,tas_5
comp_8373,tas_5
comp_8374,tas_5
comp_8375,tas_5
comp_8376,tas_5
comp_8377,tas_5
comp_8378,tas_5
comp_8379,tas_5
comp_8380,tas_5
comp_8381,tas_5
comp_8382,tas_5
comp_8383,tas_5
comp_8384,tas_5
comp_8385,tas_5
comp_8386,tas_5
comp_8387,tas_5
comp_8388,tas_5
comp_8389,tas_5
comp_8390,tas_5
comp_8391,tas_5
comp_8392,tas_5
comp_8393,tas_5
comp_8394,tas_5
comp_8395,tas_5
comp_8396,tas_5
comp_8397,tas_5
comp_8398,tas_5
comp_8399,tas_5
comp_8400,tas_5
comp_8401,tas_5
comp_8402,tas_5
comp_8403,tas_5
comp_8404,tas_5
comp_8405,tas_5
comp_8406,tas_5
comp_8407,tas_5
comp_8408,tas_5
comp_8409,tas_5
comp_8410,tas_5
comp_8411,tas_5
comp_8412,tas_5
comp_8413,tas_5
comp_8414,tas_5
comp_8415,tas_5
comp_8416,tas_5
comp_8417,tas_5
comp_8418,tas_5
comp_8419,tas_5
comp_8420,tas_5
comp_8421,tas_5
comp_8422,tas_5
comp_8423,tas_5
comp_8424,tas_5
comp_8425,tas_5
comp_8426,tas_5
comp_8427,tas_5
comp_8428,tas_5
comp_8429,tas_5
comp_8430,tas_5
comp_8431,tas_5
comp_8432,tas_5
comp_8433,tas_5
comp_8434,tas_5
comp_8435,tas_5
comp_8436,tas_5
comp_8437,tas_5
comp_8438,tas_5
comp_8439,tas_5
comp_8440,tas_5
comp_8441,tas_5
comp_8442,tas_5
comp_8443,tas_5
comp_8444,tas_5
comp_8445,tas_5
comp_8446,tas_5
comp_8447,tas_5
comp_8448,tas_5
comp_8449,tas_5
comp_8450,tas_5
comp_8451,tas_5
comp_8452,tas_5
comp_8453,tas_5
comp_8454,tas_5
comp_8455,tas_5
comp_8456,tas_5
comp_8457,tas_5
comp_8458,tas_5
comp_8459,tas_5
comp_8460,tas_5
comp_8461,tas_5
comp_8462,tas_5
comp_8463,tas_5
comp_8464,tas_5
comp_8465,tas_5
comp_8466,tas_5
comp_8467,tas_5
comp_8468,tas_5
comp_8469,tas_5
comp_8470,tas_5
comp_8471,tas_5
comp_8472,tas_5
comp_8473,tas_5
comp_8474,tas_5
comp_8475,tas_5
comp_8476,tas_5
comp_8477,tas_5
comp_8478,tas_5
comp_8479,tas_5
comp_8480,tas_5
comp_8481,tas_5
comp_8482,tas_5
comp_8483,tas_5
comp_8484,tas_5
comp_8485,tas_5
comp_8486,tas_5
comp_8487,tas_5
comp_8488,tas_5
comp_8489,tas_5
comp_8490,tas_5
comp_8491,tas_5
comp_8492,tas_5
comp_8493,tas_5
comp_8494,tas_5
comp_8495,tas_5
comp_8496,tas_5
comp_8497,tas_5
comp_8498,tas_5
comp_8499,tas_5
comp_8500,tas_5
comp_8501,tas_5
comp_8502,tas_5
comp_8503,tas_5
comp_8504,tas_5
comp_8505,tas_5
comp_8506,tas_5
comp_8507,tas_5
comp_8508,tas_5
comp_8509,tas_5
comp_8510,tas_5
comp_8511,tas_5
comp_8512,tas_5
comp_8513,tas_5
comp_8514,tas_5
comp_8515,tas_5
comp_8516,tas_5
comp_8517,tas_5
comp_8518,tas_5
comp_8519,tas_5
comp_8520,tas_5
comp_8521,tas_5
comp_8522,tas_5
comp_8523,tas_5
comp_8524,tas_5
comp_8525,tas_5
comp_8526,tas_5
comp_8527,tas_5
comp_8528,tas_5
comp_8529,tas_5
comp_8530,tas_5
comp_8531,tas_5
comp_8532,tas_3
comp_8533,tas_3
comp_8534,tas_3
comp_8535,tas_3
comp_8536,tas_3
comp_8537,tas_3
comp_8538,tas_3
comp_8539,tas_3
comp_8540,tas_3
comp_8541,tas_3
comp_8542,tas_3
comp_8543,tas_3
comp_8544,tas_3
comp_8545,tas_3
comp_8546,tas_3
comp_8547,tas_3
comp_8548,tas_3
comp_8549,tas_3
comp_8550,tas_3
comp_8551,tas_3
comp_8552,tas_3
comp_8553,tas_3
comp_8554,tas_3
comp_8555,tas_3
comp_8556,tas_3
comp_8557,tas_3
comp_8558,tas_3
comp_8559,tas_3
comp_8560,tas_3
comp_8561,tas_3
comp_8562,tas_3
comp_8563,tas_3
comp_8564,tas_3
comp_8565,tas_3
comp_8566,tas_3
comp_8567,tas_3
comp_8568,tas_3
comp_8569,tas_3
comp_8570,tas_3
comp_8571,tas_3
comp_8572,tas_3
comp_8573,tas_3
comp_8574,tas_3
comp_8575,tas_3
comp_8576,tas_3
comp_8577,tas_3
comp_8578,tas_3
comp_8579,tas_3
comp_8580,tas_3
comp_8581,tas_3
comp_8582,tas_3
comp_8583,tas_3
comp_8584,tas_3
comp_8585,tas_3
comp_8586,tas_3
comp_8587,tas_3
comp_8588,tas_3
comp_8589,tas_3
comp_8590,tas_3
comp_8591,tas_4
comp_8592,tas_4
comp_8593,tas_4
comp_8594,tas_4
comp_8595,tas_4
comp_8596,tas_4
comp_8597,tas_4
comp_8598,tas_4
comp_8599,tas_4
comp_8600,tas_4
comp_8601,tas_4
comp_8602,tas_4
comp_8603,tas_4
comp_8604,tas_4
comp_8605,tas_4
comp_8606,tas_4
comp_8607,tas_4
comp_8608,tas_4
comp_8609,tas_4
comp_8610,tas_4
comp_8611,tas_4
comp_8612,tas_4
comp_8613,tas_4
comp_8614,tas_4
comp_8615,tas_4
comp_8616,tas_4
comp_8617,tas_4
comp_8618,tas_4
comp_8619,tas_4
comp_8620,tas_4
comp_8621,tas_4
comp_8622,tas_4
comp_8626,tas_1
comp_8627,tas_1
comp_8628,tas_1
comp_8629,tas_2
comp_8630,tas_2
comp_8631,tas_2
comp_8632,tas_2
comp_8633,tas_2
comp_8634,tas_2
comp_8635,tas_2
comp_8636,tas_5
comp_8637,tas_5
comp_8638,tas_5
comp_8639,tas_5
comp_8640,tas_5
comp_8641,tas_5
comp_8642,tas_5
comp_8643,tas_5
comp_8644,tas_5
comp_8645,tas_5
comp_8646,tas_5
comp_8647,tas_5
comp_8648,tas_5
comp_8649,tas_5
comp_8650,tas_5
comp_8651,tas_5
comp_8652,tas_5
comp_8653,tas_5
comp_8654,tas_5
comp_8655,tas_5
comp_8656,tas_5
comp_8657,tas_5
comp_8658,tas_5
comp_8659,tas_5
comp_8660,tas_5
comp_8661,tas_5
comp_8662,tas_5
comp_8663,tas_5
comp_8664,tas_5
comp_8665,tas_5
comp_8666,tas_5
comp_8667,tas_5
comp_8668,tas_5
comp_8669,tas_5
comp_8670,tas_5
comp_8671,tas_5
comp_8672,tas_5
comp_8673,tas_5
comp_8674,tas_3
comp_8675,tas_3
comp_8676,tas_3
comp_8677,tas_3
comp_8678,tas_3
comp_8679,tas_3
comp_8680,tas_3
comp_8681,tas_3
comp_8682,tas_3
comp_8683,tas_3
comp_8684,tas_3
comp_8685,tas_3
comp_8686,tas_3
comp_8687,tas_3
comp_8688,tas_3
comp_8689,tas_3
comp_8690,tas_3
comp_8691,tas_3
comp_8692,tas_3
comp_8693,tas_3
comp_8694,tas_3
comp_8695,tas_3
comp_8696,tas_3
comp_8697,tas_3
comp_8698,tas_3
comp_8699,tas_3
comp_8700,tas_3
comp_8701,tas_3
comp_8702,tas_3
comp_8703,tas_3
comp_8704,tas_3
comp_8705,tas_3
comp_8706,tas_3
comp_8707,tas_3
comp_8708,tas_3
comp_8709,tas_3
comp_8710,tas_3
comp_8711,tas_3
comp_8712,tas_3
comp_8713,tas_3
comp_8714,tas_3
comp_8715,tas_3
comp_8716,tas_3
comp_8717,tas_3
comp_8718,tas_3
comp_8719,tas_3
comp_8720,tas_3
comp_8721,tas_3
comp_8722,tas_3
comp_8723,tas_3
comp_8724,tas_3
comp_8725,tas_3
comp_8726,tas_3
comp_8727,tas_3
comp_8728,tas_3
comp_8729,tas_3
comp_8730,tas_3
comp_8731,tas_3
comp_8732,tas_3
comp_8733,tas_3
comp_8734,tas_3
comp_8735,tas_3
comp_8736,tas_3
comp_8737,tas_3
comp_8738,tas_3
comp_8739,tas_3
comp_8740,tas_3
comp_8741,tas_3
comp_8742,tas_3
comp_8743,tas_3
comp_8744,tas_3
comp_8745,tas_3
comp_8746,tas_3
comp_8747,tas_3
comp_8748,tas_3
comp_8749,tas_3
comp_8750,tas_3
comp_8751,tas_3
comp_8752,tas_3
comp_8753,tas_3
comp_8754,tas_3
comp_8755,tas_3
comp_8756,tas_3
comp_8757,tas_3
comp_8758,tas_3
comp_8759,tas_3
comp_8760,tas_3
comp_8761,tas_3
comp_8762,tas_3
comp_8763,tas_3
comp_8764,tas_3
comp_8765,tas_3
comp_8766,tas_3
comp_8767,tas_3
comp_8768,tas_3
comp_8769,tas_3
comp_8770,tas_3
comp_8771,tas_3
comp_8772,tas_3
comp_8773,tas_3
comp_8774,tas_3
comp_8775,tas_3
comp_8776,tas_3
comp_8777,tas_3
comp_8778,tas_3
comp_8779,tas_3
comp_8780,tas_3
comp_8781,tas_3
comp_8782,tas_3
comp_8783,tas_3
comp_8784,tas_3
comp_8785,tas_3
comp_8786,tas_3
comp_8787,tas_3
comp_8788,tas_3
comp_8789,tas_3
comp_8790,tas_3
comp_8791,tas_3
comp_8792,tas_3
comp_8793,tas_3
comp_8794,tas_3
comp_8795,tas_3
comp_8796,tas_3
comp_8797,tas_3
comp_8798,tas_3
comp_8799,tas_3
comp_8800,tas_3
comp_8801,tas_3
comp_8802,tas_3
comp_8803,tas_3
comp_8804,tas_3
comp_8805,tas_3
comp_8806,tas_3
comp_8807,tas_3
comp_8808,tas_3
comp_8809,tas_3
comp_8810,tas_3
comp_8811,tas_3
comp_8812,tas_3
comp_8813,tas_3
comp_8814,tas_3
comp_8815,tas_3
comp_8816,tas_3
comp_8817,tas_3
comp_8818,tas_3
comp_8819,tas_3
comp_8820,tas_3
comp_8821,tas_3
comp_8822,tas_3
comp_8823,tas_3
comp_8824,tas_3
comp_8825,tas_3
comp_8826,tas_3
comp_8827,tas_3
comp_8828,tas_3
comp_8829,tas_3
comp_8830,tas_3
comp_8831,tas_3
comp_8832,tas_3
comp_8833,tas_3
comp_8834,tas_3
comp_8835,tas_3
comp_8836,tas_3
comp_8837,tas_3
comp_8838,tas_3
comp_8839,tas_3
comp_8840,tas_3
comp_8841,tas_3
comp_8842,tas_3
comp_8843,tas_4
comp_8844,tas_4
comp_8845,tas_4
comp_8846,tas_4
comp_8847,tas_4
comp_8848,tas_4
comp_8849,tas_4
comp_8850,tas_4
comp_8851,tas_4
comp_8852,tas_4
comp_8853,tas_4
comp_8854,tas_4
comp_8855,tas_4
comp_8856,tas_4
comp_8857,tas_4
comp_8858,tas_4
comp_8859,tas_4
comp_8860,tas_4
comp_8861,tas_4
comp_8862,tas_4
comp_8863,tas_4
comp_8864,tas_4
comp_8865,tas_4
comp_8866,tas_4
comp_8867,tas_4
comp_8868,tas_4
comp_8869,tas_4
comp_8870,tas_4
comp_8871,tas_4
comp_8872,tas_4
comp_8873,tas_4
comp_8874,tas_4
comp_8875,tas_4
comp_8876,tas_4
comp_8877,tas_4
comp_8878,tas_4
comp_8879,tas_4
comp_8880,tas_4
comp_8881,tas_4
comp_8882,tas_4
comp_8883,tas_4
comp_8884,tas_4
comp_8885,tas_4
comp_8886,tas_4
comp_8887,tas_4
comp_8888,tas_4
comp_8889,tas_4
comp_8890,tas_4
comp_8891,tas_4
comp_8892,tas_4
comp_8893,tas_4
comp_8894,tas_4
comp_8895,tas_4
comp_8896,tas_4
comp_8897,tas_4
comp_8898,tas_4
comp_8899,tas_4
comp_8900,tas_4
comp_8901,tas_4
comp_8902,tas_4
comp_8903,tas_4
comp_8904,tas_4
comp_8905,tas_4
comp_8906,tas_4
comp_8907,tas_4
comp_8908,tas_4
comp_8909,tas_4
comp_8910,tas_4
comp_8911,tas_4
comp_8912,tas_4
comp_8913,tas_4
comp_8914,tas_4
comp_8915,tas_4
comp_8916,tas_4
comp_8917,tas_4
comp_8918,tas_4
comp_8919,tas_4
comp_8920,tas_4
comp_8921,tas_4
comp_8922,tas_4
comp_8923,tas_4
comp_8924,tas_4
comp_8925,tas_4
comp_8926,tas_4
comp_8927,tas_4
comp_8928,tas_4
comp_8929,tas_4
comp_8930,tas_4
comp_8931,tas_4
comp_8932,tas_4
comp_8933,tas_4
comp_8934,tas_4
comp_8935,tas_4
comp_8936,tas_4
comp_8937,tas_4
comp_8938,tas_4
comp_8939,tas_4
comp_8940,tas_4
comp_8941,tas_4
comp_8942,tas_4
comp_8943,tas_4
comp_8944,tas_4
comp_8945,tas_4
comp_8946,tas_4
comp_8947,tas_4
comp_8948,tas_4
comp_8949,tas_4
comp_8950,tas_4
comp_8951,tas_4
comp_8952,tas_4
comp_8953,tas_4
comp_8954,tas_4
comp_8955,tas_4
comp_8956,tas_4
comp_8957,tas_4
comp_8958,tas_4
comp_8959,tas_4
comp_8960,tas_4
comp_8961,tas_4
comp_8962,tas_4
comp_8963,tas_4
comp_8964,tas_4
comp_8965,tas_4
comp_8966,tas_4
comp_8967,tas_4
comp_8968,tas_4
comp_8969,tas_4
comp_8970,tas_4
comp_8971,tas_4
comp_8972,tas_4
comp_8973,tas_4
comp_8974,tas_4
comp_8975,tas_4
comp_8976,tas_4
comp_8977,tas_4
comp_8978,tas_4
comp_8979,tas_4
comp_8980,tas_4
comp_8981,tas_4
comp_8982,tas_4
comp_8983,tas_4
comp_8984,tas_4
comp_8985,tas_4
comp_8986,tas_4
comp_8987,tas_4
comp_8988,tas_4
comp_8989,tas_4
comp_8990,tas_4
comp_8991,tas_4
comp_8992,tas_4
comp_8993,tas_4
comp_8994,tas_4
comp_8995,tas_4
comp_8996,tas_4
comp_8997,tas_4
comp_8998,tas_4
comp_8999,tas_4
comp_9000,tas_4
comp_9001,tas_4
comp_9002,tas_4
comp_9003,tas_4
comp_9004,tas_4
comp_9005,tas_4
comp_9006,tas_4
comp_9007,tas_4
comp_9008,tas_4
comp_9009,tas_4
comp_9010,tas_4
comp_9011,tas_4
comp_9012,tas_4
comp_9013,tas_4
comp_9014,tas_4
comp_9015,tas_4
comp_9016,tas_4
comp_9017,tas_4
comp_9018,tas_4
comp_9019,tas_4
comp_9020,tas_4
comp_9021,tas_4
comp_9022,tas_4
comp_9023,tas_4
comp_9024,tas_4
comp_9025,tas_4
comp_9026,tas_4
comp_9027,tas_4
comp_9028,tas_4
comp_9029,tas_4
comp_9030,tas_4
comp_9031,tas_4
comp_9032,tas_4
comp_9033,tas_4
comp_9034,tas_4
comp_9035,tas_4
comp_9036,tas_4
comp_9037,tas_4
comp_9038,tas_4
comp_9039,tas_4
comp_9040,tas_4
comp_9041,tas_4
comp_9042,tas_4
comp_9043,tas_4
comp_9044,tas_4
comp_9045,tas_4
comp_9046,tas_4
comp_9047,tas_4
comp_9048,tas_4
comp_9049,tas_4
comp_9050,tas_4
comp_9051,tas_4
comp_9052,tas_4
comp_9053,tas_4
comp_9054,tas_4
comp_9055,tas_4
comp_9056,tas_4
comp_9057,tas_4
comp_9058,tas_4
comp_9059,tas_4
comp_9060,tas_4
comp_9061,tas_4
comp_9062,tas_4
comp_9063,tas_4
comp_9064,tas_4
comp_9065,tas_4
comp_9066,tas_4
comp_9067,tas_4
comp_9068,tas_4
comp_9069,tas_4
comp_9070,tas_4
comp_9071,tas_4
comp_9072,tas_4
comp_9073,tas_4
comp_9074,tas_4
comp_9075,tas_4
comp_9076,tas_4
comp_9077,tas_4
comp_9078,tas_4
comp_9079,tas_4
comp_9080,tas_4
comp_9081,tas_4
comp_9082,tas_4
comp_9083,tas_4
comp_9084,tas_4
comp_9085,tas_4
comp_9086,tas_4
comp_9087,tas_4
comp_9088,tas_4
comp_9089,tas_4
comp_9090,tas_4
comp_9091,tas_4
comp_9092,tas_4
comp_9093,tas_4
comp_9094,tas_4
comp_9095,tas_4
comp_9096,tas_4
comp_9097,tas_4
comp_9098,tas_4
comp_9099,tas_4
comp_9100,tas_4
comp_9101,tas_4
comp_9102,tas_4
comp_9103,tas_4
comp_9104,tas_4
comp_9105,tas_4
comp_9106,tas_4
comp_9107,tas_4
comp_9108,tas_4
comp_9109,tas_4
comp_9110,tas_4
comp_9111,tas_4
comp_9112,tas_4
comp_9113,tas_4
comp_9114,tas_4
comp_9115,tas_4
comp_9116,tas_4
comp_9117,tas_4
comp_9118,tas_4
comp_9119,tas_4
comp_9120,tas_4
comp_9121,tas_4
comp_9122,tas_4
comp_9123,tas_4
comp_9124,tas_4
comp_9125,tas_4
comp_9126,tas_4
comp_9127,tas_4
comp_9128,tas_4
comp_9129,tas_4
comp_9130,tas_4
comp_9131,tas_4
comp_9132,tas_4
comp_9133,tas_4
comp_9134,tas_4
comp_9135,tas_4
comp_9136,tas_4
comp_9137,tas_4
comp_9138,tas_4
comp_9139,tas_4
comp_9140,tas_4
comp_9141,tas_4
comp_9142,tas_4
comp_9143,tas_4
comp_9144,tas_4
comp_9145,tas_4
comp_9146,tas_4
comp_9147,tas_4
comp_9148,tas_4
comp_9149,tas_4
comp_9150,tas_4
comp_9151,tas_4
comp_9152,tas_4
comp_9153,tas_4
comp_9154,tas_4
comp_9155,tas_4
comp_9156,tas_4
comp_9157,tas_4
comp_9158,tas_4
comp_9159,tas_4
comp_9160,tas_4
comp_9161,tas_4
comp_9162,tas_4
comp_9163,tas_4
comp_9164,tas_4
comp_9165,tas_4
comp_9166,tas_4
comp_9167,tas_4
comp_9168,tas_4
comp_9169,tas_4
comp_9170,tas_4
comp_9171,tas_4
comp_9172,tas_4
comp_9173,tas_4
comp_9174,tas_4
comp_9175,tas_4
comp_9176,tas_4
comp_9177,tas_4
comp_9178,tas_4
comp_9179,tas_4
comp_9180,tas_4
comp_9181,tas_4
comp_9182,tas_4
comp_9183,tas_4
comp_9184,tas_4
comp_9185,tas_4
comp_9186,tas_4
comp_9187,tas_4
comp_9188,tas_4
comp_9189,tas_4
comp_9190,tas_4
comp_9191,tas_4
comp_9192,tas_4
comp_9193,tas_4
comp_9194,tas_4
comp_9195,tas_4
comp_9196,tas_4
comp_9197,tas_4
comp_9198,tas_4
comp_9199,tas_4
comp_9200,tas_4
comp_9201,tas_4
comp_9202,tas_4
comp_9203,tas_4
comp_9204,tas_4
comp_9205,tas_4
comp_9206,tas_4
comp_9207,tas_4
comp_9208,tas_4
comp_9209,tas_4
comp_9210,tas_4
comp_9211,tas_4
comp_9212,tas_4
comp_9213,tas_4
comp_9214,tas_4
comp_9215,tas_4
comp_9216,tas_4
comp_9217,tas_4
comp_9218,tas_4
comp_9219,tas_4
comp_9220,tas_4
comp_9221,tas_4
comp_9222,tas_4
comp_9223,tas_4
comp_9224,tas_4
comp_9225,tas_4
comp_9226,tas_4
comp_9227,tas_4
comp_9228,tas_4
comp_9229,tas_4
comp_9230,tas_4
comp_9231,tas_4
comp_9232,tas_4
comp_9233,tas_4
comp_9234,tas_4
comp_9235,tas_4
comp_9236,tas_4
comp_9237,tas_4
comp_9238,tas_4
comp_9239,tas_4
comp_9240,tas_4
comp_9241,tas_4
comp_9242,tas_4
comp_9243,tas_4
comp_9244,tas_4
comp_9245,tas_4
comp_9246,tas_4
comp_9247,tas_4
comp_9248,tas_4
comp_9249,tas_4
comp_9250,tas_4
comp_9251,tas_4
comp_9252,tas_4
comp_9253,tas_4
comp_9254,tas_4
comp_9255,tas_4
comp_9256,tas_4
comp_9257,tas_4
comp_9258,tas_4
comp_9259,tas_4
comp_9260,tas_4
comp_9261,tas_4
comp_9262,tas_4
comp_9263,tas_4
comp_9264,tas_4
comp_9265,tas_4
comp_9266,tas_4
comp_9267,tas_4
comp_9268,tas_4
comp_9269,tas_4
comp_9270,tas_4
comp_9271,tas_4
comp_9272,tas_4
comp_9273,tas_4
comp_9274,tas_4
comp_9275,tas_4
comp_9276,tas_4
comp_9277,tas_4
comp_9278,tas_4
comp_9279,tas_4
comp_9280,tas_4
comp_9281,tas_4
comp_9282,tas_4
comp_9283,tas_4
comp_9284,tas_4
comp_9285,tas_4
comp_9286,tas_4
comp_9287,tas_4
comp_9288,tas_4
comp_9289,tas_4
comp_9290,tas_4
comp_9291,tas_4
comp_9292,tas_4
comp_9293,tas_4
comp_9294,tas_4
comp_9295,tas_4
comp_9296,tas_4
comp_9297,tas_4
comp_9298,tas_4
comp_9299,tas_4
comp_9300,tas_4
comp_9301,tas_4
comp_9302,tas_4
comp_9303,tas_4
comp_9304,tas_4
comp_9305,tas_4
comp_9306,tas_4
comp_9307,tas_4
comp_9308,tas_4
comp_9309,tas_4
comp_9310,tas_4
comp_9311,tas_4
comp_9312,tas_4
comp_9313,tas_4
comp_9314,tas_4
comp_9315,tas_4
comp_9316,tas_4
comp_9317,tas_4
comp_9318,tas_4
comp_9319,tas_4
comp_9320,tas_4
comp_9321,tas_4
comp_9322,tas_4
comp_9323,tas_4
comp_9324,tas_4
comp_9325,tas_4
comp_9326,tas_4
comp_9327,tas_4
comp_9328,tas_4
comp_9329,tas_4
comp_9330,tas_4
comp_9331,tas_4
comp_9332,tas_4
comp_9333,tas_4
comp_9334,tas_4
comp_9335,tas_4
comp_9336,tas_4
comp_9337,tas_4
comp_9338,tas_4
comp_9339,tas_4
comp_9340,tas_4
comp_9341,tas_4
comp_9342,tas_4
comp_9343,tas_4
comp_9344,tas_4
comp_9345,tas_4
comp_9346,tas_4
comp_9347,tas_4
comp_9348,tas_4
comp_9349,tas_4
comp_9350,tas_4
comp_9351,tas_4
comp_9352,tas_4
comp_9353,tas_4
comp_9354,tas_4
comp_9355,tas_4
comp_9356,tas_4
comp_9357,tas_4
comp_9358,tas_4
comp_9359,tas_4
comp_9360,tas_4
comp_9361,tas_4
comp_9362,tas_4
comp_9363,tas_4
comp_9364,tas_4
comp_9365,tas_4
comp_9366,tas_4
comp_9367,tas_4
comp_9368,tas_4
comp_9369,tas_4
comp_9370,tas_4
comp_9371,tas_4
comp_9372,tas_4
comp_9373,tas_4
comp_9374,tas_4
comp_9375,tas_4
comp_9376,tas_4
comp_9377,tas_4
comp_9378,tas_4
comp_9379,tas_4
comp_9380,tas_4
comp_9381,tas_4
comp_9382,tas_4
comp_9383,tas_4
comp_9384,tas_4
comp_9385,tas_4
comp_9386,tas_4
comp_9387,tas_4
comp_9388,tas_4
comp_9389,tas_4
comp_9390,tas_4
comp_9391,tas_4
comp_9392,tas_4
comp_9393,tas_4
comp_9394,tas_4
comp_9395,tas_4
comp_9396,tas_4
comp_9397,tas_4
comp_9398,tas_4
comp_9399,tas_4
comp_9400,tas_4
comp_9401,tas_4
comp_9402,tas_4
comp_9403,tas_4
comp_9404,tas_4
comp_9405,tas_4
comp_9406,tas_4
comp_9407,tas_4
comp_9408,tas_4
comp_9409,tas_4
comp_9410,tas_4
comp_9411,tas_4
comp_9412,tas_4
comp_9413,tas_4
comp_9414,tas_4
comp_9415,tas_4
comp_9416,tas_4
comp_9417,tas_4
comp_9418,tas_4
comp_9419,tas_4
comp_9420,tas_4
comp_9423,tas_1
comp_9424,tas_2
comp_9425,tas_2
comp_9426,tas_2
comp_9427,tas_5
comp_9428,tas_5
comp_9429,tas_5
comp_9430,tas_5
comp_9431,tas_5
comp_9432,tas_5
comp_9433,tas_5
comp_9434,tas_5
comp_9435,tas_5
comp_9436,tas_5
comp_9437,tas_5
comp_9438,tas_5
comp_9439,tas_5
comp_9440,tas_5
comp_9441,tas_5
comp_9442,tas_5
comp_9443,tas_5
comp_9444,tas_5
comp_9445,tas_5
comp_9446,tas_5
comp_9447,tas_5
comp_9448,tas_5
comp_9449,tas_3
comp_9450,tas_3
comp_9451,tas_3
comp_9452,tas_3
comp_9453,tas_3
comp_9454,tas_3
comp_9455,tas_3
comp_9456,tas_3
comp_9457,tas_3
comp_9458,tas_3
comp_9459,tas_3
comp_9460,tas_3
comp_9461,tas_3
comp_9462,tas_3
comp_9463,tas_3
comp_9464,tas_3
comp_9465,tas_3
comp_9466,tas_3
comp_9467,tas_3
comp_9468,tas_3
comp_9469,tas_3
comp_9470,tas_3
comp_9471,tas_3
comp_9472,tas_3
comp_9473,tas_3
comp_9474,tas_3
comp_9475,tas_3
comp_9476,tas_3
comp_9477,tas_3
comp_9478,tas_3
comp_9479,tas_3
comp_9480,tas_3
comp_9481,tas_3
comp_9482,tas_3
comp_9483,tas_3
comp_9484,tas_3
comp_9485,tas_3
comp_9486,tas_3
comp_9487,tas_3
comp_9488,tas_3
comp_9489,tas_3
comp_9490,tas_3
comp_9491,tas_3
comp_9492,tas_3
comp_9493,tas_3
comp_9494,tas_3
comp_9495,tas_3
comp_9496,tas_3
comp_9497,tas_3
comp_9498,tas_3
comp_9499,tas_3
comp_9500,tas_3
comp_9501,tas_3
comp_9502,tas_3
comp_9503,tas_3
comp_9504,tas_3
comp_9505,tas_3
comp_9506,tas_3
comp_9507,tas_3
comp_9508,tas_3
comp_9509,tas_3
comp_9510,tas_3
comp_9511,tas_3
comp_9512,tas_3
comp_9513,tas_3
comp_9514,tas_3
comp_9515,tas_3
comp_9516,tas_3
comp_9517,tas_3
comp_9518,tas_3
comp_9519,tas_3
comp_9520,tas_3
comp_9521,tas_3
comp_9522,tas_3
comp_9523,tas_3
comp_9524,tas_3
comp_9525,tas_3
comp_9526,tas_3
comp_9527,tas_3
comp_9528,tas_3
comp_9529,tas_3
comp_9530,tas_3
comp_9531,tas_3
comp_9532,tas_3
comp_9533,tas_3
comp_9534,tas_3
comp_9535,tas_3
comp_9536,tas_3
comp_9537,tas_3
comp_9538,tas_3
comp_9539,tas_3
comp_9540,tas_3
comp_9541,tas_3
comp_9542,tas_3
comp_9543,tas_3
comp_9544,tas_3
comp_9545,tas_3
comp_9546,tas_3
comp_9547,tas_3
comp_9548,tas_3
comp_9549,tas_3
comp_9550,tas_3
comp_9551,tas_3
comp_9552,tas_3
comp_9553,tas_3
comp_9554,tas_3
comp_9555,tas_3
comp_9556,tas_3
comp_9557,tas_3
comp_9558,tas_3
comp_9559,tas_3
comp_9560,tas_3
comp_9561,tas_3
comp_9562,tas_3
comp_9563,tas_3
comp_9564,tas_3
comp_9565,tas_3
comp_9566,tas_3
comp_9567,tas_3
comp_9568,tas_3
comp_9569,tas_3
comp_9570,tas_3
comp_9571,tas_3
comp_9572,tas_3
comp_9573,tas_3
comp_9574,tas_3
comp_9575,tas_3
comp_9576,tas_3
comp_9577,tas_3
comp_9578,tas_3
comp_9579,tas_3
comp_9580,tas_3
comp_9581,tas_3
comp_9582,tas_3
comp_9583,tas_3
comp_9584,tas_4
comp_9585,tas_4
comp_9586,tas_4
comp_9587,tas_4
comp_9588,tas_4
comp_9589,tas_4
comp_9590,tas_4
comp_9591,tas_4
comp_9592,tas_4
comp_9593,tas_4
comp_9594,tas_4
comp_9595,tas_4
comp_9596,tas_4
comp_9597,tas_4
comp_9598,tas_4
comp_9599,tas_4
comp_9600,tas_4
comp_9601,tas_4
comp_9602,tas_4
comp_9603,tas_4
comp_9604,tas_4
comp_9605,tas_4
comp_9606,tas_4
comp_9607,tas_4
comp_9608,tas_4
comp_9609,tas_4
comp_9610,tas_4
comp_9611,tas_4
comp_9612,tas_4
comp_9613,tas_4
comp_9614,tas_4
comp_9615,tas_4
comp_9616,tas_4
comp_9617,tas_4
comp_9618,tas_4
comp_9619,tas_4
comp_9620,tas_4
comp_9621,tas_4
comp_9622,tas_4
comp_9623,tas_4
comp_9624,tas_4
comp_9625,tas_4
comp_9626,tas_4
comp_9627,tas_4
comp_9628,tas_4
comp_9629,tas_4
comp_9630,tas_4
comp_9631,tas_4
comp_9632,tas_4
comp_9633,tas_4
comp_9634,tas_4
comp_9635,tas_4
comp_9636,tas_4
comp_9637,tas_4
comp_9638,tas_4
comp_9639,tas_4
comp_9640,tas_4
comp_9641,tas_4
comp_9642,tas_4
comp_9643,tas_4
comp_9644,tas_4
comp_9645,tas_4
comp_9646,tas_4
comp_9647,tas_4
comp_9648,tas_4
comp_9649,tas_4
comp_9650,tas_4
comp_9651,tas_4
comp_9652,tas_4
comp_9653,tas_4
comp_9654,tas_4
comp_9655,tas_4
comp_9656,tas_4
comp_9657,tas_4
comp_9658,tas_4
comp_9659,tas_4
comp_9660,tas_4
comp_9661,tas_4
comp_9662,tas_4
comp_9663,tas_4
comp_9664,tas_4
comp_9665,tas_4
comp_9666,tas_4
comp_9667,tas_4
comp_9668,tas_4
comp_9669,tas_4
comp_9670,tas_4
comp_9671,tas_4
comp_9672,tas_4
comp_9673,tas_4
comp_9674,tas_4
comp_9675,tas_4
comp_9676,tas_4
comp_9677,tas_4
comp_9678,tas_4
comp_9679,tas_4
comp_9680,tas_4
comp_9681,tas_4
comp_9682,tas_4
comp_9683,tas_4
comp_9684,tas_4
comp_9685,tas_4
comp_9686,tas_4
comp_9687,tas_4
comp_9688,tas_4
comp_9689,tas_4
comp_9690,tas_4
comp_9691,tas_4
comp_9692,tas_4
comp_9693,tas_4
comp_9694,tas_4
comp_9695,tas_4
comp_9696,tas_4
comp_9697,tas_4
comp_9698,tas_4
comp_9699,tas_4
comp_9700,tas_4
comp_9701,tas_4
comp_9702,tas_4
comp_9703,tas_4
comp_9704,tas_4
comp_9705,tas_4
comp_9706,tas_4
comp_9707,tas_4
comp_9708,tas_4
comp_9709,tas_4
comp_9710,tas_4
comp_9711,tas_4
comp_9712,tas_4
comp_9713,tas_4
comp_9714,tas_4
comp_9715,tas_4
comp_9716,tas_4
comp_9717,tas_4
comp_9718,tas_4
comp_9719,tas_4
comp_9720,tas_4
comp_9721,tas_4
comp_9722,tas_4
comp_9723,tas_4
comp_9724,tas_4
comp_9725,tas_4
comp_9726,tas_4
comp_9727,tas_4
comp_9728,tas_4
comp_9729,tas_4
comp_9730,tas_4
comp_9731,tas_4
comp_9732,tas_4
comp_9733,tas_4
comp_9734,tas_4
comp_9735,tas_4
comp_9736,tas_4
comp_9737,tas_4
comp_9738,tas_4
comp_9739,tas_4
comp_9740,tas_4
comp_9741,tas_4
comp_9742,tas_4
comp_9743,tas_4
comp_9744,tas_4
comp_9745,tas_4
comp_9746,tas_4
comp_9747,tas_4
comp_9748,tas_4
comp_9749,tas_4
comp_9750,tas_4
comp_9751,tas_4
comp_9752,tas_4
comp_9753,tas_4
comp_9754,tas_4
comp_9755,tas_4
comp_9756,tas_4
comp_9757,tas_4
comp_9758,tas_4
comp_9759,tas_4
comp_9760,tas_4
comp_9761,tas_4
comp_9762,tas_4
comp_9763,tas_4
comp_9764,tas_4
comp_9765,tas_4
comp_9766,tas_4
comp_9767,tas_4
comp_9768,tas_4
comp_9769,tas_4
comp_9770,tas_4
comp_9771,tas_4
comp_9772,tas_4
comp_9773,tas_4
comp_9774,tas_4
comp_9775,tas_4
comp_9776,tas_4
comp_9777,tas_4
comp_9778,tas_4
comp_9779,tas_4
comp_9780,tas_4
comp_9781,tas_4
comp_9782,tas_4
comp_9783,tas_4
comp_9784,tas_4
comp_9785,tas_4
comp_9786,tas_4
comp_9787,tas_4
comp_9788,tas_4
comp_9789,tas_4
comp_9790,tas_4
comp_9791,tas_4
comp_9792,tas_4
comp_9793,tas_4
comp_9794,tas_4
comp_9795,tas_4
comp_9796,tas_4
comp_9797,tas_4
comp_9798,tas_4
comp_9799,tas_4
comp_9800,tas_4
comp_9801,tas_4
comp_9802,tas_4
comp_9803,tas_4
comp_9804,tas_4
comp_9805,tas_4
comp_9806,tas_4
comp_9807,tas_4
comp_9808,tas_4
comp_9809,tas_4
comp_9810,tas_4
comp_9811,tas_4
comp_9812,tas_4
comp_9813,tas_4
comp_9814,tas_4
comp_9815,tas_4
comp_9816,tas_4
comp_9817,tas_4
comp_9818,tas_4
comp_9819,tas_4
comp_9820,tas_4
comp_9821,tas_4
comp_9822,tas_4
comp_9823,tas_4
comp_9824,tas_4
comp_9825,tas_4
comp_9826,tas_4
comp_9827,tas_4
comp_9828,tas_4
comp_9829,tas_4
comp_9830,tas_4
comp_9831,tas_4
comp_9832,tas_4
comp_9833,tas_4
comp_9834,tas_4
comp_9835,tas_4
comp_9836,tas_4
comp_9837,tas_4
comp_9838,tas_4
comp_9839,tas_4
comp_9840,tas_4
comp_9841,tas_4
comp_9842,tas_4
comp_9843,tas_4
comp_9844,tas_4
comp_9845,tas_4
comp_9846,tas_4
comp_9847,tas_4
comp_9848,tas_4
comp_9849,tas_4
comp_9850,tas_4
comp_9851,tas_4
comp_9852,tas_4
comp_9853,tas_4
comp_9854,tas_4
comp_9855,tas_4
comp_9856,tas_4
comp_9857,tas_4
comp_9858,tas_4
comp_9859,tas_4
comp_9860,tas_4
comp_9861,tas_4
comp_9862,tas_4
comp_9863,tas_4
comp_9864,tas_4
comp_9865,tas_4
comp_9866,tas_4
comp_9867,tas_4
comp_9868,tas_4
comp_9869,tas_4
comp_9870,tas_4
comp_9871,tas_4
comp_9872,tas_4
comp_9873,tas_4
comp_9874,tas_4
comp_9875,tas_4
comp_9876,tas_4
comp_9877,tas_4
comp_9878,tas_4
comp_9879,tas_4
comp_9880,tas_4
comp_9881,tas_4
comp_9882,tas_4
comp_9883,tas_4
comp_9884,tas_4
comp_9885,tas_4
comp_9886,tas_4
comp_9887,tas_4
comp_9888,tas_4
comp_9889,tas_4
comp_9890,tas_4
comp_9891,tas_4
comp_9892,tas_4
comp_9893,tas_4
comp_9894,tas_4
comp_9895,tas_4
comp_9896,tas_4
comp_9897,tas_4
comp_9898,tas_4
comp_9899,tas_4
comp_9900,tas_4
comp_9901,tas_4
comp_9902,tas_4
comp_9903,tas_4
comp_9904,tas_4
comp_9905,tas_4
comp_9906,tas_4
comp_9907,tas_4
comp_9908,tas_4
comp_9909,tas_4
comp_9910,tas_4
comp_9911,tas_4
comp_9912,tas_4
comp_9913,tas_4
comp_9914,tas_4
comp_9915,tas_4
comp_9916,tas_4
comp_9917,tas_4
comp_9918,tas_4
comp_9919,tas_4
comp_9920,tas_4
comp_9921,tas_4
comp_9922,tas_4
comp_9923,tas_4
comp_9924,tas_4
comp_9925,tas_4
comp_9926,tas_4
comp_9927,tas_4
comp_9928,tas_4
comp_9929,tas_4
comp_9930,tas_4
comp_9931,tas_4
comp_9932,tas_4
comp_9933,tas_4
comp_9934,tas_4
comp_9935,tas_4
comp_9936,tas_4
comp_9937,tas_4
comp_9938,tas_4
comp_9939,tas_4
comp_9940,tas_4
comp_9941,tas_4
comp_9942,tas_4
comp_9943,tas_4
comp_9944,tas_4
comp_9945,tas_4
comp_9946,tas_4
comp_9947,tas_4
comp_9948,tas_4
comp_9949,tas_4
comp_9950,tas_4
comp_9951,tas_4
comp_9952,tas_4
comp_9953,tas_4
comp_9954,tas_4
comp_9955,tas_4
comp_9956,tas_4
comp_9957,tas_4
comp_9958,tas_4
comp_9959,tas_4
comp_9960,tas_4
comp_9961,tas_4
comp_9962,tas_4
comp_9963,tas_4
comp_9964,tas_4
comp_9965,tas_4
comp_9966,tas_4
comp_9967,tas_4
comp_9968,tas_4
comp_9969,tas_4
comp_9970,tas_4
comp_9971,tas_4
comp_9972,tas_4
comp_9973,tas_4
comp_9974,tas_4
comp_9975,tas_4
comp_9976,tas_4
comp_9977,tas_4
comp_9978,tas_4
comp_9979,tas_4
comp_9980,tas_4
comp_9981,tas_4
comp_9982,tas_4
comp_9983,tas_4
comp_9984,tas_4
comp_9985,tas_4
comp_9986,tas_4
comp_9987,tas_4
comp_9988,tas_4
comp_9989,tas_4
comp_9990,tas_4
comp_9991,tas_4
comp_9992,tas_4
comp_9993,tas_4
comp_9994,tas_4
comp_9995,tas_4
comp_9996,tas_4
comp_9997,tas_4
comp_9998,tas_4
comp_9999,tas_4
comp_10000,tas_4
comp_10001,tas_4
comp_10002,tas_4
comp_10003,tas_4
comp_10004,tas_4
comp_10005,tas_4
comp_10006,tas_4
comp_10007,tas_4
comp_10008,tas_4
comp_10009,tas_4
comp_10010,tas_4
comp_10011,tas_4
comp_10012,tas_4
comp_10013,tas_4
comp_10014,tas_4
comp_10015,tas_4
comp_10016,tas_4
comp_10017,tas_4
comp_10018,tas_4
comp_10019,tas_4
comp_10020,tas_4
comp_10021,tas_4
comp_10022,tas_4
comp_10023,tas_4
comp_10024,tas_4
comp_10025,tas_4
comp_10026,tas_4
comp_10027,tas_4
comp_10028,tas_4
comp_10029,tas_4
comp_10030,tas_4
comp_10031,tas_4
comp_10032,tas_4
comp_10033,tas_4
comp_10034,tas_4
comp_10035,tas_4
comp_10036,tas_4
comp_10037,tas_4
comp_10038,tas_4
comp_10039,tas_4
comp_10040,tas_4
comp_10041,tas_4
comp_10042,tas_4
comp_10043,tas_4
comp_10044,tas_4
comp_10045,tas_4
comp_10046,tas_4
comp_10047,tas_4
comp_10048,tas_4
comp_10049,tas_4
comp_10050,tas_4
comp_10051,tas_4
comp_10052,tas_4
comp_10053,tas_4
comp_10054,tas_4
comp_10055,tas_4
comp_10056,tas_4
comp_10057,tas_4
comp_10058,tas_4
comp_10059,tas_4
comp_10060,tas_4
comp_10061,tas_4
comp_10062,tas_4
comp_10063,tas_4
comp_10064,tas_4
comp_10065,tas_4
comp_10066,tas_4
comp_10067,tas_4
comp_10068,tas_4
comp_10069,tas_4
comp_10070,tas_4
comp_10071,tas_4
comp_10072,tas_4
comp_10073,tas_4
comp_10074,tas_4
comp_10075,tas_4
comp_10076,tas_4
comp_10077,tas_4
comp_10078,tas_4
comp_10079,tas_4
comp_10080,tas_4
comp_10081,tas_4
comp_10082,tas_4
comp_10083,tas_4
comp_10084,tas_4
comp_10085,tas_4
comp_10086,tas_4
comp_10087,tas_4
comp_10088,tas_4
comp_10089,tas_4
comp_10090,tas_4
comp_10091,tas_4
comp_10092,tas_4
comp_10093,tas_4
comp_10094,tas_4
comp_10095,tas_4
comp_10096,tas_4
comp_10097,tas_4
comp_10098,tas_4
comp_10099,tas_4
comp_10100,tas_4
comp_10101,tas_4
comp_10102,tas_4
comp_10103,tas_4
comp_10104,tas_4
comp_10105,tas_4
comp_10106,tas_4
comp_10107,tas_4
comp_10108,tas_4
comp_10109,tas_4
comp_10110,tas_4
comp_10111,tas_4
comp_10112,tas_4
comp_10113,tas_4
comp_10114,tas_4
comp_10115,tas_4
comp_10116,tas_4
comp_10117,tas_4
comp_10118,tas_4
comp_10119,tas_4
comp_10120,tas_4
comp_10121,tas_4
comp_10122,tas_4
comp_10123,tas_4
comp_10124,tas_4
comp_10125,tas_4
comp_10126,tas_4
comp_10127,tas_4
comp_10128,tas_4
comp_10129,tas_4
comp_10130,tas_4
comp_10131,tas_4
comp_10132,tas_4
comp_10133,tas_4
comp_10134,tas_4
comp_10135,tas_4
comp_10136,tas_4
comp_10137,tas_4
comp_10138,tas_4
comp_10139,tas_4
comp_10140,tas_4
comp_10141,tas_4
comp_10142,tas_4
comp_10143,tas_4
comp_10144,tas_4
comp_10145,tas_4
comp_10146,tas_4
comp_10147,tas_4
comp_10148,tas_4
comp_10149,tas_4
comp_10150,tas_4
comp_10151,tas_4
comp_10152,tas_4
comp_10153,tas_4
comp_10154,tas_4
comp_10155,tas_4
comp_10156,tas_4
comp_10157,tas_4
comp_10158,tas_4
comp_10159,tas_4
comp_10160,tas_4
comp_10161,tas_4
comp_10162,tas_4
comp_10163,tas_4
comp_10164,tas_4
comp_10165,tas_4
comp_10166,tas_4
comp_10167,tas_4
comp_10168,tas_4
comp_10169,tas_4
comp_10170,tas_4
comp_10171,tas_4
comp_10172,tas_4
comp_10173,tas_4
comp_10174,tas_4
comp_10175,tas_4
comp_10176,tas_4
comp_10177,tas_4
comp_10178,tas_4
comp_10179,tas_4
comp_10180,tas_4
comp_10181,tas_4
comp_10182,tas_4
comp_10183,tas_4
comp_10184,tas_4
comp_10185,tas_4
comp_10186,tas_4
comp_10187,tas_4
comp_10188,tas_4
comp_10189,tas_4
comp_10190,tas_4
comp_10191,tas_4
comp_10192,tas_4
comp_10193,tas_4
comp_10194,tas_4
comp_10195,tas_4
comp_10196,tas_4
comp_10197,tas_4
comp_10198,tas_4
comp_10199,tas_4
comp_10200,tas_4
comp_10201,tas_4
comp_10202,tas_4
comp_10203,tas_4
comp_10204,tas_4
comp_10205,tas_4
comp_10206,tas_4
comp_10207,tas_4
comp_10208,tas_4
comp_10209,tas_4
comp_10210,tas_4
comp_10211,tas_4
comp_10212,tas_4
comp_10213,tas_4
comp_10214,tas_4
comp_10215,tas_4
comp_10216,tas_2
comp_10217,tas_2
comp_10218,tas_2
comp_10219,tas_2
comp_10220,tas_2
comp_10221,tas_2
comp_10222,tas_5
comp_10223,tas_5
comp_10224,tas_5
comp_10225,tas_5
comp_10226,tas_5
comp_10227,tas_5
comp_10228,tas_5
comp_10229,tas_5
comp_10230,tas_5
comp_10231,tas_5
comp_10232,tas_5
comp_10233,tas_5
comp_10234,tas_5
comp_10235,tas_5
comp_10236,tas_5
comp_10237,tas_5
comp_10238,tas_5
comp_10239,tas_5
comp_10240,tas_5
comp_10241,tas_5
comp_10242,tas_5
comp_10243,tas_5
comp_10244,tas_5
comp_10245,tas_5
comp_10246,tas_5
comp_10247,tas_5
comp_10248,tas_3
comp_10249,tas_3
comp_10250,tas_3
comp_10251,tas_3
comp_10252,tas_3
comp_10253,tas_3
comp_10254,tas_3
comp_10255,tas_3
comp_10256,tas_3
comp_10257,tas_3
comp_10258,tas_3
comp_10259,tas_3
comp_10260,tas_3
comp_10261,tas_3
comp_10262,tas_3
comp_10263,tas_3
comp_10264,tas_3
comp_10265,tas_3
comp_10266,tas_3
comp_10267,tas_3
comp_10268,tas_3
comp_10269,tas_3
comp_10270,tas_3
comp_10271,tas_3
comp_10272,tas_3
comp_10273,tas_3
comp_10274,tas_3
comp_10275,tas_3
comp_10276,tas_3
comp_10277,tas_3
comp_10278,tas_3
comp_10279,tas_3
comp_10280,tas_3
comp_10281,tas_3
comp_10282,tas_3
comp_10283,tas_3
comp_10284,tas_3
comp_10285,tas_3
comp_10286,tas_3
comp_10287,tas_3
comp_10288,tas_3
comp_10289,tas_3
comp_10290,tas_3
comp_10291,tas_3
comp_10292,tas_3
comp_10293,tas_3
comp_10294,tas_4
comp_10295,tas_4
comp_10296,tas_4
comp_10297,tas_4
comp_10298,tas_4
comp_10299,tas_4
comp_10300,tas_4
comp_10301,tas_4
comp_10302,tas_4
comp_10303,tas_4
comp_10304,tas_4
comp_10305,tas_4
comp_10306,tas_4
comp_10307,tas_4
comp_10308,tas_4
comp_10309,tas_4
comp_10310,tas_4
comp_10311,tas_4
comp_10312,tas_4
comp_10313,tas_4
comp_10314,tas_4
comp_10315,tas_4
comp_10317,tas_1
comp_10318,tas_2
comp_10319,tas_2
comp_10320,tas_5
comp_10321,tas_5
comp_10322,tas_5
comp_10323,tas_5
comp_10324,tas_5
comp_10325,tas_5
comp_10326,tas_5
comp_10327,tas_5
comp_10328,tas_5
comp_10329,tas_5
comp_10330,tas_5
comp_10331,tas_5
comp_10332,tas_5
comp_10333,tas_5
comp_10334,tas_5
comp_10335,tas_5
comp_10336,tas_5
comp_10337,tas_5
comp_10338,tas_5
comp_10339,tas_5
comp_10340,tas_5
comp_10341,tas_5
comp_10342,tas_5
comp_10343,tas_5
comp_10344,tas_5
comp_10345,tas_5
comp_10346,tas_5
comp_10347,tas_5
comp_10348,tas_5
comp_10349,tas_5
comp_10350,tas_5
comp_10351,tas_5
comp_10352,tas_5
comp_10353,tas_5
comp_10354,tas_5
comp_10355,tas_5
comp_10356,tas_5
comp_10357,tas_5
comp_10358,tas_5
comp_10359,tas_5
comp_10360,tas_5
comp_10361,tas_5
comp_10362,tas_5
comp_10363,tas_3
comp_10364,tas_3
comp_10365,tas_3
comp_10366,tas_3
comp_10367,tas_3
comp_10368,tas_3
comp_10369,tas_3
comp_10370,tas_3
comp_10371,tas_3
comp_10372,tas_3
comp_10373,tas_3
comp_10374,tas_3
comp_10375,tas_3
comp_10376,tas_3
comp_10377,tas_3
comp_10378,tas_3
comp_10379,tas_3
comp_10380,tas_3
comp_10381,tas_3
comp_10382,tas_3
comp_10383,tas_3
comp_10384,tas_3
comp_10385,tas_3
comp_10386,tas_3
comp_10387,tas_3
comp_10388,tas_3
comp_10389,tas_3
comp_10390,tas_3
comp_10391,tas_3
comp_10392,tas_3
comp_10393,tas_3
comp_10394,tas_3
comp_10395,tas_3
comp_10396,tas_3
comp_10397,tas_3
comp_10398,tas_3
comp_10399,tas_3
comp_10400,tas_3
comp_10401,tas_3
comp_10402,tas_3
comp_10403,tas_3
comp_10404,tas_3
comp_10405,tas_3
comp_10406,tas_3
comp_10407,tas_3
comp_10408,tas_3
comp_10409,tas_3
comp_10410,tas_3
comp_10411,tas_3
comp_10412,tas_3
comp_10413,tas_3
comp_10414,tas_3
comp_10415,tas_3
comp_10416,tas_3
comp_10417,tas_3
comp_10418,tas_3
comp_10419,tas_3
comp_10420,tas_3
comp_10421,tas_3
comp_10422,tas_3
comp_10423,tas_3
comp_10424,tas_3
comp_10425,tas_3
comp_10426,tas_3
comp_10427,tas_3
comp_10428,tas_3
comp_10429,tas_3
comp_10430,tas_3
comp_10431,tas_3
comp_10432,tas_3
comp_10433,tas_3
comp_10434,tas_3
comp_10435,tas_3
comp_10436,tas_3
comp_10437,tas_3
comp_10438,tas_3
comp_10439,tas_3
comp_10440,tas_3
comp_10441,tas_3
comp_10442,tas_3
comp_10443,tas_3
comp_10444,tas_3
comp_10445,tas_3
comp_10446,tas_3
comp_10447,tas_3
comp_10448,tas_3
comp_10449,tas_3
comp_10450,tas_3
comp_10451,tas_3
comp_10452,tas_3
comp_10453,tas_3
comp_10454,tas_3
comp_10455,tas_3
comp_10456,tas_3
comp_10457,tas_3
comp_10458,tas_3
comp_10459,tas_3
comp_10460,tas_3
comp_10461,tas_3
comp_10462,tas_3
comp_10463,tas_3
comp_10464,tas_3
comp_10465,tas_3
comp_10466,tas_3
comp_10467,tas_3
comp_10468,tas_3
comp_10469,tas_3
comp_10470,tas_3
comp_10471,tas_3
comp_10472,tas_3
comp_10473,tas_3
comp_10474,tas_3
comp_10475,tas_3
comp_10476,tas_3
comp_10477,tas_3
comp_10478,tas_3
comp_10479,tas_3
comp_10480,tas_3
comp_10481,tas_3
comp_10482,tas_3
comp_10483,tas_3
comp_10484,tas_3
comp_10485,tas_3
comp_10486,tas_3
comp_10487,tas_3
comp_10488,tas_3
comp_10489,tas_3
comp_10490,tas_3
comp_10491,tas_3
comp_10492,tas_3
comp_10493,tas_3
comp_10494,tas_3
comp_10495,tas_3
comp_10496,tas_3
comp_10497,tas_3
comp_10498,tas_3
comp_10499,tas_3
comp_10500,tas_3
comp_10501,tas_3
comp_10502,tas_3
comp_10503,tas_3
comp_10504,tas_3
comp_10505,tas_3
comp_10506,tas_3
comp_10507,tas_3
comp_10508,tas_3
comp_10509,tas_3
comp_10510,tas_3
comp_10511,tas_3
comp_10512,tas_3
comp_10513,tas_3
comp_10514,tas_3
comp_10515,tas_3
comp_10516,tas_3
comp_10517,tas_3
comp_10518,tas_3
comp_10519,tas_3
comp_10520,tas_3
comp_10521,tas_3
comp_10522,tas_3
comp_10523,tas_3
comp_10524,tas_3
comp_10525,tas_3
comp_10526,tas_3
comp_10527,tas_3
comp_10528,tas_3
comp_10529,tas_3
comp_10530,tas_3
comp_10531,tas_3
comp_10532,tas_3
comp_10533,tas_3
comp_10534,tas_3
comp_10535,tas_3
comp_10536,tas_3
comp_10537,tas_3
comp_10538,tas_3
comp_10539,tas_3
comp_10540,tas_3
comp_10541,tas_3
comp_10542,tas_3
comp_10543,tas_3
comp_10544,tas_3
comp_10545,tas_3
comp_10546,tas_3
comp_10547,tas_3
comp_10548,tas_4
comp_10549,tas_4
comp_10550,tas_4
comp_10551,tas_4
comp_10552,tas_4
comp_10553,tas_4
comp_10554,tas_4
comp_10555,tas_4
comp_10556,tas_4
comp_10557,tas_4
comp_10558,tas_4
comp_10559,tas_4
comp_10560,tas_4
comp_10561,tas_4
comp_10562,tas_4
comp_10563,tas_4
comp_10564,tas_4
comp_10565,tas_4
comp_10566,tas_4
comp_10567,tas_4
comp_10568,tas_4
comp_10569,tas_4
comp_10570,tas_4
comp_10571,tas_4
comp_10572,tas_4
comp_10573,tas_4
comp_10574,tas_4
comp_10575,tas_4
comp_10576,tas_4
comp_10577,tas_4
comp_10578,tas_4
comp_10579,tas_4
comp_10580,tas_4
comp_10581,tas_4
comp_10582,tas_4
comp_10583,tas_4
comp_10584,tas_4
comp_10585,tas_4
comp_10586,tas_4
comp_10587,tas_4
comp_10588,tas_4
comp_10589,tas_4
comp_10590,tas_4
comp_10591,tas_4
comp_10592,tas_4
comp_10593,tas_4
comp_10594,tas_4
comp_10595,tas_4
comp_10596,tas_4
comp_10597,tas_4
comp_10598,tas_4
comp_10599,tas_4
comp_10600,tas_4
comp_10601,tas_4
comp_10602,tas_4
comp_10603,tas_4
comp_10604,tas_4
comp_10605,tas_4
comp_10606,tas_4
comp_10607,tas_4
comp_10608,tas_4
comp_10609,tas_4
comp_10610,tas_4
comp_10611,tas_4
comp_10612,tas_4
comp_10613,tas_4
comp_10614,tas_4
comp_10615,tas_4
comp_10616,tas_4
comp_10617,tas_4
comp_10618,tas_4
comp_10619,tas_4
comp_10620,tas_4
comp_10621,tas_4
comp_10622,tas_4
comp_10623,tas_4
comp_10624,tas_4
comp_10625,tas_4
comp_10626,tas_4
comp_10627,tas_4
comp_10628,tas_4
comp_10629,tas_4
comp_10630,tas_4
comp_10631,tas_4
comp_10632,tas_4
comp_10633,tas_4
comp_10634,tas_4
comp_10635,tas_4
comp_10636,tas_4
comp_10637,tas_4
comp_10638,tas_4
comp_10639,tas_4
comp_10640,tas_4
comp_10641,tas_4
comp_10642,tas_4
comp_10643,tas_4
comp_10644,tas_4
comp_10645,tas_4
comp_10646,tas_4
comp_10647,tas_4
comp_10648,tas_4
comp_10649,tas_4
comp_10650,tas_4
comp_10651,tas_4
comp_10652,tas_4
comp_10653,tas_4
comp_10654,tas_4
comp_10655,tas_4
comp_10656,tas_4
comp_10657,tas_4
comp_10658,tas_4
comp_10659,tas_4
comp_10660,tas_4
comp_10661,tas_4
comp_10662,tas_4
comp_10663,tas_4
comp_10664,tas_4
comp_10665,tas_4
comp_10666,tas_4
comp_10667,tas_4
comp_10668,tas_4
comp_10669,tas_4
comp_10670,tas_4
comp_10671,tas_4
comp_10672,tas_4
comp_10673,tas_4
comp_10674,tas_4
comp_10675,tas_4
comp_10676,tas_4
comp_10677,tas_4
comp_10678,tas_4
comp_10679,tas_4
comp_10680,tas_4
comp_10681,tas_4
comp_10682,tas_4
comp_10683,tas_4
comp_10684,tas_4
comp_10685,tas_4
comp_10686,tas_4
comp_10687,tas_4
comp_10688,tas_4
comp_10689,tas_4
comp_10690,tas_4
comp_10691,tas_4
comp_10692,tas_4
comp_10693,tas_4
comp_10694,tas_4
comp_10695,tas_4
comp_10696,tas_4
comp_10697,tas_4
comp_10698,tas_4
comp_10699,tas_4
comp_10700,tas_4
comp_10701,tas_4
comp_10702,tas_4
comp_10703,tas_4
comp_10704,tas_4
comp_10705,tas_4
comp_10706,tas_4
comp_10707,tas_4
comp_10708,tas_4
comp_10709,tas_4
comp_10710,tas_4
comp_10711,tas_4
comp_10712,tas_4
comp_10713,tas_4
comp_10714,tas_4
comp_10715,tas_4
comp_10716,tas_4
comp_10717,tas_4
comp_10718,tas_4
comp_10719,tas_4
comp_10720,tas_4
comp_10721,tas_4
comp_10722,tas_4
comp_10723,tas_4
comp_10724,tas_4
comp_10725,tas_4
comp_10726,tas_4
comp_10727,tas_4
comp_10728,tas_4
comp_10729,tas_4
comp_10730,tas_4
comp_10731,tas_4
comp_10732,tas_4
comp_10733,tas_4
comp_10734,tas_4
comp_10735,tas_4
comp_10736,tas_4
comp_10737,tas_4
comp_10738,tas_4
comp_10739,tas_4
comp_10740,tas_4
comp_10741,tas_4
comp_10742,tas_4
comp_10743,tas_4
comp_10744,tas_4
comp_10745,tas_4
comp_10746,tas_4
comp_10747,tas_4
comp_10748,tas_4
comp_10749,tas_4
comp_10750,tas_4
comp_10751,tas_4
comp_10752,tas_4
comp_10753,tas_4
comp_10754,tas_4
comp_10755,tas_4
comp_10756,tas_4
comp_10757,tas_4
comp_10758,tas_4
comp_10759,tas_4
comp_10760,tas_4
comp_10761,tas_4
comp_10762,tas_4
comp_10763,tas_4
comp_10764,tas_4
comp_10765,tas_4
comp_10766,tas_4
comp_10767,tas_4
comp_10768,tas_4
comp_10769,tas_4
comp_10770,tas_4
comp_10771,tas_4
comp_10772,tas_4
comp_10773,tas_4
comp_10774,tas_4
comp_10775,tas_4
comp_10776,tas_4
comp_10777,tas_4
comp_10778,tas_4
comp_10779,tas_4
comp_10780,tas_4
comp_10781,tas_4
comp_10782,tas_4
comp_10783,tas_4
comp_10784,tas_4
comp_10785,tas_4
comp_10786,tas_4
comp_10787,tas_4
comp_10788,tas_4
comp_10789,tas_4
comp_10790,tas_4
comp_10791,tas_4
comp_10792,tas_4
comp_10793,tas_4
comp_10794,tas_4
comp_10795,tas_4
comp_10796,tas_4
comp_10797,tas_4
comp_10798,tas_4
comp_10799,tas_4
comp_10800,tas_4
comp_10801,tas_4
comp_10802,tas_4
comp_10803,tas_4
comp_10804,tas_4
comp_10805,tas_4
comp_10806,tas_4
comp_10807,tas_4
comp_10808,tas_4
comp_10809,tas_4
comp_10810,tas_4
comp_10811,tas_4
comp_10812,tas_4
comp_10813,tas_4
comp_10814,tas_4
comp_10815,tas_4
comp_10816,tas_4
comp_10817,tas_4
comp_10818,tas_4
comp_10819,tas_4
comp_10820,tas_4
comp_10821,tas_4
comp_10822,tas_4
comp_10823,tas_4
comp_10824,tas_4
comp_10825,tas_4
comp_10826,tas_4
comp_10827,tas_4
comp_10828,tas_4
comp_10829,tas_4
comp_10830,tas_4
comp_10831,tas_4
comp_10832,tas_4
comp_10833,tas_4
comp_10834,tas_4
comp_10835,tas_4
comp_10836,tas_4
comp_10837,tas_4
comp_10838,tas_4
comp_10839,tas_4
comp_10840,tas_4
comp_10841,tas_4
comp_10842,tas_4
comp_10843,tas_4
comp_10844,tas_4
comp_10845,tas_4
comp_10846,tas_4
comp_10847,tas_4
comp_10848,tas_4
comp_10849,tas_4
comp_10850,tas_4
comp_10851,tas_4
comp_10852,tas_4
comp_10853,tas_4
comp_10854,tas_4
comp_10855,tas_4
comp_10856,tas_4
comp_10857,tas_4
comp_10858,tas_4
comp_10859,tas_4
comp_10860,tas_4
comp_10861,tas_4
comp_10862,tas_4
comp_10863,tas_4
comp_10864,tas_4
comp_10865,tas_4
comp_10866,tas_4
comp_10867,tas_4
comp_10868,tas_4
comp_10869,tas_4
comp_10870,tas_4
comp_10871,tas_4
comp_10872,tas_4
comp_10873,tas_4
comp_10874,tas_4
comp_10875,tas_4
comp_10876,tas_4
comp_10877,tas_4
comp_10878,tas_4
comp_10879,tas_4
comp_10880,tas_4
comp_10881,tas_4
comp_10882,tas_4
comp_10883,tas_4
comp_10884,tas_4
comp_10885,tas_4
comp_10886,tas_4
comp_10887,tas_4
comp_10888,tas_4
comp_10889,tas_4
comp_10890,tas_4
comp_10891,tas_4
comp_10892,tas_4
comp_10893,tas_4
comp_10894,tas_4
comp_10895,tas_4
comp_10896,tas_4
comp_10897,tas_4
comp_10898,tas_4
comp_10899,tas_4
comp_10900,tas_4
comp_10901,tas_4
comp_10902,tas_4
comp_10903,tas_4
comp_10904,tas_4
comp_10905,tas_4
comp_10906,tas_4
comp_10907,tas_4
comp_10908,tas_4
comp_10909,tas_4
comp_10910,tas_4
comp_10911,tas_4
comp_10912,tas_4
comp_10913,tas_4
comp_10914,tas_4
comp_10915,tas_4
comp_10916,tas_4
comp_10917,tas_4
comp_10918,tas_4
comp_10919,tas_4
comp_10920,tas_4
comp_10921,tas_4
comp_10922,tas_4
comp_10923,tas_4
comp_10924,tas_4
comp_10925,tas_4
comp_10926,tas_4
comp_10927,tas_4
comp_10928,tas_4
comp_10929,tas_4
comp_10930,tas_4
comp_10931,tas_4
comp_10932,tas_4
comp_10933,tas_4
comp_10934,tas_4
comp_10935,tas_4
comp_10936,tas_4
comp_10937,tas_4
comp_10938,tas_4
comp_10939,tas_4
comp_10940,tas_4
comp_10941,tas_4
comp_10942,tas_4
comp_10943,tas_4
comp_10944,tas_4
comp_10945,tas_4
comp_10946,tas_4
comp_10947,tas_4
comp_10948,tas_4
comp_10949,tas_4
comp_10950,tas_4
comp_10951,tas_4
comp_10952,tas_4
comp_10953,tas_4
comp_10954,tas_4
comp_10955,tas_4
comp_10956,tas_4
comp_10957,tas_4
comp_10958,tas_4
comp_10959,tas_4
comp_10960,tas_4
comp_10961,tas_4
comp_10962,tas_4
comp_10963,tas_4
comp_10964,tas_4
comp_10965,tas_4
comp_10966,tas_4
comp_10967,tas_4
comp_10968,tas_4
comp_10969,tas_4
comp_10970,tas_4
comp_10971,tas_4
comp_10972,tas_4
comp_10973,tas_4
comp_10974,tas_4
comp_10975,tas_4
comp_10976,tas_4
comp_10977,tas_4
comp_10978,tas_4
comp_10979,tas_4
comp_10980,tas_4
comp_10981,tas_4
comp_10982,tas_4
comp_10983,tas_4
comp_10984,tas_4
comp_10985,tas_4
comp_10986,tas_4
comp_10987,tas_4
comp_10988,tas_4
comp_10989,tas_4
comp_10990,tas_4
comp_10991,tas_4
comp_10992,tas_4
comp_10993,tas_4
comp_10994,tas_4
comp_10995,tas_4
comp_10996,tas_4
comp_10997,tas_4
comp_10998,tas_4
comp_10999,tas_4
comp_11000,tas_4
comp_11001,tas_4
comp_11002,tas_4
comp_11003,tas_4
comp_11004,tas_4
comp_11005,tas_4
comp_11006,tas_4
comp_11007,tas_4
comp_11008,tas_4
comp_11009,tas_4
comp_11010,tas_4
comp_11011,tas_4
comp_11012,tas_4
comp_11013,tas_4
comp_11014,tas_4
comp_11015,tas_4
comp_11016,tas_4
comp_11017,tas_4
comp_11018,tas_4
comp_11019,tas_4
comp_11020,tas_4
comp_11021,tas_4
comp_11022,tas_4
comp_11023,tas_4
comp_11024,tas_4
comp_11025,tas_4
comp_11026,tas_4
comp_11027,tas_4
comp_11028,tas_4
comp_11029,tas_4
comp_11030,tas_4
comp_11031,tas_4
comp_11032,tas_4
comp_11033,tas_4
comp_11034,tas_4
comp_11035,tas_4
comp_11036,tas_4
comp_11037,tas_4
comp_11038,tas_4
comp_11039,tas_4
comp_11040,tas_4
comp_11041,tas_4
comp_11042,tas_4
comp_11043,tas_4
comp_11044,tas_4
comp_11045,tas_4
comp_11046,tas_4
comp_11047,tas_4
comp_11048,tas_4
comp_11049,tas_4
comp_11050,tas_4
comp_11051,tas_4
comp_11052,tas_4
comp_11053,tas_4
comp_11054,tas_4
comp_11055,tas_4
comp_11056,tas_4
comp_11057,tas_4
comp_11058,tas_4
comp_11059,tas_4
comp_11060,tas_4
comp_11061,tas_4
comp_11062,tas_4
comp_11063,tas_4
comp_11064,tas_4
comp_11065,tas_4
comp_11066,tas_4
comp_11067,tas_4
comp_11068,tas_4
comp_11069,tas_4
comp_11070,tas_4
comp_11071,tas_4
comp_11072,tas_4
comp_11073,tas_4
comp_11074,tas_4
comp_11075,tas_4
comp_11076,tas_4
comp_11077,tas_4
comp_11078,tas_4
comp_11079,tas_4
comp_11080,tas_4
comp_11081,tas_4
comp_11082,tas_4
comp_11083,tas_4
comp_11084,tas_4
comp_11085,tas_4
comp_11086,tas_4
comp_11087,tas_4
comp_11088,tas_4
comp_11089,tas_4
comp_11090,tas_4
comp_11091,tas_4
comp_11092,tas_4
comp_11093,tas_4
comp_11094,tas_4
comp_11095,tas_4
comp_11096,tas_4
comp_11097,tas_4
comp_11098,tas_4
comp_11099,tas_4
comp_11100,tas_4
comp_11101,tas_4
comp_11102,tas_4
comp_11103,tas_4
comp_11104,tas_4
comp_11105,tas_4
comp_11106,tas_4
comp_11107,tas_4
comp_11108,tas_4
comp_11109,tas_4
comp_11110,tas_4
comp_11111,tas_4
comp_11112,tas_4
comp_11113,tas_4
comp_11114,tas_4
comp_11115,tas_4
comp_11116,tas_4
comp_11117,tas_4
comp_11118,tas_4
comp_11119,tas_4
comp_11120,tas_4
comp_11121,tas_4
comp_11122,tas_4
comp_11123,tas_4
comp_11124,tas_4
comp_11125,tas_4
comp_11126,tas_4
comp_11127,tas_4
comp_11128,tas_4
comp_11129,tas_4
comp_11130,tas_4
comp_11131,tas_4
comp_11132,tas_4
comp_11133,tas_4
comp_11134,tas_4
comp_11135,tas_4
comp_11136,tas_4
comp_11137,tas_4
comp_11138,tas_4
comp_11139,tas_4
comp_11140,tas_4
comp_11141,tas_4
comp_11142,tas_4
comp_11143,tas_4
comp_11144,tas_4
comp_11145,tas_4
comp_11146,tas_4
comp_11147,tas_4
comp_11148,tas_4
comp_11149,tas_4
comp_11150,tas_4
comp_11151,tas_4
comp_11152,tas_4
comp_11153,tas_4
comp_11154,tas_4
comp_11155,tas_4
comp_11156,tas_4
comp_11157,tas_4
comp_11158,tas_4
comp_11159,tas_4
comp_11160,tas_4
comp_11161,tas_4
comp_11162,tas_4
comp_11163,tas_4
comp_11164,tas_4
comp_11165,tas_4
comp_11166,tas_4
comp_11167,tas_4
comp_11168,tas_4
comp_11169,tas_4
comp_11170,tas_4
comp_11171,tas_4
comp_11172,tas_4
comp_11173,tas_4
comp_11174,tas_4
comp_11175,tas_4
comp_11176,tas_4
comp_11177,tas_4
comp_11178,tas_4
comp_11179,tas_4
comp_11180,tas_4
comp_11181,tas_4
comp_11182,tas_4
comp_11183,tas_4
comp_11184,tas_4
comp_11185,tas_4
comp_11186,tas_4
comp_11187,tas_4
comp_11188,tas_4
comp_11189,tas_4
comp_11190,tas_4
comp_11191,tas_4
comp_11192,tas_4
comp_11193,tas_4
comp_11194,tas_4
comp_11195,tas_4
comp_11196,tas_4
comp_11197,tas_4
comp_11198,tas_4
comp_11199,tas_4
comp_11200,tas_4
comp_11201,tas_4
comp_11202,tas_4
comp_11203,tas_4
comp_11204,tas_4
comp_11205,tas_4
comp_11206,tas_4
comp_11207,tas_4
comp_11208,tas_4
comp_11209,tas_4
comp_11210,tas_4
comp_11211,tas_4
comp_11212,tas_4
comp_11213,tas_4
comp_11214,tas_4
comp_11215,tas_4
comp_11216,tas_4
comp_11217,tas_4
comp_11218,tas_4
comp_11219,tas_4
comp_11220,tas_4
comp_11221,tas_4
comp_11222,tas_4
comp_11223,tas_4
comp_11224,tas_4
comp_11225,tas_4
comp_11226,tas_4
comp_11227,tas_4
comp_11228,tas_4
comp_11229,tas_4
comp_11230,tas_4
comp_11231,tas_4
comp_11232,tas_4
comp_11233,tas_4
comp_11234,tas_4
comp_11235,tas_4
comp_11236,tas_4
comp_11237,tas_4
comp_11238,tas_4
comp_11239,tas_4
comp_11240,tas_4
comp_11241,tas_4
comp_11242,tas_4
comp_11243,tas_4
comp_11244,tas_4
comp_11245,tas_4
comp_11246,tas_4
comp_11247,tas_4
comp_11248,tas_4
comp_11249,tas_4
comp_11250,tas_4
comp_11251,tas_4
comp_11252,tas_4
comp_11253,tas_4
comp_11254,tas_4
comp_11255,tas_4
comp_11256,tas_4
comp_11257,tas_4
comp_11258,tas_4
comp_11259,tas_4
comp_11260,tas_4
comp_11261,tas_4
comp_11262,tas_4
comp_11263,tas_4
comp_11264,tas_4
comp_11265,tas_4
comp_11266,tas_4
comp_11267,tas_4
comp_11268,tas_4
comp_11269,tas_4
comp_11270,tas_4
comp_11271,tas_4
comp_11272,tas_4
comp_11273,tas_4
comp_11274,tas_4
comp_11275,tas_4
comp_11276,tas_4
comp_11277,tas_4
comp_11278,tas_4
comp_11279,tas_4
comp_11280,tas_4
comp_11281,tas_4
comp_11282,tas_4
comp_11283,tas_4
comp_11284,tas_4
comp_11285,tas_4
comp_11286,tas_4
comp_11287,tas_4
comp_11288,tas_4
comp_11289,tas_4
comp_11290,tas_4
comp_11291,tas_4
comp_11292,tas_4
comp_11293,tas_4
comp_11294,tas_4
comp_11295,tas_4
comp_11296,tas_4
comp_11297,tas_4
comp_11298,tas_4
comp_11299,tas_4
comp_11300,tas_4
comp_11301,tas_4
comp_11302,tas_4
comp_11303,tas_4
comp_11304,tas_4
comp_11305,tas_4
comp_11306,tas_4
comp_11307,tas_4
comp_11308,tas_4
comp_11309,tas_4
comp_11310,tas_4
comp_11311,tas_4
comp_11312,tas_4
comp_11313,tas_4
comp_11314,tas_4
comp_11315,tas_4
comp_11316,tas_4
comp_11317,tas_4
comp_11318,tas_4
comp_11319,tas_4
comp_11320,tas_4
comp_11321,tas_4
comp_11322,tas_4
comp_11323,tas_4
comp_11324,tas_4
comp_11325,tas_4
comp_11326,tas_4
comp_11327,tas_4
comp_11328,tas_4
comp_11329,tas_4
comp_11330,tas_4
comp_11331,tas_4
comp_11332,tas_4
comp_11333,tas_4
comp_11334,tas_4
comp_11335,tas_4
comp_11336,tas_4
comp_11337,tas_4
comp_11338,tas_4
comp_11339,tas_4
comp_11340,tas_4
comp_11341,tas_4
comp_11342,tas_4
comp_11343,tas_4
comp_11344,tas_4
comp_11345,tas_4
comp_11346,tas_4
comp_11347,tas_4
comp_11348,tas_4
comp_11349,tas_4
comp_11350,tas_4
comp_11351,tas_4
comp_11352,tas_4
comp_11353,tas_4
comp_11354,tas_4
comp_11355,tas_4
comp_11356,tas_4
comp_11357,tas_4
comp_11358,tas_4
comp_11359,tas_4
comp_11360,tas_4
comp_11361,tas_4
comp_11362,tas_4
comp_11363,tas_4
comp_11364,tas_4
comp_11365,tas_4
comp_11366,tas_4
comp_11367,tas_4
comp_11368,tas_4
comp_11369,tas_4
comp_11370,tas_4
comp_11371,tas_4
comp_11372,tas_4
comp_11373,tas_4
comp_11374,tas_4
comp_11375,tas_4
comp_11376,tas_4
comp_11377,tas_4
comp_11378,tas_4
comp_11379,tas_4
comp_11380,tas_4
comp_11381,tas_4
comp_11382,tas_4
comp_11383,tas_4
comp_11384,tas_4
comp_11385,tas_4
comp_11386,tas_4
comp_11387,tas_4
comp_11388,tas_4
comp_11389,tas_4
comp_11390,tas_4
comp_11391,tas_4
comp_11392,tas_4
comp_11393,tas_4
comp_11394,tas_4
comp_11395,tas_4
comp_11396,tas_4
comp_11397,tas_4
comp_11398,tas_4
comp_11399,tas_4
comp_11400,tas_4
comp_11401,tas_4
comp_11402,tas_4
comp_11403,tas_4
comp_11404,tas_4
comp_11405,tas_4
comp_11406,tas_4
comp_11407,tas_4
comp_11408,tas_4
comp_11409,tas_4
comp_11410,tas_4
comp_11411,tas_4
comp_11412,tas_4
comp_11413,tas_4
comp_11414,tas_4
comp_11415,tas_4
comp_11416,tas_4
comp_11417,tas_4
comp_11418,tas_4
comp_11419,tas_4
comp_11420,tas_4
comp_11421,tas_4
comp_11422,tas_4
comp_11423,tas_4
comp_11424,tas_4
comp_11425,tas_4
comp_11426,tas_4
comp_11427,tas_4
comp_11428,tas_4
comp_11429,tas_4
comp_11430,tas_4
comp_11431,tas_4
comp_11432,tas_4
comp_11433,tas_4
comp_11434,tas_4
comp_11435,tas_4
comp_11436,tas_4
comp_11437,tas_4
comp_11438,tas_4
comp_11439,tas_4
comp_11440,tas_4
comp_11441,tas_4
comp_11442,tas_4
comp_11443,tas_4
comp_11444,tas_4
comp_11445,tas_4
comp_11446,tas_4
comp_11447,tas_4
comp_11448,tas_4
comp_11449,tas_4
comp_11450,tas_4
comp_11451,tas_4
comp_11452,tas_4
comp_11453,tas_4
comp_11454,tas_4
comp_11455,tas_4
comp_11456,tas_4
comp_11457,tas_4
comp_11458,tas_4
comp_11459,tas_4
comp_11460,tas_4
comp_11461,tas_4
comp_11462,tas_4
comp_11463,tas_4
comp_11464,tas_4
comp_11465,tas_4
comp_11466,tas_4
comp_11467,tas_4
comp_11468,tas_4
comp_11469,tas_4
comp_11470,tas_4
comp_11471,tas_4
comp_11472,tas_4
comp_11473,tas_4
comp_11474,tas_4
comp_11475,tas_4
comp_11476,tas_4
comp_11477,tas_4
comp_11478,tas_4
comp_11479,tas_4
comp_11480,tas_4
comp_11481,tas_4
comp_11482,tas_4
comp_11483,tas_4
comp_11484,tas_4
comp_11485,tas_4
comp_11486,tas_4
comp_11487,tas_4
comp_11488,tas_4
comp_11489,tas_4
comp_11490,tas_4
comp_11491,tas_4
comp_11492,tas_4
comp_11493,tas_4
comp_11494,tas_4
comp_11495,tas_4
comp_11496,tas_4
comp_11497,tas_4
comp_11498,tas_4
comp_11499,tas_4
comp_11500,tas_4
comp_11501,tas_4
comp_11502,tas_4
comp_11503,tas_4
comp_11504,tas_4
comp_11505,tas_4
comp_11506,tas_4
comp_11507,tas_4
comp_11508,tas_4
comp_11509,tas_4
comp_11510,tas_4
comp_11511,tas_4
comp_11512,tas_4
comp_11513,tas_4
comp_11514,tas_4
comp_11515,tas_4
comp_11516,tas_4
comp_11517,tas_4
comp_11518,tas_4
comp_11519,tas_4
comp_11520,tas_4
comp_11521,tas_4
comp_11522,tas_4
comp_11523,tas_4
comp_11524,tas_4
comp_11525,tas_4
comp_11526,tas_4
comp_11527,tas_4
comp_11528,tas_4
comp_11529,tas_4
comp_11530,tas_4
comp_11531,tas_4
comp_11532,tas_4
comp_11533,tas_4
comp_11534,tas_4
comp_11535,tas_4
comp_11536,tas_4
comp_11537,tas_4
comp_11538,tas_4
comp_11539,tas_4
comp_11540,tas_4
comp_11541,tas_4
comp_11542,tas_4
comp_11543,tas_4
comp_11544,tas_4
comp_11545,tas_4
comp_11546,tas_4
comp_11547,tas_4
comp_11548,tas_4
comp_11549,tas_4
comp_11550,tas_4
comp_11551,tas_4
comp_11552,tas_4
comp_11553,tas_4
comp_11554,tas_4
comp_11555,tas_4
comp_11556,tas_4
comp_11557,tas_4
comp_11558,tas_4
comp_11559,tas_4
comp_11560,tas_4
comp_11561,tas_4
comp_11562,tas_4
comp_11563,tas_4
comp_11564,tas_4
comp_11565,tas_4
comp_11566,tas_4
comp_11567,tas_4
comp_11568,tas_4
comp_11569,tas_4
comp_11570,tas_4
comp_11571,tas_4
comp_11576,tas_2
comp_11577,tas_5
comp_11578,tas_5
comp_11579,tas_5
comp_11580,tas_3
comp_11581,tas_3
comp_11582,tas_4
comp_11583,tas_4
comp_11584,tas_4
comp_11585,tas_4
comp_11586,tas_4
comp_11587,tas_3
comp_11588,tas_2
comp_11589,tas_2
comp_11590,tas_2
comp_11591,tas_2
comp_11592,tas_5
comp_11593,tas_5
comp_11594,tas_5
comp_11595,tas_5
comp_11596,tas_5
comp_11597,tas_5
comp_11598,tas_5
comp_11599,tas_5
comp_11600,tas_5
comp_11601,tas_5
comp_11602,tas_5
comp_11603,tas_5
comp_11604,tas_5
comp_11605,tas_5
comp_11606,tas_5
comp_11607,tas_5
comp_11608,tas_5
comp_11609,tas_5
comp_11610,tas_5
comp_11611,tas_5
comp_11612,tas_3
comp_11613,tas_3
comp_11614,tas_3
comp_11615,tas_3
comp_11616,tas_3
comp_11617,tas_3
comp_11618,tas_3
comp_11619,tas_3
comp_11620,tas_3
comp_11621,tas_3
comp_11622,tas_3
comp_11623,tas_3
comp_11624,tas_3
comp_11625,tas_3
comp_11626,tas_3
comp_11627,tas_3
comp_11628,tas_3
comp_11629,tas_3
comp_11630,tas_3
comp_11631,tas_3
comp_11632,tas_3
comp_11633,tas_3
comp_11634,tas_3
comp_11635,tas_3
comp_11636,tas_3
comp_11637,tas_3
comp_11638,tas_3
comp_11639,tas_3
comp_11640,tas_3
comp_11641,tas_3
comp_11642,tas_3
comp_11643,tas_3
comp_11644,tas_3
comp_11645,tas_3
comp_11646,tas_3
comp_11647,tas_3
comp_11648,tas_3
comp_11649,tas_3
comp_11650,tas_3
comp_11651,tas_3
comp_11652,tas_3
comp_11653,tas_3
comp_11654,tas_3
comp_11655,tas_3
comp_11656,tas_3
comp_11657,tas_3
comp_11658,tas_3
comp_11659,tas_3
comp_11660,tas_3
comp_11661,tas_3
comp_11662,tas_3
comp_11663,tas_3
comp_11664,tas_3
comp_11665,tas_3
comp_11666,tas_3
comp_11667,tas_3
comp_11668,tas_3
comp_11669,tas_3
comp_11670,tas_3
comp_11671,tas_3
comp_11672,tas_3
comp_11673,tas_3
comp_11674,tas_3
comp_11675,tas_3
comp_11676,tas_3
comp_11677,tas_3
comp_11678,tas_3
comp_11679,tas_3
comp_11680,tas_3
comp_11681,tas_3
comp_11682,tas_3
comp_11683,tas_3
comp_11684,tas_3
comp_11685,tas_3
comp_11686,tas_3
comp_11687,tas_3
comp_11688,tas_3
comp_11689,tas_3
comp_11690,tas_3
comp_11691,tas_3
comp_11692,tas_3
comp_11693,tas_4
comp_11694,tas_4
comp_11695,tas_4
comp_11696,tas_4
comp_11697,tas_4
comp_11698,tas_4
comp_11699,tas_4
comp_11700,tas_4
comp_11701,tas_4
comp_11702,tas_4
comp_11703,tas_4
comp_11704,tas_4
comp_11705,tas_4
comp_11706,tas_4
comp_11707,tas_4
comp_11708,tas_4
comp_11709,tas_4
comp_11710,tas_4
comp_11711,tas_4
comp_11712,tas_4
comp_11713,tas_4
comp_11714,tas_4
comp_11715,tas_4
comp_11716,tas_4
comp_11717,tas_4
comp_11718,tas_4
comp_11719,tas_4
comp_11720,tas_4
comp_11721,tas_4
comp_11722,tas_4
comp_11723,tas_4
comp_11724,tas_4
comp_11725,tas_4
comp_11726,tas_4
comp_11727,tas_4
comp_11728,tas_4
comp_11729,tas_4
comp_11730,tas_4
comp_11731,tas_4
comp_11732,tas_4
comp_11733,tas_4
comp_11734,tas_4
comp_11735,tas_4
comp_11736,tas_4
comp_11737,tas_4
comp_11738,tas_4
comp_11739,tas_4
comp_11740,tas_4
comp_11741,tas_4
comp_11742,tas_4
comp_11743,tas_4
comp_11744,tas_4
comp_11745,tas_4
comp_11746,tas_4
comp_11747,tas_4
comp_11748,tas_4
comp_11749,tas_4
comp_11750,tas_4
comp_11751,tas_4
comp_11752,tas_4
comp_11753,tas_4
comp_11754,tas_4
comp_11755,tas_4
comp_11756,tas_4
comp_11757,tas_4
comp_11758,tas_4
comp_11759,tas_4
comp_11760,tas_4
comp_11761,tas_4
comp_11762,tas_4
comp_11763,tas_4
comp_11764,tas_4
comp_11765,tas_4
comp_11766,tas_4
comp_11767,tas_4
comp_11768,tas_4
comp_11769,tas_4
comp_11770,tas_4
comp_11771,tas_4
comp_11772,tas_4
comp_11773,tas_4
comp_11774,tas_4
comp_11775,tas_4
comp_11776,tas_4
comp_11777,tas_4
comp_11778,tas_4
comp_11779,tas_4
comp_11780,tas_4
comp_11781,tas_4
comp_11782,tas_4
comp_11783,tas_4
comp_11784,tas_4
comp_11785,tas_4
comp_11786,tas_4
comp_11787,tas_4
comp_11788,tas_4
comp_11789,tas_4
comp_11790,tas_4
comp_11791,tas_4
comp_11792,tas_4
comp_11793,tas_4
comp_11794,tas_4
comp_11795,tas_4
comp_11796,tas_4
comp_11797,tas_4
comp_11798,tas_4
comp_11799,tas_4
comp_11800,tas_4
comp_11801,tas_4
comp_11802,tas_4
comp_11803,tas_4
comp_11804,tas_4
comp_11805,tas_4
comp_11806,tas_4
comp_11807,tas_4
comp_11808,tas_4
comp_11809,tas_4
comp_11810,tas_4
comp_11811,tas_4
comp_11812,tas_4
comp_11813,tas_4
comp_11814,tas_4
comp_11815,tas_4
comp_11816,tas_4
comp_11817,tas_4
comp_11818,tas_4
comp_11819,tas_4
comp_11820,tas_4
comp_11821,tas_4
comp_11822,tas_4
comp_11823,tas_4
comp_11824,tas_4
comp_11825,tas_4
comp_11826,tas_4
comp_11827,tas_4
comp_11828,tas_4
comp_11829,tas_4
comp_11830,tas_4
comp_11831,tas_4
comp_11832,tas_4
comp_11833,tas_4
comp_11834,tas_4
comp_11835,tas_4
comp_11836,tas_4
comp_11837,tas_4
comp_11838,tas_4
comp_11839,tas_4
comp_11840,tas_4
comp_11841,tas_4
comp_11842,tas_4
comp_11843,tas_4
comp_11844,tas_4
comp_11845,tas_4
comp_11846,tas_4
comp_11847,tas_4
comp_11848,tas_4
comp_11849,tas_4
comp_11850,tas_4
comp_11851,tas_4
comp_11852,tas_4
comp_11853,tas_4
comp_11854,tas_4
comp_11855,tas_4
comp_11856,tas_4
comp_11857,tas_4
comp_11858,tas_4
comp_11859,tas_4
comp_11860,tas_4
comp_11861,tas_4
comp_11862,tas_4
comp_11863,tas_4
comp_11864,tas_4
comp_11865,tas_4
comp_11866,tas_4
comp_11867,tas_4
comp_11868,tas_4
comp_11869,tas_4
comp_11870,tas_4
comp_11871,tas_4
comp_11872,tas_4
comp_11873,tas_4
comp_11874,tas_4
comp_11875,tas_4
comp_11876,tas_4
comp_11877,tas_4
comp_11878,tas_4
comp_11879,tas_4
comp_11880,tas_4
comp_11881,tas_4
comp_11882,tas_4
comp_11883,tas_4
comp_11884,tas_4
comp_11885,tas_4
comp_11886,tas_4
comp_11887,tas_4
comp_11888,tas_4
comp_11889,tas_4
comp_11890,tas_4
comp_11891,tas_4
comp_11892,tas_4
comp_11893,tas_4
comp_11894,tas_4
comp_11895,tas_4
comp_11896,tas_4
comp_11897,tas_4
comp_11898,tas_4
comp_11899,tas_4
comp_11906,tas_2
comp_11907,tas_5
comp_11908,tas_5
comp_11909,tas_5
comp_11910,tas_5
comp_11911,tas_5
comp_11912,tas_5
comp_11913,tas_5
comp_11914,tas_5
comp_11915,tas_5
comp_11916,tas_5
comp_11917,tas_5
comp_11918,tas_5
comp_11919,tas_5
comp_11920,tas_5
comp_11921,tas_5
comp_11922,tas_3
comp_11923,tas_3
comp_11924,tas_3
comp_11925,tas_3
comp_11926,tas_3
comp_11927,tas_3
comp_11928,tas_3
comp_11929,tas_3
comp_11930,tas_3
comp_11931,tas_3
comp_11932,tas_3
comp_11933,tas_3
comp_11934,tas_3
comp_11935,tas_3
comp_11936,tas_3
comp_11937,tas_3
comp_11938,tas_3
comp_11939,tas_3
comp_11940,tas_3
comp_11941,tas_3
comp_11942,tas_3
comp_11943,tas_3
comp_11944,tas_3
comp_11945,tas_3
comp_11946,tas_3
comp_11947,tas_3
comp_11948,tas_3
comp_11949,tas_3
comp_11950,tas_3
comp_11951,tas_3
comp_11952,tas_3
comp_11953,tas_3
comp_11954,tas_3
comp_11955,tas_3
comp_11956,tas_3
comp_11957,tas_3
comp_11958,tas_3
comp_11959,tas_3
comp_11960,tas_4
comp_11961,tas_4
comp_11962,tas_4
comp_11963,tas_4
comp_11964,tas_4
comp_11965,tas_4
comp_11966,tas_4
comp_11967,tas_4
comp_11968,tas_4
comp_11969,tas_4
comp_11970,tas_4
comp_11971,tas_4
comp_11972,tas_4
comp_11973,tas_4
comp_11974,tas_4
comp_11975,tas_4
comp_11976,tas_4
comp_11977,tas_4
comp_11978,tas_4
comp_11979,tas_4
comp_11980,tas_4
comp_11981,tas_4
comp_11982,tas_4
comp_11983,tas_4
comp_11984,tas_4
comp_11985,tas_4
comp_11986,tas_4
comp_11987,tas_4
comp_11988,tas_4
comp_11989,tas_4
comp_11990,tas_4
comp_11991,tas_4
comp_11992,tas_4
comp_11993,tas_4
comp_11994,tas_4
comp_11995,tas_4
comp_11996,tas_4
comp_11997,tas_4
comp_11998,tas_4
comp_11999,tas_4
comp_12000,tas_4
comp_12001,tas_4
comp_12002,tas_4
comp_12003,tas_4
comp_12004,tas_4
comp_12005,tas_4
comp_12006,tas_4
comp_12007,tas_4
comp_12008,tas_4
comp_12009,tas_4
comp_12010,tas_4
comp_12011,tas_4
comp_12012,tas_4
comp_12013,tas_4
comp_12014,tas_4
comp_12015,tas_4
comp_12016,tas_4
comp_12017,tas_4
comp_12018,tas_4
comp_12019,tas_4
comp_12022,tas_2
comp_12023,tas_5
comp_12024,tas_5
comp_12025,tas_5
comp_12026,tas_5
comp_12027,tas_5
comp_12028,tas_5
comp_12029,tas_5
comp_12030,tas_5
comp_12031,tas_5
comp_12032,tas_5
comp_12033,tas_5
comp_12034,tas_5
comp_12035,tas_3
comp_12036,tas_3
comp_12037,tas_3
comp_12038,tas_3
comp_12039,tas_3
comp_12040,tas_3
comp_12041,tas_3
comp_12042,tas_3
comp_12043,tas_3
comp_12044,tas_3
comp_12045,tas_3
comp_12046,tas_3
comp_12047,tas_3
comp_12048,tas_3
comp_12049,tas_3
comp_12050,tas_3
comp_12051,tas_3
comp_12052,tas_3
comp_12053,tas_3
comp_12054,tas_3
comp_12055,tas_4
comp_12056,tas_4
comp_12057,tas_4
comp_12058,tas_4
comp_12059,tas_4
comp_12060,tas_4
comp_12061,tas_4
comp_12062,tas_4
comp_12063,tas_4
comp_12064,tas_4
comp_12065,tas_4
comp_12066,tas_4
comp_12067,tas_4
comp_12068,tas_4
comp_12069,tas_4
comp_12070,tas_4
comp_12071,tas_4
comp_12072,tas_4
comp_12073,tas_4
comp_12074,tas_4
comp_12075,tas_4
comp_12076,tas_4
comp_12077,tas_4
comp_12078,tas_4
comp_12079,tas_4
comp_12080,tas_4
comp_12081,tas_4
comp_12082,tas_4
comp_12083,tas_4
comp_12084,tas_4
comp_12085,tas_4
comp_12086,tas_4
comp_12087,tas_4
comp_12089,tas_1
comp_12090,tas_2
comp_12091,tas_2
comp_12092,tas_2
comp_12093,tas_2
comp_12094,tas_2
comp_12095,tas_5
comp_12096,tas_5
comp_12097,tas_5
comp_12098,tas_5
comp_12099,tas_5
comp_12100,tas_5
comp_12101,tas_5
comp_12102,tas_5
comp_12103,tas_5
comp_12104,tas_5
comp_12105,tas_5
comp_12106,tas_5
comp_12107,tas_5
comp_12108,tas_5
comp_12109,tas_5
comp_12110,tas_5
comp_12111,tas_5
comp_12112,tas_5
comp_12113,tas_5
comp_12114,tas_5
comp_12115,tas_3
comp_12116,tas_3
comp_12117,tas_3
comp_12118,tas_3
comp_12119,tas_3
comp_12120,tas_3
comp_12121,tas_3
comp_12122,tas_3
comp_12123,tas_3
comp_12124,tas_3
comp_12125,tas_3
comp_12126,tas_3
comp_12127,tas_3
comp_12128,tas_3
comp_12129,tas_3
comp_12130,tas_3
comp_12131,tas_3
comp_12132,tas_3
comp_12133,tas_3
comp_12134,tas_3
comp_12135,tas_3
comp_12136,tas_3
comp_12137,tas_3
comp_12138,tas_3
comp_12139,tas_3
comp_12140,tas_3
comp_12141,tas_3
comp_12142,tas_3
comp_12143,tas_3
comp_12144,tas_3
comp_12145,tas_3
comp_12146,tas_3
comp_12147,tas_3
comp_12148,tas_3
comp_12149,tas_3
comp_12150,tas_3
comp_12151,tas_3
comp_12152,tas_3
comp_12153,tas_3
comp_12154,tas_3
comp_12155,tas_3
comp_12156,tas_3
comp_12157,tas_3
comp_12158,tas_3
comp_12159,tas_3
comp_12160,tas_3
comp_12161,tas_3
comp_12162,tas_3
comp_12163,tas_3
comp_12164,tas_3
comp_12165,tas_3
comp_12166,tas_3
comp_12167,tas_3
comp_12168,tas_3
comp_12169,tas_3
comp_12170,tas_3
comp_12171,tas_3
comp_12172,tas_4
comp_12173,tas_4
comp_12174,tas_4
comp_12175,tas_4
comp_12176,tas_4
comp_12177,tas_4
comp_12178,tas_4
comp_12179,tas_4
comp_12180,tas_4
comp_12181,tas_4
comp_12182,tas_4
comp_12183,tas_4
comp_12184,tas_4
comp_12185,tas_1
comp_12186,tas_1
comp_12187,tas_1
comp_12188,tas_1
comp_12189,tas_1
comp_12190,tas_1
comp_12191,tas_1
comp_12192,tas_2
comp_12193,tas_2
comp_12194,tas_2
comp_12195,tas_2
comp_12196,tas_2
comp_12197,tas_2
comp_12198,tas_2
comp_12199,tas_2
comp_12200,tas_2
comp_12201,tas_2
comp_12202,tas_2
comp_12203,tas_2
comp_12204,tas_2
comp_12205,tas_2
comp_12206,tas_2
comp_12207,tas_2
comp_12208,tas_2
comp_12209,tas_2
comp_12210,tas_2
comp_12211,tas_2
comp_12212,tas_2
comp_12213,tas_2
comp_12214,tas_2
comp_12215,tas_2
comp_12216,tas_2
comp_12217,tas_2
comp_12218,tas_2
comp_12219,tas_2
comp_12220,tas_2
comp_12221,tas_2
comp_12222,tas_2
comp_12223,tas_2
comp_12224,tas_2
comp_12225,tas_2
comp_12226,tas_2
comp_12227,tas_2
comp_12228,tas_5
comp_12229,tas_5
comp_12230,tas_5
comp_12231,tas_5
comp_12232,tas_5
comp_12233,tas_5
comp_12234,tas_5
comp_12235,tas_5
comp_12236,tas_5
comp_12237,tas_5
comp_12238,tas_5
comp_12239,tas_5
comp_12240,tas_5
comp_12241,tas_5
comp_12242,tas_5
comp_12243,tas_5
comp_12244,tas_5
comp_12245,tas_5
comp_12246,tas_5
comp_12247,tas_5
comp_12248,tas_5
comp_12249,tas_5
comp_12250,tas_5
comp_12251,tas_5
comp_12252,tas_5
comp_12253,tas_5
comp_12254,tas_5
comp_12255,tas_5
comp_12256,tas_5
comp_12257,tas_5
comp_12258,tas_5
comp_12259,tas_5
comp_12260,tas_5
comp_12261,tas_5
comp_12262,tas_5
comp_12263,tas_5
comp_12264,tas_5
comp_12265,tas_5
comp_12266,tas_5
comp_12267,tas_5
comp_12268,tas_5
comp_12269,tas_5
comp_12270,tas_5
comp_12271,tas_5
comp_12272,tas_5
comp_12273,tas_5
comp_12274,tas_5
comp_12275,tas_5
comp_12276,tas_5
comp_12277,tas_5
comp_12278,tas_5
comp_12279,tas_5
comp_12280,tas_5
comp_12281,tas_5
comp_12282,tas_5
comp_12283,tas_5
comp_12284,tas_5
comp_12285,tas_5
comp_12286,tas_5
comp_12287,tas_5
comp_12288,tas_5
comp_12289,tas_5
comp_12290,tas_5
comp_12291,tas_5
comp_12292,tas_5
comp_12293,tas_5
comp_12294,tas_5
comp_12295,tas_5
comp_12296,tas_5
comp_12297,tas_5
comp_12298,tas_5
comp_12299,tas_5
comp_12300,tas_5
comp_12301,tas_5
comp_12302,tas_5
comp_12303,tas_5
comp_12304,tas_5
comp_12305,tas_5
comp_12306,tas_5
comp_12307,tas_5
comp_12308,tas_5
comp_12309,tas_5
comp_12310,tas_5
comp_12311,tas_5
comp_12312,tas_5
comp_12313,tas_5
comp_12314,tas_5
comp_12315,tas_5
comp_12316,tas_5
comp_12317,tas_5
comp_12318,tas_5
comp_12319,tas_5
comp_12320,tas_5
comp_12321,tas_5
comp_12322,tas_5
comp_12323,tas_5
comp_12324,tas_5
comp_12325,tas_5
comp_12326,tas_5
comp_12327,tas_5
comp_12328,tas_5
comp_12329,tas_5
comp_12330,tas_5
comp_12331,tas_5
comp_12332,tas_5
comp_12333,tas_5
comp_12334,tas_5
comp_12335,tas_5
comp_12336,tas_5
comp_12337,tas_5
comp_12338,tas_5
comp_12339,tas_5
comp_12340,tas_5
comp_12341,tas_5
comp_12342,tas_5
comp_12343,tas_5
comp_12344,tas_5
comp_12345,tas_5
comp_12346,tas_5
comp_12347,tas_5
comp_12348,tas_5
comp_12349,tas_5
comp_12350,tas_5
comp_12351,tas_5
comp_12352,tas_5
comp_12353,tas_5
comp_12354,tas_5
comp_12355,tas_5
comp_12356,tas_5
comp_12357,tas_5
comp_12358,tas_5
comp_12359,tas_5
comp_12360,tas_5
comp_12361,tas_5
comp_12362,tas_5
comp_12363,tas_5
comp_12364,tas_5
comp_12365,tas_5
comp_12366,tas_5
comp_12367,tas_5
comp_12368,tas_5
comp_12369,tas_5
comp_12370,tas_5
comp_12371,tas_5
comp_12372,tas_5
comp_12373,tas_5
comp_12374,tas_5
comp_12375,tas_5
comp_12376,tas_5
comp_12377,tas_5
comp_12378,tas_5
comp_12379,tas_5
comp_12380,tas_5
comp_12381,tas_5
comp_12382,tas_5
comp_12383,tas_5
comp_12384,tas_5
comp_12385,tas_5
comp_12386,tas_5
comp_12387,tas_5
comp_12388,tas_5
comp_12389,tas_5
comp_12390,tas_5
comp_12391,tas_5
comp_12392,tas_5
comp_12393,tas_5
comp_12394,tas_5
comp_12395,tas_5
comp_12396,tas_5
comp_12397,tas_5
comp_12398,tas_5
comp_12399,tas_5
comp_12400,tas_5
comp_12401,tas_5
comp_12402,tas_5
comp_12403,tas_5
comp_12404,tas_5
comp_12405,tas_5
comp_12406,tas_5
comp_12407,tas_5
comp_12408,tas_5
comp_12409,tas_5
comp_12410,tas_5
comp_12411,tas_5
comp_12412,tas_5
comp_12413,tas_5
comp_12414,tas_5
comp_12415,tas_5
comp_12416,tas_5
comp_12417,tas_5
comp_12418,tas_5
comp_12419,tas_5
comp_12420,tas_5
comp_12421,tas_5
comp_12422,tas_5
comp_12423,tas_5
comp_12424,tas_5
comp_12425,tas_5
comp_12426,tas_5
comp_12427,tas_5
comp_12428,tas_5
comp_12429,tas_5
comp_12430,tas_5
comp_12431,tas_5
comp_12432,tas_5
comp_12433,tas_5
comp_12434,tas_5
comp_12435,tas_5
comp_12436,tas_5
comp_12437,tas_5
comp_12438,tas_5
comp_12439,tas_5
comp_12440,tas_5
comp_12441,tas_5
comp_12442,tas_5
comp_12443,tas_5
comp_12444,tas_5
comp_12445,tas_5
comp_12446,tas_5
comp_12447,tas_5
comp_12448,tas_5
comp_12449,tas_5
comp_12450,tas_5
comp_12451,tas_5
comp_12452,tas_5
comp_12453,tas_5
comp_12454,tas_5
comp_12455,tas_5
comp_12456,tas_5
comp_12457,tas_5
comp_12458,tas_5
comp_12459,tas_5
comp_12460,tas_5
comp_12461,tas_5
comp_12462,tas_5
comp_12463,tas_5
comp_12464,tas_5
comp_12465,tas_5
comp_12466,tas_5
comp_12467,tas_5
comp_12468,tas_5
comp_12469,tas_5
comp_12470,tas_3
comp_12471,tas_3
comp_12472,tas_3
comp_12473,tas_3
comp_12474,tas_3
comp_12475,tas_3
comp_12476,tas_3
comp_12477,tas_3
comp_12478,tas_3
comp_12479,tas_3
comp_12480,tas_3
comp_12481,tas_3
comp_12482,tas_3
comp_12483,tas_3
comp_12484,tas_3
comp_12485,tas_3
comp_12486,tas_3
comp_12487,tas_3
comp_12488,tas_3
comp_12489,tas_3
comp_12490,tas_3
comp_12491,tas_3
comp_12492,tas_3
comp_12493,tas_3
comp_12494,tas_3
comp_12495,tas_3
comp_12496,tas_3
comp_12497,tas_3
comp_12498,tas_3
comp_12499,tas_3
comp_12500,tas_3
comp_12501,tas_3
comp_12502,tas_3
comp_12503,tas_3
comp_12504,tas_3
comp_12505,tas_3
comp_12506,tas_3
comp_12507,tas_3
comp_12508,tas_3
comp_12509,tas_3
comp_12510,tas_3
comp_12511,tas_3
comp_12512,tas_3
comp_12513,tas_3
comp_12514,tas_3
comp_12515,tas_3
comp_12516,tas_3
comp_12517,tas_3
comp_12518,tas_3
comp_12519,tas_3
comp_12520,tas_3
comp_12521,tas_3
comp_12522,tas_3
comp_12523,tas_3
comp_12524,tas_3
comp_12525,tas_3
comp_12526,tas_3
comp_12527,tas_3
comp_12528,tas_3
comp_12529,tas_3
comp_12530,tas_3
comp_12531,tas_3
comp_12532,tas_3
comp_12533,tas_3
comp_12534,tas_3
comp_12535,tas_3
comp_12536,tas_3
comp_12537,tas_3
comp_12538,tas_3
comp_12539,tas_3
comp_12540,tas_3
comp_12541,tas_3
comp_12542,tas_3
comp_12543,tas_3
comp_12544,tas_3
comp_12545,tas_3
comp_12546,tas_3
comp_12547,tas_3
comp_12548,tas_3
comp_12549,tas_3
comp_12550,tas_3
comp_12551,tas_3
comp_12552,tas_3
comp_12553,tas_3
comp_12554,tas_3
comp_12555,tas_3
comp_12556,tas_3
comp_12557,tas_3
comp_12558,tas_3
comp_12559,tas_3
comp_12560,tas_3
comp_12561,tas_3
comp_12562,tas_3
comp_12563,tas_3
comp_12564,tas_3
comp_12565,tas_3
comp_12566,tas_3
comp_12567,tas_3
comp_12568,tas_3
comp_12569,tas_3
comp_12570,tas_3
comp_12571,tas_3
comp_12572,tas_3
comp_12573,tas_3
comp_12574,tas_3
comp_12575,tas_3
comp_12576,tas_3
comp_12577,tas_3
comp_12578,tas_3
comp_12579,tas_3
comp_12580,tas_3
comp_12581,tas_3
comp_12582,tas_3
comp_12583,tas_3
comp_12584,tas_3
comp_12585,tas_3
comp_12586,tas_3
comp_12587,tas_3
comp_12588,tas_3
comp_12589,tas_3
comp_12590,tas_3
comp_12591,tas_3
comp_12592,tas_3
comp_12593,tas_3
comp_12594,tas_3
comp_12595,tas_3
comp_12596,tas_3
comp_12597,tas_3
comp_12598,tas_3
comp_12599,tas_3
comp_12600,tas_3
comp_12601,tas_3
comp_12602,tas_3
comp_12603,tas_3
comp_12604,tas_3
comp_12605,tas_3
comp_12606,tas_3
comp_12607,tas_3
comp_12608,tas_3
comp_12609,tas_3
comp_12610,tas_3
comp_12611,tas_3
comp_12612,tas_3
comp_12613,tas_3
comp_12614,tas_3
comp_12615,tas_3
comp_12616,tas_3
comp_12617,tas_3
comp_12618,tas_3
comp_12619,tas_3
comp_12620,tas_3
comp_12621,tas_3
comp_12622,tas_3
comp_12623,tas_3
comp_12624,tas_3
comp_12625,tas_3
comp_12626,tas_3
comp_12627,tas_3
comp_12628,tas_3
comp_12629,tas_3
comp_12630,tas_3
comp_12631,tas_3
comp_12632,tas_3
comp_12633,tas_3
comp_12634,tas_3
comp_12635,tas_3
comp_12636,tas_3
comp_12637,tas_3
comp_12638,tas_3
comp_12639,tas_3
comp_12640,tas_3
comp_12641,tas_3
comp_12642,tas_3
comp_12643,tas_3
comp_12644,tas_3
comp_12645,tas_3
comp_12646,tas_3
comp_12647,tas_3
comp_12648,tas_3
comp_12649,tas_3
comp_12650,tas_3
comp_12651,tas_3
comp_12652,tas_3
comp_12653,tas_3
comp_12654,tas_3
comp_12655,tas_3
comp_12656,tas_3
comp_12657,tas_3
comp_12658,tas_3
comp_12659,tas_3
comp_12660,tas_3
comp_12661,tas_3
comp_12662,tas_3
comp_12663,tas_3
comp_12664,tas_3
comp_12665,tas_3
comp_12666,tas_3
comp_12667,tas_3
comp_12668,tas_3
comp_12669,tas_3
comp_12670,tas_3
comp_12671,tas_3
comp_12672,tas_3
comp_12673,tas_3
comp_12674,tas_3
comp_12675,tas_3
comp_12676,tas_3
comp_12677,tas_3
comp_12678,tas_3
comp_12679,tas_3
comp_12680,tas_3
comp_12681,tas_3
comp_12682,tas_3
comp_12683,tas_3
comp_12684,tas_3
comp_12685,tas_3
comp_12686,tas_3
comp_12687,tas_3
comp_12688,tas_3
comp_12689,tas_3
comp_12690,tas_3
comp_12691,tas_3
comp_12692,tas_3
comp_12693,tas_3
comp_12694,tas_3
comp_12695,tas_3
comp_12696,tas_3
comp_12697,tas_3
comp_12698,tas_3
comp_12699,tas_3
comp_12700,tas_3
comp_12701,tas_3
comp_12702,tas_3
comp_12703,tas_3
comp_12704,tas_3
comp_12705,tas_3
comp_12706,tas_3
comp_12707,tas_3
comp_12708,tas_3
comp_12709,tas_3
comp_12710,tas_3
comp_12711,tas_3
comp_12712,tas_3
comp_12713,tas_3
comp_12714,tas_3
comp_12715,tas_3
comp_12716,tas_3
comp_12717,tas_3
comp_12718,tas_3
comp_12719,tas_3
comp_12720,tas_3
comp_12721,tas_3
comp_12722,tas_3
comp_12723,tas_3
comp_12724,tas_3
comp_12725,tas_3
comp_12726,tas_3
comp_12727,tas_3
comp_12728,tas_3
comp_12729,tas_3
comp_12730,tas_3
comp_12731,tas_3
comp_12732,tas_3
comp_12733,tas_3
comp_12734,tas_3
comp_12735,tas_3
comp_12736,tas_3
comp_12737,tas_3
comp_12738,tas_3
comp_12739,tas_3
comp_12740,tas_3
comp_12741,tas_3
comp_12742,tas_3
comp_12743,tas_3
comp_12744,tas_3
comp_12745,tas_3
comp_12746,tas_3
comp_12747,tas_3
comp_12748,tas_3
comp_12749,tas_3
comp_12750,tas_3
comp_12751,tas_3
comp_12752,tas_3
comp_12753,tas_3
comp_12754,tas_3
comp_12755,tas_3
comp_12756,tas_3
comp_12757,tas_3
comp_12758,tas_3
comp_12759,tas_3
comp_12760,tas_3
comp_12761,tas_3
comp_12762,tas_3
comp_12763,tas_3
comp_12764,tas_3
comp_12765,tas_3
comp_12766,tas_3
comp_12767,tas_3
comp_12768,tas_3
comp_12769,tas_3
comp_12770,tas_3
comp_12771,tas_3
comp_12772,tas_3
comp_12773,tas_3
comp_12774,tas_3
comp_12775,tas_3
comp_12776,tas_3
comp_12777,tas_3
comp_12778,tas_3
comp_12779,tas_3
comp_12780,tas_3
comp_12781,tas_3
comp_12782,tas_3
comp_12783,tas_3
comp_12784,tas_3
comp_12785,tas_3
comp_12786,tas_3
comp_12787,tas_3
comp_12788,tas_3
comp_12789,tas_3
comp_12790,tas_3
comp_12791,tas_3
comp_12792,tas_3
comp_12793,tas_3
comp_12794,tas_3
comp_12795,tas_3
comp_12796,tas_3
comp_12797,tas_3
comp_12798,tas_3
comp_12799,tas_3
comp_12800,tas_3
comp_12801,tas_3
comp_12802,tas_3
comp_12803,tas_3
comp_12804,tas_3
comp_12805,tas_3
comp_12806,tas_3
comp_12807,tas_3
comp_12808,tas_3
comp_12809,tas_3
comp_12810,tas_3
comp_12811,tas_3
comp_12812,tas_3
comp_12813,tas_3
comp_12814,tas_3
comp_12815,tas_3
comp_12816,tas_3
comp_12817,tas_3
comp_12818,tas_3
comp_12819,tas_3
comp_12820,tas_3
comp_12821,tas_3
comp_12822,tas_3
comp_12823,tas_3
comp_12824,tas_3
comp_12825,tas_3
comp_12826,tas_3
comp_12827,tas_3
comp_12828,tas_3
comp_12829,tas_3
comp_12830,tas_3
comp_12831,tas_3
comp_12832,tas_3
comp_12833,tas_3
comp_12834,tas_3
comp_12835,tas_3
comp_12836,tas_3
comp_12837,tas_3
comp_12838,tas_3
comp_12839,tas_3
comp_12840,tas_3
comp_12841,tas_3
comp_12842,tas_3
comp_12843,tas_3
comp_12844,tas_3
comp_12845,tas_3
comp_12846,tas_3
comp_12847,tas_3
comp_12848,tas_3
comp_12849,tas_3
comp_12850,tas_3
comp_12851,tas_3
comp_12852,tas_3
comp_12853,tas_3
comp_12854,tas_3
comp_12855,tas_3
comp_12856,tas_3
comp_12857,tas_3
comp_12858,tas_3
comp_12859,tas_3
comp_12860,tas_3
comp_12861,tas_3
comp_12862,tas_3
comp_12863,tas_3
comp_12864,tas_3
comp_12865,tas_3
comp_12866,tas_3
comp_12867,tas_3
comp_12868,tas_3
comp_12869,tas_3
comp_12870,tas_3
comp_12871,tas_3
comp_12872,tas_3
comp_12873,tas_3
comp_12874,tas_3
comp_12875,tas_3
comp_12876,tas_3
comp_12877,tas_3
comp_12878,tas_3
comp_12879,tas_3
comp_12880,tas_3
comp_12881,tas_3
comp_12882,tas_3
comp_12883,tas_3
comp_12884,tas_3
comp_12885,tas_3
comp_12886,tas_3
comp_12887,tas_3
comp_12888,tas_3
comp_12889,tas_3
comp_12890,tas_3
comp_12891,tas_3
comp_12892,tas_3
comp_12893,tas_3
comp_12894,tas_3
comp_12895,tas_3
comp_12896,tas_3
comp_12897,tas_3
comp_12898,tas_3
comp_12899,tas_3
comp_12900,tas_3
comp_12901,tas_3
comp_12902,tas_3
comp_12903,tas_3
comp_12904,tas_3
comp_12905,tas_3
comp_12906,tas_3
comp_12907,tas_3
comp_12908,tas_3
comp_12909,tas_3
comp_12910,tas_3
comp_12911,tas_3
comp_12912,tas_3
comp_12913,tas_3
comp_12914,tas_3
comp_12915,tas_3
comp_12916,tas_3
comp_12917,tas_3
comp_12918,tas_3
comp_12919,tas_3
comp_12920,tas_3
comp_12921,tas_3
comp_12922,tas_3
comp_12923,tas_3
comp_12924,tas_3
comp_12925,tas_3
comp_12926,tas_3
comp_12927,tas_3
comp_12928,tas_3
comp_12929,tas_3
comp_12930,tas_3
comp_12931,tas_3
comp_12932,tas_3
comp_12933,tas_3
comp_12934,tas_3
comp_12935,tas_3
comp_12936,tas_3
comp_12937,tas_3
comp_12938,tas_3
comp_12939,tas_3
comp_12940,tas_3
comp_12941,tas_3
comp_12942,tas_3
comp_12943,tas_3
comp_12944,tas_3
comp_12945,tas_3
comp_12946,tas_3
comp_12947,tas_3
comp_12948,tas_3
comp_12949,tas_3
comp_12950,tas_3
comp_12951,tas_3
comp_12952,tas_3
comp_12953,tas_3
comp_12954,tas_3
comp_12955,tas_3
comp_12956,tas_3
comp_12957,tas_3
comp_12958,tas_3
comp_12959,tas_3
comp_12960,tas_3
comp_12961,tas_3
comp_12962,tas_3
comp_12963,tas_3
comp_12964,tas_3
comp_12965,tas_3
comp_12966,tas_3
comp_12967,tas_3
comp_12968,tas_3
comp_12969,tas_3
comp_12970,tas_3
comp_12971,tas_3
comp_12972,tas_3
comp_12973,tas_3
comp_12974,tas_3
comp_12975,tas_3
comp_12976,tas_3
comp_12977,tas_3
comp_12978,tas_3
comp_12979,tas_3
comp_12980,tas_3
comp_12981,tas_3
comp_12982,tas_3
comp_12983,tas_3
comp_12984,tas_3
comp_12985,tas_3
comp_12986,tas_3
comp_12987,tas_3
comp_12988,tas_3
comp_12989,tas_3
comp_12990,tas_3
comp_12991,tas_3
comp_12992,tas_3
comp_12993,tas_3
comp_12994,tas_3
comp_12995,tas_3
comp_12996,tas_3
comp_12997,tas_3
comp_12998,tas_3
comp_12999,tas_3
comp_13000,tas_3
comp_13001,tas_3
comp_13002,tas_3
comp_13003,tas_3
comp_13004,tas_3
comp_13005,tas_3
comp_13006,tas_3
comp_13007,tas_3
comp_13008,tas_3
comp_13009,tas_3
comp_13010,tas_3
comp_13011,tas_3
comp_13012,tas_3
comp_13013,tas_3
comp_13014,tas_3
comp_13015,tas_3
comp_13016,tas_3
comp_13017,tas_3
comp_13018,tas_3
comp_13019,tas_3
comp_13020,tas_3
comp_13021,tas_3
comp_13022,tas_3
comp_13023,tas_3
comp_13024,tas_3
comp_13025,tas_3
comp_13026,tas_3
comp_13027,tas_3
comp_13028,tas_3
comp_13029,tas_3
comp_13030,tas_3
comp_13031,tas_3
comp_13032,tas_3
comp_13033,tas_3
comp_13034,tas_3
comp_13035,tas_3
comp_13036,tas_3
comp_13037,tas_3
comp_13038,tas_3
comp_13039,tas_3
comp_13040,tas_3
comp_13041,tas_3
comp_13042,tas_3
comp_13043,tas_3
comp_13044,tas_3
comp_13045,tas_3
comp_13046,tas_3
comp_13047,tas_3
comp_13048,tas_3
comp_13049,tas_3
comp_13050,tas_3
comp_13051,tas_3
comp_13052,tas_3
comp_13053,tas_3
comp_13054,tas_3
comp_13055,tas_3
comp_13056,tas_3
comp_13057,tas_3
comp_13058,tas_3
comp_13059,tas_3
comp_13060,tas_3
comp_13061,tas_3
comp_13062,tas_3
comp_13063,tas_3
comp_13064,tas_3
comp_13065,tas_3
comp_13066,tas_3
comp_13067,tas_3
comp_13068,tas_3
comp_13069,tas_3
comp_13070,tas_3
comp_13071,tas_3
comp_13072,tas_3
comp_13073,tas_3
comp_13074,tas_3
comp_13075,tas_3
comp_13076,tas_3
comp_13077,tas_3
comp_13078,tas_3
comp_13079,tas_3
comp_13080,tas_3
comp_13081,tas_3
comp_13082,tas_3
comp_13083,tas_3
comp_13084,tas_3
comp_13085,tas_3
comp_13086,tas_3
comp_13087,tas_3
comp_13088,tas_3
comp_13089,tas_3
comp_13090,tas_3
comp_13091,tas_3
comp_13092,tas_3
comp_13093,tas_3
comp_13094,tas_3
comp_13095,tas_3
comp_13096,tas_3
comp_13097,tas_3
comp_13098,tas_3
comp_13099,tas_3
comp_13100,tas_3
comp_13101,tas_3
comp_13102,tas_3
comp_13103,tas_3
comp_13104,tas_3
comp_13105,tas_3
comp_13106,tas_3
comp_13107,tas_3
comp_13108,tas_3
comp_13109,tas_3
comp_13110,tas_3
comp_13111,tas_3
comp_13112,tas_3
comp_13113,tas_3
comp_13114,tas_3
comp_13115,tas_3
comp_13116,tas_3
comp_13117,tas_3
comp_13118,tas_3
comp_13119,tas_3
comp_13120,tas_3
comp_13121,tas_3
comp_13122,tas_3
comp_13123,tas_3
comp_13124,tas_3
comp_13125,tas_3
comp_13126,tas_3
comp_13127,tas_3
comp_13128,tas_3
comp_13129,tas_3
comp_13130,tas_3
comp_13131,tas_3
comp_13132,tas_3
comp_13133,tas_3
comp_13134,tas_3
comp_13135,tas_3
comp_13136,tas_3
comp_13137,tas_3
comp_13138,tas_3
comp_13139,tas_3
comp_13140,tas_3
comp_13141,tas_3
comp_13142,tas_3
comp_13143,tas_3
comp_13144,tas_3
comp_13145,tas_3
comp_13146,tas_3
comp_13147,tas_3
comp_13148,tas_3
comp_13149,tas_3
comp_13150,tas_3
comp_13151,tas_3
comp_13152,tas_3
comp_13153,tas_3
comp_13154,tas_3
comp_13155,tas_3
comp_13156,tas_3
comp_13157,tas_3
comp_13158,tas_3
comp_13159,tas_3
comp_13160,tas_3
comp_13161,tas_3
comp_13162,tas_3
comp_13163,tas_3
comp_13164,tas_3
comp_13165,tas_3
comp_13166,tas_3
comp_13167,tas_3
comp_13168,tas_3
comp_13169,tas_3
comp_13170,tas_3
comp_13171,tas_3
comp_13172,tas_3
comp_13173,tas_3
comp_13174,tas_3
comp_13175,tas_3
comp_13176,tas_3
comp_13177,tas_3
comp_13178,tas_3
comp_13179,tas_3
comp_13180,tas_3
comp_13181,tas_3
comp_13182,tas_3
comp_13183,tas_3
comp_13184,tas_3
comp_13185,tas_3
comp_13186,tas_3
comp_13187,tas_3
comp_13188,tas_3
comp_13189,tas_3
comp_13190,tas_3
comp_13191,tas_3
comp_13192,tas_3
comp_13193,tas_3
comp_13194,tas_3
comp_13195,tas_3
comp_13196,tas_3
comp_13197,tas_3
comp_13198,tas_3
comp_13199,tas_3
comp_13200,tas_3
comp_13201,tas_3
comp_13202,tas_3
comp_13203,tas_3
comp_13204,tas_3
comp_13205,tas_3
comp_13206,tas_3
comp_13207,tas_3
comp_13208,tas_3
comp_13209,tas_3
comp_13210,tas_3
comp_13211,tas_3
comp_13212,tas_3
comp_13213,tas_3
comp_13214,tas_3
comp_13215,tas_3
comp_13216,tas_3
comp_13217,tas_3
comp_13218,tas_3
comp_13219,tas_3
comp_13220,tas_3
comp_13221,tas_3
comp_13222,tas_3
comp_13223,tas_3
comp_13224,tas_3
comp_13225,tas_3
comp_13226,tas_3
comp_13227,tas_3
comp_13228,tas_3
comp_13229,tas_3
comp_13230,tas_3
comp_13231,tas_3
comp_13232,tas_3
comp_13233,tas_3
comp_13234,tas_3
comp_13235,tas_3
comp_13236,tas_3
comp_13237,tas_3
comp_13238,tas_3
comp_13239,tas_3
comp_13240,tas_3
comp_13241,tas_3
comp_13242,tas_3
comp_13243,tas_3
comp_13244,tas_3
comp_13245,tas_3
comp_13246,tas_3
comp_13247,tas_3
comp_13248,tas_3
comp_13249,tas_3
comp_13250,tas_3
comp_13251,tas_3
comp_13252,tas_3
comp_13253,tas_3
comp_13254,tas_3
comp_13255,tas_3
comp_13256,tas_3
comp_13257,tas_3
comp_13258,tas_3
comp_13259,tas_3
comp_13260,tas_3
comp_13261,tas_3
comp_13262,tas_3
comp_13263,tas_3
comp_13264,tas_3
comp_13265,tas_3
comp_13266,tas_3
comp_13267,tas_3
comp_13268,tas_3
comp_13269,tas_3
comp_13270,tas_3
comp_13271,tas_3
comp_13272,tas_3
comp_13273,tas_3
comp_13274,tas_3
comp_13275,tas_3
comp_13276,tas_3
comp_13277,tas_3
comp_13278,tas_3
comp_13279,tas_3
comp_13280,tas_3
comp_13281,tas_3
comp_13282,tas_3
comp_13283,tas_3
comp_13284,tas_3
comp_13285,tas_3
comp_13286,tas_3
comp_13287,tas_3
comp_13288,tas_3
comp_13289,tas_3
comp_13290,tas_3
comp_13291,tas_3
comp_13292,tas_3
comp_13293,tas_3
comp_13294,tas_3
comp_13295,tas_3
comp_13296,tas_3
comp_13297,tas_3
comp_13298,tas_3
comp_13299,tas_3
comp_13300,tas_3
comp_13301,tas_3
comp_13302,tas_3
comp_13303,tas_3
comp_13304,tas_3
comp_13305,tas_3
comp_13306,tas_3
comp_13307,tas_3
comp_13308,tas_3
comp_13309,tas_3
comp_13310,tas_3
comp_13311,tas_3
comp_13312,tas_3
comp_13313,tas_3
comp_13314,tas_3
comp_13315,tas_3
comp_13316,tas_3
comp_13317,tas_3
comp_13318,tas_3
comp_13319,tas_3
comp_13320,tas_3
comp_13321,tas_3
comp_13322,tas_3
comp_13323,tas_3
comp_13324,tas_3
comp_13325,tas_3
comp_13326,tas_3
comp_13327,tas_3
comp_13328,tas_3
comp_13329,tas_3
comp_13330,tas_3
comp_13331,tas_3
comp_13332,tas_3
comp_13333,tas_3
comp_13334,tas_3
comp_13335,tas_3
comp_13336,tas_3
comp_13337,tas_3
comp_13338,tas_3
comp_13339,tas_3
comp_13340,tas_3
comp_13341,tas_3
comp_13342,tas_3
comp_13343,tas_3
comp_13344,tas_3
comp_13345,tas_3
comp_13346,tas_3
comp_13347,tas_3
comp_13348,tas_3
comp_13349,tas_3
comp_13350,tas_3
comp_13351,tas_3
comp_13352,tas_3
comp_13353,tas_3
comp_13354,tas_3
comp_13355,tas_3
comp_13356,tas_3
comp_13357,tas_3
comp_13358,tas_3
comp_13359,tas_3
comp_13360,tas_3
comp_13361,tas_3
comp_13362,tas_3
comp_13363,tas_3
comp_13364,tas_3
comp_13365,tas_3
comp_13366,tas_3
comp_13367,tas_3
comp_13368,tas_3
comp_13369,tas_3
comp_13370,tas_3
comp_13371,tas_3
comp_13372,tas_3
comp_13373,tas_3
comp_13374,tas_3
comp_13375,tas_3
comp_13376,tas_3
comp_13377,tas_3
comp_13378,tas_3
comp_13379,tas_3
comp_13380,tas_3
comp_13381,tas_3
comp_13382,tas_3
comp_13383,tas_3
comp_13384,tas_3
comp_13385,tas_3
comp_13386,tas_3
comp_13387,tas_3
comp_13388,tas_3
comp_13389,tas_3
comp_13390,tas_3
comp_13391,tas_3
comp_13392,tas_3
comp_13393,tas_3
comp_13394,tas_3
comp_13395,tas_3
comp_13396,tas_3
comp_13397,tas_3
comp_13398,tas_3
comp_13399,tas_3
comp_13400,tas_3
comp_13401,tas_3
comp_13402,tas_3
comp_13403,tas_3
comp_13404,tas_3
comp_13405,tas_3
comp_13406,tas_3
comp_13407,tas_3
comp_13408,tas_3
comp_13409,tas_3
comp_13410,tas_3
comp_13411,tas_3
comp_13412,tas_3
comp_13413,tas_3
comp_13414,tas_3
comp_13415,tas_3
comp_13416,tas_3
comp_13417,tas_3
comp_13418,tas_3
comp_13419,tas_3
comp_13420,tas_3
comp_13421,tas_3
comp_13422,tas_3
comp_13423,tas_3
comp_13424,tas_3
comp_13425,tas_3
comp_13426,tas_3
comp_13427,tas_4
comp_13428,tas_4
comp_13429,tas_4
comp_13430,tas_4
comp_13431,tas_4
comp_13432,tas_4
comp_13433,tas_4
comp_13434,tas_4
comp_13435,tas_4
comp_13436,tas_4
comp_13437,tas_4
comp_13438,tas_4
comp_13439,tas_4
comp_13440,tas_4
comp_13441,tas_4
comp_13442,tas_4
comp_13443,tas_4
comp_13444,tas_4
comp_13445,tas_4
comp_13446,tas_4
comp_13447,tas_4
comp_13448,tas_4
comp_13449,tas_4
comp_13450,tas_4
comp_13451,tas_4
comp_13452,tas_4
comp_13453,tas_4
comp_13454,tas_4
comp_13455,tas_4
comp_13456,tas_4
comp_13457,tas_4
comp_13458,tas_4
comp_13459,tas_4
comp_13460,tas_4
comp_13461,tas_4
comp_13462,tas_4
comp_13463,tas_4
comp_13464,tas_4
comp_13465,tas_4
comp_13466,tas_4
comp_13467,tas_4
comp_13468,tas_4
comp_13469,tas_4
comp_13470,tas_4
comp_13471,tas_4
comp_13472,tas_4
comp_13473,tas_4
comp_13474,tas_4
comp_13475,tas_4
comp_13476,tas_4
comp_13477,tas_4
comp_13478,tas_4
comp_13479,tas_4
comp_13480,tas_4
comp_13481,tas_4
comp_13482,tas_4
comp_13483,tas_4
comp_13484,tas_4
comp_13485,tas_4
comp_13486,tas_4
comp_13487,tas_4
comp_13488,tas_4
comp_13489,tas_4
comp_13490,tas_4
comp_13491,tas_4
comp_13492,tas_4
comp_13493,tas_4
comp_13494,tas_4
comp_13495,tas_4
comp_13496,tas_4
comp_13497,tas_4
comp_13498,tas_4
comp_13499,tas_4
comp_13500,tas_4
comp_13501,tas_4
comp_13502,tas_4
comp_13503,tas_4
comp_13504,tas_4
comp_13505,tas_4
comp_13506,tas_4
comp_13507,tas_4
comp_13508,tas_4
comp_13509,tas_4
comp_13510,tas_4
comp_13511,tas_4
comp_13512,tas_4
comp_13513,tas_4
comp_13514,tas_4
comp_13515,tas_4
comp_13516,tas_4
comp_13517,tas_4
comp_13518,tas_4
comp_13519,tas_4
comp_13520,tas_4
comp_13521,tas_4
comp_13522,tas_4
comp_13523,tas_4
comp_13524,tas_4
comp_13525,tas_4
comp_13526,tas_4
comp_13527,tas_4
comp_13528,tas_4
comp_13529,tas_4
comp_13530,tas_4
comp_13531,tas_4
comp_13532,tas_4
comp_13533,tas_4
comp_13534,tas_4
comp_13535,tas_4
comp_13536,tas_4
comp_13537,tas_4
comp_13538,tas_4
comp_13539,tas_4
comp_13540,tas_4
comp_13541,tas_4
comp_13542,tas_4
comp_13543,tas_4
comp_13544,tas_4
comp_13545,tas_4
comp_13546,tas_4
comp_13547,tas_4
comp_13548,tas_4
comp_13549,tas_4
comp_13550,tas_4
comp_13551,tas_4
comp_13552,tas_4
comp_13553,tas_4
comp_13554,tas_4
comp_13555,tas_4
comp_13556,tas_4
comp_13557,tas_4
comp_13558,tas_4
comp_13559,tas_4
comp_13560,tas_4
comp_13561,tas_4
comp_13562,tas_4
comp_13563,tas_4
comp_13564,tas_4
comp_13565,tas_4
comp_13566,tas_4
comp_13567,tas_4
comp_13568,tas_4
comp_13569,tas_4
comp_13570,tas_4
comp_13571,tas_4
comp_13572,tas_4
comp_13573,tas_4
comp_13574,tas_4
comp_13575,tas_4
comp_13576,tas_4
comp_13577,tas_4
comp_13578,tas_4
comp_13579,tas_4
comp_13580,tas_4
comp_13581,tas_4
comp_13582,tas_4
comp_13583,tas_4
comp_13584,tas_4
comp_13585,tas_4
comp_13586,tas_4
comp_13587,tas_4
comp_13588,tas_4
comp_13589,tas_4
comp_13590,tas_4
comp_13591,tas_4
comp_13592,tas_4
comp_13593,tas_4
comp_13594,tas_4
comp_13595,tas_4
comp_13596,tas_4
comp_13597,tas_4
comp_13598,tas_4
comp_13599,tas_4
comp_13600,tas_4
comp_13601,tas_4
comp_13602,tas_4
comp_13603,tas_4
comp_13604,tas_4
comp_13605,tas_4
comp_13606,tas_4
comp_13607,tas_4
comp_13608,tas_4
comp_13609,tas_4
comp_13610,tas_4
comp_13611,tas_4
comp_13612,tas_4
comp_13613,tas_4
comp_13614,tas_4
comp_13615,tas_4
comp_13616,tas_4
comp_13617,tas_4
comp_13618,tas_4
comp_13619,tas_4
comp_13620,tas_4
comp_13621,tas_4
comp_13622,tas_4
comp_13623,tas_4
comp_13624,tas_4
comp_13625,tas_4
comp_13626,tas_4
comp_13627,tas_4
comp_13628,tas_4
comp_13629,tas_4
comp_13630,tas_4
comp_13631,tas_4
comp_13632,tas_4
comp_13633,tas_4
comp_13634,tas_4
comp_13635,tas_4
comp_13636,tas_4
comp_13637,tas_4
comp_13638,tas_4
comp_13639,tas_4
comp_13640,tas_4
comp_13641,tas_4
comp_13642,tas_4
comp_13643,tas_4
comp_13644,tas_4
comp_13645,tas_4
comp_13646,tas_4
comp_13647,tas_4
comp_13648,tas_4
comp_13649,tas_4
comp_13650,tas_4
comp_13651,tas_4
comp_13652,tas_4
comp_13653,tas_4
comp_13654,tas_4
comp_13655,tas_4
comp_13656,tas_4
comp_13657,tas_4
comp_13658,tas_4
comp_13659,tas_4
comp_13660,tas_4
comp_13661,tas_4
comp_13662,tas_4
comp_13663,tas_4
comp_13664,tas_4
comp_13665,tas_4
comp_13666,tas_4
comp_13667,tas_4
comp_13668,tas_4
comp_13669,tas_4
comp_13670,tas_4
comp_13671,tas_4
comp_13672,tas_4
comp_13673,tas_4
comp_13674,tas_4
comp_13675,tas_4
comp_13676,tas_4
comp_13677,tas_4
comp_13678,tas_4
comp_13679,tas_4
comp_13680,tas_4
comp_13681,tas_4
comp_13682,tas_4
comp_13683,tas_4
comp_13684,tas_4
comp_13685,tas_4
comp_13686,tas_4
comp_13687,tas_4
comp_13688,tas_4
comp_13689,tas_4
comp_13690,tas_4
comp_13691,tas_4
comp_13692,tas_4
comp_13693,tas_4
comp_13694,tas_4
comp_13695,tas_4
comp_13696,tas_4
comp_13697,tas_4
comp_13698,tas_4
comp_13699,tas_4
comp_13700,tas_4
comp_13701,tas_4
comp_13702,tas_4
comp_13703,tas_4
comp_13704,tas_4
comp_13705,tas_4
comp_13706,tas_4
comp_13707,tas_4
comp_13708,tas_4
comp_13709,tas_4
comp_13710,tas_4
comp_13711,tas_4
comp_13712,tas_4
comp_13713,tas_4
comp_13714,tas_4
comp_13715,tas_4
comp_13716,tas_4
comp_13717,tas_4
comp_13718,tas_4
comp_13719,tas_4
comp_13720,tas_4
comp_13721,tas_4
comp_13722,tas_4
comp_13723,tas_4
comp_13724,tas_4
comp_13725,tas_4
comp_13726,tas_4
comp_13727,tas_4
comp_13728,tas_4
comp_13729,tas_4
comp_13730,tas_4
comp_13731,tas_4
comp_13732,tas_4
comp_13733,tas_4
comp_13734,tas_4
comp_13735,tas_4
comp_13736,tas_4
comp_13737,tas_4
comp_13738,tas_4
comp_13739,tas_4
comp_13740,tas_4
comp_13741,tas_4
comp_13742,tas_4
comp_13743,tas_4
comp_13744,tas_4
comp_13745,tas_4
comp_13746,tas_4
comp_13747,tas_4
comp_13748,tas_4
comp_13749,tas_4
comp_13750,tas_4
comp_13751,tas_4
comp_13752,tas_4
comp_13753,tas_4
comp_13754,tas_4
comp_13755,tas_4
comp_13756,tas_4
comp_13757,tas_4
comp_13758,tas_4
comp_13759,tas_4
comp_13760,tas_4
comp_13761,tas_4
comp_13762,tas_4
comp_13763,tas_4
comp_13764,tas_4
comp_13765,tas_4
comp_13766,tas_4
comp_13767,tas_4
comp_13768,tas_4
comp_13769,tas_4
comp_13770,tas_4
comp_13771,tas_4
comp_13772,tas_4
comp_13773,tas_4
comp_13774,tas_4
comp_13775,tas_4
comp_13776,tas_4
comp_13777,tas_4
comp_13778,tas_4
comp_13779,tas_4
comp_13780,tas_4
comp_13781,tas_4
comp_13782,tas_4
comp_13783,tas_4
comp_13784,tas_4
comp_13785,tas_4
comp_13786,tas_4
comp_13787,tas_4
comp_13788,tas_4
comp_13789,tas_4
comp_13790,tas_4
comp_13791,tas_4
comp_13792,tas_4
comp_13793,tas_4
comp_13794,tas_4
comp_13795,tas_4
comp_13796,tas_4
comp_13797,tas_4
comp_13798,tas_4
comp_13799,tas_4
comp_13800,tas_4
comp_13801,tas_4
comp_13802,tas_4
comp_13803,tas_4
comp_13804,tas_4
comp_13805,tas_4
comp_13806,tas_4
comp_13807,tas_4
comp_13808,tas_4
comp_13809,tas_4
comp_13810,tas_4
comp_13811,tas_4
comp_13812,tas_4
comp_13813,tas_4
comp_13814,tas_4
comp_13815,tas_4
comp_13816,tas_4
comp_13817,tas_4
comp_13818,tas_4
comp_13819,tas_4
comp_13820,tas_4
comp_13821,tas_4
comp_13822,tas_4
comp_13823,tas_4
comp_13824,tas_4
comp_13825,tas_4
comp_13826,tas_4
comp_13827,tas_4
comp_13828,tas_4
comp_13829,tas_4
comp_13830,tas_4
comp_13831,tas_4
comp_13832,tas_4
comp_13833,tas_4
comp_13834,tas_4
comp_13835,tas_4
comp_13836,tas_4
comp_13837,tas_4
comp_13838,tas_4
comp_13839,tas_4
comp_13840,tas_4
comp_13841,tas_4
comp_13842,tas_4
comp_13843,tas_4
comp_13844,tas_4
comp_13845,tas_4
comp_13846,tas_4
comp_13847,tas_4
comp_13848,tas_4
comp_13849,tas_4
comp_13850,tas_4
comp_13851,tas_4
comp_13852,tas_4
comp_13853,tas_4
comp_13854,tas_4
comp_13855,tas_4
comp_13856,tas_4
comp_13857,tas_4
comp_13858,tas_4
comp_13859,tas_4
comp_13860,tas_4
comp_13861,tas_4
comp_13862,tas_4
comp_13863,tas_4
comp_13864,tas_4
comp_13865,tas_4
comp_13866,tas_4
comp_13867,tas_4
comp_13868,tas_4
comp_13869,tas_4
comp_13870,tas_4
comp_13871,tas_4
comp_13872,tas_4
comp_13873,tas_4
comp_13874,tas_4
comp_13875,tas_4
comp_13876,tas_4
comp_13877,tas_4
comp_13878,tas_4
comp_13879,tas_4
comp_13880,tas_4
comp_13881,tas_4
comp_13882,tas_4
comp_13883,tas_4
comp_13884,tas_4
comp_13885,tas_4
comp_13886,tas_4
comp_13887,tas_4
comp_13888,tas_4
comp_13889,tas_4
comp_13890,tas_4
comp_13891,tas_4
comp_13892,tas_4
comp_13893,tas_4
comp_13894,tas_4
comp_13895,tas_4
comp_13896,tas_4
comp_13897,tas_4
comp_13898,tas_4
comp_13899,tas_4
comp_13900,tas_4
comp_13901,tas_4
comp_13902,tas_4
comp_13903,tas_4
comp_13904,tas_4
comp_13905,tas_4
comp_13906,tas_4
comp_13907,tas_4
comp_13908,tas_4
comp_13909,tas_4
comp_13910,tas_4
comp_13911,tas_4
comp_13912,tas_4
comp_13913,tas_4
comp_13914,tas_4
comp_13915,tas_4
comp_13916,tas_4
comp_13917,tas_4
comp_13918,tas_4
comp_13919,tas_4
comp_13920,tas_4
comp_13921,tas_4
comp_13922,tas_4
comp_13923,tas_4
comp_13924,tas_4
comp_13925,tas_4
comp_13926,tas_4
comp_13927,tas_4
comp_13928,tas_4
comp_13929,tas_4
comp_13930,tas_4
comp_13931,tas_4
comp_13932,tas_4
comp_13933,tas_4
comp_13934,tas_4
comp_13935,tas_4
comp_13936,tas_4
comp_13937,tas_4
comp_13938,tas_4
comp_13939,tas_4
comp_13940,tas_4
comp_13941,tas_4
comp_13942,tas_4
comp_13943,tas_4
comp_13944,tas_4
comp_13945,tas_4
comp_13946,tas_4
comp_13947,tas_4
comp_13948,tas_4
comp_13949,tas_4
comp_13950,tas_4
comp_13951,tas_4
comp_13952,tas_4
comp_13953,tas_4
comp_13954,tas_4
comp_13955,tas_4
comp_13956,tas_4
comp_13957,tas_4
comp_13958,tas_4
comp_13959,tas_4
comp_13960,tas_4
comp_13961,tas_4
comp_13962,tas_4
comp_13963,tas_4
comp_13964,tas_4
comp_13965,tas_4
comp_13966,tas_4
comp_13967,tas_4
comp_13968,tas_4
comp_13969,tas_4
comp_13970,tas_4
comp_13971,tas_4
comp_13972,tas_4
comp_13973,tas_4
comp_13974,tas_4
comp_13975,tas_4
comp_13976,tas_4
comp_13977,tas_4
comp_13978,tas_4
comp_13979,tas_4
comp_13980,tas_4
comp_13981,tas_4
comp_13982,tas_4
comp_13983,tas_4
comp_13984,tas_4
comp_13985,tas_4
comp_13986,tas_4
comp_13987,tas_4
comp_13988,tas_4
comp_13989,tas_4
comp_13990,tas_4
comp_13991,tas_4
comp_13992,tas_4
comp_13993,tas_4
comp_13994,tas_4
comp_13995,tas_4
comp_13996,tas_4
comp_13997,tas_4
comp_13998,tas_4
comp_13999,tas_4
comp_14000,tas_4
comp_14001,tas_4
comp_14002,tas_4
comp_14003,tas_4
comp_14004,tas_4
comp_14005,tas_4
comp_14006,tas_4
comp_14007,tas_4
comp_14008,tas_4
comp_14009,tas_4
comp_14010,tas_4
comp_14011,tas_4
comp_14012,tas_4
comp_14013,tas_4
comp_14014,tas_4
comp_14015,tas_4
comp_14016,tas_4
comp_14017,tas_4
comp_14018,tas_4
comp_14019,tas_4
comp_14020,tas_4
comp_14021,tas_4
comp_14022,tas_4
comp_14023,tas_4
comp_14024,tas_4
comp_14025,tas_4
comp_14026,tas_4
comp_14027,tas_4
comp_14028,tas_4
comp_14029,tas_4
comp_14030,tas_4
comp_14031,tas_4
comp_14032,tas_4
comp_14033,tas_4
comp_14034,tas_4
comp_14035,tas_4
comp_14036,tas_4
comp_14037,tas_4
comp_14038,tas_4
comp_14039,tas_4
comp_14040,tas_4
comp_14041,tas_4
comp_14042,tas_4
comp_14043,tas_4
comp_14044,tas_4
comp_14045,tas_4
comp_14046,tas_4
comp_14047,tas_4
comp_14048,tas_4
comp_14049,tas_4
comp_14050,tas_4
comp_14051,tas_4
comp_14052,tas_4
comp_14053,tas_4
comp_14054,tas_4
comp_14055,tas_4
comp_14056,tas_4
comp_14057,tas_4
comp_14058,tas_4
comp_14059,tas_4
comp_14060,tas_4
comp_14061,tas_4
comp_14062,tas_4
comp_14063,tas_4
comp_14064,tas_4
comp_14065,tas_4
comp_14066,tas_4
comp_14067,tas_4
comp_14068,tas_4
comp_14069,tas_4
comp_14070,tas_4
comp_14071,tas_4
comp_14072,tas_4
comp_14073,tas_4
comp_14074,tas_4
comp_14075,tas_4
comp_14076,tas_4
comp_14077,tas_4
comp_14078,tas_4
comp_14079,tas_4
comp_14080,tas_4
comp_14081,tas_4
comp_14082,tas_4
comp_14083,tas_4
comp_14084,tas_4
comp_14085,tas_4
comp_14086,tas_4
comp_14087,tas_4
comp_14088,tas_4
comp_14089,tas_4
comp_14090,tas_4
comp_14091,tas_4
comp_14092,tas_4
comp_14093,tas_4
comp_14094,tas_4
comp_14095,tas_4
comp_14096,tas_4
comp_14097,tas_4
comp_14098,tas_4
comp_14099,tas_4
comp_14100,tas_4
comp_14101,tas_4
comp_14102,tas_4
comp_14103,tas_4
comp_14104,tas_4
comp_14105,tas_4
comp_14106,tas_4
comp_14107,tas_4
comp_14108,tas_4
comp_14109,tas_4
comp_14110,tas_4
comp_14111,tas_4
comp_14112,tas_4
comp_14113,tas_4
comp_14114,tas_4
comp_14115,tas_4
comp_14116,tas_4
comp_14117,tas_4
comp_14118,tas_4
comp_14119,tas_4
comp_14120,tas_4
comp_14121,tas_4
comp_14122,tas_4
comp_14123,tas_4
comp_14124,tas_4
comp_14125,tas_4
comp_14126,tas_4
comp_14127,tas_4
comp_14128,tas_4
comp_14129,tas_4
comp_14130,tas_4
comp_14131,tas_4
comp_14132,tas_4
comp_14133,tas_4
comp_14134,tas_4
comp_14135,tas_4
comp_14136,tas_4
comp_14137,tas_4
comp_14138,tas_4
comp_14139,tas_4
comp_14140,tas_4
comp_14141,tas_4
comp_14142,tas_4
comp_14143,tas_4
comp_14144,tas_4
comp_14145,tas_4
comp_14146,tas_4
comp_14147,tas_4
comp_14148,tas_4
comp_14149,tas_4
comp_14150,tas_4
comp_14151,tas_4
comp_14152,tas_4
comp_14153,tas_4
comp_14154,tas_4
comp_14155,tas_4
comp_14156,tas_4
comp_14157,tas_4
comp_14158,tas_4
comp_14159,tas_4
comp_14160,tas_4
comp_14161,tas_4
comp_14162,tas_4
comp_14163,tas_4
comp_14164,tas_4
comp_14165,tas_4
comp_14166,tas_4
comp_14167,tas_4
comp_14168,tas_4
comp_14169,tas_4
comp_14170,tas_4
comp_14171,tas_4
comp_14172,tas_4
comp_14173,tas_4
comp_14174,tas_4
comp_14175,tas_4
comp_14176,tas_4
comp_14177,tas_4
comp_14178,tas_4
comp_14179,tas_4
comp_14180,tas_4
comp_14181,tas_4
comp_14182,tas_4
comp_14183,tas_4
comp_14184,tas_4
comp_14185,tas_4
comp_14186,tas_4
comp_14187,tas_4
comp_14188,tas_4
comp_14189,tas_4
comp_14190,tas_4
comp_14191,tas_4
comp_14192,tas_4
comp_14193,tas_4
comp_14194,tas_4
comp_14195,tas_4
comp_14196,tas_4
comp_14197,tas_4
comp_14198,tas_4
comp_14199,tas_4
comp_14200,tas_4
comp_14201,tas_4
comp_14202,tas_4
comp_14203,tas_4
comp_14204,tas_4
comp_14205,tas_4
comp_14206,tas_4
comp_14207,tas_4
comp_14208,tas_4
comp_14209,tas_4
comp_14210,tas_4
comp_14211,tas_4
comp_14212,tas_4
comp_14213,tas_4
comp_14214,tas_4
comp_14215,tas_4
comp_14216,tas_4
comp_14217,tas_4
comp_14218,tas_4
comp_14219,tas_4
comp_14220,tas_4
comp_14221,tas_4
comp_14222,tas_4
comp_14223,tas_4
comp_14224,tas_4
comp_14225,tas_4
comp_14226,tas_4
comp_14227,tas_4
comp_14228,tas_4
comp_14229,tas_4
comp_14230,tas_4
comp_14231,tas_4
comp_14232,tas_4
comp_14233,tas_4
comp_14234,tas_4
comp_14235,tas_4
comp_14236,tas_4
comp_14237,tas_4
comp_14238,tas_4
comp_14239,tas_4
comp_14240,tas_4
comp_14241,tas_4
comp_14242,tas_4
comp_14243,tas_4
comp_14244,tas_4
comp_14245,tas_4
comp_14246,tas_4
comp_14247,tas_4
comp_14248,tas_4
comp_14249,tas_4
comp_14250,tas_4
comp_14251,tas_4
comp_14252,tas_4
comp_14253,tas_4
comp_14254,tas_4
comp_14255,tas_4
comp_14256,tas_4
comp_14257,tas_4
comp_14258,tas_4
comp_14259,tas_4
comp_14260,tas_4
comp_14261,tas_4
comp_14262,tas_4
comp_14263,tas_4
comp_14264,tas_4
comp_14265,tas_4
comp_14266,tas_4
comp_14267,tas_4
comp_14268,tas_4
comp_14269,tas_4
comp_14270,tas_4
comp_14271,tas_4
comp_14272,tas_4
comp_14273,tas_4
comp_14274,tas_4
comp_14275,tas_4
comp_14276,tas_4
comp_14277,tas_4
comp_14278,tas_4
comp_14279,tas_4
comp_14280,tas_4
comp_14281,tas_4
comp_14282,tas_4
comp_14283,tas_4
comp_14284,tas_4
comp_14285,tas_4
comp_14286,tas_4
comp_14287,tas_4
comp_14288,tas_4
comp_14289,tas_4
comp_14290,tas_4
comp_14291,tas_4
comp_14292,tas_4
comp_14293,tas_4
comp_14294,tas_4
comp_14295,tas_4
comp_14296,tas_4
comp_14297,tas_4
comp_14298,tas_4
comp_14299,tas_4
comp_14300,tas_4
comp_14301,tas_4
comp_14302,tas_4
comp_14303,tas_4
comp_14304,tas_4
comp_14305,tas_4
comp_14306,tas_4
comp_14307,tas_4
comp_14308,tas_4
comp_14309,tas_4
comp_14310,tas_4
comp_14311,tas_4
comp_14312,tas_4
comp_14313,tas_4
comp_14314,tas_4
comp_14315,tas_4
comp_14316,tas_4
comp_14317,tas_4
comp_14318,tas_4
comp_14319,tas_4
comp_14320,tas_4
comp_14321,tas_4
comp_14322,tas_4
comp_14323,tas_4
comp_14324,tas_4
comp_14325,tas_4
comp_14326,tas_4
comp_14327,tas_4
comp_14328,tas_4
comp_14329,tas_4
comp_14330,tas_4
comp_14331,tas_4
comp_14332,tas_4
comp_14333,tas_4
comp_14334,tas_4
comp_14335,tas_4
comp_14336,tas_4
comp_14337,tas_4
comp_14338,tas_4
comp_14339,tas_4
comp_14340,tas_4
comp_14341,tas_4
comp_14342,tas_4
comp_14343,tas_4
comp_14344,tas_4
comp_14345,tas_4
comp_14346,tas_4
comp_14347,tas_4
comp_14348,tas_4
comp_14349,tas_4
comp_14350,tas_4
comp_14351,tas_4
comp_14352,tas_4
comp_14353,tas_4
comp_14354,tas_4
comp_14355,tas_4
comp_14356,tas_4
comp_14357,tas_4
comp_14358,tas_4
comp_14359,tas_4
comp_14360,tas_4
comp_14361,tas_4
comp_14362,tas_4
comp_14363,tas_4
comp_14364,tas_4
comp_14365,tas_4
comp_14366,tas_4
comp_14367,tas_4
comp_14368,tas_4
comp_14369,tas_4
comp_14370,tas_4
comp_14371,tas_4
comp_14372,tas_4
comp_14373,tas_4
comp_14374,tas_4
comp_14375,tas_4
comp_14376,tas_4
comp_14377,tas_4
comp_14378,tas_4
comp_14379,tas_4
comp_14380,tas_4
comp_14381,tas_4
comp_14382,tas_4
comp_14383,tas_4
comp_14384,tas_4
comp_14385,tas_4
comp_14386,tas_4
comp_14387,tas_4
comp_14388,tas_4
comp_14389,tas_4
comp_14390,tas_4
comp_14391,tas_4
comp_14392,tas_4
comp_14393,tas_4
comp_14394,tas_4
comp_14395,tas_4
comp_14396,tas_4
comp_14397,tas_4
comp_14398,tas_4
comp_14399,tas_4
comp_14400,tas_4
comp_14401,tas_4
comp_14402,tas_4
comp_14403,tas_4
comp_14404,tas_4
comp_14405,tas_4
comp_14406,tas_4
comp_14407,tas_4
comp_14408,tas_4
comp_14409,tas_4
comp_14410,tas_4
comp_14411,tas_4
comp_14412,tas_4
comp_14413,tas_4
comp_14414,tas_4
comp_14415,tas_4
comp_14416,tas_4
comp_14417,tas_4
comp_14418,tas_4
comp_14419,tas_4
comp_14420,tas_4
comp_14421,tas_4
comp_14422,tas_4
comp_14423,tas_4
comp_14424,tas_4
comp_14425,tas_4
comp_14426,tas_4
comp_14427,tas_4
comp_14428,tas_4
comp_14429,tas_4
comp_14430,tas_4
comp_14431,tas_4
comp_14432,tas_4
comp_14433,tas_4
comp_14434,tas_4
comp_14435,tas_4
comp_14436,tas_4
comp_14437,tas_4
comp_14438,tas_4
comp_14439,tas_4
comp_14440,tas_4
comp_14441,tas_4
comp_14442,tas_4
comp_14443,tas_4
comp_14444,tas_4
comp_14445,tas_4
comp_14446,tas_4
comp_14447,tas_4
comp_14448,tas_4
comp_14449,tas_4
comp_14450,tas_4
comp_14451,tas_4
comp_14452,tas_4
comp_14453,tas_4
comp_14454,tas_4
comp_14455,tas_4
comp_14456,tas_4
comp_14457,tas_4
comp_14458,tas_4
comp_14459,tas_4
comp_14460,tas_4
comp_14461,tas_4
comp_14462,tas_4
comp_14463,tas_4
comp_14464,tas_4
comp_14465,tas_4
comp_14466,tas_4
comp_14467,tas_4
comp_14468,tas_4
comp_14469,tas_4
comp_14470,tas_4
comp_14471,tas_4
comp_14472,tas_4
comp_14473,tas_4
comp_14474,tas_4
comp_14475,tas_4
comp_14476,tas_4
comp_14477,tas_4
comp_14478,tas_4
comp_14479,tas_4
comp_14480,tas_4
comp_14481,tas_4
comp_14482,tas_4
comp_14483,tas_4
comp_14484,tas_4
comp_14485,tas_4
comp_14486,tas_4
comp_14487,tas_4
comp_14488,tas_4
comp_14489,tas_4
comp_14490,tas_4
comp_14491,tas_4
comp_14492,tas_4
comp_14493,tas_4
comp_14494,tas_4
comp_14495,tas_4
comp_14496,tas_4
comp_14497,tas_4
comp_14498,tas_4
comp_14499,tas_4
comp_14500,tas_4
comp_14501,tas_4
comp_14502,tas_4
comp_14503,tas_4
comp_14504,tas_4
comp_14505,tas_4
comp_14506,tas_4
comp_14507,tas_4
comp_14508,tas_4
comp_14509,tas_4
comp_14510,tas_4
comp_14511,tas_4
comp_14512,tas_4
comp_14513,tas_4
comp_14514,tas_4
comp_14515,tas_4
comp_14516,tas_4
comp_14517,tas_4
comp_14518,tas_4
comp_14519,tas_4
comp_14520,tas_4
comp_14521,tas_4
comp_14522,tas_4
comp_14523,tas_4
comp_14524,tas_4
comp_14525,tas_4
comp_14526,tas_4
comp_14527,tas_4
comp_14528,tas_4
comp_14529,tas_4
comp_14530,tas_4
comp_14531,tas_4
comp_14532,tas_4
comp_14533,tas_4
comp_14534,tas_4
comp_14535,tas_4
comp_14536,tas_4
comp_14537,tas_4
comp_14538,tas_4
comp_14539,tas_4
comp_14540,tas_4
comp_14541,tas_4
comp_14542,tas_4
comp_14543,tas_4
comp_14544,tas_4
comp_14545,tas_4
comp_14546,tas_4
comp_14547,tas_4
comp_14548,tas_4
comp_14549,tas_4
comp_14550,tas_4
comp_14551,tas_4
comp_14552,tas_4
comp_14553,tas_4
comp_14554,tas_4
comp_14555,tas_4
comp_14556,tas_4
comp_14557,tas_4
comp_14558,tas_4
comp_14559,tas_4
comp_14560,tas_4
comp_14561,tas_4
comp_14562,tas_4
comp_14563,tas_4
comp_14564,tas_4
comp_14565,tas_4
comp_14566,tas_4
comp_14567,tas_4
comp_14568,tas_4
comp_14569,tas_4
comp_14570,tas_4
comp_14571,tas_4
comp_14572,tas_4
comp_14573,tas_4
comp_14574,tas_4
comp_14575,tas_4
comp_14576,tas_4
comp_14577,tas_4
comp_14578,tas_4
comp_14579,tas_4
comp_14580,tas_4
comp_14581,tas_4
comp_14582,tas_4
comp_14583,tas_4
comp_14584,tas_4
comp_14585,tas_4
comp_14586,tas_4
comp_14587,tas_4
comp_14588,tas_4
comp_14589,tas_4
comp_14590,tas_4
comp_14591,tas_4
comp_14592,tas_4
comp_14593,tas_4
comp_14594,tas_4
comp_14595,tas_4
comp_14596,tas_4
comp_14597,tas_4
comp_14598,tas_4
comp_14599,tas_4
comp_14600,tas_4
comp_14601,tas_4
comp_14602,tas_4
comp_14603,tas_4
comp_14604,tas_4
comp_14605,tas_4
comp_14606,tas_4
comp_14607,tas_4
comp_14608,tas_4
comp_14609,tas_4
comp_14610,tas_4
comp_14611,tas_4
comp_14612,tas_4
comp_14613,tas_4
comp_14614,tas_4
comp_14615,tas_4
comp_14616,tas_4
comp_14617,tas_4
comp_14618,tas_4
comp_14619,tas_4
comp_14620,tas_4
comp_14621,tas_4
comp_14622,tas_4
comp_14623,tas_4
comp_14624,tas_4
comp_14625,tas_4
comp_14626,tas_4
comp_14627,tas_4
comp_14628,tas_4
comp_14629,tas_4
comp_14630,tas_4
comp_14631,tas_4
comp_14632,tas_4
comp_14633,tas_4
comp_14634,tas_4
comp_14635,tas_4
comp_14636,tas_4
comp_14637,tas_4
comp_14638,tas_4
comp_14639,tas_4
comp_14640,tas_4
comp_14641,tas_4
comp_14642,tas_4
comp_14643,tas_4
comp_14644,tas_4
comp_14645,tas_4
comp_14646,tas_4
comp_14647,tas_4
comp_14648,tas_4
comp_14649,tas_4
comp_14650,tas_4
comp_14651,tas_4
comp_14652,tas_4
comp_14653,tas_4
comp_14654,tas_4
comp_14655,tas_4
comp_14656,tas_4
comp_14657,tas_4
comp_14658,tas_4
comp_14659,tas_4
comp_14660,tas_4
comp_14661,tas_4
comp_14662,tas_4
comp_14663,tas_4
comp_14664,tas_4
comp_14665,tas_4
comp_14666,tas_4
comp_14667,tas_4
comp_14668,tas_4
comp_14669,tas_4
comp_14670,tas_4
comp_14671,tas_4
comp_14672,tas_4
comp_14673,tas_4
comp_14674,tas_4
comp_14675,tas_4
comp_14676,tas_4
comp_14677,tas_4
comp_14678,tas_4
comp_14679,tas_4
comp_14680,tas_4
comp_14681,tas_4
comp_14682,tas_4
comp_14683,tas_4
comp_14684,tas_4
comp_14685,tas_4
comp_14686,tas_4
comp_14687,tas_4
comp_14688,tas_4
comp_14689,tas_4
comp_14690,tas_4
comp_14691,tas_4
comp_14692,tas_4
comp_14693,tas_4
comp_14694,tas_4
comp_14695,tas_4
comp_14696,tas_4
comp_14697,tas_4
comp_14698,tas_4
comp_14699,tas_4
comp_14700,tas_4
comp_14701,tas_4
comp_14702,tas_4
comp_14703,tas_4
comp_14704,tas_4
comp_14705,tas_4
comp_14706,tas_4
comp_14707,tas_4
comp_14708,tas_4
comp_14709,tas_4
comp_14710,tas_4
comp_14711,tas_4
comp_14712,tas_4
comp_14713,tas_4
comp_14714,tas_4
comp_14715,tas_4
comp_14716,tas_4
comp_14717,tas_4
comp_14718,tas_4
comp_14719,tas_4
comp_14720,tas_4
comp_14721,tas_4
comp_14722,tas_4
comp_14723,tas_4
comp_14724,tas_4
comp_14725,tas_4
comp_14726,tas_4
comp_14727,tas_4
comp_14728,tas_4
comp_14729,tas_4
comp_14730,tas_4
comp_14731,tas_4
comp_14732,tas_4
comp_14733,tas_4
comp_14734,tas_4
comp_14735,tas_4
comp_14736,tas_4
comp_14737,tas_4
comp_14738,tas_4
comp_14739,tas_4
comp_14740,tas_4
comp_14741,tas_4
comp_14742,tas_4
comp_14743,tas_4
comp_14744,tas_4
comp_14745,tas_4
comp_14746,tas_4
comp_14747,tas_4
comp_14748,tas_4
comp_14749,tas_4
comp_14750,tas_4
comp_14751,tas_4
comp_14752,tas_4
comp_14753,tas_4
comp_14754,tas_4
comp_14755,tas_4
comp_14756,tas_4
comp_14757,tas_4
comp_14758,tas_4
comp_14759,tas_4
comp_14760,tas_4
comp_14761,tas_4
comp_14762,tas_4
comp_14763,tas_4
comp_14764,tas_4
comp_14765,tas_4
comp_14766,tas_4
comp_14767,tas_4
comp_14768,tas_4
comp_14769,tas_4
comp_14770,tas_4
comp_14771,tas_4
comp_14772,tas_4
comp_14773,tas_4
comp_14774,tas_4
comp_14775,tas_4
comp_14776,tas_4
comp_14777,tas_4
comp_14778,tas_4
comp_14779,tas_4
comp_14780,tas_4
comp_14781,tas_4
comp_14782,tas_4
comp_14783,tas_4
comp_14784,tas_4
comp_14785,tas_4
comp_14786,tas_4
comp_14787,tas_4
comp_14788,tas_4
comp_14789,tas_4
comp_14790,tas_4
comp_14791,tas_4
comp_14792,tas_4
comp_14793,tas_4
comp_14794,tas_4
comp_14795,tas_4
comp_14796,tas_4
comp_14797,tas_4
comp_14798,tas_4
comp_14799,tas_4
comp_14800,tas_4
comp_14801,tas_4
comp_14802,tas_4
comp_14803,tas_4
comp_14804,tas_4
comp_14805,tas_4
comp_14806,tas_4
comp_14807,tas_4
comp_14808,tas_4
comp_14809,tas_4
comp_14810,tas_4
comp_14811,tas_4
comp_14812,tas_4
comp_14813,tas_4
comp_14814,tas_4
comp_14815,tas_4
comp_14816,tas_4
comp_14817,tas_4
comp_14818,tas_4
comp_14819,tas_4
comp_14820,tas_4
comp_14821,tas_4
comp_14822,tas_4
comp_14823,tas_4
comp_14824,tas_4
comp_14825,tas_4
comp_14826,tas_4
comp_14827,tas_4
comp_14828,tas_4
comp_14829,tas_4
comp_14830,tas_4
comp_14831,tas_4
comp_14832,tas_4
comp_14833,tas_4
comp_14834,tas_4
comp_14835,tas_4
comp_14836,tas_4
comp_14837,tas_4
comp_14838,tas_4
comp_14839,tas_4
comp_14840,tas_4
comp_14841,tas_4
comp_14842,tas_4
comp_14843,tas_4
comp_14844,tas_4
comp_14845,tas_4
comp_14846,tas_4
comp_14847,tas_4
comp_14848,tas_4
comp_14849,tas_4
comp_14850,tas_4
comp_14851,tas_4
comp_14852,tas_4
comp_14853,tas_4
comp_14854,tas_4
comp_14855,tas_4
comp_14856,tas_4
comp_14857,tas_4
comp_14858,tas_4
comp_14859,tas_4
comp_14860,tas_4
comp_14861,tas_4
comp_14862,tas_4
comp_14863,tas_4
comp_14864,tas_4
comp_14865,tas_4
comp_14866,tas_4
comp_14867,tas_4
comp_14868,tas_4
comp_14869,tas_4
comp_14870,tas_4
comp_14871,tas_4
comp_14872,tas_4
comp_14873,tas_4
comp_14874,tas_4
comp_14875,tas_4
comp_14876,tas_4
comp_14877,tas_4
comp_14878,tas_4
comp_14879,tas_4
comp_14880,tas_4
comp_14881,tas_4
comp_14882,tas_4
comp_14883,tas_4
comp_14884,tas_4
comp_14885,tas_4
comp_14886,tas_4
comp_14887,tas_4
comp_14888,tas_4
comp_14889,tas_4
comp_14890,tas_4
comp_14891,tas_4
comp_14892,tas_4
comp_14893,tas_4
comp_14894,tas_4
comp_14895,tas_4
comp_14896,tas_4
comp_14897,tas_4
comp_14898,tas_4
comp_14899,tas_4
comp_14900,tas_4
comp_14901,tas_4
comp_14902,tas_4
comp_14903,tas_4
comp_14904,tas_4
comp_14905,tas_4
comp_14906,tas_4
comp_14907,tas_4
comp_14908,tas_4
comp_14909,tas_4
comp_14910,tas_4
comp_14911,tas_4
comp_14912,tas_4
comp_14913,tas_4
comp_14914,tas_4
comp_14915,tas_4
comp_14916,tas_4
comp_14917,tas_4
comp_14918,tas_4
comp_14919,tas_4
comp_14920,tas_4
comp_14921,tas_4
comp_14922,tas_4
comp_14923,tas_4
comp_14924,tas_4
comp_14925,tas_4
comp_14926,tas_4
comp_14927,tas_4
comp_14928,tas_4
comp_14929,tas_4
comp_14930,tas_4
comp_14931,tas_4
comp_14932,tas_4
comp_14933,tas_4
comp_14934,tas_4
comp_14935,tas_4
comp_14936,tas_4
comp_14937,tas_4
comp_14938,tas_4
comp_14939,tas_4
comp_14940,tas_4
comp_14941,tas_4
comp_14942,tas_4
comp_14943,tas_4
comp_14944,tas_4
comp_14945,tas_4
comp_14946,tas_4
comp_14947,tas_4
comp_14948,tas_4
comp_14949,tas_4
comp_14950,tas_4
comp_14951,tas_4
comp_14952,tas_4
comp_14953,tas_4
comp_14954,tas_4
comp_14955,tas_4
comp_14956,tas_4
comp_14957,tas_4
comp_14958,tas_4
comp_14959,tas_4
comp_14960,tas_4
comp_14961,tas_4
comp_14962,tas_4
comp_14963,tas_4
comp_14964,tas_4
comp_14965,tas_4
comp_14966,tas_4
comp_14967,tas_4
comp_14968,tas_4
comp_14969,tas_4
comp_14970,tas_4
comp_14971,tas_4
comp_14972,tas_4
comp_14973,tas_4
comp_14974,tas_4
comp_14975,tas_4
comp_14976,tas_4
comp_14977,tas_4
comp_14978,tas_4
comp_14979,tas_4
comp_14980,tas_4
comp_14981,tas_4
comp_14982,tas_4
comp_14983,tas_4
comp_14984,tas_4
comp_14985,tas_4
comp_14986,tas_4
comp_14987,tas_4
comp_14988,tas_4
comp_14989,tas_4
comp_14990,tas_4
comp_14991,tas_4
comp_14992,tas_4
comp_14993,tas_4
comp_14994,tas_4
comp_14995,tas_4
comp_14996,tas_4
comp_14997,tas_4
comp_14998,tas_4
comp_14999,tas_4
comp_15000,tas_4
comp_15001,tas_4
comp_15002,tas_4
comp_15003,tas_4
comp_15004,tas_4
comp_15005,tas_4
comp_15006,tas_4
comp_15007,tas_4
comp_15008,tas_4
comp_15009,tas_4
comp_15010,tas_4
comp_15011,tas_4
comp_15012,tas_4
comp_15013,tas_4
comp_15014,tas_4
comp_15015,tas_4
comp_15016,tas_4
comp_15017,tas_4
comp_15018,tas_4
comp_15019,tas_4
comp_15020,tas_4
comp_15021,tas_4
comp_15022,tas_4
comp_15023,tas_4
comp_15024,tas_4
comp_15025,tas_4
comp_15026,tas_4
comp_15027,tas_4
comp_15028,tas_4
comp_15029,tas_4
comp_15030,tas_4
comp_15031,tas_4
comp_15032,tas_4
comp_15033,tas_4
comp_15034,tas_4
comp_15035,tas_4
comp_15036,tas_4
comp_15037,tas_4
comp_15038,tas_4
comp_15039,tas_4
comp_15040,tas_4
comp_15041,tas_4
comp_15042,tas_4
comp_15043,tas_4
comp_15044,tas_4
comp_15045,tas_4
comp_15046,tas_4
comp_15047,tas_4
comp_15048,tas_4
comp_15049,tas_4
comp_15050,tas_4
comp_15051,tas_4
comp_15052,tas_4
comp_15053,tas_4
comp_15054,tas_4
comp_15055,tas_4
comp_15056,tas_4
comp_15057,tas_4
comp_15058,tas_4
comp_15059,tas_4
comp_15060,tas_4
comp_15061,tas_4
comp_15062,tas_4
comp_15063,tas_4
comp_15064,tas_4
comp_15065,tas_4
comp_15066,tas_4
comp_15067,tas_4
comp_15068,tas_4
comp_15069,tas_4
comp_15070,tas_4
comp_15071,tas_4
comp_15072,tas_4
comp_15073,tas_4
comp_15074,tas_4
comp_15075,tas_4
comp_15076,tas_4
comp_15077,tas_4
comp_15078,tas_4
comp_15079,tas_4
comp_15080,tas_4
comp_15081,tas_4
comp_15082,tas_4
comp_15083,tas_4
comp_15084,tas_4
comp_15085,tas_4
comp_15086,tas_4
comp_15087,tas_4
comp_15088,tas_4
comp_15089,tas_4
comp_15090,tas_4
comp_15091,tas_4
comp_15092,tas_4
comp_15093,tas_4
comp_15094,tas_4
comp_15095,tas_4
comp_15096,tas_4
comp_15097,tas_4
comp_15098,tas_4
comp_15099,tas_4
comp_15100,tas_4
comp_15101,tas_4
comp_15102,tas_4
comp_15103,tas_4
comp_15104,tas_4
comp_15105,tas_4
comp_15106,tas_4
comp_15107,tas_4
comp_15108,tas_4
comp_15109,tas_4
comp_15110,tas_4
comp_15111,tas_4
comp_15112,tas_4
comp_15113,tas_4
comp_15114,tas_4
comp_15115,tas_4
comp_15116,tas_4
comp_15117,tas_4
comp_15118,tas_4
comp_15119,tas_4
comp_15120,tas_4
comp_15121,tas_4
comp_15122,tas_4
comp_15123,tas_4
comp_15124,tas_4
comp_15125,tas_4
comp_15126,tas_4
comp_15127,tas_4
comp_15128,tas_4
comp_15129,tas_4
comp_15130,tas_4
comp_15131,tas_4
comp_15132,tas_4
comp_15133,tas_4
comp_15134,tas_4
comp_15135,tas_4
comp_15136,tas_4
comp_15137,tas_4
comp_15138,tas_4
comp_15139,tas_4
comp_15140,tas_4
comp_15141,tas_4
comp_15142,tas_4
comp_15143,tas_4
comp_15144,tas_4
comp_15145,tas_4
comp_15146,tas_4
comp_15147,tas_4
comp_15148,tas_4
comp_15149,tas_4
comp_15150,tas_4
comp_15151,tas_4
comp_15152,tas_4
comp_15153,tas_4
comp_15154,tas_4
comp_15155,tas_4
comp_15156,tas_4
comp_15157,tas_4
comp_15158,tas_4
comp_15159,tas_4
comp_15160,tas_4
comp_15161,tas_4
comp_15162,tas_4
comp_15163,tas_4
comp_15164,tas_4
comp_15165,tas_4
comp_15166,tas_4
comp_15167,tas_4
comp_15168,tas_4
comp_15169,tas_4
comp_15170,tas_4
comp_15171,tas_4
comp_15172,tas_4
comp_15173,tas_4
comp_15174,tas_4
comp_15175,tas_4
comp_15176,tas_4
comp_15177,tas_4
comp_15178,tas_4
comp_15179,tas_4
comp_15180,tas_4
comp_15181,tas_4
comp_15182,tas_4
comp_15183,tas_4
comp_15184,tas_4
comp_15185,tas_4
comp_15186,tas_4
comp_15187,tas_4
comp_15188,tas_4
comp_15189,tas_4
comp_15190,tas_4
comp_15191,tas_4
comp_15192,tas_4
comp_15193,tas_4
comp_15194,tas_4
comp_15195,tas_4
comp_15196,tas_4
comp_15197,tas_4
comp_15198,tas_4
comp_15199,tas_4
comp_15200,tas_4
comp_15201,tas_4
comp_15202,tas_4
comp_15203,tas_4
comp_15204,tas_4
comp_15205,tas_4
comp_15206,tas_4
comp_15207,tas_4
comp_15208,tas_4
comp_15209,tas_4
comp_15210,tas_4
comp_15211,tas_4
comp_15212,tas_4
comp_15213,tas_4
comp_15214,tas_4
comp_15215,tas_4
comp_15216,tas_4
comp_15217,tas_4
comp_15218,tas_4
comp_15219,tas_4
comp_15220,tas_4
comp_15221,tas_4
comp_15222,tas_4
comp_15223,tas_4
comp_15224,tas_4
comp_15225,tas_4
comp_15226,tas_4
comp_15227,tas_4
comp_15228,tas_4
comp_15229,tas_4
comp_15230,tas_4
comp_15231,tas_4
comp_15232,tas_4
comp_15233,tas_4
comp_15234,tas_4
comp_15235,tas_4
comp_15236,tas_4
comp_15237,tas_4
comp_15238,tas_4
comp_15239,tas_4
comp_15240,tas_4
comp_15241,tas_4
comp_15242,tas_4
comp_15243,tas_4
comp_15244,tas_4
comp_15245,tas_4
comp_15246,tas_4
comp_15247,tas_4
comp_15248,tas_4
comp_15249,tas_4
comp_15250,tas_4
comp_15251,tas_4
comp_15252,tas_4
comp_15253,tas_4
comp_15254,tas_4
comp_15255,tas_4
comp_15256,tas_4
comp_15257,tas_4
comp_15258,tas_4
comp_15259,tas_4
comp_15260,tas_4
comp_15261,tas_4
comp_15262,tas_4
comp_15263,tas_4
comp_15264,tas_4
comp_15265,tas_4
comp_15266,tas_4
comp_15267,tas_4
comp_15268,tas_4
comp_15269,tas_4
comp_15270,tas_4
comp_15271,tas_4
comp_15272,tas_4
comp_15273,tas_4
comp_15274,tas_4
comp_15275,tas_4
comp_15276,tas_4
comp_15277,tas_4
comp_15278,tas_4
comp_15279,tas_4
comp_15280,tas_4
comp_15281,tas_4
comp_15282,tas_4
comp_15283,tas_4
comp_15284,tas_4
comp_15285,tas_4
comp_15286,tas_4
comp_15287,tas_4
comp_15288,tas_4
comp_15289,tas_4
comp_15290,tas_4
comp_15291,tas_4
comp_15292,tas_4
comp_15293,tas_4
comp_15294,tas_4
comp_15295,tas_4
comp_15296,tas_4
comp_15297,tas_4
comp_15298,tas_4
comp_15299,tas_4
comp_15300,tas_4
comp_15301,tas_4
comp_15302,tas_4
comp_15303,tas_4
comp_15304,tas_4
comp_15305,tas_4
comp_15306,tas_4
comp_15307,tas_4
comp_15308,tas_4
comp_15309,tas_4
comp_15310,tas_4
comp_15311,tas_4
comp_15312,tas_4
comp_15313,tas_4
comp_15314,tas_4
comp_15315,tas_4
comp_15316,tas_4
comp_15317,tas_4
comp_15318,tas_4
comp_15319,tas_4
comp_15320,tas_4
comp_15321,tas_4
comp_15322,tas_4
comp_15323,tas_4
comp_15324,tas_4
comp_15325,tas_4
comp_15326,tas_4
comp_15327,tas_4
comp_15328,tas_4
comp_15329,tas_4
comp_15330,tas_4
comp_15331,tas_4
comp_15332,tas_4
comp_15333,tas_4
comp_15334,tas_4
comp_15335,tas_4
comp_15336,tas_4
comp_15337,tas_4
comp_15338,tas_4
comp_15339,tas_4
comp_15340,tas_4
comp_15341,tas_4
comp_15342,tas_4
comp_15343,tas_4
comp_15344,tas_4
comp_15345,tas_4
comp_15346,tas_4
comp_15347,tas_4
comp_15348,tas_4
comp_15349,tas_4
comp_15350,tas_4
comp_15351,tas_4
comp_15352,tas_4
comp_15353,tas_4
comp_15354,tas_4
comp_15355,tas_4
comp_15356,tas_4
comp_15357,tas_4
comp_15358,tas_4
comp_15359,tas_4
comp_15360,tas_4
comp_15361,tas_4
comp_15362,tas_4
comp_15363,tas_4
comp_15364,tas_4
comp_15365,tas_4
comp_15366,tas_4
comp_15367,tas_4
comp_15368,tas_4
comp_15369,tas_4
comp_15370,tas_4
comp_15371,tas_4
comp_15372,tas_4
comp_15373,tas_4
comp_15374,tas_4
comp_15375,tas_4
comp_15376,tas_4
comp_15377,tas_4
comp_15378,tas_4
comp_15379,tas_4
comp_15380,tas_4
comp_15381,tas_4
comp_15382,tas_4
comp_15383,tas_4
comp_15384,tas_4
comp_15385,tas_4
comp_15386,tas_4
comp_15387,tas_4
comp_15388,tas_4
comp_15389,tas_4
comp_15390,tas_4
comp_15391,tas_4
comp_15392,tas_4
comp_15393,tas_4
comp_15394,tas_4
comp_15395,tas_4
comp_15396,tas_4
comp_15397,tas_4
comp_15398,tas_4
comp_15399,tas_4
comp_15400,tas_4
comp_15401,tas_4
comp_15402,tas_4
comp_15403,tas_4
comp_15404,tas_4
comp_15405,tas_4
comp_15406,tas_4
comp_15407,tas_4
comp_15408,tas_4
comp_15409,tas_4
comp_15410,tas_4
comp_15411,tas_4
comp_15412,tas_4
comp_15413,tas_4
comp_15414,tas_4
comp_15415,tas_4
comp_15416,tas_4
comp_15417,tas_4
comp_15418,tas_4
comp_15419,tas_4
comp_15420,tas_4
comp_15421,tas_4
comp_15422,tas_4
comp_15423,tas_4
comp_15424,tas_4
comp_15425,tas_4
comp_15426,tas_4
comp_15427,tas_4
comp_15428,tas_4
comp_15429,tas_4
comp_15430,tas_4
comp_15431,tas_4
comp_15432,tas_4
comp_15433,tas_4
comp_15434,tas_4
comp_15435,tas_4
comp_15436,tas_4
comp_15437,tas_4
comp_15438,tas_4
comp_15439,tas_4
comp_15440,tas_4
comp_15441,tas_4
comp_15442,tas_4
comp_15443,tas_4
comp_15444,tas_4
comp_15445,tas_4
comp_15446,tas_4
comp_15447,tas_4
comp_15448,tas_4
comp_15449,tas_4
comp_15450,tas_4
comp_15451,tas_4
comp_15452,tas_4
comp_15453,tas_4
comp_15454,tas_4
comp_15455,tas_4
comp_15456,tas_4
comp_15457,tas_4
comp_15458,tas_4
comp_15459,tas_4
comp_15460,tas_4
comp_15461,tas_4
comp_15462,tas_4
comp_15463,tas_4
comp_15464,tas_4
comp_15465,tas_4
comp_15466,tas_4
comp_15467,tas_4
comp_15468,tas_4
comp_15469,tas_4
comp_15470,tas_4
comp_15471,tas_4
comp_15472,tas_4
comp_15473,tas_4
comp_15474,tas_4
comp_15475,tas_4
comp_15476,tas_4
comp_15477,tas_4
comp_15478,tas_4
comp_15479,tas_4
comp_15480,tas_4
comp_15481,tas_4
comp_15482,tas_4
comp_15483,tas_4
comp_15484,tas_4
comp_15485,tas_4
comp_15486,tas_4
comp_15487,tas_4
comp_15488,tas_4
comp_15489,tas_4
comp_15490,tas_4
comp_15491,tas_4
comp_15492,tas_4
comp_15493,tas_4
comp_15494,tas_4
comp_15495,tas_4
comp_15496,tas_4
comp_15497,tas_4
comp_15498,tas_4
comp_15499,tas_4
comp_15500,tas_4
comp_15501,tas_4
comp_15502,tas_4
comp_15503,tas_4
comp_15504,tas_4
comp_15505,tas_4
comp_15506,tas_4
comp_15507,tas_4
comp_15508,tas_4
comp_15509,tas_4
comp_15510,tas_4
comp_15511,tas_4
comp_15512,tas_4
comp_15513,tas_4
comp_15514,tas_4
comp_15515,tas_4
comp_15516,tas_4
comp_15517,tas_4
comp_15518,tas_4
comp_15519,tas_4
comp_15520,tas_4
comp_15521,tas_4
comp_15522,tas_4
comp_15523,tas_4
comp_15524,tas_4
comp_15525,tas_4
comp_15526,tas_4
comp_15527,tas_4
comp_15528,tas_4
comp_15529,tas_4
comp_15530,tas_4
comp_15531,tas_4
comp_15532,tas_4
comp_15533,tas_4
comp_15534,tas_4
comp_15535,tas_4
comp_15536,tas_4
comp_15537,tas_4
comp_15538,tas_4
comp_15539,tas_4
comp_15540,tas_4
comp_15541,tas_4
comp_15542,tas_4
comp_15543,tas_4
comp_15544,tas_4
comp_15545,tas_4
comp_15546,tas_4
comp_15547,tas_4
comp_15548,tas_4
comp_15549,tas_4
comp_15550,tas_4
comp_15551,tas_4
comp_15552,tas_4
comp_15553,tas_4
comp_15554,tas_4
comp_15555,tas_4
comp_15556,tas_4
comp_15557,tas_4
comp_15558,tas_4
comp_15559,tas_4
comp_15560,tas_4
comp_15561,tas_4
comp_15562,tas_4
comp_15563,tas_4
comp_15564,tas_4
comp_15565,tas_4
comp_15566,tas_4
comp_15567,tas_4
comp_15568,tas_4
comp_15569,tas_4
comp_15570,tas_4
comp_15571,tas_4
comp_15572,tas_4
comp_15573,tas_4
comp_15574,tas_4
comp_15575,tas_4
comp_15576,tas_4
comp_15577,tas_4
comp_15578,tas_4
comp_15579,tas_4
comp_15580,tas_4
comp_15581,tas_4
comp_15582,tas_4
comp_15583,tas_4
comp_15584,tas_4
comp_15585,tas_4
comp_15586,tas_4
comp_15587,tas_4
comp_15588,tas_4
comp_15589,tas_4
comp_15590,tas_4
comp_15591,tas_4
comp_15592,tas_4
comp_15593,tas_4
comp_15594,tas_4
comp_15595,tas_4
comp_15596,tas_4
comp_15597,tas_4
comp_15598,tas_4
comp_15599,tas_4
comp_15600,tas_4
comp_15601,tas_4
comp_15602,tas_4
comp_15603,tas_4
comp_15604,tas_4
comp_15605,tas_4
comp_15606,tas_4
comp_15607,tas_4
comp_15608,tas_4
comp_15609,tas_4
comp_15610,tas_4
comp_15611,tas_4
comp_15612,tas_4
comp_15613,tas_4
comp_15614,tas_4
comp_15615,tas_4
comp_15616,tas_4
comp_15617,tas_4
comp_15618,tas_4
comp_15619,tas_4
comp_15620,tas_4
comp_15621,tas_4
comp_15622,tas_4
comp_15623,tas_4
comp_15624,tas_4
comp_15625,tas_4
comp_15626,tas_4
comp_15627,tas_4
comp_15628,tas_4
comp_15629,tas_4
comp_15630,tas_4
comp_15631,tas_4
comp_15632,tas_4
comp_15633,tas_4
comp_15634,tas_4
comp_15635,tas_4
comp_15636,tas_4
comp_15637,tas_4
comp_15638,tas_4
comp_15639,tas_4
comp_15640,tas_4
comp_15641,tas_4
comp_15642,tas_4
comp_15643,tas_4
comp_15644,tas_4
comp_15645,tas_4
comp_15646,tas_4
comp_15647,tas_4
comp_15648,tas_4
comp_15649,tas_4
comp_15650,tas_4
comp_15651,tas_4
comp_15652,tas_4
comp_15653,tas_4
comp_15654,tas_4
comp_15655,tas_4
comp_15656,tas_4
comp_15657,tas_4
comp_15658,tas_4
comp_15659,tas_4
comp_15660,tas_4
comp_15661,tas_4
comp_15662,tas_4
comp_15663,tas_4
comp_15664,tas_4
comp_15665,tas_4
comp_15666,tas_4
comp_15667,tas_4
comp_15668,tas_4
comp_15669,tas_4
comp_15670,tas_4
comp_15671,tas_4
comp_15672,tas_4
comp_15673,tas_4
comp_15674,tas_4
comp_15675,tas_4
comp_15676,tas_4
comp_15677,tas_4
comp_15678,tas_4
comp_15679,tas_4
comp_15680,tas_4
comp_15681,tas_4
comp_15682,tas_4
comp_15683,tas_4
comp_15684,tas_4
comp_15685,tas_4
comp_15686,tas_4
comp_15687,tas_4
comp_15688,tas_4
comp_15689,tas_4
comp_15690,tas_4
comp_15691,tas_4
comp_15692,tas_4
comp_15693,tas_4
comp_15694,tas_4
comp_15695,tas_4
comp_15696,tas_4
comp_15697,tas_4
comp_15698,tas_4
comp_15699,tas_4
comp_15700,tas_4
comp_15701,tas_4
comp_15702,tas_4
comp_15703,tas_4
comp_15704,tas_4
comp_15705,tas_4
comp_15706,tas_4
comp_15707,tas_4
comp_15708,tas_4
comp_15709,tas_4
comp_15710,tas_4
comp_15711,tas_4
comp_15712,tas_4
comp_15713,tas_4
comp_15714,tas_4
comp_15715,tas_4
comp_15716,tas_4
comp_15717,tas_4
comp_15718,tas_4
comp_15719,tas_4
comp_15720,tas_4
comp_15721,tas_4
comp_15722,tas_4
comp_15723,tas_4
comp_15724,tas_4
comp_15725,tas_4
comp_15726,tas_4
comp_15727,tas_4
comp_15728,tas_4
comp_15729,tas_4
comp_15730,tas_4
comp_15731,tas_4
comp_15732,tas_4
comp_15733,tas_4
comp_15734,tas_4
comp_15735,tas_4
comp_15736,tas_4
comp_15737,tas_4
comp_15738,tas_4
comp_15739,tas_4
comp_15740,tas_4
comp_15741,tas_4
comp_15742,tas_4
comp_15743,tas_4
comp_15744,tas_4
comp_15745,tas_4
comp_15746,tas_4
comp_15747,tas_4
comp_15748,tas_4
comp_15749,tas_4
comp_15750,tas_4
comp_15751,tas_4
comp_15752,tas_4
comp_15753,tas_4
comp_15754,tas_4
comp_15755,tas_4
comp_15756,tas_4
comp_15757,tas_4
comp_15758,tas_4
comp_15759,tas_4
comp_15760,tas_4
comp_15761,tas_4
comp_15762,tas_4
comp_15763,tas_4
comp_15764,tas_4
comp_15765,tas_4
comp_15766,tas_4
comp_15767,tas_4
comp_15768,tas_4
comp_15769,tas_4
comp_15770,tas_4
comp_15771,tas_4
comp_15772,tas_4
comp_15773,tas_4
comp_15774,tas_4
comp_15775,tas_4
comp_15776,tas_4
comp_15777,tas_4
comp_15778,tas_4
comp_15779,tas_4
comp_15780,tas_4
comp_15781,tas_4
comp_15782,tas_4
comp_15783,tas_4
comp_15784,tas_4
comp_15785,tas_4
comp_15786,tas_4
comp_15787,tas_4
comp_15788,tas_4
comp_15789,tas_4
comp_15790,tas_4
comp_15791,tas_4
comp_15792,tas_4
comp_15793,tas_4
comp_15794,tas_4
comp_15795,tas_4
comp_15796,tas_4
comp_15797,tas_4
comp_15798,tas_4
comp_15799,tas_4
comp_15800,tas_4
comp_15801,tas_4
comp_15802,tas_4
comp_15803,tas_4
comp_15804,tas_4
comp_15805,tas_4
comp_15806,tas_4
comp_15807,tas_4
comp_15808,tas_4
comp_15809,tas_4
comp_15810,tas_4
comp_15811,tas_4
comp_15812,tas_4
comp_15813,tas_4
comp_15814,tas_4
comp_15815,tas_4
comp_15816,tas_4
comp_15817,tas_4
comp_15818,tas_4
comp_15819,tas_4
comp_15820,tas_4
comp_15821,tas_4
comp_15822,tas_4
comp_15823,tas_4
comp_15824,tas_4
comp_15825,tas_4
comp_15826,tas_4
comp_15827,tas_4
comp_15828,tas_4
comp_15829,tas_4
comp_15830,tas_4
comp_15831,tas_4
comp_15832,tas_4
comp_15833,tas_4
comp_15834,tas_4
comp_15835,tas_4
comp_15836,tas_4
comp_15837,tas_4
comp_15838,tas_4
comp_15839,tas_4
comp_15840,tas_4
comp_15841,tas_4
comp_15842,tas_4
comp_15843,tas_4
comp_15844,tas_4
comp_15845,tas_4
comp_15846,tas_4
comp_15847,tas_4
comp_15848,tas_4
comp_15849,tas_4
comp_15850,tas_4
comp_15851,tas_4
comp_15852,tas_4
comp_15853,tas_4
comp_15854,tas_4
comp_15855,tas_4
comp_15856,tas_4
comp_15857,tas_4
comp_15858,tas_4
comp_15859,tas_4
comp_15860,tas_4
comp_15861,tas_4
comp_15862,tas_4
comp_15863,tas_4
comp_15864,tas_4
comp_15865,tas_4
comp_15866,tas_4
comp_15867,tas_4
comp_15868,tas_4
comp_15869,tas_4
comp_15870,tas_4
comp_15871,tas_4
comp_15872,tas_4
comp_15873,tas_4
comp_15874,tas_4
comp_15875,tas_4
comp_15876,tas_4
comp_15877,tas_4
comp_15878,tas_4
comp_15879,tas_4
comp_15880,tas_4
comp_15881,tas_4
comp_15882,tas_4
comp_15883,tas_4
comp_15884,tas_4
comp_15885,tas_4
comp_15886,tas_4
comp_15887,tas_4
comp_15888,tas_4
comp_15889,tas_4
comp_15890,tas_4
comp_15891,tas_4
comp_15892,tas_4
comp_15893,tas_4
comp_15894,tas_4
comp_15895,tas_4
comp_15896,tas_4
comp_15897,tas_4
comp_15898,tas_4
comp_15899,tas_4
comp_15900,tas_4
comp_15901,tas_4
comp_15902,tas_4
comp_15903,tas_4
comp_15904,tas_4
comp_15905,tas_4
comp_15906,tas_4
comp_15907,tas_4
comp_15908,tas_4
comp_15909,tas_4
comp_15910,tas_4
comp_15911,tas_4
comp_15912,tas_4
comp_15913,tas_4
comp_15914,tas_4
comp_15915,tas_4
comp_15916,tas_4
comp_15917,tas_4
comp_15918,tas_4
comp_15919,tas_4
comp_15920,tas_4
comp_15921,tas_4
comp_15922,tas_4
comp_15923,tas_4
comp_15924,tas_4
comp_15925,tas_4
comp_15926,tas_4
comp_15927,tas_4
comp_15928,tas_4
comp_15929,tas_4
comp_15930,tas_4
comp_15931,tas_4
comp_15932,tas_4
comp_15933,tas_4
comp_15934,tas_4
comp_15935,tas_4
comp_15936,tas_4
comp_15937,tas_4
comp_15938,tas_4
comp_15939,tas_4
comp_15940,tas_4
comp_15941,tas_4
comp_15942,tas_4
comp_15943,tas_4
comp_15944,tas_4
comp_15945,tas_4
comp_15946,tas_4
comp_15947,tas_4
comp_15948,tas_4
comp_15949,tas_4
comp_15950,tas_4
comp_15951,tas_4
comp_15952,tas_4
comp_15953,tas_4
comp_15954,tas_4
comp_15955,tas_4
comp_15956,tas_4
comp_15957,tas_4
comp_15958,tas_4
comp_15959,tas_4
comp_15960,tas_4
comp_15961,tas_4
comp_15962,tas_4
comp_15963,tas_4
comp_15964,tas_4
comp_15965,tas_4
comp_15966,tas_4
comp_15967,tas_4
comp_15968,tas_4
comp_15969,tas_4
comp_15970,tas_4
comp_15971,tas_4
comp_15972,tas_4
comp_15973,tas_4
comp_15974,tas_4
comp_15975,tas_4
comp_15976,tas_4
comp_15977,tas_4
comp_15978,tas_4
comp_15979,tas_4
comp_15980,tas_4
comp_15981,tas_4
comp_15982,tas_4
comp_15983,tas_4
comp_15984,tas_4
comp_15985,tas_4
comp_15986,tas_4
comp_15987,tas_4
comp_15988,tas_4
comp_15989,tas_4
comp_15990,tas_4
comp_15991,tas_4
comp_15992,tas_4
comp_15993,tas_4
comp_15994,tas_4
comp_15995,tas_4
comp_15996,tas_4
comp_15997,tas_4
comp_15998,tas_4
comp_15999,tas_4
comp_16000,tas_4
comp_16001,tas_4
comp_16002,tas_4
comp_16003,tas_4
comp_16004,tas_4
comp_16005,tas_4
comp_16006,tas_4
comp_16007,tas_4
comp_16008,tas_4
comp_16009,tas_4
comp_16010,tas_4
comp_16011,tas_4
comp_16012,tas_4
comp_16013,tas_4
comp_16014,tas_4
comp_16015,tas_4
comp_16016,tas_4
comp_16017,tas_4
comp_16018,tas_4
comp_16019,tas_4
comp_16020,tas_4
comp_16021,tas_4
comp_16022,tas_4
comp_16023,tas_4
comp_16024,tas_4
comp_16025,tas_4
comp_16026,tas_4
comp_16027,tas_4
comp_16028,tas_4
comp_16029,tas_4
comp_16030,tas_4
comp_16031,tas_4
comp_16032,tas_4
comp_16033,tas_4
comp_16034,tas_4
comp_16035,tas_4
comp_16036,tas_4
comp_16037,tas_4
comp_16038,tas_4
comp_16039,tas_4
comp_16040,tas_4
comp_16041,tas_4
comp_16042,tas_4
comp_16043,tas_4
comp_16044,tas_4
comp_16045,tas_4
comp_16046,tas_4
comp_16047,tas_4
comp_16048,tas_4
comp_16049,tas_4
comp_16050,tas_4
comp_16051,tas_4
comp_16052,tas_4
comp_16053,tas_4
comp_16054,tas_4
comp_16055,tas_4
comp_16056,tas_4
comp_16057,tas_4
comp_16058,tas_4
comp_16059,tas_4
comp_16060,tas_4
comp_16061,tas_4
comp_16062,tas_4
comp_16063,tas_4
comp_16064,tas_4
comp_16065,tas_4
comp_16066,tas_4
comp_16067,tas_4
comp_16068,tas_4
comp_16069,tas_4
comp_16070,tas_4
comp_16071,tas_4
comp_16072,tas_4
comp_16073,tas_4
comp_16074,tas_4
comp_16075,tas_4
comp_16076,tas_4
comp_16077,tas_4
comp_16078,tas_4
comp_16079,tas_4
comp_16080,tas_4
comp_16081,tas_4
comp_16082,tas_4
comp_16083,tas_4
comp_16084,tas_4
comp_16085,tas_4
comp_16086,tas_4
comp_16087,tas_4
comp_16088,tas_4
comp_16089,tas_4
comp_16090,tas_4
comp_16091,tas_4
comp_16092,tas_4
comp_16093,tas_4
comp_16094,tas_4
comp_16095,tas_4
comp_16096,tas_4
comp_16097,tas_4
comp_16098,tas_4
comp_16099,tas_4
comp_16100,tas_4
comp_16101,tas_4
comp_16102,tas_4
comp_16103,tas_4
comp_16104,tas_4
comp_16105,tas_4
comp_16106,tas_4
comp_16107,tas_4
comp_16108,tas_4
comp_16109,tas_4
comp_16110,tas_4
comp_16111,tas_4
comp_16112,tas_4
comp_16113,tas_4
comp_16114,tas_4
comp_16115,tas_4
comp_16116,tas_4
comp_16117,tas_4
comp_16118,tas_4
comp_16119,tas_4
comp_16120,tas_4
comp_16121,tas_4
comp_16122,tas_4
comp_16123,tas_4
comp_16124,tas_4
comp_16125,tas_4
comp_16126,tas_4
comp_16127,tas_4
comp_16128,tas_4
comp_16129,tas_4
comp_16130,tas_4
comp_16131,tas_4
comp_16132,tas_4
comp_16133,tas_4
comp_16134,tas_4
comp_16135,tas_4
comp_16136,tas_4
comp_16137,tas_4
comp_16138,tas_4
comp_16139,tas_4
comp_16140,tas_4
comp_16141,tas_4
comp_16142,tas_4
comp_16143,tas_4
comp_16144,tas_4
comp_16145,tas_4
comp_16146,tas_4
comp_16147,tas_4
comp_16148,tas_4
comp_16149,tas_4
comp_16150,tas_4
comp_16151,tas_4
comp_16152,tas_4
comp_16153,tas_4
comp_16154,tas_4
comp_16155,tas_4
comp_16156,tas_4
comp_16157,tas_4
comp_16158,tas_4
comp_16159,tas_4
comp_16160,tas_4
comp_16161,tas_4
comp_16162,tas_4
comp_16163,tas_4
comp_16164,tas_4
comp_16165,tas_4
comp_16166,tas_4
comp_16167,tas_4
comp_16168,tas_4
comp_16169,tas_4
comp_16170,tas_4
comp_16171,tas_4
comp_16172,tas_4
comp_16173,tas_4
comp_16174,tas_4
comp_16175,tas_4
comp_16176,tas_4
comp_16177,tas_4
comp_16178,tas_4
comp_16179,tas_4
comp_16180,tas_4
comp_16181,tas_4
comp_16182,tas_4
comp_16183,tas_4
comp_16184,tas_4
comp_16185,tas_4
comp_16186,tas_4
comp_16187,tas_4
comp_16188,tas_4
comp_16189,tas_4
comp_16190,tas_4
comp_16191,tas_4
comp_16192,tas_4
comp_16193,tas_4
comp_16194,tas_4
comp_16195,tas_4
comp_16196,tas_4
comp_16197,tas_4
comp_16198,tas_4
comp_16199,tas_4
comp_16200,tas_4
comp_16201,tas_4
comp_16202,tas_4
comp_16203,tas_4
comp_16204,tas_4
comp_16205,tas_4
comp_16206,tas_4
comp_16207,tas_4
comp_16208,tas_4
comp_16209,tas_4
comp_16210,tas_4
comp_16211,tas_4
comp_16212,tas_4
comp_16213,tas_4
comp_16214,tas_4
comp_16215,tas_4
comp_16216,tas_4
comp_16217,tas_4
comp_16218,tas_4
comp_16219,tas_4
comp_16220,tas_4
comp_16221,tas_4
comp_16222,tas_4
comp_16223,tas_4
comp_16224,tas_4
comp_16225,tas_4
comp_16226,tas_4
comp_16227,tas_4
comp_16228,tas_4
comp_16229,tas_4
comp_16230,tas_4
comp_16231,tas_4
comp_16232,tas_4
comp_16233,tas_4
comp_16234,tas_4
comp_16235,tas_4
comp_16236,tas_4
comp_16237,tas_4
comp_16238,tas_4
comp_16239,tas_4
comp_16240,tas_4
comp_16241,tas_4
comp_16242,tas_4
comp_16243,tas_4
comp_16244,tas_4
comp_16245,tas_4
comp_16246,tas_4
comp_16247,tas_4
comp_16248,tas_4
comp_16249,tas_4
comp_16250,tas_4
comp_16251,tas_4
comp_16252,tas_4
comp_16253,tas_4
comp_16254,tas_4
comp_16255,tas_4
comp_16256,tas_4
comp_16257,tas_4
comp_16258,tas_4
comp_16259,tas_4
comp_16260,tas_4
comp_16261,tas_4
comp_16262,tas_4
comp_16263,tas_4
comp_16264,tas_4
comp_16265,tas_4
comp_16266,tas_4
comp_16267,tas_4
comp_16268,tas_4
comp_16269,tas_4
comp_16270,tas_4
comp_16271,tas_4
comp_16272,tas_4
comp_16273,tas_4
comp_16274,tas_4
comp_16275,tas_4
comp_16276,tas_4
comp_16277,tas_4
comp_16278,tas_4
comp_16279,tas_4
comp_16280,tas_4
comp_16281,tas_4
comp_16282,tas_4
comp_16283,tas_4
comp_16284,tas_4
comp_16285,tas_4
comp_16286,tas_4
comp_16287,tas_4
comp_16288,tas_4
comp_16289,tas_4
comp_16290,tas_4
comp_16291,tas_4
comp_16292,tas_4
comp_16293,tas_4
comp_16294,tas_4
comp_16295,tas_4
comp_16296,tas_4
comp_16297,tas_4
comp_16298,tas_4
comp_16299,tas_4
comp_16300,tas_4
comp_16301,tas_4
comp_16302,tas_4
comp_16303,tas_4
comp_16304,tas_4
comp_16305,tas_4
comp_16306,tas_4
comp_16307,tas_4
comp_16308,tas_4
comp_16309,tas_4
comp_16310,tas_4
comp_16311,tas_4
comp_16312,tas_4
comp_16313,tas_4
comp_16314,tas_4
comp_16315,tas_4
comp_16316,tas_4
comp_16317,tas_4
comp_16318,tas_4
comp_16319,tas_4
comp_16320,tas_4
comp_16321,tas_4
comp_16322,tas_4
comp_16323,tas_4
comp_16324,tas_4
comp_16325,tas_4
comp_16326,tas_4
comp_16327,tas_4
comp_16328,tas_4
comp_16329,tas_4
comp_16330,tas_4
comp_16331,tas_4
comp_16332,tas_4
comp_16333,tas_4
comp_16334,tas_4
comp_16335,tas_4
comp_16336,tas_4
comp_16337,tas_4
comp_16338,tas_4
comp_16339,tas_4
comp_16340,tas_4
comp_16341,tas_4
comp_16342,tas_4
comp_16343,tas_4
comp_16344,tas_4
comp_16345,tas_4
comp_16346,tas_4
comp_16347,tas_4
comp_16348,tas_4
comp_16349,tas_4
comp_16350,tas_4
comp_16351,tas_4
comp_16352,tas_4
comp_16353,tas_4
comp_16354,tas_4
comp_16355,tas_4
comp_16356,tas_4
comp_16357,tas_4
comp_16358,tas_4
comp_16359,tas_4
comp_16360,tas_4
comp_16361,tas_4
comp_16362,tas_4
comp_16363,tas_4
comp_16364,tas_4
comp_16365,tas_4
comp_16366,tas_4
comp_16367,tas_4
comp_16368,tas_4
comp_16369,tas_4
comp_16370,tas_4
comp_16371,tas_4
comp_16372,tas_4
comp_16373,tas_4
comp_16374,tas_4
comp_16375,tas_4
comp_16376,tas_4
comp_16377,tas_4
comp_16378,tas_4
comp_16379,tas_4
comp_16380,tas_4
comp_16381,tas_4
comp_16382,tas_4
comp_16383,tas_4
comp_16384,tas_4
comp_16385,tas_4
comp_16386,tas_4
comp_16387,tas_4
comp_16388,tas_4
comp_16389,tas_4
comp_16390,tas_4
comp_16391,tas_4
comp_16392,tas_4
comp_16393,tas_4
comp_16394,tas_4
comp_16395,tas_4
comp_16396,tas_4
comp_16397,tas_4
comp_16398,tas_4
comp_16399,tas_4
comp_16400,tas_4
comp_16401,tas_4
comp_16402,tas_4
comp_16403,tas_4
comp_16404,tas_4
comp_16405,tas_4
comp_16406,tas_4
comp_16407,tas_4
comp_16408,tas_4
comp_16409,tas_4
comp_16410,tas_4
comp_16411,tas_4
comp_16412,tas_4
comp_16413,tas_4
comp_16414,tas_4
comp_16415,tas_4
comp_16416,tas_4
comp_16417,tas_4
comp_16418,tas_4
comp_16419,tas_4
comp_16420,tas_4
comp_16421,tas_4
comp_16422,tas_4
comp_16423,tas_4
comp_16424,tas_4
comp_16425,tas_4
comp_16426,tas_4
comp_16427,tas_4
comp_16428,tas_4
comp_16429,tas_4
comp_16430,tas_4
comp_16431,tas_4
comp_16432,tas_4
comp_16433,tas_4
comp_16434,tas_4
comp_16435,tas_4
comp_16436,tas_4
comp_16437,tas_4
comp_16438,tas_4
comp_16439,tas_4
comp_16440,tas_4
comp_16441,tas_4
comp_16442,tas_4
comp_16443,tas_4
comp_16444,tas_4
comp_16445,tas_4
comp_16446,tas_4
comp_16447,tas_4
comp_16448,tas_4
comp_16449,tas_4
comp_16450,tas_4
comp_16451,tas_4
comp_16452,tas_4
comp_16453,tas_4
comp_16454,tas_4
comp_16455,tas_4
comp_16456,tas_4
comp_16457,tas_4
comp_16458,tas_4
comp_16459,tas_4
comp_16460,tas_4
comp_16461,tas_4
comp_16462,tas_4
comp_16463,tas_4
comp_16464,tas_4
comp_16465,tas_4
comp_16466,tas_4
comp_16467,tas_4
comp_16468,tas_4
comp_16469,tas_4
comp_16470,tas_4
comp_16471,tas_4
comp_16472,tas_4
comp_16473,tas_4
comp_16474,tas_4
comp_16475,tas_4
comp_16476,tas_4
comp_16477,tas_4
comp_16478,tas_4
comp_16479,tas_4
comp_16480,tas_4
comp_16481,tas_4
comp_16482,tas_4
comp_16483,tas_4
comp_16484,tas_4
comp_16485,tas_4
comp_16486,tas_4
comp_16487,tas_4
comp_16488,tas_4
comp_16489,tas_4
comp_16490,tas_4
comp_16491,tas_4
comp_16492,tas_4
comp_16493,tas_4
comp_16494,tas_4
comp_16495,tas_4
comp_16496,tas_4
comp_16497,tas_4
comp_16498,tas_4
comp_16499,tas_4
comp_16500,tas_4
comp_16501,tas_4
comp_16502,tas_4
comp_16503,tas_4
comp_16504,tas_4
comp_16505,tas_4
comp_16506,tas_4
comp_16507,tas_4
comp_16508,tas_4
comp_16509,tas_4
comp_16510,tas_4
comp_16511,tas_4
comp_16512,tas_4
comp_16513,tas_4
comp_16514,tas_4
comp_16515,tas_4
comp_16516,tas_4
comp_16517,tas_4
comp_16518,tas_4
comp_16519,tas_4
comp_16520,tas_4
comp_16521,tas_4
comp_16522,tas_4
comp_16523,tas_4
comp_16524,tas_4
comp_16525,tas_4
comp_16526,tas_4
comp_16527,tas_4
comp_16528,tas_4
comp_16529,tas_4
comp_16530,tas_4
comp_16531,tas_4
comp_16532,tas_4
comp_16533,tas_4
comp_16534,tas_4
comp_16535,tas_4
comp_16536,tas_4
comp_16537,tas_4
comp_16538,tas_4
comp_16539,tas_4
comp_16540,tas_4
comp_16541,tas_4
comp_16542,tas_4
comp_16543,tas_4
comp_16544,tas_4
comp_16545,tas_4
comp_16546,tas_4
comp_16547,tas_4
comp_16548,tas_4
comp_16549,tas_4
comp_16550,tas_4
comp_16551,tas_4
comp_16552,tas_4
comp_16553,tas_4
comp_16554,tas_4
comp_16555,tas_4
comp_16556,tas_4
comp_16557,tas_4
comp_16558,tas_4
comp_16559,tas_4
comp_16560,tas_4
comp_16561,tas_4
comp_16562,tas_4
comp_16563,tas_4
comp_16564,tas_4
comp_16565,tas_4
comp_16566,tas_4
comp_16567,tas_4
comp_16568,tas_4
comp_16569,tas_4
comp_16570,tas_4
comp_16571,tas_4
comp_16572,tas_4
comp_16573,tas_4
comp_16574,tas_4
comp_16575,tas_4
comp_16576,tas_4
comp_16577,tas_4
comp_16578,tas_4
comp_16579,tas_4
comp_16580,tas_4
comp_16581,tas_4
comp_16582,tas_4
comp_16583,tas_4
comp_16584,tas_4
comp_16585,tas_4
comp_16586,tas_4
comp_16587,tas_4
comp_16588,tas_4
comp_16589,tas_4
comp_16590,tas_4
comp_16591,tas_4
comp_16592,tas_4
comp_16593,tas_4
comp_16594,tas_4
comp_16595,tas_4
comp_16596,tas_4
comp_16597,tas_4
comp_16598,tas_4
comp_16599,tas_4
comp_16600,tas_4
comp_16601,tas_4
comp_16602,tas_4
comp_16603,tas_4
comp_16604,tas_4
comp_16605,tas_4
comp_16606,tas_4
comp_16607,tas_4
comp_16608,tas_4
comp_16609,tas_4
comp_16610,tas_4
comp_16611,tas_4
comp_16612,tas_4
comp_16613,tas_4
comp_16614,tas_4
comp_16615,tas_4
comp_16616,tas_4
comp_16617,tas_4
comp_16618,tas_4
comp_16619,tas_4
comp_16620,tas_4
comp_16621,tas_4
comp_16622,tas_4
comp_16623,tas_4
comp_16624,tas_4
comp_16625,tas_4
comp_16626,tas_4
comp_16627,tas_4
comp_16628,tas_4
comp_16629,tas_4
comp_16630,tas_4
comp_16631,tas_4
comp_16632,tas_4
comp_16633,tas_4
comp_16634,tas_4
comp_16635,tas_4
comp_16636,tas_4
comp_16637,tas_4
comp_16638,tas_4
comp_16639,tas_4
comp_16640,tas_4
comp_16641,tas_4
comp_16642,tas_4
comp_16643,tas_4
comp_16644,tas_4
comp_16645,tas_4
comp_16646,tas_4
comp_16647,tas_4
comp_16648,tas_4
comp_16649,tas_4
comp_16650,tas_4
comp_16651,tas_4
comp_16652,tas_4
comp_16653,tas_4
comp_16654,tas_4
comp_16655,tas_4
comp_16656,tas_4
comp_16657,tas_4
comp_16658,tas_4
comp_16659,tas_4
comp_16660,tas_4
comp_16661,tas_4
comp_16662,tas_4
comp_16663,tas_4
comp_16664,tas_4
comp_16665,tas_4
comp_16666,tas_4
comp_16667,tas_4
comp_16668,tas_4
comp_16669,tas_4
comp_16670,tas_4
comp_16671,tas_4
comp_16672,tas_4
comp_16673,tas_4
comp_16674,tas_4
comp_16675,tas_4
comp_16676,tas_4
comp_16677,tas_4
comp_16678,tas_4
comp_16679,tas_4
comp_16680,tas_4
comp_16681,tas_4
comp_16682,tas_4
comp_16683,tas_4
comp_16684,tas_4
comp_16685,tas_4
comp_16686,tas_4
comp_16687,tas_4
comp_16688,tas_4
comp_16689,tas_4
comp_16690,tas_4
comp_16691,tas_4
comp_16692,tas_4
comp_16693,tas_4
comp_16694,tas_4
comp_16695,tas_4
comp_16696,tas_4
comp_16697,tas_4
comp_16698,tas_4
comp_16699,tas_4
comp_16700,tas_4
comp_16701,tas_4
comp_16702,tas_4
comp_16703,tas_4
comp_16704,tas_4
comp_16705,tas_4
comp_16706,tas_4
comp_16707,tas_4
comp_16708,tas_4
comp_16709,tas_4
comp_16710,tas_4
comp_16711,tas_4
comp_16712,tas_4
comp_16713,tas_4
comp_16714,tas_4
comp_16715,tas_4
comp_16716,tas_4
comp_16717,tas_4
comp_16718,tas_4
comp_16719,tas_4
comp_16720,tas_4
comp_16721,tas_4
comp_16722,tas_4
comp_16723,tas_4
comp_16724,tas_4
comp_16725,tas_4
comp_16726,tas_4
comp_16727,tas_4
comp_16728,tas_4
comp_16729,tas_4
comp_16730,tas_4
comp_16731,tas_4
comp_16732,tas_4
comp_16733,tas_4
comp_16734,tas_4
comp_16735,tas_4
comp_16736,tas_4
comp_16737,tas_4
comp_16738,tas_4
comp_16739,tas_4
comp_16740,tas_4
comp_16741,tas_4
comp_16742,tas_4
comp_16743,tas_4
comp_16744,tas_4
comp_16745,tas_4
comp_16746,tas_4
comp_16747,tas_4
comp_16748,tas_4
comp_16749,tas_4
comp_16750,tas_4
comp_16751,tas_4
comp_16752,tas_4
comp_16753,tas_4
comp_16754,tas_4
comp_16755,tas_4
comp_16756,tas_4
comp_16757,tas_4
comp_16758,tas_4
comp_16759,tas_4
comp_16760,tas_4
comp_16761,tas_4
comp_16762,tas_4
comp_16763,tas_4
comp_16764,tas_4
comp_16765,tas_4
comp_16766,tas_4
comp_16767,tas_4
comp_16768,tas_4
comp_16769,tas_4
comp_16770,tas_4
comp_16771,tas_4
comp_16772,tas_4
comp_16773,tas_4
comp_16774,tas_4
comp_16775,tas_4
comp_16776,tas_4
comp_16777,tas_4
comp_16778,tas_4
comp_16779,tas_4
comp_16780,tas_4
comp_16781,tas_4
comp_16782,tas_4
comp_16783,tas_4
comp_16784,tas_4
comp_16785,tas_4
comp_16786,tas_4
comp_16787,tas_4
comp_16788,tas_4
comp_16789,tas_4
comp_16790,tas_4
comp_16791,tas_4
comp_16792,tas_4
comp_16793,tas_4
comp_16794,tas_4
comp_16795,tas_4
comp_16796,tas_4
comp_16797,tas_4
comp_16798,tas_4
comp_16799,tas_4
comp_16800,tas_4
comp_16801,tas_4
comp_16802,tas_4
comp_16803,tas_4
comp_16804,tas_4
comp_16805,tas_4
comp_16806,tas_4
comp_16807,tas_4
comp_16808,tas_4
comp_16809,tas_4
comp_16810,tas_4
comp_16811,tas_4
comp_16812,tas_4
comp_16813,tas_4
comp_16814,tas_4
comp_16815,tas_4
comp_16816,tas_4
comp_16817,tas_4
comp_16818,tas_4
comp_16819,tas_4
comp_16820,tas_4
comp_16821,tas_4
comp_16822,tas_4
comp_16823,tas_4
comp_16824,tas_4
comp_16825,tas_4
comp_16826,tas_4
comp_16827,tas_4
comp_16828,tas_4
comp_16829,tas_4
comp_16830,tas_4
comp_16831,tas_4
comp_16832,tas_4
comp_16833,tas_4
comp_16834,tas_4
comp_16835,tas_4
comp_16836,tas_4
comp_16837,tas_4
comp_16838,tas_4
comp_16839,tas_4
comp_16840,tas_4
comp_16841,tas_4
comp_16842,tas_4
comp_16843,tas_4
comp_16844,tas_4
comp_16845,tas_4
comp_16846,tas_4
comp_16847,tas_4
comp_16848,tas_4
comp_16849,tas_4
comp_16850,tas_4
comp_16851,tas_4
comp_16852,tas_4
comp_16853,tas_4
comp_16854,tas_4
comp_16855,tas_4
comp_16856,tas_4
comp_16857,tas_4
comp_16858,tas_4
comp_16859,tas_4
comp_16860,tas_4
comp_16861,tas_4
comp_16862,tas_4
comp_16863,tas_4
comp_16864,tas_4
comp_16865,tas_4
comp_16866,tas_4
comp_16867,tas_4
comp_16868,tas_4
comp_16869,tas_4
comp_16870,tas_4
comp_16871,tas_4
comp_16872,tas_4
comp_16873,tas_4
comp_16874,tas_4
comp_16875,tas_4
comp_16876,tas_4
comp_16877,tas_4
comp_16878,tas_4
comp_16879,tas_4
comp_16880,tas_4
comp_16881,tas_4
comp_16882,tas_4
comp_16883,tas_4
comp_16884,tas_4
comp_16885,tas_4
comp_16886,tas_4
comp_16887,tas_4
comp_16888,tas_4
comp_16889,tas_4
comp_16890,tas_4
comp_16891,tas_4
comp_16892,tas_4
comp_16893,tas_4
comp_16894,tas_4
comp_16895,tas_4
comp_16896,tas_4
comp_16897,tas_4
comp_16898,tas_4
comp_16899,tas_4
comp_16900,tas_4
comp_16901,tas_4
comp_16902,tas_4
comp_16903,tas_4
comp_16904,tas_4
comp_16905,tas_4
comp_16906,tas_4
comp_16907,tas_4
comp_16908,tas_4
comp_16909,tas_4
comp_16910,tas_4
comp_16911,tas_4
comp_16912,tas_4
comp_16913,tas_4
comp_16914,tas_4
comp_16915,tas_4
comp_16916,tas_4
comp_16917,tas_4
comp_16918,tas_4
comp_16919,tas_4
comp_16920,tas_4
comp_16921,tas_4
comp_16922,tas_4
comp_16923,tas_4
comp_16924,tas_4
comp_16925,tas_4
comp_16926,tas_4
comp_16927,tas_4
comp_16928,tas_4
comp_16929,tas_4
comp_16930,tas_4
comp_16931,tas_4
comp_16932,tas_4
comp_16933,tas_4
comp_16934,tas_4
comp_16935,tas_4
comp_16936,tas_4
comp_16937,tas_4
comp_16938,tas_4
comp_16939,tas_4
comp_16940,tas_4
comp_16941,tas_4
comp_16942,tas_4
comp_16943,tas_4
comp_16944,tas_4
comp_16945,tas_4
comp_16946,tas_4
comp_16947,tas_4
comp_16948,tas_4
comp_16949,tas_4
comp_16950,tas_4
comp_16951,tas_4
comp_16952,tas_4
comp_16953,tas_4
comp_16954,tas_4
comp_16955,tas_4
comp_16956,tas_4
comp_16957,tas_4
comp_16958,tas_4
comp_16959,tas_4
comp_16960,tas_4
comp_16961,tas_4
comp_16962,tas_4
comp_16963,tas_4
comp_16964,tas_4
comp_16965,tas_4
comp_16966,tas_4
comp_16967,tas_4
comp_16968,tas_4
comp_16969,tas_4
comp_16970,tas_4
comp_16971,tas_4
comp_16972,tas_4
comp_16973,tas_4
comp_16974,tas_4
comp_16975,tas_4
comp_16976,tas_4
comp_16977,tas_4
comp_16978,tas_4
comp_16979,tas_4
comp_16980,tas_4
comp_16981,tas_4
comp_16982,tas_4
comp_16983,tas_4
comp_16984,tas_4
comp_16985,tas_4
comp_16986,tas_4
comp_16987,tas_4
comp_16988,tas_4
comp_16989,tas_4
comp_16990,tas_4
comp_16991,tas_4
comp_16992,tas_4
comp_16993,tas_4
comp_16994,tas_4
comp_16995,tas_4
comp_16996,tas_4
comp_16997,tas_4
comp_16998,tas_4
comp_16999,tas_4
comp_17000,tas_4
comp_17001,tas_4
comp_17002,tas_4
comp_17003,tas_4
comp_17004,tas_4
comp_17005,tas_4
comp_17006,tas_4
comp_17007,tas_4
comp_17008,tas_4
comp_17009,tas_4
comp_17010,tas_4
comp_17011,tas_4
comp_17012,tas_4
comp_17013,tas_4
comp_17014,tas_4
comp_17015,tas_4
comp_17016,tas_4
comp_17017,tas_4
comp_17018,tas_4
comp_17019,tas_4
comp_17020,tas_4
comp_17021,tas_4
comp_17022,tas_4
comp_17023,tas_4
comp_17024,tas_4
comp_17025,tas_4
comp_17026,tas_4
comp_17027,tas_4
comp_17028,tas_4
comp_17029,tas_4
comp_17030,tas_4
comp_17031,tas_4
comp_17032,tas_4
comp_17033,tas_4
comp_17034,tas_4
comp_17035,tas_4
comp_17036,tas_4
comp_17037,tas_4
comp_17038,tas_4
comp_17039,tas_4
comp_17040,tas_4
comp_17041,tas_4
comp_17042,tas_4
comp_17043,tas_4
comp_17044,tas_4
comp_17045,tas_4
comp_17046,tas_4
comp_17047,tas_4
comp_17048,tas_4
comp_17049,tas_4
comp_17050,tas_4
comp_17051,tas_4
comp_17052,tas_4
comp_17053,tas_4
comp_17054,tas_4
comp_17055,tas_4
comp_17056,tas_4
comp_17057,tas_4
comp_17058,tas_4
comp_17059,tas_4
comp_17060,tas_4
comp_17061,tas_4
comp_17062,tas_4
comp_17063,tas_4
comp_17064,tas_4
comp_17065,tas_4
comp_17066,tas_4
comp_17067,tas_4
comp_17068,tas_4
comp_17069,tas_4
comp_17070,tas_4
comp_17071,tas_4
comp_17072,tas_4
comp_17073,tas_4
comp_17074,tas_4
comp_17075,tas_4
comp_17076,tas_4
comp_17077,tas_4
comp_17078,tas_4
comp_17079,tas_4
comp_17080,tas_4
comp_17081,tas_4
comp_17082,tas_4
comp_17083,tas_4
comp_17084,tas_4
comp_17085,tas_4
comp_17086,tas_4
comp_17087,tas_4
comp_17088,tas_4
comp_17089,tas_4
comp_17090,tas_4
comp_17091,tas_4
comp_17092,tas_4
comp_17093,tas_4
comp_17094,tas_4
comp_17095,tas_4
comp_17096,tas_4
comp_17097,tas_4
comp_17098,tas_4
