:START_ID,:END_ID
comp_1,bics_l5_92
comp_2,bics_l5_92
comp_3,bics_l5_92
comp_4,bics_l5_92
comp_5,bics_l5_71
comp_6,bics_l5_71
comp_9,bics_l5_7
comp_10,bics_l5_54
comp_12,bics_l5_92
comp_14,bics_l5_71
comp_16,bics_l5_168
comp_17,bics_l5_71
comp_18,bics_l5_71
comp_21,bics_l5_71
comp_22,bics_l5_71
comp_23,bics_l5_177
comp_24,bics_l5_71
comp_25,bics_l5_71
comp_27,bics_l5_71
comp_28,bics_l5_71
comp_29,bics_l5_179
comp_31,bics_l5_71
comp_32,bics_l5_168
comp_33,bics_l5_71
comp_37,bics_l5_106
comp_38,bics_l5_92
comp_40,bics_l5_71
comp_43,bics_l5_71
comp_45,bics_l5_71
comp_46,bics_l5_71
comp_47,bics_l5_179
comp_49,bics_l5_106
comp_50,bics_l5_71
comp_53,bics_l5_71
comp_54,bics_l5_37
comp_55,bics_l5_29
comp_58,bics_l5_71
comp_61,bics_l5_92
comp_63,bics_l5_71
comp_65,bics_l5_179
comp_66,bics_l5_71
comp_67,bics_l5_71
comp_70,bics_l5_71
comp_71,bics_l5_108
comp_73,bics_l5_71
comp_74,bics_l5_179
comp_75,bics_l5_179
comp_77,bics_l5_187
comp_82,bics_l5_169
comp_84,bics_l5_179
comp_85,bics_l5_71
comp_88,bics_l5_168
comp_89,bics_l5_71
comp_93,bics_l5_71
comp_94,bics_l5_71
comp_95,bics_l5_101
comp_97,bics_l5_108
comp_99,bics_l5_92
comp_101,bics_l5_71
comp_103,bics_l5_71
comp_107,bics_l5_71
comp_108,bics_l5_179
comp_110,bics_l5_71
comp_111,bics_l5_71
comp_112,bics_l5_108
comp_113,bics_l5_71
comp_114,bics_l5_115
comp_115,bics_l5_108
comp_116,bics_l5_151
comp_119,bics_l5_71
comp_120,bics_l5_71
comp_121,bics_l5_71
comp_122,bics_l5_7
comp_123,bics_l5_71
comp_124,bics_l5_71
comp_125,bics_l5_71
comp_127,bics_l5_71
comp_130,bics_l5_71
comp_131,bics_l5_71
comp_132,bics_l5_71
comp_133,bics_l5_71
comp_134,bics_l5_92
comp_135,bics_l5_157
comp_137,bics_l5_71
comp_139,bics_l5_71
comp_140,bics_l5_108
comp_141,bics_l5_71
comp_142,bics_l5_71
comp_143,bics_l5_71
comp_144,bics_l5_179
comp_145,bics_l5_37
comp_146,bics_l5_92
comp_147,bics_l5_71
comp_148,bics_l5_71
comp_149,bics_l5_71
comp_151,bics_l5_68
comp_152,bics_l5_108
comp_155,bics_l5_71
comp_156,bics_l5_71
comp_157,bics_l5_108
comp_159,bics_l5_71
comp_160,bics_l5_31
comp_161,bics_l5_71
comp_164,bics_l5_71
comp_165,bics_l5_71
comp_166,bics_l5_71
comp_168,bics_l5_37
comp_169,bics_l5_179
comp_170,bics_l5_179
comp_171,bics_l5_71
comp_173,bics_l5_108
comp_174,bics_l5_71
comp_175,bics_l5_71
comp_179,bics_l5_71
comp_180,bics_l5_37
comp_181,bics_l5_108
comp_182,bics_l5_179
comp_183,bics_l5_71
comp_189,bics_l5_105
comp_193,bics_l5_71
comp_194,bics_l5_71
comp_197,bics_l5_71
comp_199,bics_l5_71
comp_200,bics_l5_71
comp_201,bics_l5_179
comp_203,bics_l5_151
comp_204,bics_l5_71
comp_205,bics_l5_160
comp_208,bics_l5_108
comp_210,bics_l5_108
comp_212,bics_l5_71
comp_213,bics_l5_71
comp_216,bics_l5_37
comp_217,bics_l5_108
comp_224,bics_l5_71
comp_225,bics_l5_71
comp_226,bics_l5_53
comp_227,bics_l5_37
comp_228,bics_l5_71
comp_232,bics_l5_179
comp_236,bics_l5_71
comp_238,bics_l5_168
comp_239,bics_l5_108
comp_240,bics_l5_71
comp_246,bics_l5_71
comp_248,bics_l5_92
comp_249,bics_l5_168
comp_252,bics_l5_37
comp_253,bics_l5_37
comp_255,bics_l5_71
comp_257,bics_l5_92
comp_258,bics_l5_101
comp_259,bics_l5_115
comp_262,bics_l5_71
comp_263,bics_l5_71
comp_264,bics_l5_108
comp_265,bics_l5_71
comp_266,bics_l5_37
comp_267,bics_l5_37
comp_270,bics_l5_179
comp_274,bics_l5_37
comp_276,bics_l5_179
comp_280,bics_l5_92
comp_281,bics_l5_108
comp_283,bics_l5_71
comp_284,bics_l5_25
comp_285,bics_l5_168
comp_286,bics_l5_71
comp_288,bics_l5_24
comp_290,bics_l5_136
comp_292,bics_l5_71
comp_294,bics_l5_71
comp_296,bics_l5_169
comp_299,bics_l5_179
comp_303,bics_l5_25
comp_305,bics_l5_71
comp_312,bics_l5_71
comp_313,bics_l5_179
comp_315,bics_l5_71
comp_316,bics_l5_71
comp_318,bics_l5_71
comp_322,bics_l5_71
comp_325,bics_l5_71
comp_326,bics_l5_71
comp_327,bics_l5_71
comp_328,bics_l5_71
comp_330,bics_l5_47
comp_332,bics_l5_71
comp_334,bics_l5_71
comp_335,bics_l5_71
comp_336,bics_l5_108
comp_339,bics_l5_71
comp_342,bics_l5_37
comp_344,bics_l5_71
comp_348,bics_l5_32
comp_349,bics_l5_71
comp_351,bics_l5_71
comp_352,bics_l5_37
comp_354,bics_l5_33
comp_355,bics_l5_105
comp_356,bics_l5_92
comp_357,bics_l5_108
comp_358,bics_l5_179
comp_363,bics_l5_179
comp_368,bics_l5_179
comp_374,bics_l5_71
comp_375,bics_l5_71
comp_376,bics_l5_179
comp_377,bics_l5_71
comp_378,bics_l5_71
comp_380,bics_l5_108
comp_381,bics_l5_186
comp_383,bics_l5_92
comp_384,bics_l5_71
comp_386,bics_l5_179
comp_388,bics_l5_37
comp_389,bics_l5_108
comp_391,bics_l5_71
comp_393,bics_l5_108
comp_394,bics_l5_108
comp_396,bics_l5_71
comp_397,bics_l5_92
comp_401,bics_l5_92
comp_402,bics_l5_71
comp_404,bics_l5_71
comp_408,bics_l5_71
comp_409,bics_l5_179
comp_410,bics_l5_37
comp_413,bics_l5_179
comp_418,bics_l5_71
comp_419,bics_l5_71
comp_420,bics_l5_71
comp_421,bics_l5_25
comp_422,bics_l5_71
comp_423,bics_l5_71
comp_426,bics_l5_108
comp_427,bics_l5_48
comp_429,bics_l5_71
comp_431,bics_l5_71
comp_436,bics_l5_108
comp_437,bics_l5_71
comp_438,bics_l5_71
comp_439,bics_l5_24
comp_440,bics_l5_71
comp_441,bics_l5_71
comp_448,bics_l5_53
comp_449,bics_l5_159
comp_450,bics_l5_71
comp_452,bics_l5_179
comp_453,bics_l5_71
comp_454,bics_l5_71
comp_455,bics_l5_71
comp_456,bics_l5_71
comp_459,bics_l5_92
comp_460,bics_l5_108
comp_462,bics_l5_71
comp_464,bics_l5_71
comp_465,bics_l5_108
comp_469,bics_l5_136
comp_470,bics_l5_179
comp_472,bics_l5_92
comp_473,bics_l5_71
comp_477,bics_l5_71
comp_479,bics_l5_179
comp_480,bics_l5_79
comp_482,bics_l5_179
comp_488,bics_l5_71
comp_489,bics_l5_108
comp_495,bics_l5_7
comp_496,bics_l5_71
comp_497,bics_l5_108
comp_500,bics_l5_108
comp_502,bics_l5_71
comp_504,bics_l5_71
comp_506,bics_l5_108
comp_507,bics_l5_71
comp_509,bics_l5_71
comp_510,bics_l5_71
comp_514,bics_l5_71
comp_515,bics_l5_179
comp_516,bics_l5_108
comp_520,bics_l5_179
comp_521,bics_l5_71
comp_522,bics_l5_71
comp_523,bics_l5_71
comp_524,bics_l5_115
comp_525,bics_l5_71
comp_526,bics_l5_179
comp_527,bics_l5_71
comp_528,bics_l5_71
comp_529,bics_l5_71
comp_531,bics_l5_179
comp_532,bics_l5_71
comp_533,bics_l5_179
comp_535,bics_l5_179
comp_536,bics_l5_115
comp_537,bics_l5_159
comp_538,bics_l5_71
comp_539,bics_l5_71
comp_541,bics_l5_92
comp_544,bics_l5_71
comp_547,bics_l5_92
comp_548,bics_l5_71
comp_550,bics_l5_37
comp_552,bics_l5_140
comp_553,bics_l5_161
comp_554,bics_l5_71
comp_556,bics_l5_24
comp_561,bics_l5_71
comp_562,bics_l5_71
comp_563,bics_l5_37
comp_566,bics_l5_108
comp_567,bics_l5_108
comp_568,bics_l5_71
comp_569,bics_l5_71
comp_570,bics_l5_71
comp_571,bics_l5_71
comp_572,bics_l5_92
comp_573,bics_l5_71
comp_577,bics_l5_71
comp_578,bics_l5_71
comp_579,bics_l5_108
comp_580,bics_l5_92
comp_582,bics_l5_71
comp_585,bics_l5_92
comp_587,bics_l5_92
comp_589,bics_l5_71
comp_591,bics_l5_108
comp_592,bics_l5_179
comp_593,bics_l5_179
comp_597,bics_l5_71
comp_599,bics_l5_108
comp_604,bics_l5_179
comp_605,bics_l5_179
comp_607,bics_l5_71
comp_611,bics_l5_168
comp_612,bics_l5_71
comp_613,bics_l5_108
comp_615,bics_l5_92
comp_619,bics_l5_108
comp_620,bics_l5_108
comp_621,bics_l5_71
comp_623,bics_l5_101
comp_628,bics_l5_179
comp_629,bics_l5_159
comp_630,bics_l5_71
comp_631,bics_l5_71
comp_632,bics_l5_71
comp_633,bics_l5_108
comp_637,bics_l5_108
comp_639,bics_l5_108
comp_640,bics_l5_179
comp_645,bics_l5_71
comp_646,bics_l5_108
comp_647,bics_l5_71
comp_653,bics_l5_108
comp_654,bics_l5_168
comp_657,bics_l5_37
comp_658,bics_l5_71
comp_659,bics_l5_71
comp_661,bics_l5_71
comp_662,bics_l5_71
comp_665,bics_l5_37
comp_666,bics_l5_108
comp_667,bics_l5_71
comp_674,bics_l5_37
comp_675,bics_l5_71
comp_676,bics_l5_106
comp_677,bics_l5_71
comp_679,bics_l5_71
comp_681,bics_l5_108
comp_683,bics_l5_108
comp_687,bics_l5_37
comp_688,bics_l5_108
comp_691,bics_l5_108
comp_692,bics_l5_71
comp_693,bics_l5_71
comp_694,bics_l5_71
comp_696,bics_l5_168
comp_698,bics_l5_71
comp_700,bics_l5_108
comp_707,bics_l5_70
comp_708,bics_l5_108
comp_710,bics_l5_71
comp_711,bics_l5_37
comp_712,bics_l5_71
comp_716,bics_l5_71
comp_718,bics_l5_71
comp_719,bics_l5_38
comp_725,bics_l5_108
comp_726,bics_l5_92
comp_727,bics_l5_92
comp_728,bics_l5_108
comp_732,bics_l5_71
comp_734,bics_l5_108
comp_735,bics_l5_37
comp_736,bics_l5_108
comp_737,bics_l5_71
comp_740,bics_l5_71
comp_741,bics_l5_71
comp_743,bics_l5_115
comp_744,bics_l5_71
comp_745,bics_l5_71
comp_746,bics_l5_71
comp_748,bics_l5_71
comp_752,bics_l5_71
comp_757,bics_l5_71
comp_759,bics_l5_71
comp_762,bics_l5_115
comp_764,bics_l5_33
comp_765,bics_l5_71
comp_767,bics_l5_37
comp_769,bics_l5_81
comp_775,bics_l5_160
comp_777,bics_l5_71
comp_783,bics_l5_53
comp_784,bics_l5_33
comp_786,bics_l5_29
comp_792,bics_l5_61
comp_793,bics_l5_179
comp_797,bics_l5_71
comp_799,bics_l5_168
comp_800,bics_l5_179
comp_802,bics_l5_33
comp_803,bics_l5_105
comp_804,bics_l5_71
comp_806,bics_l5_168
comp_808,bics_l5_168
comp_809,bics_l5_105
comp_810,bics_l5_71
comp_811,bics_l5_180
comp_812,bics_l5_160
comp_816,bics_l5_33
comp_817,bics_l5_53
comp_819,bics_l5_168
comp_821,bics_l5_108
comp_825,bics_l5_105
comp_827,bics_l5_179
comp_830,bics_l5_71
comp_837,bics_l5_71
comp_839,bics_l5_160
comp_840,bics_l5_33
comp_843,bics_l5_37
comp_848,bics_l5_71
comp_849,bics_l5_71
comp_850,bics_l5_177
comp_852,bics_l5_71
comp_853,bics_l5_33
comp_854,bics_l5_71
comp_856,bics_l5_60
comp_859,bics_l5_33
comp_860,bics_l5_61
comp_864,bics_l5_71
comp_865,bics_l5_71
comp_867,bics_l5_160
comp_868,bics_l5_55
comp_870,bics_l5_71
comp_871,bics_l5_71
comp_876,bics_l5_37
comp_877,bics_l5_108
comp_879,bics_l5_136
comp_880,bics_l5_179
comp_882,bics_l5_53
comp_884,bics_l5_71
comp_888,bics_l5_108
comp_889,bics_l5_71
comp_890,bics_l5_53
comp_894,bics_l5_71
comp_895,bics_l5_71
comp_896,bics_l5_53
comp_897,bics_l5_157
comp_899,bics_l5_71
comp_909,bics_l5_53
comp_910,bics_l5_179
comp_912,bics_l5_151
comp_916,bics_l5_151
comp_920,bics_l5_71
comp_925,bics_l5_71
comp_928,bics_l5_16
comp_932,bics_l5_92
comp_934,bics_l5_71
comp_935,bics_l5_38
comp_939,bics_l5_71
comp_940,bics_l5_71
comp_942,bics_l5_71
comp_943,bics_l5_107
comp_947,bics_l5_52
comp_949,bics_l5_71
comp_951,bics_l5_155
comp_952,bics_l5_71
comp_957,bics_l5_71
comp_960,bics_l5_71
comp_962,bics_l5_71
comp_963,bics_l5_71
comp_964,bics_l5_71
comp_966,bics_l5_158
comp_967,bics_l5_71
comp_968,bics_l5_71
comp_969,bics_l5_8
comp_971,bics_l5_90
comp_972,bics_l5_157
comp_981,bics_l5_71
comp_983,bics_l5_16
comp_990,bics_l5_71
comp_991,bics_l5_53
comp_992,bics_l5_96
comp_995,bics_l5_71
comp_997,bics_l5_158
comp_999,bics_l5_71
comp_1002,bics_l5_71
comp_1008,bics_l5_71
comp_1012,bics_l5_71
comp_1015,bics_l5_168
comp_1016,bics_l5_71
comp_1018,bics_l5_7
comp_1019,bics_l5_105
comp_1021,bics_l5_33
comp_1022,bics_l5_71
comp_1025,bics_l5_168
comp_1026,bics_l5_125
comp_1028,bics_l5_7
comp_1029,bics_l5_177
comp_1030,bics_l5_33
comp_1034,bics_l5_68
comp_1035,bics_l5_71
comp_1036,bics_l5_71
comp_1040,bics_l5_51
comp_1041,bics_l5_50
comp_1044,bics_l5_7
comp_1046,bics_l5_33
comp_1047,bics_l5_157
comp_1050,bics_l5_71
comp_1052,bics_l5_7
comp_1054,bics_l5_115
comp_1055,bics_l5_111
comp_1057,bics_l5_51
comp_1059,bics_l5_7
comp_1060,bics_l5_49
comp_1062,bics_l5_109
comp_1064,bics_l5_7
comp_1065,bics_l5_168
comp_1069,bics_l5_37
comp_1070,bics_l5_86
comp_1072,bics_l5_157
comp_1075,bics_l5_71
comp_1076,bics_l5_168
comp_1079,bics_l5_37
comp_1081,bics_l5_61
comp_1086,bics_l5_29
comp_1090,bics_l5_71
comp_1091,bics_l5_33
comp_1092,bics_l5_51
comp_1093,bics_l5_168
comp_1094,bics_l5_115
comp_1095,bics_l5_86
comp_1097,bics_l5_37
comp_1098,bics_l5_157
comp_1099,bics_l5_79
comp_1105,bics_l5_109
comp_1107,bics_l5_168
comp_1109,bics_l5_61
comp_1111,bics_l5_37
comp_1112,bics_l5_33
comp_1113,bics_l5_53
comp_1115,bics_l5_157
comp_1116,bics_l5_109
comp_1119,bics_l5_168
comp_1122,bics_l5_71
comp_1127,bics_l5_168
comp_1128,bics_l5_37
comp_1131,bics_l5_7
comp_1132,bics_l5_115
comp_1133,bics_l5_151
comp_1134,bics_l5_106
comp_1135,bics_l5_53
comp_1141,bics_l5_33
comp_1142,bics_l5_53
comp_1143,bics_l5_92
comp_1145,bics_l5_168
comp_1146,bics_l5_7
comp_1147,bics_l5_71
comp_1149,bics_l5_103
comp_1155,bics_l5_92
comp_1156,bics_l5_151
comp_1157,bics_l5_7
comp_1158,bics_l5_2
comp_1162,bics_l5_79
comp_1164,bics_l5_182
comp_1165,bics_l5_33
comp_1166,bics_l5_157
comp_1172,bics_l5_37
comp_1174,bics_l5_168
comp_1178,bics_l5_61
comp_1180,bics_l5_61
comp_1181,bics_l5_188
comp_1186,bics_l5_2
comp_1187,bics_l5_37
comp_1189,bics_l5_33
comp_1192,bics_l5_80
comp_1195,bics_l5_53
comp_1198,bics_l5_55
comp_1199,bics_l5_157
comp_1200,bics_l5_2
comp_1203,bics_l5_71
comp_1206,bics_l5_33
comp_1208,bics_l5_33
comp_1213,bics_l5_115
comp_1218,bics_l5_7
comp_1221,bics_l5_157
comp_1222,bics_l5_7
comp_1224,bics_l5_157
comp_1227,bics_l5_53
comp_1230,bics_l5_91
comp_1231,bics_l5_55
comp_1233,bics_l5_99
comp_1234,bics_l5_168
comp_1238,bics_l5_53
comp_1242,bics_l5_7
comp_1249,bics_l5_71
comp_1251,bics_l5_122
comp_1253,bics_l5_79
comp_1254,bics_l5_168
comp_1255,bics_l5_99
comp_1259,bics_l5_53
comp_1260,bics_l5_7
comp_1266,bics_l5_168
comp_1267,bics_l5_10
comp_1269,bics_l5_7
comp_1270,bics_l5_2
comp_1272,bics_l5_10
comp_1275,bics_l5_37
comp_1280,bics_l5_2
comp_1281,bics_l5_92
comp_1282,bics_l5_168
comp_1285,bics_l5_168
comp_1289,bics_l5_53
comp_1294,bics_l5_10
comp_1296,bics_l5_168
comp_1297,bics_l5_99
comp_1298,bics_l5_61
comp_1299,bics_l5_53
comp_1306,bics_l5_145
comp_1308,bics_l5_61
comp_1309,bics_l5_33
comp_1312,bics_l5_7
comp_1314,bics_l5_33
comp_1316,bics_l5_168
comp_1317,bics_l5_24
comp_1326,bics_l5_32
comp_1331,bics_l5_168
comp_1333,bics_l5_33
comp_1334,bics_l5_53
comp_1336,bics_l5_53
comp_1337,bics_l5_168
comp_1338,bics_l5_7
comp_1341,bics_l5_33
comp_1344,bics_l5_10
comp_1345,bics_l5_10
comp_1347,bics_l5_86
comp_1348,bics_l5_33
comp_1355,bics_l5_79
comp_1364,bics_l5_29
comp_1366,bics_l5_7
comp_1367,bics_l5_105
comp_1368,bics_l5_10
comp_1369,bics_l5_53
comp_1373,bics_l5_53
comp_1376,bics_l5_187
comp_1377,bics_l5_168
comp_1378,bics_l5_109
comp_1381,bics_l5_7
comp_1382,bics_l5_53
comp_1385,bics_l5_53
comp_1388,bics_l5_109
comp_1389,bics_l5_53
comp_1395,bics_l5_177
comp_1397,bics_l5_10
comp_1401,bics_l5_53
comp_1406,bics_l5_32
comp_1408,bics_l5_31
comp_1410,bics_l5_32
comp_1414,bics_l5_157
comp_1415,bics_l5_53
comp_1416,bics_l5_53
comp_1417,bics_l5_10
comp_1418,bics_l5_10
comp_1420,bics_l5_32
comp_1421,bics_l5_109
comp_1422,bics_l5_29
comp_1426,bics_l5_28
comp_1429,bics_l5_10
comp_1430,bics_l5_10
comp_1437,bics_l5_31
comp_1438,bics_l5_79
comp_1441,bics_l5_31
comp_1443,bics_l5_53
comp_1445,bics_l5_71
comp_1450,bics_l5_10
comp_1452,bics_l5_7
comp_1453,bics_l5_53
comp_1455,bics_l5_10
comp_1457,bics_l5_10
comp_1462,bics_l5_180
comp_1464,bics_l5_10
comp_1466,bics_l5_10
comp_1467,bics_l5_32
comp_1468,bics_l5_10
comp_1470,bics_l5_145
comp_1474,bics_l5_10
comp_1480,bics_l5_170
comp_1482,bics_l5_10
comp_1483,bics_l5_105
comp_1484,bics_l5_10
comp_1485,bics_l5_32
comp_1486,bics_l5_53
comp_1488,bics_l5_10
comp_1489,bics_l5_53
comp_1490,bics_l5_53
comp_1492,bics_l5_55
comp_1494,bics_l5_168
comp_1496,bics_l5_53
comp_1498,bics_l5_33
comp_1500,bics_l5_19
comp_1508,bics_l5_53
comp_1509,bics_l5_32
comp_1510,bics_l5_53
comp_1511,bics_l5_53
comp_1512,bics_l5_7
comp_1513,bics_l5_53
comp_1514,bics_l5_24
comp_1516,bics_l5_53
comp_1518,bics_l5_99
comp_1521,bics_l5_32
comp_1523,bics_l5_53
comp_1525,bics_l5_53
comp_1527,bics_l5_83
comp_1528,bics_l5_92
comp_1531,bics_l5_53
comp_1532,bics_l5_61
comp_1535,bics_l5_32
comp_1536,bics_l5_92
comp_1538,bics_l5_168
comp_1539,bics_l5_53
comp_1540,bics_l5_92
comp_1541,bics_l5_61
comp_1544,bics_l5_10
comp_1545,bics_l5_32
comp_1546,bics_l5_32
comp_1549,bics_l5_32
comp_1552,bics_l5_10
comp_1555,bics_l5_7
comp_1556,bics_l5_136
comp_1557,bics_l5_71
comp_1558,bics_l5_71
comp_1560,bics_l5_79
comp_1564,bics_l5_179
comp_1568,bics_l5_71
comp_1570,bics_l5_71
comp_1571,bics_l5_177
comp_1578,bics_l5_71
comp_1580,bics_l5_179
comp_1581,bics_l5_91
comp_1583,bics_l5_136
comp_1586,bics_l5_38
comp_1587,bics_l5_71
comp_1588,bics_l5_71
comp_1591,bics_l5_79
comp_1592,bics_l5_108
comp_1593,bics_l5_32
comp_1598,bics_l5_168
comp_1600,bics_l5_108
comp_1603,bics_l5_108
comp_1607,bics_l5_81
comp_1608,bics_l5_71
comp_1609,bics_l5_37
comp_1610,bics_l5_71
comp_1611,bics_l5_71
comp_1613,bics_l5_71
comp_1615,bics_l5_71
comp_1618,bics_l5_16
comp_1622,bics_l5_16
comp_1624,bics_l5_71
comp_1625,bics_l5_71
comp_1626,bics_l5_92
comp_1627,bics_l5_71
comp_1629,bics_l5_10
comp_1630,bics_l5_108
comp_1631,bics_l5_71
comp_1632,bics_l5_37
comp_1634,bics_l5_71
comp_1635,bics_l5_108
comp_1636,bics_l5_108
comp_1639,bics_l5_71
comp_1640,bics_l5_71
comp_1646,bics_l5_108
comp_1649,bics_l5_92
comp_1652,bics_l5_101
comp_1653,bics_l5_108
comp_1656,bics_l5_71
comp_1658,bics_l5_71
comp_1659,bics_l5_115
comp_1667,bics_l5_79
comp_1668,bics_l5_18
comp_1669,bics_l5_7
comp_1670,bics_l5_101
comp_1671,bics_l5_33
comp_1673,bics_l5_160
comp_1677,bics_l5_79
comp_1681,bics_l5_7
comp_1684,bics_l5_33
comp_1696,bics_l5_29
comp_1697,bics_l5_29
comp_1700,bics_l5_37
comp_1702,bics_l5_99
comp_1704,bics_l5_157
comp_1706,bics_l5_177
comp_1707,bics_l5_160
comp_1708,bics_l5_29
comp_1709,bics_l5_33
comp_1710,bics_l5_32
comp_1711,bics_l5_61
comp_1712,bics_l5_32
comp_1713,bics_l5_51
comp_1723,bics_l5_33
comp_1725,bics_l5_7
comp_1730,bics_l5_91
comp_1734,bics_l5_51
comp_1738,bics_l5_157
comp_1739,bics_l5_177
comp_1741,bics_l5_10
comp_1742,bics_l5_53
comp_1750,bics_l5_177
comp_1751,bics_l5_32
comp_1752,bics_l5_160
comp_1753,bics_l5_51
comp_1755,bics_l5_160
comp_1757,bics_l5_53
comp_1761,bics_l5_53
comp_1764,bics_l5_177
comp_1767,bics_l5_7
comp_1772,bics_l5_32
comp_1773,bics_l5_177
comp_1774,bics_l5_61
comp_1775,bics_l5_33
comp_1776,bics_l5_168
comp_1780,bics_l5_160
comp_1784,bics_l5_160
comp_1788,bics_l5_33
comp_1791,bics_l5_53
comp_1793,bics_l5_160
comp_1795,bics_l5_53
comp_1797,bics_l5_160
comp_1798,bics_l5_51
comp_1799,bics_l5_32
comp_1800,bics_l5_53
comp_1803,bics_l5_32
comp_1805,bics_l5_33
comp_1806,bics_l5_32
comp_1808,bics_l5_33
comp_1811,bics_l5_33
comp_1817,bics_l5_53
comp_1822,bics_l5_32
comp_1824,bics_l5_51
comp_1827,bics_l5_32
comp_1831,bics_l5_160
comp_1845,bics_l5_99
comp_1847,bics_l5_160
comp_1849,bics_l5_10
comp_1854,bics_l5_85
comp_1855,bics_l5_10
comp_1856,bics_l5_157
comp_1861,bics_l5_79
comp_1862,bics_l5_160
comp_1863,bics_l5_7
comp_1874,bics_l5_53
comp_1876,bics_l5_32
comp_1877,bics_l5_10
comp_1883,bics_l5_53
comp_1885,bics_l5_71
comp_1886,bics_l5_71
comp_1887,bics_l5_71
comp_1888,bics_l5_71
comp_1889,bics_l5_179
comp_1890,bics_l5_71
comp_1895,bics_l5_71
comp_1896,bics_l5_71
comp_1898,bics_l5_32
comp_1901,bics_l5_71
comp_1904,bics_l5_71
comp_1905,bics_l5_71
comp_1906,bics_l5_179
comp_1908,bics_l5_71
comp_1909,bics_l5_151
comp_1911,bics_l5_71
comp_1912,bics_l5_71
comp_1915,bics_l5_71
comp_1916,bics_l5_71
comp_1917,bics_l5_71
comp_1919,bics_l5_71
comp_1921,bics_l5_71
comp_1922,bics_l5_71
comp_1923,bics_l5_71
comp_1924,bics_l5_151
comp_1927,bics_l5_179
comp_1928,bics_l5_71
comp_1929,bics_l5_71
comp_1931,bics_l5_71
comp_1932,bics_l5_71
comp_1933,bics_l5_71
comp_1934,bics_l5_71
comp_1935,bics_l5_71
comp_1937,bics_l5_151
comp_1938,bics_l5_160
comp_1940,bics_l5_151
comp_1941,bics_l5_151
comp_1942,bics_l5_92
comp_1944,bics_l5_71
comp_1945,bics_l5_37
comp_1946,bics_l5_71
comp_1948,bics_l5_71
comp_1949,bics_l5_71
comp_1953,bics_l5_71
comp_1955,bics_l5_37
comp_1957,bics_l5_151
comp_1959,bics_l5_151
comp_1960,bics_l5_71
comp_1961,bics_l5_71
comp_1963,bics_l5_106
comp_1967,bics_l5_71
comp_1968,bics_l5_151
comp_1970,bics_l5_71
comp_1972,bics_l5_179
comp_1973,bics_l5_2
comp_1974,bics_l5_71
comp_1976,bics_l5_71
comp_1977,bics_l5_179
comp_1978,bics_l5_71
comp_1979,bics_l5_71
comp_1984,bics_l5_71
comp_1987,bics_l5_71
comp_1988,bics_l5_71
comp_1990,bics_l5_71
comp_1991,bics_l5_71
comp_1995,bics_l5_71
comp_1997,bics_l5_71
comp_2001,bics_l5_151
comp_2007,bics_l5_71
comp_2009,bics_l5_71
comp_2010,bics_l5_71
comp_2011,bics_l5_108
comp_2012,bics_l5_71
comp_2013,bics_l5_179
comp_2016,bics_l5_71
comp_2022,bics_l5_108
comp_2025,bics_l5_71
comp_2027,bics_l5_71
comp_2028,bics_l5_37
comp_2030,bics_l5_71
comp_2031,bics_l5_71
comp_2032,bics_l5_136
comp_2034,bics_l5_71
comp_2040,bics_l5_37
comp_2041,bics_l5_71
comp_2042,bics_l5_151
comp_2050,bics_l5_71
comp_2051,bics_l5_71
comp_2052,bics_l5_71
comp_2053,bics_l5_71
comp_2055,bics_l5_168
comp_2057,bics_l5_108
comp_2058,bics_l5_71
comp_2060,bics_l5_71
comp_2061,bics_l5_37
comp_2062,bics_l5_71
comp_2063,bics_l5_115
comp_2068,bics_l5_71
comp_2069,bics_l5_151
comp_2071,bics_l5_71
comp_2072,bics_l5_71
comp_2073,bics_l5_179
comp_2076,bics_l5_71
comp_2077,bics_l5_151
comp_2079,bics_l5_151
comp_2082,bics_l5_71
comp_2084,bics_l5_71
comp_2085,bics_l5_71
comp_2087,bics_l5_179
comp_2092,bics_l5_71
comp_2093,bics_l5_90
comp_2094,bics_l5_71
comp_2095,bics_l5_71
comp_2096,bics_l5_179
comp_2097,bics_l5_179
comp_2098,bics_l5_71
comp_2099,bics_l5_151
comp_2101,bics_l5_115
comp_2102,bics_l5_71
comp_2103,bics_l5_71
comp_2104,bics_l5_108
comp_2105,bics_l5_71
comp_2107,bics_l5_108
comp_2108,bics_l5_38
comp_2111,bics_l5_151
comp_2112,bics_l5_71
comp_2114,bics_l5_71
comp_2115,bics_l5_109
comp_2116,bics_l5_151
comp_2117,bics_l5_179
comp_2121,bics_l5_71
comp_2123,bics_l5_71
comp_2125,bics_l5_71
comp_2126,bics_l5_71
comp_2129,bics_l5_179
comp_2130,bics_l5_108
comp_2134,bics_l5_71
comp_2135,bics_l5_71
comp_2136,bics_l5_71
comp_2138,bics_l5_71
comp_2139,bics_l5_151
comp_2140,bics_l5_49
comp_2141,bics_l5_71
comp_2143,bics_l5_71
comp_2144,bics_l5_67
comp_2145,bics_l5_71
comp_2147,bics_l5_71
comp_2148,bics_l5_151
comp_2150,bics_l5_71
comp_2152,bics_l5_53
comp_2158,bics_l5_71
comp_2159,bics_l5_51
comp_2160,bics_l5_151
comp_2161,bics_l5_108
comp_2163,bics_l5_37
comp_2166,bics_l5_108
comp_2167,bics_l5_37
comp_2168,bics_l5_71
comp_2171,bics_l5_92
comp_2173,bics_l5_71
comp_2174,bics_l5_71
comp_2175,bics_l5_37
comp_2177,bics_l5_108
comp_2178,bics_l5_179
comp_2179,bics_l5_151
comp_2180,bics_l5_179
comp_2184,bics_l5_71
comp_2186,bics_l5_71
comp_2189,bics_l5_71
comp_2193,bics_l5_179
comp_2194,bics_l5_71
comp_2198,bics_l5_71
comp_2208,bics_l5_71
comp_2213,bics_l5_71
comp_2214,bics_l5_108
comp_2215,bics_l5_140
comp_2218,bics_l5_108
comp_2219,bics_l5_71
comp_2221,bics_l5_108
comp_2222,bics_l5_71
comp_2223,bics_l5_71
comp_2224,bics_l5_71
comp_2225,bics_l5_37
comp_2226,bics_l5_71
comp_2227,bics_l5_71
comp_2228,bics_l5_58
comp_2229,bics_l5_151
comp_2230,bics_l5_71
comp_2232,bics_l5_37
comp_2234,bics_l5_71
comp_2235,bics_l5_146
comp_2236,bics_l5_49
comp_2237,bics_l5_71
comp_2242,bics_l5_120
comp_2246,bics_l5_71
comp_2247,bics_l5_71
comp_2251,bics_l5_71
comp_2252,bics_l5_71
comp_2256,bics_l5_71
comp_2259,bics_l5_108
comp_2260,bics_l5_108
comp_2261,bics_l5_71
comp_2262,bics_l5_108
comp_2264,bics_l5_37
comp_2265,bics_l5_71
comp_2266,bics_l5_71
comp_2268,bics_l5_71
comp_2271,bics_l5_71
comp_2272,bics_l5_136
comp_2273,bics_l5_71
comp_2275,bics_l5_71
comp_2276,bics_l5_108
comp_2279,bics_l5_108
comp_2285,bics_l5_71
comp_2287,bics_l5_71
comp_2291,bics_l5_108
comp_2293,bics_l5_71
comp_2296,bics_l5_71
comp_2301,bics_l5_71
comp_2305,bics_l5_159
comp_2307,bics_l5_37
comp_2308,bics_l5_71
comp_2309,bics_l5_37
comp_2311,bics_l5_71
comp_2312,bics_l5_71
comp_2314,bics_l5_71
comp_2315,bics_l5_71
comp_2317,bics_l5_37
comp_2319,bics_l5_71
comp_2320,bics_l5_71
comp_2321,bics_l5_71
comp_2326,bics_l5_71
comp_2327,bics_l5_71
comp_2329,bics_l5_71
comp_2333,bics_l5_157
comp_2339,bics_l5_115
comp_2340,bics_l5_71
comp_2341,bics_l5_108
comp_2343,bics_l5_151
comp_2344,bics_l5_71
comp_2345,bics_l5_108
comp_2346,bics_l5_108
comp_2348,bics_l5_71
comp_2351,bics_l5_37
comp_2354,bics_l5_179
comp_2355,bics_l5_71
comp_2356,bics_l5_71
comp_2357,bics_l5_71
comp_2358,bics_l5_71
comp_2359,bics_l5_93
comp_2361,bics_l5_101
comp_2362,bics_l5_71
comp_2365,bics_l5_108
comp_2366,bics_l5_71
comp_2368,bics_l5_53
comp_2370,bics_l5_92
comp_2376,bics_l5_71
comp_2377,bics_l5_71
comp_2378,bics_l5_37
comp_2380,bics_l5_101
comp_2382,bics_l5_116
comp_2384,bics_l5_71
comp_2385,bics_l5_71
comp_2386,bics_l5_71
comp_2387,bics_l5_71
comp_2388,bics_l5_151
comp_2392,bics_l5_71
comp_2393,bics_l5_71
comp_2394,bics_l5_37
comp_2397,bics_l5_71
comp_2400,bics_l5_71
comp_2403,bics_l5_71
comp_2404,bics_l5_71
comp_2405,bics_l5_71
comp_2408,bics_l5_151
comp_2410,bics_l5_71
comp_2411,bics_l5_111
comp_2412,bics_l5_179
comp_2415,bics_l5_151
comp_2416,bics_l5_71
comp_2417,bics_l5_108
comp_2419,bics_l5_108
comp_2420,bics_l5_45
comp_2422,bics_l5_71
comp_2423,bics_l5_71
comp_2428,bics_l5_53
comp_2429,bics_l5_71
comp_2432,bics_l5_37
comp_2435,bics_l5_71
comp_2436,bics_l5_179
comp_2437,bics_l5_53
comp_2438,bics_l5_37
comp_2439,bics_l5_53
comp_2443,bics_l5_71
comp_2444,bics_l5_71
comp_2448,bics_l5_71
comp_2449,bics_l5_71
comp_2451,bics_l5_108
comp_2453,bics_l5_131
comp_2459,bics_l5_37
comp_2463,bics_l5_71
comp_2464,bics_l5_71
comp_2465,bics_l5_71
comp_2469,bics_l5_71
comp_2470,bics_l5_71
comp_2473,bics_l5_37
comp_2476,bics_l5_108
comp_2478,bics_l5_108
comp_2479,bics_l5_71
comp_2482,bics_l5_108
comp_2483,bics_l5_11
comp_2484,bics_l5_151
comp_2485,bics_l5_37
comp_2489,bics_l5_179
comp_2491,bics_l5_71
comp_2493,bics_l5_71
comp_2494,bics_l5_71
comp_2495,bics_l5_38
comp_2496,bics_l5_110
comp_2497,bics_l5_71
comp_2498,bics_l5_71
comp_2499,bics_l5_71
comp_2501,bics_l5_71
comp_2502,bics_l5_179
comp_2504,bics_l5_108
comp_2505,bics_l5_151
comp_2506,bics_l5_71
comp_2507,bics_l5_154
comp_2510,bics_l5_71
comp_2511,bics_l5_108
comp_2514,bics_l5_71
comp_2515,bics_l5_108
comp_2519,bics_l5_71
comp_2520,bics_l5_71
comp_2521,bics_l5_71
comp_2522,bics_l5_71
comp_2526,bics_l5_37
comp_2527,bics_l5_71
comp_2528,bics_l5_71
comp_2529,bics_l5_140
comp_2530,bics_l5_71
comp_2531,bics_l5_71
comp_2532,bics_l5_179
comp_2533,bics_l5_115
comp_2534,bics_l5_71
comp_2535,bics_l5_71
comp_2537,bics_l5_71
comp_2538,bics_l5_37
comp_2540,bics_l5_151
comp_2541,bics_l5_71
comp_2542,bics_l5_108
comp_2544,bics_l5_108
comp_2548,bics_l5_37
comp_2549,bics_l5_151
comp_2550,bics_l5_71
comp_2558,bics_l5_108
comp_2559,bics_l5_108
comp_2560,bics_l5_183
comp_2561,bics_l5_71
comp_2562,bics_l5_53
comp_2563,bics_l5_71
comp_2564,bics_l5_108
comp_2565,bics_l5_71
comp_2567,bics_l5_92
comp_2570,bics_l5_71
comp_2573,bics_l5_71
comp_2574,bics_l5_71
comp_2576,bics_l5_108
comp_2577,bics_l5_108
comp_2579,bics_l5_37
comp_2580,bics_l5_151
comp_2583,bics_l5_108
comp_2589,bics_l5_71
comp_2592,bics_l5_108
comp_2593,bics_l5_71
comp_2595,bics_l5_37
comp_2596,bics_l5_108
comp_2597,bics_l5_37
comp_2601,bics_l5_108
comp_2603,bics_l5_179
comp_2605,bics_l5_71
comp_2607,bics_l5_71
comp_2608,bics_l5_16
comp_2613,bics_l5_37
comp_2615,bics_l5_108
comp_2617,bics_l5_108
comp_2618,bics_l5_37
comp_2620,bics_l5_71
comp_2621,bics_l5_169
comp_2622,bics_l5_57
comp_2624,bics_l5_108
comp_2625,bics_l5_71
comp_2626,bics_l5_179
comp_2628,bics_l5_136
comp_2629,bics_l5_101
comp_2630,bics_l5_37
comp_2632,bics_l5_108
comp_2633,bics_l5_108
comp_2635,bics_l5_71
comp_2638,bics_l5_25
comp_2639,bics_l5_145
comp_2641,bics_l5_151
comp_2644,bics_l5_71
comp_2648,bics_l5_71
comp_2650,bics_l5_37
comp_2651,bics_l5_108
comp_2652,bics_l5_37
comp_2654,bics_l5_71
comp_2656,bics_l5_108
comp_2658,bics_l5_179
comp_2660,bics_l5_108
comp_2661,bics_l5_140
comp_2663,bics_l5_71
comp_2669,bics_l5_71
comp_2670,bics_l5_115
comp_2671,bics_l5_71
comp_2674,bics_l5_151
comp_2675,bics_l5_37
comp_2679,bics_l5_179
comp_2680,bics_l5_108
comp_2687,bics_l5_71
comp_2688,bics_l5_37
comp_2689,bics_l5_71
comp_2691,bics_l5_71
comp_2695,bics_l5_90
comp_2701,bics_l5_108
comp_2704,bics_l5_71
comp_2705,bics_l5_71
comp_2706,bics_l5_151
comp_2707,bics_l5_37
comp_2708,bics_l5_71
comp_2710,bics_l5_115
comp_2712,bics_l5_108
comp_2713,bics_l5_71
comp_2716,bics_l5_108
comp_2717,bics_l5_71
comp_2721,bics_l5_108
comp_2722,bics_l5_179
comp_2727,bics_l5_71
comp_2728,bics_l5_108
comp_2729,bics_l5_108
comp_2730,bics_l5_71
comp_2732,bics_l5_108
comp_2735,bics_l5_108
comp_2737,bics_l5_71
comp_2738,bics_l5_71
comp_2740,bics_l5_108
comp_2743,bics_l5_71
comp_2745,bics_l5_71
comp_2746,bics_l5_37
comp_2747,bics_l5_179
comp_2752,bics_l5_71
comp_2754,bics_l5_71
comp_2759,bics_l5_71
comp_2760,bics_l5_71
comp_2763,bics_l5_90
comp_2764,bics_l5_151
comp_2765,bics_l5_71
comp_2768,bics_l5_108
comp_2769,bics_l5_71
comp_2770,bics_l5_115
comp_2771,bics_l5_136
comp_2772,bics_l5_71
comp_2773,bics_l5_37
comp_2774,bics_l5_151
comp_2775,bics_l5_71
comp_2776,bics_l5_108
comp_2777,bics_l5_108
comp_2778,bics_l5_71
comp_2779,bics_l5_71
comp_2781,bics_l5_108
comp_2783,bics_l5_108
comp_2786,bics_l5_71
comp_2787,bics_l5_71
comp_2789,bics_l5_71
comp_2793,bics_l5_179
comp_2794,bics_l5_71
comp_2795,bics_l5_71
comp_2798,bics_l5_71
comp_2799,bics_l5_108
comp_2800,bics_l5_71
comp_2801,bics_l5_108
comp_2805,bics_l5_71
comp_2808,bics_l5_38
comp_2810,bics_l5_71
comp_2814,bics_l5_71
comp_2815,bics_l5_108
comp_2820,bics_l5_71
comp_2821,bics_l5_71
comp_2823,bics_l5_71
comp_2826,bics_l5_108
comp_2828,bics_l5_108
comp_2829,bics_l5_111
comp_2830,bics_l5_71
comp_2833,bics_l5_108
comp_2837,bics_l5_140
comp_2838,bics_l5_108
comp_2839,bics_l5_71
comp_2841,bics_l5_108
comp_2843,bics_l5_108
comp_2849,bics_l5_108
comp_2851,bics_l5_108
comp_2852,bics_l5_108
comp_2853,bics_l5_71
comp_2855,bics_l5_71
comp_2857,bics_l5_20
comp_2860,bics_l5_108
comp_2861,bics_l5_108
comp_2862,bics_l5_71
comp_2866,bics_l5_158
comp_2868,bics_l5_25
comp_2869,bics_l5_71
comp_2873,bics_l5_151
comp_2875,bics_l5_108
comp_2876,bics_l5_53
comp_2877,bics_l5_108
comp_2878,bics_l5_71
comp_2879,bics_l5_71
comp_2880,bics_l5_71
comp_2881,bics_l5_71
comp_2882,bics_l5_108
comp_2883,bics_l5_71
comp_2884,bics_l5_16
comp_2885,bics_l5_71
comp_2887,bics_l5_108
comp_2890,bics_l5_71
comp_2891,bics_l5_179
comp_2893,bics_l5_71
comp_2894,bics_l5_179
comp_2896,bics_l5_71
comp_2897,bics_l5_108
comp_2898,bics_l5_71
comp_2900,bics_l5_108
comp_2901,bics_l5_71
comp_2903,bics_l5_16
comp_2905,bics_l5_71
comp_2906,bics_l5_179
comp_2907,bics_l5_37
comp_2912,bics_l5_71
comp_2913,bics_l5_108
comp_2916,bics_l5_108
comp_2918,bics_l5_151
comp_2922,bics_l5_71
comp_2923,bics_l5_71
comp_2925,bics_l5_108
comp_2926,bics_l5_108
comp_2927,bics_l5_71
comp_2931,bics_l5_38
comp_2933,bics_l5_108
comp_2935,bics_l5_37
comp_2938,bics_l5_71
comp_2942,bics_l5_92
comp_2943,bics_l5_71
comp_2944,bics_l5_108
comp_2946,bics_l5_108
comp_2948,bics_l5_71
comp_2951,bics_l5_71
comp_2952,bics_l5_71
comp_2955,bics_l5_108
comp_2956,bics_l5_108
comp_2958,bics_l5_71
comp_2959,bics_l5_71
comp_2960,bics_l5_108
comp_2961,bics_l5_71
comp_2963,bics_l5_71
comp_2965,bics_l5_38
comp_2968,bics_l5_71
comp_2969,bics_l5_71
comp_2974,bics_l5_108
comp_2975,bics_l5_108
comp_2977,bics_l5_71
comp_2978,bics_l5_108
comp_2979,bics_l5_71
comp_2983,bics_l5_71
comp_2986,bics_l5_71
comp_2987,bics_l5_108
comp_2988,bics_l5_71
comp_2989,bics_l5_71
comp_2996,bics_l5_71
comp_2997,bics_l5_71
comp_3000,bics_l5_51
comp_3001,bics_l5_71
comp_3006,bics_l5_108
comp_3010,bics_l5_71
comp_3015,bics_l5_16
comp_3018,bics_l5_108
comp_3021,bics_l5_161
comp_3023,bics_l5_37
comp_3025,bics_l5_108
comp_3026,bics_l5_71
comp_3027,bics_l5_108
comp_3028,bics_l5_108
comp_3030,bics_l5_71
comp_3032,bics_l5_71
comp_3041,bics_l5_71
comp_3043,bics_l5_108
comp_3046,bics_l5_71
comp_3047,bics_l5_71
comp_3048,bics_l5_71
comp_3049,bics_l5_108
comp_3056,bics_l5_25
comp_3057,bics_l5_151
comp_3058,bics_l5_108
comp_3059,bics_l5_71
comp_3060,bics_l5_108
comp_3061,bics_l5_71
comp_3065,bics_l5_23
comp_3068,bics_l5_71
comp_3069,bics_l5_71
comp_3070,bics_l5_108
comp_3073,bics_l5_52
comp_3077,bics_l5_71
comp_3082,bics_l5_159
comp_3083,bics_l5_71
comp_3087,bics_l5_108
comp_3088,bics_l5_108
comp_3089,bics_l5_115
comp_3091,bics_l5_108
comp_3092,bics_l5_71
comp_3093,bics_l5_108
comp_3096,bics_l5_71
comp_3102,bics_l5_71
comp_3104,bics_l5_151
comp_3106,bics_l5_136
comp_3107,bics_l5_158
comp_3108,bics_l5_71
comp_3109,bics_l5_108
comp_3112,bics_l5_71
comp_3113,bics_l5_151
comp_3114,bics_l5_71
comp_3115,bics_l5_108
comp_3121,bics_l5_108
comp_3123,bics_l5_108
comp_3124,bics_l5_71
comp_3125,bics_l5_71
comp_3126,bics_l5_71
comp_3128,bics_l5_108
comp_3129,bics_l5_108
comp_3130,bics_l5_179
comp_3133,bics_l5_159
comp_3136,bics_l5_151
comp_3141,bics_l5_71
comp_3143,bics_l5_183
comp_3147,bics_l5_71
comp_3154,bics_l5_71
comp_3156,bics_l5_158
comp_3159,bics_l5_71
comp_3160,bics_l5_71
comp_3161,bics_l5_38
comp_3164,bics_l5_71
comp_3165,bics_l5_71
comp_3166,bics_l5_108
comp_3168,bics_l5_108
comp_3170,bics_l5_37
comp_3172,bics_l5_151
comp_3174,bics_l5_71
comp_3175,bics_l5_37
comp_3177,bics_l5_71
comp_3179,bics_l5_71
comp_3180,bics_l5_71
comp_3181,bics_l5_108
comp_3182,bics_l5_53
comp_3187,bics_l5_108
comp_3189,bics_l5_71
comp_3191,bics_l5_25
comp_3193,bics_l5_71
comp_3199,bics_l5_108
comp_3200,bics_l5_151
comp_3201,bics_l5_151
comp_3202,bics_l5_179
comp_3204,bics_l5_108
comp_3205,bics_l5_71
comp_3206,bics_l5_16
comp_3208,bics_l5_71
comp_3209,bics_l5_108
comp_3210,bics_l5_71
comp_3211,bics_l5_71
comp_3213,bics_l5_71
comp_3214,bics_l5_38
comp_3215,bics_l5_179
comp_3216,bics_l5_151
comp_3218,bics_l5_71
comp_3221,bics_l5_108
comp_3222,bics_l5_179
comp_3223,bics_l5_71
comp_3227,bics_l5_108
comp_3229,bics_l5_71
comp_3230,bics_l5_71
comp_3231,bics_l5_151
comp_3233,bics_l5_149
comp_3234,bics_l5_38
comp_3237,bics_l5_108
comp_3239,bics_l5_108
comp_3241,bics_l5_71
comp_3242,bics_l5_37
comp_3243,bics_l5_71
comp_3247,bics_l5_108
comp_3248,bics_l5_108
comp_3250,bics_l5_71
comp_3251,bics_l5_92
comp_3252,bics_l5_108
comp_3253,bics_l5_171
comp_3254,bics_l5_38
comp_3255,bics_l5_71
comp_3256,bics_l5_136
comp_3258,bics_l5_71
comp_3259,bics_l5_71
comp_3260,bics_l5_108
comp_3261,bics_l5_71
comp_3263,bics_l5_71
comp_3267,bics_l5_71
comp_3274,bics_l5_71
comp_3278,bics_l5_71
comp_3279,bics_l5_71
comp_3280,bics_l5_115
comp_3281,bics_l5_71
comp_3282,bics_l5_108
comp_3286,bics_l5_108
comp_3288,bics_l5_71
comp_3289,bics_l5_71
comp_3290,bics_l5_151
comp_3291,bics_l5_71
comp_3292,bics_l5_71
comp_3296,bics_l5_71
comp_3297,bics_l5_16
comp_3299,bics_l5_65
comp_3303,bics_l5_117
comp_3305,bics_l5_71
comp_3306,bics_l5_71
comp_3307,bics_l5_37
comp_3309,bics_l5_118
comp_3310,bics_l5_71
comp_3311,bics_l5_71
comp_3314,bics_l5_108
comp_3318,bics_l5_108
comp_3319,bics_l5_108
comp_3324,bics_l5_71
comp_3325,bics_l5_71
comp_3326,bics_l5_108
comp_3327,bics_l5_105
comp_3328,bics_l5_25
comp_3330,bics_l5_71
comp_3333,bics_l5_108
comp_3334,bics_l5_108
comp_3335,bics_l5_108
comp_3339,bics_l5_108
comp_3350,bics_l5_71
comp_3352,bics_l5_71
comp_3355,bics_l5_71
comp_3356,bics_l5_108
comp_3357,bics_l5_79
comp_3358,bics_l5_179
comp_3360,bics_l5_71
comp_3364,bics_l5_71
comp_3367,bics_l5_90
comp_3368,bics_l5_71
comp_3369,bics_l5_71
comp_3371,bics_l5_108
comp_3376,bics_l5_71
comp_3377,bics_l5_124
comp_3379,bics_l5_71
comp_3385,bics_l5_179
comp_3394,bics_l5_92
comp_3396,bics_l5_160
comp_3397,bics_l5_61
comp_3401,bics_l5_180
comp_3403,bics_l5_99
comp_3407,bics_l5_7
comp_3408,bics_l5_116
comp_3417,bics_l5_53
comp_3419,bics_l5_29
comp_3435,bics_l5_92
comp_3437,bics_l5_99
comp_3441,bics_l5_79
comp_3445,bics_l5_177
comp_3446,bics_l5_157
comp_3448,bics_l5_180
comp_3458,bics_l5_92
comp_3459,bics_l5_177
comp_3461,bics_l5_33
comp_3469,bics_l5_94
comp_3476,bics_l5_177
comp_3477,bics_l5_91
comp_3481,bics_l5_92
comp_3482,bics_l5_177
comp_3484,bics_l5_33
comp_3485,bics_l5_79
comp_3486,bics_l5_101
comp_3490,bics_l5_91
comp_3493,bics_l5_91
comp_3497,bics_l5_177
comp_3499,bics_l5_177
comp_3500,bics_l5_177
comp_3504,bics_l5_91
comp_3507,bics_l5_86
comp_3515,bics_l5_177
comp_3519,bics_l5_4
comp_3520,bics_l5_92
comp_3523,bics_l5_10
comp_3524,bics_l5_71
comp_3528,bics_l5_180
comp_3533,bics_l5_55
comp_3542,bics_l5_71
comp_3545,bics_l5_29
comp_3553,bics_l5_187
comp_3559,bics_l5_32
comp_3563,bics_l5_79
comp_3568,bics_l5_91
comp_3574,bics_l5_95
comp_3578,bics_l5_32
comp_3581,bics_l5_99
comp_3582,bics_l5_55
comp_3583,bics_l5_172
comp_3584,bics_l5_180
comp_3585,bics_l5_103
comp_3591,bics_l5_108
comp_3594,bics_l5_32
comp_3597,bics_l5_7
comp_3601,bics_l5_51
comp_3602,bics_l5_7
comp_3607,bics_l5_40
comp_3611,bics_l5_33
comp_3617,bics_l5_53
comp_3625,bics_l5_91
comp_3627,bics_l5_91
comp_3630,bics_l5_32
comp_3633,bics_l5_92
comp_3641,bics_l5_54
comp_3642,bics_l5_32
comp_3649,bics_l5_32
comp_3650,bics_l5_177
comp_3657,bics_l5_99
comp_3660,bics_l5_177
comp_3661,bics_l5_190
comp_3663,bics_l5_61
comp_3666,bics_l5_29
comp_3671,bics_l5_91
comp_3672,bics_l5_53
comp_3675,bics_l5_91
comp_3677,bics_l5_37
comp_3682,bics_l5_7
comp_3690,bics_l5_134
comp_3700,bics_l5_73
comp_3703,bics_l5_33
comp_3704,bics_l5_61
comp_3705,bics_l5_94
comp_3711,bics_l5_177
comp_3713,bics_l5_51
comp_3714,bics_l5_24
comp_3715,bics_l5_33
comp_3726,bics_l5_99
comp_3730,bics_l5_99
comp_3735,bics_l5_91
comp_3736,bics_l5_91
comp_3737,bics_l5_53
comp_3738,bics_l5_172
comp_3739,bics_l5_101
comp_3740,bics_l5_91
comp_3742,bics_l5_157
comp_3745,bics_l5_29
comp_3747,bics_l5_177
comp_3751,bics_l5_29
comp_3753,bics_l5_177
comp_3754,bics_l5_91
comp_3758,bics_l5_177
comp_3763,bics_l5_61
comp_3764,bics_l5_99
comp_3769,bics_l5_29
comp_3771,bics_l5_127
comp_3772,bics_l5_13
comp_3773,bics_l5_180
comp_3776,bics_l5_32
comp_3777,bics_l5_91
comp_3783,bics_l5_32
comp_3784,bics_l5_7
comp_3785,bics_l5_160
comp_3796,bics_l5_32
comp_3802,bics_l5_33
comp_3803,bics_l5_37
comp_3805,bics_l5_177
comp_3806,bics_l5_10
comp_3810,bics_l5_12
comp_3815,bics_l5_138
comp_3820,bics_l5_90
comp_3835,bics_l5_91
comp_3839,bics_l5_99
comp_3854,bics_l5_160
comp_3856,bics_l5_137
comp_3859,bics_l5_145
comp_3863,bics_l5_140
comp_3866,bics_l5_91
comp_3871,bics_l5_29
comp_3877,bics_l5_7
comp_3880,bics_l5_92
comp_3886,bics_l5_32
comp_3889,bics_l5_32
comp_3894,bics_l5_33
comp_3898,bics_l5_161
comp_3908,bics_l5_7
comp_3919,bics_l5_32
comp_3920,bics_l5_29
comp_3922,bics_l5_24
comp_3923,bics_l5_7
comp_3924,bics_l5_18
comp_3928,bics_l5_168
comp_3931,bics_l5_24
comp_3940,bics_l5_160
comp_3944,bics_l5_29
comp_3945,bics_l5_32
comp_3947,bics_l5_71
comp_3948,bics_l5_136
comp_3949,bics_l5_71
comp_3950,bics_l5_136
comp_3951,bics_l5_136
comp_3952,bics_l5_92
comp_3953,bics_l5_136
comp_3955,bics_l5_71
comp_3956,bics_l5_71
comp_3957,bics_l5_92
comp_3961,bics_l5_30
comp_3962,bics_l5_136
comp_3973,bics_l5_179
comp_3977,bics_l5_33
comp_3980,bics_l5_2
comp_3983,bics_l5_51
comp_3984,bics_l5_33
comp_3988,bics_l5_33
comp_3989,bics_l5_177
comp_3990,bics_l5_33
comp_3993,bics_l5_51
comp_4001,bics_l5_53
comp_4002,bics_l5_61
comp_4006,bics_l5_53
comp_4010,bics_l5_7
comp_4011,bics_l5_73
comp_4013,bics_l5_160
comp_4014,bics_l5_33
comp_4016,bics_l5_51
comp_4019,bics_l5_10
comp_4021,bics_l5_32
comp_4023,bics_l5_32
comp_4029,bics_l5_61
comp_4032,bics_l5_91
comp_4039,bics_l5_7
comp_4042,bics_l5_177
comp_4044,bics_l5_33
comp_4045,bics_l5_168
comp_4049,bics_l5_157
comp_4051,bics_l5_160
comp_4057,bics_l5_177
comp_4059,bics_l5_51
comp_4063,bics_l5_157
comp_4065,bics_l5_177
comp_4068,bics_l5_61
comp_4069,bics_l5_61
comp_4071,bics_l5_61
comp_4072,bics_l5_53
comp_4075,bics_l5_46
comp_4076,bics_l5_32
comp_4078,bics_l5_33
comp_4081,bics_l5_29
comp_4082,bics_l5_177
comp_4083,bics_l5_160
comp_4088,bics_l5_32
comp_4089,bics_l5_53
comp_4091,bics_l5_51
comp_4093,bics_l5_31
comp_4096,bics_l5_61
comp_4098,bics_l5_31
comp_4106,bics_l5_10
comp_4109,bics_l5_61
comp_4110,bics_l5_160
comp_4114,bics_l5_160
comp_4115,bics_l5_160
comp_4120,bics_l5_99
comp_4123,bics_l5_79
comp_4132,bics_l5_37
comp_4134,bics_l5_92
comp_4135,bics_l5_92
comp_4139,bics_l5_7
comp_4140,bics_l5_160
comp_4143,bics_l5_71
comp_4144,bics_l5_168
comp_4147,bics_l5_168
comp_4150,bics_l5_71
comp_4159,bics_l5_37
comp_4160,bics_l5_37
comp_4163,bics_l5_109
comp_4167,bics_l5_177
comp_4172,bics_l5_73
comp_4178,bics_l5_71
comp_4179,bics_l5_177
comp_4184,bics_l5_24
comp_4186,bics_l5_115
comp_4187,bics_l5_61
comp_4190,bics_l5_71
comp_4191,bics_l5_37
comp_4195,bics_l5_177
comp_4198,bics_l5_109
comp_4199,bics_l5_33
comp_4200,bics_l5_120
comp_4201,bics_l5_53
comp_4203,bics_l5_71
comp_4205,bics_l5_71
comp_4211,bics_l5_169
comp_4212,bics_l5_51
comp_4216,bics_l5_168
comp_4218,bics_l5_7
comp_4219,bics_l5_168
comp_4220,bics_l5_92
comp_4221,bics_l5_180
comp_4228,bics_l5_168
comp_4229,bics_l5_168
comp_4230,bics_l5_7
comp_4231,bics_l5_71
comp_4240,bics_l5_53
comp_4242,bics_l5_7
comp_4246,bics_l5_157
comp_4248,bics_l5_108
comp_4249,bics_l5_71
comp_4250,bics_l5_7
comp_4252,bics_l5_33
comp_4255,bics_l5_168
comp_4259,bics_l5_79
comp_4262,bics_l5_168
comp_4264,bics_l5_90
comp_4267,bics_l5_71
comp_4269,bics_l5_168
comp_4272,bics_l5_168
comp_4278,bics_l5_71
comp_4279,bics_l5_7
comp_4280,bics_l5_177
comp_4282,bics_l5_7
comp_4287,bics_l5_136
comp_4289,bics_l5_35
comp_4291,bics_l5_74
comp_4298,bics_l5_37
comp_4299,bics_l5_71
comp_4302,bics_l5_7
comp_4303,bics_l5_61
comp_4304,bics_l5_71
comp_4307,bics_l5_180
comp_4310,bics_l5_33
comp_4311,bics_l5_61
comp_4315,bics_l5_71
comp_4317,bics_l5_169
comp_4320,bics_l5_92
comp_4321,bics_l5_168
comp_4329,bics_l5_71
comp_4337,bics_l5_91
comp_4338,bics_l5_37
comp_4339,bics_l5_177
comp_4340,bics_l5_108
comp_4342,bics_l5_168
comp_4355,bics_l5_177
comp_4357,bics_l5_160
comp_4364,bics_l5_177
comp_4379,bics_l5_29
comp_4383,bics_l5_168
comp_4387,bics_l5_115
comp_4390,bics_l5_2
comp_4392,bics_l5_61
comp_4395,bics_l5_92
comp_4403,bics_l5_51
comp_4405,bics_l5_71
comp_4406,bics_l5_71
comp_4407,bics_l5_71
comp_4408,bics_l5_29
comp_4409,bics_l5_136
comp_4410,bics_l5_52
comp_4414,bics_l5_71
comp_4416,bics_l5_175
comp_4418,bics_l5_37
comp_4426,bics_l5_71
comp_4428,bics_l5_157
comp_4429,bics_l5_71
comp_4435,bics_l5_24
comp_4436,bics_l5_71
comp_4437,bics_l5_32
comp_4438,bics_l5_24
comp_4451,bics_l5_71
comp_4462,bics_l5_177
comp_4463,bics_l5_168
comp_4466,bics_l5_7
comp_4467,bics_l5_168
comp_4468,bics_l5_169
comp_4470,bics_l5_179
comp_4472,bics_l5_61
comp_4474,bics_l5_92
comp_4479,bics_l5_101
comp_4480,bics_l5_92
comp_4481,bics_l5_51
comp_4485,bics_l5_168
comp_4486,bics_l5_91
comp_4487,bics_l5_61
comp_4488,bics_l5_71
comp_4491,bics_l5_53
comp_4492,bics_l5_168
comp_4493,bics_l5_61
comp_4495,bics_l5_32
comp_4498,bics_l5_168
comp_4501,bics_l5_180
comp_4505,bics_l5_32
comp_4507,bics_l5_71
comp_4508,bics_l5_32
comp_4511,bics_l5_10
comp_4530,bics_l5_53
comp_4533,bics_l5_33
comp_4534,bics_l5_90
comp_4536,bics_l5_61
comp_4537,bics_l5_168
comp_4544,bics_l5_71
comp_4548,bics_l5_53
comp_4550,bics_l5_32
comp_4552,bics_l5_24
comp_4554,bics_l5_32
comp_4555,bics_l5_29
comp_4560,bics_l5_135
comp_4561,bics_l5_140
comp_4567,bics_l5_32
comp_4570,bics_l5_91
comp_4572,bics_l5_91
comp_4576,bics_l5_101
comp_4578,bics_l5_53
comp_4587,bics_l5_81
comp_4589,bics_l5_71
comp_4592,bics_l5_108
comp_4593,bics_l5_71
comp_4597,bics_l5_108
comp_4598,bics_l5_115
comp_4599,bics_l5_168
comp_4602,bics_l5_79
comp_4603,bics_l5_105
comp_4606,bics_l5_115
comp_4608,bics_l5_71
comp_4610,bics_l5_106
comp_4611,bics_l5_180
comp_4614,bics_l5_160
comp_4618,bics_l5_19
comp_4623,bics_l5_177
comp_4628,bics_l5_177
comp_4630,bics_l5_160
comp_4633,bics_l5_33
comp_4637,bics_l5_92
comp_4639,bics_l5_157
comp_4641,bics_l5_61
comp_4642,bics_l5_61
comp_4644,bics_l5_168
comp_4646,bics_l5_168
comp_4654,bics_l5_92
comp_4659,bics_l5_33
comp_4660,bics_l5_53
comp_4661,bics_l5_29
comp_4665,bics_l5_92
comp_4673,bics_l5_61
comp_4676,bics_l5_32
comp_4677,bics_l5_177
comp_4687,bics_l5_169
comp_4689,bics_l5_157
comp_4690,bics_l5_32
comp_4691,bics_l5_105
comp_4692,bics_l5_7
comp_4695,bics_l5_177
comp_4699,bics_l5_53
comp_4701,bics_l5_168
comp_4705,bics_l5_32
comp_4706,bics_l5_32
comp_4713,bics_l5_10
comp_4717,bics_l5_160
comp_4718,bics_l5_53
comp_4723,bics_l5_55
comp_4725,bics_l5_71
comp_4727,bics_l5_157
comp_4730,bics_l5_61
comp_4734,bics_l5_157
comp_4735,bics_l5_71
comp_4738,bics_l5_53
comp_4739,bics_l5_32
comp_4743,bics_l5_177
comp_4746,bics_l5_61
comp_4747,bics_l5_33
comp_4748,bics_l5_7
comp_4753,bics_l5_7
comp_4757,bics_l5_29
comp_4776,bics_l5_51
comp_4777,bics_l5_32
comp_4780,bics_l5_97
comp_4781,bics_l5_91
comp_4788,bics_l5_168
comp_4789,bics_l5_71
comp_4801,bics_l5_169
comp_4802,bics_l5_55
comp_4804,bics_l5_180
comp_4816,bics_l5_7
comp_4819,bics_l5_29
comp_4830,bics_l5_115
comp_4832,bics_l5_160
comp_4836,bics_l5_71
comp_4838,bics_l5_10
comp_4840,bics_l5_10
comp_4844,bics_l5_115
comp_4845,bics_l5_53
comp_4848,bics_l5_7
comp_4852,bics_l5_99
comp_4854,bics_l5_160
comp_4857,bics_l5_91
comp_4858,bics_l5_32
comp_4860,bics_l5_158
comp_4867,bics_l5_33
comp_4873,bics_l5_51
comp_4877,bics_l5_55
comp_4879,bics_l5_91
comp_4881,bics_l5_140
comp_4882,bics_l5_29
comp_4883,bics_l5_32
comp_4888,bics_l5_71
comp_4889,bics_l5_92
comp_4892,bics_l5_71
comp_4893,bics_l5_71
comp_4896,bics_l5_157
comp_4897,bics_l5_10
comp_4907,bics_l5_32
comp_4911,bics_l5_116
comp_4918,bics_l5_168
comp_4921,bics_l5_109
comp_4924,bics_l5_168
comp_4925,bics_l5_33
comp_4926,bics_l5_53
comp_4931,bics_l5_87
comp_4932,bics_l5_168
comp_4935,bics_l5_32
comp_4937,bics_l5_32
comp_4943,bics_l5_33
comp_4946,bics_l5_79
comp_4954,bics_l5_53
comp_4956,bics_l5_160
comp_4957,bics_l5_79
comp_4959,bics_l5_32
comp_4962,bics_l5_32
comp_4963,bics_l5_32
comp_4966,bics_l5_160
comp_4969,bics_l5_190
comp_4970,bics_l5_71
comp_4971,bics_l5_91
comp_4982,bics_l5_32
comp_4985,bics_l5_168
comp_4986,bics_l5_71
comp_4992,bics_l5_71
comp_4993,bics_l5_53
comp_4995,bics_l5_71
comp_4998,bics_l5_19
comp_4999,bics_l5_32
comp_5000,bics_l5_32
comp_5001,bics_l5_71
comp_5005,bics_l5_71
comp_5009,bics_l5_168
comp_5013,bics_l5_10
comp_5014,bics_l5_31
comp_5017,bics_l5_187
comp_5018,bics_l5_168
comp_5023,bics_l5_61
comp_5024,bics_l5_53
comp_5031,bics_l5_92
comp_5033,bics_l5_168
comp_5039,bics_l5_32
comp_5044,bics_l5_32
comp_5047,bics_l5_24
comp_5055,bics_l5_61
comp_5056,bics_l5_10
comp_5059,bics_l5_53
comp_5063,bics_l5_32
comp_5065,bics_l5_120
comp_5066,bics_l5_168
comp_5067,bics_l5_32
comp_5073,bics_l5_33
comp_5075,bics_l5_168
comp_5076,bics_l5_177
comp_5077,bics_l5_10
comp_5078,bics_l5_31
comp_5083,bics_l5_105
comp_5084,bics_l5_108
comp_5087,bics_l5_71
comp_5089,bics_l5_157
comp_5090,bics_l5_29
comp_5091,bics_l5_32
comp_5094,bics_l5_32
comp_5097,bics_l5_53
comp_5099,bics_l5_168
comp_5101,bics_l5_167
comp_5105,bics_l5_32
comp_5106,bics_l5_71
comp_5107,bics_l5_61
comp_5109,bics_l5_32
comp_5110,bics_l5_177
comp_5111,bics_l5_61
comp_5112,bics_l5_7
comp_5113,bics_l5_160
comp_5115,bics_l5_71
comp_5117,bics_l5_53
comp_5120,bics_l5_32
comp_5128,bics_l5_10
comp_5130,bics_l5_177
comp_5133,bics_l5_32
comp_5134,bics_l5_7
comp_5136,bics_l5_53
comp_5138,bics_l5_7
comp_5140,bics_l5_37
comp_5143,bics_l5_7
comp_5145,bics_l5_160
comp_5146,bics_l5_168
comp_5147,bics_l5_32
comp_5154,bics_l5_53
comp_5155,bics_l5_71
comp_5169,bics_l5_32
comp_5170,bics_l5_7
comp_5174,bics_l5_32
comp_5176,bics_l5_168
comp_5182,bics_l5_160
comp_5183,bics_l5_53
comp_5187,bics_l5_24
comp_5188,bics_l5_71
comp_5191,bics_l5_32
comp_5194,bics_l5_109
comp_5199,bics_l5_33
comp_5202,bics_l5_10
comp_5209,bics_l5_115
comp_5210,bics_l5_61
comp_5214,bics_l5_32
comp_5216,bics_l5_33
comp_5217,bics_l5_53
comp_5220,bics_l5_64
comp_5225,bics_l5_61
comp_5227,bics_l5_168
comp_5229,bics_l5_29
comp_5234,bics_l5_168
comp_5238,bics_l5_71
comp_5239,bics_l5_108
comp_5240,bics_l5_160
comp_5243,bics_l5_190
comp_5246,bics_l5_168
comp_5249,bics_l5_145
comp_5252,bics_l5_32
comp_5259,bics_l5_79
comp_5260,bics_l5_160
comp_5262,bics_l5_61
comp_5264,bics_l5_160
comp_5267,bics_l5_10
comp_5270,bics_l5_71
comp_5272,bics_l5_32
comp_5275,bics_l5_53
comp_5277,bics_l5_160
comp_5282,bics_l5_157
comp_5283,bics_l5_71
comp_5292,bics_l5_32
comp_5294,bics_l5_168
comp_5295,bics_l5_61
comp_5297,bics_l5_177
comp_5298,bics_l5_132
comp_5301,bics_l5_109
comp_5302,bics_l5_24
comp_5311,bics_l5_32
comp_5314,bics_l5_53
comp_5317,bics_l5_180
comp_5322,bics_l5_71
comp_5325,bics_l5_157
comp_5330,bics_l5_177
comp_5336,bics_l5_190
comp_5341,bics_l5_160
comp_5343,bics_l5_53
comp_5346,bics_l5_177
comp_5347,bics_l5_33
comp_5352,bics_l5_31
comp_5353,bics_l5_61
comp_5354,bics_l5_32
comp_5363,bics_l5_38
comp_5366,bics_l5_71
comp_5370,bics_l5_160
comp_5371,bics_l5_115
comp_5376,bics_l5_157
comp_5377,bics_l5_32
comp_5378,bics_l5_29
comp_5379,bics_l5_32
comp_5380,bics_l5_160
comp_5383,bics_l5_53
comp_5385,bics_l5_71
comp_5386,bics_l5_71
comp_5388,bics_l5_53
comp_5390,bics_l5_24
comp_5392,bics_l5_37
comp_5400,bics_l5_76
comp_5406,bics_l5_177
comp_5414,bics_l5_177
comp_5415,bics_l5_177
comp_5418,bics_l5_24
comp_5423,bics_l5_32
comp_5424,bics_l5_91
comp_5427,bics_l5_32
comp_5430,bics_l5_177
comp_5432,bics_l5_177
comp_5439,bics_l5_109
comp_5440,bics_l5_53
comp_5441,bics_l5_29
comp_5442,bics_l5_32
comp_5447,bics_l5_71
comp_5453,bics_l5_71
comp_5454,bics_l5_10
comp_5461,bics_l5_4
comp_5472,bics_l5_10
comp_5477,bics_l5_108
comp_5484,bics_l5_29
comp_5485,bics_l5_92
comp_5486,bics_l5_10
comp_5490,bics_l5_108
comp_5491,bics_l5_108
comp_5497,bics_l5_32
comp_5499,bics_l5_53
comp_5507,bics_l5_19
comp_5519,bics_l5_32
comp_5520,bics_l5_7
comp_5521,bics_l5_10
comp_5522,bics_l5_4
comp_5526,bics_l5_10
comp_5527,bics_l5_53
comp_5532,bics_l5_10
comp_5539,bics_l5_168
comp_5540,bics_l5_29
comp_5545,bics_l5_32
comp_5546,bics_l5_168
comp_5552,bics_l5_51
comp_5554,bics_l5_51
comp_5555,bics_l5_32
comp_5559,bics_l5_71
comp_5566,bics_l5_53
comp_5567,bics_l5_71
comp_5576,bics_l5_32
comp_5580,bics_l5_88
comp_5582,bics_l5_71
comp_5583,bics_l5_71
comp_5586,bics_l5_71
comp_5588,bics_l5_33
comp_5589,bics_l5_168
comp_5592,bics_l5_71
comp_5595,bics_l5_71
comp_5603,bics_l5_7
comp_5604,bics_l5_71
comp_5605,bics_l5_32
comp_5606,bics_l5_105
comp_5608,bics_l5_157
comp_5609,bics_l5_37
comp_5610,bics_l5_71
comp_5611,bics_l5_71
comp_5612,bics_l5_105
comp_5613,bics_l5_71
comp_5614,bics_l5_71
comp_5615,bics_l5_32
comp_5616,bics_l5_31
comp_5618,bics_l5_24
comp_5620,bics_l5_4
comp_5622,bics_l5_105
comp_5624,bics_l5_21
comp_5625,bics_l5_71
comp_5627,bics_l5_71
comp_5628,bics_l5_168
comp_5632,bics_l5_109
comp_5633,bics_l5_71
comp_5639,bics_l5_71
comp_5640,bics_l5_140
comp_5644,bics_l5_108
comp_5649,bics_l5_71
comp_5650,bics_l5_71
comp_5651,bics_l5_71
comp_5652,bics_l5_71
comp_5653,bics_l5_25
comp_5654,bics_l5_71
comp_5657,bics_l5_71
comp_5658,bics_l5_71
comp_5659,bics_l5_92
comp_5662,bics_l5_71
comp_5663,bics_l5_71
comp_5667,bics_l5_37
comp_5668,bics_l5_168
comp_5670,bics_l5_71
comp_5671,bics_l5_71
comp_5675,bics_l5_108
comp_5676,bics_l5_71
comp_5677,bics_l5_32
comp_5680,bics_l5_37
comp_5681,bics_l5_37
comp_5684,bics_l5_71
comp_5685,bics_l5_37
comp_5687,bics_l5_71
comp_5688,bics_l5_24
comp_5690,bics_l5_71
comp_5693,bics_l5_71
comp_5694,bics_l5_109
comp_5695,bics_l5_180
comp_5697,bics_l5_71
comp_5699,bics_l5_37
comp_5700,bics_l5_168
comp_5702,bics_l5_71
comp_5703,bics_l5_71
comp_5705,bics_l5_71
comp_5706,bics_l5_71
comp_5707,bics_l5_168
comp_5717,bics_l5_157
comp_5719,bics_l5_71
comp_5720,bics_l5_71
comp_5721,bics_l5_168
comp_5723,bics_l5_71
comp_5724,bics_l5_71
comp_5725,bics_l5_37
comp_5726,bics_l5_92
comp_5727,bics_l5_116
comp_5728,bics_l5_177
comp_5730,bics_l5_71
comp_5731,bics_l5_32
comp_5735,bics_l5_92
comp_5736,bics_l5_71
comp_5737,bics_l5_105
comp_5738,bics_l5_71
comp_5739,bics_l5_71
comp_5740,bics_l5_136
comp_5743,bics_l5_71
comp_5744,bics_l5_53
comp_5745,bics_l5_71
comp_5746,bics_l5_92
comp_5747,bics_l5_71
comp_5748,bics_l5_168
comp_5750,bics_l5_71
comp_5751,bics_l5_136
comp_5752,bics_l5_124
comp_5762,bics_l5_71
comp_5764,bics_l5_92
comp_5765,bics_l5_71
comp_5770,bics_l5_71
comp_5771,bics_l5_71
comp_5772,bics_l5_71
comp_5783,bics_l5_51
comp_5786,bics_l5_71
comp_5787,bics_l5_113
comp_5790,bics_l5_37
comp_5792,bics_l5_7
comp_5793,bics_l5_71
comp_5795,bics_l5_37
comp_5799,bics_l5_61
comp_5802,bics_l5_71
comp_5803,bics_l5_71
comp_5804,bics_l5_71
comp_5807,bics_l5_168
comp_5809,bics_l5_168
comp_5810,bics_l5_92
comp_5811,bics_l5_71
comp_5813,bics_l5_71
comp_5814,bics_l5_179
comp_5818,bics_l5_71
comp_5822,bics_l5_71
comp_5824,bics_l5_92
comp_5826,bics_l5_71
comp_5828,bics_l5_168
comp_5832,bics_l5_37
comp_5834,bics_l5_37
comp_5836,bics_l5_179
comp_5837,bics_l5_71
comp_5841,bics_l5_71
comp_5842,bics_l5_179
comp_5844,bics_l5_179
comp_5846,bics_l5_71
comp_5847,bics_l5_115
comp_5848,bics_l5_179
comp_5851,bics_l5_71
comp_5852,bics_l5_71
comp_5855,bics_l5_71
comp_5856,bics_l5_179
comp_5857,bics_l5_71
comp_5859,bics_l5_71
comp_5860,bics_l5_71
comp_5862,bics_l5_92
comp_5863,bics_l5_177
comp_5864,bics_l5_71
comp_5866,bics_l5_71
comp_5867,bics_l5_71
comp_5868,bics_l5_108
comp_5869,bics_l5_71
comp_5872,bics_l5_71
comp_5877,bics_l5_168
comp_5879,bics_l5_168
comp_5880,bics_l5_71
comp_5883,bics_l5_179
comp_5884,bics_l5_71
comp_5886,bics_l5_71
comp_5887,bics_l5_71
comp_5888,bics_l5_92
comp_5889,bics_l5_71
comp_5892,bics_l5_108
comp_5895,bics_l5_71
comp_5897,bics_l5_179
comp_5898,bics_l5_71
comp_5900,bics_l5_71
comp_5901,bics_l5_71
comp_5903,bics_l5_71
comp_5904,bics_l5_115
comp_5907,bics_l5_71
comp_5909,bics_l5_71
comp_5913,bics_l5_168
comp_5918,bics_l5_71
comp_5923,bics_l5_179
comp_5925,bics_l5_71
comp_5926,bics_l5_71
comp_5927,bics_l5_71
comp_5928,bics_l5_71
comp_5930,bics_l5_184
comp_5938,bics_l5_179
comp_5939,bics_l5_179
comp_5944,bics_l5_37
comp_5946,bics_l5_71
comp_5948,bics_l5_71
comp_5949,bics_l5_71
comp_5951,bics_l5_71
comp_5952,bics_l5_92
comp_5953,bics_l5_71
comp_5955,bics_l5_79
comp_5956,bics_l5_71
comp_5957,bics_l5_71
comp_5962,bics_l5_71
comp_5965,bics_l5_71
comp_5969,bics_l5_71
comp_5972,bics_l5_71
comp_5975,bics_l5_71
comp_5976,bics_l5_37
comp_5980,bics_l5_140
comp_5981,bics_l5_168
comp_5982,bics_l5_140
comp_5986,bics_l5_71
comp_5987,bics_l5_71
comp_5988,bics_l5_71
comp_5989,bics_l5_71
comp_5992,bics_l5_88
comp_5994,bics_l5_71
comp_5997,bics_l5_71
comp_6000,bics_l5_71
comp_6001,bics_l5_71
comp_6005,bics_l5_37
comp_6006,bics_l5_168
comp_6007,bics_l5_168
comp_6010,bics_l5_71
comp_6011,bics_l5_53
comp_6012,bics_l5_71
comp_6013,bics_l5_71
comp_6015,bics_l5_140
comp_6017,bics_l5_92
comp_6020,bics_l5_71
comp_6022,bics_l5_71
comp_6023,bics_l5_179
comp_6025,bics_l5_71
comp_6028,bics_l5_71
comp_6030,bics_l5_71
comp_6031,bics_l5_71
comp_6032,bics_l5_92
comp_6033,bics_l5_24
comp_6034,bics_l5_78
comp_6035,bics_l5_108
comp_6037,bics_l5_71
comp_6038,bics_l5_71
comp_6039,bics_l5_177
comp_6040,bics_l5_71
comp_6041,bics_l5_71
comp_6043,bics_l5_52
comp_6044,bics_l5_71
comp_6048,bics_l5_71
comp_6051,bics_l5_71
comp_6053,bics_l5_71
comp_6055,bics_l5_71
comp_6057,bics_l5_123
comp_6062,bics_l5_71
comp_6064,bics_l5_71
comp_6065,bics_l5_168
comp_6069,bics_l5_150
comp_6070,bics_l5_71
comp_6071,bics_l5_101
comp_6075,bics_l5_36
comp_6076,bics_l5_71
comp_6079,bics_l5_71
comp_6080,bics_l5_71
comp_6088,bics_l5_71
comp_6089,bics_l5_179
comp_6091,bics_l5_92
comp_6092,bics_l5_71
comp_6093,bics_l5_71
comp_6096,bics_l5_71
comp_6098,bics_l5_71
comp_6099,bics_l5_71
comp_6103,bics_l5_179
comp_6105,bics_l5_71
comp_6109,bics_l5_71
comp_6110,bics_l5_71
comp_6111,bics_l5_71
comp_6112,bics_l5_71
comp_6113,bics_l5_106
comp_6114,bics_l5_71
comp_6115,bics_l5_179
comp_6118,bics_l5_71
comp_6120,bics_l5_91
comp_6126,bics_l5_71
comp_6127,bics_l5_168
comp_6128,bics_l5_92
comp_6130,bics_l5_71
comp_6135,bics_l5_151
comp_6137,bics_l5_53
comp_6140,bics_l5_169
comp_6141,bics_l5_71
comp_6144,bics_l5_71
comp_6145,bics_l5_71
comp_6146,bics_l5_71
comp_6147,bics_l5_71
comp_6149,bics_l5_179
comp_6150,bics_l5_108
comp_6153,bics_l5_92
comp_6156,bics_l5_71
comp_6159,bics_l5_71
comp_6161,bics_l5_71
comp_6163,bics_l5_71
comp_6165,bics_l5_71
comp_6166,bics_l5_90
comp_6168,bics_l5_71
comp_6171,bics_l5_37
comp_6174,bics_l5_71
comp_6179,bics_l5_90
comp_6180,bics_l5_71
comp_6182,bics_l5_102
comp_6183,bics_l5_71
comp_6185,bics_l5_71
comp_6188,bics_l5_71
comp_6189,bics_l5_92
comp_6192,bics_l5_34
comp_6194,bics_l5_71
comp_6196,bics_l5_71
comp_6197,bics_l5_71
comp_6198,bics_l5_101
comp_6199,bics_l5_71
comp_6201,bics_l5_115
comp_6204,bics_l5_168
comp_6206,bics_l5_71
comp_6208,bics_l5_71
comp_6209,bics_l5_168
comp_6211,bics_l5_71
comp_6215,bics_l5_71
comp_6216,bics_l5_149
comp_6218,bics_l5_71
comp_6222,bics_l5_145
comp_6228,bics_l5_7
comp_6237,bics_l5_108
comp_6239,bics_l5_92
comp_6240,bics_l5_71
comp_6244,bics_l5_21
comp_6245,bics_l5_71
comp_6259,bics_l5_71
comp_6261,bics_l5_71
comp_6263,bics_l5_71
comp_6266,bics_l5_71
comp_6267,bics_l5_140
comp_6268,bics_l5_71
comp_6269,bics_l5_140
comp_6271,bics_l5_71
comp_6275,bics_l5_140
comp_6276,bics_l5_71
comp_6278,bics_l5_71
comp_6280,bics_l5_71
comp_6285,bics_l5_109
comp_6289,bics_l5_109
comp_6296,bics_l5_31
comp_6297,bics_l5_33
comp_6301,bics_l5_53
comp_6302,bics_l5_10
comp_6305,bics_l5_53
comp_6307,bics_l5_10
comp_6309,bics_l5_32
comp_6327,bics_l5_10
comp_6335,bics_l5_53
comp_6337,bics_l5_53
comp_6338,bics_l5_53
comp_6339,bics_l5_53
comp_6342,bics_l5_53
comp_6344,bics_l5_53
comp_6346,bics_l5_32
comp_6354,bics_l5_10
comp_6355,bics_l5_79
comp_6362,bics_l5_53
comp_6370,bics_l5_32
comp_6374,bics_l5_177
comp_6376,bics_l5_180
comp_6383,bics_l5_51
comp_6384,bics_l5_29
comp_6386,bics_l5_51
comp_6391,bics_l5_180
comp_6392,bics_l5_177
comp_6397,bics_l5_160
comp_6406,bics_l5_157
comp_6408,bics_l5_92
comp_6409,bics_l5_168
comp_6412,bics_l5_168
comp_6413,bics_l5_168
comp_6414,bics_l5_168
comp_6415,bics_l5_108
comp_6417,bics_l5_168
comp_6420,bics_l5_168
comp_6424,bics_l5_140
comp_6425,bics_l5_168
comp_6428,bics_l5_168
comp_6439,bics_l5_108
comp_6441,bics_l5_108
comp_6451,bics_l5_92
comp_6453,bics_l5_168
comp_6455,bics_l5_140
comp_6458,bics_l5_168
comp_6460,bics_l5_168
comp_6461,bics_l5_106
comp_6462,bics_l5_168
comp_6463,bics_l5_168
comp_6464,bics_l5_168
comp_6466,bics_l5_168
comp_6468,bics_l5_168
comp_6469,bics_l5_168
comp_6471,bics_l5_106
comp_6473,bics_l5_92
comp_6474,bics_l5_92
comp_6475,bics_l5_92
comp_6480,bics_l5_168
comp_6481,bics_l5_168
comp_6484,bics_l5_108
comp_6491,bics_l5_24
comp_6492,bics_l5_24
comp_6493,bics_l5_92
comp_6494,bics_l5_140
comp_6497,bics_l5_108
comp_6505,bics_l5_108
comp_6508,bics_l5_108
comp_6509,bics_l5_168
comp_6512,bics_l5_108
comp_6514,bics_l5_108
comp_6524,bics_l5_108
comp_6525,bics_l5_108
comp_6537,bics_l5_91
comp_6538,bics_l5_105
comp_6539,bics_l5_91
comp_6544,bics_l5_168
comp_6546,bics_l5_106
comp_6547,bics_l5_91
comp_6550,bics_l5_92
comp_6565,bics_l5_108
comp_6566,bics_l5_140
comp_6573,bics_l5_168
comp_6574,bics_l5_108
comp_6584,bics_l5_37
comp_6590,bics_l5_37
comp_6592,bics_l5_101
comp_6596,bics_l5_7
comp_6598,bics_l5_179
comp_6600,bics_l5_37
comp_6601,bics_l5_37
comp_6602,bics_l5_37
comp_6607,bics_l5_115
comp_6609,bics_l5_7
comp_6612,bics_l5_7
comp_6616,bics_l5_7
comp_6618,bics_l5_115
comp_6620,bics_l5_25
comp_6624,bics_l5_37
comp_6630,bics_l5_37
comp_6631,bics_l5_115
comp_6644,bics_l5_111
comp_6645,bics_l5_179
comp_6649,bics_l5_71
comp_6650,bics_l5_71
comp_6651,bics_l5_71
comp_6652,bics_l5_71
comp_6653,bics_l5_71
comp_6654,bics_l5_71
comp_6655,bics_l5_71
comp_6656,bics_l5_71
comp_6657,bics_l5_71
comp_6658,bics_l5_151
comp_6659,bics_l5_71
comp_6660,bics_l5_71
comp_6661,bics_l5_71
comp_6662,bics_l5_71
comp_6663,bics_l5_71
comp_6664,bics_l5_71
comp_6666,bics_l5_71
comp_6667,bics_l5_71
comp_6668,bics_l5_71
comp_6669,bics_l5_71
comp_6670,bics_l5_71
comp_6671,bics_l5_71
comp_6672,bics_l5_71
comp_6673,bics_l5_71
comp_6674,bics_l5_71
comp_6675,bics_l5_71
comp_6677,bics_l5_71
comp_6678,bics_l5_71
comp_6680,bics_l5_71
comp_6681,bics_l5_71
comp_6682,bics_l5_71
comp_6683,bics_l5_71
comp_6684,bics_l5_71
comp_6685,bics_l5_71
comp_6687,bics_l5_71
comp_6688,bics_l5_71
comp_6689,bics_l5_71
comp_6690,bics_l5_71
comp_6691,bics_l5_71
comp_6692,bics_l5_71
comp_6693,bics_l5_71
comp_6694,bics_l5_136
comp_6696,bics_l5_71
comp_6697,bics_l5_71
comp_6698,bics_l5_71
comp_6699,bics_l5_71
comp_6700,bics_l5_71
comp_6701,bics_l5_71
comp_6702,bics_l5_71
comp_6703,bics_l5_71
comp_6705,bics_l5_71
comp_6706,bics_l5_71
comp_6707,bics_l5_71
comp_6708,bics_l5_71
comp_6709,bics_l5_71
comp_6710,bics_l5_71
comp_6711,bics_l5_71
comp_6712,bics_l5_71
comp_6715,bics_l5_71
comp_6716,bics_l5_71
comp_6718,bics_l5_71
comp_6720,bics_l5_71
comp_6721,bics_l5_71
comp_6722,bics_l5_71
comp_6723,bics_l5_71
comp_6724,bics_l5_71
comp_6725,bics_l5_71
comp_6726,bics_l5_71
comp_6727,bics_l5_71
comp_6728,bics_l5_151
comp_6729,bics_l5_71
comp_6730,bics_l5_71
comp_6731,bics_l5_71
comp_6732,bics_l5_71
comp_6733,bics_l5_71
comp_6734,bics_l5_71
comp_6735,bics_l5_71
comp_6736,bics_l5_71
comp_6737,bics_l5_71
comp_6739,bics_l5_71
comp_6740,bics_l5_71
comp_6741,bics_l5_71
comp_6742,bics_l5_71
comp_6743,bics_l5_71
comp_6744,bics_l5_71
comp_6745,bics_l5_71
comp_6746,bics_l5_71
comp_6747,bics_l5_71
comp_6748,bics_l5_71
comp_6749,bics_l5_71
comp_6750,bics_l5_71
comp_6751,bics_l5_71
comp_6752,bics_l5_71
comp_6753,bics_l5_71
comp_6754,bics_l5_71
comp_6755,bics_l5_71
comp_6756,bics_l5_71
comp_6757,bics_l5_71
comp_6758,bics_l5_71
comp_6759,bics_l5_71
comp_6760,bics_l5_71
comp_6763,bics_l5_71
comp_6764,bics_l5_71
comp_6765,bics_l5_71
comp_6767,bics_l5_33
comp_6769,bics_l5_61
comp_6770,bics_l5_7
comp_6773,bics_l5_61
comp_6774,bics_l5_53
comp_6775,bics_l5_133
comp_6778,bics_l5_103
comp_6784,bics_l5_105
comp_6785,bics_l5_7
comp_6787,bics_l5_7
comp_6790,bics_l5_51
comp_6791,bics_l5_109
comp_6793,bics_l5_151
comp_6803,bics_l5_7
comp_6808,bics_l5_71
comp_6809,bics_l5_38
comp_6810,bics_l5_71
comp_6812,bics_l5_145
comp_6813,bics_l5_71
comp_6816,bics_l5_7
comp_6819,bics_l5_37
comp_6823,bics_l5_136
comp_6828,bics_l5_71
comp_6834,bics_l5_109
comp_6837,bics_l5_29
comp_6840,bics_l5_157
comp_6845,bics_l5_168
comp_6847,bics_l5_157
comp_6853,bics_l5_29
comp_6856,bics_l5_2
comp_6857,bics_l5_71
comp_6859,bics_l5_91
comp_6860,bics_l5_17
comp_6861,bics_l5_61
comp_6865,bics_l5_105
comp_6872,bics_l5_71
comp_6877,bics_l5_7
comp_6882,bics_l5_161
comp_6887,bics_l5_51
comp_6894,bics_l5_151
comp_6895,bics_l5_53
comp_6897,bics_l5_168
comp_6902,bics_l5_53
comp_6906,bics_l5_7
comp_6908,bics_l5_71
comp_6909,bics_l5_111
comp_6912,bics_l5_10
comp_6913,bics_l5_53
comp_6915,bics_l5_168
comp_6920,bics_l5_190
comp_6921,bics_l5_180
comp_6925,bics_l5_61
comp_6926,bics_l5_51
comp_6933,bics_l5_157
comp_6937,bics_l5_71
comp_6939,bics_l5_7
comp_6941,bics_l5_53
comp_6942,bics_l5_157
comp_6945,bics_l5_160
comp_6948,bics_l5_7
comp_6951,bics_l5_71
comp_6953,bics_l5_71
comp_6959,bics_l5_157
comp_6962,bics_l5_7
comp_6966,bics_l5_10
comp_6972,bics_l5_53
comp_6977,bics_l5_71
comp_6987,bics_l5_53
comp_6989,bics_l5_79
comp_6995,bics_l5_160
comp_7004,bics_l5_51
comp_7006,bics_l5_53
comp_7007,bics_l5_71
comp_7009,bics_l5_53
comp_7012,bics_l5_180
comp_7024,bics_l5_32
comp_7025,bics_l5_53
comp_7027,bics_l5_32
comp_7032,bics_l5_71
comp_7033,bics_l5_53
comp_7038,bics_l5_177
comp_7043,bics_l5_33
comp_7050,bics_l5_71
comp_7052,bics_l5_71
comp_7055,bics_l5_145
comp_7056,bics_l5_33
comp_7060,bics_l5_51
comp_7062,bics_l5_53
comp_7067,bics_l5_51
comp_7069,bics_l5_33
comp_7070,bics_l5_29
comp_7071,bics_l5_180
comp_7075,bics_l5_71
comp_7080,bics_l5_7
comp_7091,bics_l5_53
comp_7094,bics_l5_177
comp_7101,bics_l5_33
comp_7104,bics_l5_10
comp_7105,bics_l5_53
comp_7107,bics_l5_53
comp_7110,bics_l5_53
comp_7117,bics_l5_32
comp_7121,bics_l5_134
comp_7129,bics_l5_71
comp_7132,bics_l5_53
comp_7133,bics_l5_53
comp_7134,bics_l5_71
comp_7135,bics_l5_177
comp_7145,bics_l5_53
comp_7146,bics_l5_180
comp_7158,bics_l5_53
comp_7159,bics_l5_177
comp_7160,bics_l5_53
comp_7178,bics_l5_177
comp_7189,bics_l5_10
comp_7207,bics_l5_33
comp_7208,bics_l5_71
comp_7219,bics_l5_32
comp_7221,bics_l5_10
comp_7226,bics_l5_91
comp_7234,bics_l5_71
comp_7238,bics_l5_151
comp_7239,bics_l5_53
comp_7240,bics_l5_53
comp_7244,bics_l5_53
comp_7247,bics_l5_71
comp_7252,bics_l5_10
comp_7257,bics_l5_7
comp_7268,bics_l5_177
comp_7278,bics_l5_53
comp_7279,bics_l5_53
comp_7281,bics_l5_177
comp_7287,bics_l5_180
comp_7288,bics_l5_10
comp_7290,bics_l5_10
comp_7291,bics_l5_53
comp_7296,bics_l5_10
comp_7299,bics_l5_53
comp_7301,bics_l5_10
comp_7302,bics_l5_53
comp_7307,bics_l5_180
comp_7313,bics_l5_168
comp_7314,bics_l5_177
comp_7315,bics_l5_71
comp_7316,bics_l5_33
comp_7320,bics_l5_10
comp_7325,bics_l5_71
comp_7329,bics_l5_10
comp_7330,bics_l5_10
comp_7337,bics_l5_10
comp_7342,bics_l5_91
comp_7355,bics_l5_10
comp_7362,bics_l5_10
comp_7366,bics_l5_10
comp_7391,bics_l5_177
comp_7394,bics_l5_71
comp_7395,bics_l5_53
comp_7397,bics_l5_179
comp_7405,bics_l5_157
comp_7407,bics_l5_180
comp_7412,bics_l5_10
comp_7414,bics_l5_53
comp_7416,bics_l5_177
comp_7417,bics_l5_53
comp_7426,bics_l5_71
comp_7428,bics_l5_10
comp_7429,bics_l5_177
comp_7436,bics_l5_29
comp_7437,bics_l5_85
comp_7442,bics_l5_51
comp_7452,bics_l5_53
comp_7458,bics_l5_10
comp_7459,bics_l5_91
comp_7460,bics_l5_53
comp_7464,bics_l5_53
comp_7465,bics_l5_177
comp_7466,bics_l5_53
comp_7467,bics_l5_53
comp_7472,bics_l5_10
comp_7488,bics_l5_109
comp_7506,bics_l5_53
comp_7510,bics_l5_10
comp_7511,bics_l5_10
comp_7514,bics_l5_10
comp_7520,bics_l5_99
comp_7521,bics_l5_53
comp_7532,bics_l5_10
comp_7536,bics_l5_180
comp_7540,bics_l5_53
comp_7545,bics_l5_177
comp_7547,bics_l5_32
comp_7548,bics_l5_53
comp_7550,bics_l5_32
comp_7558,bics_l5_53
comp_7560,bics_l5_29
comp_7562,bics_l5_53
comp_7568,bics_l5_10
comp_7576,bics_l5_53
comp_7577,bics_l5_51
comp_7578,bics_l5_157
comp_7579,bics_l5_177
comp_7580,bics_l5_7
comp_7587,bics_l5_53
comp_7589,bics_l5_140
comp_7590,bics_l5_53
comp_7591,bics_l5_10
comp_7593,bics_l5_10
comp_7594,bics_l5_53
comp_7599,bics_l5_53
comp_7601,bics_l5_160
comp_7602,bics_l5_160
comp_7617,bics_l5_168
comp_7619,bics_l5_71
comp_7628,bics_l5_71
comp_7629,bics_l5_180
comp_7633,bics_l5_180
comp_7640,bics_l5_29
comp_7641,bics_l5_53
comp_7651,bics_l5_51
comp_7652,bics_l5_53
comp_7660,bics_l5_53
comp_7662,bics_l5_53
comp_7665,bics_l5_157
comp_7666,bics_l5_177
comp_7668,bics_l5_38
comp_7671,bics_l5_10
comp_7672,bics_l5_177
comp_7674,bics_l5_53
comp_7679,bics_l5_157
comp_7685,bics_l5_29
comp_7692,bics_l5_10
comp_7699,bics_l5_10
comp_7704,bics_l5_108
comp_7706,bics_l5_10
comp_7721,bics_l5_180
comp_7728,bics_l5_32
comp_7732,bics_l5_32
comp_7733,bics_l5_32
comp_7739,bics_l5_53
comp_7740,bics_l5_177
comp_7749,bics_l5_33
comp_7754,bics_l5_53
comp_7756,bics_l5_177
comp_7761,bics_l5_10
comp_7769,bics_l5_157
comp_7772,bics_l5_160
comp_7781,bics_l5_53
comp_7782,bics_l5_53
comp_7787,bics_l5_33
comp_7791,bics_l5_53
comp_7796,bics_l5_53
comp_7798,bics_l5_79
comp_7800,bics_l5_10
comp_7801,bics_l5_53
comp_7802,bics_l5_53
comp_7803,bics_l5_10
comp_7804,bics_l5_29
comp_7805,bics_l5_53
comp_7814,bics_l5_53
comp_7817,bics_l5_53
comp_7818,bics_l5_53
comp_7825,bics_l5_71
comp_7828,bics_l5_180
comp_7832,bics_l5_10
comp_7834,bics_l5_177
comp_7837,bics_l5_71
comp_7841,bics_l5_180
comp_7843,bics_l5_109
comp_7844,bics_l5_53
comp_7848,bics_l5_177
comp_7850,bics_l5_53
comp_7857,bics_l5_61
comp_7859,bics_l5_29
comp_7863,bics_l5_53
comp_7864,bics_l5_168
comp_7865,bics_l5_177
comp_7868,bics_l5_71
comp_7871,bics_l5_161
comp_7892,bics_l5_53
comp_7893,bics_l5_10
comp_7898,bics_l5_10
comp_7901,bics_l5_10
comp_7902,bics_l5_179
comp_7903,bics_l5_53
comp_7906,bics_l5_99
comp_7917,bics_l5_10
comp_7919,bics_l5_53
comp_7920,bics_l5_177
comp_7921,bics_l5_177
comp_7923,bics_l5_71
comp_7926,bics_l5_53
comp_7928,bics_l5_157
comp_7932,bics_l5_140
comp_7936,bics_l5_92
comp_7938,bics_l5_71
comp_7939,bics_l5_53
comp_7940,bics_l5_10
comp_7941,bics_l5_53
comp_7943,bics_l5_180
comp_7945,bics_l5_10
comp_7949,bics_l5_158
comp_7959,bics_l5_160
comp_7960,bics_l5_180
comp_7963,bics_l5_53
comp_7967,bics_l5_53
comp_7974,bics_l5_10
comp_7979,bics_l5_71
comp_7982,bics_l5_53
comp_7983,bics_l5_71
comp_7989,bics_l5_10
comp_7993,bics_l5_53
comp_7995,bics_l5_53
comp_7996,bics_l5_10
comp_8002,bics_l5_53
comp_8004,bics_l5_71
comp_8005,bics_l5_71
comp_8006,bics_l5_10
comp_8007,bics_l5_71
comp_8009,bics_l5_177
comp_8014,bics_l5_53
comp_8021,bics_l5_71
comp_8028,bics_l5_157
comp_8038,bics_l5_25
comp_8040,bics_l5_90
comp_8042,bics_l5_53
comp_8043,bics_l5_53
comp_8045,bics_l5_71
comp_8049,bics_l5_53
comp_8053,bics_l5_10
comp_8055,bics_l5_53
comp_8056,bics_l5_53
comp_8057,bics_l5_71
comp_8061,bics_l5_111
comp_8064,bics_l5_53
comp_8066,bics_l5_7
comp_8067,bics_l5_53
comp_8069,bics_l5_53
comp_8076,bics_l5_161
comp_8078,bics_l5_71
comp_8080,bics_l5_71
comp_8083,bics_l5_53
comp_8085,bics_l5_71
comp_8088,bics_l5_71
comp_8091,bics_l5_53
comp_8092,bics_l5_165
comp_8094,bics_l5_10
comp_8096,bics_l5_71
comp_8098,bics_l5_71
comp_8101,bics_l5_71
comp_8109,bics_l5_161
comp_8111,bics_l5_71
comp_8112,bics_l5_156
comp_8115,bics_l5_38
comp_8117,bics_l5_71
comp_8123,bics_l5_37
comp_8126,bics_l5_71
comp_8127,bics_l5_71
comp_8128,bics_l5_53
comp_8129,bics_l5_140
comp_8130,bics_l5_71
comp_8131,bics_l5_32
comp_8132,bics_l5_71
comp_8133,bics_l5_177
comp_8134,bics_l5_7
comp_8135,bics_l5_108
comp_8137,bics_l5_151
comp_8140,bics_l5_71
comp_8142,bics_l5_128
comp_8143,bics_l5_71
comp_8144,bics_l5_179
comp_8145,bics_l5_71
comp_8149,bics_l5_71
comp_8151,bics_l5_71
comp_8153,bics_l5_71
comp_8156,bics_l5_71
comp_8158,bics_l5_53
comp_8161,bics_l5_53
comp_8164,bics_l5_71
comp_8167,bics_l5_53
comp_8169,bics_l5_180
comp_8171,bics_l5_71
comp_8173,bics_l5_71
comp_8175,bics_l5_33
comp_8178,bics_l5_71
comp_8181,bics_l5_71
comp_8182,bics_l5_108
comp_8183,bics_l5_107
comp_8187,bics_l5_23
comp_8188,bics_l5_53
comp_8190,bics_l5_92
comp_8191,bics_l5_13
comp_8192,bics_l5_53
comp_8193,bics_l5_53
comp_8197,bics_l5_92
comp_8199,bics_l5_177
comp_8200,bics_l5_177
comp_8204,bics_l5_177
comp_8206,bics_l5_168
comp_8210,bics_l5_61
comp_8214,bics_l5_177
comp_8217,bics_l5_177
comp_8220,bics_l5_71
comp_8227,bics_l5_177
comp_8228,bics_l5_7
comp_8229,bics_l5_179
comp_8231,bics_l5_24
comp_8232,bics_l5_168
comp_8256,bics_l5_37
comp_8257,bics_l5_61
comp_8258,bics_l5_53
comp_8266,bics_l5_105
comp_8270,bics_l5_7
comp_8271,bics_l5_55
comp_8275,bics_l5_177
comp_8282,bics_l5_177
comp_8285,bics_l5_71
comp_8296,bics_l5_61
comp_8301,bics_l5_157
comp_8308,bics_l5_177
comp_8317,bics_l5_177
comp_8318,bics_l5_53
comp_8328,bics_l5_71
comp_8329,bics_l5_7
comp_8338,bics_l5_7
comp_8368,bics_l5_168
comp_8371,bics_l5_168
comp_8372,bics_l5_10
comp_8373,bics_l5_115
comp_8385,bics_l5_32
comp_8388,bics_l5_32
comp_8393,bics_l5_177
comp_8401,bics_l5_24
comp_8406,bics_l5_177
comp_8407,bics_l5_7
comp_8431,bics_l5_177
comp_8436,bics_l5_168
comp_8440,bics_l5_53
comp_8441,bics_l5_179
comp_8451,bics_l5_10
comp_8458,bics_l5_37
comp_8464,bics_l5_71
comp_8480,bics_l5_177
comp_8490,bics_l5_7
comp_8501,bics_l5_37
comp_8504,bics_l5_157
comp_8514,bics_l5_7
comp_8523,bics_l5_92
comp_8526,bics_l5_177
comp_8527,bics_l5_7
comp_8533,bics_l5_29
comp_8535,bics_l5_7
comp_8539,bics_l5_115
comp_8540,bics_l5_10
comp_8543,bics_l5_53
comp_8544,bics_l5_10
comp_8546,bics_l5_61
comp_8549,bics_l5_109
comp_8550,bics_l5_61
comp_8551,bics_l5_10
comp_8553,bics_l5_10
comp_8555,bics_l5_53
comp_8558,bics_l5_115
comp_8559,bics_l5_33
comp_8562,bics_l5_24
comp_8563,bics_l5_168
comp_8568,bics_l5_53
comp_8570,bics_l5_71
comp_8574,bics_l5_168
comp_8576,bics_l5_71
comp_8581,bics_l5_10
comp_8585,bics_l5_71
comp_8587,bics_l5_71
comp_8588,bics_l5_53
comp_8593,bics_l5_190
comp_8595,bics_l5_115
comp_8597,bics_l5_53
comp_8600,bics_l5_140
comp_8601,bics_l5_53
comp_8604,bics_l5_53
comp_8606,bics_l5_105
comp_8610,bics_l5_51
comp_8613,bics_l5_157
comp_8614,bics_l5_161
comp_8616,bics_l5_37
comp_8618,bics_l5_71
comp_8619,bics_l5_10
comp_8621,bics_l5_71
comp_8623,bics_l5_71
comp_8628,bics_l5_71
comp_8631,bics_l5_140
comp_8635,bics_l5_32
comp_8637,bics_l5_157
comp_8642,bics_l5_168
comp_8652,bics_l5_32
comp_8659,bics_l5_140
comp_8661,bics_l5_32
comp_8666,bics_l5_157
comp_8671,bics_l5_53
comp_8676,bics_l5_71
comp_8677,bics_l5_7
comp_8682,bics_l5_92
comp_8684,bics_l5_32
comp_8686,bics_l5_71
comp_8697,bics_l5_91
comp_8713,bics_l5_177
comp_8718,bics_l5_168
comp_8719,bics_l5_10
comp_8723,bics_l5_7
comp_8729,bics_l5_53
comp_8734,bics_l5_179
comp_8735,bics_l5_71
comp_8738,bics_l5_157
comp_8740,bics_l5_33
comp_8745,bics_l5_109
comp_8746,bics_l5_105
comp_8747,bics_l5_7
comp_8749,bics_l5_157
comp_8754,bics_l5_92
comp_8761,bics_l5_7
comp_8766,bics_l5_33
comp_8774,bics_l5_71
comp_8779,bics_l5_71
comp_8780,bics_l5_53
comp_8783,bics_l5_59
comp_8784,bics_l5_37
comp_8790,bics_l5_105
comp_8796,bics_l5_160
comp_8801,bics_l5_53
comp_8804,bics_l5_53
comp_8805,bics_l5_180
comp_8806,bics_l5_7
comp_8808,bics_l5_157
comp_8810,bics_l5_53
comp_8815,bics_l5_71
comp_8817,bics_l5_160
comp_8826,bics_l5_10
comp_8828,bics_l5_53
comp_8830,bics_l5_7
comp_8836,bics_l5_32
comp_8837,bics_l5_7
comp_8841,bics_l5_53
comp_8842,bics_l5_157
comp_8843,bics_l5_157
comp_8856,bics_l5_100
comp_8857,bics_l5_53
comp_8858,bics_l5_157
comp_8864,bics_l5_92
comp_8873,bics_l5_53
comp_8878,bics_l5_157
comp_8889,bics_l5_157
comp_8899,bics_l5_7
comp_8906,bics_l5_140
comp_8914,bics_l5_71
comp_8918,bics_l5_7
comp_8923,bics_l5_157
comp_8927,bics_l5_157
comp_8928,bics_l5_10
comp_8937,bics_l5_7
comp_8943,bics_l5_7
comp_8947,bics_l5_53
comp_8949,bics_l5_7
comp_8950,bics_l5_92
comp_8962,bics_l5_157
comp_8963,bics_l5_53
comp_8964,bics_l5_168
comp_8965,bics_l5_157
comp_8966,bics_l5_157
comp_8973,bics_l5_157
comp_8976,bics_l5_53
comp_8989,bics_l5_157
comp_8995,bics_l5_10
comp_9002,bics_l5_7
comp_9007,bics_l5_71
comp_9009,bics_l5_7
comp_9017,bics_l5_53
comp_9020,bics_l5_71
comp_9025,bics_l5_7
comp_9027,bics_l5_157
comp_9031,bics_l5_53
comp_9040,bics_l5_71
comp_9043,bics_l5_91
comp_9046,bics_l5_176
comp_9049,bics_l5_157
comp_9055,bics_l5_53
comp_9058,bics_l5_53
comp_9063,bics_l5_71
comp_9080,bics_l5_177
comp_9081,bics_l5_7
comp_9082,bics_l5_91
comp_9087,bics_l5_91
comp_9091,bics_l5_7
comp_9100,bics_l5_7
comp_9106,bics_l5_157
comp_9109,bics_l5_157
comp_9113,bics_l5_53
comp_9114,bics_l5_37
comp_9118,bics_l5_157
comp_9129,bics_l5_7
comp_9131,bics_l5_7
comp_9136,bics_l5_157
comp_9139,bics_l5_157
comp_9142,bics_l5_53
comp_9143,bics_l5_53
comp_9155,bics_l5_53
comp_9156,bics_l5_37
comp_9159,bics_l5_7
comp_9161,bics_l5_7
comp_9165,bics_l5_157
comp_9166,bics_l5_157
comp_9174,bics_l5_53
comp_9175,bics_l5_7
comp_9177,bics_l5_53
comp_9182,bics_l5_157
comp_9183,bics_l5_157
comp_9186,bics_l5_53
comp_9191,bics_l5_140
comp_9199,bics_l5_7
comp_9200,bics_l5_53
comp_9205,bics_l5_108
comp_9211,bics_l5_10
comp_9214,bics_l5_37
comp_9218,bics_l5_157
comp_9233,bics_l5_157
comp_9242,bics_l5_92
comp_9245,bics_l5_7
comp_9249,bics_l5_71
comp_9253,bics_l5_109
comp_9255,bics_l5_157
comp_9260,bics_l5_7
comp_9262,bics_l5_157
comp_9291,bics_l5_53
comp_9301,bics_l5_158
comp_9302,bics_l5_7
comp_9306,bics_l5_37
comp_9308,bics_l5_53
comp_9310,bics_l5_157
comp_9317,bics_l5_140
comp_9332,bics_l5_109
comp_9336,bics_l5_71
comp_9343,bics_l5_71
comp_9348,bics_l5_144
comp_9354,bics_l5_71
comp_9366,bics_l5_37
comp_9371,bics_l5_140
comp_9382,bics_l5_157
comp_9394,bics_l5_140
comp_9395,bics_l5_37
comp_9396,bics_l5_71
comp_9408,bics_l5_157
comp_9409,bics_l5_180
comp_9413,bics_l5_53
comp_9415,bics_l5_53
comp_9416,bics_l5_53
comp_9424,bics_l5_177
comp_9426,bics_l5_177
comp_9438,bics_l5_32
comp_9439,bics_l5_32
comp_9447,bics_l5_180
comp_9448,bics_l5_29
comp_9449,bics_l5_7
comp_9451,bics_l5_177
comp_9455,bics_l5_7
comp_9460,bics_l5_7
comp_9466,bics_l5_157
comp_9473,bics_l5_157
comp_9474,bics_l5_157
comp_9477,bics_l5_99
comp_9481,bics_l5_79
comp_9494,bics_l5_53
comp_9495,bics_l5_157
comp_9497,bics_l5_32
comp_9501,bics_l5_32
comp_9508,bics_l5_32
comp_9525,bics_l5_32
comp_9541,bics_l5_53
comp_9546,bics_l5_32
comp_9547,bics_l5_32
comp_9551,bics_l5_10
comp_9555,bics_l5_180
comp_9557,bics_l5_79
comp_9567,bics_l5_32
comp_9572,bics_l5_51
comp_9573,bics_l5_32
comp_9580,bics_l5_37
comp_9583,bics_l5_32
comp_9588,bics_l5_32
comp_9595,bics_l5_53
comp_9601,bics_l5_53
comp_9602,bics_l5_7
comp_9603,bics_l5_92
comp_9608,bics_l5_53
comp_9612,bics_l5_32
comp_9619,bics_l5_37
comp_9631,bics_l5_157
comp_9646,bics_l5_33
comp_9650,bics_l5_53
comp_9653,bics_l5_7
comp_9656,bics_l5_71
comp_9669,bics_l5_180
comp_9671,bics_l5_32
comp_9673,bics_l5_10
comp_9677,bics_l5_53
comp_9678,bics_l5_7
comp_9693,bics_l5_99
comp_9698,bics_l5_33
comp_9702,bics_l5_7
comp_9706,bics_l5_33
comp_9714,bics_l5_115
comp_9717,bics_l5_7
comp_9719,bics_l5_91
comp_9734,bics_l5_7
comp_9736,bics_l5_7
comp_9738,bics_l5_32
comp_9740,bics_l5_53
comp_9741,bics_l5_32
comp_9745,bics_l5_180
comp_9750,bics_l5_109
comp_9752,bics_l5_177
comp_9754,bics_l5_37
comp_9775,bics_l5_37
comp_9778,bics_l5_33
comp_9793,bics_l5_157
comp_9798,bics_l5_7
comp_9802,bics_l5_37
comp_9803,bics_l5_180
comp_9805,bics_l5_32
comp_9809,bics_l5_157
comp_9817,bics_l5_33
comp_9827,bics_l5_7
comp_9840,bics_l5_99
comp_9843,bics_l5_180
comp_9845,bics_l5_160
comp_9847,bics_l5_140
comp_9858,bics_l5_7
comp_9865,bics_l5_7
comp_9877,bics_l5_157
comp_9892,bics_l5_157
comp_9894,bics_l5_10
comp_9895,bics_l5_157
comp_9902,bics_l5_180
comp_9909,bics_l5_157
comp_9913,bics_l5_53
comp_9915,bics_l5_10
comp_9919,bics_l5_7
comp_9921,bics_l5_157
comp_9927,bics_l5_160
comp_9931,bics_l5_7
comp_9935,bics_l5_140
comp_9944,bics_l5_160
comp_9949,bics_l5_79
comp_9951,bics_l5_157
comp_9958,bics_l5_157
comp_9970,bics_l5_7
comp_9971,bics_l5_32
comp_9973,bics_l5_32
comp_9974,bics_l5_7
comp_9978,bics_l5_92
comp_9979,bics_l5_32
comp_9985,bics_l5_53
comp_9989,bics_l5_177
comp_10009,bics_l5_10
comp_10013,bics_l5_32
comp_10014,bics_l5_180
comp_10020,bics_l5_157
comp_10021,bics_l5_140
comp_10029,bics_l5_32
comp_10032,bics_l5_7
comp_10038,bics_l5_157
comp_10047,bics_l5_157
comp_10049,bics_l5_180
comp_10050,bics_l5_37
comp_10053,bics_l5_10
comp_10054,bics_l5_157
comp_10055,bics_l5_180
comp_10056,bics_l5_33
comp_10060,bics_l5_91
comp_10068,bics_l5_92
comp_10074,bics_l5_157
comp_10076,bics_l5_92
comp_10079,bics_l5_7
comp_10081,bics_l5_7
comp_10090,bics_l5_157
comp_10093,bics_l5_33
comp_10100,bics_l5_91
comp_10106,bics_l5_32
comp_10107,bics_l5_177
comp_10108,bics_l5_33
comp_10112,bics_l5_7
comp_10116,bics_l5_157
comp_10117,bics_l5_157
comp_10124,bics_l5_10
comp_10127,bics_l5_32
comp_10152,bics_l5_10
comp_10156,bics_l5_7
comp_10162,bics_l5_10
comp_10166,bics_l5_32
comp_10190,bics_l5_37
comp_10192,bics_l5_10
comp_10197,bics_l5_7
comp_10213,bics_l5_105
comp_10223,bics_l5_160
comp_10225,bics_l5_160
comp_10229,bics_l5_37
comp_10231,bics_l5_160
comp_10233,bics_l5_7
comp_10234,bics_l5_7
comp_10239,bics_l5_53
comp_10240,bics_l5_61
comp_10241,bics_l5_7
comp_10242,bics_l5_29
comp_10268,bics_l5_29
comp_10275,bics_l5_29
comp_10285,bics_l5_30
comp_10286,bics_l5_32
comp_10288,bics_l5_32
comp_10293,bics_l5_53
comp_10298,bics_l5_91
comp_10300,bics_l5_10
comp_10303,bics_l5_53
comp_10306,bics_l5_53
comp_10309,bics_l5_32
comp_10311,bics_l5_160
comp_10313,bics_l5_10
comp_10317,bics_l5_71
comp_10318,bics_l5_7
comp_10320,bics_l5_71
comp_10321,bics_l5_71
comp_10322,bics_l5_71
comp_10325,bics_l5_71
comp_10327,bics_l5_71
comp_10331,bics_l5_71
comp_10334,bics_l5_179
comp_10336,bics_l5_71
comp_10338,bics_l5_71
comp_10340,bics_l5_71
comp_10341,bics_l5_71
comp_10342,bics_l5_71
comp_10343,bics_l5_71
comp_10344,bics_l5_71
comp_10345,bics_l5_37
comp_10351,bics_l5_71
comp_10354,bics_l5_71
comp_10355,bics_l5_71
comp_10359,bics_l5_37
comp_10362,bics_l5_71
comp_10363,bics_l5_151
comp_10364,bics_l5_71
comp_10365,bics_l5_71
comp_10368,bics_l5_71
comp_10369,bics_l5_2
comp_10372,bics_l5_71
comp_10376,bics_l5_140
comp_10378,bics_l5_115
comp_10380,bics_l5_71
comp_10382,bics_l5_71
comp_10383,bics_l5_71
comp_10386,bics_l5_71
comp_10392,bics_l5_71
comp_10395,bics_l5_71
comp_10397,bics_l5_71
comp_10403,bics_l5_99
comp_10404,bics_l5_140
comp_10405,bics_l5_71
comp_10406,bics_l5_71
comp_10407,bics_l5_71
comp_10411,bics_l5_71
comp_10412,bics_l5_71
comp_10413,bics_l5_71
comp_10418,bics_l5_10
comp_10421,bics_l5_71
comp_10423,bics_l5_71
comp_10425,bics_l5_71
comp_10427,bics_l5_71
comp_10428,bics_l5_71
comp_10431,bics_l5_71
comp_10432,bics_l5_71
comp_10436,bics_l5_71
comp_10437,bics_l5_115
comp_10438,bics_l5_105
comp_10440,bics_l5_92
comp_10445,bics_l5_71
comp_10446,bics_l5_71
comp_10449,bics_l5_140
comp_10450,bics_l5_71
comp_10455,bics_l5_71
comp_10456,bics_l5_71
comp_10464,bics_l5_71
comp_10465,bics_l5_151
comp_10466,bics_l5_71
comp_10470,bics_l5_71
comp_10471,bics_l5_71
comp_10472,bics_l5_151
comp_10473,bics_l5_71
comp_10475,bics_l5_71
comp_10476,bics_l5_157
comp_10479,bics_l5_71
comp_10484,bics_l5_86
comp_10488,bics_l5_71
comp_10490,bics_l5_71
comp_10492,bics_l5_151
comp_10494,bics_l5_71
comp_10496,bics_l5_71
comp_10497,bics_l5_71
comp_10499,bics_l5_71
comp_10501,bics_l5_71
comp_10502,bics_l5_71
comp_10503,bics_l5_136
comp_10505,bics_l5_51
comp_10506,bics_l5_37
comp_10507,bics_l5_71
comp_10509,bics_l5_71
comp_10510,bics_l5_151
comp_10513,bics_l5_151
comp_10515,bics_l5_71
comp_10518,bics_l5_151
comp_10519,bics_l5_71
comp_10520,bics_l5_168
comp_10521,bics_l5_71
comp_10522,bics_l5_92
comp_10523,bics_l5_71
comp_10525,bics_l5_71
comp_10526,bics_l5_71
comp_10529,bics_l5_71
comp_10531,bics_l5_71
comp_10535,bics_l5_161
comp_10538,bics_l5_92
comp_10540,bics_l5_71
comp_10541,bics_l5_71
comp_10542,bics_l5_71
comp_10543,bics_l5_71
comp_10546,bics_l5_37
comp_10547,bics_l5_71
comp_10549,bics_l5_71
comp_10551,bics_l5_115
comp_10553,bics_l5_71
comp_10554,bics_l5_92
comp_10556,bics_l5_71
comp_10560,bics_l5_71
comp_10564,bics_l5_106
comp_10567,bics_l5_92
comp_10568,bics_l5_71
comp_10571,bics_l5_71
comp_10572,bics_l5_71
comp_10573,bics_l5_71
comp_10578,bics_l5_71
comp_10582,bics_l5_105
comp_10585,bics_l5_71
comp_10586,bics_l5_71
comp_10587,bics_l5_71
comp_10592,bics_l5_71
comp_10595,bics_l5_71
comp_10597,bics_l5_71
comp_10601,bics_l5_110
comp_10602,bics_l5_92
comp_10605,bics_l5_37
comp_10607,bics_l5_71
comp_10612,bics_l5_71
comp_10614,bics_l5_71
comp_10615,bics_l5_71
comp_10617,bics_l5_183
comp_10618,bics_l5_179
comp_10619,bics_l5_16
comp_10621,bics_l5_71
comp_10623,bics_l5_71
comp_10625,bics_l5_71
comp_10629,bics_l5_71
comp_10630,bics_l5_71
comp_10634,bics_l5_140
comp_10635,bics_l5_179
comp_10636,bics_l5_71
comp_10637,bics_l5_71
comp_10638,bics_l5_151
comp_10640,bics_l5_71
comp_10642,bics_l5_71
comp_10645,bics_l5_37
comp_10649,bics_l5_71
comp_10652,bics_l5_71
comp_10654,bics_l5_71
comp_10655,bics_l5_71
comp_10657,bics_l5_71
comp_10658,bics_l5_179
comp_10660,bics_l5_71
comp_10665,bics_l5_71
comp_10666,bics_l5_71
comp_10674,bics_l5_71
comp_10676,bics_l5_71
comp_10677,bics_l5_71
comp_10678,bics_l5_71
comp_10681,bics_l5_140
comp_10682,bics_l5_71
comp_10685,bics_l5_71
comp_10686,bics_l5_37
comp_10688,bics_l5_71
comp_10692,bics_l5_71
comp_10694,bics_l5_111
comp_10697,bics_l5_71
comp_10700,bics_l5_71
comp_10701,bics_l5_106
comp_10702,bics_l5_71
comp_10703,bics_l5_71
comp_10709,bics_l5_71
comp_10711,bics_l5_71
comp_10715,bics_l5_151
comp_10717,bics_l5_71
comp_10719,bics_l5_71
comp_10721,bics_l5_71
comp_10722,bics_l5_71
comp_10723,bics_l5_71
comp_10724,bics_l5_71
comp_10725,bics_l5_71
comp_10726,bics_l5_37
comp_10728,bics_l5_108
comp_10730,bics_l5_71
comp_10731,bics_l5_71
comp_10732,bics_l5_179
comp_10733,bics_l5_71
comp_10734,bics_l5_71
comp_10737,bics_l5_71
comp_10739,bics_l5_71
comp_10741,bics_l5_71
comp_10745,bics_l5_71
comp_10747,bics_l5_15
comp_10748,bics_l5_71
comp_10749,bics_l5_71
comp_10750,bics_l5_71
comp_10753,bics_l5_71
comp_10756,bics_l5_71
comp_10757,bics_l5_71
comp_10759,bics_l5_71
comp_10760,bics_l5_71
comp_10762,bics_l5_71
comp_10763,bics_l5_71
comp_10764,bics_l5_71
comp_10765,bics_l5_71
comp_10768,bics_l5_71
comp_10772,bics_l5_37
comp_10773,bics_l5_37
comp_10776,bics_l5_71
comp_10778,bics_l5_179
comp_10779,bics_l5_37
comp_10781,bics_l5_71
comp_10783,bics_l5_71
comp_10791,bics_l5_140
comp_10794,bics_l5_71
comp_10795,bics_l5_71
comp_10797,bics_l5_71
comp_10805,bics_l5_179
comp_10807,bics_l5_71
comp_10808,bics_l5_37
comp_10809,bics_l5_71
comp_10810,bics_l5_108
comp_10813,bics_l5_147
comp_10815,bics_l5_92
comp_10817,bics_l5_71
comp_10818,bics_l5_37
comp_10819,bics_l5_71
comp_10821,bics_l5_71
comp_10822,bics_l5_71
comp_10824,bics_l5_71
comp_10827,bics_l5_101
comp_10829,bics_l5_25
comp_10830,bics_l5_71
comp_10834,bics_l5_71
comp_10835,bics_l5_115
comp_10837,bics_l5_142
comp_10838,bics_l5_71
comp_10839,bics_l5_71
comp_10840,bics_l5_151
comp_10841,bics_l5_42
comp_10842,bics_l5_115
comp_10843,bics_l5_71
comp_10844,bics_l5_159
comp_10845,bics_l5_71
comp_10846,bics_l5_71
comp_10848,bics_l5_71
comp_10850,bics_l5_71
comp_10854,bics_l5_71
comp_10855,bics_l5_136
comp_10861,bics_l5_71
comp_10862,bics_l5_71
comp_10863,bics_l5_140
comp_10865,bics_l5_71
comp_10866,bics_l5_161
comp_10867,bics_l5_71
comp_10868,bics_l5_171
comp_10869,bics_l5_71
comp_10876,bics_l5_151
comp_10878,bics_l5_71
comp_10880,bics_l5_71
comp_10881,bics_l5_38
comp_10882,bics_l5_71
comp_10888,bics_l5_71
comp_10891,bics_l5_71
comp_10895,bics_l5_71
comp_10898,bics_l5_71
comp_10900,bics_l5_179
comp_10902,bics_l5_115
comp_10905,bics_l5_151
comp_10907,bics_l5_71
comp_10908,bics_l5_37
comp_10909,bics_l5_71
comp_10912,bics_l5_151
comp_10916,bics_l5_105
comp_10917,bics_l5_108
comp_10918,bics_l5_71
comp_10920,bics_l5_71
comp_10921,bics_l5_179
comp_10922,bics_l5_71
comp_10928,bics_l5_92
comp_10929,bics_l5_71
comp_10932,bics_l5_71
comp_10937,bics_l5_71
comp_10939,bics_l5_37
comp_10941,bics_l5_71
comp_10942,bics_l5_71
comp_10943,bics_l5_53
comp_10946,bics_l5_71
comp_10947,bics_l5_151
comp_10949,bics_l5_71
comp_10950,bics_l5_158
comp_10953,bics_l5_140
comp_10957,bics_l5_71
comp_10960,bics_l5_114
comp_10961,bics_l5_71
comp_10964,bics_l5_71
comp_10965,bics_l5_168
comp_10966,bics_l5_37
comp_10968,bics_l5_71
comp_10975,bics_l5_71
comp_10976,bics_l5_71
comp_10977,bics_l5_38
comp_10978,bics_l5_71
comp_10979,bics_l5_71
comp_10985,bics_l5_71
comp_10986,bics_l5_71
comp_10988,bics_l5_37
comp_10991,bics_l5_71
comp_10992,bics_l5_71
comp_10993,bics_l5_71
comp_10994,bics_l5_71
comp_10997,bics_l5_71
comp_10999,bics_l5_71
comp_11001,bics_l5_92
comp_11003,bics_l5_71
comp_11004,bics_l5_71
comp_11005,bics_l5_151
comp_11007,bics_l5_71
comp_11010,bics_l5_71
comp_11012,bics_l5_68
comp_11015,bics_l5_71
comp_11019,bics_l5_71
comp_11023,bics_l5_37
comp_11024,bics_l5_71
comp_11028,bics_l5_101
comp_11029,bics_l5_71
comp_11030,bics_l5_183
comp_11033,bics_l5_71
comp_11034,bics_l5_71
comp_11036,bics_l5_71
comp_11039,bics_l5_71
comp_11041,bics_l5_110
comp_11047,bics_l5_179
comp_11048,bics_l5_108
comp_11049,bics_l5_92
comp_11050,bics_l5_71
comp_11051,bics_l5_108
comp_11052,bics_l5_77
comp_11053,bics_l5_71
comp_11057,bics_l5_179
comp_11058,bics_l5_23
comp_11059,bics_l5_71
comp_11060,bics_l5_2
comp_11061,bics_l5_37
comp_11063,bics_l5_37
comp_11065,bics_l5_16
comp_11066,bics_l5_168
comp_11067,bics_l5_111
comp_11069,bics_l5_71
comp_11071,bics_l5_37
comp_11075,bics_l5_71
comp_11078,bics_l5_108
comp_11079,bics_l5_101
comp_11082,bics_l5_151
comp_11083,bics_l5_71
comp_11084,bics_l5_179
comp_11085,bics_l5_71
comp_11086,bics_l5_71
comp_11087,bics_l5_71
comp_11089,bics_l5_179
comp_11090,bics_l5_71
comp_11091,bics_l5_71
comp_11093,bics_l5_71
comp_11094,bics_l5_151
comp_11095,bics_l5_71
comp_11097,bics_l5_71
comp_11099,bics_l5_71
comp_11100,bics_l5_179
comp_11107,bics_l5_71
comp_11108,bics_l5_71
comp_11109,bics_l5_71
comp_11114,bics_l5_38
comp_11118,bics_l5_37
comp_11119,bics_l5_71
comp_11120,bics_l5_71
comp_11123,bics_l5_71
comp_11125,bics_l5_168
comp_11127,bics_l5_71
comp_11128,bics_l5_71
comp_11129,bics_l5_71
comp_11130,bics_l5_71
comp_11132,bics_l5_71
comp_11133,bics_l5_25
comp_11135,bics_l5_179
comp_11136,bics_l5_71
comp_11138,bics_l5_71
comp_11139,bics_l5_71
comp_11140,bics_l5_37
comp_11145,bics_l5_37
comp_11150,bics_l5_71
comp_11151,bics_l5_71
comp_11156,bics_l5_71
comp_11157,bics_l5_179
comp_11160,bics_l5_71
comp_11161,bics_l5_90
comp_11162,bics_l5_71
comp_11164,bics_l5_71
comp_11165,bics_l5_38
comp_11166,bics_l5_71
comp_11172,bics_l5_71
comp_11174,bics_l5_71
comp_11175,bics_l5_71
comp_11180,bics_l5_71
comp_11181,bics_l5_75
comp_11183,bics_l5_71
comp_11184,bics_l5_179
comp_11185,bics_l5_71
comp_11186,bics_l5_108
comp_11187,bics_l5_71
comp_11188,bics_l5_71
comp_11189,bics_l5_179
comp_11190,bics_l5_71
comp_11191,bics_l5_71
comp_11192,bics_l5_71
comp_11193,bics_l5_71
comp_11194,bics_l5_71
comp_11195,bics_l5_71
comp_11196,bics_l5_71
comp_11204,bics_l5_71
comp_11205,bics_l5_71
comp_11206,bics_l5_108
comp_11213,bics_l5_71
comp_11222,bics_l5_71
comp_11226,bics_l5_71
comp_11231,bics_l5_71
comp_11232,bics_l5_71
comp_11234,bics_l5_52
comp_11236,bics_l5_91
comp_11237,bics_l5_71
comp_11240,bics_l5_37
comp_11241,bics_l5_71
comp_11242,bics_l5_71
comp_11243,bics_l5_71
comp_11244,bics_l5_71
comp_11245,bics_l5_71
comp_11248,bics_l5_71
comp_11249,bics_l5_179
comp_11250,bics_l5_71
comp_11255,bics_l5_108
comp_11256,bics_l5_108
comp_11257,bics_l5_168
comp_11258,bics_l5_71
comp_11260,bics_l5_37
comp_11264,bics_l5_71
comp_11270,bics_l5_140
comp_11272,bics_l5_71
comp_11274,bics_l5_71
comp_11275,bics_l5_71
comp_11276,bics_l5_71
comp_11277,bics_l5_108
comp_11278,bics_l5_25
comp_11279,bics_l5_108
comp_11280,bics_l5_71
comp_11281,bics_l5_71
comp_11282,bics_l5_71
comp_11284,bics_l5_71
comp_11286,bics_l5_71
comp_11287,bics_l5_71
comp_11288,bics_l5_110
comp_11289,bics_l5_71
comp_11291,bics_l5_71
comp_11293,bics_l5_53
comp_11295,bics_l5_71
comp_11297,bics_l5_152
comp_11298,bics_l5_71
comp_11300,bics_l5_71
comp_11302,bics_l5_71
comp_11304,bics_l5_71
comp_11306,bics_l5_71
comp_11307,bics_l5_71
comp_11308,bics_l5_71
comp_11309,bics_l5_37
comp_11311,bics_l5_71
comp_11314,bics_l5_71
comp_11315,bics_l5_71
comp_11316,bics_l5_71
comp_11317,bics_l5_71
comp_11320,bics_l5_38
comp_11321,bics_l5_71
comp_11322,bics_l5_71
comp_11326,bics_l5_71
comp_11327,bics_l5_151
comp_11328,bics_l5_92
comp_11329,bics_l5_38
comp_11330,bics_l5_71
comp_11331,bics_l5_108
comp_11332,bics_l5_71
comp_11336,bics_l5_71
comp_11337,bics_l5_116
comp_11342,bics_l5_108
comp_11343,bics_l5_37
comp_11344,bics_l5_37
comp_11346,bics_l5_71
comp_11350,bics_l5_71
comp_11353,bics_l5_25
comp_11354,bics_l5_37
comp_11355,bics_l5_4
comp_11358,bics_l5_53
comp_11360,bics_l5_158
comp_11366,bics_l5_71
comp_11371,bics_l5_71
comp_11373,bics_l5_108
comp_11376,bics_l5_71
comp_11377,bics_l5_108
comp_11378,bics_l5_159
comp_11382,bics_l5_37
comp_11385,bics_l5_71
comp_11387,bics_l5_71
comp_11390,bics_l5_140
comp_11394,bics_l5_71
comp_11395,bics_l5_71
comp_11397,bics_l5_39
comp_11398,bics_l5_71
comp_11399,bics_l5_71
comp_11401,bics_l5_1
comp_11402,bics_l5_71
comp_11406,bics_l5_71
comp_11416,bics_l5_164
comp_11417,bics_l5_71
comp_11422,bics_l5_71
comp_11423,bics_l5_71
comp_11427,bics_l5_71
comp_11430,bics_l5_71
comp_11433,bics_l5_71
comp_11435,bics_l5_71
comp_11436,bics_l5_71
comp_11437,bics_l5_71
comp_11438,bics_l5_168
comp_11441,bics_l5_7
comp_11442,bics_l5_71
comp_11443,bics_l5_71
comp_11444,bics_l5_140
comp_11446,bics_l5_71
comp_11448,bics_l5_71
comp_11449,bics_l5_71
comp_11453,bics_l5_71
comp_11463,bics_l5_38
comp_11464,bics_l5_92
comp_11468,bics_l5_37
comp_11469,bics_l5_71
comp_11473,bics_l5_71
comp_11474,bics_l5_108
comp_11475,bics_l5_71
comp_11476,bics_l5_140
comp_11477,bics_l5_37
comp_11478,bics_l5_37
comp_11480,bics_l5_25
comp_11482,bics_l5_116
comp_11483,bics_l5_71
comp_11484,bics_l5_71
comp_11485,bics_l5_71
comp_11487,bics_l5_108
comp_11490,bics_l5_71
comp_11497,bics_l5_98
comp_11504,bics_l5_71
comp_11506,bics_l5_71
comp_11509,bics_l5_71
comp_11516,bics_l5_71
comp_11517,bics_l5_38
comp_11518,bics_l5_71
comp_11523,bics_l5_71
comp_11525,bics_l5_71
comp_11527,bics_l5_37
comp_11529,bics_l5_71
comp_11530,bics_l5_168
comp_11532,bics_l5_108
comp_11534,bics_l5_71
comp_11545,bics_l5_71
comp_11546,bics_l5_151
comp_11547,bics_l5_108
comp_11552,bics_l5_111
comp_11554,bics_l5_158
comp_11556,bics_l5_71
comp_11562,bics_l5_37
comp_11564,bics_l5_92
comp_11568,bics_l5_140
comp_11573,bics_l5_71
comp_11574,bics_l5_71
comp_11581,bics_l5_151
comp_11593,bics_l5_92
comp_11611,bics_l5_24
comp_11615,bics_l5_92
comp_11620,bics_l5_160
comp_11627,bics_l5_51
comp_11630,bics_l5_91
comp_11633,bics_l5_91
comp_11635,bics_l5_91
comp_11638,bics_l5_92
comp_11643,bics_l5_32
comp_11645,bics_l5_160
comp_11657,bics_l5_33
comp_11660,bics_l5_32
comp_11667,bics_l5_168
comp_11668,bics_l5_22
comp_11673,bics_l5_92
comp_11674,bics_l5_181
comp_11678,bics_l5_177
comp_11679,bics_l5_91
comp_11680,bics_l5_180
comp_11683,bics_l5_29
comp_11684,bics_l5_91
comp_11685,bics_l5_104
comp_11689,bics_l5_177
comp_11699,bics_l5_71
comp_11702,bics_l5_157
comp_11713,bics_l5_91
comp_11719,bics_l5_51
comp_11723,bics_l5_51
comp_11724,bics_l5_177
comp_11725,bics_l5_180
comp_11726,bics_l5_53
comp_11728,bics_l5_160
comp_11735,bics_l5_18
comp_11738,bics_l5_91
comp_11739,bics_l5_177
comp_11757,bics_l5_61
comp_11758,bics_l5_145
comp_11764,bics_l5_168
comp_11766,bics_l5_79
comp_11767,bics_l5_32
comp_11768,bics_l5_160
comp_11769,bics_l5_160
comp_11773,bics_l5_7
comp_11779,bics_l5_99
comp_11787,bics_l5_92
comp_11790,bics_l5_51
comp_11791,bics_l5_168
comp_11794,bics_l5_157
comp_11795,bics_l5_99
comp_11798,bics_l5_91
comp_11799,bics_l5_160
comp_11810,bics_l5_7
comp_11813,bics_l5_91
comp_11816,bics_l5_37
comp_11820,bics_l5_160
comp_11821,bics_l5_7
comp_11823,bics_l5_157
comp_11827,bics_l5_7
comp_11842,bics_l5_7
comp_11844,bics_l5_29
comp_11850,bics_l5_157
comp_11855,bics_l5_177
comp_11869,bics_l5_92
comp_11871,bics_l5_174
comp_11879,bics_l5_91
comp_11882,bics_l5_157
comp_11885,bics_l5_32
comp_11892,bics_l5_61
comp_11895,bics_l5_167
comp_11901,bics_l5_157
comp_11902,bics_l5_95
comp_11907,bics_l5_140
comp_11909,bics_l5_92
comp_11910,bics_l5_136
comp_11917,bics_l5_168
comp_11918,bics_l5_71
comp_11919,bics_l5_136
comp_11920,bics_l5_71
comp_11921,bics_l5_71
comp_11924,bics_l5_71
comp_11929,bics_l5_71
comp_11931,bics_l5_71
comp_11932,bics_l5_71
comp_11933,bics_l5_71
comp_11934,bics_l5_180
comp_11935,bics_l5_168
comp_11937,bics_l5_168
comp_11939,bics_l5_136
comp_11940,bics_l5_71
comp_11943,bics_l5_71
comp_11945,bics_l5_71
comp_11952,bics_l5_71
comp_11954,bics_l5_116
comp_11955,bics_l5_106
comp_11959,bics_l5_140
comp_11962,bics_l5_94
comp_11964,bics_l5_71
comp_11970,bics_l5_71
comp_11971,bics_l5_71
comp_11972,bics_l5_71
comp_11978,bics_l5_71
comp_11981,bics_l5_140
comp_11983,bics_l5_18
comp_11987,bics_l5_29
comp_11988,bics_l5_160
comp_11994,bics_l5_71
comp_11995,bics_l5_71
comp_11996,bics_l5_71
comp_11997,bics_l5_71
comp_11999,bics_l5_140
comp_12002,bics_l5_157
comp_12003,bics_l5_105
comp_12004,bics_l5_71
comp_12006,bics_l5_140
comp_12009,bics_l5_140
comp_12010,bics_l5_4
comp_12013,bics_l5_71
comp_12019,bics_l5_71
comp_12020,bics_l5_157
comp_12022,bics_l5_10
comp_12024,bics_l5_37
comp_12026,bics_l5_7
comp_12032,bics_l5_10
comp_12038,bics_l5_32
comp_12040,bics_l5_32
comp_12041,bics_l5_53
comp_12043,bics_l5_157
comp_12063,bics_l5_61
comp_12065,bics_l5_160
comp_12066,bics_l5_51
comp_12068,bics_l5_32
comp_12070,bics_l5_32
comp_12072,bics_l5_53
comp_12080,bics_l5_157
comp_12084,bics_l5_177
comp_12086,bics_l5_10
comp_12093,bics_l5_157
comp_12094,bics_l5_91
comp_12095,bics_l5_157
comp_12096,bics_l5_7
comp_12102,bics_l5_7
comp_12104,bics_l5_71
comp_12107,bics_l5_71
comp_12109,bics_l5_7
comp_12111,bics_l5_177
comp_12112,bics_l5_177
comp_12117,bics_l5_32
comp_12121,bics_l5_53
comp_12125,bics_l5_53
comp_12126,bics_l5_92
comp_12135,bics_l5_179
comp_12137,bics_l5_160
comp_12142,bics_l5_92
comp_12148,bics_l5_10
comp_12150,bics_l5_53
comp_12157,bics_l5_177
comp_12166,bics_l5_157
comp_12167,bics_l5_71
comp_12175,bics_l5_53
comp_12179,bics_l5_92
comp_12182,bics_l5_37
comp_12187,bics_l5_37
comp_12193,bics_l5_115
comp_12194,bics_l5_168
comp_12195,bics_l5_7
comp_12196,bics_l5_33
comp_12200,bics_l5_177
comp_12201,bics_l5_24
comp_12207,bics_l5_71
comp_12209,bics_l5_92
comp_12210,bics_l5_168
comp_12212,bics_l5_37
comp_12215,bics_l5_37
comp_12216,bics_l5_71
comp_12233,bics_l5_71
comp_12235,bics_l5_7
comp_12237,bics_l5_7
comp_12242,bics_l5_51
comp_12244,bics_l5_168
comp_12247,bics_l5_92
comp_12251,bics_l5_32
comp_12259,bics_l5_71
comp_12264,bics_l5_157
comp_12269,bics_l5_157
comp_12271,bics_l5_168
comp_12277,bics_l5_177
comp_12278,bics_l5_92
comp_12281,bics_l5_105
comp_12282,bics_l5_91
comp_12283,bics_l5_53
comp_12288,bics_l5_177
comp_12295,bics_l5_140
comp_12296,bics_l5_71
comp_12303,bics_l5_105
comp_12309,bics_l5_29
comp_12312,bics_l5_157
comp_12315,bics_l5_7
comp_12316,bics_l5_7
comp_12318,bics_l5_92
comp_12320,bics_l5_177
comp_12326,bics_l5_32
comp_12328,bics_l5_168
comp_12331,bics_l5_92
comp_12334,bics_l5_71
comp_12335,bics_l5_157
comp_12338,bics_l5_157
comp_12339,bics_l5_177
comp_12340,bics_l5_7
comp_12344,bics_l5_180
comp_12346,bics_l5_92
comp_12352,bics_l5_71
comp_12354,bics_l5_168
comp_12355,bics_l5_71
comp_12356,bics_l5_37
comp_12358,bics_l5_168
comp_12359,bics_l5_177
comp_12363,bics_l5_37
comp_12367,bics_l5_71
comp_12368,bics_l5_92
comp_12369,bics_l5_92
comp_12384,bics_l5_168
comp_12386,bics_l5_33
comp_12396,bics_l5_92
comp_12399,bics_l5_51
comp_12400,bics_l5_71
comp_12418,bics_l5_109
comp_12420,bics_l5_29
comp_12423,bics_l5_105
comp_12424,bics_l5_92
comp_12439,bics_l5_7
comp_12446,bics_l5_37
comp_12452,bics_l5_6
comp_12456,bics_l5_53
comp_12458,bics_l5_177
comp_12463,bics_l5_71
comp_12470,bics_l5_7
comp_12471,bics_l5_7
comp_12481,bics_l5_61
comp_12482,bics_l5_7
comp_12493,bics_l5_168
comp_12496,bics_l5_92
comp_12504,bics_l5_10
comp_12506,bics_l5_101
comp_12508,bics_l5_157
comp_12513,bics_l5_29
comp_12522,bics_l5_37
comp_12523,bics_l5_7
comp_12528,bics_l5_7
comp_12539,bics_l5_179
comp_12540,bics_l5_29
comp_12543,bics_l5_177
comp_12548,bics_l5_7
comp_12558,bics_l5_91
comp_12563,bics_l5_180
comp_12564,bics_l5_177
comp_12565,bics_l5_37
comp_12575,bics_l5_7
comp_12577,bics_l5_140
comp_12579,bics_l5_92
comp_12584,bics_l5_71
comp_12588,bics_l5_37
comp_12593,bics_l5_7
comp_12594,bics_l5_7
comp_12596,bics_l5_157
comp_12597,bics_l5_157
comp_12599,bics_l5_7
comp_12603,bics_l5_71
comp_12606,bics_l5_177
comp_12610,bics_l5_140
comp_12612,bics_l5_7
comp_12614,bics_l5_33
comp_12620,bics_l5_157
comp_12621,bics_l5_55
comp_12623,bics_l5_37
comp_12627,bics_l5_22
comp_12636,bics_l5_168
comp_12639,bics_l5_92
comp_12646,bics_l5_33
comp_12648,bics_l5_140
comp_12649,bics_l5_169
comp_12653,bics_l5_168
comp_12659,bics_l5_168
comp_12661,bics_l5_168
comp_12663,bics_l5_7
comp_12665,bics_l5_7
comp_12669,bics_l5_7
comp_12675,bics_l5_157
comp_12676,bics_l5_157
comp_12682,bics_l5_157
comp_12698,bics_l5_144
comp_12706,bics_l5_157
comp_12710,bics_l5_140
comp_12713,bics_l5_71
comp_12714,bics_l5_168
comp_12719,bics_l5_157
comp_12728,bics_l5_7
comp_12729,bics_l5_7
comp_12736,bics_l5_160
comp_12737,bics_l5_168
comp_12741,bics_l5_92
comp_12744,bics_l5_7
comp_12747,bics_l5_157
comp_12750,bics_l5_71
comp_12751,bics_l5_71
comp_12753,bics_l5_177
comp_12773,bics_l5_157
comp_12777,bics_l5_7
comp_12778,bics_l5_157
comp_12781,bics_l5_157
comp_12790,bics_l5_85
comp_12791,bics_l5_92
comp_12794,bics_l5_177
comp_12797,bics_l5_91
comp_12800,bics_l5_177
comp_12801,bics_l5_92
comp_12808,bics_l5_168
comp_12809,bics_l5_104
comp_12815,bics_l5_109
comp_12817,bics_l5_7
comp_12825,bics_l5_7
comp_12843,bics_l5_71
comp_12844,bics_l5_32
comp_12847,bics_l5_105
comp_12850,bics_l5_7
comp_12854,bics_l5_157
comp_12858,bics_l5_7
comp_12859,bics_l5_71
comp_12860,bics_l5_37
comp_12863,bics_l5_32
comp_12876,bics_l5_7
comp_12881,bics_l5_7
comp_12896,bics_l5_51
comp_12902,bics_l5_37
comp_12905,bics_l5_7
comp_12910,bics_l5_177
comp_12916,bics_l5_115
comp_12934,bics_l5_53
comp_12936,bics_l5_157
comp_12938,bics_l5_140
comp_12944,bics_l5_157
comp_12950,bics_l5_7
comp_12951,bics_l5_140
comp_12955,bics_l5_92
comp_12956,bics_l5_177
comp_12959,bics_l5_92
comp_12973,bics_l5_7
comp_12982,bics_l5_71
comp_12986,bics_l5_7
comp_12988,bics_l5_99
comp_12995,bics_l5_187
comp_12998,bics_l5_157
comp_13004,bics_l5_32
comp_13008,bics_l5_7
comp_13011,bics_l5_157
comp_13013,bics_l5_7
comp_13024,bics_l5_140
comp_13032,bics_l5_1
comp_13033,bics_l5_99
comp_13040,bics_l5_157
comp_13045,bics_l5_157
comp_13053,bics_l5_7
comp_13055,bics_l5_168
comp_13059,bics_l5_157
comp_13060,bics_l5_29
comp_13063,bics_l5_7
comp_13065,bics_l5_32
comp_13069,bics_l5_7
comp_13070,bics_l5_7
comp_13073,bics_l5_157
comp_13076,bics_l5_168
comp_13082,bics_l5_157
comp_13086,bics_l5_7
comp_13088,bics_l5_37
comp_13090,bics_l5_79
comp_13092,bics_l5_161
comp_13093,bics_l5_161
comp_13095,bics_l5_157
comp_13097,bics_l5_140
comp_13098,bics_l5_91
comp_13099,bics_l5_7
comp_13102,bics_l5_105
comp_13103,bics_l5_51
comp_13105,bics_l5_157
comp_13106,bics_l5_55
comp_13110,bics_l5_157
comp_13111,bics_l5_92
comp_13118,bics_l5_7
comp_13127,bics_l5_157
comp_13139,bics_l5_91
comp_13143,bics_l5_92
comp_13145,bics_l5_99
comp_13149,bics_l5_157
comp_13151,bics_l5_71
comp_13165,bics_l5_32
comp_13166,bics_l5_140
comp_13171,bics_l5_7
comp_13174,bics_l5_140
comp_13180,bics_l5_101
comp_13188,bics_l5_32
comp_13191,bics_l5_7
comp_13198,bics_l5_33
comp_13202,bics_l5_151
comp_13203,bics_l5_7
comp_13208,bics_l5_160
comp_13216,bics_l5_157
comp_13218,bics_l5_7
comp_13223,bics_l5_157
comp_13227,bics_l5_157
comp_13228,bics_l5_157
comp_13233,bics_l5_109
comp_13238,bics_l5_7
comp_13239,bics_l5_7
comp_13241,bics_l5_71
comp_13245,bics_l5_157
comp_13246,bics_l5_71
comp_13252,bics_l5_71
comp_13255,bics_l5_7
comp_13256,bics_l5_180
comp_13261,bics_l5_140
comp_13270,bics_l5_7
comp_13271,bics_l5_7
comp_13272,bics_l5_7
comp_13273,bics_l5_92
comp_13277,bics_l5_157
comp_13279,bics_l5_61
comp_13281,bics_l5_7
comp_13286,bics_l5_7
comp_13288,bics_l5_140
comp_13289,bics_l5_104
comp_13290,bics_l5_91
comp_13297,bics_l5_157
comp_13298,bics_l5_140
comp_13301,bics_l5_177
comp_13308,bics_l5_7
comp_13310,bics_l5_7
comp_13311,bics_l5_32
comp_13317,bics_l5_7
comp_13323,bics_l5_99
comp_13328,bics_l5_168
comp_13333,bics_l5_157
comp_13335,bics_l5_157
comp_13339,bics_l5_92
comp_13340,bics_l5_109
comp_13341,bics_l5_115
comp_13345,bics_l5_7
comp_13354,bics_l5_32
comp_13358,bics_l5_109
comp_13363,bics_l5_157
comp_13364,bics_l5_51
comp_13369,bics_l5_92
comp_13370,bics_l5_115
comp_13373,bics_l5_157
comp_13374,bics_l5_157
comp_13376,bics_l5_140
comp_13378,bics_l5_157
comp_13379,bics_l5_32
comp_13380,bics_l5_106
comp_13384,bics_l5_157
comp_13393,bics_l5_157
comp_13396,bics_l5_140
comp_13403,bics_l5_7
comp_13408,bics_l5_177
comp_13412,bics_l5_7
comp_13431,bics_l5_53
comp_13432,bics_l5_91
comp_13439,bics_l5_140
comp_13440,bics_l5_7
comp_13450,bics_l5_157
comp_13451,bics_l5_92
comp_13455,bics_l5_7
comp_13466,bics_l5_53
comp_13471,bics_l5_7
comp_13480,bics_l5_32
comp_13481,bics_l5_140
comp_13484,bics_l5_92
comp_13490,bics_l5_157
comp_13499,bics_l5_53
comp_13505,bics_l5_140
comp_13513,bics_l5_7
comp_13523,bics_l5_160
comp_13531,bics_l5_160
comp_13533,bics_l5_51
comp_13536,bics_l5_157
comp_13537,bics_l5_10
comp_13539,bics_l5_168
comp_13541,bics_l5_92
comp_13546,bics_l5_10
comp_13547,bics_l5_71
comp_13549,bics_l5_32
comp_13554,bics_l5_7
comp_13563,bics_l5_157
comp_13565,bics_l5_7
comp_13571,bics_l5_71
comp_13573,bics_l5_140
comp_13575,bics_l5_140
comp_13577,bics_l5_140
comp_13581,bics_l5_157
comp_13587,bics_l5_92
comp_13589,bics_l5_7
comp_13592,bics_l5_140
comp_13597,bics_l5_157
comp_13598,bics_l5_115
comp_13599,bics_l5_7
comp_13602,bics_l5_7
comp_13609,bics_l5_157
comp_13617,bics_l5_92
comp_13618,bics_l5_92
comp_13626,bics_l5_37
comp_13628,bics_l5_168
comp_13632,bics_l5_7
comp_13635,bics_l5_157
comp_13642,bics_l5_160
comp_13643,bics_l5_157
comp_13651,bics_l5_7
comp_13655,bics_l5_71
comp_13662,bics_l5_157
comp_13665,bics_l5_7
comp_13669,bics_l5_168
comp_13670,bics_l5_7
comp_13674,bics_l5_157
comp_13676,bics_l5_140
comp_13679,bics_l5_53
comp_13683,bics_l5_157
comp_13684,bics_l5_157
comp_13685,bics_l5_7
comp_13687,bics_l5_53
comp_13697,bics_l5_71
comp_13698,bics_l5_79
comp_13700,bics_l5_53
comp_13706,bics_l5_157
comp_13732,bics_l5_53
comp_13733,bics_l5_99
comp_13741,bics_l5_37
comp_13746,bics_l5_24
comp_13748,bics_l5_140
comp_13750,bics_l5_157
comp_13751,bics_l5_157
comp_13758,bics_l5_91
comp_13761,bics_l5_140
comp_13765,bics_l5_7
comp_13768,bics_l5_140
comp_13771,bics_l5_92
comp_13774,bics_l5_91
comp_13777,bics_l5_157
comp_13783,bics_l5_140
comp_13789,bics_l5_140
comp_13794,bics_l5_140
comp_13796,bics_l5_7
comp_13797,bics_l5_168
comp_13799,bics_l5_92
comp_13800,bics_l5_7
comp_13801,bics_l5_140
comp_13803,bics_l5_91
comp_13811,bics_l5_7
comp_13813,bics_l5_140
comp_13819,bics_l5_37
comp_13828,bics_l5_33
comp_13829,bics_l5_151
comp_13834,bics_l5_91
comp_13835,bics_l5_51
comp_13836,bics_l5_7
comp_13840,bics_l5_140
comp_13844,bics_l5_10
comp_13845,bics_l5_140
comp_13846,bics_l5_180
comp_13848,bics_l5_157
comp_13852,bics_l5_91
comp_13857,bics_l5_22
comp_13863,bics_l5_157
comp_13869,bics_l5_7
comp_13871,bics_l5_92
comp_13875,bics_l5_7
comp_13876,bics_l5_7
comp_13879,bics_l5_33
comp_13880,bics_l5_71
comp_13882,bics_l5_7
comp_13883,bics_l5_10
comp_13886,bics_l5_190
comp_13893,bics_l5_7
comp_13897,bics_l5_157
comp_13898,bics_l5_91
comp_13900,bics_l5_7
comp_13927,bics_l5_7
comp_13930,bics_l5_140
comp_13931,bics_l5_7
comp_13939,bics_l5_99
comp_13951,bics_l5_92
comp_13952,bics_l5_7
comp_13958,bics_l5_7
comp_13961,bics_l5_10
comp_13962,bics_l5_140
comp_13967,bics_l5_91
comp_13969,bics_l5_10
comp_13973,bics_l5_140
comp_13983,bics_l5_157
comp_13986,bics_l5_140
comp_13991,bics_l5_7
comp_14006,bics_l5_7
comp_14007,bics_l5_7
comp_14008,bics_l5_140
comp_14013,bics_l5_109
comp_14015,bics_l5_91
comp_14035,bics_l5_7
comp_14036,bics_l5_140
comp_14039,bics_l5_157
comp_14041,bics_l5_140
comp_14042,bics_l5_140
comp_14044,bics_l5_157
comp_14047,bics_l5_71
comp_14056,bics_l5_157
comp_14057,bics_l5_140
comp_14061,bics_l5_157
comp_14067,bics_l5_177
comp_14068,bics_l5_37
comp_14076,bics_l5_157
comp_14078,bics_l5_140
comp_14083,bics_l5_7
comp_14089,bics_l5_179
comp_14094,bics_l5_160
comp_14097,bics_l5_91
comp_14104,bics_l5_109
comp_14107,bics_l5_7
comp_14111,bics_l5_7
comp_14112,bics_l5_7
comp_14117,bics_l5_92
comp_14118,bics_l5_92
comp_14124,bics_l5_174
comp_14128,bics_l5_140
comp_14130,bics_l5_157
comp_14131,bics_l5_71
comp_14132,bics_l5_92
comp_14135,bics_l5_53
comp_14138,bics_l5_140
comp_14139,bics_l5_157
comp_14143,bics_l5_99
comp_14148,bics_l5_7
comp_14149,bics_l5_157
comp_14154,bics_l5_140
comp_14157,bics_l5_7
comp_14158,bics_l5_7
comp_14171,bics_l5_140
comp_14174,bics_l5_53
comp_14176,bics_l5_31
comp_14178,bics_l5_7
comp_14179,bics_l5_7
comp_14184,bics_l5_7
comp_14185,bics_l5_92
comp_14190,bics_l5_140
comp_14191,bics_l5_7
comp_14196,bics_l5_7
comp_14197,bics_l5_37
comp_14198,bics_l5_7
comp_14201,bics_l5_92
comp_14202,bics_l5_7
comp_14205,bics_l5_37
comp_14216,bics_l5_32
comp_14220,bics_l5_140
comp_14222,bics_l5_140
comp_14234,bics_l5_157
comp_14239,bics_l5_7
comp_14243,bics_l5_7
comp_14244,bics_l5_157
comp_14245,bics_l5_157
comp_14247,bics_l5_140
comp_14253,bics_l5_151
comp_14258,bics_l5_7
comp_14259,bics_l5_140
comp_14265,bics_l5_37
comp_14267,bics_l5_140
comp_14269,bics_l5_140
comp_14272,bics_l5_157
comp_14276,bics_l5_7
comp_14278,bics_l5_140
comp_14279,bics_l5_157
comp_14287,bics_l5_33
comp_14288,bics_l5_160
comp_14289,bics_l5_53
comp_14299,bics_l5_157
comp_14306,bics_l5_140
comp_14311,bics_l5_7
comp_14312,bics_l5_37
comp_14314,bics_l5_140
comp_14316,bics_l5_140
comp_14318,bics_l5_7
comp_14319,bics_l5_7
comp_14326,bics_l5_157
comp_14327,bics_l5_53
comp_14328,bics_l5_7
comp_14337,bics_l5_157
comp_14342,bics_l5_32
comp_14343,bics_l5_140
comp_14348,bics_l5_159
comp_14357,bics_l5_109
comp_14366,bics_l5_140
comp_14368,bics_l5_92
comp_14372,bics_l5_91
comp_14373,bics_l5_7
comp_14377,bics_l5_108
comp_14381,bics_l5_109
comp_14384,bics_l5_177
comp_14395,bics_l5_140
comp_14401,bics_l5_140
comp_14414,bics_l5_140
comp_14418,bics_l5_157
comp_14420,bics_l5_92
comp_14423,bics_l5_157
comp_14430,bics_l5_92
comp_14434,bics_l5_33
comp_14435,bics_l5_140
comp_14442,bics_l5_53
comp_14445,bics_l5_140
comp_14448,bics_l5_37
comp_14449,bics_l5_92
comp_14450,bics_l5_71
comp_14451,bics_l5_140
comp_14454,bics_l5_157
comp_14459,bics_l5_32
comp_14461,bics_l5_180
comp_14468,bics_l5_190
comp_14474,bics_l5_92
comp_14476,bics_l5_7
comp_14479,bics_l5_7
comp_14480,bics_l5_140
comp_14481,bics_l5_140
comp_14483,bics_l5_7
comp_14486,bics_l5_160
comp_14487,bics_l5_7
comp_14489,bics_l5_140
comp_14494,bics_l5_157
comp_14499,bics_l5_7
comp_14502,bics_l5_7
comp_14503,bics_l5_157
comp_14504,bics_l5_177
comp_14506,bics_l5_37
comp_14508,bics_l5_24
comp_14515,bics_l5_71
comp_14516,bics_l5_7
comp_14525,bics_l5_51
comp_14531,bics_l5_71
comp_14532,bics_l5_7
comp_14533,bics_l5_92
comp_14545,bics_l5_140
comp_14551,bics_l5_53
comp_14553,bics_l5_140
comp_14555,bics_l5_7
comp_14558,bics_l5_37
comp_14560,bics_l5_7
comp_14561,bics_l5_7
comp_14564,bics_l5_7
comp_14571,bics_l5_79
comp_14572,bics_l5_168
comp_14575,bics_l5_7
comp_14577,bics_l5_160
comp_14583,bics_l5_140
comp_14586,bics_l5_157
comp_14589,bics_l5_140
comp_14595,bics_l5_53
comp_14612,bics_l5_53
comp_14614,bics_l5_7
comp_14615,bics_l5_7
comp_14618,bics_l5_140
comp_14620,bics_l5_160
comp_14621,bics_l5_157
comp_14633,bics_l5_7
comp_14642,bics_l5_157
comp_14649,bics_l5_7
comp_14661,bics_l5_140
comp_14662,bics_l5_92
comp_14671,bics_l5_32
comp_14680,bics_l5_140
comp_14689,bics_l5_53
comp_14703,bics_l5_157
comp_14704,bics_l5_140
comp_14713,bics_l5_91
comp_14722,bics_l5_157
comp_14724,bics_l5_7
comp_14727,bics_l5_24
comp_14729,bics_l5_140
comp_14730,bics_l5_157
comp_14739,bics_l5_180
comp_14740,bics_l5_157
comp_14742,bics_l5_157
comp_14743,bics_l5_7
comp_14744,bics_l5_157
comp_14762,bics_l5_7
comp_14770,bics_l5_53
comp_14774,bics_l5_177
comp_14784,bics_l5_140
comp_14788,bics_l5_157
comp_14789,bics_l5_109
comp_14790,bics_l5_140
comp_14796,bics_l5_7
comp_14810,bics_l5_157
comp_14811,bics_l5_157
comp_14819,bics_l5_140
comp_14823,bics_l5_33
comp_14827,bics_l5_157
comp_14828,bics_l5_7
comp_14833,bics_l5_53
comp_14840,bics_l5_71
comp_14841,bics_l5_140
comp_14846,bics_l5_53
comp_14860,bics_l5_82
comp_14864,bics_l5_37
comp_14870,bics_l5_51
comp_14872,bics_l5_140
comp_14876,bics_l5_157
comp_14877,bics_l5_140
comp_14882,bics_l5_140
comp_14883,bics_l5_7
comp_14888,bics_l5_91
comp_14890,bics_l5_29
comp_14893,bics_l5_140
comp_14901,bics_l5_157
comp_14903,bics_l5_157
comp_14904,bics_l5_140
comp_14906,bics_l5_92
comp_14909,bics_l5_104
comp_14911,bics_l5_140
comp_14914,bics_l5_7
comp_14917,bics_l5_37
comp_14924,bics_l5_157
comp_14926,bics_l5_53
comp_14927,bics_l5_53
comp_14932,bics_l5_157
comp_14934,bics_l5_7
comp_14937,bics_l5_157
comp_14939,bics_l5_157
comp_14941,bics_l5_92
comp_14942,bics_l5_106
comp_14946,bics_l5_91
comp_14960,bics_l5_140
comp_14962,bics_l5_157
comp_14963,bics_l5_92
comp_14966,bics_l5_79
comp_14973,bics_l5_53
comp_14976,bics_l5_7
comp_14982,bics_l5_7
comp_14992,bics_l5_140
comp_14995,bics_l5_140
comp_14997,bics_l5_53
comp_15003,bics_l5_7
comp_15009,bics_l5_91
comp_15022,bics_l5_140
comp_15026,bics_l5_92
comp_15028,bics_l5_71
comp_15029,bics_l5_53
comp_15038,bics_l5_7
comp_15044,bics_l5_7
comp_15047,bics_l5_92
comp_15048,bics_l5_33
comp_15052,bics_l5_157
comp_15062,bics_l5_7
comp_15063,bics_l5_7
comp_15071,bics_l5_157
comp_15072,bics_l5_90
comp_15078,bics_l5_53
comp_15079,bics_l5_140
comp_15080,bics_l5_7
comp_15083,bics_l5_10
comp_15089,bics_l5_157
comp_15090,bics_l5_157
comp_15092,bics_l5_92
comp_15095,bics_l5_157
comp_15100,bics_l5_92
comp_15104,bics_l5_157
comp_15108,bics_l5_71
comp_15109,bics_l5_157
comp_15111,bics_l5_140
comp_15113,bics_l5_7
comp_15119,bics_l5_104
comp_15120,bics_l5_140
comp_15130,bics_l5_53
comp_15135,bics_l5_140
comp_15147,bics_l5_7
comp_15154,bics_l5_53
comp_15156,bics_l5_140
comp_15161,bics_l5_7
comp_15170,bics_l5_92
comp_15174,bics_l5_140
comp_15191,bics_l5_140
comp_15198,bics_l5_140
comp_15199,bics_l5_92
comp_15200,bics_l5_33
comp_15201,bics_l5_157
comp_15202,bics_l5_91
comp_15204,bics_l5_157
comp_15208,bics_l5_7
comp_15211,bics_l5_7
comp_15213,bics_l5_140
comp_15214,bics_l5_7
comp_15216,bics_l5_140
comp_15220,bics_l5_140
comp_15221,bics_l5_7
comp_15224,bics_l5_160
comp_15225,bics_l5_140
comp_15227,bics_l5_7
comp_15233,bics_l5_157
comp_15237,bics_l5_33
comp_15238,bics_l5_53
comp_15243,bics_l5_157
comp_15247,bics_l5_7
comp_15248,bics_l5_157
comp_15256,bics_l5_157
comp_15258,bics_l5_179
comp_15260,bics_l5_140
comp_15261,bics_l5_90
comp_15263,bics_l5_140
comp_15264,bics_l5_92
comp_15265,bics_l5_79
comp_15272,bics_l5_53
comp_15282,bics_l5_32
comp_15284,bics_l5_53
comp_15289,bics_l5_7
comp_15292,bics_l5_157
comp_15301,bics_l5_7
comp_15303,bics_l5_10
comp_15305,bics_l5_157
comp_15313,bics_l5_157
comp_15321,bics_l5_157
comp_15332,bics_l5_157
comp_15333,bics_l5_168
comp_15336,bics_l5_7
comp_15339,bics_l5_7
comp_15345,bics_l5_157
comp_15347,bics_l5_37
comp_15350,bics_l5_53
comp_15351,bics_l5_140
comp_15364,bics_l5_157
comp_15367,bics_l5_140
comp_15369,bics_l5_140
comp_15370,bics_l5_157
comp_15372,bics_l5_140
comp_15374,bics_l5_157
comp_15375,bics_l5_37
comp_15379,bics_l5_157
comp_15383,bics_l5_157
comp_15395,bics_l5_10
comp_15401,bics_l5_140
comp_15407,bics_l5_7
comp_15413,bics_l5_168
comp_15416,bics_l5_140
comp_15417,bics_l5_37
comp_15421,bics_l5_53
comp_15426,bics_l5_157
comp_15427,bics_l5_53
comp_15434,bics_l5_7
comp_15435,bics_l5_157
comp_15436,bics_l5_140
comp_15447,bics_l5_140
comp_15450,bics_l5_104
comp_15454,bics_l5_157
comp_15455,bics_l5_140
comp_15456,bics_l5_92
comp_15457,bics_l5_7
comp_15463,bics_l5_140
comp_15464,bics_l5_140
comp_15471,bics_l5_157
comp_15474,bics_l5_7
comp_15477,bics_l5_140
comp_15478,bics_l5_37
comp_15480,bics_l5_33
comp_15482,bics_l5_140
comp_15485,bics_l5_37
comp_15488,bics_l5_157
comp_15489,bics_l5_7
comp_15491,bics_l5_53
comp_15501,bics_l5_7
comp_15505,bics_l5_157
comp_15507,bics_l5_37
comp_15508,bics_l5_140
comp_15518,bics_l5_92
comp_15519,bics_l5_7
comp_15521,bics_l5_140
comp_15523,bics_l5_157
comp_15525,bics_l5_53
comp_15541,bics_l5_140
comp_15546,bics_l5_7
comp_15547,bics_l5_10
comp_15548,bics_l5_140
comp_15550,bics_l5_140
comp_15556,bics_l5_140
comp_15559,bics_l5_37
comp_15571,bics_l5_157
comp_15576,bics_l5_92
comp_15578,bics_l5_160
comp_15585,bics_l5_157
comp_15593,bics_l5_140
comp_15597,bics_l5_157
comp_15600,bics_l5_71
comp_15601,bics_l5_140
comp_15606,bics_l5_7
comp_15618,bics_l5_61
comp_15621,bics_l5_140
comp_15627,bics_l5_157
comp_15628,bics_l5_7
comp_15637,bics_l5_91
comp_15638,bics_l5_157
comp_15641,bics_l5_157
comp_15642,bics_l5_92
comp_15650,bics_l5_140
comp_15655,bics_l5_37
comp_15658,bics_l5_157
comp_15665,bics_l5_7
comp_15667,bics_l5_31
comp_15668,bics_l5_7
comp_15672,bics_l5_7
comp_15673,bics_l5_92
comp_15674,bics_l5_92
comp_15675,bics_l5_37
comp_15678,bics_l5_140
comp_15680,bics_l5_7
comp_15691,bics_l5_140
comp_15692,bics_l5_32
comp_15694,bics_l5_32
comp_15695,bics_l5_92
comp_15700,bics_l5_33
comp_15712,bics_l5_92
comp_15717,bics_l5_140
comp_15719,bics_l5_140
comp_15725,bics_l5_92
comp_15726,bics_l5_7
comp_15730,bics_l5_7
comp_15738,bics_l5_7
comp_15741,bics_l5_160
comp_15742,bics_l5_140
comp_15743,bics_l5_157
comp_15746,bics_l5_140
comp_15747,bics_l5_7
comp_15760,bics_l5_32
comp_15761,bics_l5_37
comp_15763,bics_l5_33
comp_15770,bics_l5_92
comp_15771,bics_l5_140
comp_15779,bics_l5_177
comp_15783,bics_l5_140
comp_15787,bics_l5_33
comp_15790,bics_l5_7
comp_15796,bics_l5_53
comp_15800,bics_l5_37
comp_15803,bics_l5_92
comp_15804,bics_l5_140
comp_15808,bics_l5_140
comp_15812,bics_l5_140
comp_15816,bics_l5_168
comp_15817,bics_l5_33
comp_15820,bics_l5_7
comp_15821,bics_l5_140
comp_15824,bics_l5_92
comp_15830,bics_l5_53
comp_15831,bics_l5_157
comp_15838,bics_l5_53
comp_15841,bics_l5_32
comp_15842,bics_l5_53
comp_15850,bics_l5_7
comp_15852,bics_l5_157
comp_15854,bics_l5_108
comp_15857,bics_l5_168
comp_15859,bics_l5_33
comp_15865,bics_l5_140
comp_15866,bics_l5_53
comp_15878,bics_l5_7
comp_15888,bics_l5_140
comp_15890,bics_l5_157
comp_15895,bics_l5_140
comp_15906,bics_l5_140
comp_15908,bics_l5_177
comp_15916,bics_l5_140
comp_15921,bics_l5_37
comp_15922,bics_l5_7
comp_15933,bics_l5_7
comp_15938,bics_l5_151
comp_15939,bics_l5_140
comp_15942,bics_l5_140
comp_15945,bics_l5_10
comp_15950,bics_l5_140
comp_15951,bics_l5_37
comp_15962,bics_l5_140
comp_15978,bics_l5_10
comp_15980,bics_l5_140
comp_15984,bics_l5_157
comp_15990,bics_l5_92
comp_15994,bics_l5_140
comp_16000,bics_l5_157
comp_16001,bics_l5_92
comp_16004,bics_l5_140
comp_16007,bics_l5_157
comp_16010,bics_l5_7
comp_16014,bics_l5_140
comp_16015,bics_l5_7
comp_16017,bics_l5_37
comp_16020,bics_l5_157
comp_16031,bics_l5_92
comp_16039,bics_l5_32
comp_16046,bics_l5_32
comp_16051,bics_l5_140
comp_16053,bics_l5_140
comp_16057,bics_l5_157
comp_16064,bics_l5_140
comp_16066,bics_l5_140
comp_16081,bics_l5_140
comp_16089,bics_l5_140
comp_16096,bics_l5_31
comp_16106,bics_l5_7
comp_16116,bics_l5_140
comp_16120,bics_l5_140
comp_16124,bics_l5_140
comp_16125,bics_l5_7
comp_16136,bics_l5_140
comp_16137,bics_l5_32
comp_16140,bics_l5_92
comp_16149,bics_l5_140
comp_16150,bics_l5_7
comp_16151,bics_l5_157
comp_16154,bics_l5_157
comp_16157,bics_l5_92
comp_16160,bics_l5_7
comp_16197,bics_l5_140
comp_16205,bics_l5_37
comp_16209,bics_l5_157
comp_16214,bics_l5_157
comp_16215,bics_l5_140
comp_16219,bics_l5_7
comp_16231,bics_l5_7
comp_16233,bics_l5_157
comp_16234,bics_l5_140
comp_16240,bics_l5_7
comp_16243,bics_l5_140
comp_16249,bics_l5_157
comp_16255,bics_l5_157
comp_16256,bics_l5_91
comp_16257,bics_l5_92
comp_16262,bics_l5_53
comp_16266,bics_l5_140
comp_16270,bics_l5_109
comp_16276,bics_l5_7
comp_16280,bics_l5_92
comp_16284,bics_l5_53
comp_16294,bics_l5_157
comp_16306,bics_l5_33
comp_16311,bics_l5_140
comp_16312,bics_l5_140
comp_16313,bics_l5_71
comp_16321,bics_l5_140
comp_16324,bics_l5_157
comp_16333,bics_l5_157
comp_16335,bics_l5_140
comp_16338,bics_l5_91
comp_16342,bics_l5_140
comp_16343,bics_l5_140
comp_16344,bics_l5_140
comp_16345,bics_l5_140
comp_16346,bics_l5_140
comp_16364,bics_l5_71
comp_16367,bics_l5_92
comp_16370,bics_l5_157
comp_16376,bics_l5_53
comp_16377,bics_l5_37
comp_16380,bics_l5_140
comp_16383,bics_l5_7
comp_16384,bics_l5_37
comp_16385,bics_l5_7
comp_16387,bics_l5_92
comp_16390,bics_l5_10
comp_16394,bics_l5_7
comp_16403,bics_l5_29
comp_16406,bics_l5_140
comp_16408,bics_l5_157
comp_16417,bics_l5_140
comp_16427,bics_l5_157
comp_16440,bics_l5_157
comp_16443,bics_l5_140
comp_16448,bics_l5_157
comp_16451,bics_l5_140
comp_16453,bics_l5_7
comp_16456,bics_l5_33
comp_16462,bics_l5_140
comp_16465,bics_l5_140
comp_16472,bics_l5_7
comp_16473,bics_l5_71
comp_16477,bics_l5_92
comp_16492,bics_l5_53
comp_16502,bics_l5_140
comp_16504,bics_l5_32
comp_16511,bics_l5_140
comp_16517,bics_l5_140
comp_16518,bics_l5_51
comp_16528,bics_l5_51
comp_16529,bics_l5_177
comp_16538,bics_l5_140
comp_16544,bics_l5_53
comp_16547,bics_l5_71
comp_16550,bics_l5_157
comp_16553,bics_l5_71
comp_16554,bics_l5_92
comp_16556,bics_l5_140
comp_16571,bics_l5_140
comp_16572,bics_l5_140
comp_16581,bics_l5_157
comp_16583,bics_l5_140
comp_16584,bics_l5_33
comp_16588,bics_l5_24
comp_16593,bics_l5_53
comp_16598,bics_l5_32
comp_16601,bics_l5_157
comp_16605,bics_l5_51
comp_16611,bics_l5_140
comp_16622,bics_l5_140
comp_16630,bics_l5_140
comp_16635,bics_l5_24
comp_16644,bics_l5_140
comp_16646,bics_l5_168
comp_16648,bics_l5_10
comp_16653,bics_l5_157
comp_16656,bics_l5_151
comp_16659,bics_l5_177
comp_16660,bics_l5_37
comp_16662,bics_l5_32
comp_16668,bics_l5_140
comp_16669,bics_l5_140
comp_16680,bics_l5_37
comp_16684,bics_l5_140
comp_16697,bics_l5_140
comp_16698,bics_l5_140
comp_16700,bics_l5_91
comp_16708,bics_l5_140
comp_16716,bics_l5_140
comp_16718,bics_l5_140
comp_16730,bics_l5_92
comp_16734,bics_l5_140
comp_16735,bics_l5_140
comp_16746,bics_l5_92
comp_16751,bics_l5_140
comp_16755,bics_l5_157
comp_16757,bics_l5_108
comp_16762,bics_l5_37
comp_16763,bics_l5_140
comp_16764,bics_l5_7
comp_16773,bics_l5_140
comp_16775,bics_l5_140
comp_16781,bics_l5_151
comp_16783,bics_l5_168
comp_16791,bics_l5_140
comp_16793,bics_l5_140
comp_16799,bics_l5_140
comp_16800,bics_l5_71
comp_16804,bics_l5_157
comp_16808,bics_l5_140
comp_16809,bics_l5_37
comp_16816,bics_l5_7
comp_16820,bics_l5_53
comp_16827,bics_l5_140
comp_16837,bics_l5_94
comp_16841,bics_l5_157
comp_16845,bics_l5_140
comp_16846,bics_l5_140
comp_16847,bics_l5_71
comp_16863,bics_l5_140
comp_16867,bics_l5_92
comp_16874,bics_l5_140
comp_16881,bics_l5_53
comp_16899,bics_l5_140
comp_16901,bics_l5_32
comp_16903,bics_l5_79
comp_16904,bics_l5_92
comp_16920,bics_l5_53
comp_16927,bics_l5_116
comp_16932,bics_l5_168
comp_16934,bics_l5_157
comp_16937,bics_l5_7
comp_16938,bics_l5_140
comp_16939,bics_l5_109
comp_16941,bics_l5_140
comp_16945,bics_l5_157
comp_16950,bics_l5_140
comp_16956,bics_l5_53
comp_16957,bics_l5_10
comp_16959,bics_l5_101
comp_16969,bics_l5_170
comp_16971,bics_l5_140
comp_16980,bics_l5_157
comp_16984,bics_l5_140
comp_16986,bics_l5_92
comp_16988,bics_l5_140
comp_16989,bics_l5_140
comp_16994,bics_l5_31
comp_17007,bics_l5_140
comp_17020,bics_l5_37
comp_17023,bics_l5_140
comp_17029,bics_l5_10
comp_17031,bics_l5_168
comp_17036,bics_l5_140
comp_17041,bics_l5_177
comp_17053,bics_l5_53
comp_17057,bics_l5_32
comp_17061,bics_l5_168
comp_17068,bics_l5_140
comp_17072,bics_l5_140
comp_17079,bics_l5_140
comp_17080,bics_l5_140
comp_17082,bics_l5_179
comp_17087,bics_l5_71
comp_17090,bics_l5_71
comp_17091,bics_l5_92
comp_17094,bics_l5_37
comp_17108,bics_l5_51
