:START_ID,:END_ID,role:string
project_1,commodity_31,Primary
project_1,commodity_12,Primary
project_2,commodity_89,Primary
project_2,commodity_31,Primary
project_3,commodity_12,Primary
project_3,commodity_2,Primary
project_4,commodity_128,Primary
project_5,commodity_24,Primary
project_6,commodity_19,Primary
project_7,commodity_19,Primary
project_8,commodity_19,Primary
project_9,commodity_19,Primary
project_10,commodity_45,Primary
project_11,commodity_45,Primary
project_12,commodity_45,Primary
project_13,commodity_45,Primary
project_14,commodity_45,Primary
project_15,commodity_45,Primary
project_16,commodity_19,Primary
project_17,commodity_19,Primary
project_18,commodity_12,Primary
project_18,commodity_31,Primary
project_19,commodity_154,Primary
project_19,commodity_105,Primary
project_19,commodity_2,Primary
project_20,commodity_143,Primary
project_20,commodity_144,Secondary
project_21,commodity_42,Primary
project_21,commodity_45,Primary
project_22,commodity_31,Primary
project_22,commodity_22,Primary
project_22,commodity_2,Secondary
project_23,commodity_12,Primary
project_23,commodity_31,Primary
project_24,commodity_12,Primary
project_25,commodity_143,Primary
project_26,commodity_12,Primary
project_27,commodity_42,Primary
project_28,commodity_31,Primary
project_28,commodity_154,Primary
project_28,commodity_105,Secondary
project_28,commodity_2,Secondary
project_28,commodity_12,Secondary
project_29,commodity_12,Primary
project_30,commodity_97,Primary
project_30,commodity_31,Primary
project_30,commodity_104,Primary
project_30,commodity_106,Primary
project_30,commodity_110,Primary
project_30,commodity_22,Primary
project_30,commodity_67,Primary
project_31,commodity_31,Primary
project_31,commodity_2,Primary
project_31,commodity_12,Primary
project_32,commodity_2,Primary
project_32,commodity_31,Primary
project_32,commodity_12,Primary
project_33,commodity_154,Primary
project_33,commodity_12,Primary
project_33,commodity_105,Primary
project_33,commodity_31,Primary
project_33,commodity_2,Secondary
project_34,commodity_31,Primary
project_35,commodity_12,Primary
project_36,commodity_12,Primary
project_37,commodity_143,Primary
project_37,commodity_144,Primary
project_38,commodity_19,Primary
project_39,commodity_19,Primary
project_40,commodity_19,Primary
project_41,commodity_19,Primary
project_42,commodity_107,Primary
project_42,commodity_103,Secondary
project_43,commodity_107,Primary
project_43,commodity_103,Secondary
project_44,commodity_31,Primary
project_45,commodity_31,Primary
project_46,commodity_31,Primary
project_47,commodity_12,Primary
project_47,commodity_31,Primary
project_48,commodity_12,Primary
project_49,commodity_12,Primary
project_50,commodity_12,Primary
project_51,commodity_45,Primary
project_51,commodity_42,Primary
project_51,commodity_140,Primary
project_51,commodity_145,Primary
project_51,commodity_79,Primary
project_51,commodity_139,Secondary
project_51,commodity_146,Secondary
project_52,commodity_45,Primary
project_52,commodity_42,Secondary
project_53,commodity_12,Primary
project_54,commodity_86,Primary
project_54,commodity_85,Secondary
project_55,commodity_31,Primary
project_56,commodity_12,Primary
project_57,commodity_12,Primary
project_58,commodity_97,Primary
project_59,commodity_12,Primary
project_60,commodity_12,Primary
project_61,commodity_128,Primary
project_62,commodity_19,Primary
project_63,commodity_19,Primary
project_64,commodity_12,Primary
project_65,commodity_12,Primary
project_66,commodity_12,Primary
project_67,commodity_19,Primary
project_68,commodity_42,Primary
project_69,commodity_12,Primary
project_70,commodity_33,Primary
project_70,commodity_35,Primary
project_70,commodity_34,Primary
project_71,commodity_31,Primary
project_71,commodity_154,Primary
project_72,commodity_19,Primary
project_73,commodity_115,Primary
project_74,commodity_12,Primary
project_74,commodity_2,Secondary
project_75,commodity_12,Primary
project_76,commodity_2,Primary
project_76,commodity_12,Primary
project_77,commodity_20,Primary
project_78,commodity_12,Primary
project_79,commodity_157,Primary
project_79,commodity_65,Secondary
project_79,commodity_119,Secondary
project_79,commodity_74,Secondary
project_80,commodity_19,Primary
project_81,commodity_97,Primary
project_81,commodity_22,Primary
project_82,commodity_12,Primary
project_83,commodity_157,Primary
project_83,commodity_119,Primary
project_83,commodity_65,Primary
project_83,commodity_74,Secondary
project_84,commodity_129,Primary
project_84,commodity_148,Primary
project_84,commodity_128,Primary
project_85,commodity_42,Primary
project_85,commodity_45,Secondary
project_86,commodity_85,Primary
project_87,commodity_12,Primary
project_88,commodity_19,Primary
project_89,commodity_12,Primary
project_90,commodity_122,Primary
project_90,commodity_12,Primary
project_91,commodity_19,Primary
project_92,commodity_12,Primary
project_93,commodity_12,Primary
project_94,commodity_12,Primary
project_95,commodity_12,Primary
project_96,commodity_65,Primary
project_96,commodity_56,Primary
project_96,commodity_157,Primary
project_97,commodity_65,Primary
project_97,commodity_74,Primary
project_97,commodity_157,Primary
project_98,commodity_31,Primary
project_99,commodity_19,Primary
project_100,commodity_31,Primary
project_100,commodity_12,Primary
project_101,commodity_42,Primary
project_103,commodity_12,Primary
project_104,commodity_12,Primary
project_105,commodity_12,Primary
project_106,commodity_12,Primary
project_107,commodity_128,Primary
project_107,commodity_133,Primary
project_107,commodity_129,Primary
project_107,commodity_132,Primary
project_108,commodity_12,Primary
project_109,commodity_12,Primary
project_109,commodity_2,Secondary
project_110,commodity_12,Primary
project_111,commodity_12,Primary
project_112,commodity_12,Primary
project_113,commodity_149,Primary
project_113,commodity_128,Primary
project_113,commodity_148,Primary
project_114,commodity_104,Primary
project_114,commodity_31,Primary
project_114,commodity_97,Primary
project_114,commodity_12,Primary
project_114,commodity_106,Primary
project_114,commodity_110,Primary
project_114,commodity_118,Primary
project_114,commodity_28,Secondary
project_115,commodity_143,Primary
project_115,commodity_144,Secondary
project_116,commodity_12,Primary
project_117,commodity_12,Primary
project_118,commodity_31,Primary
project_118,commodity_2,Primary
project_118,commodity_12,Primary
project_119,commodity_12,Primary
project_119,commodity_2,Secondary
project_120,commodity_154,Primary
project_120,commodity_105,Primary
project_120,commodity_2,Primary
project_121,commodity_105,Primary
project_121,commodity_12,Primary
project_121,commodity_2,Primary
project_122,commodity_22,Primary
project_122,commodity_97,Primary
project_123,commodity_12,Primary
project_124,commodity_31,Primary
project_124,commodity_2,Primary
project_124,commodity_12,Primary
project_125,commodity_12,Primary
project_126,commodity_128,Primary
project_127,commodity_31,Primary
project_128,commodity_12,Primary
project_129,commodity_31,Primary
project_130,commodity_31,Primary
project_130,commodity_12,Primary
project_130,commodity_105,Primary
project_130,commodity_2,Primary
project_130,commodity_154,Primary
project_131,commodity_154,Primary
project_131,commodity_105,Primary
project_131,commodity_2,Secondary
project_131,commodity_12,Secondary
project_132,commodity_19,Primary
project_133,commodity_31,Primary
project_134,commodity_31,Primary
project_135,commodity_12,Primary
project_135,commodity_31,Primary
project_135,commodity_2,Primary
project_136,commodity_31,Primary
project_137,commodity_31,Primary
project_137,commodity_12,Primary
project_137,commodity_22,Secondary
project_138,commodity_31,Primary
project_138,commodity_12,Primary
project_138,commodity_2,Primary
project_139,commodity_105,Primary
project_139,commodity_2,Primary
project_140,commodity_105,Primary
project_140,commodity_12,Primary
project_140,commodity_2,Primary
project_141,commodity_157,Primary
project_141,commodity_65,Primary
project_141,commodity_119,Primary
project_141,commodity_139,Primary
project_141,commodity_57,Primary
project_141,commodity_74,Secondary
project_141,commodity_150,Secondary
project_141,commodity_87,Secondary
project_142,commodity_72,Primary
project_143,commodity_12,Primary
project_144,commodity_12,Primary
project_145,commodity_12,Primary
project_146,commodity_12,Primary
project_147,commodity_19,Primary
project_148,commodity_19,Primary
project_149,commodity_20,Primary
project_150,commodity_19,Primary
project_151,commodity_12,Primary
project_152,commodity_42,Primary
project_153,commodity_85,Primary
project_153,commodity_86,Secondary
project_154,commodity_31,Primary
project_154,commodity_154,Primary
project_154,commodity_12,Secondary
project_154,commodity_2,Secondary
project_155,commodity_12,Primary
project_156,commodity_12,Primary
project_156,commodity_2,Secondary
project_157,commodity_12,Primary
project_157,commodity_143,Secondary
project_158,commodity_12,Primary
project_159,commodity_45,Primary
project_159,commodity_42,Secondary
project_160,commodity_12,Primary
project_161,commodity_19,Primary
project_162,commodity_19,Primary
project_163,commodity_49,Primary
project_163,commodity_41,Primary
project_164,commodity_19,Primary
project_165,commodity_12,Primary
project_166,commodity_12,Primary
project_167,commodity_12,Primary
project_168,commodity_12,Primary
project_169,commodity_129,Primary
project_169,commodity_128,Primary
project_170,commodity_12,Primary
project_171,commodity_12,Primary
project_172,commodity_97,Primary
project_172,commodity_22,Primary
project_173,commodity_12,Primary
project_174,commodity_12,Primary
project_175,commodity_12,Primary
project_176,commodity_12,Primary
project_176,commodity_2,Secondary
project_176,commodity_31,Secondary
project_176,commodity_154,Secondary
project_177,commodity_12,Primary
project_178,commodity_12,Primary
project_179,commodity_20,Primary
project_180,commodity_12,Primary
project_181,commodity_12,Primary
project_182,commodity_12,Primary
project_183,commodity_12,Primary
project_184,commodity_12,Primary
project_185,commodity_12,Primary
project_186,commodity_12,Primary
project_187,commodity_12,Primary
project_188,commodity_157,Primary
project_188,commodity_65,Primary
project_188,commodity_119,Secondary
project_188,commodity_74,Secondary
project_189,commodity_65,Primary
project_189,commodity_157,Primary
project_189,commodity_74,Primary
project_189,commodity_119,Primary
project_190,commodity_65,Primary
project_190,commodity_157,Primary
project_190,commodity_74,Primary
project_190,commodity_119,Primary
project_191,commodity_65,Primary
project_191,commodity_157,Primary
project_191,commodity_74,Primary
project_191,commodity_119,Primary
project_192,commodity_31,Primary
project_192,commodity_97,Primary
project_193,commodity_31,Primary
project_193,commodity_12,Primary
project_193,commodity_2,Primary
project_194,commodity_19,Primary
project_195,commodity_42,Primary
project_196,commodity_12,Primary
project_197,commodity_12,Primary
project_198,commodity_12,Primary
project_199,commodity_12,Primary
project_200,commodity_45,Primary
project_200,commodity_42,Secondary
project_201,commodity_19,Primary
project_202,commodity_31,Primary
project_203,commodity_12,Primary
project_204,commodity_12,Primary
project_205,commodity_12,Primary
project_206,commodity_31,Primary
project_206,commodity_12,Primary
project_207,commodity_31,Primary
project_207,commodity_2,Primary
project_207,commodity_154,Primary
project_207,commodity_12,Primary
project_207,commodity_105,Primary
project_208,commodity_12,Primary
project_208,commodity_31,Primary
project_208,commodity_154,Primary
project_208,commodity_2,Secondary
project_208,commodity_15,Secondary
project_209,commodity_12,Primary
project_209,commodity_31,Primary
project_209,commodity_2,Primary
project_209,commodity_105,Primary
project_210,commodity_12,Primary
project_211,commodity_65,Primary
project_211,commodity_157,Primary
project_211,commodity_74,Primary
project_211,commodity_87,Primary
project_212,commodity_12,Primary
project_212,commodity_2,Primary
project_213,commodity_31,Primary
project_213,commodity_89,Primary
project_214,commodity_128,Primary
project_215,commodity_12,Primary
project_216,commodity_45,Primary
project_216,commodity_42,Primary
project_217,commodity_2,Primary
project_217,commodity_154,Primary
project_217,commodity_105,Primary
project_217,commodity_12,Secondary
project_217,commodity_16,Secondary
project_217,commodity_10,Secondary
project_218,commodity_81,Primary
project_218,commodity_9,Primary
project_218,commodity_82,Primary
project_218,commodity_83,Primary
project_219,commodity_19,Primary
project_220,commodity_19,Primary
project_221,commodity_19,Primary
project_222,commodity_93,Primary
project_222,commodity_72,Primary
project_222,commodity_133,Primary
project_222,commodity_76,Primary
project_222,commodity_94,Primary
project_222,commodity_128,Secondary
project_222,commodity_75,Secondary
project_222,commodity_132,Secondary
project_223,commodity_12,Primary
project_224,commodity_31,Primary
project_225,commodity_31,Primary
project_226,commodity_31,Primary
project_227,commodity_31,Primary
project_228,commodity_31,Primary
project_229,commodity_31,Primary
project_229,commodity_12,Primary
project_230,commodity_143,Primary
project_230,commodity_12,Primary
project_230,commodity_144,Primary
project_231,commodity_12,Primary
project_232,commodity_12,Primary
project_233,commodity_12,Primary
project_234,commodity_12,Primary
project_235,commodity_31,Primary
project_236,commodity_42,Primary
project_237,commodity_97,Primary
project_237,commodity_22,Primary
project_237,commodity_9,Secondary
project_237,commodity_83,Secondary
project_237,commodity_82,Secondary
project_237,commodity_45,Secondary
project_237,commodity_42,Secondary
project_238,commodity_19,Primary
project_239,commodity_12,Primary
project_240,commodity_42,Primary
project_241,commodity_12,Primary
project_242,commodity_31,Primary
project_242,commodity_154,Primary
project_242,commodity_105,Primary
project_242,commodity_2,Secondary
project_242,commodity_12,Secondary
project_243,commodity_19,Primary
project_244,commodity_22,Primary
project_244,commodity_97,Primary
project_244,commodity_31,Primary
project_245,commodity_42,Primary
project_246,commodity_42,Primary
project_247,commodity_19,Primary
project_248,commodity_19,Primary
project_249,commodity_12,Primary
project_250,commodity_128,Primary
project_250,commodity_129,Primary
project_251,commodity_128,Primary
project_251,commodity_129,Primary
project_252,commodity_12,Primary
project_253,commodity_65,Primary
project_253,commodity_119,Primary
project_253,commodity_157,Primary
project_253,commodity_74,Primary
project_253,commodity_150,Primary
project_253,commodity_88,Secondary
project_254,commodity_129,Primary
project_254,commodity_128,Primary
project_255,commodity_19,Primary
project_256,commodity_12,Primary
project_257,commodity_19,Primary
project_258,commodity_12,Primary
project_259,commodity_9,Primary
project_260,commodity_12,Primary
project_261,commodity_19,Primary
project_262,commodity_12,Primary
project_263,commodity_19,Primary
project_264,commodity_145,Primary
project_264,commodity_42,Primary
project_264,commodity_139,Primary
project_264,commodity_146,Primary
project_264,commodity_140,Primary
project_265,commodity_42,Primary
project_265,commodity_45,Primary
project_267,commodity_19,Primary
project_268,commodity_12,Primary
project_269,commodity_12,Primary
project_270,commodity_119,Primary
project_270,commodity_65,Primary
project_270,commodity_157,Primary
project_270,commodity_74,Primary
project_271,commodity_157,Primary
project_271,commodity_74,Primary
project_271,commodity_65,Primary
project_271,commodity_119,Primary
project_272,commodity_157,Primary
project_272,commodity_65,Primary
project_272,commodity_74,Secondary
project_272,commodity_119,Secondary
project_273,commodity_2,Primary
project_273,commodity_12,Primary
project_274,commodity_97,Primary
project_274,commodity_22,Primary
project_274,commodity_31,Primary
project_275,commodity_12,Primary
project_276,commodity_19,Primary
project_277,commodity_19,Primary
project_278,commodity_97,Primary
project_278,commodity_22,Primary
project_278,commodity_81,Secondary
project_279,commodity_12,Primary
project_280,commodity_19,Primary
project_281,commodity_12,Primary
project_282,commodity_12,Primary
project_283,commodity_12,Primary
project_284,commodity_61,Primary
project_284,commodity_45,Primary
project_284,commodity_42,Primary
project_285,commodity_12,Primary
project_286,commodity_12,Primary
project_287,commodity_154,Primary
project_287,commodity_105,Primary
project_287,commodity_12,Primary
project_287,commodity_2,Secondary
project_287,commodity_31,Secondary
project_288,commodity_12,Primary
project_289,commodity_12,Primary
project_290,commodity_12,Primary
project_291,commodity_12,Primary
project_292,commodity_12,Primary
project_293,commodity_31,Primary
project_293,commodity_97,Primary
project_294,commodity_89,Primary
project_294,commodity_31,Primary
project_294,commodity_42,Primary
project_294,commodity_2,Secondary
project_294,commodity_45,Secondary
project_295,commodity_31,Primary
project_295,commodity_2,Secondary
project_295,commodity_105,Secondary
project_295,commodity_154,Secondary
project_295,commodity_12,Secondary
project_296,commodity_12,Primary
project_297,commodity_12,Primary
project_299,commodity_82,Primary
project_299,commodity_83,Primary
project_299,commodity_81,Primary
project_300,commodity_143,Primary
project_300,commodity_144,Secondary
project_300,commodity_146,Secondary
project_301,commodity_154,Primary
project_301,commodity_105,Primary
project_301,commodity_2,Secondary
project_301,commodity_31,Secondary
project_301,commodity_21,Secondary
project_301,commodity_122,Secondary
project_302,commodity_12,Primary
project_303,commodity_143,Primary
project_303,commodity_144,Primary
project_304,commodity_154,Primary
project_304,commodity_31,Primary
project_304,commodity_105,Primary
project_304,commodity_2,Primary
project_304,commodity_12,Secondary
project_305,commodity_12,Primary
project_306,commodity_12,Primary
project_307,commodity_105,Primary
project_307,commodity_2,Primary
project_307,commodity_154,Primary
project_308,commodity_97,Primary
project_308,commodity_31,Primary
project_308,commodity_22,Primary
project_308,commodity_104,Primary
project_309,commodity_31,Primary
project_309,commodity_12,Primary
project_309,commodity_143,Secondary
project_310,commodity_97,Primary
project_310,commodity_42,Primary
project_310,commodity_22,Primary
project_311,commodity_148,Primary
project_311,commodity_149,Primary
project_312,commodity_31,Primary
project_312,commodity_12,Secondary
project_312,commodity_2,Secondary
project_313,commodity_12,Primary
project_314,commodity_154,Primary
project_315,commodity_28,Primary
project_316,commodity_28,Primary
project_317,commodity_22,Primary
project_317,commodity_42,Secondary
project_317,commodity_45,Secondary
project_317,commodity_97,Secondary
project_318,commodity_128,Primary
project_318,commodity_31,Secondary
project_318,commodity_2,Secondary
project_319,commodity_19,Primary
project_320,commodity_107,Primary
project_320,commodity_102,Primary
project_320,commodity_103,Primary
project_321,commodity_19,Primary
project_322,commodity_12,Primary
project_323,commodity_33,Primary
project_323,commodity_35,Primary
project_323,commodity_34,Primary
project_324,commodity_31,Primary
project_324,commodity_154,Primary
project_324,commodity_2,Secondary
project_324,commodity_105,Secondary
project_324,commodity_12,Secondary
project_325,commodity_31,Primary
project_326,commodity_22,Primary
project_327,commodity_12,Primary
project_328,commodity_12,Primary
project_329,commodity_12,Primary
project_330,commodity_12,Primary
project_331,commodity_147,Primary
project_332,commodity_97,Primary
project_333,commodity_42,Primary
project_334,commodity_12,Primary
project_335,commodity_12,Primary
project_335,commodity_154,Primary
project_335,commodity_31,Primary
project_335,commodity_2,Secondary
project_335,commodity_105,Secondary
project_335,commodity_45,Secondary
project_335,commodity_42,Secondary
project_336,commodity_97,Primary
project_336,commodity_31,Primary
project_337,commodity_19,Primary
project_338,commodity_19,Primary
project_339,commodity_12,Primary
project_340,commodity_31,Primary
project_341,commodity_12,Primary
project_342,commodity_119,Primary
project_342,commodity_157,Primary
project_342,commodity_65,Primary
project_342,commodity_88,Primary
project_343,commodity_19,Primary
project_344,commodity_154,Primary
project_344,commodity_105,Primary
project_344,commodity_12,Primary
project_344,commodity_31,Primary
project_344,commodity_2,Primary
project_345,commodity_12,Primary
project_346,commodity_86,Primary
project_347,commodity_42,Primary
project_348,commodity_45,Primary
project_348,commodity_42,Secondary
project_349,commodity_83,Primary
project_349,commodity_80,Primary
project_349,commodity_81,Primary
project_349,commodity_158,Secondary
project_350,commodity_87,Primary
project_350,commodity_119,Primary
project_350,commodity_157,Primary
project_350,commodity_65,Primary
project_351,commodity_12,Primary
project_352,commodity_22,Primary
project_352,commodity_97,Primary
project_352,commodity_31,Primary
project_353,commodity_12,Primary
project_353,commodity_31,Primary
project_354,commodity_149,Primary
project_354,commodity_105,Primary
project_354,commodity_148,Primary
project_354,commodity_15,Primary
project_354,commodity_128,Primary
project_354,commodity_154,Primary
project_355,commodity_12,Primary
project_356,commodity_12,Primary
project_357,commodity_12,Primary
project_358,commodity_12,Primary
project_359,commodity_128,Primary
project_359,commodity_31,Primary
project_359,commodity_2,Primary
project_360,commodity_65,Primary
project_360,commodity_157,Secondary
project_360,commodity_119,Secondary
project_360,commodity_26,Secondary
project_361,commodity_12,Primary
project_362,commodity_45,Primary
project_362,commodity_42,Secondary
project_363,commodity_12,Primary
project_364,commodity_2,Primary
project_364,commodity_12,Primary
project_365,commodity_42,Primary
project_365,commodity_45,Primary
project_366,commodity_19,Primary
project_367,commodity_12,Primary
project_367,commodity_122,Primary
project_368,commodity_12,Primary
project_369,commodity_101,Primary
project_370,commodity_119,Primary
project_370,commodity_65,Primary
project_370,commodity_157,Primary
project_371,commodity_45,Primary
project_371,commodity_42,Secondary
project_372,commodity_65,Primary
project_372,commodity_157,Primary
project_372,commodity_74,Primary
project_372,commodity_119,Primary
project_373,commodity_20,Primary
project_374,commodity_12,Primary
project_374,commodity_144,Primary
project_374,commodity_143,Primary
project_375,commodity_128,Primary
project_376,commodity_27,Primary
project_377,commodity_19,Primary
project_378,commodity_19,Primary
project_379,commodity_12,Primary
project_380,commodity_105,Primary
project_380,commodity_154,Secondary
project_380,commodity_16,Secondary
project_381,commodity_31,Primary
project_381,commodity_12,Primary
project_381,commodity_2,Secondary
project_382,commodity_12,Primary
project_384,commodity_12,Primary
project_385,commodity_12,Primary
project_386,commodity_12,Primary
project_387,commodity_12,Primary
project_388,commodity_143,Primary
project_388,commodity_89,Secondary
project_388,commodity_144,Secondary
project_389,commodity_154,Primary
project_389,commodity_105,Primary
project_389,commodity_12,Primary
project_389,commodity_2,Primary
project_389,commodity_31,Primary
project_389,commodity_121,Primary
project_390,commodity_107,Primary
project_390,commodity_102,Primary
project_390,commodity_103,Primary
project_391,commodity_12,Primary
project_392,commodity_12,Primary
project_393,commodity_154,Primary
project_393,commodity_105,Primary
project_393,commodity_2,Secondary
project_393,commodity_31,Secondary
project_394,commodity_98,Primary
project_395,commodity_12,Primary
project_396,commodity_12,Primary
project_397,commodity_12,Primary
project_398,commodity_105,Primary
project_398,commodity_12,Primary
project_398,commodity_2,Primary
project_398,commodity_31,Secondary
project_398,commodity_154,Secondary
project_398,commodity_153,Secondary
project_399,commodity_65,Primary
project_399,commodity_157,Primary
project_399,commodity_74,Primary
project_399,commodity_87,Primary
project_400,commodity_12,Primary
project_401,commodity_17,Primary
project_401,commodity_5,Secondary
project_401,commodity_125,Secondary
project_402,commodity_143,Primary
project_402,commodity_144,Secondary
project_403,commodity_12,Primary
project_404,commodity_12,Primary
project_404,commodity_31,Primary
project_405,commodity_12,Primary
project_405,commodity_2,Primary
project_406,commodity_12,Primary
project_407,commodity_12,Primary
project_408,commodity_17,Primary
project_408,commodity_5,Secondary
project_409,commodity_12,Primary
project_409,commodity_148,Secondary
project_409,commodity_122,Secondary
project_410,commodity_19,Primary
project_411,commodity_19,Primary
project_412,commodity_128,Primary
project_412,commodity_31,Primary
project_412,commodity_149,Secondary
project_412,commodity_89,Secondary
project_412,commodity_15,Secondary
project_412,commodity_148,Secondary
project_413,commodity_12,Primary
project_414,commodity_42,Primary
project_414,commodity_45,Primary
project_415,commodity_31,Primary
project_416,commodity_12,Primary
project_416,commodity_31,Primary
project_417,commodity_12,Primary
project_418,commodity_12,Primary
project_419,commodity_148,Primary
project_419,commodity_128,Primary
project_419,commodity_31,Primary
project_420,commodity_12,Primary
project_421,commodity_12,Primary
project_422,commodity_19,Primary
project_423,commodity_97,Primary
project_423,commodity_22,Primary
project_423,commodity_42,Primary
project_424,commodity_42,Primary
project_425,commodity_19,Primary
project_426,commodity_33,Primary
project_426,commodity_35,Primary
project_426,commodity_34,Primary
project_427,commodity_31,Primary
project_428,commodity_42,Primary
project_429,commodity_12,Primary
project_430,commodity_19,Primary
project_431,commodity_19,Primary
project_432,commodity_12,Primary
project_433,commodity_12,Primary
project_434,commodity_12,Primary
project_434,commodity_2,Secondary
project_435,commodity_12,Primary
project_436,commodity_148,Primary
project_436,commodity_128,Primary
project_437,commodity_83,Primary
project_437,commodity_82,Primary
project_437,commodity_81,Primary
project_438,commodity_12,Primary
project_439,commodity_97,Primary
project_439,commodity_22,Primary
project_440,commodity_80,Primary
project_440,commodity_83,Primary
project_440,commodity_158,Secondary
project_441,commodity_19,Primary
project_442,commodity_12,Primary
project_443,commodity_42,Primary
project_444,commodity_65,Primary
project_444,commodity_119,Primary
project_444,commodity_157,Secondary
project_445,commodity_85,Primary
project_445,commodity_86,Secondary
project_446,commodity_12,Primary
project_447,commodity_97,Primary
project_447,commodity_22,Primary
project_448,commodity_12,Primary
project_449,commodity_157,Primary
project_450,commodity_12,Primary
project_451,commodity_12,Primary
project_452,commodity_12,Primary
project_452,commodity_31,Primary
project_453,commodity_12,Primary
project_454,commodity_12,Primary
project_455,commodity_12,Primary
project_456,commodity_12,Primary
project_457,commodity_12,Primary
project_458,commodity_157,Primary
project_458,commodity_119,Primary
project_458,commodity_74,Primary
project_458,commodity_65,Primary
project_459,commodity_97,Primary
project_459,commodity_22,Primary
project_460,commodity_12,Primary
project_461,commodity_12,Primary
project_462,commodity_12,Primary
project_463,commodity_105,Primary
project_463,commodity_2,Primary
project_463,commodity_154,Primary
project_463,commodity_31,Primary
project_464,commodity_12,Primary
project_465,commodity_19,Primary
project_466,commodity_12,Primary
project_467,commodity_119,Primary
project_467,commodity_65,Primary
project_467,commodity_157,Primary
project_467,commodity_74,Primary
project_468,commodity_12,Primary
project_469,commodity_12,Primary
project_470,commodity_97,Primary
project_471,commodity_12,Primary
project_472,commodity_89,Primary
project_472,commodity_2,Primary
project_472,commodity_31,Primary
project_473,commodity_12,Primary
project_474,commodity_31,Primary
project_475,commodity_31,Primary
project_475,commodity_2,Primary
project_475,commodity_12,Primary
project_476,commodity_17,Primary
project_476,commodity_5,Secondary
project_476,commodity_125,Secondary
project_477,commodity_2,Primary
project_477,commodity_105,Primary
project_477,commodity_31,Secondary
project_477,commodity_12,Secondary
project_478,commodity_65,Primary
project_478,commodity_157,Primary
project_478,commodity_119,Secondary
project_478,commodity_88,Secondary
project_478,commodity_87,Secondary
project_479,commodity_12,Primary
project_479,commodity_31,Primary
project_479,commodity_15,Primary
project_479,commodity_45,Primary
project_479,commodity_2,Primary
project_479,commodity_42,Secondary
project_480,commodity_31,Primary
project_480,commodity_12,Primary
project_481,commodity_12,Primary
project_482,commodity_97,Primary
project_482,commodity_22,Secondary
project_482,commodity_31,Secondary
project_483,commodity_31,Primary
project_484,commodity_154,Primary
project_484,commodity_105,Primary
project_484,commodity_12,Primary
project_484,commodity_2,Primary
project_484,commodity_31,Primary
project_485,commodity_154,Primary
project_485,commodity_105,Secondary
project_485,commodity_2,Secondary
project_485,commodity_31,Secondary
project_485,commodity_12,Secondary
project_486,commodity_19,Primary
project_487,commodity_19,Primary
project_488,commodity_85,Primary
project_488,commodity_86,Secondary
project_489,commodity_31,Primary
project_489,commodity_12,Primary
project_490,commodity_31,Primary
project_490,commodity_12,Primary
project_491,commodity_31,Primary
project_492,commodity_31,Primary
project_493,commodity_144,Primary
project_493,commodity_143,Primary
project_494,commodity_65,Primary
project_494,commodity_157,Primary
project_494,commodity_119,Primary
project_494,commodity_74,Primary
project_494,commodity_87,Primary
project_495,commodity_12,Primary
project_496,commodity_20,Primary
project_497,commodity_154,Primary
project_497,commodity_105,Primary
project_497,commodity_12,Secondary
project_497,commodity_2,Secondary
project_497,commodity_31,Secondary
project_498,commodity_97,Primary
project_498,commodity_31,Secondary
project_498,commodity_106,Secondary
project_498,commodity_110,Secondary
project_498,commodity_12,Secondary
project_498,commodity_22,Secondary
project_498,commodity_104,Secondary
project_499,commodity_12,Primary
project_500,commodity_133,Primary
project_500,commodity_132,Primary
project_500,commodity_75,Primary
project_500,commodity_76,Primary
project_501,commodity_12,Primary
project_502,commodity_42,Primary
project_503,commodity_12,Primary
project_504,commodity_12,Primary
project_504,commodity_105,Primary
project_504,commodity_154,Primary
project_504,commodity_2,Primary
project_504,commodity_31,Primary
project_505,commodity_31,Primary
project_505,commodity_154,Primary
project_505,commodity_12,Primary
project_505,commodity_105,Primary
project_505,commodity_2,Primary
project_506,commodity_12,Primary
project_506,commodity_97,Primary
project_507,commodity_42,Primary
project_508,commodity_12,Primary
project_509,commodity_12,Primary
project_510,commodity_31,Primary
project_510,commodity_12,Secondary
project_511,commodity_19,Primary
project_512,commodity_19,Primary
project_513,commodity_154,Primary
project_513,commodity_12,Primary
project_513,commodity_105,Primary
project_513,commodity_31,Primary
project_513,commodity_2,Primary
project_514,commodity_12,Primary
project_515,commodity_45,Primary
project_515,commodity_42,Secondary
project_516,commodity_12,Primary
project_517,commodity_97,Primary
project_517,commodity_22,Primary
project_518,commodity_122,Primary
project_519,commodity_128,Primary
project_519,commodity_148,Primary
project_519,commodity_31,Primary
project_520,commodity_12,Primary
project_521,commodity_45,Primary
project_521,commodity_42,Secondary
project_522,commodity_119,Primary
project_522,commodity_65,Primary
project_522,commodity_157,Primary
project_523,commodity_115,Primary
project_524,commodity_31,Primary
project_525,commodity_19,Primary
project_526,commodity_83,Primary
project_526,commodity_82,Primary
project_527,commodity_31,Primary
project_528,commodity_12,Primary
project_529,commodity_12,Primary
project_530,commodity_101,Primary
project_531,commodity_119,Primary
project_531,commodity_157,Primary
project_531,commodity_65,Primary
project_531,commodity_74,Primary
project_532,commodity_119,Primary
project_532,commodity_157,Primary
project_532,commodity_65,Primary
project_532,commodity_74,Secondary
project_533,commodity_12,Primary
project_534,commodity_12,Primary
project_535,commodity_12,Primary
project_536,commodity_20,Primary
project_537,commodity_12,Primary
project_538,commodity_72,Primary
project_539,commodity_12,Primary
project_540,commodity_12,Primary
project_541,commodity_12,Primary
project_542,commodity_97,Primary
project_542,commodity_22,Primary
project_543,commodity_19,Primary
project_544,commodity_31,Primary
project_544,commodity_97,Primary
project_545,commodity_97,Primary
project_546,commodity_12,Primary
project_547,commodity_144,Primary
project_547,commodity_143,Primary
project_548,commodity_45,Primary
project_548,commodity_42,Secondary
project_549,commodity_31,Primary
project_549,commodity_22,Primary
project_549,commodity_105,Secondary
project_549,commodity_143,Secondary
project_549,commodity_154,Secondary
project_549,commodity_2,Secondary
project_550,commodity_19,Primary
project_551,commodity_12,Primary
project_552,commodity_98,Primary
project_553,commodity_12,Primary
project_554,commodity_12,Primary
project_555,commodity_127,Primary
project_556,commodity_12,Primary
project_557,commodity_22,Primary
project_557,commodity_97,Primary
project_558,commodity_97,Primary
project_558,commodity_31,Primary
project_558,commodity_104,Primary
project_558,commodity_22,Primary
project_558,commodity_67,Primary
project_558,commodity_99,Primary
project_558,commodity_106,Primary
project_558,commodity_110,Primary
project_558,commodity_118,Primary
project_558,commodity_120,Secondary
project_559,commodity_107,Primary
project_559,commodity_103,Secondary
project_560,commodity_154,Primary
project_560,commodity_105,Primary
project_560,commodity_2,Secondary
project_561,commodity_12,Primary
project_562,commodity_12,Primary
project_563,commodity_2,Primary
project_563,commodity_154,Secondary
project_563,commodity_105,Secondary
project_563,commodity_31,Secondary
project_564,commodity_12,Primary
project_564,commodity_2,Primary
project_565,commodity_42,Primary
project_566,commodity_154,Primary
project_566,commodity_105,Primary
project_566,commodity_2,Primary
project_566,commodity_12,Primary
project_566,commodity_31,Secondary
project_566,commodity_15,Secondary
project_566,commodity_21,Secondary
project_566,commodity_122,Secondary
project_567,commodity_143,Primary
project_567,commodity_144,Primary
project_568,commodity_12,Primary
project_569,commodity_105,Primary
project_569,commodity_31,Primary
project_569,commodity_2,Primary
project_569,commodity_154,Primary
project_570,commodity_12,Primary
project_571,commodity_12,Primary
project_572,commodity_31,Primary
project_573,commodity_45,Primary
project_573,commodity_61,Primary
project_573,commodity_42,Primary
project_574,commodity_31,Primary
project_575,commodity_31,Primary
project_575,commodity_2,Primary
project_575,commodity_12,Primary
project_576,commodity_128,Primary
project_576,commodity_15,Secondary
project_576,commodity_149,Secondary
project_576,commodity_42,Secondary
project_576,commodity_154,Secondary
project_576,commodity_31,Secondary
project_576,commodity_148,Secondary
project_577,commodity_31,Primary
project_578,commodity_12,Primary
project_579,commodity_12,Primary
project_579,commodity_2,Primary
project_580,commodity_31,Primary
project_580,commodity_154,Primary
project_580,commodity_12,Primary
project_580,commodity_2,Primary
project_580,commodity_105,Secondary
project_581,commodity_19,Primary
project_582,commodity_31,Primary
project_583,commodity_31,Primary
project_584,commodity_31,Primary
project_585,commodity_31,Primary
project_586,commodity_31,Primary
project_587,commodity_12,Primary
project_587,commodity_31,Primary
project_588,commodity_31,Primary
project_589,commodity_105,Primary
project_589,commodity_2,Primary
project_590,commodity_105,Primary
project_590,commodity_2,Primary
project_591,commodity_12,Primary
project_592,commodity_12,Primary
project_593,commodity_42,Primary
project_593,commodity_45,Primary
project_594,commodity_49,Primary
project_594,commodity_41,Primary
project_595,commodity_12,Primary
project_596,commodity_97,Primary
project_596,commodity_22,Primary
project_597,commodity_42,Primary
project_597,commodity_139,Primary
project_597,commodity_146,Primary
project_598,commodity_105,Primary
project_598,commodity_154,Primary
project_598,commodity_2,Primary
project_599,commodity_97,Primary
project_599,commodity_22,Primary
project_599,commodity_123,Primary
project_600,commodity_97,Primary
project_600,commodity_22,Primary
project_601,commodity_97,Primary
project_602,commodity_19,Primary
project_603,commodity_42,Primary
project_604,commodity_42,Primary
project_604,commodity_45,Secondary
project_605,commodity_119,Primary
project_605,commodity_157,Primary
project_605,commodity_65,Primary
project_606,commodity_97,Primary
project_607,commodity_19,Primary
project_608,commodity_19,Primary
project_609,commodity_12,Primary
project_610,commodity_12,Primary
project_611,commodity_12,Primary
project_612,commodity_12,Primary
project_613,commodity_42,Primary
project_614,commodity_12,Primary
project_615,commodity_12,Primary
project_616,commodity_12,Primary
project_617,commodity_20,Primary
project_618,commodity_97,Primary
project_618,commodity_22,Primary
project_619,commodity_12,Primary
project_619,commodity_2,Primary
project_620,commodity_128,Primary
project_621,commodity_128,Primary
project_621,commodity_154,Primary
project_621,commodity_2,Secondary
project_621,commodity_122,Secondary
project_621,commodity_105,Secondary
project_622,commodity_45,Primary
project_622,commodity_42,Secondary
project_623,commodity_12,Primary
project_624,commodity_12,Primary
project_625,commodity_97,Primary
project_625,commodity_22,Primary
project_626,commodity_128,Primary
project_626,commodity_42,Secondary
project_627,commodity_128,Primary
project_627,commodity_129,Primary
project_628,commodity_19,Primary
project_629,commodity_65,Primary
project_629,commodity_157,Primary
project_629,commodity_119,Primary
project_630,commodity_12,Primary
project_631,commodity_12,Primary
project_632,commodity_20,Primary
project_633,commodity_19,Primary
project_634,commodity_12,Primary
project_635,commodity_12,Primary
project_636,commodity_19,Primary
project_637,commodity_12,Primary
project_638,commodity_31,Primary
project_639,commodity_12,Primary
project_639,commodity_31,Primary
project_640,commodity_12,Primary
project_640,commodity_31,Primary
project_641,commodity_12,Primary
project_642,commodity_19,Primary
project_643,commodity_12,Primary
project_644,commodity_12,Primary
project_645,commodity_12,Primary
project_646,commodity_83,Primary
project_646,commodity_80,Primary
project_646,commodity_81,Primary
project_646,commodity_158,Secondary
project_647,commodity_31,Primary
project_648,commodity_12,Primary
project_649,commodity_12,Primary
project_650,commodity_154,Primary
project_650,commodity_2,Secondary
project_650,commodity_105,Secondary
project_650,commodity_13,Secondary
project_651,commodity_12,Primary
project_652,commodity_42,Primary
project_653,commodity_143,Primary
project_653,commodity_144,Secondary
project_654,commodity_12,Primary
project_655,commodity_12,Primary
project_656,commodity_45,Primary
project_656,commodity_42,Secondary
project_657,commodity_154,Primary
project_657,commodity_12,Primary
project_657,commodity_31,Primary
project_657,commodity_2,Primary
project_657,commodity_105,Primary
project_658,commodity_31,Primary
project_658,commodity_143,Primary
project_659,commodity_12,Primary
project_660,commodity_89,Primary
project_660,commodity_31,Primary
project_661,commodity_31,Primary
project_661,commodity_2,Primary
project_662,commodity_154,Primary
project_662,commodity_31,Primary
project_662,commodity_2,Secondary
project_662,commodity_12,Secondary
project_662,commodity_105,Secondary
project_662,commodity_122,Secondary
project_662,commodity_21,Secondary
project_663,commodity_154,Primary
project_663,commodity_31,Primary
project_663,commodity_12,Secondary
project_663,commodity_105,Secondary
project_663,commodity_2,Secondary
project_664,commodity_128,Primary
project_664,commodity_31,Primary
project_664,commodity_2,Primary
project_665,commodity_2,Primary
project_665,commodity_12,Primary
project_665,commodity_31,Primary
project_666,commodity_31,Primary
project_666,commodity_12,Primary
project_667,commodity_105,Primary
project_667,commodity_2,Primary
project_667,commodity_31,Primary
project_667,commodity_12,Primary
project_667,commodity_154,Primary
project_668,commodity_12,Primary
project_669,commodity_19,Primary
project_670,commodity_107,Primary
project_670,commodity_102,Primary
project_670,commodity_103,Primary
project_671,commodity_19,Primary
project_672,commodity_31,Primary
project_673,commodity_31,Primary
project_674,commodity_12,Primary
project_674,commodity_31,Primary
project_675,commodity_31,Primary
project_676,commodity_12,Primary
project_677,commodity_89,Primary
project_677,commodity_31,Primary
project_677,commodity_12,Primary
project_677,commodity_2,Secondary
project_677,commodity_117,Secondary
project_678,commodity_31,Primary
project_678,commodity_22,Primary
project_678,commodity_12,Primary
project_678,commodity_2,Secondary
project_678,commodity_16,Secondary
project_678,commodity_8,Secondary
project_679,commodity_12,Primary
project_680,commodity_154,Primary
project_680,commodity_31,Primary
project_680,commodity_2,Secondary
project_680,commodity_105,Secondary
project_680,commodity_8,Secondary
project_680,commodity_21,Secondary
project_680,commodity_42,Secondary
project_681,commodity_12,Primary
project_682,commodity_19,Primary
project_683,commodity_19,Primary
project_684,commodity_133,Primary
project_684,commodity_76,Primary
project_684,commodity_132,Primary
project_685,commodity_12,Primary
project_686,commodity_97,Primary
project_687,commodity_97,Primary
project_687,commodity_22,Secondary
project_687,commodity_31,Secondary
project_688,commodity_12,Primary
project_689,commodity_12,Primary
project_690,commodity_12,Primary
project_691,commodity_12,Primary
project_692,commodity_12,Primary
project_692,commodity_31,Primary
project_693,commodity_31,Primary
project_694,commodity_42,Primary
project_695,commodity_128,Primary
project_695,commodity_132,Primary
project_695,commodity_129,Primary
project_695,commodity_133,Primary
project_696,commodity_19,Primary
project_697,commodity_20,Primary
project_698,commodity_12,Primary
project_699,commodity_12,Primary
project_700,commodity_85,Primary
project_700,commodity_86,Secondary
project_701,commodity_82,Primary
project_701,commodity_83,Primary
project_702,commodity_19,Primary
project_703,commodity_122,Primary
project_703,commodity_12,Primary
project_704,commodity_128,Primary
project_705,commodity_12,Primary
project_706,commodity_19,Primary
project_707,commodity_12,Primary
project_708,commodity_31,Primary
project_708,commodity_12,Primary
project_708,commodity_143,Secondary
project_708,commodity_144,Secondary
project_709,commodity_42,Primary
project_709,commodity_119,Primary
project_709,commodity_145,Primary
project_709,commodity_45,Primary
project_709,commodity_146,Secondary
project_710,commodity_12,Primary
project_711,commodity_20,Primary
project_712,commodity_20,Primary
project_713,commodity_12,Primary
project_714,commodity_12,Primary
project_715,commodity_12,Primary
project_716,commodity_19,Primary
project_717,commodity_42,Primary
project_718,commodity_12,Primary
project_719,commodity_19,Primary
project_720,commodity_12,Primary
project_721,commodity_101,Primary
project_722,commodity_157,Primary
project_722,commodity_65,Primary
project_722,commodity_119,Primary
project_722,commodity_74,Secondary
project_722,commodity_56,Secondary
project_723,commodity_65,Primary
project_723,commodity_157,Primary
project_723,commodity_74,Secondary
project_723,commodity_119,Secondary
project_724,commodity_157,Primary
project_724,commodity_65,Primary
project_724,commodity_74,Secondary
project_724,commodity_119,Secondary
project_725,commodity_12,Primary
project_725,commodity_154,Primary
project_725,commodity_105,Primary
project_725,commodity_2,Secondary
project_725,commodity_31,Secondary
project_725,commodity_15,Secondary
project_725,commodity_122,Secondary
project_726,commodity_20,Primary
project_727,commodity_12,Primary
project_728,commodity_97,Primary
project_728,commodity_31,Secondary
project_728,commodity_22,Secondary
project_729,commodity_2,Primary
project_729,commodity_12,Primary
project_730,commodity_12,Primary
project_731,commodity_45,Primary
project_731,commodity_42,Secondary
project_732,commodity_157,Primary
project_732,commodity_65,Primary
project_732,commodity_119,Secondary
project_732,commodity_139,Secondary
project_733,commodity_12,Primary
project_734,commodity_12,Primary
project_735,commodity_31,Primary
project_735,commodity_22,Primary
project_735,commodity_12,Secondary
project_736,commodity_12,Primary
project_737,commodity_12,Primary
project_738,commodity_65,Primary
project_738,commodity_157,Primary
project_738,commodity_119,Primary
project_739,commodity_12,Primary
project_740,commodity_12,Primary
project_741,commodity_143,Primary
project_741,commodity_114,Primary
project_741,commodity_144,Primary
project_742,commodity_12,Primary
project_742,commodity_31,Primary
project_742,commodity_15,Primary
project_742,commodity_22,Primary
project_742,commodity_2,Primary
project_743,commodity_157,Primary
project_743,commodity_119,Primary
project_743,commodity_65,Primary
project_743,commodity_139,Primary
project_743,commodity_57,Primary
project_743,commodity_150,Secondary
project_743,commodity_74,Secondary
project_743,commodity_87,Secondary
project_744,commodity_42,Primary
project_745,commodity_12,Primary
project_745,commodity_15,Primary
project_745,commodity_31,Primary
project_746,commodity_128,Primary
project_746,commodity_148,Primary
project_746,commodity_31,Primary
project_747,commodity_31,Primary
project_748,commodity_12,Primary
project_748,commodity_144,Primary
project_748,commodity_143,Primary
project_749,commodity_12,Primary
project_750,commodity_31,Primary
project_750,commodity_12,Secondary
project_750,commodity_2,Secondary
project_751,commodity_128,Primary
project_752,commodity_28,Primary
project_753,commodity_2,Primary
project_753,commodity_31,Primary
project_754,commodity_12,Primary
project_755,commodity_12,Primary
project_756,commodity_12,Primary
project_757,commodity_12,Primary
project_757,commodity_2,Primary
project_757,commodity_31,Primary
project_757,commodity_154,Primary
project_757,commodity_105,Primary
project_758,commodity_19,Primary
project_759,commodity_19,Primary
project_760,commodity_143,Primary
project_760,commodity_12,Primary
project_760,commodity_144,Secondary
project_761,commodity_143,Primary
project_761,commodity_144,Secondary
project_762,commodity_12,Primary
project_762,commodity_31,Primary
project_763,commodity_31,Primary
project_764,commodity_12,Primary
project_764,commodity_31,Primary
project_765,commodity_12,Primary
project_765,commodity_31,Primary
project_766,commodity_12,Primary
project_767,commodity_31,Primary
project_767,commodity_154,Primary
project_767,commodity_105,Secondary
project_767,commodity_12,Secondary
project_767,commodity_2,Secondary
project_768,commodity_12,Primary
project_768,commodity_31,Primary
project_769,commodity_12,Primary
project_770,commodity_12,Primary
project_771,commodity_45,Primary
project_771,commodity_42,Secondary
project_772,commodity_12,Primary
project_773,commodity_31,Primary
project_773,commodity_154,Primary
project_773,commodity_12,Primary
project_773,commodity_2,Primary
project_773,commodity_105,Primary
project_774,commodity_12,Primary
project_775,commodity_12,Primary
project_776,commodity_12,Primary
project_777,commodity_19,Primary
project_778,commodity_89,Primary
project_779,commodity_19,Primary
project_780,commodity_97,Primary
project_780,commodity_22,Primary
project_781,commodity_31,Primary
project_781,commodity_154,Primary
project_781,commodity_105,Primary
project_781,commodity_2,Primary
project_782,commodity_19,Primary
project_783,commodity_19,Primary
project_784,commodity_20,Primary
project_785,commodity_19,Primary
project_786,commodity_12,Primary
project_787,commodity_12,Primary
project_788,commodity_20,Primary
project_789,commodity_12,Primary
project_790,commodity_19,Primary
project_791,commodity_12,Primary
project_792,commodity_12,Primary
project_793,commodity_19,Primary
project_794,commodity_12,Primary
project_795,commodity_20,Primary
project_796,commodity_19,Primary
project_797,commodity_12,Primary
project_798,commodity_97,Primary
project_798,commodity_22,Primary
project_799,commodity_19,Primary
project_800,commodity_12,Primary
project_800,commodity_2,Primary
project_801,commodity_157,Primary
project_801,commodity_119,Primary
project_801,commodity_65,Primary
project_801,commodity_74,Primary
project_802,commodity_119,Primary
project_802,commodity_157,Primary
project_802,commodity_65,Primary
project_802,commodity_74,Primary
project_803,commodity_19,Primary
project_804,commodity_12,Primary
project_805,commodity_128,Primary
project_805,commodity_119,Primary
project_805,commodity_157,Primary
project_805,commodity_12,Primary
project_805,commodity_129,Primary
project_806,commodity_12,Primary
project_807,commodity_12,Primary
project_808,commodity_97,Primary
project_808,commodity_22,Primary
project_809,commodity_12,Primary
project_810,commodity_31,Primary
project_810,commodity_97,Secondary
project_810,commodity_22,Secondary
project_810,commodity_104,Secondary
project_810,commodity_12,Secondary
project_811,commodity_19,Primary
project_812,commodity_65,Primary
project_812,commodity_157,Primary
project_812,commodity_119,Secondary
project_813,commodity_65,Primary
project_813,commodity_119,Primary
project_813,commodity_157,Primary
project_813,commodity_88,Primary
project_813,commodity_74,Primary
project_814,commodity_157,Primary
project_814,commodity_74,Primary
project_814,commodity_65,Primary
project_815,commodity_20,Primary
project_816,commodity_12,Primary
project_816,commodity_2,Secondary
project_817,commodity_12,Primary
project_818,commodity_31,Primary
project_818,commodity_2,Primary
project_818,commodity_12,Primary
project_819,commodity_12,Primary
project_819,commodity_2,Primary
project_819,commodity_31,Primary
project_820,commodity_12,Primary
project_821,commodity_12,Primary
project_822,commodity_12,Primary
project_823,commodity_12,Primary
project_824,commodity_31,Primary
project_824,commodity_12,Primary
project_824,commodity_2,Primary
project_825,commodity_12,Primary
project_826,commodity_45,Primary
project_826,commodity_42,Secondary
project_827,commodity_12,Primary
project_828,commodity_12,Primary
project_829,commodity_19,Primary
project_830,commodity_12,Primary
project_830,commodity_2,Primary
project_831,commodity_12,Primary
project_832,commodity_128,Primary
project_833,commodity_12,Primary
project_833,commodity_2,Secondary
project_834,commodity_12,Primary
project_835,commodity_12,Primary
project_836,commodity_12,Primary
project_836,commodity_2,Primary
project_836,commodity_31,Secondary
project_836,commodity_15,Secondary
project_837,commodity_143,Primary
project_837,commodity_12,Primary
project_837,commodity_144,Primary
project_838,commodity_12,Primary
project_838,commodity_122,Secondary
project_839,commodity_42,Primary
project_840,commodity_12,Primary
project_841,commodity_17,Primary
project_841,commodity_5,Secondary
project_841,commodity_125,Secondary
project_842,commodity_12,Primary
project_843,commodity_143,Primary
project_843,commodity_31,Primary
project_843,commodity_144,Primary
project_843,commodity_105,Primary
project_843,commodity_22,Primary
project_844,commodity_31,Primary
project_844,commodity_154,Primary
project_844,commodity_2,Primary
project_844,commodity_12,Secondary
project_844,commodity_105,Secondary
project_845,commodity_128,Primary
project_846,commodity_12,Primary
project_846,commodity_110,Primary
project_846,commodity_144,Primary
project_846,commodity_143,Primary
project_846,commodity_106,Primary
project_847,commodity_144,Primary
project_847,commodity_143,Primary
project_848,commodity_42,Primary
project_848,commodity_12,Primary
project_848,commodity_15,Primary
project_848,commodity_79,Primary
project_848,commodity_45,Secondary
project_849,commodity_54,Primary
project_850,commodity_45,Primary
project_850,commodity_42,Secondary
project_851,commodity_132,Primary
project_851,commodity_133,Primary
project_852,commodity_122,Primary
project_853,commodity_2,Primary
project_853,commodity_105,Primary
project_853,commodity_12,Primary
project_854,commodity_31,Primary
project_855,commodity_87,Primary
project_856,commodity_19,Primary
project_857,commodity_19,Primary
project_858,commodity_19,Primary
project_859,commodity_12,Primary
project_859,commodity_148,Secondary
project_859,commodity_149,Secondary
project_859,commodity_122,Secondary
project_860,commodity_157,Primary
project_860,commodity_119,Primary
project_860,commodity_65,Primary
project_860,commodity_139,Primary
project_861,commodity_31,Primary
project_861,commodity_12,Primary
project_862,commodity_31,Primary
project_863,commodity_31,Primary
project_863,commodity_12,Secondary
project_864,commodity_31,Primary
project_864,commodity_12,Primary
project_865,commodity_12,Primary
project_865,commodity_31,Primary
project_866,commodity_12,Primary
project_866,commodity_31,Primary
project_867,commodity_2,Primary
project_867,commodity_105,Primary
project_868,commodity_42,Primary
project_869,commodity_12,Primary
project_870,commodity_12,Primary
project_871,commodity_12,Primary
project_872,commodity_19,Primary
project_873,commodity_45,Primary
project_873,commodity_42,Primary
project_874,commodity_45,Primary
project_874,commodity_42,Secondary
project_875,commodity_42,Primary
project_875,commodity_45,Secondary
project_876,commodity_9,Primary
project_877,commodity_12,Primary
project_878,commodity_97,Primary
project_878,commodity_22,Primary
project_879,commodity_19,Primary
project_880,commodity_19,Primary
project_881,commodity_19,Primary
project_882,commodity_12,Primary
project_883,commodity_19,Primary
project_884,commodity_97,Primary
project_885,commodity_97,Primary
project_885,commodity_22,Primary
project_885,commodity_110,Secondary
project_885,commodity_28,Secondary
project_885,commodity_123,Secondary
project_885,commodity_104,Secondary
project_886,commodity_19,Primary
project_887,commodity_19,Primary
project_888,commodity_42,Primary
project_889,commodity_19,Primary
project_890,commodity_12,Primary
project_891,commodity_12,Primary
project_892,commodity_12,Primary
project_893,commodity_128,Primary
project_894,commodity_31,Primary
project_894,commodity_22,Primary
project_894,commodity_12,Secondary
project_895,commodity_31,Primary
project_895,commodity_12,Primary
project_895,commodity_89,Primary
project_895,commodity_22,Secondary
project_896,commodity_12,Primary
project_897,commodity_12,Primary
project_898,commodity_12,Primary
project_899,commodity_97,Primary
project_899,commodity_22,Primary
project_899,commodity_82,Primary
project_899,commodity_83,Secondary
project_900,commodity_105,Primary
project_900,commodity_154,Primary
project_901,commodity_12,Primary
project_902,commodity_19,Primary
project_903,commodity_12,Primary
project_904,commodity_128,Primary
project_904,commodity_154,Primary
project_905,commodity_154,Primary
project_905,commodity_2,Primary
project_905,commodity_31,Primary
project_905,commodity_105,Primary
project_906,commodity_19,Primary
project_907,commodity_42,Primary
project_908,commodity_12,Primary
project_909,commodity_12,Primary
project_910,commodity_97,Primary
project_911,commodity_65,Primary
project_911,commodity_157,Primary
project_911,commodity_119,Secondary
project_911,commodity_74,Secondary
project_912,commodity_45,Primary
project_912,commodity_42,Secondary
project_913,commodity_97,Primary
project_913,commodity_22,Primary
project_914,commodity_12,Primary
project_915,commodity_19,Primary
project_916,commodity_19,Primary
project_917,commodity_105,Primary
project_917,commodity_2,Primary
project_918,commodity_12,Primary
project_919,commodity_12,Primary
project_920,commodity_12,Primary
project_920,commodity_31,Primary
project_921,commodity_12,Primary
project_922,commodity_12,Primary
project_923,commodity_12,Primary
project_923,commodity_2,Primary
project_924,commodity_12,Primary
project_925,commodity_45,Primary
project_925,commodity_42,Secondary
project_926,commodity_97,Primary
project_926,commodity_22,Primary
project_927,commodity_12,Primary
project_928,commodity_97,Primary
project_928,commodity_22,Primary
project_929,commodity_12,Primary
project_930,commodity_12,Primary
project_931,commodity_12,Primary
project_932,commodity_12,Primary
project_932,commodity_31,Primary
project_932,commodity_2,Secondary
project_932,commodity_154,Secondary
project_932,commodity_105,Secondary
project_933,commodity_12,Primary
project_933,commodity_122,Secondary
project_934,commodity_98,Primary
project_935,commodity_31,Primary
project_935,commodity_12,Secondary
project_935,commodity_15,Secondary
project_936,commodity_12,Primary
project_937,commodity_12,Primary
project_938,commodity_154,Primary
project_938,commodity_2,Primary
project_938,commodity_105,Primary
project_939,commodity_12,Primary
project_940,commodity_119,Primary
project_940,commodity_157,Primary
project_940,commodity_65,Primary
project_940,commodity_88,Primary
project_940,commodity_87,Primary
project_941,commodity_12,Primary
project_942,commodity_12,Primary
project_942,commodity_2,Primary
project_943,commodity_12,Primary
project_944,commodity_17,Primary
project_944,commodity_5,Primary
project_945,commodity_12,Primary
project_946,commodity_12,Primary
project_947,commodity_12,Primary
project_948,commodity_148,Primary
project_949,commodity_85,Primary
project_950,commodity_12,Primary
project_951,commodity_12,Primary
project_952,commodity_31,Primary
project_952,commodity_12,Secondary
project_953,commodity_31,Primary
project_954,commodity_105,Primary
project_954,commodity_2,Primary
project_955,commodity_12,Primary
project_956,commodity_12,Primary
project_957,commodity_65,Primary
project_957,commodity_157,Primary
project_957,commodity_119,Primary
project_957,commodity_74,Primary
project_957,commodity_87,Primary
project_958,commodity_97,Primary
project_958,commodity_123,Primary
project_958,commodity_42,Primary
project_958,commodity_28,Primary
project_958,commodity_22,Primary
project_958,commodity_141,Primary
project_959,commodity_144,Primary
project_959,commodity_143,Primary
project_960,commodity_12,Primary
project_961,commodity_19,Primary
project_962,commodity_105,Primary
project_963,commodity_65,Primary
project_963,commodity_157,Primary
project_963,commodity_119,Primary
project_963,commodity_74,Primary
project_964,commodity_85,Primary
project_964,commodity_86,Secondary
project_965,commodity_31,Primary
project_965,commodity_12,Secondary
project_965,commodity_22,Secondary
project_966,commodity_41,Primary
project_966,commodity_142,Primary
project_967,commodity_85,Primary
project_967,commodity_86,Secondary
project_968,commodity_12,Primary
project_969,commodity_19,Primary
project_970,commodity_42,Primary
project_970,commodity_45,Secondary
project_971,commodity_12,Primary
project_972,commodity_119,Primary
project_972,commodity_65,Primary
project_972,commodity_157,Primary
project_972,commodity_139,Secondary
project_972,commodity_57,Secondary
project_973,commodity_128,Primary
project_974,commodity_128,Primary
project_974,commodity_129,Primary
project_975,commodity_12,Primary
project_976,commodity_105,Primary
project_976,commodity_2,Secondary
project_976,commodity_154,Secondary
project_976,commodity_31,Secondary
project_977,commodity_128,Primary
project_977,commodity_2,Primary
project_977,commodity_129,Primary
project_978,commodity_8,Primary
project_978,commodity_122,Primary
project_978,commodity_12,Primary
project_979,commodity_128,Primary
project_980,commodity_65,Primary
project_980,commodity_119,Primary
project_980,commodity_157,Primary
project_980,commodity_150,Primary
project_981,commodity_12,Primary
project_982,commodity_12,Primary
project_983,commodity_154,Primary
project_983,commodity_105,Primary
project_983,commodity_31,Primary
project_983,commodity_2,Secondary
project_983,commodity_12,Secondary
project_984,commodity_97,Primary
project_985,commodity_12,Primary
project_985,commodity_31,Primary
project_986,commodity_12,Primary
project_987,commodity_19,Primary
project_988,commodity_19,Primary
project_989,commodity_19,Primary
project_990,commodity_12,Primary
project_991,commodity_12,Primary
project_992,commodity_12,Primary
project_993,commodity_97,Primary
project_993,commodity_22,Secondary
project_993,commodity_31,Secondary
project_993,commodity_42,Secondary
project_994,commodity_12,Primary
project_995,commodity_12,Primary
project_996,commodity_42,Primary
project_997,commodity_57,Primary
project_998,commodity_128,Primary
project_999,commodity_20,Primary
project_1000,commodity_97,Primary
project_1001,commodity_19,Primary
project_1002,commodity_12,Primary
project_1003,commodity_42,Primary
project_1004,commodity_2,Primary
project_1004,commodity_105,Primary
project_1005,commodity_89,Primary
project_1006,commodity_17,Primary
project_1007,commodity_12,Primary
project_1008,commodity_42,Primary
project_1009,commodity_12,Primary
project_1009,commodity_31,Primary
project_1010,commodity_12,Primary
project_1011,commodity_12,Primary
project_1012,commodity_22,Primary
project_1012,commodity_31,Primary
project_1012,commodity_2,Secondary
project_1012,commodity_12,Secondary
project_1012,commodity_121,Secondary
project_1013,commodity_12,Primary
project_1014,commodity_12,Primary
project_1015,commodity_12,Primary
project_1015,commodity_31,Primary
project_1016,commodity_12,Primary
project_1017,commodity_128,Primary
project_1018,commodity_12,Primary
project_1018,commodity_2,Secondary
project_1018,commodity_42,Secondary
project_1019,commodity_89,Primary
project_1019,commodity_31,Secondary
project_1019,commodity_91,Secondary
project_1019,commodity_148,Secondary
project_1019,commodity_149,Secondary
project_1019,commodity_42,Secondary
project_1020,commodity_12,Primary
project_1021,commodity_31,Primary
project_1021,commodity_12,Primary
project_1022,commodity_45,Primary
project_1022,commodity_42,Secondary
project_1022,commodity_61,Secondary
project_1023,commodity_143,Primary
project_1023,commodity_144,Primary
project_1024,commodity_31,Primary
project_1024,commodity_2,Primary
project_1024,commodity_12,Primary
project_1025,commodity_97,Primary
project_1025,commodity_22,Primary
project_1025,commodity_110,Secondary
project_1025,commodity_42,Secondary
project_1025,commodity_106,Secondary
project_1026,commodity_12,Primary
project_1026,commodity_2,Secondary
project_1027,commodity_143,Primary
project_1027,commodity_144,Secondary
project_1028,commodity_2,Primary
project_1028,commodity_105,Primary
project_1029,commodity_12,Primary
project_1030,commodity_8,Primary
project_1030,commodity_128,Primary
project_1031,commodity_12,Primary
project_1032,commodity_107,Primary
project_1032,commodity_102,Primary
project_1032,commodity_103,Primary
project_1033,commodity_86,Primary
project_1033,commodity_42,Primary
project_1033,commodity_146,Primary
project_1033,commodity_85,Secondary
project_1034,commodity_31,Primary
project_1034,commodity_154,Primary
project_1034,commodity_2,Secondary
project_1035,commodity_2,Primary
project_1036,commodity_12,Primary
project_1036,commodity_31,Primary
project_1037,commodity_12,Primary
project_1037,commodity_31,Primary
project_1038,commodity_31,Primary
project_1038,commodity_12,Primary
project_1039,commodity_31,Primary
project_1040,commodity_12,Primary
project_1040,commodity_31,Primary
project_1041,commodity_31,Primary
project_1042,commodity_2,Primary
project_1042,commodity_31,Primary
project_1042,commodity_12,Primary
project_1043,commodity_148,Primary
project_1043,commodity_149,Primary
project_1044,commodity_12,Primary
project_1045,commodity_31,Primary
project_1045,commodity_12,Secondary
project_1046,commodity_12,Primary
project_1047,commodity_19,Primary
project_1048,commodity_45,Primary
project_1048,commodity_42,Secondary
project_1049,commodity_31,Primary
project_1049,commodity_12,Primary
project_1050,commodity_42,Primary
project_1050,commodity_79,Primary
project_1051,commodity_85,Primary
project_1052,commodity_42,Primary
project_1053,commodity_12,Primary
project_1054,commodity_12,Primary
project_1055,commodity_22,Primary
project_1055,commodity_97,Primary
project_1056,commodity_19,Primary
project_1057,commodity_9,Primary
project_1058,commodity_20,Primary
project_1059,commodity_12,Primary
project_1060,commodity_128,Primary
project_1060,commodity_133,Primary
project_1060,commodity_132,Primary
project_1061,commodity_19,Primary
project_1062,commodity_65,Primary
project_1062,commodity_119,Primary
project_1062,commodity_157,Primary
project_1062,commodity_150,Primary
project_1062,commodity_74,Primary
project_1062,commodity_88,Secondary
project_1063,commodity_19,Primary
project_1064,commodity_19,Primary
project_1065,commodity_12,Primary
project_1066,commodity_2,Primary
project_1066,commodity_105,Primary
project_1067,commodity_20,Primary
project_1068,commodity_19,Primary
project_1069,commodity_12,Primary
project_1070,commodity_12,Primary
project_1071,commodity_82,Primary
project_1071,commodity_83,Primary
project_1072,commodity_128,Primary
project_1072,commodity_49,Secondary
project_1072,commodity_42,Secondary
project_1072,commodity_41,Secondary
project_1072,commodity_2,Secondary
project_1072,commodity_154,Secondary
project_1072,commodity_105,Secondary
project_1073,commodity_19,Primary
project_1074,commodity_12,Primary
project_1075,commodity_97,Primary
project_1075,commodity_22,Primary
project_1076,commodity_12,Primary
project_1077,commodity_97,Primary
project_1077,commodity_22,Primary
project_1078,commodity_129,Primary
project_1078,commodity_128,Secondary
project_1078,commodity_133,Secondary
project_1078,commodity_132,Secondary
project_1079,commodity_157,Primary
project_1079,commodity_119,Primary
project_1079,commodity_65,Primary
project_1079,commodity_74,Secondary
project_1079,commodity_139,Secondary
project_1079,commodity_57,Secondary
project_1080,commodity_19,Primary
project_1081,commodity_119,Primary
project_1081,commodity_157,Primary
project_1081,commodity_65,Primary
project_1081,commodity_74,Primary
project_1082,commodity_19,Primary
project_1083,commodity_12,Primary
project_1084,commodity_101,Primary
project_1085,commodity_72,Primary
project_1086,commodity_97,Primary
project_1086,commodity_22,Secondary
project_1086,commodity_104,Secondary
project_1086,commodity_31,Secondary
project_1087,commodity_157,Primary
project_1087,commodity_119,Primary
project_1087,commodity_65,Primary
project_1087,commodity_74,Primary
project_1088,commodity_47,Primary
project_1088,commodity_84,Primary
project_1089,commodity_12,Primary
project_1090,commodity_65,Primary
project_1090,commodity_157,Primary
project_1090,commodity_74,Primary
project_1090,commodity_119,Primary
project_1091,commodity_20,Primary
project_1092,commodity_65,Primary
project_1092,commodity_157,Primary
project_1092,commodity_119,Primary
project_1092,commodity_74,Primary
project_1093,commodity_22,Primary
project_1093,commodity_97,Primary
project_1094,commodity_12,Primary
project_1095,commodity_119,Primary
project_1095,commodity_157,Primary
project_1095,commodity_65,Primary
project_1095,commodity_88,Primary
project_1096,commodity_19,Primary
project_1097,commodity_12,Primary
project_1098,commodity_12,Primary
project_1099,commodity_12,Primary
project_1100,commodity_143,Primary
project_1100,commodity_144,Primary
project_1101,commodity_33,Primary
project_1102,commodity_12,Primary
project_1103,commodity_31,Primary
project_1104,commodity_12,Primary
project_1105,commodity_97,Primary
project_1105,commodity_104,Primary
project_1105,commodity_106,Primary
project_1105,commodity_110,Primary
project_1105,commodity_31,Secondary
project_1105,commodity_22,Secondary
project_1106,commodity_105,Primary
project_1106,commodity_2,Primary
project_1106,commodity_154,Primary
project_1107,commodity_97,Primary
project_1108,commodity_119,Primary
project_1108,commodity_157,Primary
project_1108,commodity_65,Primary
project_1108,commodity_88,Primary
project_1108,commodity_87,Primary
project_1109,commodity_42,Primary
project_1109,commodity_45,Primary
project_1110,commodity_139,Primary
project_1110,commodity_145,Primary
project_1111,commodity_45,Primary
project_1111,commodity_42,Secondary
project_1112,commodity_128,Primary
project_1113,commodity_76,Primary
project_1113,commodity_133,Primary
project_1113,commodity_129,Primary
project_1113,commodity_93,Primary
project_1113,commodity_50,Primary
project_1113,commodity_132,Primary
project_1113,commodity_75,Primary
project_1113,commodity_128,Primary
project_1114,commodity_31,Primary
project_1115,commodity_12,Primary
project_1116,commodity_12,Primary
project_1117,commodity_128,Primary
project_1118,commodity_154,Primary
project_1118,commodity_2,Primary
project_1118,commodity_12,Primary
project_1118,commodity_31,Primary
project_1118,commodity_105,Primary
project_1119,commodity_128,Primary
project_1120,commodity_12,Primary
project_1121,commodity_148,Primary
project_1122,commodity_128,Primary
project_1122,commodity_149,Primary
project_1123,commodity_107,Primary
project_1123,commodity_103,Secondary
project_1123,commodity_102,Secondary
project_1124,commodity_31,Primary
project_1125,commodity_31,Primary
project_1126,commodity_31,Primary
project_1127,commodity_31,Primary
project_1128,commodity_157,Primary
project_1128,commodity_119,Primary
project_1128,commodity_65,Primary
project_1128,commodity_87,Primary
project_1128,commodity_139,Primary
project_1128,commodity_57,Primary
project_1128,commodity_74,Secondary
project_1129,commodity_19,Primary
project_1130,commodity_97,Primary
project_1131,commodity_122,Primary
project_1132,commodity_12,Primary
project_1133,commodity_122,Primary
project_1134,commodity_12,Primary
project_1135,commodity_12,Primary
project_1136,commodity_12,Primary
project_1137,commodity_12,Primary
project_1138,commodity_31,Primary
project_1138,commodity_22,Primary
project_1139,commodity_12,Primary
project_1140,commodity_19,Primary
project_1141,commodity_154,Primary
project_1141,commodity_105,Primary
project_1142,commodity_19,Primary
project_1143,commodity_12,Primary
project_1144,commodity_19,Primary
project_1145,commodity_12,Primary
project_1146,commodity_12,Primary
project_1147,commodity_128,Primary
project_1147,commodity_129,Primary
project_1148,commodity_19,Primary
project_1149,commodity_9,Primary
project_1150,commodity_97,Primary
project_1150,commodity_22,Primary
project_1151,commodity_12,Primary
project_1152,commodity_20,Primary
project_1153,commodity_97,Primary
project_1153,commodity_22,Primary
project_1154,commodity_12,Primary
project_1155,commodity_157,Primary
project_1155,commodity_65,Primary
project_1155,commodity_119,Primary
project_1155,commodity_137,Primary
project_1155,commodity_74,Primary
project_1156,commodity_12,Primary
project_1157,commodity_12,Primary
project_1158,commodity_97,Primary
project_1158,commodity_81,Primary
project_1158,commodity_4,Primary
project_1158,commodity_22,Secondary
project_1158,commodity_42,Secondary
project_1159,commodity_12,Primary
project_1159,commodity_31,Primary
project_1160,commodity_12,Primary
project_1161,commodity_128,Primary
project_1161,commodity_129,Primary
project_1162,commodity_119,Primary
project_1162,commodity_157,Primary
project_1162,commodity_65,Primary
project_1162,commodity_74,Primary
project_1163,commodity_19,Primary
project_1164,commodity_12,Primary
project_1165,commodity_12,Primary
project_1166,commodity_19,Primary
project_1167,commodity_97,Primary
project_1167,commodity_22,Primary
project_1168,commodity_12,Primary
project_1169,commodity_12,Primary
project_1170,commodity_97,Primary
project_1170,commodity_31,Secondary
project_1170,commodity_22,Secondary
project_1170,commodity_104,Secondary
project_1171,commodity_65,Primary
project_1171,commodity_119,Primary
project_1171,commodity_88,Primary
project_1171,commodity_74,Primary
project_1171,commodity_157,Primary
project_1172,commodity_157,Primary
project_1172,commodity_65,Primary
project_1172,commodity_119,Secondary
project_1173,commodity_12,Primary
project_1174,commodity_12,Primary
project_1175,commodity_12,Primary
project_1175,commodity_2,Secondary
project_1175,commodity_15,Secondary
project_1176,commodity_97,Primary
project_1176,commodity_22,Primary
project_1176,commodity_12,Primary
project_1177,commodity_65,Primary
project_1177,commodity_157,Primary
project_1177,commodity_74,Primary
project_1177,commodity_119,Primary
project_1177,commodity_139,Primary
project_1178,commodity_154,Primary
project_1178,commodity_105,Primary
project_1178,commodity_31,Primary
project_1178,commodity_2,Secondary
project_1178,commodity_12,Secondary
project_1179,commodity_12,Primary
project_1180,commodity_74,Primary
project_1180,commodity_88,Primary
project_1180,commodity_65,Secondary
project_1180,commodity_119,Secondary
project_1180,commodity_157,Secondary
project_1181,commodity_12,Primary
project_1182,commodity_12,Primary
project_1183,commodity_83,Primary
project_1183,commodity_82,Primary
project_1184,commodity_12,Primary
project_1185,commodity_12,Primary
project_1186,commodity_12,Primary
project_1187,commodity_45,Primary
project_1187,commodity_42,Primary
project_1188,commodity_12,Primary
project_1188,commodity_31,Primary
project_1189,commodity_12,Primary
project_1190,commodity_12,Primary
project_1191,commodity_42,Primary
project_1192,commodity_145,Primary
project_1192,commodity_42,Primary
project_1192,commodity_119,Primary
project_1192,commodity_139,Primary
project_1192,commodity_146,Primary
project_1192,commodity_104,Primary
project_1192,commodity_28,Primary
project_1192,commodity_45,Secondary
project_1193,commodity_12,Primary
project_1194,commodity_12,Primary
project_1195,commodity_19,Primary
project_1196,commodity_31,Primary
project_1197,commodity_31,Primary
project_1198,commodity_31,Primary
project_1198,commodity_12,Primary
project_1199,commodity_12,Primary
project_1199,commodity_143,Primary
project_1200,commodity_31,Primary
project_1200,commodity_154,Primary
project_1200,commodity_2,Secondary
project_1200,commodity_105,Secondary
project_1200,commodity_12,Secondary
project_1201,commodity_12,Primary
project_1202,commodity_2,Primary
project_1202,commodity_154,Primary
project_1202,commodity_105,Primary
project_1203,commodity_12,Primary
project_1204,commodity_31,Primary
project_1204,commodity_12,Secondary
project_1204,commodity_2,Secondary
project_1205,commodity_12,Primary
project_1206,commodity_12,Primary
project_1206,commodity_122,Primary
project_1207,commodity_9,Primary
project_1208,commodity_12,Primary
project_1209,commodity_12,Primary
project_1210,commodity_12,Primary
project_1211,commodity_19,Primary
project_1212,commodity_19,Primary
project_1213,commodity_12,Primary
project_1214,commodity_12,Primary
project_1215,commodity_41,Primary
project_1215,commodity_49,Primary
project_1216,commodity_19,Primary
project_1217,commodity_20,Primary
project_1218,commodity_12,Primary
project_1219,commodity_12,Primary
project_1220,commodity_129,Primary
project_1220,commodity_128,Primary
project_1221,commodity_12,Primary
project_1222,commodity_19,Primary
project_1223,commodity_42,Primary
project_1224,commodity_12,Primary
project_1225,commodity_12,Primary
project_1226,commodity_12,Primary
project_1227,commodity_12,Primary
project_1228,commodity_20,Primary
project_1229,commodity_12,Primary
project_1229,commodity_31,Secondary
project_1230,commodity_12,Primary
project_1231,commodity_104,Primary
project_1231,commodity_110,Primary
project_1231,commodity_106,Primary
project_1232,commodity_12,Primary
project_1233,commodity_12,Primary
project_1234,commodity_97,Primary
project_1234,commodity_22,Primary
project_1235,commodity_12,Primary
project_1236,commodity_12,Primary
project_1237,commodity_76,Primary
project_1237,commodity_75,Primary
project_1237,commodity_128,Primary
project_1237,commodity_132,Primary
project_1238,commodity_12,Primary
project_1239,commodity_22,Primary
project_1239,commodity_97,Primary
project_1240,commodity_157,Primary
project_1240,commodity_65,Primary
project_1240,commodity_119,Secondary
project_1240,commodity_74,Secondary
project_1241,commodity_65,Primary
project_1241,commodity_157,Primary
project_1241,commodity_74,Primary
project_1242,commodity_74,Primary
project_1242,commodity_119,Primary
project_1242,commodity_157,Primary
project_1242,commodity_65,Primary
project_1243,commodity_65,Primary
project_1243,commodity_157,Primary
project_1243,commodity_74,Primary
project_1243,commodity_119,Primary
project_1244,commodity_65,Primary
project_1244,commodity_157,Primary
project_1244,commodity_74,Primary
project_1244,commodity_119,Primary
project_1245,commodity_12,Primary
project_1246,commodity_19,Primary
project_1247,commodity_12,Primary
project_1248,commodity_12,Primary
project_1249,commodity_12,Primary
project_1250,commodity_12,Primary
project_1251,commodity_12,Primary
project_1252,commodity_45,Primary
project_1252,commodity_42,Secondary
project_1253,commodity_19,Primary
project_1254,commodity_12,Primary
project_1255,commodity_12,Primary
project_1256,commodity_157,Primary
project_1256,commodity_65,Primary
project_1256,commodity_119,Secondary
project_1257,commodity_105,Primary
project_1257,commodity_2,Secondary
project_1257,commodity_31,Secondary
project_1257,commodity_12,Secondary
project_1257,commodity_154,Secondary
project_1257,commodity_16,Secondary
project_1258,commodity_12,Primary
project_1258,commodity_2,Secondary
project_1258,commodity_31,Secondary
project_1259,commodity_143,Primary
project_1259,commodity_145,Secondary
project_1259,commodity_146,Secondary
project_1259,commodity_144,Secondary
project_1260,commodity_12,Primary
project_1261,commodity_12,Primary
project_1262,commodity_12,Primary
project_1263,commodity_143,Primary
project_1263,commodity_144,Secondary
project_1264,commodity_115,Primary
project_1264,commodity_143,Primary
project_1264,commodity_144,Primary
project_1265,commodity_12,Primary
project_1265,commodity_2,Secondary
project_1265,commodity_31,Secondary
project_1265,commodity_15,Secondary
project_1266,commodity_45,Primary
project_1266,commodity_42,Secondary
project_1266,commodity_145,Secondary
project_1266,commodity_146,Secondary
project_1267,commodity_127,Primary
project_1268,commodity_12,Primary
project_1269,commodity_12,Primary
project_1270,commodity_12,Primary
project_1271,commodity_2,Primary
project_1271,commodity_12,Primary
project_1272,commodity_12,Primary
project_1273,commodity_105,Primary
project_1273,commodity_31,Primary
project_1273,commodity_2,Primary
project_1273,commodity_154,Primary
project_1274,commodity_31,Primary
project_1274,commodity_22,Primary
project_1274,commodity_154,Primary
project_1274,commodity_2,Secondary
project_1274,commodity_12,Secondary
project_1274,commodity_105,Secondary
project_1275,commodity_128,Primary
project_1276,commodity_42,Primary
project_1277,commodity_97,Primary
project_1277,commodity_22,Secondary
project_1277,commodity_104,Secondary
project_1277,commodity_31,Secondary
project_1277,commodity_8,Secondary
project_1277,commodity_42,Secondary
project_1277,commodity_82,Secondary
project_1277,commodity_121,Secondary
project_1278,commodity_12,Primary
project_1279,commodity_128,Primary
project_1279,commodity_148,Primary
project_1279,commodity_129,Primary
project_1280,commodity_19,Primary
project_1281,commodity_19,Primary
project_1282,commodity_19,Primary
project_1283,commodity_12,Primary
project_1283,commodity_31,Primary
project_1284,commodity_12,Primary
project_1284,commodity_31,Primary
project_1285,commodity_31,Primary
project_1285,commodity_12,Primary
project_1286,commodity_12,Primary
project_1286,commodity_31,Primary
project_1287,commodity_31,Primary
project_1288,commodity_31,Primary
project_1288,commodity_22,Primary
project_1289,commodity_12,Primary
project_1289,commodity_31,Primary
project_1290,commodity_12,Primary
project_1290,commodity_31,Primary
project_1291,commodity_31,Primary
project_1291,commodity_12,Primary
project_1291,commodity_2,Primary
project_1291,commodity_154,Primary
project_1292,commodity_20,Primary
project_1293,commodity_12,Primary
project_1294,commodity_12,Primary
project_1295,commodity_19,Primary
project_1296,commodity_42,Primary
project_1297,commodity_42,Primary
project_1298,commodity_49,Primary
project_1298,commodity_41,Primary
project_1299,commodity_12,Primary
project_1299,commodity_2,Secondary
project_1299,commodity_122,Secondary
project_1299,commodity_105,Secondary
project_1300,commodity_128,Primary
project_1301,commodity_19,Primary
project_1302,commodity_31,Primary
project_1302,commodity_2,Secondary
project_1302,commodity_105,Secondary
project_1302,commodity_154,Secondary
project_1303,commodity_97,Primary
project_1303,commodity_31,Secondary
project_1303,commodity_22,Secondary
project_1304,commodity_154,Primary
project_1304,commodity_66,Primary
project_1304,commodity_105,Primary
project_1304,commodity_2,Primary
project_1305,commodity_85,Primary
project_1305,commodity_86,Secondary
project_1306,commodity_19,Primary
project_1307,commodity_19,Primary
project_1308,commodity_154,Primary
project_1308,commodity_31,Primary
project_1308,commodity_12,Primary
project_1308,commodity_2,Primary
project_1308,commodity_105,Primary
project_1309,commodity_154,Primary
project_1309,commodity_105,Primary
project_1309,commodity_2,Primary
project_1310,commodity_85,Primary
project_1311,commodity_12,Primary
project_1312,commodity_20,Primary
project_1313,commodity_20,Primary
project_1314,commodity_128,Primary
project_1314,commodity_129,Primary
project_1315,commodity_12,Primary
project_1316,commodity_41,Primary
project_1316,commodity_49,Primary
project_1317,commodity_22,Primary
project_1317,commodity_97,Primary
project_1318,commodity_128,Primary
project_1319,commodity_31,Primary
project_1320,commodity_12,Primary
project_1321,commodity_157,Primary
project_1321,commodity_119,Primary
project_1321,commodity_65,Primary
project_1321,commodity_139,Primary
project_1321,commodity_57,Primary
project_1321,commodity_74,Secondary
project_1322,commodity_65,Primary
project_1322,commodity_157,Primary
project_1322,commodity_119,Primary
project_1323,commodity_119,Primary
project_1323,commodity_157,Primary
project_1323,commodity_65,Primary
project_1323,commodity_128,Primary
project_1324,commodity_12,Primary
project_1325,commodity_128,Primary
project_1326,commodity_31,Primary
project_1326,commodity_12,Primary
project_1326,commodity_2,Primary
project_1326,commodity_22,Primary
project_1327,commodity_119,Primary
project_1327,commodity_157,Primary
project_1327,commodity_65,Primary
project_1327,commodity_74,Secondary
project_1328,commodity_19,Primary
project_1329,commodity_19,Primary
project_1330,commodity_12,Primary
project_1331,commodity_65,Primary
project_1331,commodity_74,Primary
project_1331,commodity_119,Primary
project_1331,commodity_157,Primary
project_1332,commodity_65,Primary
project_1332,commodity_157,Primary
project_1332,commodity_74,Primary
project_1332,commodity_119,Primary
project_1333,commodity_97,Primary
project_1334,commodity_19,Primary
project_1335,commodity_12,Primary
project_1336,commodity_115,Primary
project_1336,commodity_143,Secondary
project_1336,commodity_107,Secondary
project_1336,commodity_103,Secondary
project_1336,commodity_137,Secondary
project_1336,commodity_144,Secondary
project_1336,commodity_114,Secondary
project_1337,commodity_12,Primary
project_1338,commodity_12,Primary
project_1339,commodity_12,Primary
project_1340,commodity_154,Primary
project_1340,commodity_31,Primary
project_1340,commodity_105,Primary
project_1340,commodity_2,Secondary
project_1340,commodity_12,Secondary
project_1340,commodity_21,Secondary
project_1340,commodity_15,Secondary
project_1340,commodity_122,Secondary
project_1341,commodity_12,Primary
project_1342,commodity_12,Primary
project_1343,commodity_12,Primary
project_1344,commodity_128,Primary
project_1345,commodity_12,Primary
project_1345,commodity_2,Secondary
project_1346,commodity_143,Primary
project_1346,commodity_144,Primary
project_1347,commodity_12,Primary
project_1347,commodity_2,Secondary
project_1348,commodity_12,Primary
project_1349,commodity_12,Primary
project_1350,commodity_149,Primary
project_1350,commodity_148,Primary
project_1350,commodity_45,Primary
project_1350,commodity_128,Primary
project_1350,commodity_79,Secondary
project_1350,commodity_42,Secondary
project_1351,commodity_12,Primary
project_1352,commodity_12,Primary
project_1353,commodity_148,Primary
project_1353,commodity_149,Primary
project_1354,commodity_148,Primary
project_1354,commodity_15,Primary
project_1354,commodity_89,Primary
project_1354,commodity_149,Primary
project_1355,commodity_154,Primary
project_1355,commodity_105,Secondary
project_1356,commodity_12,Primary
project_1357,commodity_12,Primary
project_1358,commodity_12,Primary
project_1359,commodity_12,Primary
project_1360,commodity_31,Primary
project_1360,commodity_105,Primary
project_1360,commodity_12,Primary
project_1360,commodity_2,Primary
project_1360,commodity_154,Primary
project_1361,commodity_19,Primary
project_1362,commodity_19,Primary
project_1363,commodity_42,Primary
project_1364,commodity_31,Primary
project_1365,commodity_31,Primary
project_1366,commodity_2,Primary
project_1367,commodity_31,Primary
project_1368,commodity_31,Primary
project_1369,commodity_31,Primary
project_1370,commodity_31,Primary
project_1371,commodity_12,Primary
project_1371,commodity_31,Primary
project_1372,commodity_31,Primary
project_1373,commodity_12,Primary
project_1373,commodity_31,Primary
project_1374,commodity_31,Primary
project_1374,commodity_22,Secondary
project_1374,commodity_2,Secondary
project_1374,commodity_12,Secondary
project_1375,commodity_2,Primary
project_1375,commodity_105,Primary
project_1375,commodity_12,Primary
project_1376,commodity_19,Primary
project_1377,commodity_12,Primary
project_1378,commodity_12,Primary
project_1379,commodity_42,Primary
project_1380,commodity_31,Primary
project_1380,commodity_2,Primary
project_1380,commodity_12,Secondary
project_1380,commodity_105,Secondary
project_1380,commodity_154,Secondary
project_1381,commodity_157,Primary
project_1381,commodity_65,Primary
project_1381,commodity_119,Primary
project_1382,commodity_42,Primary
project_1383,commodity_12,Primary
project_1384,commodity_12,Primary
project_1385,commodity_19,Primary
project_1386,commodity_19,Primary
project_1387,commodity_12,Primary
project_1388,commodity_19,Primary
project_1389,commodity_19,Primary
project_1390,commodity_12,Primary
project_1391,commodity_12,Primary
project_1392,commodity_128,Primary
project_1392,commodity_129,Primary
project_1393,commodity_148,Primary
project_1393,commodity_128,Primary
project_1394,commodity_65,Primary
project_1394,commodity_119,Primary
project_1394,commodity_157,Primary
project_1394,commodity_74,Primary
project_1395,commodity_12,Primary
project_1396,commodity_12,Primary
project_1397,commodity_97,Primary
project_1397,commodity_22,Primary
project_1398,commodity_128,Primary
project_1398,commodity_41,Secondary
project_1398,commodity_42,Secondary
project_1398,commodity_49,Secondary
project_1399,commodity_12,Primary
project_1400,commodity_157,Primary
project_1400,commodity_119,Primary
project_1400,commodity_65,Primary
project_1400,commodity_74,Primary
project_1401,commodity_83,Primary
project_1401,commodity_82,Primary
project_1402,commodity_45,Primary
project_1402,commodity_42,Secondary
project_1403,commodity_31,Primary
project_1403,commodity_12,Primary
project_1404,commodity_31,Primary
project_1404,commodity_105,Primary
project_1404,commodity_154,Primary
project_1404,commodity_12,Primary
project_1404,commodity_2,Secondary
project_1405,commodity_19,Primary
project_1406,commodity_12,Primary
project_1407,commodity_101,Primary
project_1408,commodity_12,Primary
project_1409,commodity_65,Primary
project_1409,commodity_74,Primary
project_1409,commodity_157,Primary
project_1409,commodity_119,Primary
project_1410,commodity_65,Primary
project_1410,commodity_157,Primary
project_1410,commodity_74,Primary
project_1410,commodity_119,Primary
project_1411,commodity_65,Primary
project_1411,commodity_119,Primary
project_1411,commodity_74,Primary
project_1411,commodity_157,Primary
project_1412,commodity_19,Primary
project_1413,commodity_12,Primary
project_1414,commodity_12,Primary
project_1415,commodity_12,Primary
project_1416,commodity_45,Primary
project_1416,commodity_42,Primary
project_1417,commodity_12,Primary
project_1418,commodity_12,Primary
project_1419,commodity_31,Primary
project_1419,commodity_12,Primary
project_1420,commodity_12,Primary
project_1421,commodity_19,Primary
project_1422,commodity_12,Primary
project_1423,commodity_12,Primary
project_1424,commodity_12,Primary
project_1425,commodity_12,Primary
project_1426,commodity_119,Primary
project_1426,commodity_157,Primary
project_1426,commodity_65,Primary
project_1426,commodity_88,Primary
project_1426,commodity_87,Primary
project_1427,commodity_12,Primary
project_1428,commodity_143,Primary
project_1428,commodity_12,Primary
project_1428,commodity_144,Secondary
project_1429,commodity_97,Primary
project_1429,commodity_31,Primary
project_1429,commodity_22,Primary
project_1429,commodity_143,Primary
project_1429,commodity_144,Primary
project_1430,commodity_42,Primary
project_1430,commodity_45,Secondary
project_1431,commodity_12,Primary
project_1432,commodity_42,Primary
project_1433,commodity_2,Primary
project_1433,commodity_12,Primary
project_1434,commodity_128,Primary
project_1434,commodity_31,Primary
project_1435,commodity_12,Primary
project_1436,commodity_12,Primary
project_1437,commodity_12,Primary
project_1438,commodity_12,Primary
project_1438,commodity_105,Primary
project_1439,commodity_12,Primary
project_1440,commodity_12,Primary
project_1440,commodity_128,Primary
project_1441,commodity_42,Primary
project_1441,commodity_85,Primary
project_1441,commodity_45,Secondary
project_1441,commodity_86,Secondary
project_1442,commodity_105,Primary
project_1442,commodity_12,Primary
project_1442,commodity_31,Primary
project_1442,commodity_154,Primary
project_1442,commodity_2,Primary
project_1443,commodity_16,Primary
project_1444,commodity_31,Primary
project_1444,commodity_12,Secondary
project_1444,commodity_2,Secondary
project_1444,commodity_22,Secondary
project_1445,commodity_19,Primary
project_1446,commodity_19,Primary
project_1447,commodity_19,Primary
project_1448,commodity_19,Primary
project_1449,commodity_86,Primary
project_1449,commodity_85,Secondary
project_1450,commodity_12,Primary
project_1451,commodity_89,Primary
project_1451,commodity_149,Primary
project_1451,commodity_148,Primary
project_1452,commodity_143,Primary
project_1452,commodity_144,Primary
project_1452,commodity_31,Primary
project_1453,commodity_85,Primary
project_1453,commodity_86,Secondary
project_1454,commodity_14,Primary
project_1455,commodity_31,Primary
project_1456,commodity_12,Primary
project_1456,commodity_31,Primary
project_1457,commodity_31,Primary
project_1458,commodity_31,Primary
project_1459,commodity_12,Primary
project_1460,commodity_128,Primary
project_1461,commodity_128,Primary
project_1462,commodity_12,Primary
project_1462,commodity_2,Secondary
project_1463,commodity_12,Primary
project_1464,commodity_65,Primary
project_1464,commodity_74,Primary
project_1464,commodity_157,Secondary
project_1465,commodity_12,Primary
project_1466,commodity_12,Primary
project_1467,commodity_12,Primary
project_1468,commodity_19,Primary
project_1469,commodity_45,Primary
project_1469,commodity_42,Secondary
project_1470,commodity_2,Primary
project_1470,commodity_154,Primary
project_1470,commodity_12,Secondary
project_1470,commodity_64,Secondary
project_1470,commodity_105,Secondary
project_1471,commodity_45,Primary
project_1471,commodity_42,Secondary
project_1472,commodity_12,Primary
project_1472,commodity_2,Secondary
project_1473,commodity_45,Primary
project_1473,commodity_42,Secondary
project_1474,commodity_42,Primary
project_1475,commodity_97,Primary
project_1475,commodity_22,Primary
project_1476,commodity_12,Primary
project_1477,commodity_12,Primary
project_1478,commodity_2,Primary
project_1478,commodity_12,Primary
project_1479,commodity_97,Primary
project_1479,commodity_22,Secondary
project_1480,commodity_12,Primary
project_1481,commodity_2,Primary
project_1481,commodity_31,Primary
project_1482,commodity_12,Primary
project_1483,commodity_85,Primary
project_1483,commodity_86,Primary
project_1484,commodity_12,Primary
project_1485,commodity_97,Primary
project_1485,commodity_22,Primary
project_1486,commodity_12,Primary
project_1487,commodity_12,Primary
project_1488,commodity_12,Primary
project_1489,commodity_19,Primary
project_1490,commodity_12,Primary
project_1491,commodity_83,Primary
project_1491,commodity_80,Primary
project_1491,commodity_81,Primary
project_1491,commodity_158,Secondary
project_1492,commodity_12,Primary
project_1493,commodity_12,Primary
project_1494,commodity_12,Primary
project_1495,commodity_45,Primary
project_1495,commodity_42,Secondary
project_1496,commodity_65,Primary
project_1496,commodity_157,Primary
project_1496,commodity_119,Primary
project_1496,commodity_74,Secondary
project_1496,commodity_88,Secondary
project_1497,commodity_12,Primary
project_1498,commodity_104,Primary
project_1498,commodity_2,Secondary
project_1498,commodity_12,Secondary
project_1499,commodity_12,Primary
project_1500,commodity_97,Primary
project_1500,commodity_22,Primary
project_1501,commodity_65,Primary
project_1501,commodity_157,Primary
project_1501,commodity_119,Primary
project_1501,commodity_74,Primary
project_1502,commodity_12,Primary
project_1503,commodity_12,Primary
project_1504,commodity_12,Primary
project_1505,commodity_19,Primary
project_1506,commodity_97,Primary
project_1506,commodity_22,Primary
project_1506,commodity_104,Primary
project_1506,commodity_31,Primary
project_1507,commodity_19,Primary
project_1508,commodity_12,Primary
project_1509,commodity_12,Primary
project_1510,commodity_12,Primary
project_1511,commodity_22,Primary
project_1511,commodity_31,Primary
project_1511,commodity_97,Primary
project_1512,commodity_12,Primary
project_1513,commodity_12,Primary
project_1514,commodity_85,Primary
project_1514,commodity_97,Primary
project_1514,commodity_22,Primary
project_1515,commodity_19,Primary
project_1516,commodity_19,Primary
project_1517,commodity_12,Primary
project_1518,commodity_12,Primary
project_1519,commodity_12,Primary
project_1520,commodity_97,Primary
project_1520,commodity_22,Primary
project_1521,commodity_12,Primary
project_1522,commodity_45,Primary
project_1522,commodity_42,Secondary
project_1523,commodity_12,Primary
project_1524,commodity_12,Primary
project_1524,commodity_31,Secondary
project_1524,commodity_2,Secondary
project_1525,commodity_12,Primary
project_1526,commodity_12,Primary
project_1527,commodity_12,Primary
project_1527,commodity_143,Secondary
project_1527,commodity_110,Secondary
project_1527,commodity_106,Secondary
project_1527,commodity_104,Secondary
project_1527,commodity_144,Secondary
project_1528,commodity_12,Primary
project_1528,commodity_2,Secondary
project_1528,commodity_105,Secondary
project_1528,commodity_154,Secondary
project_1528,commodity_31,Secondary
project_1529,commodity_12,Primary
project_1530,commodity_12,Primary
project_1531,commodity_105,Primary
project_1531,commodity_31,Primary
project_1531,commodity_2,Primary
project_1531,commodity_154,Primary
project_1532,commodity_12,Primary
project_1533,commodity_16,Primary
project_1534,commodity_2,Primary
project_1534,commodity_12,Primary
project_1534,commodity_105,Primary
project_1534,commodity_154,Primary
project_1534,commodity_31,Primary
project_1535,commodity_31,Primary
project_1535,commodity_12,Primary
project_1535,commodity_2,Primary
project_1535,commodity_15,Secondary
project_1536,commodity_12,Primary
project_1537,commodity_12,Primary
project_1538,commodity_143,Primary
project_1538,commodity_144,Primary
project_1539,commodity_31,Primary
project_1539,commodity_2,Primary
project_1539,commodity_12,Primary
project_1540,commodity_105,Primary
project_1540,commodity_2,Primary
project_1540,commodity_154,Primary
project_1541,commodity_143,Primary
project_1541,commodity_144,Secondary
project_1542,commodity_12,Primary
project_1543,commodity_12,Primary
project_1544,commodity_65,Primary
project_1544,commodity_157,Primary
project_1544,commodity_119,Primary
project_1544,commodity_74,Primary
project_1544,commodity_87,Primary
project_1545,commodity_148,Primary
project_1546,commodity_97,Primary
project_1546,commodity_31,Primary
project_1546,commodity_22,Primary
project_1547,commodity_12,Primary
project_1547,commodity_31,Primary
project_1548,commodity_31,Primary
project_1549,commodity_12,Primary
project_1549,commodity_31,Primary
project_1550,commodity_31,Primary
project_1551,commodity_31,Primary
project_1552,commodity_31,Primary
project_1552,commodity_128,Primary
project_1553,commodity_19,Primary
project_1554,commodity_154,Primary
project_1554,commodity_105,Primary
project_1554,commodity_2,Primary
project_1554,commodity_31,Secondary
project_1555,commodity_31,Primary
project_1555,commodity_12,Primary
project_1556,commodity_12,Primary
project_1557,commodity_12,Primary
project_1558,commodity_119,Primary
project_1558,commodity_157,Primary
project_1558,commodity_65,Primary
project_1558,commodity_87,Secondary
project_1559,commodity_12,Primary
project_1560,commodity_45,Primary
project_1560,commodity_42,Secondary
project_1561,commodity_31,Primary
project_1562,commodity_49,Primary
project_1562,commodity_41,Primary
project_1563,commodity_42,Primary
project_1564,commodity_2,Primary
project_1564,commodity_12,Primary
project_1565,commodity_12,Primary
project_1566,commodity_9,Primary
project_1567,commodity_19,Primary
project_1568,commodity_42,Primary
project_1568,commodity_79,Primary
project_1569,commodity_12,Primary
project_1570,commodity_12,Primary
project_1571,commodity_19,Primary
project_1572,commodity_19,Primary
project_1573,commodity_12,Primary
project_1574,commodity_12,Primary
project_1575,commodity_12,Primary
project_1576,commodity_19,Primary
project_1577,commodity_12,Primary
project_1578,commodity_19,Primary
project_1579,commodity_12,Primary
project_1580,commodity_12,Primary
project_1581,commodity_12,Primary
project_1581,commodity_31,Secondary
project_1582,commodity_97,Primary
project_1582,commodity_22,Primary
project_1582,commodity_31,Secondary
project_1583,commodity_31,Primary
project_1584,commodity_128,Primary
project_1584,commodity_105,Secondary
project_1584,commodity_2,Secondary
project_1584,commodity_31,Secondary
project_1584,commodity_154,Secondary
project_1584,commodity_148,Secondary
project_1585,commodity_22,Primary
project_1585,commodity_97,Primary
project_1586,commodity_97,Primary
project_1586,commodity_22,Primary
project_1587,commodity_42,Primary
project_1588,commodity_12,Primary
project_1589,commodity_12,Primary
project_1590,commodity_12,Primary
project_1591,commodity_12,Primary
project_1592,commodity_12,Primary
project_1593,commodity_12,Primary
project_1594,commodity_128,Primary
project_1594,commodity_154,Primary
project_1594,commodity_31,Primary
project_1594,commodity_2,Primary
project_1594,commodity_105,Primary
project_1595,commodity_12,Primary
project_1596,commodity_31,Primary
project_1596,commodity_12,Primary
project_1596,commodity_79,Secondary
project_1596,commodity_42,Secondary
project_1596,commodity_45,Secondary
project_1597,commodity_107,Primary
project_1598,commodity_97,Primary
project_1598,commodity_22,Secondary
project_1598,commodity_31,Secondary
project_1599,commodity_157,Primary
project_1599,commodity_119,Primary
project_1599,commodity_65,Secondary
project_1599,commodity_74,Secondary
project_1600,commodity_12,Primary
project_1601,commodity_42,Primary
project_1602,commodity_12,Primary
project_1603,commodity_12,Primary
project_1604,commodity_12,Primary
project_1605,commodity_12,Primary
project_1606,commodity_12,Primary
project_1607,commodity_68,Primary
project_1608,commodity_154,Primary
project_1608,commodity_105,Primary
project_1608,commodity_31,Secondary
project_1608,commodity_2,Secondary
project_1608,commodity_12,Secondary
project_1609,commodity_12,Primary
project_1610,commodity_45,Primary
project_1610,commodity_42,Primary
project_1611,commodity_154,Primary
project_1611,commodity_105,Primary
project_1611,commodity_2,Secondary
project_1612,commodity_12,Primary
project_1612,commodity_124,Primary
project_1612,commodity_15,Primary
project_1612,commodity_31,Primary
project_1613,commodity_105,Primary
project_1613,commodity_31,Primary
project_1613,commodity_122,Primary
project_1613,commodity_2,Primary
project_1613,commodity_21,Primary
project_1613,commodity_154,Primary
project_1614,commodity_128,Primary
project_1615,commodity_31,Primary
project_1616,commodity_12,Primary
project_1617,commodity_12,Primary
project_1618,commodity_12,Primary
project_1619,commodity_154,Primary
project_1619,commodity_31,Primary
project_1619,commodity_12,Primary
project_1619,commodity_2,Secondary
project_1620,commodity_97,Primary
project_1621,commodity_42,Primary
project_1622,commodity_8,Primary
project_1623,commodity_89,Primary
project_1624,commodity_12,Primary
project_1625,commodity_31,Primary
project_1625,commodity_2,Primary
project_1625,commodity_89,Primary
project_1625,commodity_12,Primary
project_1626,commodity_19,Primary
project_1627,commodity_97,Primary
project_1627,commodity_22,Primary
project_1627,commodity_104,Primary
project_1627,commodity_31,Primary
project_1628,commodity_31,Primary
project_1629,commodity_12,Primary
project_1629,commodity_31,Primary
project_1630,commodity_31,Primary
project_1630,commodity_22,Primary
project_1630,commodity_2,Primary
project_1630,commodity_12,Primary
project_1631,commodity_19,Primary
project_1632,commodity_31,Primary
project_1632,commodity_2,Secondary
project_1632,commodity_12,Secondary
project_1633,commodity_12,Primary
project_1634,commodity_20,Primary
project_1635,commodity_12,Primary
project_1636,commodity_157,Primary
project_1636,commodity_119,Primary
project_1636,commodity_65,Primary
project_1636,commodity_87,Secondary
project_1636,commodity_74,Secondary
project_1637,commodity_42,Primary
project_1638,commodity_45,Primary
project_1638,commodity_42,Secondary
project_1639,commodity_86,Primary
project_1639,commodity_85,Secondary
project_1640,commodity_12,Primary
project_1640,commodity_31,Primary
project_1641,commodity_12,Primary
project_1642,commodity_31,Primary
project_1642,commodity_154,Secondary
project_1642,commodity_12,Secondary
project_1642,commodity_2,Secondary
project_1643,commodity_85,Primary
project_1643,commodity_86,Secondary
project_1644,commodity_31,Primary
project_1645,commodity_42,Primary
project_1646,commodity_42,Primary
project_1647,commodity_19,Primary
project_1648,commodity_12,Primary
project_1649,commodity_12,Primary
project_1650,commodity_115,Primary
project_1650,commodity_157,Primary
project_1650,commodity_143,Secondary
project_1650,commodity_152,Secondary
project_1650,commodity_156,Secondary
project_1650,commodity_133,Secondary
project_1650,commodity_94,Secondary
project_1650,commodity_63,Secondary
project_1650,commodity_62,Secondary
project_1650,commodity_144,Secondary
project_1650,commodity_93,Secondary
project_1650,commodity_132,Secondary
project_1650,commodity_151,Secondary
project_1651,commodity_12,Primary
project_1652,commodity_19,Primary
project_1653,commodity_12,Primary
project_1653,commodity_154,Primary
project_1653,commodity_2,Primary
project_1653,commodity_105,Primary
project_1653,commodity_31,Primary
project_1654,commodity_12,Primary
project_1655,commodity_65,Primary
project_1655,commodity_119,Primary
project_1655,commodity_157,Primary
project_1656,commodity_19,Primary
project_1657,commodity_19,Primary
project_1658,commodity_12,Primary
project_1659,commodity_12,Primary
project_1660,commodity_12,Primary
project_1661,commodity_154,Primary
project_1661,commodity_31,Primary
project_1661,commodity_105,Primary
project_1662,commodity_42,Primary
project_1663,commodity_12,Primary
project_1664,commodity_45,Primary
project_1664,commodity_42,Secondary
project_1665,commodity_12,Primary
project_1665,commodity_31,Primary
project_1666,commodity_154,Primary
project_1666,commodity_2,Secondary
project_1666,commodity_105,Secondary
project_1667,commodity_12,Primary
project_1668,commodity_12,Primary
project_1669,commodity_128,Primary
project_1670,commodity_12,Primary
project_1671,commodity_122,Primary
project_1672,commodity_157,Primary
project_1672,commodity_65,Secondary
project_1672,commodity_119,Secondary
project_1672,commodity_74,Secondary
project_1673,commodity_42,Primary
project_1673,commodity_45,Secondary
project_1674,commodity_19,Primary
project_1675,commodity_42,Primary
project_1676,commodity_2,Primary
project_1676,commodity_12,Primary
project_1677,commodity_12,Primary
project_1678,commodity_128,Primary
project_1679,commodity_128,Primary
project_1679,commodity_12,Primary
project_1679,commodity_8,Primary
project_1679,commodity_148,Primary
project_1680,commodity_45,Primary
project_1680,commodity_42,Primary
project_1681,commodity_119,Primary
project_1681,commodity_157,Primary
project_1681,commodity_65,Primary
project_1681,commodity_74,Secondary
project_1682,commodity_157,Primary
project_1682,commodity_65,Secondary
project_1682,commodity_74,Secondary
project_1683,commodity_20,Primary
project_1684,commodity_143,Primary
project_1684,commodity_89,Primary
project_1684,commodity_41,Primary
project_1684,commodity_49,Primary
project_1684,commodity_144,Primary
project_1685,commodity_105,Primary
project_1685,commodity_154,Primary
project_1685,commodity_12,Primary
project_1685,commodity_31,Primary
project_1685,commodity_2,Primary
project_1686,commodity_19,Primary
project_1687,commodity_105,Primary
project_1687,commodity_2,Primary
project_1688,commodity_12,Primary
project_1689,commodity_19,Primary
project_1690,commodity_12,Primary
project_1691,commodity_12,Primary
project_1692,commodity_19,Primary
project_1693,commodity_12,Primary
project_1694,commodity_12,Primary
project_1695,commodity_119,Primary
project_1695,commodity_65,Primary
project_1695,commodity_157,Primary
project_1695,commodity_74,Primary
project_1696,commodity_45,Primary
project_1696,commodity_42,Secondary
project_1697,commodity_28,Primary
project_1697,commodity_83,Primary
project_1697,commodity_82,Primary
project_1698,commodity_12,Primary
project_1698,commodity_31,Primary
project_1699,commodity_42,Primary
project_1699,commodity_45,Primary
project_1700,commodity_12,Primary
project_1701,commodity_19,Primary
project_1702,commodity_12,Primary
project_1702,commodity_31,Primary
project_1703,commodity_5,Primary
project_1703,commodity_139,Primary
project_1703,commodity_4,Secondary
project_1703,commodity_45,Secondary
project_1703,commodity_97,Secondary
project_1703,commodity_22,Secondary
project_1703,commodity_12,Secondary
project_1703,commodity_70,Secondary
project_1703,commodity_140,Secondary
project_1703,commodity_42,Secondary
project_1703,commodity_110,Secondary
project_1703,commodity_123,Secondary
project_1704,commodity_12,Primary
project_1705,commodity_12,Primary
project_1706,commodity_19,Primary
project_1707,commodity_12,Primary
project_1708,commodity_12,Primary
project_1708,commodity_31,Primary
project_1709,commodity_31,Primary
project_1709,commodity_12,Primary
project_1710,commodity_12,Primary
project_1711,commodity_12,Primary
project_1712,commodity_12,Primary
project_1713,commodity_12,Primary
project_1714,commodity_45,Primary
project_1714,commodity_42,Secondary
project_1715,commodity_12,Primary
project_1716,commodity_119,Primary
project_1716,commodity_157,Primary
project_1716,commodity_65,Primary
project_1716,commodity_88,Primary
project_1717,commodity_105,Primary
project_1717,commodity_2,Primary
project_1717,commodity_154,Secondary
project_1718,commodity_73,Primary
project_1718,commodity_32,Primary
project_1718,commodity_72,Primary
project_1718,commodity_84,Primary
project_1719,commodity_12,Primary
project_1720,commodity_2,Primary
project_1720,commodity_12,Primary
project_1721,commodity_97,Primary
project_1721,commodity_22,Secondary
project_1722,commodity_12,Primary
project_1723,commodity_2,Primary
project_1723,commodity_12,Primary
project_1723,commodity_105,Primary
project_1724,commodity_12,Primary
project_1724,commodity_31,Primary
project_1724,commodity_2,Primary
project_1725,commodity_12,Primary
project_1726,commodity_31,Primary
project_1726,commodity_12,Primary
project_1727,commodity_12,Primary
project_1728,commodity_128,Primary
project_1729,commodity_31,Primary
project_1729,commodity_106,Primary
project_1729,commodity_2,Primary
project_1729,commodity_12,Primary
project_1729,commodity_110,Secondary
project_1729,commodity_104,Secondary
project_1730,commodity_2,Primary
project_1730,commodity_128,Primary
project_1730,commodity_66,Primary
project_1730,commodity_154,Primary
project_1730,commodity_31,Primary
project_1730,commodity_105,Primary
project_1731,commodity_154,Primary
project_1731,commodity_31,Primary
project_1731,commodity_105,Secondary
project_1731,commodity_2,Secondary
project_1731,commodity_12,Secondary
project_1732,commodity_148,Primary
project_1733,commodity_12,Primary
project_1734,commodity_19,Primary
project_1735,commodity_107,Primary
project_1735,commodity_102,Primary
project_1735,commodity_103,Primary
project_1736,commodity_12,Primary
project_1737,commodity_86,Primary
project_1737,commodity_85,Secondary
project_1738,commodity_97,Primary
project_1739,commodity_12,Primary
project_1739,commodity_31,Primary
project_1740,commodity_31,Primary
project_1741,commodity_31,Primary
project_1742,commodity_12,Primary
project_1742,commodity_31,Primary
project_1743,commodity_12,Primary
project_1743,commodity_31,Primary
project_1744,commodity_12,Primary
project_1744,commodity_31,Primary
project_1745,commodity_12,Primary
project_1745,commodity_31,Primary
project_1746,commodity_114,Primary
project_1746,commodity_143,Primary
project_1747,commodity_2,Primary
project_1747,commodity_12,Primary
project_1748,commodity_12,Primary
project_1749,commodity_12,Primary
project_1749,commodity_2,Primary
project_1750,commodity_83,Primary
project_1750,commodity_81,Primary
project_1750,commodity_82,Secondary
project_1751,commodity_31,Primary
project_1751,commodity_12,Secondary
project_1751,commodity_2,Secondary
project_1751,commodity_22,Secondary
project_1752,commodity_31,Primary
project_1752,commodity_154,Primary
project_1752,commodity_105,Primary
project_1752,commodity_2,Primary
project_1752,commodity_12,Primary
project_1753,commodity_12,Primary
project_1754,commodity_9,Primary
project_1755,commodity_12,Primary
project_1756,commodity_12,Primary
project_1757,commodity_154,Primary
project_1757,commodity_31,Primary
project_1757,commodity_12,Primary
project_1757,commodity_2,Primary
project_1757,commodity_105,Primary
project_1758,commodity_12,Primary
project_1759,commodity_19,Primary
project_1760,commodity_45,Primary
project_1760,commodity_42,Secondary
project_1761,commodity_97,Primary
project_1761,commodity_31,Primary
project_1761,commodity_22,Primary
project_1761,commodity_106,Primary
project_1762,commodity_12,Primary
project_1763,commodity_97,Primary
project_1764,commodity_97,Primary
project_1764,commodity_22,Primary
project_1765,commodity_97,Primary
project_1766,commodity_19,Primary
project_1767,commodity_22,Primary
project_1767,commodity_12,Primary
project_1768,commodity_19,Primary
project_1769,commodity_85,Primary
project_1769,commodity_86,Secondary
project_1770,commodity_12,Primary
project_1771,commodity_19,Primary
project_1772,commodity_12,Primary
project_1773,commodity_85,Primary
project_1773,commodity_86,Secondary
project_1774,commodity_12,Primary
project_1775,commodity_19,Primary
project_1776,commodity_12,Primary
project_1777,commodity_20,Primary
project_1778,commodity_76,Primary
project_1778,commodity_132,Primary
project_1778,commodity_75,Primary
project_1778,commodity_93,Primary
project_1778,commodity_128,Primary
project_1779,commodity_75,Primary
project_1779,commodity_76,Primary
project_1780,commodity_19,Primary
project_1781,commodity_132,Primary
project_1781,commodity_133,Primary
project_1781,commodity_75,Primary
project_1781,commodity_116,Primary
project_1782,commodity_128,Primary
project_1783,commodity_12,Primary
project_1784,commodity_157,Primary
project_1784,commodity_119,Primary
project_1784,commodity_65,Primary
project_1784,commodity_74,Secondary
project_1785,commodity_97,Primary
project_1785,commodity_22,Primary
project_1786,commodity_12,Primary
project_1787,commodity_72,Primary
project_1789,commodity_65,Primary
project_1789,commodity_157,Primary
project_1789,commodity_74,Primary
project_1789,commodity_119,Primary
project_1790,commodity_22,Primary
project_1790,commodity_97,Primary
project_1791,commodity_12,Primary
project_1792,commodity_19,Primary
project_1793,commodity_19,Primary
project_1794,commodity_12,Primary
project_1794,commodity_31,Primary
project_1795,commodity_12,Primary
project_1796,commodity_12,Primary
project_1797,commodity_31,Primary
project_1798,commodity_12,Primary
project_1799,commodity_12,Primary
project_1799,commodity_2,Primary
project_1800,commodity_157,Primary
project_1800,commodity_119,Primary
project_1800,commodity_65,Primary
project_1800,commodity_74,Primary
project_1801,commodity_31,Primary
project_1801,commodity_154,Primary
project_1801,commodity_12,Secondary
project_1801,commodity_2,Secondary
project_1801,commodity_105,Secondary
project_1802,commodity_12,Primary
project_1803,commodity_33,Primary
project_1804,commodity_12,Primary
project_1805,commodity_12,Primary
project_1806,commodity_45,Primary
project_1806,commodity_42,Primary
project_1807,commodity_12,Primary
project_1808,commodity_128,Primary
project_1808,commodity_105,Primary
project_1808,commodity_154,Primary
project_1808,commodity_15,Primary
project_1808,commodity_31,Primary
project_1808,commodity_8,Primary
project_1808,commodity_2,Primary
project_1809,commodity_143,Primary
project_1809,commodity_144,Secondary
project_1810,commodity_12,Primary
project_1811,commodity_12,Primary
project_1812,commodity_12,Primary
project_1813,commodity_19,Primary
project_1814,commodity_12,Primary
project_1814,commodity_31,Primary
project_1815,commodity_31,Primary
project_1816,commodity_31,Primary
project_1817,commodity_12,Primary
project_1817,commodity_31,Primary
project_1818,commodity_31,Primary
project_1818,commodity_2,Primary
project_1818,commodity_12,Primary
project_1819,commodity_31,Primary
project_1820,commodity_105,Primary
project_1820,commodity_154,Primary
project_1820,commodity_2,Primary
project_1821,commodity_12,Primary
project_1822,commodity_128,Primary
project_1823,commodity_19,Primary
project_1824,commodity_22,Primary
project_1824,commodity_97,Primary
project_1825,commodity_154,Primary
project_1825,commodity_31,Primary
project_1825,commodity_2,Primary
project_1825,commodity_105,Primary
project_1826,commodity_12,Primary
project_1827,commodity_31,Primary
project_1828,commodity_22,Primary
project_1829,commodity_12,Primary
project_1830,commodity_105,Primary
project_1830,commodity_128,Primary
project_1830,commodity_154,Primary
project_1830,commodity_2,Primary
project_1831,commodity_19,Primary
project_1832,commodity_12,Primary
project_1833,commodity_12,Primary
project_1833,commodity_31,Primary
project_1834,commodity_115,Primary
project_1834,commodity_95,Secondary
project_1834,commodity_37,Secondary
project_1834,commodity_39,Secondary
project_1834,commodity_108,Secondary
project_1834,commodity_96,Secondary
project_1834,commodity_38,Secondary
project_1834,commodity_40,Secondary
project_1834,commodity_109,Secondary
project_1835,commodity_19,Primary
project_1836,commodity_12,Primary
project_1837,commodity_45,Primary
project_1837,commodity_42,Primary
project_1838,commodity_12,Primary
project_1839,commodity_19,Primary
project_1840,commodity_12,Primary
project_1841,commodity_19,Primary
project_1842,commodity_19,Primary
project_1843,commodity_20,Primary
project_1844,commodity_31,Primary
project_1844,commodity_12,Primary
project_1845,commodity_20,Primary
project_1846,commodity_12,Primary
project_1847,commodity_12,Primary
project_1848,commodity_12,Primary
project_1849,commodity_19,Primary
project_1850,commodity_65,Primary
project_1850,commodity_157,Primary
project_1850,commodity_119,Primary
project_1850,commodity_74,Primary
project_1851,commodity_81,Primary
project_1851,commodity_82,Primary
project_1851,commodity_83,Primary
project_1851,commodity_36,Primary
project_1852,commodity_45,Primary
project_1852,commodity_42,Secondary
project_1853,commodity_19,Primary
project_1854,commodity_12,Primary
project_1855,commodity_101,Primary
project_1856,commodity_65,Primary
project_1856,commodity_74,Primary
project_1856,commodity_157,Primary
project_1856,commodity_119,Primary
project_1857,commodity_65,Primary
project_1857,commodity_157,Primary
project_1857,commodity_119,Secondary
project_1857,commodity_74,Secondary
project_1858,commodity_157,Primary
project_1858,commodity_88,Primary
project_1858,commodity_74,Primary
project_1858,commodity_65,Primary
project_1858,commodity_119,Primary
project_1859,commodity_157,Primary
project_1859,commodity_119,Primary
project_1859,commodity_88,Primary
project_1859,commodity_74,Primary
project_1859,commodity_65,Primary
project_1860,commodity_65,Primary
project_1860,commodity_157,Primary
project_1860,commodity_119,Primary
project_1861,commodity_12,Primary
project_1862,commodity_97,Primary
project_1862,commodity_22,Secondary
project_1862,commodity_31,Secondary
project_1863,commodity_145,Primary
project_1863,commodity_42,Primary
project_1863,commodity_146,Secondary
project_1864,commodity_12,Primary
project_1864,commodity_31,Primary
project_1864,commodity_42,Primary
project_1864,commodity_2,Primary
project_1865,commodity_102,Primary
project_1865,commodity_107,Secondary
project_1865,commodity_103,Secondary
project_1866,commodity_12,Primary
project_1866,commodity_31,Primary
project_1867,commodity_12,Primary
project_1868,commodity_12,Primary
project_1869,commodity_12,Primary
project_1870,commodity_12,Primary
project_1871,commodity_12,Primary
project_1872,commodity_19,Primary
project_1873,commodity_12,Primary
project_1874,commodity_45,Primary
project_1874,commodity_145,Primary
project_1874,commodity_139,Primary
project_1874,commodity_140,Primary
project_1874,commodity_42,Secondary
project_1874,commodity_146,Secondary
project_1875,commodity_144,Primary
project_1875,commodity_143,Primary
project_1876,commodity_12,Primary
project_1877,commodity_12,Primary
project_1878,commodity_12,Primary
project_1879,commodity_12,Primary
project_1879,commodity_31,Secondary
project_1879,commodity_15,Secondary
project_1880,commodity_145,Primary
project_1880,commodity_146,Primary
project_1880,commodity_140,Primary
project_1880,commodity_42,Primary
project_1880,commodity_45,Primary
project_1880,commodity_139,Secondary
project_1880,commodity_22,Secondary
project_1880,commodity_97,Secondary
project_1880,commodity_31,Secondary
project_1881,commodity_128,Primary
project_1882,commodity_12,Primary
project_1883,commodity_31,Primary
project_1883,commodity_12,Primary
project_1884,commodity_12,Primary
project_1885,commodity_128,Primary
project_1886,commodity_22,Primary
project_1886,commodity_42,Secondary
project_1886,commodity_97,Secondary
project_1887,commodity_97,Primary
project_1887,commodity_22,Secondary
project_1887,commodity_31,Secondary
project_1888,commodity_19,Primary
project_1889,commodity_31,Primary
project_1890,commodity_2,Primary
project_1890,commodity_12,Primary
project_1890,commodity_31,Primary
project_1891,commodity_31,Primary
project_1892,commodity_31,Primary
project_1893,commodity_31,Primary
project_1893,commodity_12,Primary
project_1894,commodity_31,Primary
project_1894,commodity_2,Primary
project_1894,commodity_22,Secondary
project_1895,commodity_31,Primary
project_1896,commodity_12,Primary
project_1897,commodity_143,Primary
project_1897,commodity_144,Primary
project_1898,commodity_97,Primary
project_1898,commodity_22,Secondary
project_1899,commodity_12,Primary
project_1900,commodity_12,Primary
project_1901,commodity_12,Primary
project_1902,commodity_31,Primary
project_1903,commodity_12,Primary
project_1904,commodity_85,Primary
project_1904,commodity_86,Secondary
project_1905,commodity_85,Primary
project_1905,commodity_86,Primary
project_1906,commodity_12,Primary
project_1906,commodity_2,Secondary
project_1907,commodity_12,Primary
project_1908,commodity_12,Primary
project_1909,commodity_97,Primary
project_1910,commodity_97,Primary
project_1911,commodity_19,Primary
project_1912,commodity_12,Primary
project_1913,commodity_19,Primary
project_1914,commodity_12,Primary
project_1915,commodity_12,Primary
project_1916,commodity_12,Primary
project_1917,commodity_128,Primary
project_1918,commodity_19,Primary
project_1919,commodity_19,Primary
project_1920,commodity_12,Primary
project_1921,commodity_12,Primary
project_1922,commodity_12,Primary
project_1923,commodity_19,Primary
project_1924,commodity_157,Primary
project_1924,commodity_119,Primary
project_1924,commodity_65,Primary
project_1924,commodity_74,Secondary
project_1925,commodity_154,Primary
project_1925,commodity_31,Primary
project_1925,commodity_105,Secondary
project_1925,commodity_2,Secondary
project_1925,commodity_12,Secondary
project_1926,commodity_97,Primary
project_1926,commodity_22,Primary
project_1926,commodity_31,Primary
project_1926,commodity_104,Secondary
project_1927,commodity_19,Primary
project_1928,commodity_12,Primary
project_1929,commodity_119,Primary
project_1929,commodity_157,Primary
project_1929,commodity_65,Primary
project_1930,commodity_154,Primary
project_1930,commodity_105,Primary
project_1930,commodity_2,Primary
project_1930,commodity_31,Secondary
project_1931,commodity_154,Primary
project_1931,commodity_105,Primary
project_1931,commodity_2,Primary
project_1931,commodity_12,Secondary
project_1931,commodity_31,Secondary
project_1932,commodity_42,Primary
project_1932,commodity_85,Primary
project_1933,commodity_12,Primary
project_1934,commodity_12,Primary
project_1935,commodity_154,Primary
project_1935,commodity_105,Primary
project_1935,commodity_2,Secondary
project_1936,commodity_97,Primary
project_1937,commodity_19,Primary
project_1938,commodity_12,Primary
project_1939,commodity_101,Primary
project_1940,commodity_12,Primary
project_1941,commodity_65,Primary
project_1941,commodity_157,Primary
project_1941,commodity_74,Primary
project_1942,commodity_65,Primary
project_1942,commodity_157,Primary
project_1942,commodity_74,Primary
project_1942,commodity_119,Primary
project_1943,commodity_65,Primary
project_1943,commodity_157,Primary
project_1943,commodity_74,Primary
project_1943,commodity_119,Primary
project_1944,commodity_31,Primary
project_1944,commodity_12,Primary
project_1945,commodity_26,Primary
project_1945,commodity_27,Primary
project_1945,commodity_25,Primary
project_1946,commodity_12,Primary
project_1947,commodity_97,Primary
project_1947,commodity_22,Primary
project_1947,commodity_31,Primary
project_1948,commodity_12,Primary
project_1949,commodity_42,Primary
project_1950,commodity_12,Primary
project_1951,commodity_157,Primary
project_1951,commodity_119,Primary
project_1951,commodity_65,Primary
project_1951,commodity_74,Secondary
project_1952,commodity_119,Primary
project_1952,commodity_157,Primary
project_1952,commodity_65,Primary
project_1952,commodity_88,Primary
project_1952,commodity_87,Primary
project_1953,commodity_119,Primary
project_1953,commodity_157,Primary
project_1953,commodity_65,Primary
project_1954,commodity_119,Primary
project_1954,commodity_157,Primary
project_1954,commodity_65,Primary
project_1954,commodity_88,Primary
project_1954,commodity_87,Primary
project_1955,commodity_12,Primary
project_1956,commodity_154,Primary
project_1956,commodity_2,Primary
project_1956,commodity_12,Primary
project_1956,commodity_105,Primary
project_1956,commodity_31,Secondary
project_1957,commodity_45,Primary
project_1957,commodity_42,Primary
project_1958,commodity_12,Primary
project_1959,commodity_148,Primary
project_1959,commodity_128,Primary
project_1960,commodity_154,Primary
project_1960,commodity_2,Secondary
project_1960,commodity_105,Secondary
project_1961,commodity_12,Primary
project_1961,commodity_15,Primary
project_1961,commodity_31,Primary
project_1962,commodity_31,Primary
project_1963,commodity_12,Primary
project_1964,commodity_105,Primary
project_1964,commodity_31,Primary
project_1964,commodity_2,Primary
project_1965,commodity_31,Primary
project_1965,commodity_66,Primary
project_1965,commodity_128,Primary
project_1965,commodity_2,Primary
project_1966,commodity_12,Primary
project_1967,commodity_12,Primary
project_1968,commodity_85,Primary
project_1969,commodity_88,Primary
project_1969,commodity_65,Primary
project_1969,commodity_87,Primary
project_1969,commodity_157,Primary
project_1969,commodity_119,Primary
project_1970,commodity_148,Primary
project_1970,commodity_149,Primary
project_1970,commodity_142,Primary
project_1970,commodity_15,Primary
project_1970,commodity_128,Primary
project_1971,commodity_122,Primary
project_1972,commodity_107,Primary
project_1972,commodity_102,Primary
project_1972,commodity_103,Primary
project_1973,commodity_31,Primary
project_1973,commodity_2,Primary
project_1973,commodity_12,Primary
project_1974,commodity_31,Primary
project_1974,commodity_12,Primary
project_1974,commodity_22,Primary
project_1975,commodity_31,Primary
project_1975,commodity_12,Secondary
project_1975,commodity_22,Secondary
project_1976,commodity_31,Primary
project_1976,commodity_22,Primary
project_1977,commodity_31,Primary
project_1978,commodity_31,Primary
project_1978,commodity_2,Primary
project_1978,commodity_12,Primary
project_1979,commodity_12,Primary
project_1979,commodity_31,Primary
project_1979,commodity_2,Primary
project_1979,commodity_154,Primary
project_1979,commodity_105,Primary
project_1980,commodity_12,Primary
project_1981,commodity_128,Primary
project_1982,commodity_12,Primary
project_1983,commodity_12,Primary
project_1984,commodity_45,Primary
project_1984,commodity_42,Primary
project_1985,commodity_12,Primary
project_1985,commodity_31,Primary
project_1986,commodity_12,Primary
project_1987,commodity_12,Primary
project_1987,commodity_2,Primary
project_1987,commodity_105,Primary
project_1987,commodity_154,Primary
project_1988,commodity_42,Primary
project_1989,commodity_12,Primary
project_1990,commodity_154,Primary
project_1990,commodity_105,Primary
project_1990,commodity_2,Secondary
project_1991,commodity_19,Primary
project_1992,commodity_12,Primary
project_1993,commodity_83,Primary
project_1993,commodity_82,Primary
project_1993,commodity_81,Primary
project_1994,commodity_42,Primary
project_1995,commodity_12,Primary
project_1996,commodity_97,Primary
project_1997,commodity_19,Primary
project_1998,commodity_12,Primary
project_1999,commodity_12,Primary
project_2000,commodity_97,Primary
project_2000,commodity_22,Primary
project_2001,commodity_31,Primary
project_2001,commodity_12,Primary
project_2001,commodity_2,Secondary
project_2001,commodity_89,Secondary
project_2001,commodity_8,Secondary
project_2002,commodity_12,Primary
project_2002,commodity_31,Primary
project_2003,commodity_85,Primary
project_2003,commodity_86,Secondary
project_2004,commodity_12,Primary
project_2004,commodity_31,Primary
project_2004,commodity_8,Primary
project_2004,commodity_105,Primary
project_2004,commodity_154,Primary
project_2004,commodity_2,Primary
project_2005,commodity_19,Primary
project_2006,commodity_33,Primary
project_2006,commodity_35,Primary
project_2006,commodity_34,Primary
project_2007,commodity_12,Primary
project_2008,commodity_157,Primary
project_2008,commodity_119,Primary
project_2008,commodity_65,Primary
project_2008,commodity_74,Primary
project_2008,commodity_139,Primary
project_2009,commodity_119,Primary
project_2009,commodity_157,Primary
project_2009,commodity_65,Primary
project_2010,commodity_12,Primary
project_2011,commodity_12,Primary
project_2012,commodity_2,Primary
project_2012,commodity_12,Primary
project_2013,commodity_12,Primary
project_2014,commodity_12,Primary
project_2015,commodity_12,Primary
project_2016,commodity_12,Primary
project_2017,commodity_12,Primary
project_2017,commodity_2,Primary
project_2017,commodity_122,Primary
project_2018,commodity_12,Primary
project_2019,commodity_12,Primary
project_2020,commodity_12,Primary
project_2021,commodity_12,Primary
project_2022,commodity_12,Primary
project_2023,commodity_33,Primary
project_2024,commodity_115,Primary
project_2024,commodity_156,Secondary
project_2024,commodity_94,Secondary
project_2024,commodity_152,Secondary
project_2024,commodity_51,Secondary
project_2024,commodity_63,Secondary
project_2024,commodity_133,Secondary
project_2024,commodity_62,Secondary
project_2024,commodity_93,Secondary
project_2024,commodity_143,Secondary
project_2024,commodity_132,Secondary
project_2024,commodity_151,Secondary
project_2024,commodity_155,Secondary
project_2024,commodity_114,Secondary
project_2024,commodity_157,Secondary
project_2025,commodity_12,Primary
project_2026,commodity_143,Primary
project_2026,commodity_144,Primary
project_2027,commodity_12,Primary
project_2028,commodity_12,Primary
project_2029,commodity_143,Primary
project_2029,commodity_144,Secondary
project_2030,commodity_128,Primary
project_2030,commodity_31,Primary
project_2031,commodity_31,Primary
project_2031,commodity_12,Primary
project_2032,commodity_97,Primary
project_2032,commodity_22,Secondary
project_2032,commodity_31,Secondary
project_2033,commodity_89,Primary
project_2033,commodity_149,Secondary
project_2033,commodity_91,Secondary
project_2033,commodity_15,Secondary
project_2033,commodity_148,Secondary
project_2034,commodity_12,Primary
project_2035,commodity_12,Primary
project_2036,commodity_45,Primary
project_2036,commodity_42,Secondary
project_2037,commodity_12,Primary
project_2038,commodity_17,Primary
project_2038,commodity_5,Primary
project_2039,commodity_31,Primary
project_2039,commodity_2,Primary
project_2040,commodity_85,Primary
project_2041,commodity_85,Primary
project_2042,commodity_31,Primary
project_2043,commodity_12,Primary
project_2044,commodity_12,Primary
project_2045,commodity_97,Primary
project_2045,commodity_31,Primary
project_2045,commodity_22,Primary
project_2045,commodity_12,Secondary
project_2046,commodity_12,Primary
project_2046,commodity_2,Secondary
project_2047,commodity_19,Primary
project_2048,commodity_19,Primary
project_2049,commodity_107,Primary
project_2049,commodity_102,Primary
project_2049,commodity_103,Primary
project_2050,commodity_107,Primary
project_2050,commodity_102,Primary
project_2050,commodity_103,Primary
project_2051,commodity_45,Primary
project_2051,commodity_42,Secondary
project_2052,commodity_31,Primary
project_2052,commodity_12,Primary
project_2053,commodity_85,Primary
project_2053,commodity_86,Secondary
project_2054,commodity_12,Primary
project_2054,commodity_31,Primary
project_2055,commodity_31,Primary
project_2055,commodity_2,Primary
project_2055,commodity_12,Primary
project_2056,commodity_19,Primary
project_2057,commodity_19,Primary
project_2058,commodity_12,Primary
project_2059,commodity_12,Primary
project_2060,commodity_12,Primary
project_2061,commodity_97,Primary
project_2061,commodity_31,Primary
project_2062,commodity_75,Primary
project_2062,commodity_76,Primary
project_2063,commodity_97,Primary
project_2063,commodity_22,Primary
project_2064,commodity_12,Primary
project_2065,commodity_12,Primary
project_2066,commodity_42,Primary
project_2067,commodity_19,Primary
project_2068,commodity_12,Primary
project_2069,commodity_12,Primary
project_2070,commodity_128,Primary
project_2071,commodity_12,Primary
project_2072,commodity_12,Primary
project_2073,commodity_12,Primary
project_2074,commodity_97,Primary
project_2074,commodity_22,Primary
project_2075,commodity_42,Primary
project_2075,commodity_119,Primary
project_2075,commodity_145,Primary
project_2075,commodity_146,Secondary
project_2076,commodity_12,Primary
project_2077,commodity_12,Primary
project_2077,commodity_31,Primary
project_2078,commodity_22,Primary
project_2078,commodity_2,Primary
project_2078,commodity_31,Primary
project_2078,commodity_42,Primary
project_2078,commodity_143,Primary
project_2078,commodity_12,Primary
project_2078,commodity_154,Primary
project_2079,commodity_12,Primary
project_2080,commodity_97,Primary
project_2080,commodity_83,Primary
project_2080,commodity_22,Primary
project_2080,commodity_82,Secondary
project_2081,commodity_19,Primary
project_2082,commodity_12,Primary
project_2083,commodity_42,Primary
project_2084,commodity_31,Primary
project_2085,commodity_45,Primary
project_2085,commodity_42,Secondary
project_2086,commodity_89,Primary
project_2086,commodity_128,Secondary
project_2086,commodity_148,Secondary
project_2087,commodity_97,Primary
project_2087,commodity_22,Primary
project_2088,commodity_119,Primary
project_2088,commodity_157,Primary
project_2088,commodity_65,Primary
project_2088,commodity_74,Primary
project_2089,commodity_19,Primary
project_2090,commodity_17,Primary
project_2091,commodity_12,Primary
project_2092,commodity_12,Primary
project_2093,commodity_12,Primary
project_2094,commodity_65,Primary
project_2094,commodity_157,Primary
project_2094,commodity_56,Secondary
project_2094,commodity_74,Secondary
project_2094,commodity_119,Secondary
project_2095,commodity_20,Primary
project_2096,commodity_119,Primary
project_2096,commodity_157,Primary
project_2096,commodity_65,Primary
project_2097,commodity_19,Primary
project_2098,commodity_31,Primary
project_2099,commodity_20,Primary
project_2100,commodity_12,Primary
project_2101,commodity_19,Primary
project_2102,commodity_12,Primary
project_2103,commodity_19,Primary
project_2104,commodity_12,Primary
project_2104,commodity_2,Primary
project_2105,commodity_12,Primary
project_2105,commodity_31,Primary
project_2105,commodity_2,Primary
project_2106,commodity_12,Primary
project_2107,commodity_45,Primary
project_2107,commodity_42,Secondary
project_2108,commodity_45,Primary
project_2108,commodity_42,Secondary
project_2109,commodity_42,Primary
project_2110,commodity_12,Primary
project_2110,commodity_2,Primary
project_2111,commodity_12,Primary
project_2112,commodity_97,Primary
project_2112,commodity_22,Primary
project_2112,commodity_42,Primary
project_2112,commodity_12,Primary
project_2112,commodity_110,Primary
project_2112,commodity_106,Primary
project_2112,commodity_104,Primary
project_2112,commodity_28,Primary
project_2113,commodity_31,Primary
project_2113,commodity_12,Primary
project_2114,commodity_12,Primary
project_2115,commodity_12,Primary
project_2116,commodity_12,Primary
project_2117,commodity_19,Primary
project_2117,commodity_157,Primary
project_2117,commodity_139,Primary
project_2118,commodity_154,Primary
project_2118,commodity_105,Primary
project_2118,commodity_2,Secondary
project_2118,commodity_31,Secondary
project_2118,commodity_12,Secondary
project_2119,commodity_12,Primary
project_2120,commodity_12,Primary
project_2121,commodity_115,Primary
project_2121,commodity_151,Primary
project_2121,commodity_157,Primary
project_2121,commodity_93,Secondary
project_2121,commodity_133,Secondary
project_2121,commodity_103,Secondary
project_2121,commodity_152,Secondary
project_2121,commodity_140,Secondary
project_2121,commodity_94,Secondary
project_2121,commodity_139,Secondary
project_2121,commodity_156,Secondary
project_2121,commodity_107,Secondary
project_2121,commodity_102,Secondary
project_2121,commodity_132,Secondary
project_2121,commodity_114,Secondary
project_2122,commodity_12,Primary
project_2123,commodity_97,Primary
project_2123,commodity_31,Secondary
project_2123,commodity_104,Secondary
project_2123,commodity_22,Secondary
project_2124,commodity_154,Primary
project_2124,commodity_66,Primary
project_2124,commodity_105,Primary
project_2124,commodity_2,Secondary
project_2124,commodity_122,Secondary
project_2124,commodity_31,Secondary
project_2124,commodity_128,Secondary
project_2125,commodity_42,Primary
project_2126,commodity_105,Primary
project_2126,commodity_2,Primary
project_2126,commodity_154,Primary
project_2126,commodity_122,Secondary
project_2126,commodity_15,Secondary
project_2126,commodity_12,Secondary
project_2127,commodity_12,Primary
project_2128,commodity_31,Primary
project_2129,commodity_148,Primary
project_2129,commodity_128,Primary
project_2129,commodity_149,Primary
project_2129,commodity_15,Primary
project_2130,commodity_12,Primary
project_2131,commodity_144,Primary
project_2131,commodity_143,Primary
project_2132,commodity_42,Primary
project_2133,commodity_12,Primary
project_2134,commodity_41,Primary
project_2134,commodity_49,Primary
project_2135,commodity_19,Primary
project_2136,commodity_12,Primary
project_2137,commodity_19,Primary
project_2138,commodity_31,Primary
project_2138,commodity_12,Primary
project_2138,commodity_143,Secondary
project_2138,commodity_22,Secondary
project_2138,commodity_2,Secondary
project_2139,commodity_31,Primary
project_2140,commodity_31,Primary
project_2141,commodity_105,Primary
project_2141,commodity_2,Primary
project_2142,commodity_31,Primary
project_2143,commodity_12,Primary
project_2143,commodity_122,Primary
project_2143,commodity_2,Primary
project_2144,commodity_12,Primary
project_2145,commodity_12,Primary
project_2146,commodity_12,Primary
project_2147,commodity_12,Primary
project_2148,commodity_141,Primary
project_2149,commodity_12,Primary
project_2150,commodity_31,Primary
project_2150,commodity_12,Secondary
project_2151,commodity_19,Primary
project_2152,commodity_12,Primary
project_2153,commodity_45,Primary
project_2153,commodity_42,Primary
project_2154,commodity_19,Primary
project_2155,commodity_19,Primary
project_2156,commodity_19,Primary
project_2157,commodity_19,Primary
project_2158,commodity_42,Primary
project_2159,commodity_12,Primary
project_2160,commodity_12,Primary
project_2161,commodity_12,Primary
project_2161,commodity_154,Primary
project_2162,commodity_12,Primary
project_2163,commodity_20,Primary
project_2164,commodity_12,Primary
project_2165,commodity_12,Primary
project_2166,commodity_97,Primary
project_2166,commodity_22,Secondary
project_2167,commodity_83,Primary
project_2167,commodity_82,Primary
project_2168,commodity_19,Primary
project_2169,commodity_12,Primary
project_2170,commodity_12,Primary
project_2171,commodity_97,Primary
project_2171,commodity_22,Primary
project_2171,commodity_123,Secondary
project_2171,commodity_42,Secondary
project_2171,commodity_5,Secondary
project_2171,commodity_28,Secondary
project_2171,commodity_85,Secondary
project_2172,commodity_12,Primary
project_2173,commodity_128,Primary
project_2173,commodity_133,Primary
project_2173,commodity_132,Primary
project_2173,commodity_75,Primary
project_2173,commodity_93,Primary
project_2173,commodity_94,Primary
project_2174,commodity_12,Primary
project_2175,commodity_19,Primary
project_2176,commodity_12,Primary
project_2177,commodity_12,Primary
project_2178,commodity_12,Primary
project_2179,commodity_12,Primary
project_2180,commodity_65,Primary
project_2180,commodity_157,Primary
project_2180,commodity_74,Primary
project_2180,commodity_119,Primary
project_2181,commodity_65,Primary
project_2181,commodity_157,Primary
project_2181,commodity_74,Primary
project_2181,commodity_119,Primary
project_2182,commodity_119,Primary
project_2182,commodity_157,Primary
project_2182,commodity_65,Primary
project_2182,commodity_88,Primary
project_2182,commodity_87,Primary
project_2183,commodity_31,Primary
project_2184,commodity_9,Primary
project_2185,commodity_31,Primary
project_2185,commodity_22,Primary
project_2186,commodity_22,Primary
project_2186,commodity_105,Primary
project_2187,commodity_19,Primary
project_2188,commodity_19,Primary
project_2189,commodity_45,Primary
project_2189,commodity_42,Secondary
project_2190,commodity_128,Primary
project_2191,commodity_12,Primary
project_2192,commodity_12,Primary
project_2193,commodity_12,Primary
project_2194,commodity_12,Primary
project_2195,commodity_45,Primary
project_2195,commodity_42,Secondary
project_2196,commodity_83,Primary
project_2196,commodity_82,Primary
project_2197,commodity_12,Primary
project_2197,commodity_31,Primary
project_2197,commodity_2,Primary
project_2198,commodity_141,Primary
project_2199,commodity_31,Primary
project_2199,commodity_12,Primary
project_2199,commodity_143,Secondary
project_2199,commodity_2,Secondary
project_2199,commodity_114,Secondary
project_2200,commodity_105,Primary
project_2200,commodity_12,Primary
project_2200,commodity_2,Primary
project_2200,commodity_154,Primary
project_2201,commodity_119,Primary
project_2201,commodity_157,Primary
project_2201,commodity_87,Primary
project_2201,commodity_88,Primary
project_2201,commodity_65,Primary
project_2201,commodity_139,Primary
project_2201,commodity_57,Primary
project_2202,commodity_45,Primary
project_2202,commodity_42,Primary
project_2203,commodity_139,Primary
project_2203,commodity_42,Primary
project_2203,commodity_145,Primary
project_2203,commodity_45,Secondary
project_2203,commodity_146,Secondary
project_2204,commodity_89,Primary
project_2204,commodity_12,Primary
project_2204,commodity_31,Primary
project_2204,commodity_2,Primary
project_2204,commodity_149,Secondary
project_2204,commodity_91,Secondary
project_2204,commodity_148,Secondary
project_2205,commodity_45,Primary
project_2205,commodity_42,Primary
project_2206,commodity_12,Primary
project_2207,commodity_45,Primary
project_2207,commodity_42,Secondary
project_2208,commodity_122,Primary
project_2209,commodity_28,Primary
project_2210,commodity_31,Primary
project_2210,commodity_154,Primary
project_2210,commodity_105,Secondary
project_2210,commodity_2,Secondary
project_2210,commodity_12,Secondary
project_2211,commodity_19,Primary
project_2212,commodity_31,Primary
project_2212,commodity_12,Primary
project_2212,commodity_2,Secondary
project_2213,commodity_31,Primary
project_2214,commodity_12,Primary
project_2214,commodity_31,Primary
project_2215,commodity_12,Primary
project_2215,commodity_31,Primary
project_2216,commodity_12,Primary
project_2217,commodity_12,Primary
project_2218,commodity_144,Primary
project_2218,commodity_143,Primary
project_2219,commodity_143,Primary
project_2220,commodity_143,Primary
project_2221,commodity_12,Primary
project_2222,commodity_31,Primary
project_2222,commodity_12,Secondary
project_2223,commodity_12,Primary
project_2224,commodity_149,Primary
project_2224,commodity_31,Primary
project_2224,commodity_15,Primary
project_2224,commodity_148,Primary
project_2225,commodity_12,Primary
project_2226,commodity_20,Primary
project_2227,commodity_54,Primary
project_2228,commodity_83,Primary
project_2228,commodity_82,Primary
project_2228,commodity_81,Primary
project_2229,commodity_105,Primary
project_2229,commodity_2,Secondary
project_2229,commodity_31,Secondary
project_2229,commodity_154,Secondary
project_2230,commodity_12,Primary
project_2231,commodity_12,Primary
project_2232,commodity_154,Primary
project_2232,commodity_2,Primary
project_2232,commodity_105,Primary
project_2232,commodity_12,Primary
project_2232,commodity_21,Primary
project_2233,commodity_42,Primary
project_2234,commodity_12,Primary
project_2235,commodity_2,Primary
project_2235,commodity_31,Primary
project_2236,commodity_19,Primary
project_2237,commodity_19,Primary
project_2238,commodity_12,Primary
project_2239,commodity_133,Primary
project_2239,commodity_132,Primary
project_2239,commodity_128,Primary
project_2240,commodity_128,Primary
project_2240,commodity_31,Primary
project_2240,commodity_8,Primary
project_2241,commodity_12,Primary
project_2241,commodity_154,Primary
project_2241,commodity_31,Primary
project_2241,commodity_105,Primary
project_2241,commodity_2,Primary
project_2242,commodity_12,Primary
project_2243,commodity_19,Primary
project_2244,commodity_19,Primary
project_2245,commodity_12,Primary
project_2246,commodity_12,Primary
project_2247,commodity_20,Primary
project_2248,commodity_154,Primary
project_2248,commodity_31,Primary
project_2248,commodity_12,Primary
project_2248,commodity_2,Primary
project_2248,commodity_105,Primary
project_2249,commodity_157,Primary
project_2249,commodity_65,Primary
project_2249,commodity_119,Primary
project_2249,commodity_74,Primary
project_2250,commodity_97,Primary
project_2250,commodity_22,Primary
project_2251,commodity_148,Primary
project_2251,commodity_128,Primary
project_2252,commodity_128,Primary
project_2252,commodity_129,Primary
project_2253,commodity_12,Primary
project_2254,commodity_12,Primary
project_2255,commodity_97,Primary
project_2255,commodity_8,Primary
project_2256,commodity_19,Primary
project_2257,commodity_128,Primary
project_2258,commodity_157,Primary
project_2258,commodity_41,Primary
project_2258,commodity_142,Primary
project_2259,commodity_97,Primary
project_2259,commodity_22,Primary
project_2260,commodity_31,Primary
project_2260,commodity_154,Primary
project_2260,commodity_12,Primary
project_2260,commodity_105,Primary
project_2260,commodity_2,Primary
project_2261,commodity_12,Primary
project_2261,commodity_15,Primary
project_2262,commodity_2,Primary
project_2262,commodity_12,Secondary
project_2263,commodity_12,Primary
project_2264,commodity_12,Primary
project_2265,commodity_101,Primary
project_2266,commodity_65,Primary
project_2266,commodity_157,Primary
project_2266,commodity_74,Primary
project_2266,commodity_119,Primary
project_2267,commodity_19,Primary
project_2268,commodity_98,Primary
project_2269,commodity_12,Primary
project_2269,commodity_97,Primary
project_2269,commodity_31,Primary
project_2269,commodity_22,Primary
project_2269,commodity_104,Primary
project_2270,commodity_19,Primary
project_2271,commodity_42,Primary
project_2272,commodity_65,Primary
project_2272,commodity_157,Primary
project_2272,commodity_119,Primary
project_2272,commodity_74,Primary
project_2273,commodity_12,Primary
project_2274,commodity_12,Primary
project_2275,commodity_119,Primary
project_2275,commodity_65,Primary
project_2275,commodity_157,Primary
project_2275,commodity_74,Primary
project_2276,commodity_12,Primary
project_2277,commodity_12,Primary
project_2278,commodity_12,Primary
project_2279,commodity_45,Primary
project_2279,commodity_42,Secondary
project_2280,commodity_45,Primary
project_2280,commodity_42,Secondary
project_2281,commodity_12,Primary
project_2282,commodity_31,Primary
project_2282,commodity_154,Primary
project_2282,commodity_105,Primary
project_2282,commodity_2,Secondary
project_2282,commodity_12,Secondary
project_2282,commodity_6,Secondary
project_2283,commodity_12,Primary
project_2284,commodity_128,Primary
project_2285,commodity_28,Primary
project_2285,commodity_44,Primary
project_2286,commodity_12,Primary
project_2286,commodity_2,Secondary
project_2287,commodity_110,Primary
project_2287,commodity_123,Primary
project_2287,commodity_22,Primary
project_2287,commodity_97,Primary
project_2287,commodity_12,Primary
project_2287,commodity_83,Primary
project_2287,commodity_104,Primary
project_2287,commodity_106,Primary
project_2287,commodity_31,Primary
project_2288,commodity_17,Primary
project_2288,commodity_5,Secondary
project_2288,commodity_125,Secondary
project_2289,commodity_87,Primary
project_2289,commodity_65,Primary
project_2289,commodity_88,Primary
project_2289,commodity_157,Primary
project_2289,commodity_119,Primary
project_2290,commodity_12,Primary
project_2291,commodity_12,Primary
project_2292,commodity_12,Primary
project_2292,commodity_15,Primary
project_2292,commodity_31,Primary
project_2293,commodity_12,Primary
project_2294,commodity_12,Primary
project_2295,commodity_97,Primary
project_2295,commodity_22,Secondary
project_2295,commodity_104,Secondary
project_2295,commodity_31,Secondary
project_2296,commodity_12,Primary
project_2297,commodity_105,Primary
project_2297,commodity_2,Primary
project_2297,commodity_154,Primary
project_2298,commodity_128,Primary
project_2298,commodity_42,Primary
project_2298,commodity_148,Primary
project_2298,commodity_41,Primary
project_2298,commodity_12,Primary
project_2298,commodity_154,Primary
project_2298,commodity_49,Primary
project_2298,commodity_149,Primary
project_2298,commodity_15,Secondary
project_2299,commodity_31,Primary
project_2300,commodity_144,Primary
project_2300,commodity_143,Primary
project_2301,commodity_12,Primary
project_2302,commodity_12,Primary
project_2303,commodity_12,Primary
project_2304,commodity_12,Primary
project_2304,commodity_8,Primary
project_2305,commodity_31,Primary
project_2306,commodity_31,Primary
project_2306,commodity_12,Primary
project_2306,commodity_2,Secondary
project_2306,commodity_121,Secondary
project_2307,commodity_83,Primary
project_2307,commodity_82,Primary
project_2307,commodity_81,Primary
project_2308,commodity_148,Primary
project_2309,commodity_143,Primary
project_2309,commodity_146,Secondary
project_2309,commodity_144,Secondary
project_2310,commodity_19,Primary
project_2311,commodity_19,Primary
project_2312,commodity_119,Primary
project_2312,commodity_157,Primary
project_2312,commodity_65,Primary
project_2312,commodity_88,Primary
project_2313,commodity_148,Primary
project_2314,commodity_31,Primary
project_2314,commodity_12,Primary
project_2315,commodity_31,Primary
project_2315,commodity_12,Primary
project_2316,commodity_31,Primary
project_2316,commodity_12,Primary
project_2317,commodity_31,Primary
project_2318,commodity_31,Primary
project_2319,commodity_12,Primary
project_2319,commodity_31,Primary
project_2320,commodity_12,Primary
project_2321,commodity_31,Primary
project_2321,commodity_22,Primary
project_2322,commodity_128,Primary
project_2322,commodity_148,Primary
project_2322,commodity_149,Primary
project_2323,commodity_12,Primary
project_2324,commodity_12,Primary
project_2325,commodity_19,Primary
project_2326,commodity_105,Primary
project_2326,commodity_2,Primary
project_2326,commodity_154,Primary
project_2327,commodity_19,Primary
project_2328,commodity_19,Primary
project_2329,commodity_19,Primary
project_2330,commodity_19,Primary
project_2331,commodity_20,Primary
project_2332,commodity_12,Primary
project_2333,commodity_12,Primary
project_2334,commodity_12,Primary
project_2335,commodity_19,Primary
project_2336,commodity_19,Primary
project_2337,commodity_12,Primary
project_2338,commodity_128,Primary
project_2339,commodity_157,Primary
project_2339,commodity_119,Primary
project_2339,commodity_65,Secondary
project_2339,commodity_74,Secondary
project_2340,commodity_12,Primary
project_2341,commodity_19,Primary
project_2342,commodity_97,Primary
project_2342,commodity_22,Primary
project_2343,commodity_19,Primary
project_2344,commodity_19,Primary
project_2345,commodity_42,Primary
project_2346,commodity_12,Primary
project_2347,commodity_12,Primary
project_2347,commodity_31,Primary
project_2348,commodity_12,Primary
project_2349,commodity_12,Primary
project_2350,commodity_19,Primary
project_2351,commodity_12,Primary
project_2352,commodity_119,Primary
project_2352,commodity_157,Primary
project_2352,commodity_65,Secondary
project_2352,commodity_74,Secondary
project_2353,commodity_119,Primary
project_2353,commodity_157,Primary
project_2353,commodity_65,Primary
project_2353,commodity_74,Secondary
project_2354,commodity_56,Primary
project_2354,commodity_65,Primary
project_2355,commodity_20,Primary
project_2356,commodity_12,Primary
project_2357,commodity_2,Primary
project_2357,commodity_105,Primary
project_2357,commodity_8,Primary
project_2358,commodity_19,Primary
project_2359,commodity_31,Primary
project_2360,commodity_12,Primary
project_2361,commodity_12,Primary
project_2362,commodity_42,Primary
project_2362,commodity_85,Primary
project_2362,commodity_86,Secondary
project_2363,commodity_12,Primary
project_2364,commodity_12,Primary
project_2364,commodity_31,Primary
project_2364,commodity_2,Primary
project_2365,commodity_97,Primary
project_2366,commodity_119,Primary
project_2366,commodity_65,Primary
project_2366,commodity_157,Primary
project_2366,commodity_74,Primary
project_2367,commodity_12,Primary
project_2368,commodity_12,Primary
project_2369,commodity_19,Primary
project_2370,commodity_12,Primary
project_2371,commodity_12,Primary
project_2372,commodity_12,Primary
project_2373,commodity_12,Primary
project_2374,commodity_2,Primary
project_2374,commodity_12,Secondary
project_2374,commodity_31,Secondary
project_2375,commodity_31,Primary
project_2375,commodity_143,Primary
project_2375,commodity_144,Primary
project_2376,commodity_143,Primary
project_2376,commodity_144,Primary
project_2377,commodity_31,Primary
project_2377,commodity_154,Primary
project_2377,commodity_12,Secondary
project_2377,commodity_2,Secondary
project_2377,commodity_105,Secondary
project_2378,commodity_31,Primary
project_2378,commodity_105,Primary
project_2378,commodity_2,Primary
project_2379,commodity_12,Primary
project_2379,commodity_31,Primary
project_2380,commodity_154,Primary
project_2380,commodity_31,Primary
project_2380,commodity_105,Primary
project_2380,commodity_2,Secondary
project_2380,commodity_12,Secondary
project_2380,commodity_42,Secondary
project_2381,commodity_42,Primary
project_2381,commodity_45,Primary
project_2382,commodity_145,Primary
project_2382,commodity_17,Secondary
project_2382,commodity_146,Secondary
project_2383,commodity_110,Primary
project_2383,commodity_97,Primary
project_2383,commodity_106,Primary
project_2383,commodity_31,Secondary
project_2383,commodity_12,Secondary
project_2383,commodity_28,Secondary
project_2383,commodity_104,Secondary
project_2383,commodity_22,Secondary
project_2384,commodity_65,Primary
project_2384,commodity_157,Primary
project_2384,commodity_119,Primary
project_2385,commodity_31,Primary
project_2386,commodity_49,Primary
project_2386,commodity_148,Primary
project_2387,commodity_107,Primary
project_2387,commodity_103,Secondary
project_2388,commodity_19,Primary
project_2389,commodity_107,Primary
project_2389,commodity_102,Primary
project_2389,commodity_103,Primary
project_2390,commodity_17,Primary
project_2390,commodity_146,Primary
project_2391,commodity_45,Primary
project_2391,commodity_42,Secondary
project_2392,commodity_144,Primary
project_2392,commodity_143,Primary
project_2393,commodity_12,Primary
project_2393,commodity_31,Primary
project_2394,commodity_31,Primary
project_2395,commodity_31,Primary
project_2396,commodity_31,Primary
project_2397,commodity_12,Primary
project_2397,commodity_31,Primary
project_2398,commodity_31,Primary
project_2398,commodity_12,Primary
project_2398,commodity_143,Secondary
project_2399,commodity_12,Primary
project_2400,commodity_45,Primary
project_2400,commodity_42,Secondary
project_2401,commodity_31,Primary
project_2402,commodity_12,Primary
project_2403,commodity_42,Primary
project_2404,commodity_12,Primary
project_2405,commodity_12,Primary
project_2406,commodity_12,Primary
project_2407,commodity_19,Primary
project_2408,commodity_97,Primary
project_2408,commodity_22,Primary
project_2409,commodity_12,Primary
project_2410,commodity_19,Primary
project_2411,commodity_12,Primary
project_2412,commodity_12,Primary
project_2413,commodity_85,Primary
project_2414,commodity_12,Primary
project_2415,commodity_128,Primary
project_2416,commodity_42,Primary
project_2417,commodity_12,Primary
project_2418,commodity_12,Primary
project_2419,commodity_20,Primary
project_2420,commodity_12,Primary
project_2421,commodity_19,Primary
project_2422,commodity_12,Primary
project_2423,commodity_129,Primary
project_2423,commodity_128,Primary
project_2424,commodity_12,Primary
project_2425,commodity_19,Primary
project_2426,commodity_12,Primary
project_2427,commodity_19,Primary
project_2428,commodity_19,Primary
project_2429,commodity_12,Primary
project_2430,commodity_42,Primary
project_2431,commodity_45,Primary
project_2431,commodity_42,Secondary
project_2432,commodity_97,Primary
project_2433,commodity_157,Primary
project_2433,commodity_119,Primary
project_2433,commodity_65,Primary
project_2433,commodity_74,Primary
project_2434,commodity_12,Primary
project_2435,commodity_19,Primary
project_2436,commodity_12,Primary
project_2437,commodity_12,Primary
project_2438,commodity_101,Primary
project_2439,commodity_97,Primary
project_2440,commodity_97,Primary
project_2440,commodity_22,Secondary
project_2440,commodity_31,Secondary
project_2441,commodity_65,Primary
project_2441,commodity_74,Primary
project_2441,commodity_119,Primary
project_2441,commodity_157,Primary
project_2442,commodity_12,Primary
project_2443,commodity_2,Primary
project_2443,commodity_12,Primary
project_2444,commodity_12,Primary
project_2445,commodity_12,Primary
project_2446,commodity_97,Primary
project_2446,commodity_22,Secondary
project_2447,commodity_19,Primary
project_2448,commodity_12,Primary
project_2448,commodity_31,Primary
project_2448,commodity_2,Primary
project_2449,commodity_12,Primary
project_2450,commodity_12,Primary
project_2451,commodity_12,Primary
project_2452,commodity_45,Primary
project_2452,commodity_42,Secondary
project_2453,commodity_12,Primary
project_2454,commodity_12,Primary
project_2455,commodity_12,Primary
project_2456,commodity_12,Primary
project_2457,commodity_12,Primary
project_2458,commodity_12,Primary
project_2459,commodity_154,Primary
project_2459,commodity_31,Primary
project_2459,commodity_105,Primary
project_2459,commodity_2,Primary
project_2459,commodity_12,Primary
project_2460,commodity_12,Primary
project_2461,commodity_12,Primary
project_2461,commodity_31,Primary
project_2461,commodity_2,Primary
project_2462,commodity_115,Primary
project_2462,commodity_143,Primary
project_2462,commodity_138,Primary
project_2462,commodity_144,Primary
project_2462,commodity_137,Primary
project_2462,commodity_114,Primary
project_2462,commodity_134,Secondary
project_2462,commodity_37,Secondary
project_2463,commodity_119,Primary
project_2463,commodity_157,Primary
project_2463,commodity_65,Primary
project_2463,commodity_88,Primary
project_2463,commodity_87,Primary
project_2464,commodity_31,Primary
project_2464,commodity_2,Secondary
project_2464,commodity_12,Secondary
project_2464,commodity_154,Secondary
project_2464,commodity_105,Secondary
project_2465,commodity_12,Primary
project_2466,commodity_12,Primary
project_2467,commodity_31,Primary
project_2468,commodity_128,Primary
project_2468,commodity_12,Primary
project_2469,commodity_31,Primary
project_2469,commodity_22,Primary
project_2469,commodity_2,Secondary
project_2470,commodity_105,Primary
project_2470,commodity_154,Primary
project_2470,commodity_2,Secondary
project_2471,commodity_31,Primary
project_2471,commodity_2,Primary
project_2471,commodity_12,Primary
project_2472,commodity_128,Primary
project_2473,commodity_89,Primary
project_2473,commodity_149,Primary
project_2473,commodity_148,Primary
project_2473,commodity_31,Primary
project_2473,commodity_12,Primary
project_2473,commodity_83,Primary
project_2474,commodity_12,Primary
project_2475,commodity_19,Primary
project_2476,commodity_83,Primary
project_2476,commodity_82,Primary
project_2477,commodity_12,Primary
project_2478,commodity_12,Primary
project_2478,commodity_31,Primary
project_2479,commodity_143,Primary
project_2480,commodity_22,Primary
project_2481,commodity_12,Primary
project_2481,commodity_31,Primary
project_2482,commodity_31,Primary
project_2483,commodity_31,Primary
project_2484,commodity_12,Primary
project_2484,commodity_15,Primary
project_2484,commodity_31,Primary
project_2485,commodity_65,Primary
project_2485,commodity_139,Primary
project_2485,commodity_103,Primary
project_2485,commodity_47,Secondary
project_2485,commodity_79,Secondary
project_2485,commodity_7,Secondary
project_2486,commodity_12,Primary
project_2487,commodity_12,Primary
project_2488,commodity_12,Primary
project_2489,commodity_31,Primary
project_2489,commodity_12,Primary
project_2489,commodity_22,Primary
project_2489,commodity_154,Primary
project_2489,commodity_2,Primary
project_2490,commodity_12,Primary
project_2491,commodity_12,Primary
project_2492,commodity_31,Primary
project_2492,commodity_2,Secondary
project_2492,commodity_12,Secondary
project_2493,commodity_42,Primary
project_2494,commodity_12,Primary
project_2495,commodity_42,Primary
project_2496,commodity_19,Primary
project_2497,commodity_19,Primary
project_2498,commodity_12,Primary
project_2498,commodity_31,Primary
project_2499,commodity_12,Primary
project_2500,commodity_12,Primary
project_2501,commodity_19,Primary
project_2502,commodity_12,Primary
project_2502,commodity_122,Primary
project_2503,commodity_42,Primary
project_2504,commodity_19,Primary
project_2505,commodity_65,Primary
project_2505,commodity_157,Primary
project_2505,commodity_119,Primary
project_2505,commodity_74,Primary
project_2505,commodity_139,Secondary
project_2505,commodity_57,Secondary
project_2506,commodity_12,Primary
project_2507,commodity_12,Primary
project_2508,commodity_128,Primary
project_2508,commodity_148,Primary
project_2509,commodity_12,Primary
project_2510,commodity_105,Primary
project_2510,commodity_2,Primary
project_2510,commodity_154,Primary
project_2510,commodity_128,Primary
project_2511,commodity_19,Primary
project_2512,commodity_133,Primary
project_2512,commodity_132,Primary
project_2512,commodity_128,Primary
project_2513,commodity_12,Primary
project_2514,commodity_65,Primary
project_2514,commodity_74,Primary
project_2514,commodity_157,Primary
project_2514,commodity_119,Primary
project_2515,commodity_65,Primary
project_2515,commodity_157,Primary
project_2515,commodity_74,Primary
project_2515,commodity_119,Primary
project_2516,commodity_42,Primary
project_2517,commodity_19,Primary
project_2518,commodity_12,Primary
project_2519,commodity_12,Primary
project_2519,commodity_31,Primary
project_2519,commodity_105,Primary
project_2519,commodity_154,Primary
project_2519,commodity_2,Secondary
project_2520,commodity_19,Primary
project_2521,commodity_22,Primary
project_2521,commodity_97,Primary
project_2522,commodity_45,Primary
project_2522,commodity_42,Secondary
project_2523,commodity_45,Primary
project_2523,commodity_42,Secondary
project_2524,commodity_154,Primary
project_2524,commodity_31,Primary
project_2524,commodity_12,Primary
project_2524,commodity_2,Primary
project_2524,commodity_105,Primary
project_2525,commodity_97,Primary
project_2526,commodity_20,Primary
project_2527,commodity_12,Primary
project_2528,commodity_12,Primary
project_2529,commodity_12,Primary
project_2529,commodity_31,Primary
project_2530,commodity_42,Primary
project_2530,commodity_45,Primary
project_2531,commodity_65,Primary
project_2531,commodity_157,Primary
project_2531,commodity_119,Secondary
project_2532,commodity_12,Primary
project_2533,commodity_12,Primary
project_2534,commodity_149,Primary
project_2534,commodity_128,Secondary
project_2534,commodity_148,Secondary
project_2535,commodity_12,Primary
project_2536,commodity_12,Primary
project_2537,commodity_12,Primary
project_2538,commodity_12,Primary
project_2539,commodity_12,Primary
project_2540,commodity_12,Primary
project_2540,commodity_2,Primary
project_2540,commodity_122,Primary
project_2541,commodity_2,Primary
project_2541,commodity_31,Primary
project_2541,commodity_12,Primary
project_2542,commodity_143,Primary
project_2542,commodity_22,Secondary
project_2542,commodity_123,Secondary
project_2542,commodity_97,Secondary
project_2542,commodity_144,Secondary
project_2542,commodity_154,Secondary
project_2542,commodity_31,Secondary
project_2543,commodity_31,Primary
project_2544,commodity_72,Primary
project_2545,commodity_12,Primary
project_2546,commodity_2,Primary
project_2546,commodity_105,Primary
project_2547,commodity_31,Primary
project_2547,commodity_12,Primary
project_2547,commodity_2,Primary
project_2548,commodity_31,Primary
project_2549,commodity_148,Primary
project_2549,commodity_128,Primary
project_2550,commodity_105,Primary
project_2550,commodity_12,Primary
project_2550,commodity_2,Primary
project_2551,commodity_12,Primary
project_2552,commodity_12,Primary
project_2553,commodity_154,Primary
project_2553,commodity_31,Primary
project_2553,commodity_2,Primary
project_2553,commodity_105,Primary
project_2553,commodity_12,Primary
project_2554,commodity_128,Primary
project_2555,commodity_105,Primary
project_2555,commodity_2,Primary
project_2556,commodity_144,Primary
project_2556,commodity_143,Primary
project_2557,commodity_19,Primary
project_2558,commodity_19,Primary
project_2559,commodity_31,Primary
project_2560,commodity_97,Primary
project_2560,commodity_31,Primary
project_2560,commodity_22,Primary
project_2560,commodity_12,Secondary
project_2561,commodity_42,Primary
project_2562,commodity_31,Primary
project_2562,commodity_2,Primary
project_2562,commodity_12,Primary
project_2563,commodity_31,Primary
project_2564,commodity_12,Primary
project_2564,commodity_31,Primary
project_2565,commodity_12,Primary
project_2566,commodity_12,Primary
project_2567,commodity_12,Primary
project_2567,commodity_2,Secondary
project_2568,commodity_31,Primary
project_2569,commodity_20,Primary
project_2570,commodity_12,Primary
project_2570,commodity_31,Primary
project_2571,commodity_12,Primary
project_2572,commodity_19,Primary
project_2573,commodity_19,Primary
project_2574,commodity_33,Primary
project_2574,commodity_34,Secondary
project_2575,commodity_19,Primary
project_2576,commodity_97,Primary
project_2576,commodity_22,Primary
project_2577,commodity_97,Primary
project_2577,commodity_22,Primary
project_2578,commodity_42,Primary
project_2579,commodity_31,Primary
project_2579,commodity_12,Secondary
project_2579,commodity_2,Secondary
project_2579,commodity_154,Secondary
project_2580,commodity_19,Primary
project_2581,commodity_12,Primary
project_2582,commodity_12,Primary
project_2582,commodity_2,Secondary
project_2583,commodity_31,Primary
project_2583,commodity_12,Primary
project_2584,commodity_12,Primary
project_2585,commodity_12,Primary
project_2586,commodity_19,Primary
project_2587,commodity_42,Primary
project_2588,commodity_2,Primary
project_2588,commodity_12,Secondary
project_2588,commodity_105,Secondary
project_2588,commodity_154,Secondary
project_2589,commodity_12,Primary
project_2590,commodity_19,Primary
project_2591,commodity_12,Primary
project_2592,commodity_12,Primary
project_2593,commodity_12,Primary
project_2594,commodity_154,Primary
project_2595,commodity_12,Primary
project_2596,commodity_9,Primary
project_2597,commodity_19,Primary
project_2598,commodity_97,Primary
project_2598,commodity_22,Primary
project_2599,commodity_12,Primary
project_2600,commodity_12,Primary
project_2601,commodity_12,Primary
project_2602,commodity_12,Primary
project_2603,commodity_83,Primary
project_2603,commodity_80,Primary
project_2603,commodity_81,Primary
project_2603,commodity_158,Secondary
project_2604,commodity_89,Primary
project_2605,commodity_12,Primary
project_2606,commodity_12,Primary
project_2607,commodity_45,Primary
project_2607,commodity_42,Primary
project_2608,commodity_12,Primary
project_2609,commodity_12,Primary
project_2610,commodity_2,Primary
project_2610,commodity_12,Primary
project_2611,commodity_12,Primary
project_2612,commodity_12,Primary
project_2613,commodity_97,Primary
project_2613,commodity_22,Secondary
project_2613,commodity_31,Secondary
project_2614,commodity_12,Primary
project_2614,commodity_2,Secondary
project_2615,commodity_12,Primary
project_2616,commodity_19,Primary
project_2617,commodity_31,Primary
project_2617,commodity_154,Primary
project_2617,commodity_12,Primary
project_2617,commodity_2,Secondary
project_2617,commodity_105,Secondary
project_2618,commodity_12,Primary
project_2619,commodity_97,Primary
project_2619,commodity_12,Secondary
project_2619,commodity_31,Secondary
project_2620,commodity_12,Primary
project_2621,commodity_12,Primary
project_2622,commodity_12,Primary
project_2623,commodity_105,Primary
project_2623,commodity_22,Primary
project_2623,commodity_2,Primary
project_2623,commodity_97,Primary
project_2623,commodity_154,Primary
project_2623,commodity_31,Primary
project_2624,commodity_12,Primary
project_2625,commodity_12,Primary
project_2625,commodity_31,Primary
project_2625,commodity_105,Primary
project_2625,commodity_2,Primary
project_2626,commodity_12,Primary
project_2627,commodity_154,Primary
project_2627,commodity_12,Primary
project_2627,commodity_2,Primary
project_2627,commodity_31,Secondary
project_2627,commodity_105,Secondary
project_2628,commodity_12,Primary
project_2629,commodity_12,Primary
project_2630,commodity_12,Primary
project_2631,commodity_128,Primary
project_2631,commodity_31,Secondary
project_2632,commodity_143,Primary
project_2632,commodity_145,Secondary
project_2632,commodity_146,Secondary
project_2632,commodity_144,Secondary
project_2633,commodity_12,Primary
project_2634,commodity_65,Primary
project_2634,commodity_157,Primary
project_2634,commodity_74,Primary
project_2634,commodity_87,Primary
project_2635,commodity_154,Primary
project_2635,commodity_2,Secondary
project_2635,commodity_105,Secondary
project_2635,commodity_31,Secondary
project_2636,commodity_85,Primary
project_2637,commodity_12,Primary
project_2638,commodity_12,Primary
project_2639,commodity_154,Primary
project_2639,commodity_105,Primary
project_2639,commodity_12,Primary
project_2639,commodity_2,Primary
project_2639,commodity_31,Primary
project_2640,commodity_105,Primary
project_2640,commodity_2,Primary
project_2641,commodity_107,Primary
project_2641,commodity_102,Primary
project_2641,commodity_103,Primary
project_2642,commodity_19,Primary
project_2643,commodity_19,Primary
project_2644,commodity_45,Primary
project_2644,commodity_42,Secondary
project_2645,commodity_149,Primary
project_2645,commodity_148,Primary
project_2645,commodity_89,Primary
project_2646,commodity_12,Primary
project_2646,commodity_15,Primary
project_2646,commodity_31,Primary
project_2647,commodity_12,Primary
project_2647,commodity_31,Primary
project_2648,commodity_31,Primary
project_2648,commodity_22,Secondary
project_2648,commodity_12,Secondary
project_2648,commodity_2,Secondary
project_2649,commodity_12,Primary
project_2649,commodity_31,Primary
project_2650,commodity_31,Primary
project_2651,commodity_2,Primary
project_2651,commodity_12,Primary
project_2652,commodity_12,Primary
project_2653,commodity_12,Primary
project_2653,commodity_31,Primary
project_2654,commodity_12,Primary
project_2655,commodity_12,Primary
project_2656,commodity_12,Primary
project_2656,commodity_31,Primary
project_2656,commodity_2,Primary
project_2657,commodity_157,Primary
project_2657,commodity_119,Primary
project_2657,commodity_65,Primary
project_2657,commodity_87,Secondary
project_2658,commodity_12,Primary
project_2659,commodity_19,Primary
project_2660,commodity_45,Primary
project_2660,commodity_42,Secondary
project_2661,commodity_97,Primary
project_2662,commodity_31,Primary
project_2663,commodity_22,Primary
project_2663,commodity_31,Primary
project_2664,commodity_19,Primary
project_2665,commodity_31,Primary
project_2665,commodity_12,Primary
project_2666,commodity_42,Primary
project_2667,commodity_12,Primary
project_2668,commodity_97,Primary
project_2669,commodity_19,Primary
project_2670,commodity_45,Primary
project_2670,commodity_42,Secondary
project_2671,commodity_12,Primary
project_2672,commodity_12,Primary
project_2673,commodity_19,Primary
project_2674,commodity_12,Primary
project_2675,commodity_12,Primary
project_2676,commodity_19,Primary
project_2677,commodity_19,Primary
project_2678,commodity_20,Primary
project_2679,commodity_12,Primary
project_2680,commodity_12,Primary
project_2681,commodity_85,Primary
project_2681,commodity_86,Secondary
project_2682,commodity_97,Primary
project_2682,commodity_22,Primary
project_2682,commodity_85,Primary
project_2682,commodity_123,Primary
project_2682,commodity_110,Primary
project_2682,commodity_106,Primary
project_2683,commodity_12,Primary
project_2684,commodity_12,Primary
project_2685,commodity_31,Primary
project_2685,commodity_12,Primary
project_2686,commodity_154,Primary
project_2686,commodity_105,Primary
project_2686,commodity_2,Primary
project_2686,commodity_31,Primary
project_2687,commodity_154,Primary
project_2687,commodity_2,Primary
project_2687,commodity_105,Primary
project_2688,commodity_20,Primary
project_2689,commodity_65,Primary
project_2689,commodity_119,Primary
project_2689,commodity_157,Primary
project_2689,commodity_74,Secondary
project_2690,commodity_128,Primary
project_2691,commodity_97,Primary
project_2692,commodity_12,Primary
project_2693,commodity_20,Primary
project_2694,commodity_97,Primary
project_2695,commodity_157,Primary
project_2695,commodity_65,Primary
project_2695,commodity_119,Primary
project_2696,commodity_19,Primary
project_2697,commodity_119,Primary
project_2697,commodity_65,Primary
project_2697,commodity_157,Primary
project_2697,commodity_74,Primary
project_2698,commodity_140,Primary
project_2698,commodity_145,Primary
project_2698,commodity_42,Primary
project_2698,commodity_146,Primary
project_2698,commodity_139,Primary
project_2699,commodity_119,Primary
project_2699,commodity_65,Secondary
project_2699,commodity_157,Secondary
project_2699,commodity_137,Secondary
project_2699,commodity_74,Secondary
project_2700,commodity_128,Primary
project_2700,commodity_105,Secondary
project_2700,commodity_154,Secondary
project_2700,commodity_2,Secondary
project_2701,commodity_12,Primary
project_2702,commodity_12,Primary
project_2702,commodity_128,Primary
project_2702,commodity_2,Secondary
project_2703,commodity_101,Primary
project_2704,commodity_65,Primary
project_2704,commodity_119,Primary
project_2704,commodity_157,Primary
project_2704,commodity_74,Primary
project_2705,commodity_47,Primary
project_2706,commodity_119,Primary
project_2706,commodity_74,Primary
project_2706,commodity_157,Primary
project_2706,commodity_65,Primary
project_2707,commodity_2,Primary
project_2707,commodity_154,Primary
project_2707,commodity_31,Primary
project_2708,commodity_107,Primary
project_2708,commodity_103,Primary
project_2708,commodity_102,Primary
project_2709,commodity_31,Primary
project_2710,commodity_12,Primary
project_2711,commodity_97,Primary
project_2711,commodity_22,Primary
project_2711,commodity_28,Primary
project_2712,commodity_19,Primary
project_2713,commodity_12,Primary
project_2714,commodity_8,Primary
project_2714,commodity_122,Primary
project_2714,commodity_12,Primary
project_2715,commodity_12,Primary
project_2715,commodity_122,Secondary
project_2716,commodity_12,Primary
project_2717,commodity_12,Primary
project_2718,commodity_31,Primary
project_2718,commodity_12,Secondary
project_2718,commodity_2,Secondary
project_2718,commodity_154,Secondary
project_2718,commodity_105,Secondary
project_2719,commodity_12,Primary
project_2720,commodity_12,Primary
project_2721,commodity_12,Primary
project_2722,commodity_2,Primary
project_2722,commodity_12,Primary
project_2723,commodity_154,Primary
project_2723,commodity_105,Primary
project_2723,commodity_2,Secondary
project_2723,commodity_21,Secondary
project_2724,commodity_143,Primary
project_2724,commodity_144,Primary
project_2725,commodity_12,Primary
project_2726,commodity_12,Primary
project_2727,commodity_31,Primary
project_2727,commodity_12,Primary
project_2727,commodity_2,Secondary
project_2727,commodity_89,Secondary
project_2728,commodity_154,Primary
project_2728,commodity_105,Primary
project_2728,commodity_2,Secondary
project_2728,commodity_31,Secondary
project_2729,commodity_144,Primary
project_2729,commodity_143,Primary
project_2730,commodity_98,Primary
project_2731,commodity_12,Primary
project_2732,commodity_20,Primary
project_2733,commodity_12,Primary
project_2734,commodity_128,Primary
project_2735,commodity_105,Primary
project_2735,commodity_12,Primary
project_2735,commodity_2,Primary
project_2735,commodity_154,Primary
project_2736,commodity_12,Primary
project_2737,commodity_105,Primary
project_2737,commodity_154,Primary
project_2737,commodity_49,Primary
project_2737,commodity_2,Primary
project_2737,commodity_41,Primary
project_2738,commodity_19,Primary
project_2739,commodity_19,Primary
project_2740,commodity_19,Primary
project_2741,commodity_19,Primary
project_2742,commodity_97,Primary
project_2742,commodity_22,Secondary
project_2742,commodity_31,Secondary
project_2743,commodity_31,Primary
project_2744,commodity_31,Primary
project_2744,commodity_2,Primary
project_2744,commodity_12,Primary
project_2745,commodity_31,Primary
project_2745,commodity_89,Primary
project_2745,commodity_154,Secondary
project_2745,commodity_12,Secondary
project_2745,commodity_105,Secondary
project_2745,commodity_22,Secondary
project_2745,commodity_2,Secondary
project_2745,commodity_117,Secondary
project_2746,commodity_31,Primary
project_2747,commodity_97,Primary
project_2747,commodity_22,Secondary
project_2748,commodity_12,Primary
project_2749,commodity_12,Primary
project_2750,commodity_12,Primary
project_2751,commodity_154,Primary
project_2752,commodity_12,Primary
project_2753,commodity_19,Primary
project_2754,commodity_66,Primary
project_2754,commodity_154,Primary
project_2754,commodity_105,Primary
project_2754,commodity_2,Primary
project_2755,commodity_42,Primary
project_2756,commodity_12,Primary
project_2757,commodity_19,Primary
project_2758,commodity_122,Primary
project_2758,commodity_12,Primary
project_2759,commodity_19,Primary
project_2760,commodity_19,Primary
project_2761,commodity_12,Primary
project_2762,commodity_12,Primary
project_2763,commodity_12,Primary
project_2764,commodity_154,Primary
project_2764,commodity_2,Primary
project_2764,commodity_31,Primary
project_2764,commodity_105,Primary
project_2765,commodity_97,Primary
project_2765,commodity_22,Primary
project_2766,commodity_97,Primary
project_2766,commodity_22,Primary
project_2767,commodity_31,Primary
project_2767,commodity_2,Secondary
project_2768,commodity_115,Primary
project_2769,commodity_42,Primary
project_2770,commodity_12,Primary
project_2771,commodity_128,Primary
project_2772,commodity_20,Primary
project_2773,commodity_12,Primary
project_2774,commodity_12,Primary
project_2775,commodity_154,Primary
project_2775,commodity_2,Primary
project_2775,commodity_105,Primary
project_2775,commodity_31,Primary
project_2776,commodity_157,Primary
project_2776,commodity_119,Primary
project_2776,commodity_65,Primary
project_2776,commodity_74,Primary
project_2777,commodity_154,Primary
project_2777,commodity_2,Primary
project_2777,commodity_105,Primary
project_2778,commodity_97,Primary
project_2778,commodity_22,Primary
project_2779,commodity_12,Primary
project_2780,commodity_12,Primary
project_2781,commodity_12,Primary
project_2782,commodity_20,Primary
project_2783,commodity_122,Primary
project_2783,commodity_12,Primary
project_2784,commodity_12,Primary
project_2784,commodity_2,Primary
project_2784,commodity_154,Primary
project_2784,commodity_105,Primary
project_2785,commodity_97,Primary
project_2785,commodity_22,Primary
project_2785,commodity_123,Primary
project_2786,commodity_12,Primary
project_2787,commodity_42,Primary
project_2787,commodity_45,Primary
project_2788,commodity_45,Primary
project_2788,commodity_42,Secondary
project_2789,commodity_12,Primary
project_2790,commodity_45,Primary
project_2790,commodity_42,Secondary
project_2790,commodity_107,Secondary
project_2791,commodity_31,Primary
project_2791,commodity_12,Secondary
project_2792,commodity_97,Primary
project_2793,commodity_31,Primary
project_2793,commodity_12,Primary
project_2793,commodity_89,Primary
project_2793,commodity_22,Primary
project_2794,commodity_42,Primary
project_2795,commodity_92,Primary
project_2796,commodity_4,Primary
project_2797,commodity_97,Primary
project_2797,commodity_22,Primary
project_2798,commodity_97,Primary
project_2799,commodity_12,Primary
project_2800,commodity_12,Primary
project_2801,commodity_12,Primary
project_2802,commodity_12,Primary
project_2803,commodity_19,Primary
project_2804,commodity_12,Primary
project_2805,commodity_12,Primary
project_2806,commodity_45,Primary
project_2806,commodity_42,Secondary
project_2806,commodity_61,Secondary
project_2807,commodity_97,Primary
project_2807,commodity_22,Primary
project_2808,commodity_65,Primary
project_2808,commodity_74,Primary
project_2808,commodity_157,Primary
project_2809,commodity_56,Primary
project_2810,commodity_157,Primary
project_2810,commodity_140,Primary
project_2811,commodity_12,Primary
project_2812,commodity_12,Primary
project_2812,commodity_2,Primary
project_2813,commodity_19,Primary
project_2814,commodity_19,Primary
project_2815,commodity_12,Primary
project_2816,commodity_12,Primary
project_2817,commodity_12,Primary
project_2818,commodity_12,Primary
project_2819,commodity_12,Primary
project_2820,commodity_12,Primary
project_2821,commodity_12,Primary
project_2822,commodity_12,Primary
project_2823,commodity_12,Primary
project_2824,commodity_12,Primary
project_2825,commodity_12,Primary
project_2826,commodity_12,Primary
project_2827,commodity_12,Primary
project_2828,commodity_12,Primary
project_2829,commodity_12,Primary
project_2830,commodity_12,Primary
project_2831,commodity_12,Primary
project_2832,commodity_12,Primary
project_2833,commodity_12,Primary
project_2834,commodity_12,Primary
project_2835,commodity_12,Primary
project_2836,commodity_12,Primary
project_2837,commodity_12,Primary
project_2838,commodity_12,Primary
project_2839,commodity_12,Primary
project_2840,commodity_12,Primary
project_2841,commodity_12,Primary
project_2842,commodity_97,Primary
project_2843,commodity_31,Primary
project_2843,commodity_12,Primary
project_2844,commodity_45,Primary
project_2845,commodity_19,Primary
project_2846,commodity_24,Primary
project_2846,commodity_19,Primary
project_2847,commodity_12,Primary
project_2848,commodity_12,Primary
project_2849,commodity_12,Primary
project_2850,commodity_12,Primary
project_2851,commodity_12,Primary
project_2852,commodity_12,Primary
project_2853,commodity_42,Primary
project_2853,commodity_45,Primary
project_2854,commodity_97,Primary
project_2854,commodity_22,Primary
project_2855,commodity_31,Primary
project_2855,commodity_22,Primary
project_2855,commodity_97,Primary
project_2856,commodity_97,Primary
project_2856,commodity_104,Primary
project_2856,commodity_31,Primary
project_2857,commodity_19,Primary
project_2858,commodity_97,Primary
project_2858,commodity_31,Secondary
project_2858,commodity_42,Secondary
project_2859,commodity_97,Primary
project_2859,commodity_31,Primary
project_2859,commodity_22,Secondary
project_2859,commodity_106,Secondary
project_2859,commodity_110,Secondary
project_2859,commodity_8,Secondary
project_2860,commodity_97,Primary
project_2860,commodity_22,Primary
project_2861,commodity_22,Primary
project_2861,commodity_31,Primary
project_2861,commodity_154,Primary
project_2861,commodity_105,Primary
project_2861,commodity_2,Secondary
project_2861,commodity_97,Secondary
project_2862,commodity_12,Primary
project_2863,commodity_12,Primary
project_2864,commodity_12,Primary
project_2865,commodity_12,Primary
project_2866,commodity_12,Primary
project_2867,commodity_12,Primary
project_2868,commodity_88,Primary
project_2868,commodity_119,Primary
project_2868,commodity_74,Primary
project_2868,commodity_157,Primary
project_2868,commodity_65,Primary
project_2869,commodity_157,Primary
project_2869,commodity_65,Primary
project_2869,commodity_74,Secondary
project_2869,commodity_119,Secondary
project_2870,commodity_12,Primary
project_2871,commodity_12,Primary
project_2872,commodity_89,Primary
project_2872,commodity_148,Primary
project_2873,commodity_12,Primary
project_2874,commodity_12,Primary
project_2875,commodity_12,Primary
project_2876,commodity_17,Primary
project_2876,commodity_5,Primary
project_2877,commodity_12,Primary
project_2878,commodity_12,Primary
project_2879,commodity_46,Primary
project_2880,commodity_45,Primary
project_2881,commodity_19,Primary
project_2882,commodity_12,Primary
project_2883,commodity_12,Primary
project_2884,commodity_12,Primary
project_2885,commodity_12,Primary
project_2886,commodity_12,Primary
project_2887,commodity_12,Primary
project_2888,commodity_12,Primary
project_2889,commodity_12,Primary
project_2890,commodity_12,Primary
project_2891,commodity_12,Primary
project_2892,commodity_12,Primary
project_2893,commodity_12,Primary
project_2894,commodity_12,Primary
project_2895,commodity_12,Primary
project_2896,commodity_12,Primary
project_2897,commodity_12,Primary
project_2898,commodity_12,Primary
project_2899,commodity_12,Primary
project_2900,commodity_42,Primary
project_2900,commodity_45,Secondary
project_2901,commodity_12,Primary
project_2902,commodity_12,Primary
project_2903,commodity_12,Primary
project_2904,commodity_12,Primary
project_2905,commodity_12,Primary
project_2906,commodity_12,Primary
project_2907,commodity_12,Primary
project_2908,commodity_74,Primary
project_2908,commodity_65,Primary
project_2908,commodity_119,Primary
project_2908,commodity_157,Primary
project_2909,commodity_12,Primary
project_2910,commodity_12,Primary
project_2911,commodity_12,Primary
project_2912,commodity_12,Primary
project_2913,commodity_12,Primary
project_2914,commodity_12,Primary
project_2915,commodity_42,Primary
project_2915,commodity_45,Primary
project_2916,commodity_42,Primary
project_2916,commodity_45,Primary
project_2917,commodity_42,Primary
project_2917,commodity_45,Primary
project_2918,commodity_45,Primary
project_2918,commodity_42,Secondary
project_2919,commodity_45,Primary
project_2919,commodity_42,Secondary
project_2920,commodity_45,Primary
project_2920,commodity_42,Primary
project_2921,commodity_31,Primary
project_2921,commodity_12,Primary
project_2921,commodity_89,Secondary
project_2922,commodity_12,Primary
project_2923,commodity_12,Primary
project_2924,commodity_12,Primary
project_2925,commodity_12,Primary
project_2926,commodity_31,Primary
project_2926,commodity_97,Primary
project_2927,commodity_143,Primary
project_2927,commodity_144,Primary
project_2928,commodity_143,Primary
project_2928,commodity_144,Primary
project_2929,commodity_143,Primary
project_2929,commodity_144,Primary
project_2930,commodity_143,Primary
project_2930,commodity_144,Primary
project_2931,commodity_143,Primary
project_2931,commodity_31,Primary
project_2931,commodity_12,Primary
project_2931,commodity_2,Primary
project_2931,commodity_144,Primary
project_2932,commodity_143,Primary
project_2932,commodity_144,Primary
project_2933,commodity_143,Primary
project_2933,commodity_144,Secondary
project_2934,commodity_143,Primary
project_2934,commodity_144,Primary
project_2935,commodity_143,Primary
project_2935,commodity_144,Secondary
project_2935,commodity_145,Secondary
project_2935,commodity_146,Secondary
project_2936,commodity_143,Primary
project_2936,commodity_144,Primary
project_2937,commodity_143,Primary
project_2937,commodity_144,Primary
project_2938,commodity_31,Primary
project_2938,commodity_12,Primary
project_2938,commodity_89,Secondary
project_2938,commodity_2,Secondary
project_2939,commodity_12,Primary
project_2940,commodity_145,Primary
project_2940,commodity_79,Primary
project_2941,commodity_81,Primary
project_2942,commodity_2,Primary
project_2943,commodity_4,Primary
project_2944,commodity_132,Primary
project_2944,commodity_75,Primary
project_2945,commodity_154,Primary
project_2945,commodity_31,Primary
project_2945,commodity_2,Primary
project_2946,commodity_78,Primary
project_2946,commodity_112,Primary
project_2947,commodity_79,Primary
project_2948,commodity_79,Primary
project_2949,commodity_81,Primary
project_2950,commodity_143,Primary
project_2951,commodity_45,Primary
project_2952,commodity_131,Primary
project_2953,commodity_143,Primary
project_2954,commodity_87,Primary
project_2955,commodity_139,Primary
project_2955,commodity_65,Primary
project_2955,commodity_119,Primary
project_2956,commodity_4,Primary
project_2957,commodity_139,Primary
project_2957,commodity_65,Primary
project_2957,commodity_119,Primary
project_2958,commodity_105,Primary
project_2958,commodity_154,Primary
project_2958,commodity_2,Primary
project_2959,commodity_97,Primary
project_2959,commodity_22,Primary
project_2960,commodity_31,Primary
project_2961,commodity_19,Primary
project_2962,commodity_97,Primary
project_2963,commodity_97,Primary
project_2964,commodity_19,Primary
project_2965,commodity_104,Primary
project_2966,commodity_4,Primary
project_2967,commodity_31,Primary
project_2967,commodity_143,Primary
project_2967,commodity_12,Primary
project_2968,commodity_19,Primary
project_2969,commodity_81,Primary
project_2970,commodity_19,Primary
project_2971,commodity_5,Primary
project_2972,commodity_19,Primary
project_2973,commodity_4,Primary
project_2974,commodity_45,Primary
project_2975,commodity_79,Primary
project_2976,commodity_79,Primary
project_2977,commodity_45,Primary
project_2978,commodity_45,Primary
project_2979,commodity_45,Primary
project_2980,commodity_45,Primary
project_2981,commodity_45,Primary
project_2982,commodity_45,Primary
project_2983,commodity_45,Primary
project_2984,commodity_45,Primary
project_2985,commodity_45,Primary
project_2986,commodity_105,Primary
project_2986,commodity_154,Primary
project_2987,commodity_31,Primary
project_2987,commodity_12,Primary
project_2988,commodity_143,Primary
project_2988,commodity_144,Primary
project_2991,commodity_157,Primary
project_2993,commodity_19,Primary
project_2994,commodity_19,Primary
project_2995,commodity_19,Primary
project_2996,commodity_19,Primary
project_2997,commodity_19,Primary
project_2998,commodity_19,Primary
project_2999,commodity_19,Primary
project_3000,commodity_143,Primary
project_3000,commodity_144,Primary
project_3001,commodity_45,Primary
project_3001,commodity_83,Secondary
project_3001,commodity_82,Secondary
project_3001,commodity_42,Secondary
project_3002,commodity_157,Primary
project_3002,commodity_119,Primary
project_3002,commodity_65,Secondary
project_3002,commodity_74,Secondary
project_3003,commodity_143,Primary
project_3003,commodity_144,Primary
project_3004,commodity_143,Primary
project_3004,commodity_115,Secondary
project_3004,commodity_144,Secondary
project_3004,commodity_114,Secondary
project_3005,commodity_97,Primary
project_3005,commodity_22,Primary
project_3006,commodity_97,Primary
project_3006,commodity_22,Primary
project_3007,commodity_139,Primary
project_3007,commodity_57,Primary
project_3007,commodity_157,Secondary
project_3007,commodity_65,Secondary
project_3007,commodity_119,Secondary
project_3007,commodity_74,Secondary
project_3007,commodity_88,Secondary
project_3008,commodity_45,Primary
project_3008,commodity_42,Primary
project_3009,commodity_143,Primary
project_3009,commodity_144,Primary
project_3010,commodity_143,Primary
project_3010,commodity_144,Primary
project_3011,commodity_143,Primary
project_3011,commodity_144,Primary
project_3012,commodity_143,Primary
project_3012,commodity_144,Primary
project_3013,commodity_12,Primary
project_3014,commodity_12,Primary
project_3015,commodity_12,Primary
project_3016,commodity_45,Primary
project_3016,commodity_42,Primary
project_3017,commodity_19,Primary
project_3018,commodity_12,Primary
project_3019,commodity_12,Primary
project_3020,commodity_12,Primary
project_3021,commodity_12,Primary
project_3022,commodity_12,Primary
project_3023,commodity_12,Primary
project_3024,commodity_12,Primary
project_3025,commodity_12,Primary
project_3026,commodity_12,Primary
project_3027,commodity_12,Primary
project_3028,commodity_12,Primary
project_3029,commodity_12,Primary
project_3030,commodity_12,Primary
project_3031,commodity_12,Primary
project_3032,commodity_12,Primary
project_3033,commodity_12,Primary
project_3034,commodity_12,Primary
project_3035,commodity_12,Primary
project_3036,commodity_97,Primary
project_3037,commodity_97,Primary
project_3037,commodity_31,Primary
project_3037,commodity_22,Primary
project_3038,commodity_97,Primary
project_3038,commodity_31,Primary
project_3038,commodity_22,Secondary
project_3038,commodity_110,Secondary
project_3038,commodity_12,Secondary
project_3038,commodity_106,Secondary
project_3038,commodity_2,Secondary
project_3038,commodity_104,Secondary
project_3039,commodity_45,Primary
project_3039,commodity_42,Primary
project_3040,commodity_19,Primary
project_3041,commodity_19,Primary
project_3042,commodity_154,Primary
project_3042,commodity_31,Primary
project_3042,commodity_105,Primary
project_3042,commodity_2,Secondary
project_3042,commodity_12,Secondary
project_3043,commodity_97,Primary
project_3043,commodity_22,Primary
project_3043,commodity_31,Primary
project_3044,commodity_31,Primary
project_3044,commodity_22,Primary
project_3044,commodity_12,Secondary
project_3044,commodity_79,Secondary
project_3044,commodity_42,Secondary
project_3045,commodity_22,Primary
project_3045,commodity_31,Primary
project_3045,commodity_97,Primary
project_3045,commodity_105,Primary
project_3046,commodity_19,Primary
project_3047,commodity_97,Primary
project_3047,commodity_22,Primary
project_3048,commodity_12,Primary
project_3049,commodity_12,Primary
project_3050,commodity_65,Primary
project_3050,commodity_157,Secondary
project_3050,commodity_119,Secondary
project_3050,commodity_74,Secondary
project_3051,commodity_119,Primary
project_3051,commodity_157,Primary
project_3051,commodity_65,Secondary
project_3051,commodity_74,Secondary
project_3052,commodity_119,Primary
project_3052,commodity_139,Primary
project_3052,commodity_57,Primary
project_3052,commodity_65,Secondary
project_3052,commodity_157,Secondary
project_3052,commodity_74,Secondary
project_3052,commodity_155,Secondary
project_3053,commodity_97,Primary
project_3053,commodity_22,Primary
project_3054,commodity_31,Primary
project_3054,commodity_105,Primary
project_3054,commodity_154,Primary
project_3055,commodity_31,Primary
project_3055,commodity_12,Secondary
project_3056,commodity_12,Primary
project_3057,commodity_31,Primary
project_3057,commodity_12,Primary
project_3058,commodity_114,Primary
project_3058,commodity_143,Primary
project_3058,commodity_107,Primary
project_3059,commodity_97,Primary
project_3060,commodity_19,Primary
project_3061,commodity_45,Primary
project_3062,commodity_63,Primary
project_3062,commodity_137,Primary
project_3062,commodity_76,Primary
project_3062,commodity_156,Primary
project_3062,commodity_138,Primary
project_3062,commodity_52,Primary
project_3062,commodity_94,Primary
project_3062,commodity_115,Secondary
project_3062,commodity_75,Secondary
project_3062,commodity_93,Secondary
project_3062,commodity_51,Secondary
project_3062,commodity_62,Secondary
project_3062,commodity_152,Secondary
project_3063,commodity_12,Primary
project_3064,commodity_2,Primary
project_3064,commodity_154,Primary
project_3064,commodity_105,Primary
project_3065,commodity_12,Primary
project_3066,commodity_12,Primary
project_3067,commodity_12,Primary
project_3068,commodity_12,Primary
project_3069,commodity_45,Primary
project_3069,commodity_42,Primary
project_3070,commodity_45,Primary
project_3070,commodity_42,Secondary
project_3071,commodity_45,Primary
project_3071,commodity_61,Secondary
project_3071,commodity_79,Secondary
project_3071,commodity_42,Secondary
project_3072,commodity_12,Primary
project_3073,commodity_45,Primary
project_3073,commodity_42,Secondary
project_3074,commodity_12,Primary
project_3075,commodity_12,Primary
project_3076,commodity_12,Primary
project_3077,commodity_12,Primary
project_3078,commodity_12,Primary
project_3079,commodity_12,Primary
project_3080,commodity_12,Primary
project_3081,commodity_145,Primary
project_3081,commodity_139,Primary
project_3081,commodity_42,Primary
project_3081,commodity_103,Primary
project_3081,commodity_140,Primary
project_3081,commodity_146,Primary
project_3081,commodity_45,Primary
project_3082,commodity_31,Primary
project_3082,commodity_12,Primary
project_3082,commodity_45,Secondary
project_3082,commodity_42,Secondary
project_3083,commodity_105,Primary
project_3083,commodity_12,Primary
project_3083,commodity_31,Secondary
project_3083,commodity_97,Secondary
project_3083,commodity_154,Secondary
project_3083,commodity_2,Secondary
project_3084,commodity_148,Primary
project_3085,commodity_12,Primary
project_3086,commodity_12,Primary
project_3087,commodity_12,Primary
project_3088,commodity_12,Primary
project_3089,commodity_12,Primary
project_3090,commodity_45,Primary
project_3090,commodity_42,Primary
project_3091,commodity_12,Primary
project_3092,commodity_12,Primary
project_3093,commodity_12,Primary
project_3094,commodity_12,Primary
project_3095,commodity_12,Primary
project_3096,commodity_19,Primary
project_3097,commodity_19,Primary
project_3098,commodity_12,Primary
project_3099,commodity_19,Primary
project_3100,commodity_88,Primary
project_3100,commodity_74,Primary
project_3100,commodity_157,Primary
project_3100,commodity_119,Primary
project_3100,commodity_65,Primary
project_3101,commodity_12,Primary
project_3102,commodity_12,Primary
project_3103,commodity_31,Primary
project_3103,commodity_128,Primary
project_3103,commodity_2,Primary
project_3103,commodity_66,Primary
project_3104,commodity_31,Primary
project_3104,commodity_12,Primary
project_3104,commodity_2,Primary
project_3105,commodity_148,Primary
project_3106,commodity_5,Primary
project_3107,commodity_97,Primary
project_3107,commodity_22,Primary
project_3108,commodity_157,Primary
project_3108,commodity_119,Primary
project_3108,commodity_74,Primary
project_3108,commodity_65,Primary
project_3109,commodity_143,Primary
project_3110,commodity_143,Primary
project_3111,commodity_143,Primary
project_3112,commodity_143,Primary
project_3113,commodity_143,Primary
project_3114,commodity_31,Primary
project_3114,commodity_12,Primary
project_3115,commodity_12,Primary
project_3115,commodity_31,Primary
project_3115,commodity_2,Primary
project_3116,commodity_12,Primary
project_3117,commodity_45,Primary
project_3118,commodity_97,Primary
project_3119,commodity_97,Primary
project_3119,commodity_22,Primary
project_3120,commodity_97,Primary
project_3121,commodity_19,Primary
project_3122,commodity_19,Primary
project_3123,commodity_19,Primary
project_3124,commodity_19,Primary
project_3125,commodity_19,Primary
project_3126,commodity_45,Primary
project_3126,commodity_42,Primary
project_3127,commodity_45,Primary
project_3127,commodity_42,Primary
project_3128,commodity_105,Primary
project_3128,commodity_154,Primary
project_3128,commodity_2,Primary
project_3129,commodity_2,Primary
project_3129,commodity_154,Primary
project_3129,commodity_105,Primary
project_3130,commodity_45,Primary
project_3130,commodity_42,Secondary
project_3131,commodity_45,Primary
project_3131,commodity_42,Primary
project_3132,commodity_33,Primary
project_3133,commodity_12,Primary
project_3134,commodity_19,Primary
project_3135,commodity_157,Primary
project_3135,commodity_65,Primary
project_3135,commodity_119,Primary
project_3136,commodity_157,Primary
project_3136,commodity_65,Primary
project_3136,commodity_88,Primary
project_3136,commodity_119,Primary
project_3136,commodity_139,Primary
project_3136,commodity_57,Primary
project_3137,commodity_97,Primary
project_3137,commodity_22,Primary
project_3138,commodity_12,Primary
project_3139,commodity_12,Primary
project_3140,commodity_12,Primary
project_3141,commodity_12,Primary
project_3142,commodity_12,Primary
project_3143,commodity_61,Primary
project_3144,commodity_45,Primary
project_3144,commodity_42,Secondary
project_3145,commodity_12,Primary
project_3146,commodity_12,Primary
project_3147,commodity_12,Primary
project_3148,commodity_12,Primary
project_3149,commodity_31,Primary
project_3150,commodity_31,Primary
project_3151,commodity_12,Primary
project_3152,commodity_12,Primary
project_3153,commodity_12,Primary
project_3154,commodity_12,Primary
project_3155,commodity_12,Primary
project_3156,commodity_12,Primary
project_3157,commodity_105,Primary
project_3157,commodity_154,Primary
project_3157,commodity_31,Primary
project_3157,commodity_2,Primary
project_3158,commodity_12,Primary
project_3159,commodity_12,Primary
project_3160,commodity_12,Primary
project_3161,commodity_12,Primary
project_3162,commodity_12,Primary
project_3163,commodity_12,Primary
project_3164,commodity_12,Primary
project_3165,commodity_12,Primary
project_3166,commodity_12,Primary
project_3167,commodity_12,Primary
project_3168,commodity_12,Primary
project_3169,commodity_12,Primary
project_3170,commodity_12,Primary
project_3171,commodity_12,Primary
project_3172,commodity_12,Primary
project_3173,commodity_12,Primary
project_3174,commodity_12,Primary
project_3175,commodity_61,Primary
project_3175,commodity_45,Secondary
project_3175,commodity_79,Secondary
project_3175,commodity_42,Secondary
project_3176,commodity_42,Primary
project_3176,commodity_45,Secondary
project_3177,commodity_42,Primary
project_3177,commodity_45,Primary
project_3178,commodity_19,Primary
project_3179,commodity_19,Primary
project_3180,commodity_19,Primary
project_3181,commodity_157,Primary
project_3181,commodity_65,Primary
project_3181,commodity_119,Primary
project_3181,commodity_74,Secondary
project_3181,commodity_155,Secondary
project_3182,commodity_97,Primary
project_3182,commodity_104,Secondary
project_3183,commodity_154,Primary
project_3183,commodity_105,Primary
project_3183,commodity_2,Secondary
project_3184,commodity_154,Primary
project_3184,commodity_2,Primary
project_3184,commodity_105,Primary
project_3185,commodity_154,Primary
project_3185,commodity_105,Primary
project_3185,commodity_2,Primary
project_3186,commodity_119,Primary
project_3186,commodity_157,Primary
project_3186,commodity_74,Primary
project_3186,commodity_65,Primary
project_3186,commodity_143,Primary
project_3187,commodity_143,Primary
project_3187,commodity_144,Secondary
project_3188,commodity_97,Primary
project_3189,commodity_12,Primary
project_3189,commodity_31,Primary
project_3189,commodity_154,Primary
project_3189,commodity_2,Primary
project_3190,commodity_143,Primary
project_3190,commodity_144,Secondary
project_3191,commodity_17,Primary
project_3191,commodity_5,Primary
project_3192,commodity_154,Primary
project_3192,commodity_31,Primary
project_3193,commodity_12,Primary
project_3194,commodity_31,Primary
project_3194,commodity_106,Primary
project_3194,commodity_22,Primary
project_3194,commodity_110,Primary
project_3194,commodity_97,Primary
project_3195,commodity_143,Primary
project_3195,commodity_144,Primary
project_3196,commodity_31,Primary
project_3196,commodity_12,Primary
project_3197,commodity_128,Primary
project_3198,commodity_19,Primary
project_3199,commodity_19,Primary
project_3200,commodity_31,Primary
project_3200,commodity_12,Primary
project_3200,commodity_2,Primary
project_3201,commodity_31,Primary
project_3201,commodity_81,Secondary
project_3202,commodity_31,Primary
project_3202,commodity_12,Primary
project_3203,commodity_65,Primary
project_3203,commodity_157,Primary
project_3203,commodity_119,Primary
project_3203,commodity_74,Primary
project_3204,commodity_144,Primary
project_3205,commodity_107,Primary
project_3206,commodity_45,Primary
project_3207,commodity_45,Primary
project_3208,commodity_45,Primary
project_3209,commodity_45,Primary
project_3210,commodity_45,Primary
project_3211,commodity_23,Primary
project_3212,commodity_23,Primary
project_3213,commodity_19,Primary
project_3214,commodity_19,Primary
project_3215,commodity_19,Primary
project_3216,commodity_19,Primary
project_3217,commodity_23,Primary
project_3218,commodity_23,Primary
project_3219,commodity_97,Primary
project_3219,commodity_22,Primary
project_3219,commodity_31,Primary
project_3219,commodity_121,Primary
project_3220,commodity_22,Primary
project_3220,commodity_97,Primary
project_3221,commodity_97,Primary
project_3221,commodity_22,Primary
project_3222,commodity_97,Primary
project_3222,commodity_31,Primary
project_3222,commodity_104,Primary
project_3223,commodity_22,Primary
project_3223,commodity_97,Primary
project_3224,commodity_97,Primary
project_3224,commodity_22,Primary
project_3225,commodity_45,Primary
project_3225,commodity_42,Primary
project_3226,commodity_42,Primary
project_3226,commodity_45,Primary
project_3227,commodity_12,Primary
project_3228,commodity_45,Primary
project_3228,commodity_42,Primary
project_3229,commodity_128,Primary
project_3229,commodity_148,Primary
project_3229,commodity_149,Primary
project_3230,commodity_45,Primary
project_3230,commodity_42,Primary
project_3231,commodity_45,Primary
project_3231,commodity_42,Secondary
project_3232,commodity_19,Primary
project_3233,commodity_19,Primary
project_3234,commodity_128,Primary
project_3234,commodity_129,Primary
project_3235,commodity_65,Primary
project_3235,commodity_47,Primary
project_3235,commodity_84,Primary
project_3235,commodity_7,Primary
project_3235,commodity_25,Primary
project_3235,commodity_157,Primary
project_3235,commodity_119,Primary
project_3235,commodity_123,Primary
project_3236,commodity_81,Primary
project_3237,commodity_81,Primary
project_3237,commodity_83,Primary
project_3238,commodity_12,Primary
project_3240,commodity_157,Primary
project_3240,commodity_65,Primary
project_3240,commodity_119,Primary
project_3240,commodity_74,Secondary
project_3242,commodity_12,Primary
project_3243,commodity_31,Primary
project_3243,commodity_89,Secondary
project_3244,commodity_101,Primary
project_3245,commodity_101,Primary
project_3246,commodity_101,Primary
project_3247,commodity_133,Primary
project_3247,commodity_75,Primary
project_3247,commodity_94,Primary
project_3247,commodity_93,Primary
project_3247,commodity_132,Primary
project_3247,commodity_76,Primary
project_3248,commodity_107,Primary
project_3248,commodity_103,Primary
project_3249,commodity_128,Primary
project_3250,commodity_128,Primary
project_3251,commodity_19,Primary
project_3252,commodity_19,Primary
project_3253,commodity_19,Primary
project_3254,commodity_45,Primary
project_3254,commodity_42,Primary
project_3255,commodity_12,Primary
project_3256,commodity_128,Primary
project_3256,commodity_31,Primary
project_3256,commodity_148,Secondary
project_3256,commodity_45,Secondary
project_3256,commodity_149,Secondary
project_3256,commodity_42,Secondary
project_3257,commodity_31,Primary
project_3257,commodity_12,Primary
project_3258,commodity_31,Primary
project_3258,commodity_12,Primary
project_3259,commodity_31,Primary
project_3259,commodity_12,Secondary
project_3260,commodity_31,Primary
project_3260,commodity_12,Primary
project_3261,commodity_31,Primary
project_3261,commodity_12,Primary
project_3262,commodity_85,Primary
project_3263,commodity_85,Primary
project_3264,commodity_85,Primary
project_3265,commodity_85,Primary
project_3266,commodity_85,Primary
project_3267,commodity_85,Primary
project_3268,commodity_85,Primary
project_3269,commodity_85,Primary
project_3270,commodity_85,Primary
project_3271,commodity_85,Primary
project_3272,commodity_85,Primary
project_3273,commodity_85,Primary
project_3274,commodity_85,Primary
project_3275,commodity_85,Primary
project_3276,commodity_85,Primary
project_3277,commodity_85,Primary
project_3278,commodity_85,Primary
project_3279,commodity_85,Primary
project_3280,commodity_85,Primary
project_3281,commodity_85,Primary
project_3282,commodity_85,Primary
project_3283,commodity_85,Primary
project_3284,commodity_85,Primary
project_3285,commodity_85,Primary
project_3286,commodity_85,Primary
project_3287,commodity_85,Primary
project_3288,commodity_85,Primary
project_3289,commodity_85,Primary
project_3290,commodity_154,Primary
project_3290,commodity_105,Primary
project_3290,commodity_31,Primary
project_3290,commodity_2,Secondary
project_3290,commodity_12,Secondary
project_3291,commodity_154,Primary
project_3291,commodity_31,Primary
project_3291,commodity_2,Primary
project_3291,commodity_89,Primary
project_3291,commodity_12,Primary
project_3292,commodity_12,Primary
project_3293,commodity_12,Primary
project_3294,commodity_31,Primary
project_3294,commodity_12,Primary
project_3294,commodity_89,Primary
project_3295,commodity_12,Primary
project_3295,commodity_31,Secondary
project_3295,commodity_89,Secondary
project_3296,commodity_12,Primary
project_3296,commodity_31,Secondary
project_3296,commodity_89,Secondary
project_3297,commodity_12,Primary
project_3297,commodity_31,Secondary
project_3297,commodity_89,Secondary
project_3298,commodity_12,Primary
project_3299,commodity_12,Primary
project_3300,commodity_12,Primary
project_3301,commodity_12,Primary
project_3302,commodity_12,Primary
project_3303,commodity_12,Primary
project_3304,commodity_12,Primary
project_3305,commodity_19,Primary
project_3306,commodity_19,Primary
project_3307,commodity_19,Primary
project_3308,commodity_19,Primary
project_3309,commodity_45,Primary
project_3309,commodity_42,Primary
project_3310,commodity_45,Primary
project_3310,commodity_42,Primary
project_3311,commodity_9,Primary
project_3312,commodity_101,Primary
project_3313,commodity_97,Primary
project_3313,commodity_4,Primary
project_3313,commodity_22,Secondary
project_3313,commodity_81,Secondary
project_3313,commodity_42,Secondary
project_3314,commodity_65,Primary
project_3314,commodity_74,Primary
project_3314,commodity_157,Primary
project_3314,commodity_119,Primary
project_3315,commodity_157,Primary
project_3315,commodity_119,Primary
project_3315,commodity_65,Secondary
project_3315,commodity_74,Secondary
project_3316,commodity_42,Primary
project_3317,commodity_45,Primary
project_3317,commodity_42,Secondary
project_3318,commodity_45,Primary
project_3318,commodity_42,Secondary
project_3319,commodity_97,Primary
project_3320,commodity_12,Primary
project_3321,commodity_19,Primary
project_3322,commodity_19,Primary
project_3323,commodity_45,Primary
project_3323,commodity_42,Secondary
project_3324,commodity_87,Primary
project_3325,commodity_17,Primary
project_3326,commodity_42,Primary
project_3327,commodity_12,Primary
project_3328,commodity_19,Primary
project_3329,commodity_19,Primary
project_3330,commodity_19,Primary
project_3331,commodity_19,Primary
project_3332,commodity_19,Primary
project_3333,commodity_19,Primary
project_3334,commodity_19,Primary
project_3335,commodity_19,Primary
project_3336,commodity_19,Primary
project_3337,commodity_19,Primary
project_3338,commodity_143,Primary
project_3339,commodity_143,Primary
project_3340,commodity_12,Primary
project_3341,commodity_97,Primary
project_3341,commodity_106,Secondary
project_3341,commodity_110,Secondary
project_3341,commodity_31,Secondary
project_3341,commodity_22,Secondary
project_3342,commodity_97,Primary
project_3342,commodity_22,Primary
project_3342,commodity_110,Secondary
project_3342,commodity_83,Secondary
project_3342,commodity_81,Secondary
project_3342,commodity_123,Secondary
project_3343,commodity_97,Primary
project_3343,commodity_22,Secondary
project_3343,commodity_31,Secondary
project_3344,commodity_12,Primary
project_3345,commodity_12,Primary
project_3346,commodity_12,Primary
project_3347,commodity_2,Primary
project_3347,commodity_12,Secondary
project_3347,commodity_31,Secondary
project_3347,commodity_15,Secondary
project_3348,commodity_12,Primary
project_3349,commodity_17,Primary
project_3349,commodity_5,Secondary
project_3350,commodity_12,Primary
project_3351,commodity_12,Primary
project_3352,commodity_22,Primary
project_3352,commodity_97,Primary
project_3353,commodity_19,Primary
project_3354,commodity_19,Primary
project_3355,commodity_12,Primary
project_3356,commodity_22,Primary
project_3356,commodity_97,Primary
project_3357,commodity_128,Primary
project_3357,commodity_148,Primary
project_3357,commodity_149,Primary
project_3358,commodity_2,Primary
project_3358,commodity_12,Primary
project_3358,commodity_105,Primary
project_3358,commodity_154,Primary
project_3359,commodity_143,Primary
project_3359,commodity_144,Primary
project_3360,commodity_65,Primary
project_3360,commodity_157,Primary
project_3360,commodity_74,Primary
project_3361,commodity_65,Primary
project_3361,commodity_119,Primary
project_3361,commodity_157,Primary
project_3361,commodity_74,Primary
project_3361,commodity_5,Primary
project_3362,commodity_45,Primary
project_3362,commodity_42,Primary
project_3363,commodity_143,Primary
project_3363,commodity_144,Primary
project_3364,commodity_143,Primary
project_3364,commodity_144,Primary
project_3365,commodity_143,Primary
project_3365,commodity_144,Primary
project_3366,commodity_31,Primary
project_3366,commodity_105,Primary
project_3366,commodity_12,Primary
project_3366,commodity_2,Primary
project_3366,commodity_154,Primary
project_3367,commodity_31,Primary
project_3367,commodity_12,Primary
project_3367,commodity_2,Secondary
project_3368,commodity_12,Primary
project_3369,commodity_156,Primary
project_3369,commodity_152,Primary
project_3369,commodity_93,Primary
project_3370,commodity_2,Primary
project_3370,commodity_12,Primary
project_3370,commodity_31,Primary
project_3370,commodity_154,Primary
project_3370,commodity_105,Primary
project_3371,commodity_12,Primary
project_3372,commodity_12,Primary
project_3373,commodity_12,Primary
project_3374,commodity_12,Primary
project_3375,commodity_12,Primary
project_3375,commodity_2,Secondary
project_3375,commodity_31,Secondary
project_3376,commodity_2,Primary
project_3376,commodity_154,Primary
project_3376,commodity_105,Primary
project_3376,commodity_12,Primary
project_3376,commodity_31,Primary
project_3377,commodity_31,Primary
project_3377,commodity_148,Primary
project_3378,commodity_31,Primary
project_3378,commodity_12,Primary
project_3379,commodity_31,Primary
project_3379,commodity_12,Primary
project_3380,commodity_22,Primary
project_3380,commodity_97,Primary
project_3381,commodity_2,Primary
project_3381,commodity_154,Primary
project_3381,commodity_31,Primary
project_3381,commodity_105,Secondary
project_3382,commodity_154,Primary
project_3382,commodity_105,Primary
project_3383,commodity_154,Primary
project_3383,commodity_105,Primary
project_3384,commodity_2,Primary
project_3384,commodity_105,Primary
project_3385,commodity_65,Primary
project_3385,commodity_157,Primary
project_3386,commodity_154,Primary
project_3386,commodity_2,Primary
project_3386,commodity_105,Primary
project_3387,commodity_144,Primary
project_3387,commodity_143,Primary
project_3388,commodity_144,Primary
project_3388,commodity_143,Primary
project_3389,commodity_143,Primary
project_3389,commodity_144,Primary
project_3390,commodity_12,Primary
project_3390,commodity_122,Primary
project_3391,commodity_89,Primary
project_3391,commodity_31,Primary
project_3391,commodity_2,Secondary
project_3392,commodity_105,Primary
project_3392,commodity_154,Primary
project_3392,commodity_2,Primary
project_3393,commodity_97,Primary
project_3393,commodity_22,Primary
project_3394,commodity_97,Primary
project_3394,commodity_22,Primary
project_3395,commodity_105,Primary
project_3395,commodity_154,Primary
project_3395,commodity_2,Primary
project_3396,commodity_31,Primary
project_3396,commodity_105,Primary
project_3396,commodity_154,Primary
project_3396,commodity_2,Primary
project_3396,commodity_12,Primary
project_3397,commodity_12,Primary
project_3398,commodity_65,Primary
project_3398,commodity_119,Primary
project_3398,commodity_157,Primary
project_3399,commodity_97,Primary
project_3400,commodity_97,Primary
project_3401,commodity_128,Primary
project_3402,commodity_12,Primary
project_3403,commodity_12,Primary
project_3404,commodity_31,Primary
project_3404,commodity_97,Primary
project_3404,commodity_22,Primary
project_3405,commodity_31,Primary
project_3406,commodity_31,Primary
project_3407,commodity_31,Primary
project_3407,commodity_2,Secondary
project_3407,commodity_12,Secondary
project_3408,commodity_128,Primary
project_3408,commodity_42,Secondary
project_3409,commodity_143,Primary
project_3410,commodity_143,Primary
project_3411,commodity_49,Primary
project_3412,commodity_4,Primary
project_3413,commodity_107,Primary
project_3413,commodity_103,Primary
project_3414,commodity_107,Primary
project_3414,commodity_103,Primary
project_3415,commodity_43,Primary
project_3416,commodity_131,Primary
project_3417,commodity_81,Primary
project_3418,commodity_97,Primary
project_3419,commodity_19,Primary
project_3420,commodity_19,Primary
project_3421,commodity_19,Primary
project_3422,commodity_97,Primary
project_3423,commodity_20,Primary
project_3424,commodity_20,Primary
project_3425,commodity_12,Primary
project_3426,commodity_12,Primary
project_3427,commodity_19,Primary
project_3428,commodity_19,Primary
project_3429,commodity_19,Primary
project_3430,commodity_19,Primary
project_3431,commodity_19,Primary
project_3432,commodity_19,Primary
project_3433,commodity_19,Primary
project_3434,commodity_45,Primary
project_3434,commodity_42,Primary
project_3435,commodity_45,Primary
project_3435,commodity_42,Secondary
project_3436,commodity_45,Primary
project_3436,commodity_42,Secondary
project_3437,commodity_42,Primary
project_3437,commodity_45,Primary
project_3438,commodity_45,Primary
project_3438,commodity_42,Secondary
project_3439,commodity_45,Primary
project_3439,commodity_42,Secondary
project_3440,commodity_45,Primary
project_3441,commodity_79,Primary
project_3442,commodity_61,Primary
project_3443,commodity_61,Primary
project_3444,commodity_45,Primary
project_3445,commodity_45,Primary
project_3446,commodity_23,Primary
project_3447,commodity_23,Primary
project_3448,commodity_23,Primary
project_3449,commodity_23,Primary
project_3450,commodity_19,Primary
project_3451,commodity_45,Primary
project_3452,commodity_31,Primary
project_3452,commodity_22,Primary
project_3453,commodity_12,Primary
project_3454,commodity_143,Primary
project_3455,commodity_12,Primary
project_3456,commodity_12,Primary
project_3457,commodity_12,Primary
project_3458,commodity_33,Primary
project_3459,commodity_12,Primary
project_3459,commodity_2,Primary
project_3460,commodity_12,Primary
project_3461,commodity_12,Primary
project_3462,commodity_12,Primary
project_3463,commodity_45,Primary
project_3463,commodity_42,Primary
project_3464,commodity_146,Primary
project_3464,commodity_42,Primary
project_3464,commodity_139,Primary
project_3464,commodity_145,Primary
project_3464,commodity_45,Secondary
project_3464,commodity_140,Secondary
project_3465,commodity_45,Primary
project_3465,commodity_42,Secondary
project_3466,commodity_61,Primary
project_3466,commodity_79,Primary
project_3466,commodity_42,Primary
project_3466,commodity_45,Primary
project_3467,commodity_19,Primary
project_3468,commodity_19,Primary
project_3469,commodity_19,Primary
project_3470,commodity_12,Primary
project_3471,commodity_45,Primary
project_3471,commodity_42,Primary
project_3472,commodity_31,Primary
project_3472,commodity_97,Primary
project_3472,commodity_104,Primary
project_3472,commodity_22,Primary
project_3473,commodity_119,Primary
project_3473,commodity_65,Primary
project_3473,commodity_157,Primary
project_3474,commodity_12,Primary
project_3475,commodity_12,Primary
project_3476,commodity_12,Primary
project_3477,commodity_12,Primary
project_3478,commodity_12,Primary
project_3479,commodity_45,Primary
project_3479,commodity_42,Primary
project_3480,commodity_143,Primary
project_3480,commodity_144,Primary
project_3481,commodity_45,Primary
project_3481,commodity_42,Primary
project_3482,commodity_45,Primary
project_3482,commodity_42,Primary
project_3482,commodity_61,Primary
project_3483,commodity_19,Primary
project_3484,commodity_19,Primary
project_3485,commodity_19,Primary
project_3486,commodity_19,Primary
project_3487,commodity_19,Primary
project_3488,commodity_19,Primary
project_3489,commodity_19,Primary
project_3490,commodity_19,Primary
project_3491,commodity_12,Primary
project_3492,commodity_12,Primary
project_3493,commodity_12,Primary
project_3494,commodity_85,Primary
project_3495,commodity_19,Primary
project_3496,commodity_19,Primary
project_3497,commodity_19,Primary
project_3498,commodity_12,Primary
project_3499,commodity_12,Primary
project_3500,commodity_12,Primary
project_3501,commodity_12,Primary
project_3502,commodity_12,Primary
project_3503,commodity_45,Primary
project_3503,commodity_42,Secondary
project_3504,commodity_12,Primary
project_3505,commodity_148,Primary
project_3505,commodity_149,Primary
project_3506,commodity_12,Primary
project_3507,commodity_12,Primary
project_3508,commodity_12,Primary
project_3509,commodity_12,Primary
project_3510,commodity_154,Primary
project_3510,commodity_31,Primary
project_3510,commodity_2,Primary
project_3510,commodity_12,Secondary
project_3510,commodity_105,Secondary
project_3511,commodity_12,Primary
project_3512,commodity_12,Primary
project_3513,commodity_12,Primary
project_3514,commodity_12,Primary
project_3515,commodity_12,Primary
project_3516,commodity_12,Primary
project_3517,commodity_12,Primary
project_3518,commodity_12,Primary
project_3519,commodity_154,Primary
project_3519,commodity_31,Primary
project_3519,commodity_2,Primary
project_3519,commodity_12,Primary
project_3519,commodity_105,Primary
project_3520,commodity_31,Primary
project_3520,commodity_154,Primary
project_3520,commodity_12,Primary
project_3520,commodity_2,Secondary
project_3520,commodity_105,Secondary
project_3521,commodity_12,Primary
project_3522,commodity_12,Primary
project_3523,commodity_12,Primary
project_3524,commodity_12,Primary
project_3525,commodity_12,Primary
project_3526,commodity_12,Primary
project_3527,commodity_12,Primary
project_3528,commodity_12,Primary
project_3529,commodity_12,Primary
project_3530,commodity_12,Primary
project_3531,commodity_12,Primary
project_3532,commodity_12,Primary
project_3533,commodity_12,Primary
project_3534,commodity_12,Primary
project_3535,commodity_12,Primary
project_3536,commodity_12,Primary
project_3537,commodity_12,Primary
project_3538,commodity_12,Primary
project_3539,commodity_31,Primary
project_3539,commodity_154,Secondary
project_3540,commodity_31,Primary
project_3541,commodity_105,Primary
project_3542,commodity_12,Primary
project_3543,commodity_12,Primary
project_3544,commodity_12,Primary
project_3545,commodity_12,Primary
project_3546,commodity_12,Primary
project_3547,commodity_12,Primary
project_3548,commodity_12,Primary
project_3549,commodity_12,Primary
project_3550,commodity_12,Primary
project_3551,commodity_12,Primary
project_3552,commodity_12,Primary
project_3553,commodity_31,Primary
project_3553,commodity_154,Primary
project_3553,commodity_105,Primary
project_3553,commodity_148,Secondary
project_3553,commodity_149,Secondary
project_3554,commodity_12,Primary
project_3555,commodity_12,Primary
project_3556,commodity_12,Primary
project_3557,commodity_12,Primary
project_3558,commodity_12,Primary
project_3559,commodity_12,Primary
project_3560,commodity_12,Primary
project_3561,commodity_12,Primary
project_3562,commodity_12,Primary
project_3563,commodity_12,Primary
project_3564,commodity_12,Primary
project_3565,commodity_12,Primary
project_3566,commodity_12,Primary
project_3567,commodity_31,Primary
project_3567,commodity_12,Primary
project_3567,commodity_2,Secondary
project_3568,commodity_67,Primary
project_3568,commodity_100,Primary
project_3568,commodity_110,Secondary
project_3568,commodity_106,Secondary
project_3568,commodity_118,Secondary
project_3568,commodity_120,Secondary
project_3568,commodity_104,Secondary
project_3568,commodity_99,Secondary
project_3569,commodity_42,Primary
project_3569,commodity_145,Secondary
project_3569,commodity_4,Secondary
project_3569,commodity_146,Secondary
project_3569,commodity_139,Secondary
project_3569,commodity_140,Secondary
project_3570,commodity_143,Primary
project_3570,commodity_144,Primary
project_3571,commodity_45,Primary
project_3571,commodity_42,Primary
project_3572,commodity_45,Primary
project_3572,commodity_42,Primary
project_3573,commodity_19,Primary
project_3574,commodity_12,Primary
project_3575,commodity_12,Primary
project_3576,commodity_12,Primary
project_3577,commodity_12,Primary
project_3578,commodity_19,Primary
project_3579,commodity_19,Primary
project_3580,commodity_143,Primary
project_3580,commodity_144,Primary
project_3581,commodity_143,Primary
project_3581,commodity_144,Primary
project_3582,commodity_31,Primary
project_3582,commodity_12,Primary
project_3582,commodity_22,Primary
project_3582,commodity_2,Secondary
project_3582,commodity_15,Secondary
project_3582,commodity_79,Secondary
project_3583,commodity_19,Primary
project_3584,commodity_19,Primary
project_3585,commodity_143,Primary
project_3585,commodity_144,Primary
project_3586,commodity_45,Primary
project_3586,commodity_42,Secondary
project_3587,commodity_143,Primary
project_3587,commodity_144,Primary
project_3588,commodity_89,Primary
project_3589,commodity_65,Primary
project_3589,commodity_157,Primary
project_3589,commodity_119,Primary
project_3589,commodity_74,Secondary
project_3590,commodity_65,Primary
project_3590,commodity_157,Primary
project_3590,commodity_119,Secondary
project_3590,commodity_115,Secondary
project_3590,commodity_74,Secondary
project_3590,commodity_137,Secondary
project_3590,commodity_88,Secondary
project_3591,commodity_119,Primary
project_3591,commodity_157,Primary
project_3591,commodity_65,Primary
project_3591,commodity_74,Primary
project_3592,commodity_119,Primary
project_3592,commodity_65,Primary
project_3592,commodity_157,Primary
project_3592,commodity_74,Primary
project_3593,commodity_157,Primary
project_3593,commodity_65,Primary
project_3593,commodity_119,Primary
project_3593,commodity_74,Secondary
project_3594,commodity_65,Primary
project_3594,commodity_157,Primary
project_3594,commodity_119,Primary
project_3594,commodity_74,Primary
project_3595,commodity_12,Primary
project_3595,commodity_31,Primary
project_3595,commodity_115,Secondary
project_3595,commodity_143,Secondary
project_3595,commodity_144,Secondary
project_3596,commodity_97,Primary
project_3596,commodity_22,Secondary
project_3597,commodity_97,Primary
project_3597,commodity_22,Primary
project_3598,commodity_45,Primary
project_3598,commodity_42,Primary
project_3599,commodity_45,Primary
project_3599,commodity_42,Primary
project_3599,commodity_85,Primary
project_3600,commodity_45,Primary
project_3600,commodity_42,Primary
project_3601,commodity_45,Primary
project_3601,commodity_42,Primary
project_3602,commodity_45,Primary
project_3602,commodity_42,Primary
project_3603,commodity_45,Primary
project_3603,commodity_42,Primary
project_3604,commodity_31,Primary
project_3604,commodity_154,Primary
project_3604,commodity_105,Primary
project_3604,commodity_12,Primary
project_3604,commodity_2,Secondary
project_3605,commodity_12,Primary
project_3606,commodity_12,Primary
project_3607,commodity_45,Primary
project_3607,commodity_42,Primary
project_3608,commodity_45,Primary
project_3608,commodity_42,Secondary
project_3609,commodity_12,Primary
project_3609,commodity_122,Secondary
project_3610,commodity_12,Primary
project_3610,commodity_122,Primary
project_3611,commodity_143,Primary
project_3611,commodity_144,Primary
project_3612,commodity_45,Primary
project_3612,commodity_42,Primary
project_3613,commodity_17,Primary
project_3613,commodity_5,Secondary
project_3614,commodity_12,Primary
project_3615,commodity_19,Primary
project_3616,commodity_19,Primary
project_3617,commodity_19,Primary
project_3618,commodity_19,Primary
project_3619,commodity_12,Primary
project_3620,commodity_42,Primary
project_3620,commodity_45,Secondary
project_3621,commodity_31,Primary
project_3621,commodity_154,Primary
project_3621,commodity_12,Secondary
project_3621,commodity_2,Secondary
project_3622,commodity_45,Primary
project_3622,commodity_42,Primary
project_3623,commodity_45,Primary
project_3623,commodity_42,Primary
project_3624,commodity_12,Primary
project_3625,commodity_31,Primary
project_3625,commodity_12,Primary
project_3626,commodity_12,Primary
project_3626,commodity_2,Primary
project_3627,commodity_31,Primary
project_3627,commodity_12,Secondary
project_3627,commodity_2,Secondary
project_3628,commodity_12,Primary
project_3629,commodity_31,Primary
project_3629,commodity_12,Primary
project_3629,commodity_42,Secondary
project_3630,commodity_12,Primary
project_3631,commodity_12,Primary
project_3631,commodity_31,Secondary
project_3632,commodity_86,Primary
project_3632,commodity_85,Primary
project_3633,commodity_12,Primary
project_3634,commodity_12,Primary
project_3634,commodity_31,Primary
project_3635,commodity_12,Primary
project_3636,commodity_61,Primary
project_3637,commodity_45,Primary
project_3638,commodity_31,Primary
project_3638,commodity_154,Primary
project_3639,commodity_105,Primary
project_3639,commodity_2,Primary
project_3640,commodity_97,Primary
project_3640,commodity_22,Primary
project_3641,commodity_128,Primary
project_3642,commodity_128,Primary
project_3642,commodity_148,Primary
project_3642,commodity_79,Primary
project_3643,commodity_148,Primary
project_3644,commodity_148,Primary
project_3645,commodity_89,Primary
project_3645,commodity_15,Primary
project_3646,commodity_19,Primary
project_3647,commodity_97,Primary
project_3647,commodity_22,Primary
project_3648,commodity_75,Primary
project_3649,commodity_2,Primary
project_3649,commodity_105,Primary
project_3649,commodity_154,Primary
project_3650,commodity_19,Primary
project_3651,commodity_31,Primary
project_3651,commodity_12,Primary
project_3651,commodity_2,Secondary
project_3651,commodity_144,Secondary
project_3652,commodity_19,Primary
project_3653,commodity_19,Primary
project_3654,commodity_19,Primary
project_3655,commodity_19,Primary
project_3656,commodity_19,Primary
project_3657,commodity_19,Primary
project_3658,commodity_19,Primary
project_3659,commodity_31,Primary
project_3659,commodity_12,Primary
project_3660,commodity_42,Primary
project_3660,commodity_45,Secondary
project_3661,commodity_45,Primary
project_3661,commodity_42,Primary
project_3662,commodity_45,Primary
project_3662,commodity_42,Secondary
project_3663,commodity_45,Primary
project_3663,commodity_42,Secondary
project_3664,commodity_45,Primary
project_3664,commodity_42,Primary
project_3665,commodity_45,Primary
project_3665,commodity_42,Primary
project_3666,commodity_45,Primary
project_3666,commodity_42,Primary
project_3667,commodity_45,Primary
project_3667,commodity_42,Secondary
project_3668,commodity_17,Primary
project_3668,commodity_5,Secondary
project_3669,commodity_12,Primary
project_3670,commodity_12,Primary
project_3671,commodity_19,Primary
project_3672,commodity_28,Primary
project_3673,commodity_28,Primary
project_3673,commodity_99,Primary
project_3673,commodity_104,Primary
project_3673,commodity_12,Primary
project_3674,commodity_12,Primary
project_3675,commodity_12,Primary
project_3676,commodity_2,Primary
project_3676,commodity_31,Primary
project_3676,commodity_12,Primary
project_3676,commodity_154,Secondary
project_3676,commodity_89,Secondary
project_3677,commodity_2,Primary
project_3677,commodity_154,Primary
project_3677,commodity_31,Primary
project_3677,commodity_105,Primary
project_3678,commodity_2,Primary
project_3678,commodity_12,Primary
project_3679,commodity_45,Primary
project_3679,commodity_42,Primary
project_3680,commodity_17,Primary
project_3680,commodity_5,Primary
project_3681,commodity_12,Primary
project_3682,commodity_12,Primary
project_3683,commodity_12,Primary
project_3684,commodity_19,Primary
project_3685,commodity_19,Primary
project_3686,commodity_19,Primary
project_3687,commodity_19,Primary
project_3688,commodity_12,Primary
project_3689,commodity_12,Primary
project_3690,commodity_12,Primary
project_3691,commodity_12,Primary
project_3692,commodity_12,Primary
project_3693,commodity_12,Primary
project_3694,commodity_12,Primary
project_3695,commodity_12,Primary
project_3696,commodity_12,Primary
project_3697,commodity_12,Primary
project_3698,commodity_12,Primary
project_3699,commodity_12,Primary
project_3700,commodity_12,Primary
project_3701,commodity_12,Primary
project_3702,commodity_12,Primary
project_3703,commodity_12,Primary
project_3704,commodity_12,Primary
project_3705,commodity_12,Primary
project_3706,commodity_12,Primary
project_3707,commodity_12,Primary
project_3708,commodity_12,Primary
project_3709,commodity_12,Primary
project_3710,commodity_12,Primary
project_3711,commodity_12,Primary
project_3712,commodity_12,Primary
project_3713,commodity_12,Primary
project_3714,commodity_12,Primary
project_3715,commodity_12,Primary
project_3716,commodity_12,Primary
project_3717,commodity_12,Primary
project_3718,commodity_12,Primary
project_3719,commodity_12,Primary
project_3720,commodity_12,Primary
project_3721,commodity_12,Primary
project_3722,commodity_12,Primary
project_3723,commodity_19,Primary
project_3724,commodity_79,Primary
project_3724,commodity_45,Secondary
project_3724,commodity_42,Secondary
project_3725,commodity_19,Primary
project_3726,commodity_19,Primary
project_3727,commodity_45,Primary
project_3727,commodity_42,Secondary
project_3728,commodity_19,Primary
project_3729,commodity_12,Primary
project_3730,commodity_12,Primary
project_3731,commodity_12,Primary
project_3732,commodity_12,Primary
project_3733,commodity_12,Primary
project_3734,commodity_2,Primary
project_3734,commodity_12,Primary
project_3734,commodity_31,Primary
project_3735,commodity_154,Primary
project_3735,commodity_2,Primary
project_3735,commodity_105,Primary
project_3736,commodity_105,Primary
project_3736,commodity_2,Primary
project_3736,commodity_154,Primary
project_3737,commodity_12,Primary
project_3737,commodity_154,Primary
project_3737,commodity_2,Primary
project_3738,commodity_22,Primary
project_3738,commodity_97,Primary
project_3739,commodity_83,Primary
project_3739,commodity_82,Primary
project_3740,commodity_12,Primary
project_3741,commodity_12,Primary
project_3742,commodity_12,Primary
project_3743,commodity_12,Primary
project_3744,commodity_12,Primary
project_3745,commodity_12,Primary
project_3746,commodity_12,Primary
project_3747,commodity_12,Primary
project_3748,commodity_12,Primary
project_3749,commodity_12,Primary
project_3750,commodity_12,Primary
project_3751,commodity_12,Primary
project_3752,commodity_12,Primary
project_3753,commodity_12,Primary
project_3754,commodity_12,Primary
project_3755,commodity_12,Primary
project_3756,commodity_107,Primary
project_3756,commodity_152,Primary
project_3756,commodity_103,Primary
project_3757,commodity_12,Primary
project_3758,commodity_12,Primary
project_3759,commodity_12,Primary
project_3760,commodity_12,Primary
project_3761,commodity_12,Primary
project_3762,commodity_12,Primary
project_3763,commodity_12,Primary
project_3764,commodity_12,Primary
project_3765,commodity_12,Primary
project_3766,commodity_42,Primary
project_3766,commodity_45,Primary
project_3767,commodity_42,Primary
project_3767,commodity_45,Primary
project_3768,commodity_45,Primary
project_3768,commodity_42,Secondary
project_3769,commodity_45,Primary
project_3769,commodity_42,Primary
project_3770,commodity_97,Primary
project_3770,commodity_22,Primary
project_3770,commodity_123,Secondary
project_3770,commodity_28,Secondary
project_3771,commodity_143,Primary
project_3771,commodity_144,Secondary
project_3772,commodity_143,Primary
project_3772,commodity_144,Primary
project_3773,commodity_143,Primary
project_3773,commodity_144,Primary
project_3774,commodity_143,Primary
project_3774,commodity_144,Primary
project_3775,commodity_12,Primary
project_3776,commodity_12,Primary
project_3777,commodity_12,Primary
project_3778,commodity_143,Primary
project_3778,commodity_144,Secondary
project_3779,commodity_12,Primary
project_3780,commodity_45,Primary
project_3780,commodity_42,Primary
project_3781,commodity_12,Primary
project_3782,commodity_12,Primary
project_3783,commodity_42,Primary
project_3783,commodity_45,Primary
project_3785,commodity_45,Primary
project_3785,commodity_42,Primary
project_3786,commodity_12,Primary
project_3787,commodity_12,Primary
project_3788,commodity_42,Primary
project_3788,commodity_45,Primary
project_3789,commodity_12,Primary
project_3790,commodity_45,Primary
project_3790,commodity_42,Secondary
project_3791,commodity_45,Primary
project_3791,commodity_42,Secondary
project_3792,commodity_45,Primary
project_3792,commodity_42,Secondary
project_3793,commodity_12,Primary
project_3794,commodity_45,Primary
project_3794,commodity_42,Secondary
project_3795,commodity_33,Primary
project_3796,commodity_33,Primary
project_3797,commodity_146,Primary
project_3797,commodity_139,Primary
project_3797,commodity_145,Primary
project_3797,commodity_140,Primary
project_3797,commodity_5,Primary
project_3797,commodity_58,Primary
project_3797,commodity_45,Secondary
project_3797,commodity_42,Secondary
project_3797,commodity_4,Secondary
project_3798,commodity_42,Primary
project_3798,commodity_45,Primary
project_3799,commodity_45,Primary
project_3799,commodity_145,Primary
project_3799,commodity_42,Primary
project_3799,commodity_140,Primary
project_3799,commodity_139,Primary
project_3799,commodity_146,Primary
project_3799,commodity_31,Primary
project_3799,commodity_22,Primary
project_3799,commodity_97,Primary
project_3800,commodity_145,Primary
project_3800,commodity_140,Primary
project_3800,commodity_42,Primary
project_3800,commodity_139,Primary
project_3800,commodity_45,Primary
project_3800,commodity_146,Primary
project_3801,commodity_19,Primary
project_3802,commodity_19,Primary
project_3803,commodity_19,Primary
project_3804,commodity_19,Primary
project_3805,commodity_45,Primary
project_3805,commodity_42,Secondary
project_3806,commodity_45,Primary
project_3806,commodity_79,Secondary
project_3806,commodity_42,Secondary
project_3807,commodity_45,Primary
project_3807,commodity_42,Secondary
project_3808,commodity_45,Primary
project_3808,commodity_42,Secondary
project_3809,commodity_42,Primary
project_3810,commodity_19,Primary
project_3811,commodity_19,Primary
project_3812,commodity_19,Primary
project_3813,commodity_2,Primary
project_3813,commodity_89,Primary
project_3813,commodity_31,Primary
project_3814,commodity_19,Primary
project_3815,commodity_20,Primary
project_3816,commodity_45,Primary
project_3816,commodity_42,Primary
project_3817,commodity_42,Primary
project_3818,commodity_42,Primary
project_3819,commodity_45,Primary
project_3819,commodity_42,Primary
project_3820,commodity_45,Primary
project_3820,commodity_42,Secondary
project_3821,commodity_45,Primary
project_3821,commodity_42,Secondary
project_3822,commodity_42,Primary
project_3823,commodity_146,Primary
project_3823,commodity_139,Primary
project_3823,commodity_45,Secondary
project_3823,commodity_145,Secondary
project_3823,commodity_42,Secondary
project_3823,commodity_140,Secondary
project_3824,commodity_19,Primary
project_3825,commodity_45,Primary
project_3825,commodity_42,Secondary
project_3826,commodity_45,Primary
project_3826,commodity_42,Secondary
project_3827,commodity_45,Primary
project_3827,commodity_42,Secondary
project_3828,commodity_45,Primary
project_3828,commodity_42,Primary
project_3829,commodity_45,Primary
project_3829,commodity_42,Primary
project_3830,commodity_45,Primary
project_3830,commodity_42,Primary
project_3831,commodity_42,Primary
project_3831,commodity_45,Primary
project_3832,commodity_42,Primary
project_3832,commodity_45,Primary
project_3833,commodity_42,Primary
project_3833,commodity_45,Primary
project_3834,commodity_19,Primary
project_3835,commodity_45,Primary
project_3835,commodity_42,Primary
project_3836,commodity_107,Primary
project_3836,commodity_143,Secondary
project_3836,commodity_103,Secondary
project_3836,commodity_144,Secondary
project_3837,commodity_12,Primary
project_3838,commodity_45,Primary
project_3838,commodity_42,Secondary
project_3839,commodity_45,Primary
project_3839,commodity_42,Primary
project_3840,commodity_42,Primary
project_3840,commodity_45,Secondary
project_3841,commodity_19,Primary
project_3842,commodity_19,Primary
project_3843,commodity_19,Primary
project_3844,commodity_19,Primary
project_3845,commodity_20,Primary
project_3846,commodity_12,Primary
project_3847,commodity_17,Primary
project_3847,commodity_5,Secondary
project_3847,commodity_125,Secondary
project_3848,commodity_17,Primary
project_3848,commodity_5,Primary
project_3849,commodity_12,Primary
project_3850,commodity_42,Primary
project_3850,commodity_45,Primary
project_3851,commodity_45,Primary
project_3851,commodity_42,Primary
project_3852,commodity_31,Primary
project_3853,commodity_42,Primary
project_3853,commodity_45,Secondary
project_3854,commodity_12,Primary
project_3855,commodity_12,Primary
project_3856,commodity_12,Primary
project_3857,commodity_12,Primary
project_3858,commodity_12,Primary
project_3859,commodity_12,Primary
project_3860,commodity_12,Primary
project_3861,commodity_70,Primary
project_3861,commodity_71,Primary
project_3862,commodity_70,Primary
project_3862,commodity_71,Primary
project_3862,commodity_69,Primary
project_3863,commodity_71,Primary
project_3863,commodity_70,Primary
project_3864,commodity_45,Primary
project_3864,commodity_42,Primary
project_3865,commodity_45,Primary
project_3865,commodity_42,Primary
project_3866,commodity_12,Primary
project_3867,commodity_72,Primary
project_3868,commodity_19,Primary
project_3869,commodity_19,Primary
project_3870,commodity_19,Primary
project_3871,commodity_12,Primary
project_3872,commodity_19,Primary
project_3873,commodity_31,Primary
project_3873,commodity_12,Primary
project_3873,commodity_2,Primary
project_3873,commodity_15,Primary
project_3874,commodity_65,Primary
project_3874,commodity_157,Primary
project_3874,commodity_119,Secondary
project_3874,commodity_74,Secondary
project_3875,commodity_19,Primary
project_3876,commodity_65,Primary
project_3876,commodity_157,Primary
project_3876,commodity_119,Secondary
project_3876,commodity_74,Secondary
project_3877,commodity_65,Primary
project_3877,commodity_157,Primary
project_3877,commodity_119,Primary
project_3877,commodity_74,Primary
project_3878,commodity_65,Primary
project_3878,commodity_157,Primary
project_3878,commodity_119,Secondary
project_3878,commodity_74,Secondary
project_3879,commodity_119,Primary
project_3879,commodity_157,Primary
project_3879,commodity_65,Primary
project_3879,commodity_74,Primary
project_3880,commodity_65,Primary
project_3880,commodity_157,Primary
project_3880,commodity_119,Primary
project_3880,commodity_74,Primary
project_3881,commodity_65,Primary
project_3881,commodity_157,Primary
project_3881,commodity_119,Secondary
project_3881,commodity_74,Secondary
project_3882,commodity_157,Primary
project_3882,commodity_65,Primary
project_3882,commodity_119,Primary
project_3882,commodity_74,Secondary
project_3883,commodity_157,Primary
project_3883,commodity_65,Primary
project_3883,commodity_119,Primary
project_3883,commodity_74,Secondary
project_3884,commodity_11,Primary
project_3885,commodity_157,Primary
project_3885,commodity_65,Primary
project_3885,commodity_119,Primary
project_3885,commodity_74,Secondary
project_3886,commodity_31,Primary
project_3886,commodity_2,Primary
project_3886,commodity_105,Primary
project_3886,commodity_154,Primary
project_3886,commodity_89,Primary
project_3886,commodity_12,Primary
project_3887,commodity_31,Primary
project_3887,commodity_22,Primary
project_3887,commodity_121,Primary
project_3887,commodity_42,Secondary
project_3888,commodity_144,Primary
project_3888,commodity_143,Primary
project_3889,commodity_19,Primary
project_3890,commodity_20,Primary
project_3891,commodity_20,Primary
project_3892,commodity_2,Primary
project_3892,commodity_154,Primary
project_3892,commodity_31,Primary
project_3892,commodity_12,Primary
project_3893,commodity_12,Primary
project_3894,commodity_12,Primary
project_3895,commodity_45,Primary
project_3895,commodity_42,Secondary
project_3896,commodity_12,Primary
project_3897,commodity_12,Primary
project_3898,commodity_12,Primary
project_3899,commodity_12,Primary
project_3900,commodity_12,Primary
project_3901,commodity_12,Primary
project_3902,commodity_105,Primary
project_3902,commodity_2,Primary
project_3902,commodity_154,Primary
project_3903,commodity_12,Primary
project_3904,commodity_12,Primary
project_3905,commodity_12,Primary
project_3906,commodity_12,Primary
project_3907,commodity_144,Primary
project_3907,commodity_143,Primary
project_3908,commodity_2,Primary
project_3908,commodity_105,Primary
project_3908,commodity_154,Secondary
project_3908,commodity_31,Secondary
project_3908,commodity_12,Secondary
project_3909,commodity_154,Primary
project_3909,commodity_2,Primary
project_3909,commodity_12,Primary
project_3909,commodity_105,Primary
project_3909,commodity_31,Secondary
project_3910,commodity_105,Primary
project_3910,commodity_12,Primary
project_3910,commodity_154,Primary
project_3910,commodity_2,Primary
project_3910,commodity_31,Primary
project_3911,commodity_97,Primary
project_3911,commodity_31,Secondary
project_3911,commodity_22,Secondary
project_3911,commodity_110,Secondary
project_3911,commodity_106,Secondary
project_3911,commodity_121,Secondary
project_3911,commodity_104,Secondary
project_3911,commodity_12,Secondary
project_3911,commodity_8,Secondary
project_3912,commodity_105,Primary
project_3912,commodity_2,Primary
project_3912,commodity_31,Primary
project_3912,commodity_154,Primary
project_3912,commodity_12,Primary
project_3913,commodity_42,Primary
project_3913,commodity_45,Secondary
project_3914,commodity_12,Primary
project_3914,commodity_31,Primary
project_3915,commodity_12,Primary
project_3916,commodity_12,Primary
project_3917,commodity_12,Primary
project_3918,commodity_12,Primary
project_3919,commodity_12,Primary
project_3920,commodity_19,Primary
project_3921,commodity_143,Primary
project_3921,commodity_144,Primary
project_3922,commodity_19,Primary
project_3923,commodity_19,Primary
project_3924,commodity_19,Primary
project_3925,commodity_154,Primary
project_3925,commodity_105,Primary
project_3925,commodity_12,Secondary
project_3925,commodity_31,Secondary
project_3926,commodity_19,Primary
project_3927,commodity_119,Primary
project_3927,commodity_65,Primary
project_3927,commodity_157,Primary
project_3927,commodity_74,Primary
project_3927,commodity_57,Primary
project_3927,commodity_139,Primary
project_3928,commodity_65,Primary
project_3928,commodity_157,Primary
project_3928,commodity_119,Secondary
project_3928,commodity_150,Secondary
project_3928,commodity_74,Secondary
project_3929,commodity_143,Primary
project_3929,commodity_144,Primary
project_3930,commodity_42,Primary
project_3930,commodity_45,Primary
project_3931,commodity_157,Primary
project_3931,commodity_65,Primary
project_3931,commodity_119,Primary
project_3931,commodity_56,Secondary
project_3931,commodity_150,Secondary
project_3931,commodity_74,Secondary
project_3932,commodity_157,Primary
project_3932,commodity_65,Primary
project_3932,commodity_119,Secondary
project_3932,commodity_74,Secondary
project_3933,commodity_65,Primary
project_3933,commodity_157,Primary
project_3933,commodity_119,Primary
project_3933,commodity_56,Secondary
project_3933,commodity_74,Secondary
project_3934,commodity_157,Primary
project_3934,commodity_65,Primary
project_3934,commodity_119,Secondary
project_3934,commodity_115,Secondary
project_3934,commodity_88,Secondary
project_3934,commodity_56,Secondary
project_3934,commodity_137,Secondary
project_3934,commodity_74,Secondary
project_3935,commodity_12,Primary
project_3936,commodity_12,Primary
project_3937,commodity_12,Primary
project_3938,commodity_12,Primary
project_3939,commodity_12,Primary
project_3940,commodity_12,Primary
project_3941,commodity_12,Primary
project_3942,commodity_12,Primary
project_3943,commodity_12,Primary
project_3944,commodity_12,Primary
project_3945,commodity_12,Primary
project_3946,commodity_97,Primary
project_3946,commodity_22,Secondary
project_3946,commodity_31,Secondary
project_3947,commodity_65,Primary
project_3947,commodity_119,Primary
project_3947,commodity_157,Primary
project_3947,commodity_74,Primary
project_3948,commodity_12,Primary
project_3949,commodity_12,Primary
project_3949,commodity_128,Primary
project_3950,commodity_12,Primary
project_3951,commodity_12,Primary
project_3952,commodity_12,Primary
project_3952,commodity_31,Primary
project_3952,commodity_2,Primary
project_3952,commodity_128,Primary
project_3953,commodity_144,Primary
project_3953,commodity_143,Primary
project_3954,commodity_17,Primary
project_3954,commodity_5,Secondary
project_3955,commodity_86,Primary
project_3955,commodity_85,Secondary
project_3956,commodity_86,Primary
project_3956,commodity_85,Secondary
project_3957,commodity_86,Primary
project_3957,commodity_85,Secondary
project_3958,commodity_85,Primary
project_3959,commodity_12,Primary
project_3960,commodity_85,Primary
project_3961,commodity_12,Primary
project_3962,commodity_85,Primary
project_3963,commodity_85,Primary
project_3964,commodity_12,Primary
project_3965,commodity_12,Primary
project_3966,commodity_144,Primary
project_3966,commodity_143,Primary
project_3967,commodity_144,Primary
project_3967,commodity_143,Primary
project_3968,commodity_12,Primary
project_3968,commodity_122,Secondary
project_3969,commodity_31,Primary
project_3969,commodity_2,Primary
project_3969,commodity_12,Primary
project_3970,commodity_143,Primary
project_3970,commodity_144,Primary
project_3971,commodity_143,Primary
project_3971,commodity_144,Primary
project_3972,commodity_143,Primary
project_3972,commodity_144,Primary
project_3973,commodity_12,Primary
project_3974,commodity_12,Primary
project_3975,commodity_31,Primary
project_3975,commodity_12,Primary
project_3975,commodity_154,Primary
project_3975,commodity_105,Primary
project_3975,commodity_2,Secondary
project_3976,commodity_31,Primary
project_3976,commodity_12,Primary
project_3977,commodity_12,Primary
project_3978,commodity_12,Primary
project_3979,commodity_12,Primary
project_3980,commodity_12,Primary
project_3981,commodity_12,Primary
project_3982,commodity_12,Primary
project_3983,commodity_12,Primary
project_3984,commodity_12,Primary
project_3985,commodity_12,Primary
project_3986,commodity_12,Primary
project_3987,commodity_12,Primary
project_3987,commodity_122,Primary
project_3988,commodity_12,Primary
project_3988,commodity_122,Secondary
project_3989,commodity_12,Primary
project_3990,commodity_12,Primary
project_3991,commodity_12,Primary
project_3992,commodity_12,Primary
project_3993,commodity_12,Primary
project_3994,commodity_31,Primary
project_3994,commodity_115,Primary
project_3994,commodity_22,Secondary
project_3994,commodity_89,Secondary
project_3994,commodity_12,Secondary
project_3994,commodity_143,Secondary
project_3994,commodity_2,Secondary
project_3994,commodity_144,Secondary
project_3994,commodity_103,Secondary
project_3994,commodity_114,Secondary
project_3994,commodity_152,Secondary
project_3994,commodity_96,Secondary
project_3994,commodity_95,Secondary
project_3994,commodity_37,Secondary
project_3994,commodity_40,Secondary
project_3994,commodity_38,Secondary
project_3994,commodity_109,Secondary
project_3994,commodity_108,Secondary
project_3994,commodity_39,Secondary
project_3995,commodity_12,Primary
project_3996,commodity_12,Primary
project_3997,commodity_45,Primary
project_3997,commodity_42,Primary
project_3998,commodity_12,Primary
project_3999,commodity_12,Primary
project_4000,commodity_12,Primary
project_4001,commodity_107,Primary
project_4001,commodity_103,Primary
project_4002,commodity_12,Primary
project_4003,commodity_12,Primary
project_4004,commodity_12,Primary
project_4005,commodity_12,Primary
project_4006,commodity_12,Primary
project_4007,commodity_12,Primary
project_4008,commodity_12,Primary
project_4009,commodity_12,Primary
project_4010,commodity_12,Primary
project_4011,commodity_12,Primary
project_4012,commodity_12,Primary
project_4013,commodity_12,Primary
project_4014,commodity_12,Primary
project_4015,commodity_2,Primary
project_4015,commodity_31,Primary
project_4015,commodity_12,Primary
project_4016,commodity_12,Primary
project_4017,commodity_12,Primary
project_4018,commodity_12,Primary
project_4019,commodity_12,Primary
project_4020,commodity_12,Primary
project_4020,commodity_2,Primary
project_4021,commodity_71,Primary
project_4021,commodity_70,Primary
project_4021,commodity_69,Primary
project_4022,commodity_12,Primary
project_4023,commodity_12,Primary
project_4024,commodity_12,Primary
project_4025,commodity_12,Primary
project_4026,commodity_103,Primary
project_4026,commodity_107,Primary
project_4027,commodity_103,Primary
project_4027,commodity_107,Primary
project_4028,commodity_97,Primary
project_4028,commodity_22,Primary
project_4028,commodity_42,Secondary
project_4028,commodity_85,Secondary
project_4029,commodity_97,Primary
project_4029,commodity_31,Primary
project_4029,commodity_22,Secondary
project_4029,commodity_104,Secondary
project_4030,commodity_42,Primary
project_4030,commodity_45,Secondary
project_4031,commodity_143,Primary
project_4031,commodity_144,Primary
project_4032,commodity_143,Primary
project_4032,commodity_144,Primary
project_4033,commodity_31,Primary
project_4033,commodity_22,Secondary
project_4033,commodity_12,Secondary
project_4034,commodity_107,Primary
project_4034,commodity_103,Primary
project_4035,commodity_107,Primary
project_4035,commodity_103,Primary
project_4036,commodity_70,Primary
project_4036,commodity_77,Primary
project_4036,commodity_103,Primary
project_4037,commodity_143,Primary
project_4037,commodity_144,Secondary
project_4038,commodity_31,Primary
project_4038,commodity_12,Primary
project_4039,commodity_144,Primary
project_4039,commodity_143,Primary
project_4040,commodity_144,Primary
project_4040,commodity_143,Primary
project_4041,commodity_143,Primary
project_4041,commodity_144,Primary
project_4042,commodity_45,Primary
project_4042,commodity_42,Secondary
project_4043,commodity_31,Primary
project_4043,commodity_12,Primary
project_4044,commodity_143,Primary
project_4044,commodity_144,Primary
project_4044,commodity_146,Primary
project_4045,commodity_143,Primary
project_4045,commodity_144,Primary
project_4046,commodity_31,Primary
project_4046,commodity_12,Secondary
project_4046,commodity_2,Secondary
project_4047,commodity_42,Primary
project_4047,commodity_45,Secondary
project_4048,commodity_31,Primary
project_4048,commodity_12,Secondary
project_4049,commodity_42,Primary
project_4049,commodity_45,Secondary
project_4050,commodity_31,Primary
project_4050,commodity_2,Secondary
project_4051,commodity_31,Primary
project_4051,commodity_22,Primary
project_4051,commodity_12,Primary
project_4052,commodity_45,Primary
project_4052,commodity_42,Secondary
project_4053,commodity_45,Primary
project_4053,commodity_42,Secondary
project_4054,commodity_157,Primary
project_4054,commodity_65,Primary
project_4054,commodity_74,Secondary
project_4054,commodity_119,Secondary
project_4054,commodity_87,Secondary
project_4055,commodity_45,Primary
project_4055,commodity_42,Secondary
project_4056,commodity_2,Primary
project_4057,commodity_2,Primary
project_4058,commodity_2,Primary
project_4059,commodity_19,Primary
project_4060,commodity_19,Primary
project_4061,commodity_19,Primary
project_4062,commodity_45,Primary
project_4062,commodity_42,Primary
project_4063,commodity_19,Primary
project_4064,commodity_19,Primary
project_4065,commodity_45,Primary
project_4065,commodity_42,Secondary
project_4066,commodity_45,Primary
project_4066,commodity_42,Primary
project_4067,commodity_12,Primary
project_4068,commodity_12,Primary
project_4068,commodity_2,Primary
project_4069,commodity_12,Primary
project_4069,commodity_2,Primary
project_4070,commodity_2,Primary
project_4070,commodity_12,Primary
project_4071,commodity_19,Primary
project_4072,commodity_19,Primary
project_4073,commodity_19,Primary
project_4074,commodity_12,Primary
project_4075,commodity_42,Primary
project_4075,commodity_45,Secondary
project_4076,commodity_19,Primary
project_4077,commodity_19,Primary
project_4078,commodity_19,Primary
project_4079,commodity_12,Primary
project_4080,commodity_12,Primary
project_4081,commodity_12,Primary
project_4082,commodity_12,Primary
project_4083,commodity_12,Primary
project_4084,commodity_12,Primary
project_4085,commodity_12,Primary
project_4086,commodity_12,Primary
project_4087,commodity_45,Primary
project_4087,commodity_42,Primary
project_4088,commodity_45,Primary
project_4088,commodity_42,Primary
project_4089,commodity_12,Primary
project_4090,commodity_12,Primary
project_4091,commodity_12,Primary
project_4092,commodity_12,Primary
project_4093,commodity_12,Primary
project_4094,commodity_12,Primary
project_4095,commodity_12,Primary
project_4096,commodity_12,Primary
project_4097,commodity_12,Primary
project_4098,commodity_12,Primary
project_4099,commodity_12,Primary
project_4100,commodity_12,Primary
project_4101,commodity_12,Primary
project_4102,commodity_45,Primary
project_4102,commodity_42,Primary
project_4103,commodity_87,Primary
project_4103,commodity_57,Primary
project_4103,commodity_65,Secondary
project_4103,commodity_79,Secondary
project_4104,commodity_55,Primary
project_4105,commodity_45,Primary
project_4105,commodity_42,Primary
project_4106,commodity_55,Primary
project_4107,commodity_55,Primary
project_4108,commodity_115,Primary
project_4108,commodity_157,Primary
project_4108,commodity_150,Secondary
project_4108,commodity_88,Secondary
project_4109,commodity_12,Primary
project_4110,commodity_86,Primary
project_4110,commodity_45,Primary
project_4110,commodity_85,Secondary
project_4110,commodity_42,Secondary
project_4110,commodity_79,Secondary
project_4111,commodity_12,Primary
project_4112,commodity_12,Primary
project_4113,commodity_12,Primary
project_4114,commodity_12,Primary
project_4115,commodity_12,Primary
project_4116,commodity_12,Primary
project_4117,commodity_12,Primary
project_4118,commodity_17,Primary
project_4118,commodity_5,Primary
project_4119,commodity_12,Primary
project_4120,commodity_17,Primary
project_4120,commodity_5,Primary
project_4121,commodity_12,Primary
project_4122,commodity_17,Primary
project_4122,commodity_5,Primary
project_4123,commodity_17,Primary
project_4123,commodity_5,Secondary
project_4124,commodity_17,Primary
project_4124,commodity_5,Secondary
project_4125,commodity_17,Primary
project_4125,commodity_5,Primary
project_4125,commodity_125,Secondary
project_4126,commodity_42,Primary
project_4126,commodity_45,Secondary
project_4127,commodity_12,Primary
project_4128,commodity_12,Primary
project_4129,commodity_12,Primary
project_4130,commodity_12,Primary
project_4131,commodity_12,Primary
project_4132,commodity_12,Primary
project_4133,commodity_12,Primary
project_4134,commodity_12,Primary
project_4135,commodity_12,Primary
project_4136,commodity_12,Primary
project_4137,commodity_12,Primary
project_4138,commodity_12,Primary
project_4139,commodity_12,Primary
project_4140,commodity_12,Primary
project_4141,commodity_12,Primary
project_4142,commodity_12,Primary
project_4143,commodity_12,Primary
project_4144,commodity_12,Primary
project_4145,commodity_12,Primary
project_4146,commodity_12,Primary
project_4147,commodity_12,Primary
project_4148,commodity_12,Primary
project_4149,commodity_12,Primary
project_4150,commodity_12,Primary
project_4151,commodity_12,Primary
project_4152,commodity_157,Primary
project_4152,commodity_65,Primary
project_4152,commodity_119,Secondary
project_4152,commodity_74,Secondary
project_4153,commodity_17,Primary
project_4153,commodity_5,Primary
project_4154,commodity_17,Primary
project_4154,commodity_5,Primary
project_4155,commodity_17,Primary
project_4155,commodity_5,Primary
project_4156,commodity_17,Primary
project_4156,commodity_5,Primary
project_4157,commodity_17,Primary
project_4157,commodity_5,Secondary
project_4158,commodity_17,Primary
project_4158,commodity_5,Secondary
project_4158,commodity_125,Secondary
project_4159,commodity_17,Primary
project_4159,commodity_5,Primary
project_4160,commodity_17,Primary
project_4160,commodity_5,Secondary
project_4161,commodity_17,Primary
project_4161,commodity_5,Primary
project_4162,commodity_12,Primary
project_4163,commodity_12,Primary
project_4164,commodity_45,Primary
project_4164,commodity_42,Secondary
project_4165,commodity_19,Primary
project_4166,commodity_12,Primary
project_4167,commodity_12,Primary
project_4168,commodity_12,Primary
project_4169,commodity_12,Primary
project_4170,commodity_12,Primary
project_4171,commodity_12,Primary
project_4172,commodity_56,Primary
project_4172,commodity_65,Secondary
project_4172,commodity_119,Secondary
project_4173,commodity_157,Primary
project_4173,commodity_65,Primary
project_4173,commodity_119,Primary
project_4173,commodity_74,Primary
project_4173,commodity_87,Primary
project_4173,commodity_56,Primary
project_4174,commodity_87,Primary
project_4174,commodity_65,Primary
project_4174,commodity_88,Primary
project_4174,commodity_74,Primary
project_4174,commodity_157,Primary
project_4174,commodity_119,Primary
project_4175,commodity_65,Primary
project_4175,commodity_119,Secondary
project_4175,commodity_157,Secondary
project_4175,commodity_74,Secondary
project_4176,commodity_87,Primary
project_4176,commodity_65,Primary
project_4176,commodity_74,Primary
project_4176,commodity_157,Primary
project_4176,commodity_119,Primary
project_4177,commodity_19,Primary
project_4178,commodity_12,Primary
project_4179,commodity_19,Primary
project_4180,commodity_115,Primary
project_4180,commodity_151,Secondary
project_4180,commodity_152,Secondary
project_4180,commodity_135,Secondary
project_4180,commodity_38,Secondary
project_4180,commodity_37,Secondary
project_4180,commodity_144,Secondary
project_4180,commodity_137,Secondary
project_4180,commodity_134,Secondary
project_4181,commodity_12,Primary
project_4182,commodity_12,Primary
project_4183,commodity_12,Primary
project_4184,commodity_12,Primary
project_4185,commodity_12,Primary
project_4186,commodity_12,Primary
project_4187,commodity_12,Primary
project_4188,commodity_97,Primary
project_4188,commodity_12,Primary
project_4188,commodity_2,Secondary
project_4188,commodity_31,Secondary
project_4188,commodity_8,Secondary
project_4189,commodity_12,Primary
project_4190,commodity_12,Primary
project_4191,commodity_97,Primary
project_4192,commodity_22,Primary
project_4192,commodity_42,Primary
project_4192,commodity_97,Secondary
project_4192,commodity_28,Secondary
project_4193,commodity_19,Primary
project_4194,commodity_19,Primary
project_4195,commodity_65,Primary
project_4195,commodity_157,Primary
project_4195,commodity_119,Primary
project_4195,commodity_74,Primary
project_4196,commodity_143,Primary
project_4196,commodity_144,Primary
project_4198,commodity_12,Primary
project_4199,commodity_12,Primary
project_4200,commodity_12,Primary
project_4201,commodity_12,Primary
project_4202,commodity_85,Primary
project_4202,commodity_86,Secondary
project_4203,commodity_22,Primary
project_4203,commodity_123,Primary
project_4203,commodity_110,Secondary
project_4203,commodity_97,Secondary
project_4204,commodity_148,Primary
project_4204,commodity_149,Primary
project_4205,commodity_72,Primary
project_4206,commodity_55,Primary
project_4207,commodity_55,Primary
project_4208,commodity_45,Primary
project_4208,commodity_42,Secondary
project_4209,commodity_45,Primary
project_4209,commodity_42,Primary
project_4210,commodity_45,Primary
project_4210,commodity_42,Primary
project_4211,commodity_42,Primary
project_4211,commodity_45,Primary
project_4212,commodity_45,Primary
project_4212,commodity_42,Primary
project_4213,commodity_42,Primary
project_4213,commodity_45,Primary
project_4214,commodity_42,Primary
project_4214,commodity_45,Primary
project_4215,commodity_55,Primary
project_4216,commodity_45,Primary
project_4217,commodity_45,Primary
project_4217,commodity_42,Primary
project_4218,commodity_45,Primary
project_4218,commodity_42,Primary
project_4219,commodity_45,Primary
project_4219,commodity_42,Primary
project_4220,commodity_12,Primary
project_4220,commodity_2,Secondary
project_4220,commodity_31,Secondary
project_4220,commodity_148,Secondary
project_4221,commodity_45,Primary
project_4221,commodity_42,Primary
project_4222,commodity_2,Primary
project_4222,commodity_89,Primary
project_4222,commodity_31,Primary
project_4223,commodity_31,Primary
project_4224,commodity_31,Primary
project_4225,commodity_105,Primary
project_4225,commodity_2,Primary
project_4225,commodity_31,Primary
project_4225,commodity_154,Primary
project_4225,commodity_12,Primary
project_4226,commodity_31,Primary
project_4226,commodity_12,Primary
project_4226,commodity_2,Secondary
project_4226,commodity_154,Secondary
project_4226,commodity_22,Secondary
project_4226,commodity_97,Secondary
project_4227,commodity_12,Primary
project_4227,commodity_31,Primary
project_4228,commodity_89,Primary
project_4228,commodity_31,Primary
project_4228,commodity_2,Primary
project_4229,commodity_105,Primary
project_4229,commodity_12,Primary
project_4229,commodity_2,Primary
project_4229,commodity_122,Secondary
project_4230,commodity_2,Primary
project_4230,commodity_154,Primary
project_4230,commodity_105,Primary
project_4231,commodity_2,Primary
project_4231,commodity_105,Primary
project_4232,commodity_45,Primary
project_4232,commodity_42,Secondary
project_4233,commodity_12,Primary
project_4234,commodity_144,Primary
project_4234,commodity_146,Primary
project_4234,commodity_145,Primary
project_4234,commodity_143,Primary
project_4235,commodity_12,Primary
project_4236,commodity_12,Primary
project_4237,commodity_12,Primary
project_4238,commodity_12,Primary
project_4239,commodity_12,Primary
project_4240,commodity_12,Primary
project_4241,commodity_12,Primary
project_4242,commodity_12,Primary
project_4243,commodity_12,Primary
project_4244,commodity_12,Primary
project_4245,commodity_86,Primary
project_4245,commodity_85,Secondary
project_4246,commodity_110,Primary
project_4246,commodity_106,Primary
project_4246,commodity_12,Secondary
project_4246,commodity_97,Secondary
project_4246,commodity_31,Secondary
project_4246,commodity_104,Secondary
project_4246,commodity_22,Secondary
project_4246,commodity_67,Secondary
project_4246,commodity_118,Secondary
project_4247,commodity_12,Primary
project_4248,commodity_12,Primary
project_4249,commodity_12,Primary
project_4250,commodity_45,Primary
project_4250,commodity_42,Primary
project_4251,commodity_55,Primary
project_4252,commodity_12,Primary
project_4253,commodity_12,Primary
project_4254,commodity_12,Primary
project_4255,commodity_12,Primary
project_4256,commodity_12,Primary
project_4257,commodity_12,Primary
project_4258,commodity_12,Primary
project_4259,commodity_12,Primary
project_4260,commodity_12,Primary
project_4261,commodity_12,Primary
project_4262,commodity_12,Primary
project_4263,commodity_12,Primary
project_4264,commodity_12,Primary
project_4265,commodity_12,Primary
project_4266,commodity_12,Primary
project_4267,commodity_12,Primary
project_4268,commodity_12,Primary
project_4269,commodity_12,Primary
project_4270,commodity_12,Primary
project_4271,commodity_12,Primary
project_4272,commodity_12,Primary
project_4273,commodity_12,Primary
project_4274,commodity_12,Primary
project_4275,commodity_12,Primary
project_4275,commodity_31,Secondary
project_4276,commodity_12,Primary
project_4277,commodity_12,Primary
project_4278,commodity_12,Primary
project_4279,commodity_12,Primary
project_4280,commodity_12,Primary
project_4281,commodity_12,Primary
project_4282,commodity_12,Primary
project_4283,commodity_12,Primary
project_4284,commodity_12,Primary
project_4285,commodity_12,Primary
project_4286,commodity_12,Primary
project_4287,commodity_12,Primary
project_4288,commodity_12,Primary
project_4289,commodity_12,Primary
project_4290,commodity_12,Primary
project_4291,commodity_12,Primary
project_4292,commodity_12,Primary
project_4293,commodity_12,Primary
project_4294,commodity_12,Primary
project_4295,commodity_12,Primary
project_4296,commodity_12,Primary
project_4297,commodity_12,Primary
project_4298,commodity_12,Primary
project_4299,commodity_12,Primary
project_4300,commodity_12,Primary
project_4301,commodity_12,Primary
project_4302,commodity_12,Primary
project_4303,commodity_12,Primary
project_4304,commodity_19,Primary
project_4305,commodity_19,Primary
project_4306,commodity_12,Primary
project_4307,commodity_19,Primary
project_4308,commodity_19,Primary
project_4309,commodity_19,Primary
project_4310,commodity_45,Primary
project_4310,commodity_42,Secondary
project_4311,commodity_45,Primary
project_4311,commodity_42,Primary
project_4312,commodity_20,Primary
project_4313,commodity_19,Primary
project_4314,commodity_12,Primary
project_4315,commodity_19,Primary
project_4316,commodity_12,Primary
project_4317,commodity_12,Primary
project_4318,commodity_12,Primary
project_4319,commodity_12,Primary
project_4320,commodity_12,Primary
project_4321,commodity_12,Primary
project_4322,commodity_12,Primary
project_4323,commodity_12,Primary
project_4324,commodity_12,Primary
project_4325,commodity_12,Primary
project_4326,commodity_12,Primary
project_4327,commodity_12,Primary
project_4328,commodity_12,Primary
project_4329,commodity_157,Primary
project_4329,commodity_119,Primary
project_4329,commodity_65,Primary
project_4329,commodity_74,Secondary
project_4330,commodity_97,Primary
project_4330,commodity_22,Primary
project_4330,commodity_31,Secondary
project_4331,commodity_97,Primary
project_4331,commodity_104,Secondary
project_4332,commodity_22,Primary
project_4332,commodity_85,Primary
project_4332,commodity_97,Primary
project_4332,commodity_5,Primary
project_4332,commodity_42,Primary
project_4332,commodity_28,Primary
project_4333,commodity_12,Primary
project_4334,commodity_12,Primary
project_4335,commodity_12,Primary
project_4336,commodity_12,Primary
project_4337,commodity_12,Primary
project_4338,commodity_12,Primary
project_4339,commodity_12,Primary
project_4340,commodity_12,Primary
project_4341,commodity_12,Primary
project_4342,commodity_12,Primary
project_4343,commodity_12,Primary
project_4344,commodity_12,Primary
project_4345,commodity_12,Primary
project_4346,commodity_12,Primary
project_4347,commodity_12,Primary
project_4348,commodity_12,Primary
project_4349,commodity_12,Primary
project_4350,commodity_12,Primary
project_4351,commodity_12,Primary
project_4352,commodity_12,Primary
project_4352,commodity_31,Primary
project_4352,commodity_105,Primary
project_4352,commodity_154,Secondary
project_4352,commodity_2,Secondary
project_4353,commodity_12,Primary
project_4354,commodity_12,Primary
project_4354,commodity_2,Secondary
project_4355,commodity_12,Primary
project_4356,commodity_12,Primary
project_4357,commodity_12,Primary
project_4358,commodity_12,Primary
project_4359,commodity_12,Primary
project_4359,commodity_122,Secondary
project_4360,commodity_31,Primary
project_4360,commodity_2,Primary
project_4360,commodity_12,Secondary
project_4360,commodity_105,Secondary
project_4360,commodity_154,Secondary
project_4361,commodity_31,Primary
project_4361,commodity_12,Primary
project_4361,commodity_2,Primary
project_4362,commodity_17,Primary
project_4362,commodity_5,Primary
project_4363,commodity_42,Primary
project_4363,commodity_45,Secondary
project_4364,commodity_12,Primary
project_4365,commodity_12,Primary
project_4366,commodity_12,Primary
project_4367,commodity_12,Primary
project_4368,commodity_17,Primary
project_4368,commodity_5,Primary
project_4369,commodity_12,Primary
project_4370,commodity_12,Primary
project_4371,commodity_12,Primary
project_4372,commodity_12,Primary
project_4373,commodity_12,Primary
project_4374,commodity_12,Primary
project_4375,commodity_12,Primary
project_4376,commodity_12,Primary
project_4377,commodity_12,Primary
project_4378,commodity_12,Primary
project_4379,commodity_12,Primary
project_4380,commodity_12,Primary
project_4381,commodity_107,Primary
project_4381,commodity_103,Primary
project_4382,commodity_12,Primary
project_4382,commodity_97,Primary
project_4383,commodity_97,Primary
project_4383,commodity_104,Secondary
project_4384,commodity_12,Primary
project_4384,commodity_2,Primary
project_4385,commodity_31,Primary
project_4385,commodity_12,Primary
project_4386,commodity_97,Primary
project_4386,commodity_12,Secondary
project_4386,commodity_104,Secondary
project_4386,commodity_106,Secondary
project_4386,commodity_22,Secondary
project_4386,commodity_110,Secondary
project_4386,commodity_31,Secondary
project_4386,commodity_2,Secondary
project_4386,commodity_8,Secondary
project_4387,commodity_97,Primary
project_4387,commodity_31,Primary
project_4387,commodity_22,Primary
project_4387,commodity_104,Secondary
project_4388,commodity_97,Primary
project_4388,commodity_22,Secondary
project_4388,commodity_31,Secondary
project_4388,commodity_104,Secondary
project_4388,commodity_67,Secondary
project_4388,commodity_99,Secondary
project_4388,commodity_110,Secondary
project_4388,commodity_120,Secondary
project_4388,commodity_106,Secondary
project_4388,commodity_118,Secondary
project_4389,commodity_12,Primary
project_4389,commodity_2,Primary
project_4389,commodity_105,Primary
project_4389,commodity_154,Primary
project_4389,commodity_31,Secondary
project_4390,commodity_12,Primary
project_4391,commodity_12,Primary
project_4391,commodity_69,Secondary
project_4391,commodity_71,Secondary
project_4392,commodity_22,Primary
project_4392,commodity_97,Primary
project_4392,commodity_110,Primary
project_4392,commodity_106,Primary
project_4392,commodity_83,Primary
project_4392,commodity_31,Secondary
project_4392,commodity_61,Secondary
project_4392,commodity_79,Secondary
project_4392,commodity_12,Secondary
project_4392,commodity_82,Secondary
project_4392,commodity_123,Secondary
project_4392,commodity_104,Secondary
project_4392,commodity_42,Secondary
project_4393,commodity_22,Primary
project_4393,commodity_97,Primary
project_4393,commodity_110,Primary
project_4393,commodity_106,Secondary
project_4393,commodity_82,Secondary
project_4393,commodity_123,Secondary
project_4393,commodity_42,Secondary
project_4394,commodity_31,Primary
project_4394,commodity_22,Primary
project_4394,commodity_12,Secondary
project_4394,commodity_2,Secondary
project_4395,commodity_31,Primary
project_4395,commodity_12,Primary
project_4395,commodity_2,Secondary
project_4396,commodity_12,Primary
project_4396,commodity_31,Secondary
project_4397,commodity_45,Primary
project_4397,commodity_61,Primary
project_4397,commodity_79,Primary
project_4397,commodity_42,Secondary
project_4398,commodity_12,Primary
project_4398,commodity_31,Primary
project_4398,commodity_2,Secondary
project_4399,commodity_12,Primary
project_4400,commodity_31,Primary
project_4400,commodity_12,Primary
project_4400,commodity_2,Primary
project_4401,commodity_31,Primary
project_4401,commodity_12,Primary
project_4402,commodity_154,Primary
project_4402,commodity_31,Primary
project_4402,commodity_105,Primary
project_4402,commodity_12,Primary
project_4402,commodity_22,Secondary
project_4402,commodity_2,Secondary
project_4402,commodity_15,Secondary
project_4402,commodity_79,Secondary
project_4403,commodity_12,Primary
project_4403,commodity_2,Secondary
project_4403,commodity_105,Secondary
project_4403,commodity_154,Secondary
project_4403,commodity_31,Secondary
project_4404,commodity_12,Primary
project_4405,commodity_12,Primary
project_4406,commodity_12,Primary
project_4407,commodity_12,Primary
project_4408,commodity_12,Primary
project_4409,commodity_12,Primary
project_4410,commodity_12,Primary
project_4411,commodity_12,Primary
project_4412,commodity_12,Primary
project_4413,commodity_12,Primary
project_4414,commodity_12,Primary
project_4415,commodity_12,Primary
project_4415,commodity_2,Secondary
project_4416,commodity_12,Primary
project_4417,commodity_12,Primary
project_4417,commodity_2,Primary
project_4418,commodity_12,Primary
project_4419,commodity_12,Primary
project_4420,commodity_12,Primary
project_4421,commodity_12,Primary
project_4422,commodity_45,Primary
project_4422,commodity_42,Secondary
project_4422,commodity_5,Secondary
project_4422,commodity_125,Secondary
project_4423,commodity_45,Primary
project_4423,commodity_42,Secondary
project_4423,commodity_5,Secondary
project_4423,commodity_125,Secondary
project_4424,commodity_75,Primary
project_4424,commodity_132,Primary
project_4424,commodity_133,Primary
project_4424,commodity_76,Primary
project_4425,commodity_17,Primary
project_4425,commodity_5,Secondary
project_4426,commodity_31,Primary
project_4426,commodity_154,Primary
project_4426,commodity_105,Secondary
project_4426,commodity_2,Secondary
project_4426,commodity_22,Secondary
project_4426,commodity_12,Secondary
project_4427,commodity_31,Primary
project_4427,commodity_2,Primary
project_4427,commodity_105,Primary
project_4427,commodity_154,Primary
project_4428,commodity_31,Primary
project_4428,commodity_12,Secondary
project_4428,commodity_2,Secondary
project_4429,commodity_12,Primary
project_4430,commodity_12,Primary
project_4431,commodity_12,Primary
project_4432,commodity_12,Primary
project_4433,commodity_12,Primary
project_4434,commodity_12,Primary
project_4435,commodity_12,Primary
project_4436,commodity_12,Primary
project_4437,commodity_12,Primary
project_4438,commodity_154,Primary
project_4438,commodity_31,Primary
project_4438,commodity_2,Primary
project_4438,commodity_105,Primary
project_4438,commodity_12,Secondary
project_4439,commodity_12,Primary
project_4440,commodity_12,Primary
project_4441,commodity_12,Primary
project_4442,commodity_12,Primary
project_4443,commodity_12,Primary
project_4443,commodity_2,Secondary
project_4444,commodity_12,Primary
project_4445,commodity_12,Primary
project_4446,commodity_12,Primary
project_4447,commodity_12,Primary
project_4448,commodity_12,Primary
project_4449,commodity_12,Primary
project_4450,commodity_12,Primary
project_4451,commodity_12,Primary
project_4452,commodity_31,Primary
project_4452,commodity_154,Primary
project_4452,commodity_12,Primary
project_4452,commodity_2,Secondary
project_4452,commodity_105,Secondary
project_4453,commodity_12,Primary
project_4453,commodity_122,Secondary
project_4454,commodity_12,Primary
project_4455,commodity_12,Primary
project_4456,commodity_12,Primary
project_4457,commodity_12,Primary
project_4458,commodity_12,Primary
project_4459,commodity_12,Primary
project_4460,commodity_12,Primary
project_4461,commodity_12,Primary
project_4462,commodity_12,Primary
project_4463,commodity_31,Primary
project_4463,commodity_12,Primary
project_4463,commodity_2,Secondary
project_4463,commodity_89,Secondary
project_4463,commodity_42,Secondary
project_4463,commodity_8,Secondary
project_4464,commodity_19,Primary
project_4465,commodity_19,Primary
project_4466,commodity_19,Primary
project_4467,commodity_19,Primary
project_4468,commodity_19,Primary
project_4469,commodity_69,Primary
project_4469,commodity_70,Primary
project_4469,commodity_71,Primary
project_4470,commodity_19,Primary
project_4471,commodity_19,Primary
project_4472,commodity_19,Primary
project_4473,commodity_19,Primary
project_4474,commodity_19,Primary
project_4475,commodity_19,Primary
project_4476,commodity_19,Primary
project_4477,commodity_19,Primary
project_4478,commodity_19,Primary
project_4479,commodity_19,Primary
project_4480,commodity_12,Primary
project_4481,commodity_17,Primary
project_4481,commodity_5,Secondary
project_4482,commodity_19,Primary
project_4483,commodity_19,Primary
project_4484,commodity_19,Primary
project_4485,commodity_19,Primary
project_4486,commodity_45,Primary
project_4486,commodity_42,Primary
project_4487,commodity_45,Primary
project_4487,commodity_42,Secondary
project_4488,commodity_157,Primary
project_4488,commodity_119,Primary
project_4488,commodity_65,Primary
project_4488,commodity_139,Primary
project_4488,commodity_57,Primary
project_4488,commodity_115,Secondary
project_4488,commodity_88,Secondary
project_4488,commodity_74,Secondary
project_4488,commodity_137,Secondary
project_4489,commodity_143,Primary
project_4489,commodity_144,Secondary
project_4490,commodity_31,Primary
project_4491,commodity_12,Primary
project_4491,commodity_31,Primary
project_4492,commodity_12,Primary
project_4493,commodity_12,Primary
project_4494,commodity_12,Primary
project_4495,commodity_12,Primary
project_4496,commodity_12,Primary
project_4497,commodity_20,Primary
project_4498,commodity_20,Primary
project_4499,commodity_12,Primary
project_4499,commodity_2,Secondary
project_4500,commodity_19,Primary
project_4501,commodity_20,Primary
project_4502,commodity_19,Primary
project_4503,commodity_17,Primary
project_4503,commodity_45,Primary
project_4503,commodity_79,Secondary
project_4503,commodity_5,Secondary
project_4503,commodity_61,Secondary
project_4503,commodity_42,Secondary
project_4503,commodity_140,Secondary
project_4504,commodity_45,Primary
project_4504,commodity_42,Primary
project_4505,commodity_20,Primary
project_4506,commodity_20,Primary
project_4506,commodity_19,Secondary
project_4507,commodity_20,Primary
project_4508,commodity_20,Primary
project_4509,commodity_20,Primary
project_4510,commodity_20,Primary
project_4511,commodity_20,Primary
project_4512,commodity_20,Primary
project_4513,commodity_20,Primary
project_4514,commodity_20,Primary
project_4515,commodity_20,Primary
project_4516,commodity_20,Primary
project_4517,commodity_20,Primary
project_4518,commodity_128,Primary
project_4519,commodity_128,Primary
project_4520,commodity_12,Primary
project_4521,commodity_31,Primary
project_4522,commodity_12,Primary
project_4523,commodity_31,Primary
project_4524,commodity_2,Primary
project_4524,commodity_12,Primary
project_4525,commodity_54,Primary
project_4526,commodity_19,Primary
project_4527,commodity_12,Primary
project_4528,commodity_19,Primary
project_4529,commodity_12,Primary
project_4530,commodity_42,Primary
project_4531,commodity_31,Primary
project_4531,commodity_12,Primary
project_4532,commodity_12,Primary
project_4532,commodity_2,Secondary
project_4533,commodity_17,Primary
project_4533,commodity_5,Primary
project_4534,commodity_31,Primary
project_4534,commodity_2,Secondary
project_4534,commodity_12,Secondary
project_4534,commodity_154,Secondary
project_4534,commodity_105,Secondary
project_4535,commodity_12,Primary
project_4536,commodity_12,Primary
project_4536,commodity_2,Primary
project_4537,commodity_19,Primary
project_4538,commodity_97,Primary
project_4538,commodity_31,Primary
project_4538,commodity_22,Secondary
project_4538,commodity_110,Secondary
project_4538,commodity_12,Secondary
project_4538,commodity_106,Secondary
project_4538,commodity_2,Secondary
project_4538,commodity_104,Secondary
project_4539,commodity_31,Primary
project_4539,commodity_110,Primary
project_4539,commodity_106,Primary
project_4539,commodity_12,Primary
project_4539,commodity_97,Primary
project_4540,commodity_55,Primary
project_4541,commodity_55,Primary
project_4542,commodity_55,Primary
project_4543,commodity_55,Primary
project_4544,commodity_55,Primary
project_4545,commodity_55,Primary
project_4546,commodity_55,Primary
project_4547,commodity_55,Primary
project_4548,commodity_83,Primary
project_4548,commodity_80,Primary
project_4548,commodity_159,Secondary
project_4548,commodity_1,Secondary
project_4549,commodity_123,Primary
project_4550,commodity_12,Primary
project_4550,commodity_2,Secondary
project_4550,commodity_31,Secondary
project_4550,commodity_105,Secondary
project_4550,commodity_154,Secondary
project_4551,commodity_86,Primary
project_4551,commodity_85,Primary
project_4552,commodity_69,Primary
project_4552,commodity_70,Primary
project_4552,commodity_71,Primary
project_4553,commodity_69,Primary
project_4553,commodity_71,Primary
project_4553,commodity_70,Primary
project_4554,commodity_70,Primary
project_4555,commodity_97,Primary
project_4555,commodity_22,Secondary
project_4556,commodity_69,Primary
project_4556,commodity_70,Primary
project_4556,commodity_71,Primary
project_4557,commodity_20,Primary
project_4558,commodity_20,Primary
project_4559,commodity_20,Primary
project_4560,commodity_20,Primary
project_4561,commodity_19,Primary
project_4562,commodity_12,Primary
project_4562,commodity_114,Secondary
project_4563,commodity_12,Primary
project_4564,commodity_19,Primary
project_4565,commodity_31,Primary
project_4565,commodity_89,Secondary
project_4565,commodity_12,Secondary
project_4565,commodity_2,Secondary
project_4566,commodity_115,Primary
project_4566,commodity_65,Primary
project_4566,commodity_157,Primary
project_4566,commodity_119,Primary
project_4566,commodity_74,Primary
project_4566,commodity_137,Primary
project_4566,commodity_88,Primary
project_4567,commodity_45,Primary
project_4567,commodity_42,Secondary
project_4567,commodity_61,Secondary
project_4567,commodity_79,Secondary
project_4568,commodity_48,Primary
project_4568,commodity_75,Primary
project_4568,commodity_76,Primary
project_4569,commodity_12,Primary
project_4570,commodity_71,Primary
project_4570,commodity_70,Primary
project_4570,commodity_69,Primary
project_4571,commodity_12,Primary
project_4572,commodity_12,Primary
project_4573,commodity_12,Primary
project_4574,commodity_12,Primary
project_4575,commodity_12,Primary
project_4576,commodity_12,Primary
project_4577,commodity_12,Primary
project_4578,commodity_12,Primary
project_4579,commodity_12,Primary
project_4580,commodity_12,Primary
project_4581,commodity_12,Primary
project_4582,commodity_12,Primary
project_4583,commodity_12,Primary
project_4584,commodity_12,Primary
project_4585,commodity_12,Primary
project_4586,commodity_12,Primary
project_4587,commodity_12,Primary
project_4588,commodity_45,Primary
project_4588,commodity_61,Secondary
project_4588,commodity_79,Secondary
project_4588,commodity_42,Secondary
project_4589,commodity_12,Primary
project_4590,commodity_12,Primary
project_4591,commodity_12,Primary
project_4592,commodity_12,Primary
project_4593,commodity_12,Primary
project_4594,commodity_105,Primary
project_4594,commodity_154,Primary
project_4595,commodity_12,Primary
project_4596,commodity_17,Primary
project_4596,commodity_5,Secondary
project_4596,commodity_125,Secondary
project_4597,commodity_12,Primary
project_4598,commodity_42,Primary
project_4599,commodity_42,Primary
project_4600,commodity_12,Primary
project_4601,commodity_12,Primary
project_4602,commodity_12,Primary
project_4603,commodity_75,Primary
project_4603,commodity_76,Primary
project_4604,commodity_31,Primary
project_4605,commodity_31,Primary
project_4606,commodity_31,Primary
project_4606,commodity_22,Primary
project_4606,commodity_12,Primary
project_4606,commodity_2,Secondary
project_4606,commodity_16,Secondary
project_4606,commodity_8,Secondary
project_4607,commodity_31,Primary
project_4607,commodity_12,Primary
project_4607,commodity_81,Secondary
project_4608,commodity_31,Primary
project_4608,commodity_81,Secondary
project_4609,commodity_31,Primary
project_4610,commodity_157,Primary
project_4610,commodity_65,Primary
project_4610,commodity_119,Primary
project_4610,commodity_137,Secondary
project_4610,commodity_115,Secondary
project_4610,commodity_88,Secondary
project_4610,commodity_74,Secondary
project_4611,commodity_12,Primary
project_4612,commodity_12,Primary
project_4613,commodity_31,Primary
project_4613,commodity_12,Primary
project_4613,commodity_22,Primary
project_4614,commodity_143,Primary
project_4614,commodity_146,Secondary
project_4614,commodity_144,Secondary
project_4614,commodity_145,Secondary
project_4615,commodity_140,Primary
project_4615,commodity_146,Primary
project_4615,commodity_45,Primary
project_4615,commodity_79,Primary
project_4615,commodity_42,Primary
project_4615,commodity_139,Primary
project_4615,commodity_145,Primary
project_4615,commodity_61,Primary
project_4616,commodity_119,Primary
project_4616,commodity_137,Primary
project_4616,commodity_139,Primary
project_4616,commodity_57,Primary
project_4616,commodity_157,Secondary
project_4616,commodity_65,Secondary
project_4616,commodity_88,Secondary
project_4616,commodity_115,Secondary
project_4616,commodity_74,Secondary
project_4617,commodity_119,Primary
project_4617,commodity_65,Secondary
project_4617,commodity_157,Secondary
project_4617,commodity_137,Secondary
project_4617,commodity_88,Secondary
project_4617,commodity_74,Secondary
project_4617,commodity_115,Secondary
project_4618,commodity_89,Primary
project_4618,commodity_31,Primary
project_4618,commodity_2,Secondary
project_4619,commodity_55,Primary
project_4620,commodity_19,Primary
project_4621,commodity_19,Primary
project_4622,commodity_19,Primary
project_4623,commodity_19,Primary
project_4624,commodity_19,Primary
project_4625,commodity_12,Primary
project_4626,commodity_12,Primary
project_4627,commodity_12,Primary
project_4628,commodity_12,Primary
project_4629,commodity_12,Primary
project_4630,commodity_12,Primary
project_4631,commodity_12,Primary
project_4632,commodity_12,Primary
project_4633,commodity_12,Primary
project_4634,commodity_12,Primary
project_4635,commodity_12,Primary
project_4636,commodity_12,Primary
project_4637,commodity_12,Primary
project_4638,commodity_42,Primary
project_4638,commodity_45,Primary
project_4639,commodity_42,Primary
project_4639,commodity_45,Primary
project_4640,commodity_42,Primary
project_4640,commodity_45,Primary
project_4641,commodity_45,Primary
project_4641,commodity_42,Primary
project_4642,commodity_42,Primary
project_4642,commodity_45,Primary
project_4643,commodity_45,Primary
project_4643,commodity_42,Primary
project_4644,commodity_45,Primary
project_4644,commodity_42,Primary
project_4645,commodity_154,Primary
project_4645,commodity_31,Primary
project_4645,commodity_2,Primary
project_4645,commodity_12,Secondary
project_4645,commodity_105,Secondary
project_4646,commodity_97,Primary
project_4646,commodity_89,Primary
project_4646,commodity_145,Secondary
project_4646,commodity_90,Secondary
project_4646,commodity_146,Secondary
project_4646,commodity_42,Secondary
project_4647,commodity_42,Primary
project_4647,commodity_140,Primary
project_4647,commodity_45,Primary
project_4647,commodity_146,Primary
project_4647,commodity_79,Primary
project_4647,commodity_61,Primary
project_4647,commodity_145,Primary
project_4647,commodity_139,Primary
project_4648,commodity_145,Primary
project_4648,commodity_146,Primary
project_4648,commodity_139,Primary
project_4648,commodity_79,Primary
project_4648,commodity_42,Primary
project_4648,commodity_140,Primary
project_4648,commodity_45,Primary
project_4649,commodity_45,Primary
project_4649,commodity_17,Primary
project_4649,commodity_139,Primary
project_4649,commodity_140,Primary
project_4649,commodity_145,Primary
project_4649,commodity_5,Primary
project_4650,commodity_17,Primary
project_4651,commodity_12,Primary
project_4652,commodity_12,Primary
project_4652,commodity_114,Secondary
project_4653,commodity_12,Primary
project_4654,commodity_12,Primary
project_4655,commodity_12,Primary
project_4655,commodity_2,Secondary
project_4656,commodity_143,Primary
project_4657,commodity_22,Primary
project_4657,commodity_42,Secondary
project_4657,commodity_97,Secondary
project_4658,commodity_45,Primary
project_4658,commodity_61,Primary
project_4658,commodity_42,Primary
project_4659,commodity_119,Primary
project_4659,commodity_157,Primary
project_4659,commodity_65,Primary
project_4660,commodity_19,Primary
project_4660,commodity_23,Secondary
project_4661,commodity_12,Primary
project_4662,commodity_12,Primary
project_4663,commodity_12,Primary
project_4664,commodity_12,Primary
project_4665,commodity_22,Primary
project_4665,commodity_31,Primary
project_4665,commodity_97,Primary
project_4665,commodity_121,Secondary
project_4666,commodity_75,Primary
project_4666,commodity_76,Primary
project_4666,commodity_133,Primary
project_4666,commodity_132,Primary
project_4667,commodity_12,Primary
project_4668,commodity_157,Primary
project_4668,commodity_65,Secondary
project_4668,commodity_119,Secondary
project_4668,commodity_88,Secondary
project_4668,commodity_74,Secondary
project_4668,commodity_137,Secondary
project_4669,commodity_30,Primary
project_4670,commodity_45,Primary
project_4670,commodity_42,Primary
project_4671,commodity_55,Primary
project_4672,commodity_12,Primary
project_4673,commodity_89,Primary
project_4673,commodity_146,Secondary
project_4673,commodity_145,Secondary
project_4673,commodity_42,Secondary
project_4673,commodity_58,Secondary
project_4674,commodity_12,Primary
project_4674,commodity_2,Secondary
project_4675,commodity_19,Primary
project_4676,commodity_97,Primary
project_4676,commodity_22,Primary
project_4676,commodity_106,Primary
project_4676,commodity_31,Primary
project_4676,commodity_110,Primary
project_4677,commodity_12,Primary
project_4677,commodity_22,Primary
project_4677,commodity_31,Primary
project_4677,commodity_2,Secondary
project_4678,commodity_31,Primary
project_4678,commodity_2,Primary
project_4678,commodity_22,Primary
project_4678,commodity_12,Primary
project_4679,commodity_157,Primary
project_4679,commodity_119,Primary
project_4679,commodity_65,Primary
project_4679,commodity_137,Secondary
project_4679,commodity_115,Secondary
project_4679,commodity_88,Secondary
project_4679,commodity_74,Secondary
project_4680,commodity_65,Primary
project_4680,commodity_119,Primary
project_4680,commodity_157,Primary
project_4680,commodity_115,Primary
project_4680,commodity_137,Primary
project_4680,commodity_88,Primary
project_4680,commodity_74,Primary
project_4681,commodity_97,Primary
project_4681,commodity_22,Primary
project_4681,commodity_123,Secondary
project_4682,commodity_31,Primary
project_4682,commodity_97,Primary
project_4682,commodity_22,Primary
project_4683,commodity_19,Primary
project_4684,commodity_19,Primary
project_4685,commodity_19,Primary
project_4686,commodity_12,Primary
project_4686,commodity_22,Primary
project_4687,commodity_83,Primary
project_4688,commodity_83,Primary
project_4689,commodity_90,Primary
project_4689,commodity_145,Primary
project_4689,commodity_89,Secondary
project_4689,commodity_146,Secondary
project_4690,commodity_145,Primary
project_4690,commodity_89,Primary
project_4690,commodity_42,Primary
project_4690,commodity_90,Primary
project_4690,commodity_146,Primary
project_4691,commodity_19,Primary
project_4692,commodity_149,Primary
project_4692,commodity_31,Secondary
project_4692,commodity_148,Secondary
project_4693,commodity_12,Primary
project_4694,commodity_19,Primary
project_4695,commodity_55,Primary
project_4696,commodity_61,Primary
project_4696,commodity_45,Secondary
project_4696,commodity_79,Secondary
project_4696,commodity_42,Secondary
project_4697,commodity_61,Primary
project_4697,commodity_45,Secondary
project_4697,commodity_79,Secondary
project_4697,commodity_42,Secondary
project_4698,commodity_45,Primary
project_4698,commodity_79,Secondary
project_4698,commodity_42,Secondary
project_4698,commodity_61,Secondary
project_4699,commodity_45,Primary
project_4699,commodity_61,Secondary
project_4699,commodity_42,Secondary
project_4699,commodity_79,Secondary
project_4700,commodity_12,Primary
project_4701,commodity_12,Primary
project_4702,commodity_12,Primary
project_4703,commodity_12,Primary
project_4704,commodity_45,Primary
project_4704,commodity_79,Primary
project_4704,commodity_42,Primary
project_4704,commodity_61,Primary
project_4705,commodity_45,Primary
project_4705,commodity_61,Primary
project_4705,commodity_42,Primary
project_4706,commodity_45,Primary
project_4706,commodity_61,Primary
project_4706,commodity_42,Primary
project_4707,commodity_79,Primary
project_4707,commodity_61,Primary
project_4707,commodity_45,Secondary
project_4707,commodity_42,Secondary
project_4708,commodity_12,Primary
project_4709,commodity_12,Primary
project_4710,commodity_12,Primary
project_4711,commodity_12,Primary
project_4712,commodity_12,Primary
project_4713,commodity_115,Primary
project_4713,commodity_65,Secondary
project_4713,commodity_119,Secondary
project_4713,commodity_157,Secondary
project_4713,commodity_74,Secondary
project_4713,commodity_88,Secondary
project_4713,commodity_137,Secondary
project_4714,commodity_19,Primary
project_4715,commodity_19,Primary
project_4716,commodity_12,Primary
project_4717,commodity_12,Primary
project_4718,commodity_12,Primary
project_4719,commodity_12,Primary
project_4720,commodity_12,Primary
project_4721,commodity_12,Primary
project_4722,commodity_12,Primary
project_4723,commodity_12,Primary
project_4723,commodity_2,Primary
project_4723,commodity_31,Primary
project_4724,commodity_12,Primary
project_4725,commodity_12,Primary
project_4726,commodity_12,Primary
project_4727,commodity_12,Primary
project_4728,commodity_12,Primary
project_4729,commodity_12,Primary
project_4730,commodity_12,Primary
project_4731,commodity_119,Primary
project_4731,commodity_65,Primary
project_4731,commodity_157,Primary
project_4731,commodity_88,Primary
project_4731,commodity_115,Primary
project_4731,commodity_137,Primary
project_4731,commodity_74,Primary
project_4732,commodity_132,Primary
project_4732,commodity_76,Primary
project_4732,commodity_133,Primary
project_4732,commodity_75,Primary
project_4734,commodity_12,Primary
project_4735,commodity_12,Primary
project_4736,commodity_104,Primary
project_4737,commodity_146,Primary
project_4737,commodity_31,Primary
project_4737,commodity_145,Primary
project_4737,commodity_97,Primary
project_4737,commodity_154,Primary
project_4737,commodity_89,Primary
project_4738,commodity_97,Primary
project_4739,commodity_97,Primary
project_4740,commodity_97,Primary
project_4740,commodity_22,Primary
project_4740,commodity_31,Secondary
project_4740,commodity_42,Secondary
project_4741,commodity_97,Primary
project_4742,commodity_97,Primary
project_4743,commodity_12,Primary
project_4744,commodity_22,Primary
project_4744,commodity_97,Secondary
project_4744,commodity_123,Secondary
project_4745,commodity_97,Primary
project_4745,commodity_22,Secondary
project_4745,commodity_123,Secondary
project_4746,commodity_97,Primary
project_4746,commodity_22,Primary
project_4747,commodity_97,Primary
project_4747,commodity_22,Primary
project_4748,commodity_154,Primary
project_4748,commodity_2,Primary
project_4748,commodity_105,Primary
project_4749,commodity_12,Primary
project_4750,commodity_97,Primary
project_4751,commodity_97,Primary
project_4752,commodity_12,Primary
project_4752,commodity_22,Primary
project_4752,commodity_31,Primary
project_4752,commodity_2,Primary
project_4753,commodity_69,Primary
project_4753,commodity_70,Primary
project_4753,commodity_71,Primary
project_4754,commodity_97,Primary
project_4754,commodity_22,Primary
project_4754,commodity_123,Primary
project_4755,commodity_22,Primary
project_4755,commodity_97,Primary
project_4755,commodity_123,Primary
project_4756,commodity_22,Primary
project_4756,commodity_97,Primary
project_4756,commodity_123,Primary
project_4757,commodity_45,Primary
project_4757,commodity_61,Primary
project_4757,commodity_42,Primary
project_4757,commodity_79,Secondary
project_4758,commodity_145,Primary
project_4758,commodity_146,Primary
project_4759,commodity_19,Primary
project_4759,commodity_23,Primary
project_4760,commodity_61,Primary
project_4760,commodity_42,Primary
project_4760,commodity_45,Secondary
project_4760,commodity_79,Secondary
project_4761,commodity_12,Primary
project_4762,commodity_12,Primary
project_4763,commodity_12,Primary
project_4764,commodity_12,Primary
project_4764,commodity_31,Secondary
project_4765,commodity_12,Primary
project_4766,commodity_12,Primary
project_4767,commodity_12,Primary
project_4768,commodity_12,Primary
project_4769,commodity_12,Primary
project_4770,commodity_12,Primary
project_4771,commodity_31,Primary
project_4771,commodity_12,Secondary
project_4772,commodity_12,Primary
project_4773,commodity_12,Primary
project_4774,commodity_12,Primary
project_4775,commodity_12,Primary
project_4776,commodity_12,Primary
project_4777,commodity_12,Primary
project_4778,commodity_12,Primary
project_4779,commodity_45,Primary
project_4779,commodity_61,Secondary
project_4779,commodity_42,Secondary
project_4780,commodity_12,Primary
project_4781,commodity_12,Primary
project_4781,commodity_154,Primary
project_4781,commodity_31,Primary
project_4781,commodity_2,Secondary
project_4782,commodity_12,Primary
project_4783,commodity_12,Primary
project_4784,commodity_12,Primary
project_4785,commodity_115,Primary
project_4785,commodity_157,Primary
project_4785,commodity_119,Primary
project_4785,commodity_65,Secondary
project_4785,commodity_137,Secondary
project_4785,commodity_74,Secondary
project_4785,commodity_152,Secondary
project_4785,commodity_114,Secondary
project_4785,commodity_139,Secondary
project_4786,commodity_12,Primary
project_4787,commodity_69,Primary
project_4787,commodity_71,Primary
project_4787,commodity_70,Primary
project_4788,commodity_12,Primary
project_4789,commodity_12,Primary
project_4790,commodity_12,Primary
project_4791,commodity_12,Primary
project_4792,commodity_12,Primary
project_4793,commodity_12,Primary
project_4793,commodity_2,Secondary
project_4794,commodity_12,Primary
project_4795,commodity_12,Primary
project_4796,commodity_12,Primary
project_4797,commodity_12,Primary
project_4798,commodity_12,Primary
project_4799,commodity_22,Primary
project_4799,commodity_97,Primary
project_4800,commodity_97,Primary
project_4800,commodity_22,Primary
project_4801,commodity_97,Primary
project_4801,commodity_31,Secondary
project_4801,commodity_22,Secondary
project_4801,commodity_12,Secondary
project_4802,commodity_149,Primary
project_4802,commodity_42,Primary
project_4802,commodity_129,Primary
project_4802,commodity_103,Primary
project_4802,commodity_105,Primary
project_4802,commodity_85,Primary
project_4802,commodity_130,Primary
project_4802,commodity_139,Primary
project_4802,commodity_148,Primary
project_4802,commodity_45,Secondary
project_4802,commodity_5,Secondary
project_4802,commodity_70,Secondary
project_4802,commodity_79,Secondary
project_4803,commodity_19,Primary
project_4804,commodity_89,Primary
project_4804,commodity_97,Primary
project_4804,commodity_154,Primary
project_4804,commodity_31,Primary
project_4804,commodity_146,Secondary
project_4804,commodity_145,Secondary
project_4804,commodity_4,Secondary
project_4805,commodity_12,Primary
project_4806,commodity_12,Primary
project_4807,commodity_19,Primary
project_4808,commodity_12,Primary
project_4809,commodity_12,Primary
project_4810,commodity_97,Primary
project_4810,commodity_22,Secondary
project_4810,commodity_31,Secondary
project_4811,commodity_12,Primary
project_4812,commodity_12,Primary
project_4813,commodity_12,Primary
project_4814,commodity_12,Primary
project_4815,commodity_31,Primary
project_4815,commodity_12,Primary
project_4816,commodity_12,Primary
project_4816,commodity_31,Primary
project_4817,commodity_12,Primary
project_4817,commodity_31,Primary
project_4818,commodity_12,Primary
project_4819,commodity_12,Primary
project_4820,commodity_12,Primary
project_4821,commodity_12,Primary
project_4822,commodity_154,Primary
project_4822,commodity_31,Primary
project_4822,commodity_12,Primary
project_4822,commodity_2,Primary
project_4822,commodity_105,Primary
project_4823,commodity_154,Primary
project_4823,commodity_31,Primary
project_4823,commodity_12,Primary
project_4823,commodity_2,Primary
project_4823,commodity_105,Primary
project_4824,commodity_2,Primary
project_4824,commodity_154,Primary
project_4824,commodity_12,Primary
project_4824,commodity_105,Primary
project_4824,commodity_31,Primary
project_4825,commodity_12,Primary
project_4825,commodity_2,Primary
project_4825,commodity_31,Primary
project_4825,commodity_154,Primary
project_4826,commodity_75,Primary
project_4826,commodity_76,Primary
project_4826,commodity_132,Primary
project_4826,commodity_133,Primary
project_4827,commodity_75,Primary
project_4827,commodity_76,Primary
project_4827,commodity_132,Primary
project_4827,commodity_133,Primary
project_4828,commodity_89,Primary
project_4828,commodity_145,Secondary
project_4828,commodity_146,Secondary
project_4828,commodity_58,Secondary
project_4829,commodity_19,Primary
project_4830,commodity_31,Primary
project_4830,commodity_89,Primary
project_4830,commodity_2,Primary
project_4831,commodity_144,Primary
project_4832,commodity_2,Primary
project_4832,commodity_105,Primary
project_4832,commodity_154,Primary
project_4832,commodity_31,Primary
project_4833,commodity_154,Primary
project_4833,commodity_2,Primary
project_4833,commodity_105,Primary
project_4833,commodity_31,Primary
project_4834,commodity_144,Primary
project_4835,commodity_19,Primary
project_4836,commodity_22,Primary
project_4836,commodity_45,Primary
project_4836,commodity_61,Secondary
project_4836,commodity_79,Secondary
project_4836,commodity_42,Secondary
project_4836,commodity_97,Secondary
project_4837,commodity_45,Primary
project_4837,commodity_128,Secondary
project_4837,commodity_154,Secondary
project_4837,commodity_140,Secondary
project_4837,commodity_148,Secondary
project_4837,commodity_42,Secondary
project_4837,commodity_103,Secondary
project_4837,commodity_79,Secondary
project_4837,commodity_5,Secondary
project_4837,commodity_139,Secondary
project_4837,commodity_130,Secondary
project_4837,commodity_85,Secondary
project_4837,commodity_149,Secondary
project_4837,commodity_129,Secondary
project_4837,commodity_70,Secondary
project_4837,commodity_102,Secondary
project_4838,commodity_22,Primary
project_4838,commodity_97,Primary
project_4838,commodity_31,Primary
project_4838,commodity_105,Secondary
project_4838,commodity_83,Secondary
project_4838,commodity_155,Secondary
project_4838,commodity_145,Secondary
project_4838,commodity_82,Secondary
project_4838,commodity_29,Secondary
project_4838,commodity_28,Secondary
project_4838,commodity_13,Secondary
project_4838,commodity_15,Secondary
project_4839,commodity_12,Primary
project_4840,commodity_69,Primary
project_4840,commodity_71,Primary
project_4840,commodity_70,Primary
project_4841,commodity_42,Primary
project_4841,commodity_133,Primary
project_4841,commodity_76,Primary
project_4841,commodity_132,Primary
project_4841,commodity_75,Primary
project_4842,commodity_133,Primary
project_4842,commodity_76,Primary
project_4842,commodity_42,Primary
project_4842,commodity_75,Primary
project_4842,commodity_132,Primary
project_4843,commodity_75,Primary
project_4843,commodity_132,Primary
project_4843,commodity_42,Primary
project_4843,commodity_133,Primary
project_4843,commodity_76,Primary
project_4844,commodity_75,Primary
project_4844,commodity_132,Primary
project_4844,commodity_76,Primary
project_4844,commodity_133,Primary
project_4844,commodity_42,Primary
project_4845,commodity_31,Primary
project_4845,commodity_12,Primary
project_4846,commodity_57,Primary
project_4847,commodity_31,Primary
project_4847,commodity_89,Primary
project_4847,commodity_12,Primary
project_4848,commodity_97,Primary
project_4848,commodity_31,Primary
project_4848,commodity_104,Primary
project_4848,commodity_22,Primary
project_4849,commodity_97,Primary
project_4849,commodity_22,Primary
project_4849,commodity_31,Secondary
project_4849,commodity_110,Secondary
project_4849,commodity_104,Secondary
project_4849,commodity_106,Secondary
project_4850,commodity_2,Primary
project_4850,commodity_12,Primary
project_4851,commodity_12,Primary
project_4852,commodity_12,Primary
project_4853,commodity_12,Primary
project_4854,commodity_12,Primary
project_4855,commodity_12,Primary
project_4856,commodity_12,Primary
project_4857,commodity_12,Primary
project_4858,commodity_12,Primary
project_4859,commodity_12,Primary
project_4860,commodity_12,Primary
project_4861,commodity_12,Primary
project_4862,commodity_12,Primary
project_4863,commodity_12,Primary
project_4864,commodity_12,Primary
project_4865,commodity_12,Primary
project_4866,commodity_12,Primary
project_4867,commodity_12,Primary
project_4868,commodity_12,Primary
project_4869,commodity_86,Primary
project_4869,commodity_85,Secondary
project_4870,commodity_19,Primary
project_4871,commodity_115,Primary
project_4871,commodity_143,Primary
project_4871,commodity_144,Primary
project_4871,commodity_138,Primary
project_4871,commodity_137,Primary
project_4872,commodity_12,Primary
project_4873,commodity_12,Primary
project_4874,commodity_12,Primary
project_4875,commodity_12,Primary
project_4876,commodity_154,Primary
project_4876,commodity_12,Primary
project_4876,commodity_31,Primary
project_4876,commodity_105,Secondary
project_4876,commodity_2,Secondary
project_4877,commodity_12,Primary
project_4878,commodity_12,Primary
project_4879,commodity_12,Primary
project_4880,commodity_2,Primary
project_4880,commodity_105,Primary
project_4880,commodity_154,Primary
project_4880,commodity_31,Primary
project_4881,commodity_12,Primary
project_4883,commodity_2,Primary
project_4883,commodity_31,Primary
project_4883,commodity_12,Primary
project_4884,commodity_19,Primary
project_4885,commodity_65,Primary
project_4885,commodity_119,Primary
project_4885,commodity_157,Primary
project_4885,commodity_74,Primary
project_4885,commodity_88,Primary
project_4885,commodity_115,Primary
project_4885,commodity_137,Primary
project_4886,commodity_31,Primary
project_4886,commodity_110,Primary
project_4886,commodity_12,Primary
project_4886,commodity_22,Primary
project_4886,commodity_97,Primary
project_4886,commodity_106,Primary
project_4887,commodity_31,Primary
project_4887,commodity_110,Primary
project_4887,commodity_12,Primary
project_4887,commodity_22,Primary
project_4887,commodity_97,Primary
project_4887,commodity_106,Primary
project_4888,commodity_19,Primary
project_4889,commodity_19,Primary
project_4890,commodity_19,Primary
project_4891,commodity_19,Primary
project_4892,commodity_31,Primary
project_4892,commodity_22,Primary
project_4893,commodity_31,Primary
project_4894,commodity_31,Primary
project_4895,commodity_19,Primary
project_4896,commodity_19,Primary
project_4897,commodity_19,Primary
project_4898,commodity_75,Primary
project_4898,commodity_76,Primary
project_4898,commodity_133,Primary
project_4899,commodity_31,Primary
project_4899,commodity_2,Primary
project_4900,commodity_12,Primary
project_4901,commodity_12,Primary
project_4902,commodity_61,Primary
project_4902,commodity_45,Primary
project_4902,commodity_42,Primary
project_4903,commodity_12,Primary
project_4904,commodity_12,Primary
project_4905,commodity_12,Primary
project_4906,commodity_12,Primary
project_4907,commodity_58,Primary
project_4908,commodity_58,Primary
project_4909,commodity_58,Primary
project_4910,commodity_58,Primary
project_4911,commodity_58,Primary
project_4912,commodity_58,Primary
project_4913,commodity_58,Primary
project_4914,commodity_58,Primary
project_4915,commodity_19,Primary
project_4916,commodity_31,Primary
project_4916,commodity_154,Primary
project_4916,commodity_105,Primary
project_4916,commodity_2,Primary
project_4916,commodity_12,Primary
project_4917,commodity_31,Primary
project_4917,commodity_154,Primary
project_4917,commodity_105,Primary
project_4917,commodity_2,Primary
project_4918,commodity_12,Primary
project_4918,commodity_31,Primary
project_4919,commodity_31,Primary
project_4920,commodity_139,Primary
project_4920,commodity_65,Primary
project_4920,commodity_103,Primary
project_4920,commodity_123,Secondary
project_4920,commodity_140,Secondary
project_4921,commodity_12,Primary
project_4922,commodity_42,Primary
project_4922,commodity_85,Primary
project_4922,commodity_86,Primary
project_4923,commodity_110,Primary
project_4923,commodity_61,Primary
project_4923,commodity_79,Primary
project_4923,commodity_45,Primary
project_4923,commodity_5,Primary
project_4923,commodity_28,Primary
project_4923,commodity_22,Primary
project_4923,commodity_42,Primary
project_4923,commodity_85,Primary
project_4923,commodity_97,Primary
project_4923,commodity_106,Primary
project_4923,commodity_123,Primary
project_4924,commodity_97,Primary
project_4925,commodity_97,Primary
project_4925,commodity_31,Primary
project_4925,commodity_22,Primary
project_4926,commodity_31,Primary
project_4926,commodity_12,Primary
project_4926,commodity_2,Primary
project_4927,commodity_12,Primary
project_4928,commodity_97,Primary
project_4928,commodity_22,Secondary
project_4929,commodity_97,Primary
project_4929,commodity_22,Primary
project_4929,commodity_85,Secondary
project_4930,commodity_31,Primary
project_4930,commodity_12,Secondary
project_4930,commodity_2,Secondary
project_4931,commodity_2,Primary
project_4931,commodity_105,Primary
project_4931,commodity_154,Primary
project_4931,commodity_31,Primary
project_4931,commodity_12,Primary
project_4932,commodity_22,Primary
project_4932,commodity_97,Primary
project_4933,commodity_22,Primary
project_4933,commodity_85,Primary
project_4933,commodity_97,Primary
project_4934,commodity_22,Primary
project_4934,commodity_97,Primary
project_4934,commodity_85,Secondary
project_4935,commodity_97,Primary
project_4935,commodity_85,Primary
project_4935,commodity_22,Secondary
project_4936,commodity_12,Primary
project_4937,commodity_2,Primary
project_4937,commodity_12,Primary
project_4938,commodity_12,Primary
project_4939,commodity_12,Primary
project_4940,commodity_97,Primary
project_4940,commodity_104,Secondary
project_4941,commodity_97,Primary
project_4941,commodity_104,Secondary
project_4942,commodity_97,Primary
project_4943,commodity_22,Primary
project_4943,commodity_97,Primary
project_4943,commodity_85,Secondary
project_4944,commodity_12,Primary
project_4945,commodity_12,Primary
project_4946,commodity_127,Primary
project_4946,commodity_60,Primary
project_4947,commodity_127,Primary
project_4947,commodity_60,Primary
project_4948,commodity_60,Primary
project_4948,commodity_127,Primary
project_4950,commodity_12,Primary
project_4951,commodity_12,Primary
project_4952,commodity_12,Primary
project_4953,commodity_12,Primary
project_4954,commodity_12,Primary
project_4955,commodity_12,Primary
project_4956,commodity_22,Primary
project_4956,commodity_97,Primary
project_4957,commodity_97,Primary
project_4957,commodity_22,Secondary
project_4958,commodity_12,Primary
project_4959,commodity_12,Primary
project_4960,commodity_12,Primary
project_4961,commodity_61,Primary
project_4961,commodity_45,Primary
project_4961,commodity_42,Primary
project_4962,commodity_12,Primary
project_4963,commodity_12,Primary
project_4964,commodity_12,Primary
project_4965,commodity_12,Primary
project_4966,commodity_61,Primary
project_4966,commodity_45,Primary
project_4966,commodity_42,Primary
project_4967,commodity_12,Primary
project_4968,commodity_12,Primary
project_4969,commodity_12,Primary
project_4970,commodity_12,Primary
project_4971,commodity_12,Primary
project_4972,commodity_12,Primary
project_4973,commodity_12,Primary
project_4974,commodity_12,Primary
project_4975,commodity_12,Primary
project_4976,commodity_12,Primary
project_4977,commodity_12,Primary
project_4978,commodity_12,Primary
project_4979,commodity_12,Primary
project_4979,commodity_2,Secondary
project_4979,commodity_97,Secondary
project_4980,commodity_12,Primary
project_4981,commodity_12,Primary
project_4982,commodity_12,Primary
project_4983,commodity_12,Primary
project_4984,commodity_12,Primary
project_4985,commodity_12,Primary
project_4986,commodity_12,Primary
project_4987,commodity_12,Primary
project_4988,commodity_12,Primary
project_4989,commodity_22,Primary
project_4989,commodity_97,Primary
project_4989,commodity_4,Secondary
project_4989,commodity_42,Secondary
project_4989,commodity_81,Secondary
project_4990,commodity_2,Primary
project_4991,commodity_12,Primary
project_4991,commodity_2,Primary
project_4992,commodity_12,Primary
project_4992,commodity_2,Primary
project_4993,commodity_17,Primary
project_4993,commodity_5,Primary
project_4994,commodity_17,Primary
project_4994,commodity_61,Primary
project_4994,commodity_45,Primary
project_4994,commodity_140,Primary
project_4994,commodity_5,Primary
project_4994,commodity_42,Primary
project_4995,commodity_65,Primary
project_4995,commodity_119,Primary
project_4995,commodity_74,Primary
project_4995,commodity_157,Primary
project_4995,commodity_88,Primary
project_4995,commodity_150,Primary
project_4995,commodity_115,Primary
project_4996,commodity_97,Primary
project_4996,commodity_31,Primary
project_4996,commodity_22,Secondary
project_4997,commodity_143,Primary
project_4997,commodity_144,Primary
project_4998,commodity_76,Primary
project_4998,commodity_133,Primary
project_4999,commodity_59,Primary
project_5000,commodity_19,Primary
project_5001,commodity_97,Primary
project_5001,commodity_22,Primary
project_5002,commodity_97,Primary
project_5002,commodity_22,Secondary
project_5002,commodity_31,Secondary
project_5002,commodity_104,Secondary
project_5002,commodity_110,Secondary
project_5002,commodity_106,Secondary
project_5003,commodity_97,Primary
project_5003,commodity_22,Primary
project_5003,commodity_31,Primary
project_5004,commodity_31,Primary
project_5004,commodity_12,Primary
project_5004,commodity_2,Secondary
project_5005,commodity_31,Primary
project_5005,commodity_12,Primary
project_5006,commodity_2,Primary
project_5006,commodity_31,Primary
project_5006,commodity_110,Primary
project_5006,commodity_22,Primary
project_5006,commodity_97,Primary
project_5006,commodity_106,Primary
project_5007,commodity_97,Primary
project_5007,commodity_31,Primary
project_5007,commodity_22,Primary
project_5007,commodity_110,Primary
project_5007,commodity_106,Primary
project_5007,commodity_2,Primary
project_5008,commodity_97,Primary
project_5009,commodity_97,Primary
project_5009,commodity_31,Primary
project_5009,commodity_22,Primary
project_5010,commodity_97,Primary
project_5010,commodity_31,Primary
project_5010,commodity_22,Primary
project_5011,commodity_2,Primary
project_5011,commodity_105,Primary
project_5011,commodity_154,Primary
project_5011,commodity_31,Primary
project_5011,commodity_12,Primary
project_5012,commodity_2,Primary
project_5012,commodity_105,Primary
project_5012,commodity_154,Primary
project_5012,commodity_31,Primary
project_5012,commodity_12,Primary
project_5013,commodity_31,Primary
project_5013,commodity_81,Primary
project_5014,commodity_31,Primary
project_5015,commodity_31,Primary
project_5016,commodity_31,Primary
project_5017,commodity_146,Primary
project_5017,commodity_5,Primary
project_5017,commodity_58,Primary
project_5017,commodity_89,Secondary
project_5018,commodity_31,Primary
project_5019,commodity_31,Primary
project_5019,commodity_12,Primary
project_5020,commodity_31,Primary
project_5020,commodity_12,Primary
project_5021,commodity_145,Primary
project_5021,commodity_146,Primary
project_5022,commodity_12,Primary
project_5023,commodity_12,Primary
project_5024,commodity_119,Primary
project_5024,commodity_140,Primary
project_5025,commodity_60,Primary
project_5026,commodity_115,Primary
project_5026,commodity_152,Secondary
project_5027,commodity_128,Primary
project_5027,commodity_148,Primary
project_5027,commodity_105,Primary
project_5027,commodity_31,Primary
project_5027,commodity_154,Primary
project_5028,commodity_12,Primary
project_5029,commodity_12,Primary
project_5030,commodity_12,Primary
project_5031,commodity_12,Primary
project_5032,commodity_12,Primary
project_5033,commodity_12,Primary
project_5034,commodity_12,Primary
project_5035,commodity_76,Primary
project_5035,commodity_133,Primary
project_5036,commodity_22,Primary
project_5036,commodity_31,Primary
project_5037,commodity_22,Primary
project_5037,commodity_31,Primary
project_5038,commodity_12,Primary
project_5038,commodity_31,Primary
project_5038,commodity_22,Primary
project_5038,commodity_2,Secondary
project_5039,commodity_2,Primary
project_5039,commodity_31,Primary
project_5039,commodity_12,Primary
project_5039,commodity_22,Primary
project_5040,commodity_12,Primary
project_5040,commodity_31,Primary
project_5040,commodity_22,Primary
project_5040,commodity_2,Secondary
project_5041,commodity_97,Primary
project_5041,commodity_31,Primary
project_5041,commodity_22,Primary
project_5042,commodity_154,Primary
project_5043,commodity_12,Primary
project_5044,commodity_55,Primary
project_5045,commodity_12,Primary
project_5046,commodity_12,Primary
project_5047,commodity_86,Primary
project_5047,commodity_4,Secondary
project_5047,commodity_42,Secondary
project_5047,commodity_85,Secondary
project_5047,commodity_126,Secondary
project_5048,commodity_12,Primary
project_5049,commodity_12,Primary
project_5050,commodity_12,Primary
project_5051,commodity_12,Primary
project_5052,commodity_12,Primary
project_5053,commodity_12,Primary
project_5054,commodity_12,Primary
project_5055,commodity_12,Primary
project_5056,commodity_12,Primary
project_5057,commodity_12,Primary
project_5058,commodity_12,Primary
project_5059,commodity_12,Primary
project_5060,commodity_12,Primary
project_5061,commodity_12,Primary
project_5062,commodity_12,Primary
project_5063,commodity_12,Primary
project_5064,commodity_12,Primary
project_5065,commodity_115,Primary
project_5066,commodity_115,Primary
project_5067,commodity_115,Primary
project_5068,commodity_115,Primary
project_5069,commodity_58,Primary
project_5070,commodity_75,Primary
project_5071,commodity_65,Primary
project_5071,commodity_119,Primary
project_5071,commodity_157,Primary
project_5071,commodity_88,Primary
project_5071,commodity_74,Secondary
project_5071,commodity_150,Secondary
project_5072,commodity_31,Primary
project_5072,commodity_12,Primary
project_5073,commodity_31,Primary
project_5073,commodity_12,Primary
project_5074,commodity_12,Primary
project_5075,commodity_12,Primary
project_5077,commodity_97,Primary
project_5079,commodity_75,Primary
project_5079,commodity_132,Secondary
project_5079,commodity_93,Secondary
project_5079,commodity_128,Secondary
project_5079,commodity_30,Secondary
project_5080,commodity_76,Primary
project_5081,commodity_12,Primary
project_5082,commodity_12,Primary
project_5083,commodity_12,Primary
project_5084,commodity_154,Primary
project_5084,commodity_31,Primary
project_5084,commodity_2,Secondary
project_5086,commodity_114,Primary
project_5086,commodity_146,Primary
project_5086,commodity_51,Secondary
project_5087,commodity_146,Primary
project_5087,commodity_51,Secondary
project_5088,commodity_114,Primary
project_5088,commodity_146,Primary
project_5088,commodity_51,Secondary
project_5089,commodity_58,Primary
project_5089,commodity_5,Primary
project_5090,commodity_19,Primary
project_5091,commodity_157,Primary
project_5091,commodity_119,Primary
project_5091,commodity_74,Primary
project_5091,commodity_65,Primary
project_5091,commodity_88,Primary
project_5091,commodity_150,Primary
project_5091,commodity_115,Primary
project_5091,commodity_137,Secondary
project_5092,commodity_85,Primary
project_5093,commodity_115,Primary
project_5094,commodity_115,Primary
project_5094,commodity_123,Secondary
project_5095,commodity_115,Primary
project_5096,commodity_115,Primary
project_5097,commodity_115,Primary
project_5098,commodity_157,Primary
project_5098,commodity_65,Primary
project_5098,commodity_119,Primary
project_5098,commodity_115,Primary
project_5099,commodity_115,Primary
project_5099,commodity_114,Secondary
project_5100,commodity_12,Primary
project_5101,commodity_12,Primary
project_5101,commodity_31,Primary
project_5101,commodity_22,Secondary
project_5101,commodity_15,Secondary
project_5101,commodity_2,Secondary
project_5102,commodity_106,Primary
project_5102,commodity_110,Primary
project_5102,commodity_12,Primary
project_5102,commodity_118,Primary
project_5102,commodity_97,Primary
project_5102,commodity_31,Primary
project_5103,commodity_12,Primary
project_5104,commodity_97,Primary
project_5104,commodity_31,Primary
project_5104,commodity_22,Secondary
project_5104,commodity_106,Secondary
project_5104,commodity_110,Secondary
project_5104,commodity_8,Secondary
project_5105,commodity_97,Primary
project_5105,commodity_31,Secondary
project_5105,commodity_22,Secondary
project_5106,commodity_97,Primary
project_5106,commodity_31,Secondary
project_5106,commodity_22,Secondary
project_5107,commodity_97,Primary
project_5107,commodity_31,Secondary
project_5107,commodity_22,Secondary
project_5108,commodity_12,Primary
project_5108,commodity_31,Primary
project_5108,commodity_2,Secondary
project_5109,commodity_12,Primary
project_5110,commodity_12,Primary
project_5111,commodity_12,Primary
project_5112,commodity_12,Primary
project_5113,commodity_12,Primary
project_5114,commodity_12,Primary
project_5115,commodity_12,Primary
project_5116,commodity_12,Primary
project_5117,commodity_12,Primary
project_5118,commodity_12,Primary
project_5119,commodity_12,Primary
project_5120,commodity_12,Primary
project_5121,commodity_12,Primary
project_5122,commodity_12,Primary
project_5123,commodity_12,Primary
project_5124,commodity_12,Primary
project_5125,commodity_12,Primary
project_5126,commodity_12,Primary
project_5127,commodity_12,Primary
project_5128,commodity_12,Primary
project_5129,commodity_12,Primary
project_5130,commodity_12,Primary
project_5131,commodity_12,Primary
project_5132,commodity_12,Primary
project_5133,commodity_12,Primary
project_5134,commodity_12,Primary
project_5135,commodity_12,Primary
project_5135,commodity_31,Primary
project_5135,commodity_2,Secondary
project_5135,commodity_89,Secondary
project_5135,commodity_22,Secondary
project_5136,commodity_12,Primary
project_5137,commodity_31,Primary
project_5137,commodity_12,Primary
project_5138,commodity_12,Primary
project_5138,commodity_114,Secondary
project_5140,commodity_12,Primary
project_5141,commodity_12,Primary
project_5142,commodity_154,Primary
project_5142,commodity_105,Primary
project_5142,commodity_2,Secondary
project_5143,commodity_12,Primary
project_5144,commodity_12,Primary
project_5145,commodity_12,Primary
project_5146,commodity_12,Primary
project_5147,commodity_12,Primary
project_5148,commodity_55,Primary
project_5149,commodity_12,Primary
project_5150,commodity_12,Primary
project_5151,commodity_12,Primary
project_5152,commodity_12,Primary
project_5153,commodity_12,Primary
project_5154,commodity_31,Primary
project_5154,commodity_105,Primary
project_5154,commodity_154,Primary
project_5154,commodity_12,Primary
project_5154,commodity_2,Secondary
project_5155,commodity_12,Primary
project_5156,commodity_12,Primary
project_5157,commodity_12,Primary
project_5158,commodity_31,Primary
project_5158,commodity_12,Primary
project_5158,commodity_2,Secondary
project_5158,commodity_89,Secondary
project_5159,commodity_157,Primary
project_5159,commodity_119,Primary
project_5159,commodity_74,Primary
project_5159,commodity_65,Primary
project_5159,commodity_150,Primary
project_5159,commodity_88,Primary
project_5159,commodity_115,Primary
project_5159,commodity_137,Secondary
project_5160,commodity_12,Primary
project_5161,commodity_58,Primary
project_5161,commodity_5,Primary
project_5162,commodity_86,Primary
project_5162,commodity_85,Primary
project_5163,commodity_85,Primary
project_5163,commodity_86,Primary
project_5164,commodity_31,Primary
project_5164,commodity_154,Primary
project_5164,commodity_22,Secondary
project_5164,commodity_105,Secondary
project_5164,commodity_12,Secondary
project_5164,commodity_2,Secondary
project_5165,commodity_145,Primary
project_5165,commodity_89,Primary
project_5165,commodity_97,Secondary
project_5165,commodity_146,Secondary
project_5166,commodity_145,Primary
project_5166,commodity_89,Secondary
project_5166,commodity_97,Secondary
project_5167,commodity_145,Primary
project_5167,commodity_89,Secondary
project_5167,commodity_97,Secondary
project_5168,commodity_145,Primary
project_5168,commodity_89,Secondary
project_5168,commodity_97,Secondary
project_5169,commodity_145,Primary
project_5169,commodity_89,Secondary
project_5170,commodity_103,Primary
project_5171,commodity_55,Primary
project_5171,commodity_12,Secondary
project_5172,commodity_55,Primary
project_5173,commodity_55,Primary
project_5175,commodity_55,Primary
project_5177,commodity_55,Primary
project_5178,commodity_114,Primary
project_5179,commodity_97,Primary
project_5179,commodity_31,Primary
project_5179,commodity_22,Primary
project_5179,commodity_8,Secondary
project_5179,commodity_110,Secondary
project_5179,commodity_106,Secondary
project_5180,commodity_31,Primary
project_5180,commodity_154,Primary
project_5181,commodity_154,Primary
project_5181,commodity_105,Primary
project_5182,commodity_31,Primary
project_5183,commodity_154,Primary
project_5183,commodity_105,Primary
project_5183,commodity_2,Primary
project_5184,commodity_154,Primary
project_5184,commodity_105,Primary
project_5184,commodity_2,Primary
project_5185,commodity_154,Primary
project_5185,commodity_105,Primary
project_5185,commodity_2,Primary
project_5185,commodity_31,Primary
project_5186,commodity_154,Primary
project_5186,commodity_105,Primary
project_5186,commodity_2,Primary
project_5187,commodity_154,Primary
project_5187,commodity_105,Primary
project_5187,commodity_2,Primary
project_5188,commodity_154,Primary
project_5188,commodity_105,Primary
project_5188,commodity_2,Primary
project_5189,commodity_105,Primary
project_5189,commodity_154,Primary
project_5189,commodity_53,Primary
project_5190,commodity_154,Primary
project_5190,commodity_105,Primary
project_5191,commodity_105,Primary
project_5191,commodity_154,Primary
project_5192,commodity_105,Primary
project_5192,commodity_154,Primary
project_5193,commodity_105,Primary
project_5193,commodity_154,Primary
project_5194,commodity_105,Primary
project_5194,commodity_154,Primary
project_5195,commodity_105,Primary
project_5195,commodity_154,Primary
project_5196,commodity_105,Primary
project_5196,commodity_154,Primary
project_5197,commodity_105,Primary
project_5197,commodity_154,Primary
project_5198,commodity_154,Primary
project_5198,commodity_105,Primary
project_5199,commodity_105,Primary
project_5199,commodity_154,Primary
project_5199,commodity_31,Primary
project_5200,commodity_105,Primary
project_5200,commodity_154,Primary
project_5200,commodity_2,Primary
project_5201,commodity_154,Primary
project_5201,commodity_105,Primary
project_5202,commodity_105,Primary
project_5202,commodity_154,Primary
project_5202,commodity_31,Primary
project_5203,commodity_154,Primary
project_5203,commodity_105,Primary
project_5204,commodity_154,Primary
project_5205,commodity_154,Primary
project_5205,commodity_105,Primary
project_5206,commodity_154,Primary
project_5206,commodity_105,Primary
project_5206,commodity_31,Primary
project_5207,commodity_154,Primary
project_5207,commodity_105,Primary
project_5207,commodity_49,Primary
project_5208,commodity_105,Primary
project_5208,commodity_154,Primary
project_5209,commodity_105,Primary
project_5209,commodity_154,Secondary
project_5210,commodity_49,Primary
project_5210,commodity_105,Primary
project_5210,commodity_2,Primary
project_5210,commodity_154,Primary
project_5211,commodity_49,Primary
project_5211,commodity_105,Primary
project_5211,commodity_154,Primary
project_5211,commodity_21,Secondary
project_5212,commodity_154,Primary
project_5213,commodity_31,Primary
project_5213,commodity_105,Primary
project_5213,commodity_154,Primary
project_5214,commodity_22,Primary
project_5214,commodity_31,Primary
project_5214,commodity_105,Primary
project_5214,commodity_97,Primary
project_5214,commodity_42,Secondary
project_5214,commodity_2,Secondary
project_5214,commodity_121,Secondary
project_5215,commodity_41,Primary
project_5215,commodity_105,Primary
project_5215,commodity_154,Primary
project_5216,commodity_105,Primary
project_5216,commodity_154,Primary
project_5217,commodity_105,Primary
project_5218,commodity_154,Primary
project_5218,commodity_105,Primary
project_5219,commodity_49,Primary
project_5219,commodity_18,Primary
project_5219,commodity_13,Primary
project_5219,commodity_154,Primary
project_5220,commodity_49,Primary
project_5220,commodity_18,Primary
project_5220,commodity_13,Primary
project_5220,commodity_154,Primary
project_5221,commodity_13,Primary
project_5221,commodity_105,Primary
project_5221,commodity_49,Primary
project_5221,commodity_154,Primary
project_5222,commodity_105,Primary
project_5222,commodity_13,Primary
project_5222,commodity_18,Primary
project_5222,commodity_154,Primary
project_5223,commodity_154,Primary
project_5223,commodity_13,Secondary
project_5223,commodity_18,Secondary
project_5223,commodity_105,Secondary
project_5223,commodity_121,Secondary
project_5224,commodity_154,Primary
project_5224,commodity_13,Secondary
project_5224,commodity_49,Secondary
project_5224,commodity_105,Secondary
project_5225,commodity_154,Primary
project_5225,commodity_13,Secondary
project_5225,commodity_49,Secondary
project_5225,commodity_105,Secondary
project_5226,commodity_154,Primary
project_5226,commodity_78,Secondary
project_5227,commodity_154,Primary
project_5228,commodity_154,Primary
project_5228,commodity_31,Primary
project_5228,commodity_105,Primary
project_5228,commodity_2,Secondary
project_5229,commodity_105,Primary
project_5229,commodity_154,Primary
project_5229,commodity_31,Secondary
project_5229,commodity_2,Secondary
project_5230,commodity_31,Primary
project_5230,commodity_12,Primary
project_5230,commodity_105,Primary
project_5230,commodity_2,Primary
project_5230,commodity_154,Primary
project_5231,commodity_105,Primary
project_5231,commodity_154,Secondary
project_5232,commodity_31,Primary
project_5232,commodity_89,Primary
project_5232,commodity_2,Primary
project_5232,commodity_121,Primary
project_5233,commodity_105,Primary
project_5233,commodity_154,Primary
project_5233,commodity_31,Secondary
project_5233,commodity_2,Secondary
project_5234,commodity_105,Primary
project_5234,commodity_154,Primary
project_5235,commodity_105,Primary
project_5235,commodity_154,Primary
project_5236,commodity_113,Primary
project_5238,commodity_105,Primary
project_5238,commodity_154,Primary
project_5239,commodity_154,Primary
project_5239,commodity_105,Primary
project_5240,commodity_154,Primary
project_5240,commodity_21,Secondary
project_5240,commodity_105,Secondary
project_5240,commodity_111,Secondary
project_5240,commodity_13,Secondary
project_5240,commodity_31,Secondary
project_5240,commodity_42,Secondary
project_5241,commodity_154,Primary
project_5241,commodity_105,Secondary
project_5242,commodity_105,Primary
project_5242,commodity_154,Primary
project_5243,commodity_105,Primary
project_5243,commodity_154,Primary
project_5244,commodity_105,Primary
project_5244,commodity_154,Primary
project_5245,commodity_105,Primary
project_5245,commodity_154,Primary
project_5246,commodity_105,Primary
project_5246,commodity_154,Primary
project_5247,commodity_105,Primary
project_5247,commodity_154,Primary
project_5248,commodity_105,Primary
project_5248,commodity_154,Primary
project_5249,commodity_105,Primary
project_5249,commodity_154,Primary
project_5250,commodity_105,Primary
project_5250,commodity_154,Primary
project_5250,commodity_13,Primary
project_5251,commodity_2,Primary
project_5251,commodity_128,Primary
project_5251,commodity_154,Primary
project_5251,commodity_105,Primary
project_5251,commodity_66,Primary
project_5251,commodity_51,Secondary
project_5251,commodity_31,Secondary
project_5252,commodity_154,Primary
project_5252,commodity_105,Primary
project_5252,commodity_31,Secondary
project_5252,commodity_12,Secondary
project_5252,commodity_2,Secondary
project_5253,commodity_31,Primary
project_5253,commodity_42,Primary
project_5253,commodity_121,Primary
project_5253,commodity_154,Secondary
project_5253,commodity_2,Secondary
project_5254,commodity_105,Primary
project_5254,commodity_2,Primary
project_5254,commodity_154,Primary
project_5254,commodity_8,Primary
project_5254,commodity_31,Secondary
project_5254,commodity_15,Secondary
project_5254,commodity_12,Secondary
project_5255,commodity_89,Primary
project_5256,commodity_154,Primary
project_5256,commodity_105,Secondary
project_5256,commodity_31,Secondary
project_5256,commodity_2,Secondary
project_5256,commodity_12,Secondary
project_5257,commodity_31,Primary
project_5258,commodity_154,Primary
project_5258,commodity_105,Secondary
project_5258,commodity_31,Secondary
project_5258,commodity_111,Secondary
project_5259,commodity_105,Primary
project_5259,commodity_154,Secondary
project_5259,commodity_31,Secondary
project_5260,commodity_154,Primary
project_5260,commodity_105,Secondary
project_5260,commodity_111,Secondary
project_5261,commodity_154,Primary
project_5261,commodity_105,Primary
project_5261,commodity_2,Secondary
project_5262,commodity_154,Primary
project_5262,commodity_105,Primary
project_5262,commodity_2,Secondary
project_5263,commodity_154,Primary
project_5263,commodity_105,Primary
project_5263,commodity_2,Secondary
project_5264,commodity_154,Primary
project_5264,commodity_105,Primary
project_5264,commodity_2,Secondary
project_5265,commodity_154,Primary
project_5265,commodity_105,Primary
project_5265,commodity_2,Secondary
project_5266,commodity_12,Primary
project_5267,commodity_105,Primary
project_5267,commodity_154,Primary
project_5268,commodity_105,Primary
project_5268,commodity_154,Primary
project_5269,commodity_105,Primary
project_5269,commodity_154,Primary
project_5270,commodity_2,Primary
project_5270,commodity_105,Primary
project_5270,commodity_154,Secondary
project_5270,commodity_12,Secondary
project_5270,commodity_31,Secondary
project_5271,commodity_154,Primary
project_5271,commodity_105,Secondary
project_5271,commodity_78,Secondary
project_5271,commodity_3,Secondary
project_5272,commodity_31,Primary
project_5272,commodity_12,Primary
project_5272,commodity_105,Primary
project_5272,commodity_154,Primary
project_5273,commodity_31,Primary
project_5273,commodity_89,Primary
project_5273,commodity_105,Primary
project_5273,commodity_154,Primary
project_5273,commodity_12,Secondary
project_5273,commodity_2,Secondary
project_5273,commodity_15,Secondary
project_5273,commodity_148,Secondary
project_5273,commodity_124,Secondary
project_5273,commodity_136,Secondary
project_5273,commodity_97,Secondary
project_5273,commodity_22,Secondary
project_5273,commodity_128,Secondary
project_5274,commodity_154,Primary
project_5274,commodity_105,Primary
project_5274,commodity_53,Primary
project_5275,commodity_154,Primary
project_5275,commodity_105,Primary
project_5275,commodity_2,Secondary
project_5276,commodity_154,Primary
project_5276,commodity_105,Primary
project_5276,commodity_2,Secondary
project_5277,commodity_12,Primary
