companyID,Tier_MarketCap,Tier_Revenue,Tier_Assets,CountryGroup,Group_AssetTurnover,Group_MarketToAsset
comp_1,MegaCap,HighRevenue,HeavyAsset,Australia,MidTurnover,HighValue
comp_2,MegaCap,HighRevenue,HeavyAsset,Australia,MidTurnover,FairValue
comp_3,MegaCap,HighRevenue,HeavyAsset,Australia,MidTurnover,FairValue
comp_4,MegaCap,HighRevenue,LargeAsset,Australia,MidTurnover,FairValue
comp_5,LargeCap,UpperRevenue,LargeAsset,Australia,MidTurnover,HighValue
comp_6,LargeCap,UpperRevenue,MidAsset,Australia,MidTurnover,HighValue
comp_7,LargeCap,MidRevenue,MidAsset,Australia,LowTurnover,HighValue
comp_8,LargeCap,UpperRevenue,LargeAsset,Australia,LowTurnover,LowValue
comp_9,LargeCap,UpperRevenue,LargeAsset,Australia,MidTurnover,LowValue
comp_10,LargeCap,UpperRevenue,MidAsset,Australia,MidTurnover,FairValue
comp_11,MidCap,HighRevenue,LargeAsset,Australia,HighTurnover,LowValue
comp_12,MidCap,UpperRevenue,LargeAsset,Australia,MidTurnover,LowValue
comp_13,MidCap,MidRevenue,MidAsset,Australia,LowTurnover,HighValue
comp_14,MidCap,UpperRevenue,MidAsset,Australia,MidTurnover,HighValue
comp_15,MidCap,HighRevenue,LargeAsset,Australia,HighTurnover,LowValue
comp_16,MidCap,UpperRevenue,LargeAsset,Australia,MidTurnover,LowValue
comp_17,MidCap,MidRevenue,MidAsset,Australia,MidTurnover,HighValue
comp_18,MidCap,UpperRevenue,MidAsset,Australia,MidTurnover,HighValue
comp_19,MidCap,UpperRevenue,MidAsset,Australia,MidTurnover,FairValue
comp_20,MidCap,UpperRevenue,LargeAsset,Australia,MidTurnover,LowValue
comp_21,MidCap,MidRevenue,MidAsset,Australia,MidTurnover,HighValue
comp_22,MidCap,MidRevenue,MidAsset,Australia,MidTurnover,HighValue
comp_23,MidCap,HighRevenue,MidAsset,Australia,HighTurnover,FairValue
comp_24,MidCap,UpperRevenue,MidAsset,Australia,MidTurnover,HighValue
comp_25,MidCap,UpperRevenue,MidAsset,Australia,MidTurnover,HighValue
comp_26,MidCap,UpperRevenue,MidAsset,Australia,HighTurnover,FairValue
comp_27,MidCap,UpperRevenue,MidAsset,Australia,MidTurnover,FairValue
comp_28,MidCap,MidRevenue,MidAsset,Australia,MidTurnover,HighValue
comp_29,MidCap,MidRevenue,MidAsset,Australia,LowTurnover,HighValue
comp_30,MidCap,MidRevenue,MidAsset,Australia,LowTurnover,HighValue
comp_31,MidCap,MidRevenue,MidAsset,Australia,MidTurnover,HighValue
comp_32,MidCap,UpperRevenue,MidAsset,Australia,MidTurnover,FairValue
comp_33,MidCap,MidRevenue,LightAsset,Australia,MidTurnover,HighValue
comp_34,MidCap,UpperRevenue,MidAsset,Australia,MidTurnover,LowValue
comp_35,MidCap,UpperRevenue,MidAsset,Australia,MidTurnover,FairValue
comp_36,MidCap,,MidAsset,Australia,,HighValue
comp_37,MidCap,UpperRevenue,MidAsset,Australia,HighTurnover,FairValue
comp_38,MidCap,UpperRevenue,MidAsset,Australia,MidTurnover,FairValue
comp_39,MidCap,,MicroAsset,Australia,,HighValue
comp_40,MidCap,MidRevenue,LightAsset,Australia,MidTurnover,HighValue
comp_41,MidCap,UpperRevenue,MidAsset,Australia,HighTurnover,HighValue
comp_42,MidCap,MidRevenue,LightAsset,Australia,MidTurnover,HighValue
comp_43,MidCap,MidRevenue,LightAsset,Australia,MidTurnover,HighValue
comp_44,MidCap,UpperRevenue,MidAsset,Australia,HighTurnover,FairValue
comp_45,MidCap,MidRevenue,LightAsset,Australia,HighTurnover,HighValue
comp_46,MidCap,UpperRevenue,MidAsset,Australia,HighTurnover,HighValue
comp_47,SmallCap,VeryLowRevenue,LightAsset,Australia,LowTurnover,HighValue
comp_48,SmallCap,UpperRevenue,MidAsset,Australia,MidTurnover,LowValue
comp_49,SmallCap,MidRevenue,LightAsset,Australia,MidTurnover,HighValue
comp_50,SmallCap,MidRevenue,LightAsset,Australia,MidTurnover,HighValue
comp_51,SmallCap,UpperRevenue,MidAsset,Australia,MidTurnover,FairValue
comp_52,SmallCap,MidRevenue,LightAsset,Australia,HighTurnover,HighValue
comp_53,SmallCap,MidRevenue,MidAsset,Australia,MidTurnover,FairValue
comp_54,SmallCap,MidRevenue,MidAsset,Australia,LowTurnover,LowValue
comp_55,SmallCap,UpperRevenue,MidAsset,Australia,HighTurnover,FairValue
comp_56,SmallCap,,LightAsset,Australia,,HighValue
comp_57,SmallCap,,MicroAsset,Australia,,HighValue
comp_58,SmallCap,MidRevenue,LightAsset,Australia,MidTurnover,HighValue
comp_59,SmallCap,MidRevenue,LightAsset,Australia,HighTurnover,HighValue
comp_60,SmallCap,UpperRevenue,LightAsset,Australia,HighTurnover,FairValue
comp_61,SmallCap,VeryLowRevenue,MidAsset,Australia,LowTurnover,FairValue
comp_62,SmallCap,LowRevenue,LightAsset,Australia,LowTurnover,HighValue
comp_63,SmallCap,,LightAsset,Australia,,HighValue
comp_64,SmallCap,VeryLowRevenue,LightAsset,Australia,LowTurnover,HighValue
comp_65,SmallCap,LowRevenue,MidAsset,Australia,LowTurnover,FairValue
comp_66,SmallCap,,LightAsset,Australia,,HighValue
comp_67,SmallCap,,LightAsset,Australia,,FairValue
comp_68,SmallCap,,LightAsset,Australia,,HighValue
comp_69,SmallCap,UpperRevenue,MidAsset,Australia,HighTurnover,LowValue
comp_70,SmallCap,MidRevenue,LightAsset,Australia,MidTurnover,HighValue
comp_71,SmallCap,,MicroAsset,Australia,,HighValue
comp_72,SmallCap,LowRevenue,LightAsset,Australia,LowTurnover,HighValue
comp_73,SmallCap,VeryLowRevenue,LightAsset,Australia,LowTurnover,HighValue
comp_74,SmallCap,LowRevenue,LightAsset,Australia,LowTurnover,HighValue
comp_75,SmallCap,,LightAsset,Australia,,HighValue
comp_76,SmallCap,,MicroAsset,Australia,,HighValue
comp_77,SmallCap,VeryLowRevenue,MicroAsset,Australia,LowTurnover,HighValue
comp_78,SmallCap,MidRevenue,LightAsset,Australia,HighTurnover,FairValue
comp_79,SmallCap,,MicroAsset,Australia,,HighValue
comp_80,SmallCap,MidRevenue,MidAsset,Australia,MidTurnover,LowValue
comp_81,SmallCap,MidRevenue,LightAsset,Australia,HighTurnover,HighValue
comp_82,SmallCap,MidRevenue,LightAsset,Australia,MidTurnover,FairValue
comp_83,SmallCap,,MicroAsset,Australia,,HighValue
comp_84,SmallCap,VeryLowRevenue,LightAsset,Australia,LowTurnover,HighValue
comp_85,SmallCap,MidRevenue,LightAsset,Australia,MidTurnover,FairValue
comp_86,SmallCap,MidRevenue,LightAsset,Australia,MidTurnover,FairValue
comp_87,SmallCap,MidRevenue,LightAsset,Australia,HighTurnover,FairValue
comp_88,SmallCap,MidRevenue,LightAsset,Australia,HighTurnover,HighValue
comp_89,SmallCap,,MicroAsset,Australia,,HighValue
comp_90,SmallCap,,LightAsset,Australia,,HighValue
comp_91,SmallCap,MidRevenue,LightAsset,Australia,HighTurnover,HighValue
comp_92,SmallCap,VeryLowRevenue,MicroAsset,Australia,LowTurnover,HighValue
comp_93,SmallCap,,MicroAsset,Australia,,HighValue
comp_94,SmallCap,,MicroAsset,Australia,,HighValue
comp_95,SmallCap,VeryLowRevenue,LightAsset,Australia,LowTurnover,FairValue
comp_96,SmallCap,MidRevenue,LightAsset,Australia,HighTurnover,HighValue
comp_97,SmallCap,,MicroAsset,Australia,,HighValue
comp_98,SmallCap,,MicroAsset,Australia,,HighValue
comp_99,SmallCap,MidRevenue,LightAsset,Australia,MidTurnover,FairValue
comp_100,SmallCap,VeryLowRevenue,MicroAsset,Australia,LowTurnover,HighValue
comp_101,SmallCap,,LightAsset,Australia,,HighValue
comp_102,SmallCap,,MicroAsset,Australia,,HighValue
comp_103,SmallCap,MidRevenue,LightAsset,Australia,MidTurnover,FairValue
comp_104,SmallCap,MidRevenue,LightAsset,Australia,HighTurnover,FairValue
comp_105,SmallCap,VeryLowRevenue,MicroAsset,Australia,LowTurnover,HighValue
comp_106,SmallCap,MidRevenue,LightAsset,Australia,HighTurnover,LowValue
comp_107,SmallCap,,MicroAsset,Australia,,HighValue
comp_108,SmallCap,MidRevenue,LightAsset,Australia,HighTurnover,FairValue
comp_109,SmallCap,,LightAsset,Australia,,FairValue
comp_110,SmallCap,,MicroAsset,Australia,,HighValue
comp_111,SmallCap,,MicroAsset,Australia,,HighValue
comp_112,SmallCap,VeryLowRevenue,MicroAsset,Australia,LowTurnover,HighValue
comp_113,SmallCap,MidRevenue,LightAsset,Australia,MidTurnover,FairValue
comp_114,SmallCap,,MicroAsset,Australia,,HighValue
comp_115,SmallCap,LowRevenue,MidAsset,Australia,LowTurnover,LowValue
comp_116,SmallCap,VeryLowRevenue,LightAsset,Australia,LowTurnover,HighValue
comp_117,SmallCap,,MicroAsset,Australia,,HighValue
comp_118,SmallCap,MidRevenue,LightAsset,Australia,MidTurnover,FairValue
comp_119,SmallCap,VeryLowRevenue,MicroAsset,Australia,LowTurnover,HighValue
comp_120,SmallCap,,MicroAsset,Australia,,HighValue
comp_121,SmallCap,VeryLowRevenue,MicroAsset,Australia,LowTurnover,HighValue
comp_122,SmallCap,MidRevenue,LightAsset,Australia,MidTurnover,HighValue
comp_123,SmallCap,,LightAsset,Australia,,FairValue
comp_124,SmallCap,,MicroAsset,Australia,,HighValue
comp_125,SmallCap,,MicroAsset,Australia,,HighValue
comp_126,SmallCap,VeryLowRevenue,MicroAsset,Australia,LowTurnover,HighValue
comp_127,MicroCap,LowRevenue,LightAsset,Australia,LowTurnover,FairValue
comp_128,MicroCap,MidRevenue,LightAsset,Australia,MidTurnover,FairValue
comp_129,MicroCap,,MicroAsset,Australia,,HighValue
comp_130,MicroCap,LowRevenue,LightAsset,Australia,MidTurnover,HighValue
comp_131,MicroCap,,MicroAsset,Australia,,HighValue
comp_132,MicroCap,,LightAsset,Australia,,FairValue
comp_133,MicroCap,MidRevenue,LightAsset,Australia,MidTurnover,FairValue
comp_134,MicroCap,MidRevenue,MidAsset,Australia,MidTurnover,LowValue
comp_135,MicroCap,MidRevenue,LightAsset,Australia,HighTurnover,HighValue
comp_136,MicroCap,MidRevenue,LightAsset,Australia,MidTurnover,FairValue
comp_137,MicroCap,,MicroAsset,Australia,,HighValue
comp_138,MicroCap,,MicroAsset,Australia,,HighValue
comp_139,MicroCap,,MicroAsset,Australia,,HighValue
comp_140,MicroCap,,MicroAsset,Australia,,HighValue
comp_141,MicroCap,LowRevenue,LightAsset,Australia,HighTurnover,HighValue
comp_142,MicroCap,VeryLowRevenue,MicroAsset,Australia,LowTurnover,HighValue
comp_143,MicroCap,,MicroAsset,Australia,,HighValue
comp_144,MicroCap,,MicroAsset,Australia,,HighValue
comp_145,MicroCap,VeryLowRevenue,MicroAsset,Australia,LowTurnover,HighValue
comp_146,MicroCap,,MicroAsset,Australia,,HighValue
comp_147,MicroCap,,MicroAsset,Australia,,HighValue
comp_148,MicroCap,,,Australia,,
comp_149,MicroCap,,MicroAsset,Australia,,HighValue
comp_150,MicroCap,UpperRevenue,LightAsset,Australia,HighTurnover,LowValue
comp_151,MicroCap,VeryLowRevenue,MicroAsset,Australia,LowTurnover,HighValue
comp_152,MicroCap,VeryLowRevenue,MicroAsset,Australia,LowTurnover,HighValue
comp_153,MicroCap,,MicroAsset,Australia,,HighValue
comp_154,MicroCap,,MicroAsset,Australia,,HighValue
comp_155,MicroCap,,,Australia,,
comp_156,MicroCap,LowRevenue,LightAsset,Australia,LowTurnover,FairValue
comp_157,MicroCap,VeryLowRevenue,MicroAsset,Australia,LowTurnover,HighValue
comp_158,MicroCap,MidRevenue,LightAsset,Australia,HighTurnover,LowValue
comp_159,MicroCap,VeryLowRevenue,MicroAsset,Australia,MidTurnover,HighValue
comp_160,MicroCap,MidRevenue,LightAsset,Australia,HighTurnover,LowValue
comp_161,MicroCap,,MicroAsset,Australia,,HighValue
comp_162,MicroCap,LowRevenue,LightAsset,Australia,LowTurnover,FairValue
comp_163,MicroCap,VeryLowRevenue,MicroAsset,Australia,LowTurnover,HighValue
comp_164,MicroCap,,MicroAsset,Australia,,HighValue
comp_165,MicroCap,,MicroAsset,Australia,,HighValue
comp_166,MicroCap,,MicroAsset,Australia,,HighValue
comp_167,MicroCap,,MicroAsset,Australia,,HighValue
comp_168,MicroCap,,LightAsset,Australia,,LowValue
comp_169,MicroCap,,MicroAsset,Australia,,HighValue
comp_170,MicroCap,LowRevenue,LightAsset,Australia,LowTurnover,LowValue
comp_171,MicroCap,,MicroAsset,Australia,,HighValue
comp_172,MicroCap,VeryLowRevenue,MicroAsset,Australia,LowTurnover,HighValue
comp_173,MicroCap,VeryLowRevenue,MicroAsset,Australia,LowTurnover,HighValue
comp_174,MicroCap,VeryLowRevenue,MicroAsset,Australia,LowTurnover,HighValue
comp_175,MicroCap,LowRevenue,MicroAsset,Australia,MidTurnover,HighValue
comp_176,MicroCap,VeryLowRevenue,MicroAsset,Australia,LowTurnover,HighValue
comp_177,MicroCap,,LightAsset,Australia,,FairValue
comp_178,MicroCap,MidRevenue,MicroAsset,Australia,HighTurnover,HighValue
comp_179,MicroCap,VeryLowRevenue,MicroAsset,Australia,LowTurnover,HighValue
comp_180,MicroCap,VeryLowRevenue,MicroAsset,Australia,LowTurnover,HighValue
comp_181,MicroCap,,MicroAsset,Australia,,HighValue
comp_182,MicroCap,,MicroAsset,Australia,,HighValue
comp_183,MicroCap,LowRevenue,LightAsset,Australia,MidTurnover,FairValue
comp_184,MicroCap,VeryLowRevenue,LightAsset,Australia,LowTurnover,FairValue
comp_185,MicroCap,MidRevenue,LightAsset,Australia,HighTurnover,LowValue
comp_186,MicroCap,VeryLowRevenue,MicroAsset,Australia,LowTurnover,HighValue
comp_187,MicroCap,,MicroAsset,Australia,,FairValue
comp_188,MicroCap,,MicroAsset,Australia,,HighValue
comp_189,MicroCap,,MicroAsset,Australia,,HighValue
comp_190,MicroCap,VeryLowRevenue,MicroAsset,Australia,LowTurnover,HighValue
comp_191,MicroCap,LowRevenue,LightAsset,Australia,MidTurnover,FairValue
comp_192,MicroCap,MidRevenue,MicroAsset,Australia,HighTurnover,HighValue
comp_193,MicroCap,,MicroAsset,Australia,,HighValue
comp_194,MicroCap,VeryLowRevenue,MicroAsset,Australia,LowTurnover,HighValue
comp_195,MicroCap,,LightAsset,Australia,,FairValue
comp_196,MicroCap,,MicroAsset,Australia,,HighValue
comp_197,MicroCap,,LightAsset,Australia,,FairValue
comp_198,MicroCap,VeryLowRevenue,LightAsset,Australia,LowTurnover,LowValue
comp_199,MicroCap,VeryLowRevenue,MicroAsset,Australia,LowTurnover,HighValue
comp_200,MicroCap,,MicroAsset,Australia,,HighValue
comp_201,MicroCap,,MicroAsset,Australia,,HighValue
comp_202,MicroCap,,MicroAsset,Australia,,HighValue
comp_203,MicroCap,VeryLowRevenue,MicroAsset,Australia,LowTurnover,HighValue
comp_204,MicroCap,,MicroAsset,Australia,,FairValue
comp_205,MicroCap,,MicroAsset,Australia,,HighValue
comp_206,MicroCap,,MicroAsset,Australia,,HighValue
comp_207,MicroCap,VeryLowRevenue,MicroAsset,Australia,LowTurnover,HighValue
comp_208,MicroCap,VeryLowRevenue,MicroAsset,Australia,LowTurnover,HighValue
comp_209,MicroCap,VeryLowRevenue,LightAsset,Australia,LowTurnover,LowValue
comp_210,MicroCap,LowRevenue,LightAsset,Australia,MidTurnover,FairValue
comp_211,MicroCap,,MicroAsset,Australia,,HighValue
comp_212,MicroCap,,MicroAsset,Australia,,HighValue
comp_213,MicroCap,,MicroAsset,Australia,,HighValue
comp_214,MicroCap,,MicroAsset,Australia,,HighValue
comp_215,MicroCap,VeryLowRevenue,MicroAsset,Australia,LowTurnover,FairValue
comp_216,MicroCap,MidRevenue,LightAsset,Australia,MidTurnover,LowValue
comp_217,MicroCap,,MicroAsset,Australia,,HighValue
comp_218,MicroCap,,LightAsset,Australia,,FairValue
comp_219,MicroCap,LowRevenue,LightAsset,Australia,LowTurnover,LowValue
comp_220,MicroCap,,MicroAsset,Australia,,HighValue
comp_221,MicroCap,,MicroAsset,Australia,,HighValue
comp_222,MicroCap,VeryLowRevenue,MicroAsset,Australia,LowTurnover,HighValue
comp_223,MicroCap,,MicroAsset,Australia,,HighValue
comp_224,MicroCap,VeryLowRevenue,MicroAsset,Australia,LowTurnover,HighValue
comp_225,MicroCap,,,Australia,,
comp_226,MicroCap,MidRevenue,MicroAsset,Australia,HighTurnover,FairValue
comp_227,MicroCap,MidRevenue,LightAsset,Australia,HighTurnover,FairValue
comp_228,MicroCap,,MicroAsset,Australia,,HighValue
comp_229,MicroCap,,MicroAsset,Australia,,HighValue
comp_230,MicroCap,,MicroAsset,Australia,,FairValue
comp_231,MicroCap,,MicroAsset,Australia,,HighValue
comp_232,MicroCap,VeryLowRevenue,MicroAsset,Australia,LowTurnover,HighValue
comp_233,MicroCap,,LightAsset,Australia,,LowValue
comp_234,MicroCap,LowRevenue,LightAsset,Australia,LowTurnover,FairValue
comp_235,MicroCap,VeryLowRevenue,MicroAsset,Australia,LowTurnover,HighValue
comp_236,MicroCap,,MicroAsset,Australia,,HighValue
comp_237,MicroCap,,MicroAsset,Australia,,HighValue
comp_238,MicroCap,VeryLowRevenue,MicroAsset,Australia,LowTurnover,HighValue
comp_239,MicroCap,VeryLowRevenue,MicroAsset,Australia,LowTurnover,HighValue
comp_240,MicroCap,VeryLowRevenue,MicroAsset,Australia,LowTurnover,HighValue
comp_241,MicroCap,,MicroAsset,Australia,,HighValue
comp_242,MicroCap,,LightAsset,Australia,,LowValue
comp_243,MicroCap,VeryLowRevenue,MicroAsset,Australia,LowTurnover,HighValue
comp_244,MicroCap,VeryLowRevenue,MicroAsset,Australia,LowTurnover,HighValue
comp_245,MicroCap,LowRevenue,MicroAsset,Australia,MidTurnover,FairValue
comp_246,MicroCap,,MicroAsset,Australia,,HighValue
comp_247,MicroCap,LowRevenue,LightAsset,Australia,LowTurnover,LowValue
comp_248,MicroCap,LowRevenue,MicroAsset,Australia,HighTurnover,HighValue
comp_249,MicroCap,LowRevenue,LightAsset,Australia,MidTurnover,LowValue
comp_250,MicroCap,,MicroAsset,Australia,,HighValue
comp_251,MicroCap,,MicroAsset,Australia,,HighValue
comp_252,MicroCap,VeryLowRevenue,MicroAsset,Australia,LowTurnover,HighValue
comp_253,MicroCap,,LightAsset,Australia,,LowValue
comp_254,MicroCap,,MicroAsset,Australia,,HighValue
comp_255,MicroCap,,MicroAsset,Australia,,HighValue
comp_256,MicroCap,,MicroAsset,Australia,,HighValue
comp_257,MicroCap,,MicroAsset,Australia,,HighValue
comp_258,MicroCap,,MicroAsset,Australia,,HighValue
comp_259,MicroCap,,MicroAsset,Australia,,HighValue
comp_260,MicroCap,,LightAsset,Australia,,LowValue
comp_261,MicroCap,,MicroAsset,Australia,,HighValue
comp_262,MicroCap,,MicroAsset,Australia,,HighValue
comp_263,MicroCap,,MicroAsset,Australia,,HighValue
comp_264,MicroCap,,MicroAsset,Australia,,HighValue
comp_265,MicroCap,,MicroAsset,Australia,,FairValue
comp_266,MicroCap,,,Australia,,
comp_267,MicroCap,,MicroAsset,Australia,,HighValue
comp_268,MicroCap,LowRevenue,MicroAsset,Australia,LowTurnover,FairValue
comp_269,MicroCap,VeryLowRevenue,MicroAsset,Australia,LowTurnover,HighValue
comp_270,MicroCap,,MicroAsset,Australia,,HighValue
comp_271,MicroCap,VeryLowRevenue,MicroAsset,Australia,LowTurnover,FairValue
comp_272,MicroCap,,MicroAsset,Australia,,HighValue
comp_273,MicroCap,,MicroAsset,Australia,,HighValue
comp_274,MicroCap,VeryLowRevenue,MicroAsset,Australia,LowTurnover,HighValue
comp_275,MicroCap,,MicroAsset,Australia,,HighValue
comp_276,MicroCap,,MicroAsset,Australia,,HighValue
comp_277,MicroCap,,LightAsset,Australia,,LowValue
comp_278,MicroCap,,MicroAsset,Australia,,LowValue
comp_279,MicroCap,,LightAsset,Australia,,LowValue
comp_280,MicroCap,VeryLowRevenue,MicroAsset,Australia,LowTurnover,HighValue
comp_281,MicroCap,,MicroAsset,Australia,,FairValue
comp_282,MicroCap,,MicroAsset,Australia,,HighValue
comp_283,MicroCap,,MicroAsset,Australia,,HighValue
comp_284,MicroCap,,MicroAsset,Australia,,HighValue
comp_285,MicroCap,,MicroAsset,Australia,,FairValue
comp_286,MicroCap,,MicroAsset,Australia,,HighValue
comp_287,MicroCap,,MicroAsset,Australia,,HighValue
comp_288,MicroCap,MidRevenue,LightAsset,Australia,HighTurnover,LowValue
comp_289,MicroCap,VeryLowRevenue,MicroAsset,Australia,LowTurnover,HighValue
comp_290,MicroCap,,MicroAsset,Australia,,HighValue
comp_291,MicroCap,VeryLowRevenue,MicroAsset,Australia,LowTurnover,HighValue
comp_292,MicroCap,VeryLowRevenue,MicroAsset,Australia,LowTurnover,HighValue
comp_293,MicroCap,,LightAsset,Australia,,LowValue
comp_294,MicroCap,VeryLowRevenue,MicroAsset,Australia,LowTurnover,FairValue
comp_295,MicroCap,,LightAsset,Australia,,LowValue
comp_296,MicroCap,,MicroAsset,Australia,,HighValue
comp_297,MicroCap,,MicroAsset,Australia,,FairValue
comp_298,MicroCap,VeryLowRevenue,MicroAsset,Australia,LowTurnover,HighValue
comp_299,MicroCap,,MicroAsset,Australia,,HighValue
comp_300,MicroCap,MidRevenue,LightAsset,Australia,MidTurnover,LowValue
comp_301,MicroCap,VeryLowRevenue,MicroAsset,Australia,LowTurnover,HighValue
comp_302,MicroCap,,MicroAsset,Australia,,HighValue
comp_303,MicroCap,,MicroAsset,Australia,,HighValue
comp_304,MicroCap,,MicroAsset,Australia,,HighValue
comp_305,MicroCap,,MicroAsset,Australia,,HighValue
comp_306,MicroCap,VeryLowRevenue,MicroAsset,Australia,LowTurnover,LowValue
comp_307,MicroCap,,MicroAsset,Australia,,HighValue
comp_308,MicroCap,VeryLowRevenue,MicroAsset,Australia,LowTurnover,HighValue
comp_309,MicroCap,LowRevenue,MicroAsset,Australia,LowTurnover,FairValue
comp_310,MicroCap,,LightAsset,Australia,,LowValue
comp_311,MicroCap,LowRevenue,MicroAsset,Australia,MidTurnover,HighValue
comp_312,MicroCap,,MicroAsset,Australia,,HighValue
comp_313,MicroCap,,MicroAsset,Australia,,FairValue
comp_314,MicroCap,MidRevenue,LightAsset,Australia,HighTurnover,LowValue
comp_315,MicroCap,VeryLowRevenue,MicroAsset,Australia,LowTurnover,HighValue
comp_316,MicroCap,,MicroAsset,Australia,,FairValue
comp_317,MicroCap,VeryLowRevenue,MicroAsset,Australia,LowTurnover,HighValue
comp_318,MicroCap,,MicroAsset,Australia,,HighValue
comp_319,MicroCap,,MicroAsset,Australia,,FairValue
comp_320,MicroCap,,MicroAsset,Australia,,FairValue
comp_321,MicroCap,,MicroAsset,Australia,,FairValue
comp_322,MicroCap,,MicroAsset,Australia,,FairValue
comp_323,MicroCap,,MicroAsset,Australia,,HighValue
comp_324,MicroCap,VeryLowRevenue,LightAsset,Australia,LowTurnover,LowValue
comp_325,MicroCap,VeryLowRevenue,MicroAsset,Australia,LowTurnover,HighValue
comp_326,MicroCap,,MicroAsset,Australia,,HighValue
comp_327,MicroCap,,,Australia,,
comp_328,MicroCap,,MicroAsset,Australia,,HighValue
comp_329,MicroCap,LowRevenue,MicroAsset,Australia,HighTurnover,HighValue
comp_330,MicroCap,LowRevenue,MicroAsset,Australia,HighTurnover,LowValue
comp_331,MicroCap,,,Australia,,
comp_332,MicroCap,,MicroAsset,Australia,,HighValue
comp_333,MicroCap,,MicroAsset,Australia,,HighValue
comp_334,MicroCap,,MicroAsset,Australia,,HighValue
comp_335,MicroCap,,MicroAsset,Australia,,HighValue
comp_336,MicroCap,,MicroAsset,Australia,,LowValue
comp_337,MicroCap,,MicroAsset,Australia,,FairValue
comp_338,MicroCap,,MicroAsset,Australia,,FairValue
comp_339,MicroCap,,MicroAsset,Australia,,FairValue
comp_340,MicroCap,VeryLowRevenue,MicroAsset,Australia,LowTurnover,HighValue
comp_341,MicroCap,VeryLowRevenue,MicroAsset,Australia,LowTurnover,LowValue
comp_342,MicroCap,,MicroAsset,Australia,,HighValue
comp_343,MicroCap,,,Australia,,
comp_344,MicroCap,,MicroAsset,Australia,,HighValue
comp_345,MicroCap,,MicroAsset,Australia,,HighValue
comp_346,MicroCap,,MicroAsset,Australia,,HighValue
comp_347,MicroCap,,MicroAsset,Australia,,LowValue
comp_348,MicroCap,LowRevenue,MicroAsset,Australia,HighTurnover,LowValue
comp_349,MicroCap,,MicroAsset,Australia,,HighValue
comp_350,MicroCap,,MicroAsset,Australia,,FairValue
comp_351,MicroCap,,MicroAsset,Australia,,HighValue
comp_352,MicroCap,,,Australia,,
comp_353,MicroCap,LowRevenue,MicroAsset,Australia,MidTurnover,FairValue
comp_354,MicroCap,VeryLowRevenue,MicroAsset,Australia,LowTurnover,LowValue
comp_355,MicroCap,,MicroAsset,Australia,,LowValue
comp_356,MicroCap,,MicroAsset,Australia,,FairValue
comp_357,MicroCap,,MicroAsset,Australia,,HighValue
comp_358,MicroCap,VeryLowRevenue,LightAsset,Australia,LowTurnover,LowValue
comp_359,MicroCap,VeryLowRevenue,MicroAsset,Australia,LowTurnover,FairValue
comp_360,MicroCap,,MicroAsset,Australia,,FairValue
comp_361,MicroCap,,LightAsset,Australia,,LowValue
comp_362,MicroCap,,MicroAsset,Australia,,LowValue
comp_363,MicroCap,,MicroAsset,Australia,,HighValue
comp_364,MicroCap,,MicroAsset,Australia,,FairValue
comp_365,MicroCap,,MicroAsset,Australia,,HighValue
comp_366,MicroCap,,MicroAsset,Australia,,LowValue
comp_367,MicroCap,VeryLowRevenue,MicroAsset,Australia,LowTurnover,FairValue
comp_368,MicroCap,,MicroAsset,Australia,,FairValue
comp_369,MicroCap,VeryLowRevenue,MicroAsset,Australia,LowTurnover,HighValue
comp_370,MicroCap,,MicroAsset,Australia,,HighValue
comp_371,MicroCap,,MicroAsset,Australia,,FairValue
comp_372,MicroCap,,MicroAsset,Australia,,LowValue
comp_373,MicroCap,,MicroAsset,Australia,,HighValue
comp_374,MicroCap,,MicroAsset,Australia,,HighValue
comp_375,MicroCap,,MicroAsset,Australia,,HighValue
comp_376,MicroCap,,MicroAsset,Australia,,HighValue
comp_377,MicroCap,VeryLowRevenue,MicroAsset,Australia,LowTurnover,FairValue
comp_378,MicroCap,LowRevenue,LightAsset,Australia,MidTurnover,LowValue
comp_379,MicroCap,VeryLowRevenue,MicroAsset,Australia,LowTurnover,HighValue
comp_380,MicroCap,,MicroAsset,Australia,,FairValue
comp_381,MicroCap,VeryLowRevenue,MicroAsset,Australia,MidTurnover,FairValue
comp_382,MicroCap,VeryLowRevenue,MicroAsset,Australia,LowTurnover,HighValue
comp_383,MicroCap,,MicroAsset,Australia,,HighValue
comp_384,MicroCap,,MicroAsset,Australia,,HighValue
comp_385,MicroCap,VeryLowRevenue,MicroAsset,Australia,LowTurnover,LowValue
comp_386,MicroCap,,MicroAsset,Australia,,FairValue
comp_387,MicroCap,MidRevenue,LightAsset,Australia,HighTurnover,LowValue
comp_388,MicroCap,,MicroAsset,Australia,,FairValue
comp_389,MicroCap,,MicroAsset,Australia,,HighValue
comp_390,MicroCap,VeryLowRevenue,MicroAsset,Australia,LowTurnover,HighValue
comp_391,MicroCap,VeryLowRevenue,MicroAsset,Australia,LowTurnover,HighValue
comp_392,MicroCap,,MicroAsset,Australia,,HighValue
comp_393,MicroCap,VeryLowRevenue,MicroAsset,Australia,LowTurnover,FairValue
comp_394,MicroCap,VeryLowRevenue,MicroAsset,Australia,LowTurnover,LowValue
comp_395,MicroCap,,MicroAsset,Australia,,FairValue
comp_396,MicroCap,,MicroAsset,Australia,,HighValue
comp_397,MicroCap,,MicroAsset,Australia,,HighValue
comp_398,MicroCap,VeryLowRevenue,MicroAsset,Australia,LowTurnover,HighValue
comp_399,MicroCap,,MicroAsset,Australia,,HighValue
comp_400,MicroCap,,MicroAsset,Australia,,FairValue
comp_401,MicroCap,,LightAsset,Australia,,LowValue
comp_402,MicroCap,,MicroAsset,Australia,,HighValue
comp_403,MicroCap,,MicroAsset,Australia,,HighValue
comp_404,MicroCap,,MicroAsset,Australia,,HighValue
comp_405,MicroCap,,MicroAsset,Australia,,HighValue
comp_406,MicroCap,VeryLowRevenue,MicroAsset,Australia,LowTurnover,HighValue
comp_407,MicroCap,,MicroAsset,Australia,,HighValue
comp_408,MicroCap,LowRevenue,MicroAsset,Australia,LowTurnover,LowValue
comp_409,MicroCap,,MicroAsset,Australia,,HighValue
comp_410,MicroCap,,MicroAsset,Australia,,HighValue
comp_411,MicroCap,,MicroAsset,Australia,,LowValue
comp_412,MicroCap,VeryLowRevenue,MicroAsset,Australia,LowTurnover,FairValue
comp_413,MicroCap,,MicroAsset,Australia,,FairValue
comp_414,MicroCap,VeryLowRevenue,MicroAsset,Australia,LowTurnover,HighValue
comp_415,MicroCap,VeryLowRevenue,MicroAsset,Australia,LowTurnover,HighValue
comp_416,MicroCap,,MicroAsset,Australia,,HighValue
comp_417,MicroCap,,MicroAsset,Australia,,FairValue
comp_418,MicroCap,,MicroAsset,Australia,,HighValue
comp_419,MicroCap,,MicroAsset,Australia,,FairValue
comp_420,MicroCap,VeryLowRevenue,MicroAsset,Australia,LowTurnover,HighValue
comp_421,MicroCap,VeryLowRevenue,MicroAsset,Australia,LowTurnover,LowValue
comp_422,MicroCap,VeryLowRevenue,MicroAsset,Australia,LowTurnover,FairValue
comp_423,MicroCap,,MicroAsset,Australia,,LowValue
comp_424,MicroCap,VeryLowRevenue,MicroAsset,Australia,MidTurnover,FairValue
comp_425,MicroCap,,MicroAsset,Australia,,HighValue
comp_426,MicroCap,VeryLowRevenue,MicroAsset,Australia,LowTurnover,HighValue
comp_427,MicroCap,LowRevenue,MicroAsset,Australia,HighTurnover,FairValue
comp_428,MicroCap,VeryLowRevenue,MicroAsset,Australia,LowTurnover,HighValue
comp_429,MicroCap,VeryLowRevenue,MicroAsset,Australia,LowTurnover,FairValue
comp_430,MicroCap,,MicroAsset,Australia,,FairValue
comp_431,MicroCap,VeryLowRevenue,LightAsset,Australia,LowTurnover,LowValue
comp_432,MicroCap,VeryLowRevenue,MicroAsset,Australia,LowTurnover,HighValue
comp_433,MicroCap,VeryLowRevenue,MicroAsset,Australia,LowTurnover,LowValue
comp_434,MicroCap,VeryLowRevenue,MicroAsset,Australia,LowTurnover,HighValue
comp_435,MicroCap,,MicroAsset,Australia,,HighValue
comp_436,MicroCap,,MicroAsset,Australia,,FairValue
comp_437,MicroCap,,MicroAsset,Australia,,HighValue
comp_438,MicroCap,,MicroAsset,Australia,,LowValue
comp_439,MicroCap,VeryLowRevenue,MicroAsset,Australia,LowTurnover,LowValue
comp_440,MicroCap,,MicroAsset,Australia,,HighValue
comp_441,MicroCap,,MicroAsset,Australia,,HighValue
comp_442,MicroCap,,MicroAsset,Australia,,HighValue
comp_443,MicroCap,,MicroAsset,Australia,,FairValue
comp_444,MicroCap,,MicroAsset,Australia,,HighValue
comp_445,MicroCap,VeryLowRevenue,MicroAsset,Australia,LowTurnover,FairValue
comp_446,MicroCap,VeryLowRevenue,MicroAsset,Australia,LowTurnover,LowValue
comp_447,MicroCap,,MicroAsset,Australia,,HighValue
comp_448,MicroCap,VeryLowRevenue,MicroAsset,Australia,LowTurnover,HighValue
comp_449,MicroCap,,MicroAsset,Australia,,HighValue
comp_450,MicroCap,,MicroAsset,Australia,,HighValue
comp_451,MicroCap,VeryLowRevenue,MicroAsset,Australia,LowTurnover,FairValue
comp_452,MicroCap,,MicroAsset,Australia,,HighValue
comp_453,MicroCap,,MicroAsset,Australia,,LowValue
comp_454,MicroCap,,MicroAsset,Australia,,HighValue
comp_455,MicroCap,,MicroAsset,Australia,,HighValue
comp_456,MicroCap,VeryLowRevenue,MicroAsset,Australia,LowTurnover,FairValue
comp_457,MicroCap,VeryLowRevenue,MicroAsset,Australia,LowTurnover,FairValue
comp_458,MicroCap,,MicroAsset,Australia,,FairValue
comp_459,MicroCap,,MicroAsset,Australia,,LowValue
comp_460,MicroCap,,MicroAsset,Australia,,HighValue
comp_461,MicroCap,,MicroAsset,Australia,,FairValue
comp_462,MicroCap,,MicroAsset,Australia,,HighValue
comp_463,MicroCap,,MicroAsset,Australia,,FairValue
comp_464,MicroCap,,MicroAsset,Australia,,HighValue
comp_465,MicroCap,,MicroAsset,Australia,,HighValue
comp_466,MicroCap,,MicroAsset,Australia,,HighValue
comp_467,MicroCap,VeryLowRevenue,MicroAsset,Australia,LowTurnover,HighValue
comp_468,MicroCap,,,Australia,,
comp_469,MicroCap,,MicroAsset,Australia,,FairValue
comp_470,MicroCap,,MicroAsset,Australia,,HighValue
comp_471,MicroCap,VeryLowRevenue,MicroAsset,Australia,MidTurnover,HighValue
comp_472,MicroCap,VeryLowRevenue,MicroAsset,Australia,LowTurnover,FairValue
comp_473,MicroCap,,MicroAsset,Australia,,HighValue
comp_474,MicroCap,,MicroAsset,Australia,,FairValue
comp_475,MicroCap,,MicroAsset,Australia,,HighValue
comp_476,MicroCap,VeryLowRevenue,MicroAsset,Australia,LowTurnover,FairValue
comp_477,MicroCap,,MicroAsset,Australia,,FairValue
comp_478,MicroCap,,LightAsset,Australia,,LowValue
comp_479,MicroCap,,MicroAsset,Australia,,LowValue
comp_480,MicroCap,MidRevenue,LightAsset,Australia,HighTurnover,LowValue
comp_481,MicroCap,,MicroAsset,Australia,,LowValue
comp_482,MicroCap,,MicroAsset,Australia,,HighValue
comp_483,MicroCap,VeryLowRevenue,MicroAsset,Australia,HighTurnover,HighValue
comp_484,MicroCap,,MicroAsset,Australia,,FairValue
comp_485,MicroCap,,MicroAsset,Australia,,FairValue
comp_486,MicroCap,VeryLowRevenue,MicroAsset,Australia,LowTurnover,FairValue
comp_487,MicroCap,,MicroAsset,Australia,,LowValue
comp_488,MicroCap,VeryLowRevenue,MicroAsset,Australia,LowTurnover,HighValue
comp_489,MicroCap,,MicroAsset,Australia,,FairValue
comp_490,MicroCap,,MicroAsset,Australia,,HighValue
comp_491,MicroCap,VeryLowRevenue,MicroAsset,Australia,LowTurnover,LowValue
comp_492,MicroCap,,MicroAsset,Australia,,FairValue
comp_493,MicroCap,VeryLowRevenue,MicroAsset,Australia,LowTurnover,FairValue
comp_494,MicroCap,,MicroAsset,Australia,,HighValue
comp_495,MicroCap,,MicroAsset,Australia,,FairValue
comp_496,MicroCap,LowRevenue,MicroAsset,Australia,HighTurnover,LowValue
comp_497,MicroCap,,MicroAsset,Australia,,FairValue
comp_498,MicroCap,,MicroAsset,Australia,,LowValue
comp_499,MicroCap,,MicroAsset,Australia,,HighValue
comp_500,MicroCap,,MicroAsset,Australia,,HighValue
comp_501,MicroCap,,MicroAsset,Australia,,LowValue
comp_502,MicroCap,,MicroAsset,Australia,,HighValue
comp_503,MicroCap,,MicroAsset,Australia,,FairValue
comp_504,MicroCap,VeryLowRevenue,MicroAsset,Australia,LowTurnover,HighValue
comp_505,MicroCap,VeryLowRevenue,MicroAsset,Australia,LowTurnover,FairValue
comp_506,MicroCap,,MicroAsset,Australia,,HighValue
comp_507,MicroCap,VeryLowRevenue,MicroAsset,Australia,LowTurnover,HighValue
comp_508,MicroCap,,MicroAsset,Australia,,LowValue
comp_509,MicroCap,,MicroAsset,Australia,,FairValue
comp_510,MicroCap,VeryLowRevenue,MicroAsset,Australia,LowTurnover,HighValue
comp_511,MicroCap,VeryLowRevenue,MicroAsset,Australia,LowTurnover,FairValue
comp_512,MicroCap,LowRevenue,MicroAsset,Australia,HighTurnover,LowValue
comp_513,MicroCap,VeryLowRevenue,MicroAsset,Australia,LowTurnover,FairValue
comp_514,MicroCap,VeryLowRevenue,MicroAsset,Australia,LowTurnover,HighValue
comp_515,MicroCap,,MicroAsset,Australia,,HighValue
comp_516,MicroCap,,MicroAsset,Australia,,FairValue
comp_517,MicroCap,VeryLowRevenue,MicroAsset,Australia,LowTurnover,FairValue
comp_518,MicroCap,VeryLowRevenue,MicroAsset,Australia,LowTurnover,LowValue
comp_519,MicroCap,VeryLowRevenue,MicroAsset,Australia,LowTurnover,FairValue
comp_520,MicroCap,,MicroAsset,Australia,,HighValue
comp_521,MicroCap,,MicroAsset,Australia,,HighValue
comp_522,MicroCap,,MicroAsset,Australia,,HighValue
comp_523,MicroCap,VeryLowRevenue,MicroAsset,Australia,LowTurnover,LowValue
comp_524,MicroCap,VeryLowRevenue,MicroAsset,Australia,LowTurnover,FairValue
comp_525,MicroCap,,MicroAsset,Australia,,HighValue
comp_526,MicroCap,VeryLowRevenue,MicroAsset,Australia,LowTurnover,FairValue
comp_527,MicroCap,,MicroAsset,Australia,,LowValue
comp_528,MicroCap,VeryLowRevenue,MicroAsset,Australia,LowTurnover,LowValue
comp_529,MicroCap,VeryLowRevenue,MicroAsset,Australia,LowTurnover,HighValue
comp_530,MicroCap,LowRevenue,MicroAsset,Australia,HighTurnover,FairValue
comp_531,MicroCap,,MicroAsset,Australia,,HighValue
comp_532,MicroCap,,MicroAsset,Australia,,LowValue
comp_533,MicroCap,,MicroAsset,Australia,,FairValue
comp_534,MicroCap,,MicroAsset,Australia,,FairValue
comp_535,MicroCap,,MicroAsset,Australia,,FairValue
comp_536,MicroCap,,MicroAsset,Australia,,LowValue
comp_537,MicroCap,,MicroAsset,Australia,,HighValue
comp_538,MicroCap,,MicroAsset,Australia,,FairValue
comp_539,MicroCap,,MicroAsset,Australia,,FairValue
comp_540,MicroCap,,MicroAsset,Australia,,HighValue
comp_541,MicroCap,,MicroAsset,Australia,,LowValue
comp_542,MicroCap,VeryLowRevenue,MicroAsset,Australia,LowTurnover,LowValue
comp_543,MicroCap,,MicroAsset,Australia,,LowValue
comp_544,MicroCap,,MicroAsset,Australia,,HighValue
comp_545,MicroCap,,MicroAsset,Australia,,HighValue
comp_546,MicroCap,,MicroAsset,Australia,,HighValue
comp_547,MicroCap,VeryLowRevenue,MicroAsset,Australia,LowTurnover,LowValue
comp_548,MicroCap,,MicroAsset,Australia,,FairValue
comp_549,MicroCap,,MicroAsset,Australia,,HighValue
comp_550,MicroCap,,MicroAsset,Australia,,LowValue
comp_551,MicroCap,,MicroAsset,Australia,,FairValue
comp_552,MicroCap,,MicroAsset,Australia,,HighValue
comp_553,MicroCap,VeryLowRevenue,MicroAsset,Australia,MidTurnover,HighValue
comp_554,MicroCap,,MicroAsset,Australia,,HighValue
comp_555,MicroCap,VeryLowRevenue,MicroAsset,Australia,LowTurnover,LowValue
comp_556,MicroCap,,MicroAsset,Australia,,FairValue
comp_557,MicroCap,,MicroAsset,Australia,,HighValue
comp_558,MicroCap,VeryLowRevenue,MicroAsset,Australia,LowTurnover,FairValue
comp_559,MicroCap,VeryLowRevenue,MicroAsset,Australia,LowTurnover,HighValue
comp_560,MicroCap,,MicroAsset,Australia,,HighValue
comp_561,MicroCap,,MicroAsset,Australia,,HighValue
comp_562,MicroCap,,MicroAsset,Australia,,FairValue
comp_563,MicroCap,,MicroAsset,Australia,,HighValue
comp_564,MicroCap,,MicroAsset,Australia,,FairValue
comp_565,MicroCap,,MicroAsset,Australia,,HighValue
comp_566,MicroCap,,MicroAsset,Australia,,LowValue
comp_567,MicroCap,VeryLowRevenue,MicroAsset,Australia,LowTurnover,HighValue
comp_568,MicroCap,,MicroAsset,Australia,,HighValue
comp_569,MicroCap,,MicroAsset,Australia,,FairValue
comp_570,MicroCap,,MicroAsset,Australia,,HighValue
comp_571,MicroCap,VeryLowRevenue,MicroAsset,Australia,LowTurnover,HighValue
comp_572,MicroCap,,MicroAsset,Australia,,FairValue
comp_573,MicroCap,,MicroAsset,Australia,,LowValue
comp_574,MicroCap,,MicroAsset,Australia,,HighValue
comp_575,MicroCap,VeryLowRevenue,MicroAsset,Australia,LowTurnover,LowValue
comp_576,MicroCap,VeryLowRevenue,MicroAsset,Australia,LowTurnover,FairValue
comp_577,MicroCap,,MicroAsset,Australia,,LowValue
comp_578,MicroCap,VeryLowRevenue,MicroAsset,Australia,LowTurnover,LowValue
comp_579,MicroCap,,MicroAsset,Australia,,HighValue
comp_580,MicroCap,,MicroAsset,Australia,,LowValue
comp_581,MicroCap,,MicroAsset,Australia,,HighValue
comp_582,MicroCap,VeryLowRevenue,MicroAsset,Australia,LowTurnover,LowValue
comp_583,MicroCap,,MicroAsset,Australia,,HighValue
comp_584,MicroCap,,MicroAsset,Australia,,FairValue
comp_585,MicroCap,,MicroAsset,Australia,,LowValue
comp_586,MicroCap,VeryLowRevenue,MicroAsset,Australia,LowTurnover,HighValue
comp_587,MicroCap,,MicroAsset,Australia,,LowValue
comp_588,MicroCap,VeryLowRevenue,MicroAsset,Australia,HighTurnover,HighValue
comp_589,MicroCap,,MicroAsset,Australia,,FairValue
comp_590,MicroCap,,MicroAsset,Australia,,FairValue
comp_591,MicroCap,VeryLowRevenue,MicroAsset,Australia,LowTurnover,FairValue
comp_592,MicroCap,,MicroAsset,Australia,,LowValue
comp_593,MicroCap,,MicroAsset,Australia,,FairValue
comp_594,MicroCap,,MicroAsset,Australia,,HighValue
comp_595,MicroCap,VeryLowRevenue,MicroAsset,Australia,HighTurnover,HighValue
comp_596,MicroCap,,MicroAsset,Australia,,FairValue
comp_597,MicroCap,VeryLowRevenue,MicroAsset,Australia,LowTurnover,FairValue
comp_598,MicroCap,,MicroAsset,Australia,,HighValue
comp_599,MicroCap,,MicroAsset,Australia,,LowValue
comp_600,MicroCap,,MicroAsset,Australia,,LowValue
comp_601,MicroCap,VeryLowRevenue,MicroAsset,Australia,LowTurnover,FairValue
comp_602,MicroCap,,MicroAsset,Australia,,HighValue
comp_603,MicroCap,,MicroAsset,Australia,,FairValue
comp_604,MicroCap,,MicroAsset,Australia,,HighValue
comp_605,MicroCap,VeryLowRevenue,MicroAsset,Australia,LowTurnover,HighValue
comp_606,MicroCap,,MicroAsset,Australia,,LowValue
comp_607,MicroCap,,MicroAsset,Australia,,LowValue
comp_608,MicroCap,,MicroAsset,Australia,,FairValue
comp_609,MicroCap,VeryLowRevenue,MicroAsset,Australia,LowTurnover,LowValue
comp_610,MicroCap,VeryLowRevenue,MicroAsset,Australia,LowTurnover,LowValue
comp_611,MicroCap,VeryLowRevenue,MicroAsset,Australia,LowTurnover,FairValue
comp_612,MicroCap,VeryLowRevenue,MicroAsset,Australia,LowTurnover,HighValue
comp_613,MicroCap,,MicroAsset,Australia,,HighValue
comp_614,MicroCap,,MicroAsset,Australia,,HighValue
comp_615,MicroCap,,MicroAsset,Australia,,FairValue
comp_616,MicroCap,,MicroAsset,Australia,,HighValue
comp_617,MicroCap,,MicroAsset,Australia,,LowValue
comp_618,MicroCap,VeryLowRevenue,MicroAsset,Australia,LowTurnover,HighValue
comp_619,MicroCap,VeryLowRevenue,MicroAsset,Australia,LowTurnover,HighValue
comp_620,MicroCap,,MicroAsset,Australia,,FairValue
comp_621,MicroCap,,MicroAsset,Australia,,HighValue
comp_622,MicroCap,MidRevenue,MicroAsset,Australia,HighTurnover,LowValue
comp_623,MicroCap,,MicroAsset,Australia,,HighValue
comp_624,MicroCap,,MicroAsset,Australia,,HighValue
comp_625,MicroCap,,MicroAsset,Australia,,FairValue
comp_626,MicroCap,,MicroAsset,Australia,,LowValue
comp_627,MicroCap,,MicroAsset,Australia,,LowValue
comp_628,MicroCap,,MicroAsset,Australia,,HighValue
comp_629,MicroCap,VeryLowRevenue,MicroAsset,Australia,LowTurnover,HighValue
comp_630,MicroCap,,MicroAsset,Australia,,FairValue
comp_631,MicroCap,,MicroAsset,Australia,,FairValue
comp_632,MicroCap,,MicroAsset,Australia,,FairValue
comp_633,MicroCap,,MicroAsset,Australia,,HighValue
comp_634,MicroCap,VeryLowRevenue,MicroAsset,Australia,LowTurnover,LowValue
comp_635,MicroCap,,MicroAsset,Australia,,HighValue
comp_636,MicroCap,VeryLowRevenue,MicroAsset,Australia,LowTurnover,FairValue
comp_637,MicroCap,VeryLowRevenue,MicroAsset,Australia,LowTurnover,HighValue
comp_638,MicroCap,VeryLowRevenue,MicroAsset,Australia,LowTurnover,LowValue
comp_639,MicroCap,,MicroAsset,Australia,,HighValue
comp_640,MicroCap,,MicroAsset,Australia,,LowValue
comp_641,MicroCap,VeryLowRevenue,MicroAsset,Australia,LowTurnover,HighValue
comp_642,MicroCap,,MicroAsset,Australia,,LowValue
comp_643,MicroCap,,MicroAsset,Australia,,LowValue
comp_644,MicroCap,,MicroAsset,Australia,,HighValue
comp_645,MicroCap,,MicroAsset,Australia,,HighValue
comp_646,MicroCap,,MicroAsset,Australia,,FairValue
comp_647,MicroCap,VeryLowRevenue,MicroAsset,Australia,LowTurnover,HighValue
comp_648,MicroCap,VeryLowRevenue,MicroAsset,Australia,LowTurnover,HighValue
comp_649,MicroCap,VeryLowRevenue,MicroAsset,Australia,LowTurnover,LowValue
comp_650,MicroCap,,MicroAsset,Australia,,HighValue
comp_651,MicroCap,,MicroAsset,Australia,,FairValue
comp_652,MicroCap,VeryLowRevenue,MicroAsset,Australia,LowTurnover,FairValue
comp_653,MicroCap,VeryLowRevenue,MicroAsset,Australia,LowTurnover,HighValue
comp_654,MicroCap,,MicroAsset,Australia,,FairValue
comp_655,MicroCap,,MicroAsset,Australia,,LowValue
comp_656,MicroCap,,MicroAsset,Australia,,LowValue
comp_657,MicroCap,,MicroAsset,Australia,,LowValue
comp_658,MicroCap,VeryLowRevenue,MicroAsset,Australia,LowTurnover,LowValue
comp_659,MicroCap,,MicroAsset,Australia,,LowValue
comp_660,MicroCap,,MicroAsset,Australia,,FairValue
comp_661,MicroCap,VeryLowRevenue,MicroAsset,Australia,HighTurnover,HighValue
comp_662,MicroCap,,MicroAsset,Australia,,HighValue
comp_663,MicroCap,,MicroAsset,Australia,,LowValue
comp_664,MicroCap,VeryLowRevenue,MicroAsset,Australia,LowTurnover,HighValue
comp_665,MicroCap,,MicroAsset,Australia,,FairValue
comp_666,MicroCap,,MicroAsset,Australia,,FairValue
comp_667,MicroCap,VeryLowRevenue,MicroAsset,Australia,LowTurnover,HighValue
comp_668,MicroCap,,MicroAsset,Australia,,HighValue
comp_669,MicroCap,,MicroAsset,Australia,,HighValue
comp_670,MicroCap,VeryLowRevenue,MicroAsset,Australia,LowTurnover,LowValue
comp_671,MicroCap,VeryLowRevenue,MicroAsset,Australia,LowTurnover,LowValue
comp_672,MicroCap,VeryLowRevenue,MicroAsset,Australia,LowTurnover,FairValue
comp_673,MicroCap,,MicroAsset,Australia,,LowValue
comp_674,MicroCap,VeryLowRevenue,MicroAsset,Australia,LowTurnover,LowValue
comp_675,MicroCap,VeryLowRevenue,MicroAsset,Australia,LowTurnover,HighValue
comp_676,MicroCap,,MicroAsset,Australia,,FairValue
comp_677,MicroCap,,MicroAsset,Australia,,FairValue
comp_678,MicroCap,,MicroAsset,Australia,,LowValue
comp_679,MicroCap,,MicroAsset,Australia,,FairValue
comp_680,MicroCap,,MicroAsset,Australia,,FairValue
comp_681,MicroCap,,MicroAsset,Australia,,LowValue
comp_682,MicroCap,,MicroAsset,Australia,,FairValue
comp_683,MicroCap,,MicroAsset,Australia,,HighValue
comp_684,MicroCap,VeryLowRevenue,MicroAsset,Australia,LowTurnover,HighValue
comp_685,MicroCap,,MicroAsset,Australia,,FairValue
comp_686,MicroCap,,MicroAsset,Australia,,FairValue
comp_687,MicroCap,VeryLowRevenue,MicroAsset,Australia,LowTurnover,LowValue
comp_688,MicroCap,VeryLowRevenue,MicroAsset,Australia,LowTurnover,HighValue
comp_689,MicroCap,,MicroAsset,Australia,,FairValue
comp_690,MicroCap,VeryLowRevenue,MicroAsset,Australia,LowTurnover,FairValue
comp_691,MicroCap,VeryLowRevenue,MicroAsset,Australia,LowTurnover,HighValue
comp_692,MicroCap,VeryLowRevenue,MicroAsset,Australia,LowTurnover,LowValue
comp_693,MicroCap,VeryLowRevenue,MicroAsset,Australia,LowTurnover,HighValue
comp_694,MicroCap,VeryLowRevenue,MicroAsset,Australia,LowTurnover,LowValue
comp_695,MicroCap,VeryLowRevenue,MicroAsset,Australia,LowTurnover,LowValue
comp_696,MicroCap,,LightAsset,Australia,,LowValue
comp_697,MicroCap,,MicroAsset,Australia,,HighValue
comp_698,MicroCap,VeryLowRevenue,MicroAsset,Australia,LowTurnover,FairValue
comp_699,MicroCap,VeryLowRevenue,MicroAsset,Australia,LowTurnover,LowValue
comp_700,MicroCap,,MicroAsset,Australia,,LowValue
comp_701,MicroCap,VeryLowRevenue,MicroAsset,Australia,LowTurnover,LowValue
comp_702,MicroCap,,MicroAsset,Australia,,HighValue
comp_703,MicroCap,,MicroAsset,Australia,,LowValue
comp_704,MicroCap,,MicroAsset,Australia,,HighValue
comp_705,MicroCap,,MicroAsset,Australia,,HighValue
comp_706,MicroCap,,MicroAsset,Australia,,LowValue
comp_707,MicroCap,VeryLowRevenue,MicroAsset,Australia,LowTurnover,LowValue
comp_708,MicroCap,,MicroAsset,Australia,,HighValue
comp_709,MicroCap,,MicroAsset,Australia,,LowValue
comp_710,MicroCap,,MicroAsset,Australia,,LowValue
comp_711,MicroCap,,MicroAsset,Australia,,LowValue
comp_712,MicroCap,VeryLowRevenue,MicroAsset,Australia,LowTurnover,HighValue
comp_713,MicroCap,,MicroAsset,Australia,,LowValue
comp_714,MicroCap,VeryLowRevenue,MicroAsset,Australia,LowTurnover,HighValue
comp_715,MicroCap,,MicroAsset,Australia,,FairValue
comp_716,MicroCap,,,Australia,,
comp_717,MicroCap,VeryLowRevenue,MicroAsset,Australia,LowTurnover,FairValue
comp_718,MicroCap,,MicroAsset,Australia,,FairValue
comp_719,MicroCap,,MicroAsset,Australia,,LowValue
comp_720,MicroCap,,MicroAsset,Australia,,LowValue
comp_721,MicroCap,VeryLowRevenue,MicroAsset,Australia,LowTurnover,LowValue
comp_722,MicroCap,,MicroAsset,Australia,,FairValue
comp_723,MicroCap,VeryLowRevenue,MicroAsset,Australia,LowTurnover,LowValue
comp_724,MicroCap,VeryLowRevenue,MicroAsset,Australia,LowTurnover,LowValue
comp_725,MicroCap,VeryLowRevenue,MicroAsset,Australia,LowTurnover,LowValue
comp_726,MicroCap,VeryLowRevenue,MicroAsset,Australia,LowTurnover,LowValue
comp_727,MicroCap,,MicroAsset,Australia,,FairValue
comp_728,MicroCap,,MicroAsset,Australia,,FairValue
comp_729,MicroCap,,MicroAsset,Australia,,HighValue
comp_730,MicroCap,LowRevenue,MicroAsset,Australia,HighTurnover,LowValue
comp_731,MicroCap,,MicroAsset,Australia,,LowValue
comp_732,MicroCap,,MicroAsset,Australia,,LowValue
comp_733,MicroCap,,MicroAsset,Australia,,LowValue
comp_734,MicroCap,VeryLowRevenue,MicroAsset,Australia,LowTurnover,FairValue
comp_735,MicroCap,,MicroAsset,Australia,,LowValue
comp_736,MicroCap,,MicroAsset,Australia,,FairValue
comp_737,MicroCap,,MicroAsset,Australia,,LowValue
comp_738,MicroCap,LowRevenue,MicroAsset,Australia,HighTurnover,LowValue
comp_739,MicroCap,VeryLowRevenue,MicroAsset,Australia,LowTurnover,HighValue
comp_740,MicroCap,,MicroAsset,Australia,,FairValue
comp_741,MicroCap,VeryLowRevenue,MicroAsset,Australia,LowTurnover,FairValue
comp_742,MicroCap,VeryLowRevenue,MicroAsset,Australia,LowTurnover,LowValue
comp_743,MicroCap,,MicroAsset,Australia,,FairValue
comp_744,MicroCap,,MicroAsset,Australia,,FairValue
comp_745,MicroCap,VeryLowRevenue,MicroAsset,Australia,LowTurnover,FairValue
comp_746,MicroCap,VeryLowRevenue,MicroAsset,Australia,LowTurnover,LowValue
comp_747,MicroCap,,MicroAsset,Australia,,LowValue
comp_748,MicroCap,,MicroAsset,Australia,,LowValue
comp_749,MicroCap,VeryLowRevenue,MicroAsset,Australia,LowTurnover,LowValue
comp_750,MicroCap,,MicroAsset,Australia,,LowValue
comp_751,MicroCap,,MicroAsset,Australia,,LowValue
comp_752,MicroCap,,MicroAsset,Australia,,FairValue
comp_753,MicroCap,,MicroAsset,Australia,,HighValue
comp_754,MicroCap,,MicroAsset,Australia,,LowValue
comp_755,MicroCap,VeryLowRevenue,MicroAsset,Australia,LowTurnover,FairValue
comp_756,MicroCap,,MicroAsset,Australia,,LowValue
comp_757,MicroCap,,MicroAsset,Australia,,LowValue
comp_758,MicroCap,VeryLowRevenue,MicroAsset,Australia,LowTurnover,LowValue
comp_759,MicroCap,,MicroAsset,Australia,,LowValue
comp_760,MicroCap,,MicroAsset,Australia,,LowValue
comp_761,MicroCap,VeryLowRevenue,MicroAsset,Australia,LowTurnover,LowValue
comp_762,MicroCap,,MicroAsset,Australia,,LowValue
comp_763,MicroCap,,MicroAsset,Australia,,HighValue
comp_764,MegaCap,HighRevenue,HeavyAsset,North_America,MidTurnover,HighValue
comp_765,MegaCap,HighRevenue,HeavyAsset,North_America,MidTurnover,HighValue
comp_766,MegaCap,HighRevenue,LargeAsset,North_America,MidTurnover,HighValue
comp_767,MegaCap,HighRevenue,HeavyAsset,North_America,MidTurnover,FairValue
comp_768,MegaCap,HighRevenue,LargeAsset,North_America,HighTurnover,HighValue
comp_769,MegaCap,HighRevenue,MidAsset,North_America,HighTurnover,HighValue
comp_770,LargeCap,HighRevenue,HeavyAsset,North_America,HighTurnover,FairValue
comp_771,LargeCap,HighRevenue,LargeAsset,North_America,HighTurnover,FairValue
comp_772,LargeCap,HighRevenue,LargeAsset,North_America,HighTurnover,HighValue
comp_773,LargeCap,HighRevenue,LargeAsset,North_America,HighTurnover,HighValue
comp_774,LargeCap,HighRevenue,LargeAsset,North_America,HighTurnover,HighValue
comp_775,LargeCap,HighRevenue,LargeAsset,North_America,HighTurnover,FairValue
comp_776,LargeCap,MidRevenue,MidAsset,North_America,LowTurnover,HighValue
comp_777,LargeCap,UpperRevenue,MidAsset,North_America,LowTurnover,HighValue
comp_778,LargeCap,UpperRevenue,MidAsset,North_America,MidTurnover,HighValue
comp_779,LargeCap,UpperRevenue,MidAsset,North_America,HighTurnover,HighValue
comp_780,LargeCap,UpperRevenue,MidAsset,North_America,MidTurnover,HighValue
comp_781,LargeCap,UpperRevenue,MidAsset,North_America,HighTurnover,HighValue
comp_782,LargeCap,UpperRevenue,MidAsset,North_America,HighTurnover,HighValue
comp_783,LargeCap,UpperRevenue,MidAsset,North_America,HighTurnover,HighValue
comp_784,LargeCap,HighRevenue,LargeAsset,North_America,HighTurnover,FairValue
comp_785,LargeCap,HighRevenue,LargeAsset,North_America,MidTurnover,LowValue
comp_786,LargeCap,UpperRevenue,MidAsset,North_America,HighTurnover,HighValue
comp_787,LargeCap,UpperRevenue,MidAsset,North_America,HighTurnover,HighValue
comp_788,LargeCap,UpperRevenue,MidAsset,North_America,LowTurnover,HighValue
comp_789,LargeCap,HighRevenue,LargeAsset,North_America,HighTurnover,FairValue
comp_790,LargeCap,UpperRevenue,MidAsset,North_America,HighTurnover,HighValue
comp_791,MidCap,HighRevenue,LargeAsset,North_America,HighTurnover,FairValue
comp_792,MidCap,HighRevenue,LargeAsset,North_America,HighTurnover,LowValue
comp_793,MidCap,MidRevenue,MidAsset,North_America,MidTurnover,HighValue
comp_794,MidCap,UpperRevenue,LargeAsset,North_America,MidTurnover,FairValue
comp_795,MidCap,UpperRevenue,MidAsset,North_America,HighTurnover,FairValue
comp_796,MidCap,UpperRevenue,MidAsset,North_America,MidTurnover,FairValue
comp_797,MidCap,UpperRevenue,MidAsset,North_America,LowTurnover,FairValue
comp_798,MidCap,UpperRevenue,MidAsset,North_America,HighTurnover,HighValue
comp_799,MidCap,UpperRevenue,MidAsset,North_America,MidTurnover,FairValue
comp_800,MidCap,MidRevenue,LightAsset,North_America,LowTurnover,HighValue
comp_801,MidCap,MidRevenue,MidAsset,North_America,MidTurnover,HighValue
comp_802,MidCap,UpperRevenue,MidAsset,North_America,HighTurnover,LowValue
comp_803,MidCap,UpperRevenue,MidAsset,North_America,MidTurnover,FairValue
comp_804,MidCap,MidRevenue,MidAsset,North_America,MidTurnover,HighValue
comp_805,MidCap,UpperRevenue,MidAsset,North_America,HighTurnover,HighValue
comp_806,MidCap,UpperRevenue,MidAsset,North_America,MidTurnover,LowValue
comp_807,MidCap,UpperRevenue,MidAsset,North_America,HighTurnover,FairValue
comp_808,MidCap,UpperRevenue,MidAsset,North_America,HighTurnover,HighValue
comp_809,MidCap,UpperRevenue,MidAsset,North_America,HighTurnover,FairValue
comp_810,MidCap,,LightAsset,North_America,,HighValue
comp_811,MidCap,UpperRevenue,MidAsset,North_America,HighTurnover,FairValue
comp_812,MidCap,UpperRevenue,MidAsset,North_America,HighTurnover,FairValue
comp_813,MidCap,UpperRevenue,MidAsset,North_America,LowTurnover,LowValue
comp_814,MidCap,VeryLowRevenue,LightAsset,North_America,LowTurnover,HighValue
comp_815,SmallCap,UpperRevenue,MidAsset,North_America,HighTurnover,LowValue
comp_816,SmallCap,UpperRevenue,MidAsset,North_America,HighTurnover,FairValue
comp_817,SmallCap,UpperRevenue,MidAsset,North_America,MidTurnover,FairValue
comp_818,SmallCap,LowRevenue,MicroAsset,North_America,MidTurnover,HighValue
comp_819,SmallCap,MidRevenue,LightAsset,North_America,HighTurnover,HighValue
comp_820,SmallCap,UpperRevenue,MidAsset,North_America,MidTurnover,LowValue
comp_821,SmallCap,UpperRevenue,MidAsset,North_America,MidTurnover,LowValue
comp_822,SmallCap,MidRevenue,LightAsset,North_America,MidTurnover,FairValue
comp_823,SmallCap,UpperRevenue,MidAsset,North_America,HighTurnover,LowValue
comp_824,SmallCap,UpperRevenue,MidAsset,North_America,HighTurnover,LowValue
comp_825,SmallCap,UpperRevenue,MidAsset,North_America,HighTurnover,LowValue
comp_826,SmallCap,HighRevenue,MidAsset,North_America,HighTurnover,LowValue
comp_827,SmallCap,LowRevenue,LightAsset,North_America,LowTurnover,HighValue
comp_828,SmallCap,,MicroAsset,North_America,,HighValue
comp_829,SmallCap,,MicroAsset,North_America,,HighValue
comp_830,SmallCap,,LightAsset,North_America,,HighValue
comp_831,SmallCap,UpperRevenue,MidAsset,North_America,MidTurnover,LowValue
comp_832,SmallCap,MidRevenue,LightAsset,North_America,MidTurnover,FairValue
comp_833,SmallCap,,LightAsset,North_America,,HighValue
comp_834,SmallCap,VeryLowRevenue,LightAsset,North_America,LowTurnover,HighValue
comp_835,SmallCap,,,North_America,,
comp_836,SmallCap,,MicroAsset,North_America,,HighValue
comp_837,SmallCap,LowRevenue,MicroAsset,North_America,MidTurnover,HighValue
comp_838,SmallCap,MidRevenue,LightAsset,North_America,HighTurnover,HighValue
comp_839,SmallCap,UpperRevenue,MidAsset,North_America,HighTurnover,LowValue
comp_840,SmallCap,UpperRevenue,MidAsset,North_America,HighTurnover,LowValue
comp_841,SmallCap,MidRevenue,MidAsset,North_America,MidTurnover,LowValue
comp_842,SmallCap,MidRevenue,LightAsset,North_America,HighTurnover,HighValue
comp_843,SmallCap,,LightAsset,North_America,,HighValue
comp_844,SmallCap,,LightAsset,North_America,,HighValue
comp_845,SmallCap,UpperRevenue,LightAsset,North_America,HighTurnover,FairValue
comp_846,SmallCap,MidRevenue,MidAsset,North_America,MidTurnover,LowValue
comp_847,SmallCap,UpperRevenue,LightAsset,North_America,HighTurnover,LowValue
comp_848,SmallCap,,LightAsset,North_America,,HighValue
comp_849,SmallCap,,MicroAsset,North_America,,HighValue
comp_850,SmallCap,UpperRevenue,MidAsset,North_America,MidTurnover,LowValue
comp_851,SmallCap,VeryLowRevenue,LightAsset,North_America,LowTurnover,FairValue
comp_852,SmallCap,,MicroAsset,North_America,,HighValue
comp_853,SmallCap,MidRevenue,LightAsset,North_America,MidTurnover,FairValue
comp_854,SmallCap,,LightAsset,North_America,,HighValue
comp_855,MicroCap,LowRevenue,MicroAsset,North_America,LowTurnover,HighValue
comp_856,MicroCap,MidRevenue,LightAsset,North_America,HighTurnover,LowValue
comp_857,MicroCap,MidRevenue,LightAsset,North_America,HighTurnover,FairValue
comp_858,MicroCap,MidRevenue,LightAsset,North_America,HighTurnover,FairValue
comp_859,MicroCap,MidRevenue,LightAsset,North_America,HighTurnover,HighValue
comp_860,MicroCap,MidRevenue,LightAsset,North_America,HighTurnover,LowValue
comp_861,MicroCap,,MicroAsset,North_America,,HighValue
comp_862,MicroCap,MidRevenue,LightAsset,North_America,HighTurnover,LowValue
comp_863,MicroCap,VeryLowRevenue,LightAsset,North_America,LowTurnover,FairValue
comp_864,MicroCap,,,North_America,,
comp_865,MicroCap,VeryLowRevenue,MicroAsset,North_America,LowTurnover,HighValue
comp_866,MicroCap,VeryLowRevenue,MicroAsset,North_America,LowTurnover,HighValue
comp_867,MicroCap,MidRevenue,LightAsset,North_America,HighTurnover,FairValue
comp_868,MicroCap,MidRevenue,LightAsset,North_America,HighTurnover,LowValue
comp_869,MicroCap,LowRevenue,LightAsset,North_America,MidTurnover,FairValue
comp_870,MicroCap,LowRevenue,LightAsset,North_America,LowTurnover,FairValue
comp_871,MicroCap,,MicroAsset,North_America,,HighValue
comp_872,MicroCap,MidRevenue,LightAsset,North_America,HighTurnover,LowValue
comp_873,MicroCap,,MicroAsset,North_America,,HighValue
comp_874,MicroCap,,LightAsset,North_America,,FairValue
comp_875,MicroCap,,MicroAsset,North_America,,HighValue
comp_876,MicroCap,,,North_America,,
comp_877,MicroCap,VeryLowRevenue,MicroAsset,North_America,LowTurnover,HighValue
comp_878,MicroCap,VeryLowRevenue,LightAsset,North_America,LowTurnover,LowValue
comp_879,MicroCap,,MicroAsset,North_America,,HighValue
comp_880,MicroCap,,LightAsset,North_America,,LowValue
comp_881,MicroCap,,MicroAsset,North_America,,HighValue
comp_882,MicroCap,LowRevenue,MicroAsset,North_America,HighTurnover,HighValue
comp_883,MicroCap,LowRevenue,MicroAsset,North_America,HighTurnover,HighValue
comp_884,MicroCap,VeryLowRevenue,MicroAsset,North_America,LowTurnover,FairValue
comp_885,MicroCap,LowRevenue,MicroAsset,North_America,HighTurnover,FairValue
comp_886,MicroCap,VeryLowRevenue,MicroAsset,North_America,LowTurnover,HighValue
comp_887,MicroCap,MidRevenue,LightAsset,North_America,MidTurnover,LowValue
comp_888,MicroCap,VeryLowRevenue,MicroAsset,North_America,LowTurnover,HighValue
comp_889,MicroCap,,,North_America,,
comp_890,MicroCap,,MicroAsset,North_America,,HighValue
comp_891,MicroCap,VeryLowRevenue,MicroAsset,North_America,LowTurnover,HighValue
comp_892,MicroCap,LowRevenue,MicroAsset,North_America,HighTurnover,FairValue
comp_893,MicroCap,,MicroAsset,North_America,,HighValue
comp_894,MicroCap,,MicroAsset,North_America,,FairValue
comp_895,MicroCap,,MicroAsset,North_America,,HighValue
comp_896,MicroCap,MidRevenue,LightAsset,North_America,MidTurnover,LowValue
comp_897,MicroCap,LowRevenue,,North_America,,
comp_898,MicroCap,,,North_America,,
comp_899,MicroCap,,MicroAsset,North_America,,HighValue
comp_900,MicroCap,,MicroAsset,North_America,,HighValue
comp_901,MicroCap,VeryLowRevenue,MicroAsset,North_America,LowTurnover,HighValue
comp_902,MicroCap,,,North_America,,
comp_903,MicroCap,VeryLowRevenue,MicroAsset,North_America,HighTurnover,HighValue
comp_904,MicroCap,LowRevenue,LightAsset,North_America,MidTurnover,LowValue
comp_905,MicroCap,,MicroAsset,North_America,,HighValue
comp_906,MicroCap,,MicroAsset,North_America,,HighValue
comp_907,MicroCap,VeryLowRevenue,MicroAsset,North_America,MidTurnover,HighValue
comp_908,MicroCap,LowRevenue,MicroAsset,North_America,HighTurnover,LowValue
comp_909,MicroCap,,MicroAsset,North_America,,LowValue
comp_910,MicroCap,,,North_America,,
comp_911,MicroCap,,,North_America,,
comp_912,MicroCap,,MicroAsset,North_America,,FairValue
comp_913,MicroCap,VeryLowRevenue,MicroAsset,North_America,LowTurnover,LowValue
comp_914,MicroCap,,,North_America,,
comp_915,MicroCap,,,North_America,,
comp_916,MicroCap,,MicroAsset,North_America,,HighValue
comp_917,MicroCap,,MicroAsset,North_America,,HighValue
comp_918,MicroCap,,MicroAsset,North_America,,FairValue
comp_919,MicroCap,,MicroAsset,North_America,,HighValue
comp_920,MicroCap,,MicroAsset,North_America,,HighValue
comp_921,MicroCap,,,North_America,,
comp_922,MicroCap,,,North_America,,
comp_923,MicroCap,LowRevenue,MicroAsset,North_America,MidTurnover,LowValue
comp_924,MicroCap,,MicroAsset,North_America,,HighValue
comp_925,MicroCap,,,North_America,,
comp_926,MicroCap,,MicroAsset,North_America,,HighValue
comp_927,MicroCap,VeryLowRevenue,MicroAsset,North_America,HighTurnover,HighValue
comp_928,MicroCap,,MicroAsset,North_America,,HighValue
comp_929,MicroCap,,,North_America,,
comp_930,MicroCap,VeryLowRevenue,MicroAsset,North_America,MidTurnover,HighValue
comp_931,MicroCap,,,North_America,,
comp_932,MicroCap,VeryLowRevenue,MicroAsset,North_America,HighTurnover,FairValue
comp_933,MicroCap,,LightAsset,North_America,,LowValue
comp_934,MicroCap,,MicroAsset,North_America,,HighValue
comp_935,MicroCap,,MicroAsset,North_America,,HighValue
comp_936,MicroCap,VeryLowRevenue,MicroAsset,North_America,HighTurnover,HighValue
comp_937,MicroCap,,,North_America,,
comp_938,MicroCap,,,North_America,,
comp_939,MicroCap,,,North_America,,
comp_940,MicroCap,LowRevenue,MicroAsset,North_America,HighTurnover,LowValue
comp_941,MicroCap,VeryLowRevenue,MicroAsset,North_America,LowTurnover,LowValue
comp_942,MicroCap,,MicroAsset,North_America,,HighValue
comp_943,MicroCap,VeryLowRevenue,MicroAsset,North_America,LowTurnover,LowValue
comp_944,MicroCap,,,North_America,,
comp_945,MicroCap,VeryLowRevenue,MicroAsset,North_America,LowTurnover,FairValue
comp_946,MicroCap,,,North_America,,
comp_947,MicroCap,,MicroAsset,North_America,,LowValue
comp_948,MicroCap,,,North_America,,
comp_949,MicroCap,,,North_America,,
comp_950,MicroCap,VeryLowRevenue,MicroAsset,North_America,HighTurnover,LowValue
comp_951,MicroCap,MidRevenue,MicroAsset,North_America,HighTurnover,LowValue
comp_952,MicroCap,,,North_America,,
comp_953,MicroCap,,MicroAsset,North_America,,HighValue
comp_954,MicroCap,,MicroAsset,North_America,,FairValue
comp_955,MicroCap,,,North_America,,
comp_956,MicroCap,,,North_America,,
comp_957,MicroCap,,,North_America,,
comp_958,MicroCap,,,North_America,,
comp_959,MicroCap,,,North_America,,
comp_960,MicroCap,,MicroAsset,North_America,,LowValue
comp_961,MicroCap,,,North_America,,
comp_962,MicroCap,VeryLowRevenue,MicroAsset,North_America,HighTurnover,LowValue
comp_963,MicroCap,,,North_America,,
comp_964,MicroCap,,,North_America,,
comp_965,MicroCap,,MicroAsset,North_America,,LowValue
comp_966,MicroCap,,,North_America,,
comp_967,MicroCap,,MicroAsset,North_America,,LowValue
comp_968,MicroCap,,MicroAsset,North_America,,LowValue
comp_969,MicroCap,VeryLowRevenue,MicroAsset,North_America,HighTurnover,FairValue
comp_970,MicroCap,VeryLowRevenue,MicroAsset,North_America,LowTurnover,LowValue
comp_971,MicroCap,,MicroAsset,North_America,,FairValue
comp_972,MicroCap,,,North_America,,
comp_973,MicroCap,,,North_America,,
comp_974,MicroCap,,,North_America,,
comp_975,MicroCap,,MicroAsset,North_America,,LowValue
comp_976,MicroCap,LowRevenue,MicroAsset,North_America,LowTurnover,LowValue
comp_977,MicroCap,,,North_America,,
comp_978,MicroCap,,MicroAsset,North_America,,LowValue
comp_979,MicroCap,,,North_America,,
comp_980,MicroCap,,,North_America,,
comp_981,MicroCap,,MicroAsset,North_America,,LowValue
comp_982,MicroCap,,MicroAsset,North_America,,LowValue
comp_983,MicroCap,,,North_America,,
comp_984,MicroCap,,,North_America,,
comp_985,MicroCap,VeryLowRevenue,MicroAsset,North_America,MidTurnover,LowValue
comp_986,MicroCap,VeryLowRevenue,MicroAsset,North_America,HighTurnover,LowValue
comp_987,MicroCap,,,North_America,,
comp_988,MicroCap,VeryLowRevenue,MicroAsset,North_America,HighTurnover,LowValue
comp_989,MicroCap,,,North_America,,
comp_990,MicroCap,,,North_America,,
comp_991,MicroCap,VeryLowRevenue,MicroAsset,North_America,HighTurnover,LowValue
comp_992,MicroCap,,,North_America,,
comp_993,MicroCap,,,North_America,,
comp_994,MicroCap,,MicroAsset,North_America,,LowValue
comp_995,MicroCap,,MicroAsset,North_America,,LowValue
comp_996,MicroCap,,MicroAsset,North_America,,LowValue
comp_997,MicroCap,,MicroAsset,North_America,,LowValue
comp_998,MicroCap,,,North_America,,
comp_999,MicroCap,,,North_America,,
comp_1000,MicroCap,,MicroAsset,North_America,,LowValue
comp_1001,MicroCap,,,North_America,,
comp_1002,MicroCap,,,North_America,,
comp_1003,MicroCap,,MicroAsset,North_America,,LowValue
comp_1004,MicroCap,,MicroAsset,North_America,,LowValue
comp_1005,MicroCap,,MicroAsset,North_America,,LowValue
comp_1006,MicroCap,,MicroAsset,North_America,,LowValue
comp_1007,MicroCap,,,North_America,,
comp_1008,MicroCap,,,North_America,,
comp_1009,MicroCap,,,North_America,,
comp_1010,MicroCap,,MicroAsset,North_America,,LowValue
comp_1011,MicroCap,,,North_America,,
comp_1012,MicroCap,,,North_America,,
comp_1013,MicroCap,,,North_America,,
comp_1014,MicroCap,,MicroAsset,North_America,,LowValue
comp_1015,MegaCap,HighRevenue,HeavyAsset,Asia,MidTurnover,FairValue
comp_1016,MegaCap,HighRevenue,HeavyAsset,Asia,MidTurnover,HighValue
comp_1017,MegaCap,HighRevenue,LargeAsset,Asia,HighTurnover,FairValue
comp_1018,LargeCap,HighRevenue,HeavyAsset,Asia,MidTurnover,FairValue
comp_1019,LargeCap,HighRevenue,HeavyAsset,Asia,MidTurnover,FairValue
comp_1020,LargeCap,HighRevenue,HeavyAsset,Asia,LowTurnover,LowValue
comp_1021,LargeCap,HighRevenue,LargeAsset,Asia,MidTurnover,FairValue
comp_1022,LargeCap,HighRevenue,LargeAsset,Asia,MidTurnover,FairValue
comp_1023,LargeCap,UpperRevenue,LargeAsset,Asia,MidTurnover,HighValue
comp_1024,LargeCap,HighRevenue,HeavyAsset,Asia,HighTurnover,LowValue
comp_1025,LargeCap,HighRevenue,HeavyAsset,Asia,MidTurnover,LowValue
comp_1026,LargeCap,UpperRevenue,LargeAsset,Asia,MidTurnover,HighValue
comp_1027,LargeCap,HighRevenue,HeavyAsset,Asia,MidTurnover,LowValue
comp_1028,LargeCap,HighRevenue,LargeAsset,Asia,HighTurnover,LowValue
comp_1029,LargeCap,HighRevenue,HeavyAsset,Asia,MidTurnover,LowValue
comp_1030,LargeCap,HighRevenue,LargeAsset,Asia,MidTurnover,FairValue
comp_1031,LargeCap,HighRevenue,HeavyAsset,Asia,MidTurnover,LowValue
comp_1032,LargeCap,HighRevenue,LargeAsset,Asia,MidTurnover,LowValue
comp_1033,LargeCap,HighRevenue,HeavyAsset,Asia,MidTurnover,LowValue
comp_1034,LargeCap,UpperRevenue,LargeAsset,Asia,LowTurnover,FairValue
comp_1035,LargeCap,HighRevenue,LargeAsset,Asia,HighTurnover,HighValue
comp_1036,LargeCap,UpperRevenue,LargeAsset,Asia,LowTurnover,HighValue
comp_1037,LargeCap,HighRevenue,HeavyAsset,Asia,MidTurnover,LowValue
comp_1038,LargeCap,HighRevenue,LargeAsset,Asia,MidTurnover,LowValue
comp_1039,LargeCap,HighRevenue,LargeAsset,Asia,HighTurnover,LowValue
comp_1040,LargeCap,HighRevenue,HeavyAsset,Asia,MidTurnover,LowValue
comp_1041,LargeCap,UpperRevenue,MidAsset,Asia,MidTurnover,HighValue
comp_1042,LargeCap,HighRevenue,HeavyAsset,Asia,MidTurnover,LowValue
comp_1043,LargeCap,UpperRevenue,LargeAsset,Asia,LowTurnover,FairValue
comp_1044,LargeCap,HighRevenue,MidAsset,Asia,HighTurnover,HighValue
comp_1045,LargeCap,UpperRevenue,LargeAsset,Asia,LowTurnover,LowValue
comp_1046,LargeCap,UpperRevenue,LargeAsset,Asia,MidTurnover,LowValue
comp_1047,LargeCap,HighRevenue,LargeAsset,Asia,HighTurnover,LowValue
comp_1048,LargeCap,UpperRevenue,MidAsset,Asia,MidTurnover,HighValue
comp_1049,LargeCap,HighRevenue,LargeAsset,Asia,HighTurnover,LowValue
comp_1050,LargeCap,UpperRevenue,MidAsset,Asia,MidTurnover,HighValue
comp_1051,LargeCap,MidRevenue,MidAsset,Asia,MidTurnover,HighValue
comp_1052,LargeCap,UpperRevenue,LargeAsset,Asia,MidTurnover,FairValue
comp_1053,LargeCap,UpperRevenue,LargeAsset,Asia,MidTurnover,FairValue
comp_1054,LargeCap,MidRevenue,MidAsset,Asia,MidTurnover,HighValue
comp_1055,LargeCap,UpperRevenue,MidAsset,Asia,MidTurnover,HighValue
comp_1056,MidCap,HighRevenue,LargeAsset,Asia,HighTurnover,FairValue
comp_1057,MidCap,HighRevenue,HeavyAsset,Asia,MidTurnover,LowValue
comp_1058,MidCap,UpperRevenue,LargeAsset,Asia,MidTurnover,LowValue
comp_1059,MidCap,UpperRevenue,LargeAsset,Asia,MidTurnover,LowValue
comp_1060,MidCap,UpperRevenue,LargeAsset,Asia,MidTurnover,FairValue
comp_1061,MidCap,HighRevenue,LargeAsset,Asia,HighTurnover,FairValue
comp_1062,MidCap,UpperRevenue,LargeAsset,Asia,MidTurnover,FairValue
comp_1063,MidCap,HighRevenue,LargeAsset,Asia,HighTurnover,LowValue
comp_1064,MidCap,UpperRevenue,LargeAsset,Asia,MidTurnover,FairValue
comp_1065,MidCap,UpperRevenue,LargeAsset,Asia,MidTurnover,LowValue
comp_1066,MidCap,UpperRevenue,MidAsset,Asia,HighTurnover,FairValue
comp_1067,MidCap,HighRevenue,LargeAsset,Asia,MidTurnover,LowValue
comp_1068,MidCap,UpperRevenue,MidAsset,Asia,HighTurnover,HighValue
comp_1069,MidCap,MidRevenue,LightAsset,Asia,MidTurnover,HighValue
comp_1070,MidCap,UpperRevenue,MidAsset,Asia,MidTurnover,HighValue
comp_1071,MidCap,UpperRevenue,MidAsset,Asia,MidTurnover,HighValue
comp_1072,MidCap,MidRevenue,MidAsset,Asia,MidTurnover,HighValue
comp_1073,MidCap,HighRevenue,LargeAsset,Asia,MidTurnover,LowValue
comp_1074,MidCap,UpperRevenue,MidAsset,Asia,MidTurnover,FairValue
comp_1075,MidCap,UpperRevenue,MidAsset,Asia,HighTurnover,HighValue
comp_1076,MidCap,UpperRevenue,MidAsset,Asia,MidTurnover,HighValue
comp_1077,MidCap,UpperRevenue,MidAsset,Asia,HighTurnover,FairValue
comp_1078,MidCap,HighRevenue,MidAsset,Asia,HighTurnover,FairValue
comp_1079,MidCap,MidRevenue,LightAsset,Asia,MidTurnover,HighValue
comp_1080,MidCap,HighRevenue,LargeAsset,Asia,HighTurnover,LowValue
comp_1081,MidCap,HighRevenue,LargeAsset,Asia,MidTurnover,LowValue
comp_1082,MidCap,HighRevenue,MidAsset,Asia,HighTurnover,LowValue
comp_1083,MidCap,HighRevenue,LargeAsset,Asia,HighTurnover,LowValue
comp_1084,MidCap,UpperRevenue,MidAsset,Asia,MidTurnover,FairValue
comp_1085,MidCap,UpperRevenue,MidAsset,Asia,LowTurnover,HighValue
comp_1086,MidCap,HighRevenue,LargeAsset,Asia,HighTurnover,LowValue
comp_1087,MidCap,UpperRevenue,MidAsset,Asia,MidTurnover,FairValue
comp_1088,MidCap,HighRevenue,LargeAsset,Asia,HighTurnover,LowValue
comp_1089,MidCap,MidRevenue,LightAsset,Asia,HighTurnover,HighValue
comp_1090,MidCap,UpperRevenue,MidAsset,Asia,HighTurnover,HighValue
comp_1091,MidCap,UpperRevenue,MidAsset,Asia,MidTurnover,HighValue
comp_1092,MidCap,MidRevenue,MidAsset,Asia,MidTurnover,HighValue
comp_1093,MidCap,UpperRevenue,LargeAsset,Asia,LowTurnover,LowValue
comp_1094,MidCap,UpperRevenue,MidAsset,Asia,MidTurnover,LowValue
comp_1095,MidCap,UpperRevenue,MidAsset,Asia,HighTurnover,FairValue
comp_1096,MidCap,HighRevenue,MidAsset,Asia,HighTurnover,LowValue
comp_1097,MidCap,MidRevenue,MidAsset,Asia,MidTurnover,HighValue
comp_1098,MidCap,UpperRevenue,MidAsset,Asia,HighTurnover,HighValue
comp_1099,MidCap,HighRevenue,LargeAsset,Asia,HighTurnover,LowValue
comp_1100,MidCap,HighRevenue,LargeAsset,Asia,HighTurnover,LowValue
comp_1101,MidCap,HighRevenue,HeavyAsset,Asia,MidTurnover,LowValue
comp_1102,MidCap,UpperRevenue,MidAsset,Asia,MidTurnover,LowValue
comp_1103,MidCap,HighRevenue,HeavyAsset,Asia,MidTurnover,LowValue
comp_1104,MidCap,UpperRevenue,MidAsset,Asia,MidTurnover,FairValue
comp_1105,MidCap,UpperRevenue,LargeAsset,Asia,MidTurnover,LowValue
comp_1106,MidCap,UpperRevenue,LargeAsset,Asia,MidTurnover,LowValue
comp_1107,MidCap,UpperRevenue,MidAsset,Asia,MidTurnover,LowValue
comp_1108,MidCap,HighRevenue,LargeAsset,Asia,MidTurnover,LowValue
comp_1109,MidCap,HighRevenue,LargeAsset,Asia,HighTurnover,LowValue
comp_1110,MidCap,UpperRevenue,LargeAsset,Asia,MidTurnover,LowValue
comp_1111,MidCap,UpperRevenue,MidAsset,Asia,MidTurnover,FairValue
comp_1112,MidCap,UpperRevenue,LargeAsset,Asia,MidTurnover,LowValue
comp_1113,MidCap,UpperRevenue,MidAsset,Asia,MidTurnover,FairValue
comp_1114,MidCap,UpperRevenue,MidAsset,Asia,MidTurnover,HighValue
comp_1115,MidCap,HighRevenue,LargeAsset,Asia,HighTurnover,LowValue
comp_1116,MidCap,UpperRevenue,MidAsset,Asia,MidTurnover,LowValue
comp_1117,MidCap,UpperRevenue,MidAsset,Asia,MidTurnover,FairValue
comp_1118,MidCap,UpperRevenue,MidAsset,Asia,MidTurnover,LowValue
comp_1119,MidCap,UpperRevenue,LargeAsset,Asia,MidTurnover,LowValue
comp_1120,MidCap,UpperRevenue,MidAsset,Asia,HighTurnover,FairValue
comp_1121,MidCap,UpperRevenue,MidAsset,Asia,HighTurnover,FairValue
comp_1122,MidCap,UpperRevenue,MidAsset,Asia,HighTurnover,HighValue
comp_1123,MidCap,HighRevenue,LargeAsset,Asia,MidTurnover,LowValue
comp_1124,MidCap,MidRevenue,MidAsset,Asia,LowTurnover,FairValue
comp_1125,MidCap,UpperRevenue,MidAsset,Asia,MidTurnover,LowValue
comp_1126,MidCap,MidRevenue,MidAsset,Asia,LowTurnover,HighValue
comp_1127,MidCap,UpperRevenue,LargeAsset,Asia,MidTurnover,LowValue
comp_1128,MidCap,HighRevenue,MidAsset,Asia,HighTurnover,FairValue
comp_1129,MidCap,HighRevenue,LargeAsset,Asia,MidTurnover,LowValue
comp_1130,MidCap,UpperRevenue,MidAsset,Asia,MidTurnover,HighValue
comp_1131,MidCap,MidRevenue,LightAsset,Asia,HighTurnover,HighValue
comp_1132,MidCap,HighRevenue,LargeAsset,Asia,HighTurnover,LowValue
comp_1133,MidCap,UpperRevenue,MidAsset,Asia,HighTurnover,HighValue
comp_1134,MidCap,MidRevenue,MidAsset,Asia,MidTurnover,HighValue
comp_1135,MidCap,UpperRevenue,MidAsset,Asia,LowTurnover,LowValue
comp_1136,MidCap,UpperRevenue,MidAsset,Asia,MidTurnover,FairValue
comp_1137,MidCap,UpperRevenue,LargeAsset,Asia,LowTurnover,LowValue
comp_1138,MidCap,MidRevenue,LightAsset,Asia,LowTurnover,HighValue
comp_1139,MidCap,UpperRevenue,MidAsset,Asia,MidTurnover,FairValue
comp_1140,MidCap,UpperRevenue,MidAsset,Asia,HighTurnover,HighValue
comp_1141,MidCap,UpperRevenue,MidAsset,Asia,MidTurnover,FairValue
comp_1142,MidCap,MidRevenue,MidAsset,Asia,LowTurnover,FairValue
comp_1143,MidCap,MidRevenue,MidAsset,Asia,LowTurnover,FairValue
comp_1144,MidCap,UpperRevenue,MidAsset,Asia,MidTurnover,LowValue
comp_1145,MidCap,UpperRevenue,MidAsset,Asia,LowTurnover,LowValue
comp_1146,MidCap,UpperRevenue,MidAsset,Asia,HighTurnover,HighValue
comp_1147,MidCap,HighRevenue,MidAsset,Asia,HighTurnover,LowValue
comp_1148,MidCap,UpperRevenue,MidAsset,Asia,HighTurnover,HighValue
comp_1149,MidCap,UpperRevenue,MidAsset,Asia,HighTurnover,LowValue
comp_1150,MidCap,MidRevenue,MidAsset,Asia,MidTurnover,HighValue
comp_1151,MidCap,MidRevenue,MidAsset,Asia,LowTurnover,FairValue
comp_1152,MidCap,MidRevenue,MidAsset,Asia,LowTurnover,HighValue
comp_1153,MidCap,MidRevenue,MidAsset,Asia,LowTurnover,FairValue
comp_1154,MidCap,HighRevenue,LargeAsset,Asia,HighTurnover,LowValue
comp_1155,MidCap,MidRevenue,MidAsset,Asia,MidTurnover,FairValue
comp_1156,MidCap,MidRevenue,MidAsset,Asia,LowTurnover,HighValue
comp_1157,MidCap,HighRevenue,MidAsset,Asia,HighTurnover,LowValue
comp_1158,MidCap,UpperRevenue,MidAsset,Asia,MidTurnover,HighValue
comp_1159,MidCap,UpperRevenue,MidAsset,Asia,HighTurnover,LowValue
comp_1160,MidCap,UpperRevenue,MidAsset,Asia,MidTurnover,FairValue
comp_1161,MidCap,UpperRevenue,MidAsset,Asia,MidTurnover,HighValue
comp_1162,MidCap,MidRevenue,LightAsset,Asia,MidTurnover,HighValue
comp_1163,MidCap,HighRevenue,MidAsset,Asia,HighTurnover,FairValue
comp_1164,MidCap,UpperRevenue,MidAsset,Asia,HighTurnover,LowValue
comp_1165,MidCap,UpperRevenue,MidAsset,Asia,MidTurnover,FairValue
comp_1166,MidCap,UpperRevenue,MidAsset,Asia,MidTurnover,FairValue
comp_1167,MidCap,UpperRevenue,LargeAsset,Asia,MidTurnover,LowValue
comp_1168,MidCap,MidRevenue,MidAsset,Asia,LowTurnover,FairValue
comp_1169,MidCap,MidRevenue,MidAsset,Asia,MidTurnover,HighValue
comp_1170,MidCap,MidRevenue,LightAsset,Asia,MidTurnover,HighValue
comp_1171,MidCap,MidRevenue,MidAsset,Asia,MidTurnover,HighValue
comp_1172,MidCap,UpperRevenue,MidAsset,Asia,MidTurnover,FairValue
comp_1173,MidCap,UpperRevenue,MidAsset,Asia,MidTurnover,FairValue
comp_1174,MidCap,UpperRevenue,MidAsset,Asia,LowTurnover,LowValue
comp_1175,MidCap,UpperRevenue,MidAsset,Asia,MidTurnover,HighValue
comp_1176,MidCap,MidRevenue,MidAsset,Asia,LowTurnover,HighValue
comp_1177,MidCap,UpperRevenue,MidAsset,Asia,MidTurnover,FairValue
comp_1178,MidCap,HighRevenue,LargeAsset,Asia,HighTurnover,LowValue
comp_1179,MidCap,UpperRevenue,MidAsset,Asia,MidTurnover,FairValue
comp_1180,MidCap,HighRevenue,LargeAsset,Asia,HighTurnover,LowValue
comp_1181,MidCap,MidRevenue,MidAsset,Asia,MidTurnover,FairValue
comp_1182,MidCap,MidRevenue,LightAsset,Asia,MidTurnover,HighValue
comp_1183,MidCap,MidRevenue,LightAsset,Asia,MidTurnover,HighValue
comp_1184,MidCap,UpperRevenue,MidAsset,Asia,MidTurnover,LowValue
comp_1185,MidCap,UpperRevenue,MidAsset,Asia,MidTurnover,LowValue
comp_1186,MidCap,MidRevenue,LightAsset,Asia,MidTurnover,HighValue
comp_1187,MidCap,UpperRevenue,LightAsset,Asia,HighTurnover,HighValue
comp_1188,MidCap,UpperRevenue,LargeAsset,Asia,MidTurnover,LowValue
comp_1189,MidCap,HighRevenue,LargeAsset,Asia,HighTurnover,LowValue
comp_1190,MidCap,MidRevenue,LightAsset,Asia,MidTurnover,HighValue
comp_1191,MidCap,UpperRevenue,MidAsset,Asia,MidTurnover,LowValue
comp_1192,MidCap,UpperRevenue,MidAsset,Asia,MidTurnover,LowValue
comp_1193,MidCap,MidRevenue,LightAsset,Asia,MidTurnover,HighValue
comp_1194,MidCap,UpperRevenue,MidAsset,Asia,HighTurnover,LowValue
comp_1195,MidCap,UpperRevenue,MidAsset,Asia,MidTurnover,FairValue
comp_1196,MidCap,UpperRevenue,MidAsset,Asia,MidTurnover,LowValue
comp_1197,MidCap,UpperRevenue,MidAsset,Asia,HighTurnover,LowValue
comp_1198,MidCap,MidRevenue,LightAsset,Asia,MidTurnover,HighValue
comp_1199,MidCap,MidRevenue,LightAsset,Asia,MidTurnover,HighValue
comp_1200,MidCap,MidRevenue,LightAsset,Asia,MidTurnover,HighValue
comp_1201,MidCap,MidRevenue,LightAsset,Asia,MidTurnover,HighValue
comp_1202,MidCap,UpperRevenue,MidAsset,Asia,HighTurnover,LowValue
comp_1203,MidCap,MidRevenue,LightAsset,Asia,MidTurnover,HighValue
comp_1204,MidCap,MidRevenue,LightAsset,Asia,HighTurnover,HighValue
comp_1205,MidCap,HighRevenue,MidAsset,Asia,HighTurnover,FairValue
comp_1206,MidCap,MidRevenue,LightAsset,Asia,LowTurnover,HighValue
comp_1207,MidCap,UpperRevenue,MidAsset,Asia,MidTurnover,LowValue
comp_1208,MidCap,UpperRevenue,MidAsset,Asia,MidTurnover,FairValue
comp_1209,MidCap,UpperRevenue,MidAsset,Asia,HighTurnover,FairValue
comp_1210,MidCap,MidRevenue,LightAsset,Asia,MidTurnover,HighValue
comp_1211,MidCap,MidRevenue,MidAsset,Asia,LowTurnover,LowValue
comp_1212,MidCap,HighRevenue,LargeAsset,Asia,MidTurnover,LowValue
comp_1213,MidCap,MidRevenue,MidAsset,Asia,LowTurnover,HighValue
comp_1214,MidCap,UpperRevenue,MidAsset,Asia,LowTurnover,LowValue
comp_1215,MidCap,MidRevenue,MidAsset,Asia,LowTurnover,FairValue
comp_1216,MidCap,MidRevenue,LightAsset,Asia,MidTurnover,HighValue
comp_1217,MidCap,MidRevenue,MidAsset,Asia,MidTurnover,FairValue
comp_1218,MidCap,UpperRevenue,MidAsset,Asia,MidTurnover,LowValue
comp_1219,MidCap,UpperRevenue,MidAsset,Asia,MidTurnover,LowValue
comp_1220,MidCap,UpperRevenue,MidAsset,Asia,MidTurnover,LowValue
comp_1221,MidCap,UpperRevenue,MidAsset,Asia,MidTurnover,FairValue
comp_1222,MidCap,UpperRevenue,MidAsset,Asia,HighTurnover,HighValue
comp_1223,MidCap,MidRevenue,MidAsset,Asia,MidTurnover,FairValue
comp_1224,MidCap,UpperRevenue,MidAsset,Asia,MidTurnover,FairValue
comp_1225,MidCap,UpperRevenue,MidAsset,Asia,MidTurnover,LowValue
comp_1226,MidCap,UpperRevenue,LargeAsset,Asia,MidTurnover,LowValue
comp_1227,MidCap,UpperRevenue,MidAsset,Asia,MidTurnover,LowValue
comp_1228,MidCap,UpperRevenue,MidAsset,Asia,MidTurnover,FairValue
comp_1229,MidCap,HighRevenue,LargeAsset,Asia,MidTurnover,LowValue
comp_1230,MidCap,UpperRevenue,MidAsset,Asia,HighTurnover,FairValue
comp_1231,MidCap,MidRevenue,LightAsset,Asia,MidTurnover,HighValue
comp_1232,MidCap,UpperRevenue,MidAsset,Asia,MidTurnover,FairValue
comp_1233,MidCap,UpperRevenue,LargeAsset,Asia,HighTurnover,LowValue
comp_1234,MidCap,UpperRevenue,MidAsset,Asia,MidTurnover,LowValue
comp_1235,MidCap,UpperRevenue,MidAsset,Asia,MidTurnover,LowValue
comp_1236,MidCap,UpperRevenue,MidAsset,Asia,HighTurnover,LowValue
comp_1237,MidCap,MidRevenue,LightAsset,Asia,LowTurnover,HighValue
comp_1238,MidCap,MidRevenue,MidAsset,Asia,MidTurnover,FairValue
comp_1239,MidCap,MidRevenue,LightAsset,Asia,MidTurnover,HighValue
comp_1240,MidCap,MidRevenue,LightAsset,Asia,MidTurnover,HighValue
comp_1241,MidCap,UpperRevenue,MidAsset,Asia,MidTurnover,FairValue
comp_1242,MidCap,MidRevenue,LightAsset,Asia,MidTurnover,HighValue
comp_1243,MidCap,HighRevenue,MidAsset,Asia,HighTurnover,LowValue
comp_1244,MidCap,HighRevenue,LargeAsset,Asia,MidTurnover,LowValue
comp_1245,SmallCap,MidRevenue,LightAsset,Asia,HighTurnover,HighValue
comp_1246,SmallCap,MidRevenue,LightAsset,Asia,MidTurnover,HighValue
comp_1247,SmallCap,UpperRevenue,MidAsset,Asia,LowTurnover,LowValue
comp_1248,SmallCap,UpperRevenue,MidAsset,Asia,MidTurnover,LowValue
comp_1249,SmallCap,LowRevenue,LightAsset,Asia,LowTurnover,HighValue
comp_1250,SmallCap,UpperRevenue,MidAsset,Asia,LowTurnover,LowValue
comp_1251,SmallCap,MidRevenue,MidAsset,Asia,MidTurnover,FairValue
comp_1252,SmallCap,LowRevenue,LightAsset,Asia,MidTurnover,HighValue
comp_1253,SmallCap,UpperRevenue,MidAsset,Asia,MidTurnover,LowValue
comp_1254,SmallCap,UpperRevenue,MidAsset,Asia,MidTurnover,LowValue
comp_1255,SmallCap,HighRevenue,MidAsset,Asia,HighTurnover,LowValue
comp_1256,SmallCap,MidRevenue,LightAsset,Asia,LowTurnover,HighValue
comp_1257,SmallCap,MidRevenue,LightAsset,Asia,MidTurnover,HighValue
comp_1258,SmallCap,UpperRevenue,LightAsset,Asia,HighTurnover,HighValue
comp_1259,SmallCap,MidRevenue,MidAsset,Asia,MidTurnover,FairValue
comp_1260,SmallCap,UpperRevenue,MidAsset,Asia,HighTurnover,FairValue
comp_1261,SmallCap,MidRevenue,LightAsset,Asia,MidTurnover,HighValue
comp_1262,SmallCap,MidRevenue,MidAsset,Asia,MidTurnover,FairValue
comp_1263,SmallCap,MidRevenue,MidAsset,Asia,MidTurnover,FairValue
comp_1264,SmallCap,MidRevenue,MidAsset,Asia,MidTurnover,FairValue
comp_1265,SmallCap,MidRevenue,LightAsset,Asia,MidTurnover,HighValue
comp_1266,SmallCap,UpperRevenue,MidAsset,Asia,MidTurnover,LowValue
comp_1267,SmallCap,MidRevenue,LightAsset,Asia,LowTurnover,HighValue
comp_1268,SmallCap,UpperRevenue,MidAsset,Asia,HighTurnover,FairValue
comp_1269,SmallCap,UpperRevenue,LightAsset,Asia,HighTurnover,HighValue
comp_1270,SmallCap,MidRevenue,MidAsset,Asia,LowTurnover,FairValue
comp_1271,SmallCap,UpperRevenue,MidAsset,Asia,HighTurnover,FairValue
comp_1272,SmallCap,HighRevenue,LargeAsset,Asia,MidTurnover,LowValue
comp_1273,SmallCap,MidRevenue,MidAsset,Asia,MidTurnover,FairValue
comp_1274,SmallCap,MidRevenue,LightAsset,Asia,MidTurnover,HighValue
comp_1275,SmallCap,MidRevenue,LightAsset,Asia,HighTurnover,HighValue
comp_1276,SmallCap,MidRevenue,LightAsset,Asia,MidTurnover,HighValue
comp_1277,SmallCap,LowRevenue,LightAsset,Asia,LowTurnover,HighValue
comp_1278,SmallCap,MidRevenue,MidAsset,Asia,MidTurnover,FairValue
comp_1279,SmallCap,UpperRevenue,MidAsset,Asia,HighTurnover,LowValue
comp_1280,SmallCap,MidRevenue,LightAsset,Asia,MidTurnover,HighValue
comp_1281,SmallCap,MidRevenue,LightAsset,Asia,MidTurnover,HighValue
comp_1282,SmallCap,MidRevenue,MidAsset,Asia,LowTurnover,FairValue
comp_1283,SmallCap,MidRevenue,MidAsset,Asia,MidTurnover,LowValue
comp_1284,SmallCap,MidRevenue,MidAsset,Asia,MidTurnover,FairValue
comp_1285,SmallCap,UpperRevenue,MidAsset,Asia,HighTurnover,FairValue
comp_1286,SmallCap,MidRevenue,LightAsset,Asia,MidTurnover,HighValue
comp_1287,SmallCap,MidRevenue,LightAsset,Asia,HighTurnover,HighValue
comp_1288,SmallCap,MidRevenue,LightAsset,Asia,LowTurnover,HighValue
comp_1289,SmallCap,MidRevenue,MidAsset,Asia,LowTurnover,LowValue
comp_1290,SmallCap,MidRevenue,LightAsset,Asia,LowTurnover,HighValue
comp_1291,SmallCap,MidRevenue,MidAsset,Asia,LowTurnover,LowValue
comp_1292,SmallCap,UpperRevenue,LargeAsset,Asia,MidTurnover,LowValue
comp_1293,SmallCap,MidRevenue,MidAsset,Asia,LowTurnover,FairValue
comp_1294,SmallCap,MidRevenue,LightAsset,Asia,MidTurnover,HighValue
comp_1295,SmallCap,MidRevenue,LightAsset,Asia,MidTurnover,HighValue
comp_1296,SmallCap,MidRevenue,MidAsset,Asia,LowTurnover,LowValue
comp_1297,SmallCap,UpperRevenue,MidAsset,Asia,HighTurnover,LowValue
comp_1298,SmallCap,UpperRevenue,MidAsset,Asia,MidTurnover,LowValue
comp_1299,SmallCap,MidRevenue,MidAsset,Asia,MidTurnover,FairValue
comp_1300,SmallCap,UpperRevenue,LargeAsset,Asia,LowTurnover,LowValue
comp_1301,SmallCap,MidRevenue,MidAsset,Asia,MidTurnover,FairValue
comp_1302,SmallCap,MidRevenue,LightAsset,Asia,MidTurnover,FairValue
comp_1303,SmallCap,UpperRevenue,MidAsset,Asia,HighTurnover,LowValue
comp_1304,SmallCap,UpperRevenue,MidAsset,Asia,MidTurnover,LowValue
comp_1305,SmallCap,MidRevenue,LightAsset,Asia,MidTurnover,HighValue
comp_1306,SmallCap,UpperRevenue,MidAsset,Asia,HighTurnover,FairValue
comp_1307,SmallCap,MidRevenue,MidAsset,Asia,MidTurnover,FairValue
comp_1308,SmallCap,UpperRevenue,MidAsset,Asia,MidTurnover,LowValue
comp_1309,SmallCap,UpperRevenue,MidAsset,Asia,MidTurnover,LowValue
comp_1310,SmallCap,UpperRevenue,LargeAsset,Asia,LowTurnover,LowValue
comp_1311,SmallCap,UpperRevenue,MidAsset,Asia,HighTurnover,LowValue
comp_1312,SmallCap,MidRevenue,LightAsset,Asia,MidTurnover,FairValue
comp_1313,SmallCap,UpperRevenue,MidAsset,Asia,HighTurnover,LowValue
comp_1314,SmallCap,UpperRevenue,MidAsset,Asia,MidTurnover,LowValue
comp_1315,SmallCap,MidRevenue,LightAsset,Asia,MidTurnover,HighValue
comp_1316,SmallCap,MidRevenue,MidAsset,Asia,LowTurnover,LowValue
comp_1317,SmallCap,MidRevenue,LightAsset,Asia,LowTurnover,HighValue
comp_1318,SmallCap,MidRevenue,MidAsset,Asia,MidTurnover,FairValue
comp_1319,SmallCap,UpperRevenue,MidAsset,Asia,HighTurnover,LowValue
comp_1320,SmallCap,MidRevenue,LightAsset,Asia,MidTurnover,HighValue
comp_1321,SmallCap,MidRevenue,LightAsset,Asia,HighTurnover,HighValue
comp_1322,SmallCap,UpperRevenue,MidAsset,Asia,MidTurnover,LowValue
comp_1323,SmallCap,MidRevenue,LightAsset,Asia,MidTurnover,HighValue
comp_1324,SmallCap,MidRevenue,LightAsset,Asia,LowTurnover,FairValue
comp_1325,SmallCap,MidRevenue,MidAsset,Asia,LowTurnover,LowValue
comp_1326,SmallCap,MidRevenue,MidAsset,Asia,MidTurnover,LowValue
comp_1327,SmallCap,MidRevenue,MidAsset,Asia,LowTurnover,FairValue
comp_1328,SmallCap,MidRevenue,MidAsset,Asia,MidTurnover,LowValue
comp_1329,SmallCap,MidRevenue,MidAsset,Asia,LowTurnover,FairValue
comp_1330,SmallCap,UpperRevenue,MidAsset,Asia,HighTurnover,LowValue
comp_1331,SmallCap,UpperRevenue,MidAsset,Asia,MidTurnover,LowValue
comp_1332,SmallCap,UpperRevenue,MidAsset,Asia,MidTurnover,LowValue
comp_1333,SmallCap,LowRevenue,LightAsset,Asia,LowTurnover,HighValue
comp_1334,SmallCap,MidRevenue,MidAsset,Asia,MidTurnover,LowValue
comp_1335,SmallCap,MidRevenue,LightAsset,Asia,MidTurnover,FairValue
comp_1336,SmallCap,LowRevenue,LightAsset,Asia,LowTurnover,HighValue
comp_1337,SmallCap,MidRevenue,MidAsset,Asia,LowTurnover,LowValue
comp_1338,SmallCap,MidRevenue,LightAsset,Asia,HighTurnover,FairValue
comp_1339,SmallCap,MidRevenue,LightAsset,Asia,MidTurnover,FairValue
comp_1340,SmallCap,UpperRevenue,MidAsset,Asia,MidTurnover,LowValue
comp_1341,SmallCap,MidRevenue,LightAsset,Asia,LowTurnover,HighValue
comp_1342,SmallCap,MidRevenue,LightAsset,Asia,MidTurnover,HighValue
comp_1343,SmallCap,MidRevenue,LightAsset,Asia,MidTurnover,FairValue
comp_1344,SmallCap,MidRevenue,MidAsset,Asia,MidTurnover,FairValue
comp_1345,SmallCap,LowRevenue,LightAsset,Asia,LowTurnover,HighValue
comp_1346,SmallCap,MidRevenue,LightAsset,Asia,MidTurnover,FairValue
comp_1347,SmallCap,UpperRevenue,LightAsset,Asia,HighTurnover,FairValue
comp_1348,SmallCap,MidRevenue,MidAsset,Asia,MidTurnover,FairValue
comp_1349,SmallCap,UpperRevenue,MidAsset,Asia,HighTurnover,LowValue
comp_1350,SmallCap,MidRevenue,MidAsset,Asia,MidTurnover,LowValue
comp_1351,SmallCap,MidRevenue,LightAsset,Asia,MidTurnover,HighValue
comp_1352,SmallCap,MidRevenue,LightAsset,Asia,MidTurnover,HighValue
comp_1353,SmallCap,LowRevenue,LightAsset,Asia,LowTurnover,HighValue
comp_1354,SmallCap,MidRevenue,MidAsset,Asia,LowTurnover,LowValue
comp_1355,SmallCap,MidRevenue,LightAsset,Asia,MidTurnover,FairValue
comp_1356,SmallCap,MidRevenue,LightAsset,Asia,MidTurnover,FairValue
comp_1357,SmallCap,MidRevenue,MicroAsset,Asia,HighTurnover,HighValue
comp_1358,SmallCap,LowRevenue,LightAsset,Asia,MidTurnover,HighValue
comp_1359,SmallCap,MidRevenue,LightAsset,Asia,MidTurnover,HighValue
comp_1360,SmallCap,MidRevenue,MidAsset,Asia,MidTurnover,LowValue
comp_1361,SmallCap,MidRevenue,LightAsset,Asia,MidTurnover,HighValue
comp_1362,SmallCap,HighRevenue,MidAsset,Asia,HighTurnover,LowValue
comp_1363,SmallCap,UpperRevenue,MidAsset,Asia,HighTurnover,LowValue
comp_1364,SmallCap,MidRevenue,LightAsset,Asia,MidTurnover,HighValue
comp_1365,SmallCap,MidRevenue,LightAsset,Asia,HighTurnover,HighValue
comp_1366,SmallCap,UpperRevenue,MidAsset,Asia,HighTurnover,LowValue
comp_1367,SmallCap,UpperRevenue,MidAsset,Asia,MidTurnover,LowValue
comp_1368,SmallCap,LowRevenue,MidAsset,Asia,LowTurnover,LowValue
comp_1369,SmallCap,MidRevenue,LightAsset,Asia,MidTurnover,HighValue
comp_1370,SmallCap,MidRevenue,LightAsset,Asia,MidTurnover,HighValue
comp_1371,SmallCap,UpperRevenue,MidAsset,Asia,MidTurnover,LowValue
comp_1372,SmallCap,MidRevenue,LightAsset,Asia,MidTurnover,HighValue
comp_1373,SmallCap,MidRevenue,MidAsset,Asia,LowTurnover,LowValue
comp_1374,SmallCap,MidRevenue,MidAsset,Asia,MidTurnover,FairValue
comp_1375,SmallCap,MidRevenue,LightAsset,Asia,MidTurnover,FairValue
comp_1376,SmallCap,MidRevenue,LightAsset,Asia,MidTurnover,HighValue
comp_1377,SmallCap,MidRevenue,LightAsset,Asia,LowTurnover,HighValue
comp_1378,SmallCap,MidRevenue,LightAsset,Asia,MidTurnover,HighValue
comp_1379,SmallCap,UpperRevenue,MidAsset,Asia,MidTurnover,LowValue
comp_1380,SmallCap,LowRevenue,LightAsset,Asia,LowTurnover,FairValue
comp_1381,SmallCap,UpperRevenue,MidAsset,Asia,HighTurnover,LowValue
comp_1382,SmallCap,MidRevenue,MidAsset,Asia,LowTurnover,LowValue
comp_1383,SmallCap,MidRevenue,LightAsset,Asia,MidTurnover,HighValue
comp_1384,SmallCap,MidRevenue,LightAsset,Asia,MidTurnover,FairValue
comp_1385,SmallCap,MidRevenue,LightAsset,Asia,MidTurnover,HighValue
comp_1386,SmallCap,LowRevenue,LightAsset,Asia,MidTurnover,HighValue
comp_1387,SmallCap,MidRevenue,MidAsset,Asia,MidTurnover,FairValue
comp_1388,SmallCap,MidRevenue,MidAsset,Asia,MidTurnover,LowValue
comp_1389,SmallCap,MidRevenue,LightAsset,Asia,MidTurnover,HighValue
comp_1390,SmallCap,LowRevenue,LightAsset,Asia,LowTurnover,FairValue
comp_1391,SmallCap,MidRevenue,LightAsset,Asia,MidTurnover,FairValue
comp_1392,SmallCap,MidRevenue,MidAsset,Asia,LowTurnover,LowValue
comp_1393,SmallCap,MidRevenue,LightAsset,Asia,HighTurnover,FairValue
comp_1394,SmallCap,UpperRevenue,MidAsset,Asia,MidTurnover,LowValue
comp_1395,SmallCap,MidRevenue,MidAsset,Asia,LowTurnover,LowValue
comp_1396,SmallCap,MidRevenue,LightAsset,Asia,HighTurnover,FairValue
comp_1397,SmallCap,MidRevenue,MidAsset,Asia,MidTurnover,FairValue
comp_1398,SmallCap,UpperRevenue,MidAsset,Asia,MidTurnover,LowValue
comp_1399,SmallCap,MidRevenue,LightAsset,Asia,MidTurnover,FairValue
comp_1400,SmallCap,LowRevenue,LightAsset,Asia,LowTurnover,HighValue
comp_1401,SmallCap,MidRevenue,MidAsset,Asia,LowTurnover,LowValue
comp_1402,SmallCap,MidRevenue,LightAsset,Asia,MidTurnover,HighValue
comp_1403,SmallCap,MidRevenue,LightAsset,Asia,MidTurnover,FairValue
comp_1404,SmallCap,MidRevenue,LightAsset,Asia,MidTurnover,FairValue
comp_1405,SmallCap,MidRevenue,LightAsset,Asia,LowTurnover,FairValue
comp_1406,SmallCap,MidRevenue,MidAsset,Asia,LowTurnover,LowValue
comp_1407,SmallCap,LowRevenue,LightAsset,Asia,MidTurnover,HighValue
comp_1408,SmallCap,MidRevenue,LightAsset,Asia,MidTurnover,FairValue
comp_1409,SmallCap,UpperRevenue,LightAsset,Asia,HighTurnover,FairValue
comp_1410,SmallCap,MidRevenue,MidAsset,Asia,LowTurnover,LowValue
comp_1411,SmallCap,UpperRevenue,MidAsset,Asia,MidTurnover,LowValue
comp_1412,SmallCap,MidRevenue,LightAsset,Asia,MidTurnover,FairValue
comp_1413,SmallCap,LowRevenue,LightAsset,Asia,MidTurnover,HighValue
comp_1414,SmallCap,MidRevenue,LightAsset,Asia,HighTurnover,HighValue
comp_1415,SmallCap,UpperRevenue,MidAsset,Asia,LowTurnover,LowValue
comp_1416,SmallCap,MidRevenue,LightAsset,Asia,MidTurnover,FairValue
comp_1417,SmallCap,MidRevenue,LightAsset,Asia,LowTurnover,FairValue
comp_1418,SmallCap,MidRevenue,LightAsset,Asia,MidTurnover,FairValue
comp_1419,SmallCap,MidRevenue,LightAsset,Asia,MidTurnover,HighValue
comp_1420,SmallCap,MidRevenue,MidAsset,Asia,LowTurnover,LowValue
comp_1421,SmallCap,MidRevenue,LightAsset,Asia,MidTurnover,FairValue
comp_1422,SmallCap,MidRevenue,LightAsset,Asia,MidTurnover,FairValue
comp_1423,SmallCap,MidRevenue,MidAsset,Asia,MidTurnover,LowValue
comp_1424,SmallCap,MidRevenue,LightAsset,Asia,MidTurnover,HighValue
comp_1425,SmallCap,MidRevenue,LightAsset,Asia,LowTurnover,FairValue
comp_1426,SmallCap,MidRevenue,LightAsset,Asia,MidTurnover,FairValue
comp_1427,SmallCap,LowRevenue,LightAsset,Asia,MidTurnover,HighValue
comp_1428,SmallCap,MidRevenue,LightAsset,Asia,MidTurnover,HighValue
comp_1429,SmallCap,MidRevenue,LightAsset,Asia,MidTurnover,HighValue
comp_1430,SmallCap,LowRevenue,LightAsset,Asia,LowTurnover,FairValue
comp_1431,SmallCap,MidRevenue,LightAsset,Asia,MidTurnover,FairValue
comp_1432,SmallCap,MidRevenue,LightAsset,Asia,HighTurnover,FairValue
comp_1433,SmallCap,MidRevenue,MidAsset,Asia,MidTurnover,LowValue
comp_1434,SmallCap,LowRevenue,LightAsset,Asia,LowTurnover,HighValue
comp_1435,SmallCap,MidRevenue,MidAsset,Asia,MidTurnover,LowValue
comp_1436,SmallCap,MidRevenue,MidAsset,Asia,MidTurnover,LowValue
comp_1437,SmallCap,LowRevenue,LightAsset,Asia,MidTurnover,HighValue
comp_1438,SmallCap,MidRevenue,MidAsset,Asia,LowTurnover,LowValue
comp_1439,SmallCap,MidRevenue,LightAsset,Asia,MidTurnover,FairValue
comp_1440,SmallCap,UpperRevenue,MidAsset,Asia,HighTurnover,LowValue
comp_1441,SmallCap,MidRevenue,LightAsset,Asia,MidTurnover,HighValue
comp_1442,SmallCap,LowRevenue,LightAsset,Asia,LowTurnover,HighValue
comp_1443,SmallCap,MidRevenue,MidAsset,Asia,LowTurnover,LowValue
comp_1444,SmallCap,MidRevenue,LightAsset,Asia,HighTurnover,FairValue
comp_1445,SmallCap,LowRevenue,LightAsset,Asia,LowTurnover,FairValue
comp_1446,SmallCap,UpperRevenue,MidAsset,Asia,HighTurnover,LowValue
comp_1447,SmallCap,MidRevenue,LightAsset,Asia,MidTurnover,HighValue
comp_1448,SmallCap,MidRevenue,LightAsset,Asia,MidTurnover,FairValue
comp_1449,SmallCap,LowRevenue,LightAsset,Asia,MidTurnover,HighValue
comp_1450,SmallCap,LowRevenue,LightAsset,Asia,LowTurnover,HighValue
comp_1451,SmallCap,UpperRevenue,MidAsset,Asia,MidTurnover,LowValue
comp_1452,SmallCap,MidRevenue,LightAsset,Asia,MidTurnover,HighValue
comp_1453,SmallCap,MidRevenue,MidAsset,Asia,LowTurnover,LowValue
comp_1454,SmallCap,MidRevenue,LightAsset,Asia,MidTurnover,HighValue
comp_1455,SmallCap,MidRevenue,LightAsset,Asia,LowTurnover,FairValue
comp_1456,SmallCap,MidRevenue,LightAsset,Asia,MidTurnover,FairValue
comp_1457,SmallCap,MidRevenue,LightAsset,Asia,LowTurnover,FairValue
comp_1458,SmallCap,LowRevenue,LightAsset,Asia,LowTurnover,HighValue
comp_1459,SmallCap,LowRevenue,LightAsset,Asia,LowTurnover,FairValue
comp_1460,SmallCap,MidRevenue,LightAsset,Asia,MidTurnover,HighValue
comp_1461,SmallCap,LowRevenue,LightAsset,Asia,LowTurnover,HighValue
comp_1462,SmallCap,LowRevenue,LightAsset,Asia,MidTurnover,HighValue
comp_1463,SmallCap,LowRevenue,LightAsset,Asia,MidTurnover,HighValue
comp_1464,SmallCap,LowRevenue,LightAsset,Asia,LowTurnover,HighValue
comp_1465,SmallCap,MidRevenue,LightAsset,Asia,MidTurnover,LowValue
comp_1466,SmallCap,MidRevenue,MidAsset,Asia,LowTurnover,LowValue
comp_1467,SmallCap,MidRevenue,MidAsset,Asia,LowTurnover,LowValue
comp_1468,SmallCap,LowRevenue,LightAsset,Asia,MidTurnover,HighValue
comp_1469,SmallCap,MidRevenue,LightAsset,Asia,MidTurnover,FairValue
comp_1470,SmallCap,MidRevenue,MidAsset,Asia,MidTurnover,LowValue
comp_1471,SmallCap,MidRevenue,LightAsset,Asia,LowTurnover,FairValue
comp_1472,SmallCap,LowRevenue,LightAsset,Asia,MidTurnover,HighValue
comp_1473,SmallCap,MidRevenue,LightAsset,Asia,MidTurnover,FairValue
comp_1474,SmallCap,MidRevenue,LightAsset,Asia,MidTurnover,FairValue
comp_1475,SmallCap,MidRevenue,LightAsset,Asia,MidTurnover,HighValue
comp_1476,SmallCap,MidRevenue,LightAsset,Asia,MidTurnover,FairValue
comp_1477,SmallCap,LowRevenue,LightAsset,Asia,LowTurnover,FairValue
comp_1478,SmallCap,MidRevenue,LightAsset,Asia,MidTurnover,HighValue
comp_1479,SmallCap,MidRevenue,LightAsset,Asia,MidTurnover,HighValue
comp_1480,SmallCap,UpperRevenue,MidAsset,Asia,MidTurnover,LowValue
comp_1481,SmallCap,MidRevenue,LightAsset,Asia,MidTurnover,FairValue
comp_1482,SmallCap,LowRevenue,LightAsset,Asia,LowTurnover,HighValue
comp_1483,SmallCap,UpperRevenue,MidAsset,Asia,HighTurnover,LowValue
comp_1484,SmallCap,MidRevenue,LightAsset,Asia,MidTurnover,LowValue
comp_1485,SmallCap,MidRevenue,LightAsset,Asia,MidTurnover,FairValue
comp_1486,SmallCap,LowRevenue,LightAsset,Asia,LowTurnover,LowValue
comp_1487,SmallCap,MidRevenue,LightAsset,Asia,MidTurnover,FairValue
comp_1488,SmallCap,LowRevenue,LightAsset,Asia,LowTurnover,FairValue
comp_1489,SmallCap,MidRevenue,LightAsset,Asia,LowTurnover,FairValue
comp_1490,SmallCap,LowRevenue,LightAsset,Asia,MidTurnover,HighValue
comp_1491,SmallCap,MidRevenue,LightAsset,Asia,MidTurnover,FairValue
comp_1492,SmallCap,MidRevenue,LightAsset,Asia,MidTurnover,HighValue
comp_1493,SmallCap,MidRevenue,LightAsset,Asia,MidTurnover,FairValue
comp_1494,SmallCap,UpperRevenue,MidAsset,Asia,HighTurnover,LowValue
comp_1495,SmallCap,MidRevenue,LightAsset,Asia,LowTurnover,LowValue
comp_1496,SmallCap,LowRevenue,LightAsset,Asia,LowTurnover,FairValue
comp_1497,SmallCap,LowRevenue,LightAsset,Asia,LowTurnover,HighValue
comp_1498,SmallCap,LowRevenue,LightAsset,Asia,MidTurnover,HighValue
comp_1499,SmallCap,MidRevenue,LightAsset,Asia,HighTurnover,FairValue
comp_1500,SmallCap,LowRevenue,LightAsset,Asia,LowTurnover,HighValue
comp_1501,SmallCap,MidRevenue,LightAsset,Asia,MidTurnover,FairValue
comp_1502,SmallCap,LowRevenue,LightAsset,Asia,MidTurnover,HighValue
comp_1503,SmallCap,LowRevenue,LightAsset,Asia,LowTurnover,HighValue
comp_1504,SmallCap,MidRevenue,LightAsset,Asia,MidTurnover,HighValue
comp_1505,SmallCap,LowRevenue,LightAsset,Asia,LowTurnover,FairValue
comp_1506,SmallCap,LowRevenue,MicroAsset,Asia,HighTurnover,HighValue
comp_1507,SmallCap,UpperRevenue,MidAsset,Asia,MidTurnover,LowValue
comp_1508,SmallCap,LowRevenue,MicroAsset,Asia,MidTurnover,HighValue
comp_1509,SmallCap,LowRevenue,LightAsset,Asia,LowTurnover,HighValue
comp_1510,SmallCap,LowRevenue,LightAsset,Asia,LowTurnover,FairValue
comp_1511,SmallCap,LowRevenue,LightAsset,Asia,MidTurnover,HighValue
comp_1512,SmallCap,MidRevenue,LightAsset,Asia,HighTurnover,FairValue
comp_1513,SmallCap,LowRevenue,LightAsset,Asia,LowTurnover,FairValue
comp_1514,SmallCap,MidRevenue,LightAsset,Asia,HighTurnover,HighValue
comp_1515,SmallCap,MidRevenue,LightAsset,Asia,MidTurnover,FairValue
comp_1516,SmallCap,LowRevenue,LightAsset,Asia,LowTurnover,FairValue
comp_1517,MicroCap,MidRevenue,LightAsset,Asia,MidTurnover,LowValue
comp_1518,MicroCap,VeryLowRevenue,MicroAsset,Asia,LowTurnover,HighValue
comp_1519,MicroCap,MidRevenue,MidAsset,Asia,MidTurnover,LowValue
comp_1520,MicroCap,MidRevenue,LightAsset,Asia,HighTurnover,LowValue
comp_1521,MicroCap,LowRevenue,MicroAsset,Asia,LowTurnover,HighValue
comp_1522,MicroCap,UpperRevenue,MidAsset,Asia,HighTurnover,LowValue
comp_1523,MicroCap,MidRevenue,LightAsset,Asia,HighTurnover,HighValue
comp_1524,MicroCap,LowRevenue,MicroAsset,Asia,HighTurnover,HighValue
comp_1525,MicroCap,MidRevenue,MidAsset,Asia,MidTurnover,LowValue
comp_1526,MicroCap,UpperRevenue,MidAsset,Asia,HighTurnover,LowValue
comp_1527,MicroCap,MidRevenue,MidAsset,Asia,LowTurnover,LowValue
comp_1528,MicroCap,LowRevenue,LightAsset,Asia,LowTurnover,LowValue
comp_1529,MicroCap,MidRevenue,MidAsset,Asia,LowTurnover,LowValue
comp_1530,MicroCap,MidRevenue,LightAsset,Asia,HighTurnover,LowValue
comp_1531,MicroCap,LowRevenue,LightAsset,Asia,LowTurnover,LowValue
comp_1532,MicroCap,LowRevenue,LightAsset,Asia,LowTurnover,FairValue
comp_1533,MicroCap,LowRevenue,LightAsset,Asia,LowTurnover,FairValue
comp_1534,MicroCap,UpperRevenue,MidAsset,Asia,HighTurnover,LowValue
comp_1535,MicroCap,MidRevenue,LightAsset,Asia,MidTurnover,LowValue
comp_1536,MicroCap,MidRevenue,LightAsset,Asia,MidTurnover,LowValue
comp_1537,MicroCap,MidRevenue,MidAsset,Asia,MidTurnover,LowValue
comp_1538,MicroCap,MidRevenue,MidAsset,Asia,LowTurnover,LowValue
comp_1539,MicroCap,LowRevenue,MicroAsset,Asia,HighTurnover,HighValue
comp_1540,MicroCap,LowRevenue,LightAsset,Asia,LowTurnover,LowValue
comp_1541,MicroCap,UpperRevenue,LightAsset,Asia,HighTurnover,LowValue
comp_1542,MicroCap,MidRevenue,LightAsset,Asia,HighTurnover,LowValue
comp_1543,MicroCap,MidRevenue,LightAsset,Asia,MidTurnover,LowValue
comp_1544,MicroCap,VeryLowRevenue,LightAsset,Asia,LowTurnover,LowValue
comp_1545,MicroCap,MidRevenue,LightAsset,Asia,MidTurnover,LowValue
comp_1546,MicroCap,LowRevenue,LightAsset,Asia,MidTurnover,LowValue
comp_1547,MicroCap,MidRevenue,LightAsset,Asia,HighTurnover,LowValue
comp_1548,MicroCap,VeryLowRevenue,LightAsset,Asia,LowTurnover,LowValue
comp_1549,MicroCap,LowRevenue,LightAsset,Asia,LowTurnover,LowValue
comp_1550,MicroCap,LowRevenue,MicroAsset,Asia,MidTurnover,LowValue
comp_1551,MicroCap,MidRevenue,LightAsset,Asia,MidTurnover,LowValue
comp_1552,MicroCap,VeryLowRevenue,MicroAsset,Asia,LowTurnover,LowValue
comp_1553,MicroCap,LowRevenue,MicroAsset,Asia,MidTurnover,LowValue
comp_1554,MicroCap,,MicroAsset,Asia,,LowValue
comp_1555,MicroCap,MidRevenue,MicroAsset,Asia,HighTurnover,LowValue
comp_1556,MegaCap,HighRevenue,HeavyAsset,Europe,MidTurnover,LowValue
comp_1557,MegaCap,UpperRevenue,LargeAsset,Europe,MidTurnover,HighValue
comp_1558,LargeCap,UpperRevenue,MidAsset,Europe,MidTurnover,HighValue
comp_1559,LargeCap,UpperRevenue,MidAsset,Europe,MidTurnover,HighValue
comp_1560,LargeCap,UpperRevenue,MidAsset,Europe,MidTurnover,HighValue
comp_1561,MidCap,UpperRevenue,MidAsset,Europe,MidTurnover,LowValue
comp_1562,MidCap,UpperRevenue,MidAsset,Europe,HighTurnover,HighValue
comp_1563,MidCap,UpperRevenue,MidAsset,Europe,MidTurnover,FairValue
comp_1564,MidCap,,MidAsset,Europe,,FairValue
comp_1565,MidCap,MidRevenue,MidAsset,Europe,LowTurnover,FairValue
comp_1566,SmallCap,MidRevenue,LightAsset,Europe,MidTurnover,HighValue
comp_1567,SmallCap,UpperRevenue,MidAsset,Europe,HighTurnover,LowValue
comp_1568,SmallCap,,MicroAsset,Europe,,HighValue
comp_1569,SmallCap,,LightAsset,Europe,,HighValue
comp_1570,SmallCap,MidRevenue,LightAsset,Europe,HighTurnover,HighValue
comp_1571,SmallCap,UpperRevenue,MidAsset,Europe,HighTurnover,LowValue
comp_1572,SmallCap,MidRevenue,LightAsset,Europe,MidTurnover,FairValue
comp_1573,SmallCap,MidRevenue,LightAsset,Europe,MidTurnover,FairValue
comp_1574,SmallCap,MidRevenue,LightAsset,Europe,HighTurnover,LowValue
comp_1575,SmallCap,MidRevenue,LightAsset,Europe,MidTurnover,FairValue
comp_1576,SmallCap,MidRevenue,LightAsset,Europe,MidTurnover,HighValue
comp_1577,SmallCap,MidRevenue,MidAsset,Europe,LowTurnover,LowValue
comp_1578,SmallCap,MidRevenue,LightAsset,Europe,MidTurnover,HighValue
comp_1579,MicroCap,,MicroAsset,Europe,,HighValue
comp_1580,MicroCap,,MicroAsset,Europe,,HighValue
comp_1581,MicroCap,MidRevenue,LightAsset,Europe,HighTurnover,LowValue
comp_1582,MicroCap,LowRevenue,MicroAsset,Europe,MidTurnover,HighValue
comp_1583,MicroCap,MidRevenue,LightAsset,Europe,MidTurnover,LowValue
comp_1584,MicroCap,,MicroAsset,Europe,,HighValue
comp_1585,MicroCap,,MicroAsset,Europe,,FairValue
comp_1586,MicroCap,,MicroAsset,Europe,,HighValue
comp_1587,MicroCap,,MicroAsset,Europe,,FairValue
comp_1588,MicroCap,,MicroAsset,Europe,,HighValue
comp_1589,MicroCap,,MicroAsset,Europe,,HighValue
comp_1590,MicroCap,VeryLowRevenue,MicroAsset,Europe,LowTurnover,HighValue
comp_1591,MicroCap,MidRevenue,LightAsset,Europe,HighTurnover,LowValue
comp_1592,MicroCap,,MicroAsset,Europe,,HighValue
comp_1593,MicroCap,MidRevenue,MicroAsset,Europe,HighTurnover,LowValue
comp_1594,MicroCap,,MicroAsset,Europe,,FairValue
comp_1595,MicroCap,,MicroAsset,Europe,,FairValue
comp_1596,MicroCap,,MicroAsset,Europe,,LowValue
comp_1597,MicroCap,,MicroAsset,Europe,,LowValue
comp_1598,MicroCap,,MicroAsset,Europe,,LowValue
comp_1599,MicroCap,,MicroAsset,Europe,,HighValue
comp_1600,MicroCap,,MicroAsset,Europe,,HighValue
comp_1601,MicroCap,,MicroAsset,Europe,,FairValue
comp_1602,MicroCap,,MicroAsset,Europe,,FairValue
comp_1603,MicroCap,,MicroAsset,Europe,,HighValue
comp_1604,MicroCap,,MicroAsset,Europe,,FairValue
comp_1605,MicroCap,VeryLowRevenue,MicroAsset,Europe,LowTurnover,LowValue
comp_1606,MicroCap,,MicroAsset,Europe,,LowValue
comp_1607,MicroCap,LowRevenue,MicroAsset,Europe,HighTurnover,LowValue
comp_1608,MicroCap,,MicroAsset,Europe,,FairValue
comp_1609,MicroCap,,MicroAsset,Europe,,HighValue
comp_1610,MicroCap,,MicroAsset,Europe,,HighValue
comp_1611,MicroCap,,MicroAsset,Europe,,HighValue
comp_1612,MicroCap,VeryLowRevenue,MicroAsset,Europe,LowTurnover,HighValue
comp_1613,MicroCap,,MicroAsset,Europe,,FairValue
comp_1614,MicroCap,MidRevenue,MicroAsset,Europe,HighTurnover,LowValue
comp_1615,MicroCap,VeryLowRevenue,MicroAsset,Europe,LowTurnover,FairValue
comp_1616,MicroCap,MidRevenue,LightAsset,Europe,HighTurnover,LowValue
comp_1617,MicroCap,MidRevenue,LightAsset,Europe,HighTurnover,LowValue
comp_1618,MicroCap,,MicroAsset,Europe,,HighValue
comp_1619,MicroCap,,MicroAsset,Europe,,HighValue
comp_1620,MicroCap,,MicroAsset,Europe,,HighValue
comp_1621,MicroCap,,MicroAsset,Europe,,FairValue
comp_1622,MicroCap,VeryLowRevenue,MicroAsset,Europe,LowTurnover,HighValue
comp_1623,MicroCap,,MicroAsset,Europe,,HighValue
comp_1624,MicroCap,,MicroAsset,Europe,,HighValue
comp_1625,MicroCap,,MicroAsset,Europe,,FairValue
comp_1626,MicroCap,VeryLowRevenue,MicroAsset,Europe,MidTurnover,FairValue
comp_1627,MicroCap,,MicroAsset,Europe,,HighValue
comp_1628,MicroCap,,LightAsset,Europe,,LowValue
comp_1629,MicroCap,LowRevenue,MicroAsset,Europe,HighTurnover,LowValue
comp_1630,MicroCap,,MicroAsset,Europe,,HighValue
comp_1631,MicroCap,,MicroAsset,Europe,,LowValue
comp_1632,MicroCap,,MicroAsset,Europe,,HighValue
comp_1633,MicroCap,,MicroAsset,Europe,,LowValue
comp_1634,MicroCap,,MicroAsset,Europe,,FairValue
comp_1635,MicroCap,,MicroAsset,Europe,,HighValue
comp_1636,MicroCap,,MicroAsset,Europe,,LowValue
comp_1637,MicroCap,,MicroAsset,Europe,,LowValue
comp_1638,MicroCap,VeryLowRevenue,MicroAsset,Europe,LowTurnover,LowValue
comp_1639,MicroCap,,MicroAsset,Europe,,LowValue
comp_1640,MicroCap,,MicroAsset,Europe,,LowValue
comp_1641,MicroCap,,MicroAsset,Europe,,LowValue
comp_1642,MicroCap,,MicroAsset,Europe,,FairValue
comp_1643,MicroCap,,MicroAsset,Europe,,HighValue
comp_1644,MicroCap,,MicroAsset,Europe,,FairValue
comp_1645,MicroCap,,MicroAsset,Europe,,HighValue
comp_1646,MicroCap,,MicroAsset,Europe,,FairValue
comp_1647,MicroCap,MidRevenue,LightAsset,Europe,MidTurnover,LowValue
comp_1648,MicroCap,,MicroAsset,Europe,,HighValue
comp_1649,MicroCap,,MicroAsset,Europe,,LowValue
comp_1650,MicroCap,VeryLowRevenue,MicroAsset,Europe,LowTurnover,LowValue
comp_1651,MicroCap,,MicroAsset,Europe,,LowValue
comp_1652,MicroCap,VeryLowRevenue,MicroAsset,Europe,LowTurnover,LowValue
comp_1653,MicroCap,,MicroAsset,Europe,,LowValue
comp_1654,MicroCap,VeryLowRevenue,MicroAsset,Europe,LowTurnover,FairValue
comp_1655,MicroCap,VeryLowRevenue,MicroAsset,Europe,LowTurnover,FairValue
comp_1656,MicroCap,VeryLowRevenue,MicroAsset,Europe,LowTurnover,HighValue
comp_1657,MicroCap,,MicroAsset,Europe,,LowValue
comp_1658,MicroCap,,MicroAsset,Europe,,HighValue
comp_1659,MicroCap,,MicroAsset,Europe,,LowValue
comp_1660,MicroCap,,MicroAsset,Europe,,HighValue
comp_1661,MicroCap,,,Europe,,
comp_1662,MegaCap,HighRevenue,HeavyAsset,Europe,MidTurnover,LowValue
comp_1663,LargeCap,HighRevenue,HeavyAsset,Europe,HighTurnover,LowValue
comp_1664,LargeCap,HighRevenue,LargeAsset,Europe,HighTurnover,FairValue
comp_1665,LargeCap,HighRevenue,LargeAsset,Europe,MidTurnover,FairValue
comp_1666,MidCap,UpperRevenue,MidAsset,Europe,MidTurnover,FairValue
comp_1667,MidCap,UpperRevenue,MidAsset,Europe,HighTurnover,LowValue
comp_1668,MidCap,UpperRevenue,LargeAsset,Europe,MidTurnover,LowValue
comp_1669,MidCap,HighRevenue,MidAsset,Europe,HighTurnover,LowValue
comp_1670,MidCap,UpperRevenue,LargeAsset,Europe,MidTurnover,LowValue
comp_1671,SmallCap,UpperRevenue,MidAsset,Europe,HighTurnover,LowValue
comp_1672,SmallCap,LowRevenue,LightAsset,Europe,LowTurnover,HighValue
comp_1673,SmallCap,UpperRevenue,MidAsset,Europe,HighTurnover,LowValue
comp_1674,SmallCap,UpperRevenue,LightAsset,Europe,HighTurnover,LowValue
comp_1675,MicroCap,MidRevenue,LightAsset,Europe,HighTurnover,LowValue
comp_1676,MicroCap,VeryLowRevenue,MicroAsset,Europe,LowTurnover,FairValue
comp_1677,MicroCap,MidRevenue,LightAsset,Europe,HighTurnover,LowValue
comp_1678,MicroCap,LowRevenue,MicroAsset,Europe,HighTurnover,FairValue
comp_1679,MicroCap,VeryLowRevenue,MicroAsset,Europe,HighTurnover,FairValue
comp_1680,MicroCap,,,Europe,,
comp_1681,MicroCap,VeryLowRevenue,MicroAsset,Europe,HighTurnover,LowValue
comp_1682,MegaCap,HighRevenue,HeavyAsset,Asia,HighTurnover,LowValue
comp_1683,MegaCap,HighRevenue,HeavyAsset,Asia,MidTurnover,LowValue
comp_1684,MegaCap,HighRevenue,HeavyAsset,Asia,MidTurnover,FairValue
comp_1685,LargeCap,HighRevenue,HeavyAsset,Asia,HighTurnover,LowValue
comp_1686,LargeCap,HighRevenue,HeavyAsset,Asia,MidTurnover,LowValue
comp_1687,LargeCap,UpperRevenue,LargeAsset,Asia,MidTurnover,FairValue
comp_1688,LargeCap,HighRevenue,LargeAsset,Asia,MidTurnover,LowValue
comp_1689,LargeCap,HighRevenue,HeavyAsset,Asia,HighTurnover,LowValue
comp_1690,LargeCap,UpperRevenue,MidAsset,Asia,HighTurnover,FairValue
comp_1691,LargeCap,HighRevenue,LargeAsset,Asia,MidTurnover,LowValue
comp_1692,MidCap,HighRevenue,LargeAsset,Asia,HighTurnover,LowValue
comp_1693,MidCap,UpperRevenue,MidAsset,Asia,LowTurnover,FairValue
comp_1694,MidCap,UpperRevenue,MidAsset,Asia,HighTurnover,FairValue
comp_1695,MidCap,UpperRevenue,MidAsset,Asia,HighTurnover,FairValue
comp_1696,MidCap,UpperRevenue,MidAsset,Asia,HighTurnover,FairValue
comp_1697,MidCap,UpperRevenue,MidAsset,Asia,HighTurnover,LowValue
comp_1698,MidCap,UpperRevenue,LargeAsset,Asia,MidTurnover,LowValue
comp_1699,MidCap,UpperRevenue,MidAsset,Asia,HighTurnover,LowValue
comp_1700,MidCap,HighRevenue,LargeAsset,Asia,MidTurnover,LowValue
comp_1701,MidCap,UpperRevenue,MidAsset,Asia,HighTurnover,LowValue
comp_1702,MidCap,UpperRevenue,MidAsset,Asia,MidTurnover,FairValue
comp_1703,MidCap,HighRevenue,LargeAsset,Asia,HighTurnover,LowValue
comp_1704,MidCap,UpperRevenue,MidAsset,Asia,MidTurnover,LowValue
comp_1705,MidCap,UpperRevenue,MidAsset,Asia,HighTurnover,FairValue
comp_1706,MidCap,MidRevenue,MidAsset,Asia,MidTurnover,HighValue
comp_1707,MidCap,HighRevenue,LargeAsset,Asia,HighTurnover,LowValue
comp_1708,MidCap,UpperRevenue,MidAsset,Asia,HighTurnover,LowValue
comp_1709,MidCap,UpperRevenue,MidAsset,Asia,HighTurnover,FairValue
comp_1710,MidCap,UpperRevenue,MidAsset,Asia,MidTurnover,LowValue
comp_1711,MidCap,UpperRevenue,MidAsset,Asia,MidTurnover,FairValue
comp_1712,SmallCap,UpperRevenue,MidAsset,Asia,HighTurnover,LowValue
comp_1713,SmallCap,UpperRevenue,MidAsset,Asia,MidTurnover,FairValue
comp_1714,SmallCap,UpperRevenue,MidAsset,Asia,MidTurnover,LowValue
comp_1715,SmallCap,UpperRevenue,MidAsset,Asia,HighTurnover,LowValue
comp_1716,SmallCap,UpperRevenue,MidAsset,Asia,MidTurnover,LowValue
comp_1717,SmallCap,UpperRevenue,MidAsset,Asia,HighTurnover,LowValue
comp_1718,SmallCap,UpperRevenue,MidAsset,Asia,HighTurnover,FairValue
comp_1719,SmallCap,HighRevenue,MidAsset,Asia,HighTurnover,LowValue
comp_1720,SmallCap,UpperRevenue,MidAsset,Asia,HighTurnover,FairValue
comp_1721,SmallCap,UpperRevenue,MidAsset,Asia,HighTurnover,FairValue
comp_1722,SmallCap,UpperRevenue,MidAsset,Asia,MidTurnover,LowValue
comp_1723,SmallCap,UpperRevenue,MidAsset,Asia,MidTurnover,LowValue
comp_1724,SmallCap,UpperRevenue,MidAsset,Asia,HighTurnover,LowValue
comp_1725,SmallCap,UpperRevenue,MidAsset,Asia,HighTurnover,LowValue
comp_1726,SmallCap,UpperRevenue,MidAsset,Asia,MidTurnover,LowValue
comp_1727,SmallCap,UpperRevenue,MidAsset,Asia,MidTurnover,LowValue
comp_1728,SmallCap,MidRevenue,MidAsset,Asia,MidTurnover,FairValue
comp_1729,SmallCap,UpperRevenue,MidAsset,Asia,HighTurnover,LowValue
comp_1730,SmallCap,UpperRevenue,MidAsset,Asia,MidTurnover,LowValue
comp_1731,SmallCap,UpperRevenue,MidAsset,Asia,HighTurnover,LowValue
comp_1732,SmallCap,MidRevenue,MidAsset,Asia,HighTurnover,FairValue
comp_1733,SmallCap,UpperRevenue,MidAsset,Asia,HighTurnover,LowValue
comp_1734,SmallCap,UpperRevenue,MidAsset,Asia,HighTurnover,LowValue
comp_1735,SmallCap,UpperRevenue,MidAsset,Asia,MidTurnover,LowValue
comp_1736,SmallCap,MidRevenue,LightAsset,Asia,MidTurnover,FairValue
comp_1737,SmallCap,MidRevenue,MidAsset,Asia,MidTurnover,FairValue
comp_1738,SmallCap,MidRevenue,MidAsset,Asia,MidTurnover,FairValue
comp_1739,SmallCap,UpperRevenue,MidAsset,Asia,HighTurnover,LowValue
comp_1740,SmallCap,MidRevenue,MidAsset,Asia,MidTurnover,FairValue
comp_1741,SmallCap,MidRevenue,LightAsset,Asia,HighTurnover,FairValue
comp_1742,SmallCap,UpperRevenue,MidAsset,Asia,HighTurnover,FairValue
comp_1743,SmallCap,UpperRevenue,LightAsset,Asia,HighTurnover,FairValue
comp_1744,SmallCap,UpperRevenue,MidAsset,Asia,HighTurnover,LowValue
comp_1745,SmallCap,MidRevenue,MidAsset,Asia,MidTurnover,LowValue
comp_1746,SmallCap,MidRevenue,MidAsset,Asia,MidTurnover,LowValue
comp_1747,SmallCap,UpperRevenue,MidAsset,Asia,MidTurnover,LowValue
comp_1748,SmallCap,UpperRevenue,MidAsset,Asia,HighTurnover,LowValue
comp_1749,SmallCap,UpperRevenue,MidAsset,Asia,MidTurnover,LowValue
comp_1750,SmallCap,MidRevenue,LightAsset,Asia,HighTurnover,LowValue
comp_1751,SmallCap,MidRevenue,LightAsset,Asia,MidTurnover,FairValue
comp_1752,SmallCap,UpperRevenue,MidAsset,Asia,HighTurnover,LowValue
comp_1753,SmallCap,MidRevenue,LightAsset,Asia,HighTurnover,FairValue
comp_1754,SmallCap,MidRevenue,LightAsset,Asia,MidTurnover,FairValue
comp_1755,SmallCap,UpperRevenue,MidAsset,Asia,HighTurnover,LowValue
comp_1756,SmallCap,MidRevenue,LightAsset,Asia,MidTurnover,FairValue
comp_1757,SmallCap,MidRevenue,LightAsset,Asia,MidTurnover,HighValue
comp_1758,SmallCap,MidRevenue,MidAsset,Asia,MidTurnover,LowValue
comp_1759,SmallCap,UpperRevenue,LightAsset,Asia,HighTurnover,LowValue
comp_1760,SmallCap,MidRevenue,LightAsset,Asia,MidTurnover,LowValue
comp_1761,SmallCap,MidRevenue,LightAsset,Asia,HighTurnover,FairValue
comp_1762,SmallCap,UpperRevenue,MidAsset,Asia,HighTurnover,LowValue
comp_1763,SmallCap,MidRevenue,LightAsset,Asia,HighTurnover,LowValue
comp_1764,SmallCap,UpperRevenue,MidAsset,Asia,MidTurnover,LowValue
comp_1765,SmallCap,MidRevenue,LightAsset,Asia,HighTurnover,FairValue
comp_1766,SmallCap,MidRevenue,MidAsset,Asia,MidTurnover,LowValue
comp_1767,SmallCap,UpperRevenue,MidAsset,Asia,HighTurnover,LowValue
comp_1768,SmallCap,MidRevenue,MidAsset,Asia,MidTurnover,LowValue
comp_1769,SmallCap,MidRevenue,LightAsset,Asia,HighTurnover,HighValue
comp_1770,SmallCap,MidRevenue,LightAsset,Asia,MidTurnover,LowValue
comp_1771,SmallCap,MidRevenue,MidAsset,Asia,HighTurnover,LowValue
comp_1772,SmallCap,MidRevenue,LightAsset,Asia,HighTurnover,LowValue
comp_1773,SmallCap,UpperRevenue,MidAsset,Asia,HighTurnover,LowValue
comp_1774,SmallCap,UpperRevenue,MidAsset,Asia,HighTurnover,LowValue
comp_1775,SmallCap,MidRevenue,LightAsset,Asia,MidTurnover,FairValue
comp_1776,SmallCap,MidRevenue,LightAsset,Asia,MidTurnover,FairValue
comp_1777,SmallCap,MidRevenue,LightAsset,Asia,LowTurnover,LowValue
comp_1778,SmallCap,VeryLowRevenue,MicroAsset,Asia,LowTurnover,HighValue
comp_1779,SmallCap,MidRevenue,LightAsset,Asia,HighTurnover,HighValue
comp_1780,SmallCap,UpperRevenue,MidAsset,Asia,HighTurnover,LowValue
comp_1781,SmallCap,UpperRevenue,LightAsset,Asia,HighTurnover,LowValue
comp_1782,SmallCap,MidRevenue,LightAsset,Asia,HighTurnover,HighValue
comp_1783,SmallCap,MidRevenue,LightAsset,Asia,MidTurnover,LowValue
comp_1784,SmallCap,UpperRevenue,MidAsset,Asia,HighTurnover,LowValue
comp_1785,SmallCap,MidRevenue,LightAsset,Asia,MidTurnover,LowValue
comp_1786,SmallCap,MidRevenue,LightAsset,Asia,MidTurnover,FairValue
comp_1787,SmallCap,MidRevenue,LightAsset,Asia,MidTurnover,LowValue
comp_1788,SmallCap,MidRevenue,LightAsset,Asia,MidTurnover,LowValue
comp_1789,SmallCap,MidRevenue,LightAsset,Asia,MidTurnover,LowValue
comp_1790,SmallCap,MidRevenue,MidAsset,Asia,MidTurnover,LowValue
comp_1791,MicroCap,MidRevenue,MidAsset,Asia,LowTurnover,LowValue
comp_1792,MicroCap,UpperRevenue,MidAsset,Asia,HighTurnover,LowValue
comp_1793,MicroCap,MidRevenue,LightAsset,Asia,HighTurnover,LowValue
comp_1794,MicroCap,MidRevenue,LightAsset,Asia,HighTurnover,LowValue
comp_1795,MicroCap,MidRevenue,LightAsset,Asia,MidTurnover,LowValue
comp_1796,MicroCap,MidRevenue,LightAsset,Asia,MidTurnover,LowValue
comp_1797,MicroCap,UpperRevenue,LightAsset,Asia,HighTurnover,LowValue
comp_1798,MicroCap,MidRevenue,LightAsset,Asia,MidTurnover,LowValue
comp_1799,MicroCap,MidRevenue,LightAsset,Asia,HighTurnover,FairValue
comp_1800,MicroCap,MidRevenue,LightAsset,Asia,MidTurnover,LowValue
comp_1801,MicroCap,MidRevenue,LightAsset,Asia,MidTurnover,LowValue
comp_1802,MicroCap,MidRevenue,LightAsset,Asia,HighTurnover,LowValue
comp_1803,MicroCap,MidRevenue,LightAsset,Asia,HighTurnover,LowValue
comp_1804,MicroCap,MidRevenue,LightAsset,Asia,MidTurnover,LowValue
comp_1805,MicroCap,MidRevenue,LightAsset,Asia,MidTurnover,LowValue
comp_1806,MicroCap,MidRevenue,LightAsset,Asia,HighTurnover,FairValue
comp_1807,MicroCap,LowRevenue,LightAsset,Asia,MidTurnover,HighValue
comp_1808,MicroCap,MidRevenue,MidAsset,Asia,MidTurnover,LowValue
comp_1809,MicroCap,MidRevenue,LightAsset,Asia,HighTurnover,LowValue
comp_1810,MicroCap,MidRevenue,LightAsset,Asia,MidTurnover,LowValue
comp_1811,MicroCap,MidRevenue,LightAsset,Asia,MidTurnover,LowValue
comp_1812,MicroCap,MidRevenue,LightAsset,Asia,MidTurnover,LowValue
comp_1813,MicroCap,MidRevenue,LightAsset,Asia,HighTurnover,LowValue
comp_1814,MicroCap,MidRevenue,LightAsset,Asia,HighTurnover,LowValue
comp_1815,MicroCap,UpperRevenue,LightAsset,Asia,HighTurnover,FairValue
comp_1816,MicroCap,MidRevenue,LightAsset,Asia,MidTurnover,LowValue
comp_1817,MicroCap,LowRevenue,MicroAsset,Asia,HighTurnover,HighValue
comp_1818,MicroCap,MidRevenue,LightAsset,Asia,HighTurnover,LowValue
comp_1819,MicroCap,MidRevenue,LightAsset,Asia,HighTurnover,FairValue
comp_1820,MicroCap,MidRevenue,LightAsset,Asia,HighTurnover,LowValue
comp_1821,MicroCap,MidRevenue,LightAsset,Asia,HighTurnover,LowValue
comp_1822,MicroCap,MidRevenue,LightAsset,Asia,MidTurnover,LowValue
comp_1823,MicroCap,MidRevenue,LightAsset,Asia,HighTurnover,FairValue
comp_1824,MicroCap,MidRevenue,LightAsset,Asia,HighTurnover,LowValue
comp_1825,MicroCap,MidRevenue,LightAsset,Asia,HighTurnover,LowValue
comp_1826,MicroCap,MidRevenue,LightAsset,Asia,HighTurnover,LowValue
comp_1827,MicroCap,MidRevenue,LightAsset,Asia,HighTurnover,LowValue
comp_1828,MicroCap,MidRevenue,LightAsset,Asia,HighTurnover,LowValue
comp_1829,MicroCap,LowRevenue,MicroAsset,Asia,MidTurnover,HighValue
comp_1830,MicroCap,MidRevenue,LightAsset,Asia,HighTurnover,LowValue
comp_1831,MicroCap,MidRevenue,LightAsset,Asia,HighTurnover,LowValue
comp_1832,MicroCap,MidRevenue,LightAsset,Asia,HighTurnover,LowValue
comp_1833,MicroCap,UpperRevenue,MidAsset,Asia,HighTurnover,LowValue
comp_1834,MicroCap,MidRevenue,LightAsset,Asia,HighTurnover,LowValue
comp_1835,MicroCap,MidRevenue,LightAsset,Asia,MidTurnover,LowValue
comp_1836,MicroCap,MidRevenue,LightAsset,Asia,MidTurnover,LowValue
comp_1837,MicroCap,LowRevenue,MicroAsset,Asia,HighTurnover,FairValue
comp_1838,MicroCap,MidRevenue,LightAsset,Asia,MidTurnover,LowValue
comp_1839,MicroCap,MidRevenue,LightAsset,Asia,MidTurnover,LowValue
comp_1840,MicroCap,MidRevenue,LightAsset,Asia,HighTurnover,LowValue
comp_1841,MicroCap,MidRevenue,LightAsset,Asia,HighTurnover,LowValue
comp_1842,MicroCap,LowRevenue,LightAsset,Asia,MidTurnover,LowValue
comp_1843,MicroCap,MidRevenue,LightAsset,Asia,HighTurnover,LowValue
comp_1844,MicroCap,LowRevenue,MicroAsset,Asia,HighTurnover,FairValue
comp_1845,MicroCap,MidRevenue,LightAsset,Asia,MidTurnover,LowValue
comp_1846,MicroCap,MidRevenue,LightAsset,Asia,HighTurnover,LowValue
comp_1847,MicroCap,MidRevenue,LightAsset,Asia,HighTurnover,LowValue
comp_1848,MicroCap,LowRevenue,MicroAsset,Asia,MidTurnover,HighValue
comp_1849,MicroCap,LowRevenue,MicroAsset,Asia,HighTurnover,FairValue
comp_1850,MicroCap,VeryLowRevenue,MicroAsset,Asia,HighTurnover,HighValue
comp_1851,MicroCap,MidRevenue,LightAsset,Asia,MidTurnover,LowValue
comp_1852,MicroCap,LowRevenue,MicroAsset,Asia,HighTurnover,FairValue
comp_1853,MicroCap,MidRevenue,LightAsset,Asia,HighTurnover,LowValue
comp_1854,MicroCap,LowRevenue,MicroAsset,Asia,MidTurnover,LowValue
comp_1855,MicroCap,MidRevenue,MicroAsset,Asia,HighTurnover,FairValue
comp_1856,MicroCap,LowRevenue,MicroAsset,Asia,MidTurnover,FairValue
comp_1857,MicroCap,MidRevenue,LightAsset,Asia,HighTurnover,LowValue
comp_1858,MicroCap,MidRevenue,LightAsset,Asia,MidTurnover,LowValue
comp_1859,MicroCap,MidRevenue,LightAsset,Asia,HighTurnover,LowValue
comp_1860,MicroCap,MidRevenue,LightAsset,Asia,HighTurnover,LowValue
comp_1861,MicroCap,MidRevenue,LightAsset,Asia,HighTurnover,LowValue
comp_1862,MicroCap,MidRevenue,LightAsset,Asia,HighTurnover,LowValue
comp_1863,MicroCap,LowRevenue,MicroAsset,Asia,HighTurnover,LowValue
comp_1864,MicroCap,LowRevenue,LightAsset,Asia,HighTurnover,LowValue
comp_1865,MicroCap,MidRevenue,LightAsset,Asia,MidTurnover,LowValue
comp_1866,MicroCap,MidRevenue,LightAsset,Asia,MidTurnover,LowValue
comp_1867,MicroCap,LowRevenue,MicroAsset,Asia,HighTurnover,LowValue
comp_1868,MicroCap,MidRevenue,LightAsset,Asia,HighTurnover,LowValue
comp_1869,MicroCap,MidRevenue,LightAsset,Asia,HighTurnover,LowValue
comp_1870,MicroCap,LowRevenue,MicroAsset,Asia,HighTurnover,LowValue
comp_1871,MicroCap,LowRevenue,MicroAsset,Asia,HighTurnover,LowValue
comp_1872,MicroCap,LowRevenue,MicroAsset,Asia,HighTurnover,FairValue
comp_1873,MicroCap,MidRevenue,MicroAsset,Asia,HighTurnover,LowValue
comp_1874,MicroCap,VeryLowRevenue,MicroAsset,Asia,LowTurnover,LowValue
comp_1875,MicroCap,MidRevenue,LightAsset,Asia,HighTurnover,LowValue
comp_1876,MicroCap,LowRevenue,MicroAsset,Asia,HighTurnover,LowValue
comp_1877,MicroCap,VeryLowRevenue,MicroAsset,Asia,MidTurnover,FairValue
comp_1878,MicroCap,MidRevenue,MicroAsset,Asia,HighTurnover,LowValue
comp_1879,MicroCap,MidRevenue,LightAsset,Asia,HighTurnover,LowValue
comp_1880,MicroCap,LowRevenue,MicroAsset,Asia,HighTurnover,LowValue
comp_1881,MicroCap,LowRevenue,MicroAsset,Asia,HighTurnover,LowValue
comp_1882,MicroCap,LowRevenue,MicroAsset,Asia,HighTurnover,LowValue
comp_1883,MicroCap,LowRevenue,MicroAsset,Asia,MidTurnover,LowValue
comp_1884,MicroCap,LowRevenue,MicroAsset,Asia,HighTurnover,LowValue
comp_1885,MegaCap,HighRevenue,LargeAsset,North_America,LowTurnover,HighValue
comp_1886,MegaCap,HighRevenue,HeavyAsset,North_America,LowTurnover,FairValue
comp_1887,MegaCap,UpperRevenue,LargeAsset,North_America,LowTurnover,HighValue
comp_1888,MegaCap,UpperRevenue,LargeAsset,North_America,LowTurnover,HighValue
comp_1889,MegaCap,UpperRevenue,LargeAsset,North_America,MidTurnover,HighValue
comp_1890,LargeCap,UpperRevenue,LargeAsset,North_America,MidTurnover,HighValue
comp_1891,LargeCap,HighRevenue,LargeAsset,North_America,MidTurnover,HighValue
comp_1892,LargeCap,HighRevenue,HeavyAsset,North_America,LowTurnover,LowValue
comp_1893,LargeCap,UpperRevenue,LargeAsset,North_America,LowTurnover,LowValue
comp_1894,LargeCap,UpperRevenue,LargeAsset,North_America,MidTurnover,HighValue
comp_1895,LargeCap,UpperRevenue,MidAsset,North_America,MidTurnover,HighValue
comp_1896,LargeCap,UpperRevenue,MidAsset,North_America,LowTurnover,HighValue
comp_1897,LargeCap,LowRevenue,MidAsset,North_America,LowTurnover,HighValue
comp_1898,LargeCap,HighRevenue,LargeAsset,North_America,HighTurnover,HighValue
comp_1899,LargeCap,UpperRevenue,MidAsset,North_America,HighTurnover,HighValue
comp_1900,LargeCap,UpperRevenue,LargeAsset,North_America,MidTurnover,FairValue
comp_1901,LargeCap,UpperRevenue,LargeAsset,North_America,LowTurnover,FairValue
comp_1902,LargeCap,MidRevenue,MidAsset,North_America,LowTurnover,HighValue
comp_1903,LargeCap,UpperRevenue,MidAsset,North_America,LowTurnover,HighValue
comp_1904,LargeCap,UpperRevenue,MidAsset,North_America,LowTurnover,FairValue
comp_1905,MidCap,UpperRevenue,MidAsset,North_America,MidTurnover,FairValue
comp_1906,MidCap,VeryLowRevenue,MidAsset,North_America,LowTurnover,HighValue
comp_1907,MidCap,MidRevenue,MidAsset,North_America,LowTurnover,HighValue
comp_1908,MidCap,UpperRevenue,MidAsset,North_America,LowTurnover,FairValue
comp_1909,MidCap,MidRevenue,MidAsset,North_America,LowTurnover,HighValue
comp_1910,MidCap,UpperRevenue,LargeAsset,North_America,LowTurnover,FairValue
comp_1911,MidCap,,MidAsset,North_America,,HighValue
comp_1912,MidCap,UpperRevenue,MidAsset,North_America,MidTurnover,HighValue
comp_1913,MidCap,UpperRevenue,MidAsset,North_America,MidTurnover,FairValue
comp_1914,MidCap,,MidAsset,North_America,,HighValue
comp_1915,MidCap,MidRevenue,MidAsset,North_America,MidTurnover,HighValue
comp_1916,MidCap,UpperRevenue,MidAsset,North_America,MidTurnover,HighValue
comp_1917,MidCap,MidRevenue,MidAsset,North_America,LowTurnover,HighValue
comp_1918,MidCap,,LightAsset,North_America,,HighValue
comp_1919,MidCap,UpperRevenue,MidAsset,North_America,MidTurnover,HighValue
comp_1920,MidCap,MidRevenue,LightAsset,North_America,MidTurnover,HighValue
comp_1921,MidCap,MidRevenue,MidAsset,North_America,LowTurnover,HighValue
comp_1922,MidCap,,LightAsset,North_America,,HighValue
comp_1923,MidCap,MidRevenue,MidAsset,North_America,MidTurnover,HighValue
comp_1924,MidCap,,LightAsset,North_America,,HighValue
comp_1925,MidCap,UpperRevenue,MidAsset,North_America,MidTurnover,FairValue
comp_1926,MidCap,,LightAsset,North_America,,HighValue
comp_1927,MidCap,VeryLowRevenue,LightAsset,North_America,LowTurnover,HighValue
comp_1928,MidCap,MidRevenue,LightAsset,North_America,MidTurnover,HighValue
comp_1929,MidCap,,MidAsset,North_America,,HighValue
comp_1930,MidCap,MidRevenue,MidAsset,North_America,LowTurnover,HighValue
comp_1931,MidCap,,LightAsset,North_America,,HighValue
comp_1932,MidCap,UpperRevenue,MidAsset,North_America,MidTurnover,FairValue
comp_1933,MidCap,UpperRevenue,MidAsset,North_America,MidTurnover,FairValue
comp_1934,MidCap,MidRevenue,MidAsset,North_America,LowTurnover,FairValue
comp_1935,MidCap,,LightAsset,North_America,,HighValue
comp_1936,MidCap,MidRevenue,MidAsset,North_America,MidTurnover,FairValue
comp_1937,MidCap,LowRevenue,LightAsset,North_America,LowTurnover,HighValue
comp_1938,MidCap,UpperRevenue,MidAsset,North_America,HighTurnover,FairValue
comp_1939,MidCap,UpperRevenue,MidAsset,North_America,HighTurnover,HighValue
comp_1940,MidCap,,LightAsset,North_America,,HighValue
comp_1941,MidCap,MidRevenue,MidAsset,North_America,LowTurnover,FairValue
comp_1942,SmallCap,MidRevenue,LightAsset,North_America,LowTurnover,HighValue
comp_1943,SmallCap,LowRevenue,LightAsset,North_America,LowTurnover,HighValue
comp_1944,SmallCap,,LightAsset,North_America,,HighValue
comp_1945,SmallCap,,MidAsset,North_America,,FairValue
comp_1946,SmallCap,,MicroAsset,North_America,,HighValue
comp_1947,SmallCap,MidRevenue,MidAsset,North_America,LowTurnover,FairValue
comp_1948,SmallCap,MidRevenue,MidAsset,North_America,MidTurnover,HighValue
comp_1949,SmallCap,,MicroAsset,North_America,,HighValue
comp_1950,SmallCap,,MidAsset,North_America,,FairValue
comp_1951,SmallCap,LowRevenue,LightAsset,North_America,LowTurnover,HighValue
comp_1952,SmallCap,UpperRevenue,MidAsset,North_America,HighTurnover,LowValue
comp_1953,SmallCap,,LightAsset,North_America,,HighValue
comp_1954,SmallCap,MidRevenue,LightAsset,North_America,MidTurnover,HighValue
comp_1955,SmallCap,,MicroAsset,North_America,,HighValue
comp_1956,SmallCap,VeryLowRevenue,MicroAsset,North_America,LowTurnover,HighValue
comp_1957,SmallCap,MidRevenue,LightAsset,North_America,MidTurnover,HighValue
comp_1958,SmallCap,MidRevenue,MidAsset,North_America,LowTurnover,FairValue
comp_1959,SmallCap,MidRevenue,LightAsset,North_America,MidTurnover,HighValue
comp_1960,SmallCap,LowRevenue,MidAsset,North_America,LowTurnover,FairValue
comp_1961,SmallCap,LowRevenue,LightAsset,North_America,LowTurnover,HighValue
comp_1962,SmallCap,MidRevenue,LightAsset,North_America,MidTurnover,HighValue
comp_1963,SmallCap,MidRevenue,LightAsset,North_America,HighTurnover,FairValue
comp_1964,SmallCap,LowRevenue,MidAsset,North_America,LowTurnover,FairValue
comp_1965,SmallCap,,MicroAsset,North_America,,HighValue
comp_1966,SmallCap,MidRevenue,MidAsset,North_America,LowTurnover,LowValue
comp_1967,SmallCap,VeryLowRevenue,LightAsset,North_America,LowTurnover,HighValue
comp_1968,SmallCap,MidRevenue,LightAsset,North_America,MidTurnover,HighValue
comp_1969,SmallCap,MidRevenue,LightAsset,North_America,MidTurnover,FairValue
comp_1970,SmallCap,,LightAsset,North_America,,HighValue
comp_1971,SmallCap,MidRevenue,LightAsset,North_America,MidTurnover,HighValue
comp_1972,SmallCap,LowRevenue,LightAsset,North_America,LowTurnover,HighValue
comp_1973,SmallCap,MidRevenue,MidAsset,North_America,MidTurnover,FairValue
comp_1974,SmallCap,,MicroAsset,North_America,,HighValue
comp_1975,SmallCap,,LightAsset,North_America,,HighValue
comp_1976,SmallCap,VeryLowRevenue,LightAsset,North_America,LowTurnover,FairValue
comp_1977,SmallCap,LowRevenue,LightAsset,North_America,LowTurnover,HighValue
comp_1978,SmallCap,MidRevenue,LightAsset,North_America,MidTurnover,FairValue
comp_1979,SmallCap,MidRevenue,LightAsset,North_America,MidTurnover,HighValue
comp_1980,SmallCap,VeryLowRevenue,LightAsset,North_America,LowTurnover,HighValue
comp_1981,SmallCap,,LightAsset,North_America,,HighValue
comp_1982,SmallCap,LowRevenue,LightAsset,North_America,MidTurnover,HighValue
comp_1983,SmallCap,,MidAsset,North_America,,LowValue
comp_1984,SmallCap,,MicroAsset,North_America,,HighValue
comp_1985,SmallCap,,LightAsset,North_America,,HighValue
comp_1986,SmallCap,,LightAsset,North_America,,HighValue
comp_1987,SmallCap,,MicroAsset,North_America,,HighValue
comp_1988,SmallCap,,MicroAsset,North_America,,HighValue
comp_1989,SmallCap,LowRevenue,LightAsset,North_America,LowTurnover,HighValue
comp_1990,SmallCap,LowRevenue,LightAsset,North_America,LowTurnover,HighValue
comp_1991,SmallCap,,LightAsset,North_America,,HighValue
comp_1992,SmallCap,,LightAsset,North_America,,HighValue
comp_1993,SmallCap,,MicroAsset,North_America,,HighValue
comp_1994,SmallCap,,LightAsset,North_America,,HighValue
comp_1995,SmallCap,,MicroAsset,North_America,,HighValue
comp_1996,SmallCap,UpperRevenue,MidAsset,North_America,HighTurnover,LowValue
comp_1997,SmallCap,MidRevenue,LightAsset,North_America,HighTurnover,HighValue
comp_1998,SmallCap,,MicroAsset,North_America,,HighValue
comp_1999,SmallCap,,MicroAsset,North_America,,HighValue
comp_2000,SmallCap,LowRevenue,LightAsset,North_America,LowTurnover,HighValue
comp_2001,SmallCap,,LightAsset,North_America,,HighValue
comp_2002,SmallCap,,MicroAsset,North_America,,HighValue
comp_2003,SmallCap,,LightAsset,North_America,,HighValue
comp_2004,SmallCap,MidRevenue,LightAsset,North_America,HighTurnover,HighValue
comp_2005,SmallCap,,MicroAsset,North_America,,HighValue
comp_2006,SmallCap,,LightAsset,North_America,,HighValue
comp_2007,SmallCap,MidRevenue,LightAsset,North_America,MidTurnover,FairValue
comp_2008,SmallCap,MidRevenue,LightAsset,North_America,MidTurnover,FairValue
comp_2009,SmallCap,,MicroAsset,North_America,,HighValue
comp_2010,SmallCap,LowRevenue,LightAsset,North_America,LowTurnover,HighValue
comp_2011,SmallCap,,LightAsset,North_America,,HighValue
comp_2012,SmallCap,,MicroAsset,North_America,,HighValue
comp_2013,SmallCap,,MicroAsset,North_America,,HighValue
comp_2014,SmallCap,,LightAsset,North_America,,HighValue
comp_2015,SmallCap,MidRevenue,LightAsset,North_America,MidTurnover,HighValue
comp_2016,SmallCap,,MicroAsset,North_America,,HighValue
comp_2017,SmallCap,,MicroAsset,North_America,,HighValue
comp_2018,SmallCap,,LightAsset,North_America,,HighValue
comp_2019,SmallCap,,LightAsset,North_America,,HighValue
comp_2020,SmallCap,,LightAsset,North_America,,HighValue
comp_2021,SmallCap,MidRevenue,LightAsset,North_America,HighTurnover,FairValue
comp_2022,SmallCap,,MicroAsset,North_America,,HighValue
comp_2023,SmallCap,,MicroAsset,North_America,,HighValue
comp_2024,SmallCap,,MicroAsset,North_America,,HighValue
comp_2025,SmallCap,,LightAsset,North_America,,FairValue
comp_2026,SmallCap,,MicroAsset,North_America,,HighValue
comp_2027,SmallCap,,LightAsset,North_America,,HighValue
comp_2028,SmallCap,,MicroAsset,North_America,,HighValue
comp_2029,SmallCap,LowRevenue,MicroAsset,North_America,MidTurnover,HighValue
comp_2030,SmallCap,VeryLowRevenue,MicroAsset,North_America,LowTurnover,HighValue
comp_2031,SmallCap,,LightAsset,North_America,,HighValue
comp_2032,SmallCap,,MicroAsset,North_America,,HighValue
comp_2033,SmallCap,,LightAsset,North_America,,HighValue
comp_2034,SmallCap,,MicroAsset,North_America,,HighValue
comp_2035,SmallCap,,MicroAsset,North_America,,HighValue
comp_2036,SmallCap,VeryLowRevenue,LightAsset,North_America,LowTurnover,FairValue
comp_2037,SmallCap,,MicroAsset,North_America,,HighValue
comp_2038,SmallCap,,MicroAsset,North_America,,HighValue
comp_2039,SmallCap,,MicroAsset,North_America,,HighValue
comp_2040,SmallCap,,MicroAsset,North_America,,HighValue
comp_2041,SmallCap,LowRevenue,MicroAsset,North_America,HighTurnover,HighValue
comp_2042,SmallCap,,MicroAsset,North_America,,HighValue
comp_2043,SmallCap,,MicroAsset,North_America,,HighValue
comp_2044,SmallCap,,MicroAsset,North_America,,HighValue
comp_2045,SmallCap,UpperRevenue,LightAsset,North_America,HighTurnover,FairValue
comp_2046,SmallCap,LowRevenue,MicroAsset,North_America,HighTurnover,HighValue
comp_2047,SmallCap,,MicroAsset,North_America,,HighValue
comp_2048,SmallCap,,MicroAsset,North_America,,HighValue
comp_2049,SmallCap,,LightAsset,North_America,,FairValue
comp_2050,SmallCap,,MicroAsset,North_America,,HighValue
comp_2051,SmallCap,,MicroAsset,North_America,,HighValue
comp_2052,SmallCap,,MicroAsset,North_America,,HighValue
comp_2053,MicroCap,VeryLowRevenue,MicroAsset,North_America,LowTurnover,HighValue
comp_2054,MicroCap,,MicroAsset,North_America,,HighValue
comp_2055,MicroCap,,MicroAsset,North_America,,HighValue
comp_2056,MicroCap,,MicroAsset,North_America,,HighValue
comp_2057,MicroCap,LowRevenue,MicroAsset,North_America,MidTurnover,HighValue
comp_2058,MicroCap,,MicroAsset,North_America,,HighValue
comp_2059,MicroCap,,MicroAsset,North_America,,HighValue
comp_2060,MicroCap,,MicroAsset,North_America,,HighValue
comp_2061,MicroCap,,LightAsset,North_America,,HighValue
comp_2062,MicroCap,,LightAsset,North_America,,FairValue
comp_2063,MicroCap,VeryLowRevenue,LightAsset,North_America,LowTurnover,FairValue
comp_2064,MicroCap,LowRevenue,LightAsset,North_America,MidTurnover,HighValue
comp_2065,MicroCap,,MicroAsset,North_America,,HighValue
comp_2066,MicroCap,,MicroAsset,North_America,,HighValue
comp_2067,MicroCap,MidRevenue,LightAsset,North_America,HighTurnover,FairValue
comp_2068,MicroCap,LowRevenue,LightAsset,North_America,MidTurnover,FairValue
comp_2069,MicroCap,,MicroAsset,North_America,,HighValue
comp_2070,MicroCap,,MicroAsset,North_America,,HighValue
comp_2071,MicroCap,,MicroAsset,North_America,,HighValue
comp_2072,MicroCap,,MicroAsset,North_America,,HighValue
comp_2073,MicroCap,,MicroAsset,North_America,,HighValue
comp_2074,MicroCap,,,North_America,,
comp_2075,MicroCap,,MicroAsset,North_America,,HighValue
comp_2076,MicroCap,,MicroAsset,North_America,,HighValue
comp_2077,MicroCap,VeryLowRevenue,MicroAsset,North_America,LowTurnover,HighValue
comp_2078,MicroCap,,MicroAsset,North_America,,HighValue
comp_2079,MicroCap,,MicroAsset,North_America,,HighValue
comp_2080,MicroCap,LowRevenue,MicroAsset,North_America,HighTurnover,HighValue
comp_2081,MicroCap,,MicroAsset,North_America,,HighValue
comp_2082,MicroCap,MidRevenue,LightAsset,North_America,HighTurnover,FairValue
comp_2083,MicroCap,,LightAsset,North_America,,FairValue
comp_2084,MicroCap,,MicroAsset,North_America,,HighValue
comp_2085,MicroCap,,MicroAsset,North_America,,HighValue
comp_2086,MicroCap,,MicroAsset,North_America,,HighValue
comp_2087,MicroCap,,LightAsset,North_America,,FairValue
comp_2088,MicroCap,LowRevenue,LightAsset,North_America,LowTurnover,LowValue
comp_2089,MicroCap,,MicroAsset,North_America,,HighValue
comp_2090,MicroCap,,MicroAsset,North_America,,HighValue
comp_2091,MicroCap,,MicroAsset,North_America,,HighValue
comp_2092,MicroCap,,MicroAsset,North_America,,HighValue
comp_2093,MicroCap,VeryLowRevenue,MicroAsset,North_America,LowTurnover,HighValue
comp_2094,MicroCap,,MicroAsset,North_America,,HighValue
comp_2095,MicroCap,MidRevenue,LightAsset,North_America,MidTurnover,LowValue
comp_2096,MicroCap,,LightAsset,North_America,,FairValue
comp_2097,MicroCap,,MicroAsset,North_America,,HighValue
comp_2098,MicroCap,,LightAsset,North_America,,FairValue
comp_2099,MicroCap,,LightAsset,North_America,,FairValue
comp_2100,MicroCap,,LightAsset,North_America,,FairValue
comp_2101,MicroCap,,MicroAsset,North_America,,HighValue
comp_2102,MicroCap,MidRevenue,LightAsset,North_America,MidTurnover,LowValue
comp_2103,MicroCap,,LightAsset,North_America,,FairValue
comp_2104,MicroCap,VeryLowRevenue,MicroAsset,North_America,LowTurnover,HighValue
comp_2105,MicroCap,,MicroAsset,North_America,,HighValue
comp_2106,MicroCap,MidRevenue,LightAsset,North_America,MidTurnover,LowValue
comp_2107,MicroCap,,,North_America,,
comp_2108,MicroCap,,LightAsset,North_America,,FairValue
comp_2109,MicroCap,,,North_America,,
comp_2110,MicroCap,,MicroAsset,North_America,,HighValue
comp_2111,MicroCap,,MicroAsset,North_America,,HighValue
comp_2112,MicroCap,LowRevenue,MicroAsset,North_America,HighTurnover,HighValue
comp_2113,MicroCap,,MicroAsset,North_America,,HighValue
comp_2114,MicroCap,,MicroAsset,North_America,,HighValue
comp_2115,MicroCap,,MicroAsset,North_America,,HighValue
comp_2116,MicroCap,,MicroAsset,North_America,,HighValue
comp_2117,MicroCap,,LightAsset,North_America,,FairValue
comp_2118,MicroCap,,MicroAsset,North_America,,HighValue
comp_2119,MicroCap,MidRevenue,LightAsset,North_America,HighTurnover,FairValue
comp_2120,MicroCap,,MicroAsset,North_America,,HighValue
comp_2121,MicroCap,,LightAsset,North_America,,LowValue
comp_2122,MicroCap,,LightAsset,North_America,,FairValue
comp_2123,MicroCap,,MicroAsset,North_America,,HighValue
comp_2124,MicroCap,,LightAsset,North_America,,LowValue
comp_2125,MicroCap,,MicroAsset,North_America,,HighValue
comp_2126,MicroCap,LowRevenue,MicroAsset,North_America,LowTurnover,HighValue
comp_2127,MicroCap,,MicroAsset,North_America,,HighValue
comp_2128,MicroCap,,MicroAsset,North_America,,HighValue
comp_2129,MicroCap,,MicroAsset,North_America,,HighValue
comp_2130,MicroCap,,,North_America,,
comp_2131,MicroCap,,MicroAsset,North_America,,HighValue
comp_2132,MicroCap,MidRevenue,LightAsset,North_America,MidTurnover,LowValue
comp_2133,MicroCap,,MicroAsset,North_America,,HighValue
comp_2134,MicroCap,,MicroAsset,North_America,,HighValue
comp_2135,MicroCap,,MicroAsset,North_America,,HighValue
comp_2136,MicroCap,,,North_America,,
comp_2137,MicroCap,,MicroAsset,North_America,,HighValue
comp_2138,MicroCap,,MicroAsset,North_America,,HighValue
comp_2139,MicroCap,,MicroAsset,North_America,,HighValue
comp_2140,MicroCap,,MicroAsset,North_America,,HighValue
comp_2141,MicroCap,,MicroAsset,North_America,,HighValue
comp_2142,MicroCap,,LightAsset,North_America,,FairValue
comp_2143,MicroCap,,MicroAsset,North_America,,HighValue
comp_2144,MicroCap,LowRevenue,MicroAsset,North_America,HighTurnover,HighValue
comp_2145,MicroCap,,MicroAsset,North_America,,HighValue
comp_2146,MicroCap,,MicroAsset,North_America,,HighValue
comp_2147,MicroCap,,MicroAsset,North_America,,HighValue
comp_2148,MicroCap,,MicroAsset,North_America,,HighValue
comp_2149,MicroCap,LowRevenue,MicroAsset,North_America,MidTurnover,FairValue
comp_2150,MicroCap,,MicroAsset,North_America,,HighValue
comp_2151,MicroCap,LowRevenue,MicroAsset,North_America,MidTurnover,HighValue
comp_2152,MicroCap,VeryLowRevenue,LightAsset,North_America,LowTurnover,LowValue
comp_2153,MicroCap,,MicroAsset,North_America,,FairValue
comp_2154,MicroCap,,MicroAsset,North_America,,HighValue
comp_2155,MicroCap,,MicroAsset,North_America,,HighValue
comp_2156,MicroCap,,MicroAsset,North_America,,HighValue
comp_2157,MicroCap,,MicroAsset,North_America,,HighValue
comp_2158,MicroCap,,MicroAsset,North_America,,HighValue
comp_2159,MicroCap,LowRevenue,LightAsset,North_America,LowTurnover,FairValue
comp_2160,MicroCap,,MicroAsset,North_America,,HighValue
comp_2161,MicroCap,,,North_America,,
comp_2162,MicroCap,,MicroAsset,North_America,,HighValue
comp_2163,MicroCap,,MicroAsset,North_America,,HighValue
comp_2164,MicroCap,,MicroAsset,North_America,,HighValue
comp_2165,MicroCap,,MicroAsset,North_America,,HighValue
comp_2166,MicroCap,,LightAsset,North_America,,LowValue
comp_2167,MicroCap,,MicroAsset,North_America,,HighValue
comp_2168,MicroCap,,MicroAsset,North_America,,HighValue
comp_2169,MicroCap,,MicroAsset,North_America,,HighValue
comp_2170,MicroCap,VeryLowRevenue,MicroAsset,North_America,LowTurnover,HighValue
comp_2171,MicroCap,,MicroAsset,North_America,,HighValue
comp_2172,MicroCap,,MicroAsset,North_America,,HighValue
comp_2173,MicroCap,,MicroAsset,North_America,,HighValue
comp_2174,MicroCap,,MicroAsset,North_America,,HighValue
comp_2175,MicroCap,LowRevenue,MicroAsset,North_America,HighTurnover,HighValue
comp_2176,MicroCap,,MicroAsset,North_America,,HighValue
comp_2177,MicroCap,,MicroAsset,North_America,,HighValue
comp_2178,MicroCap,,LightAsset,North_America,,FairValue
comp_2179,MicroCap,LowRevenue,MicroAsset,North_America,MidTurnover,HighValue
comp_2180,MicroCap,,MicroAsset,North_America,,HighValue
comp_2181,MicroCap,,MicroAsset,North_America,,HighValue
comp_2182,MicroCap,,MicroAsset,North_America,,HighValue
comp_2183,MicroCap,,MicroAsset,North_America,,HighValue
comp_2184,MicroCap,,MicroAsset,North_America,,HighValue
comp_2185,MicroCap,,MicroAsset,North_America,,HighValue
comp_2186,MicroCap,,MicroAsset,North_America,,HighValue
comp_2187,MicroCap,,MicroAsset,North_America,,HighValue
comp_2188,MicroCap,,MicroAsset,North_America,,HighValue
comp_2189,MicroCap,,MicroAsset,North_America,,HighValue
comp_2190,MicroCap,,MicroAsset,North_America,,FairValue
comp_2191,MicroCap,,MicroAsset,North_America,,HighValue
comp_2192,MicroCap,,MicroAsset,North_America,,HighValue
comp_2193,MicroCap,,MicroAsset,North_America,,HighValue
comp_2194,MicroCap,,MicroAsset,North_America,,HighValue
comp_2195,MicroCap,,MicroAsset,North_America,,HighValue
comp_2196,MicroCap,,MicroAsset,North_America,,HighValue
comp_2197,MicroCap,,MicroAsset,North_America,,HighValue
comp_2198,MicroCap,MidRevenue,LightAsset,North_America,MidTurnover,LowValue
comp_2199,MicroCap,MidRevenue,MidAsset,North_America,LowTurnover,LowValue
comp_2200,MicroCap,,LightAsset,North_America,,LowValue
comp_2201,MicroCap,,MicroAsset,North_America,,HighValue
comp_2202,MicroCap,,MicroAsset,North_America,,HighValue
comp_2203,MicroCap,,MicroAsset,North_America,,FairValue
comp_2204,MicroCap,,MicroAsset,North_America,,FairValue
comp_2205,MicroCap,VeryLowRevenue,MicroAsset,North_America,LowTurnover,HighValue
comp_2206,MicroCap,,MicroAsset,North_America,,HighValue
comp_2207,MicroCap,,MicroAsset,North_America,,HighValue
comp_2208,MicroCap,,MicroAsset,North_America,,HighValue
comp_2209,MicroCap,VeryLowRevenue,MicroAsset,North_America,LowTurnover,HighValue
comp_2210,MicroCap,,MicroAsset,North_America,,HighValue
comp_2211,MicroCap,,MicroAsset,North_America,,HighValue
comp_2212,MicroCap,,MicroAsset,North_America,,HighValue
comp_2213,MicroCap,LowRevenue,LightAsset,North_America,LowTurnover,LowValue
comp_2214,MicroCap,,MicroAsset,North_America,,HighValue
comp_2215,MicroCap,,MicroAsset,North_America,,HighValue
comp_2216,MicroCap,VeryLowRevenue,MicroAsset,North_America,LowTurnover,HighValue
comp_2217,MicroCap,,MicroAsset,North_America,,HighValue
comp_2218,MicroCap,,MicroAsset,North_America,,HighValue
comp_2219,MicroCap,,MicroAsset,North_America,,HighValue
comp_2220,MicroCap,,MicroAsset,North_America,,HighValue
comp_2221,MicroCap,,MicroAsset,North_America,,FairValue
comp_2222,MicroCap,,MicroAsset,North_America,,HighValue
comp_2223,MicroCap,,MicroAsset,North_America,,HighValue
comp_2224,MicroCap,,MicroAsset,North_America,,FairValue
comp_2225,MicroCap,,MicroAsset,North_America,,FairValue
comp_2226,MicroCap,,MicroAsset,North_America,,HighValue
comp_2227,MicroCap,,MicroAsset,North_America,,HighValue
comp_2228,MicroCap,MidRevenue,LightAsset,North_America,HighTurnover,LowValue
comp_2229,MicroCap,,MicroAsset,North_America,,FairValue
comp_2230,MicroCap,,MicroAsset,North_America,,HighValue
comp_2231,MicroCap,,MicroAsset,North_America,,HighValue
comp_2232,MicroCap,,MicroAsset,North_America,,HighValue
comp_2233,MicroCap,,LightAsset,North_America,,LowValue
comp_2234,MicroCap,,MicroAsset,North_America,,HighValue
comp_2235,MicroCap,MidRevenue,LightAsset,North_America,HighTurnover,LowValue
comp_2236,MicroCap,,MicroAsset,North_America,,HighValue
comp_2237,MicroCap,,MicroAsset,North_America,,HighValue
comp_2238,MicroCap,VeryLowRevenue,MicroAsset,North_America,LowTurnover,HighValue
comp_2239,MicroCap,,MicroAsset,North_America,,HighValue
comp_2240,MicroCap,MidRevenue,LightAsset,North_America,HighTurnover,LowValue
comp_2241,MicroCap,,MicroAsset,North_America,,HighValue
comp_2242,MicroCap,MidRevenue,LightAsset,North_America,HighTurnover,LowValue
comp_2243,MicroCap,,MicroAsset,North_America,,HighValue
comp_2244,MicroCap,,MicroAsset,North_America,,HighValue
comp_2245,MicroCap,MidRevenue,MidAsset,North_America,LowTurnover,LowValue
comp_2246,MicroCap,LowRevenue,LightAsset,North_America,LowTurnover,LowValue
comp_2247,MicroCap,VeryLowRevenue,MicroAsset,North_America,LowTurnover,HighValue
comp_2248,MicroCap,,MicroAsset,North_America,,HighValue
comp_2249,MicroCap,,MicroAsset,North_America,,HighValue
comp_2250,MicroCap,LowRevenue,MicroAsset,North_America,HighTurnover,HighValue
comp_2251,MicroCap,,MicroAsset,North_America,,HighValue
comp_2252,MicroCap,,MicroAsset,North_America,,HighValue
comp_2253,MicroCap,,MicroAsset,North_America,,HighValue
comp_2254,MicroCap,,MicroAsset,North_America,,HighValue
comp_2255,MicroCap,,MicroAsset,North_America,,HighValue
comp_2256,MicroCap,,LightAsset,North_America,,LowValue
comp_2257,MicroCap,,MicroAsset,North_America,,HighValue
comp_2258,MicroCap,LowRevenue,MicroAsset,North_America,HighTurnover,HighValue
comp_2259,MicroCap,,MicroAsset,North_America,,HighValue
comp_2260,MicroCap,,MicroAsset,North_America,,HighValue
comp_2261,MicroCap,,MicroAsset,North_America,,HighValue
comp_2262,MicroCap,,MicroAsset,North_America,,HighValue
comp_2263,MicroCap,,LightAsset,North_America,,LowValue
comp_2264,MicroCap,,MicroAsset,North_America,,HighValue
comp_2265,MicroCap,,MicroAsset,North_America,,HighValue
comp_2266,MicroCap,,MicroAsset,North_America,,HighValue
comp_2267,MicroCap,,MicroAsset,North_America,,HighValue
comp_2268,MicroCap,,MicroAsset,North_America,,HighValue
comp_2269,MicroCap,,MicroAsset,North_America,,HighValue
comp_2270,MicroCap,,MicroAsset,North_America,,HighValue
comp_2271,MicroCap,,MicroAsset,North_America,,HighValue
comp_2272,MicroCap,LowRevenue,LightAsset,North_America,MidTurnover,LowValue
comp_2273,MicroCap,,MicroAsset,North_America,,HighValue
comp_2274,MicroCap,,MicroAsset,North_America,,HighValue
comp_2275,MicroCap,,MicroAsset,North_America,,HighValue
comp_2276,MicroCap,,MicroAsset,North_America,,HighValue
comp_2277,MicroCap,VeryLowRevenue,MicroAsset,North_America,LowTurnover,FairValue
comp_2278,MicroCap,,MicroAsset,North_America,,HighValue
comp_2279,MicroCap,,MicroAsset,North_America,,HighValue
comp_2280,MicroCap,,MicroAsset,North_America,,HighValue
comp_2281,MicroCap,,MicroAsset,North_America,,HighValue
comp_2282,MicroCap,,MicroAsset,North_America,,HighValue
comp_2283,MicroCap,,MicroAsset,North_America,,HighValue
comp_2284,MicroCap,VeryLowRevenue,MicroAsset,North_America,LowTurnover,FairValue
comp_2285,MicroCap,,MicroAsset,North_America,,HighValue
comp_2286,MicroCap,,MicroAsset,North_America,,HighValue
comp_2287,MicroCap,,MicroAsset,North_America,,HighValue
comp_2288,MicroCap,,MicroAsset,North_America,,FairValue
comp_2289,MicroCap,,MicroAsset,North_America,,FairValue
comp_2290,MicroCap,,MicroAsset,North_America,,FairValue
comp_2291,MicroCap,,MicroAsset,North_America,,HighValue
comp_2292,MicroCap,,MicroAsset,North_America,,HighValue
comp_2293,MicroCap,,MicroAsset,North_America,,HighValue
comp_2294,MicroCap,,MicroAsset,North_America,,HighValue
comp_2295,MicroCap,,MicroAsset,North_America,,HighValue
comp_2296,MicroCap,,MicroAsset,North_America,,HighValue
comp_2297,MicroCap,,MicroAsset,North_America,,HighValue
comp_2298,MicroCap,,MicroAsset,North_America,,HighValue
comp_2299,MicroCap,,MicroAsset,North_America,,HighValue
comp_2300,MicroCap,LowRevenue,MicroAsset,North_America,MidTurnover,FairValue
comp_2301,MicroCap,,MicroAsset,North_America,,HighValue
comp_2302,MicroCap,,MicroAsset,North_America,,HighValue
comp_2303,MicroCap,VeryLowRevenue,MicroAsset,North_America,LowTurnover,HighValue
comp_2304,MicroCap,,MicroAsset,North_America,,HighValue
comp_2305,MicroCap,,MicroAsset,North_America,,HighValue
comp_2306,MicroCap,,MicroAsset,North_America,,HighValue
comp_2307,MicroCap,MidRevenue,LightAsset,North_America,MidTurnover,LowValue
comp_2308,MicroCap,,MicroAsset,North_America,,HighValue
comp_2309,MicroCap,,LightAsset,North_America,,LowValue
comp_2310,MicroCap,,MicroAsset,North_America,,HighValue
comp_2311,MicroCap,,MicroAsset,North_America,,HighValue
comp_2312,MicroCap,,MicroAsset,North_America,,HighValue
comp_2313,MicroCap,,MicroAsset,North_America,,HighValue
comp_2314,MicroCap,,MicroAsset,North_America,,HighValue
comp_2315,MicroCap,,MicroAsset,North_America,,FairValue
comp_2316,MicroCap,,MicroAsset,North_America,,FairValue
comp_2317,MicroCap,,MicroAsset,North_America,,HighValue
comp_2318,MicroCap,,MicroAsset,North_America,,HighValue
comp_2319,MicroCap,,MicroAsset,North_America,,HighValue
comp_2320,MicroCap,,,North_America,,
comp_2321,MicroCap,,MicroAsset,North_America,,HighValue
comp_2322,MicroCap,,MicroAsset,North_America,,HighValue
comp_2323,MicroCap,,MicroAsset,North_America,,HighValue
comp_2324,MicroCap,,MicroAsset,North_America,,FairValue
comp_2325,MicroCap,,MicroAsset,North_America,,HighValue
comp_2326,MicroCap,,MicroAsset,North_America,,HighValue
comp_2327,MicroCap,,MicroAsset,North_America,,HighValue
comp_2328,MicroCap,,MicroAsset,North_America,,HighValue
comp_2329,MicroCap,,MicroAsset,North_America,,HighValue
comp_2330,MicroCap,,MicroAsset,North_America,,HighValue
comp_2331,MicroCap,VeryLowRevenue,MicroAsset,North_America,LowTurnover,HighValue
comp_2332,MicroCap,,MicroAsset,North_America,,HighValue
comp_2333,MicroCap,,MicroAsset,North_America,,HighValue
comp_2334,MicroCap,,MicroAsset,North_America,,HighValue
comp_2335,MicroCap,,MicroAsset,North_America,,HighValue
comp_2336,MicroCap,,MicroAsset,North_America,,FairValue
comp_2337,MicroCap,,MicroAsset,North_America,,HighValue
comp_2338,MicroCap,,MicroAsset,North_America,,FairValue
comp_2339,MicroCap,,,North_America,,
comp_2340,MicroCap,,MicroAsset,North_America,,FairValue
comp_2341,MicroCap,,MicroAsset,North_America,,HighValue
comp_2342,MicroCap,,MicroAsset,North_America,,HighValue
comp_2343,MicroCap,,MicroAsset,North_America,,HighValue
comp_2344,MicroCap,,MicroAsset,North_America,,FairValue
comp_2345,MicroCap,,MicroAsset,North_America,,HighValue
comp_2346,MicroCap,,MicroAsset,North_America,,HighValue
comp_2347,MicroCap,,MicroAsset,North_America,,HighValue
comp_2348,MicroCap,,MicroAsset,North_America,,HighValue
comp_2349,MicroCap,,MicroAsset,North_America,,HighValue
comp_2350,MicroCap,,MicroAsset,North_America,,HighValue
comp_2351,MicroCap,,MicroAsset,North_America,,HighValue
comp_2352,MicroCap,,MicroAsset,North_America,,HighValue
comp_2353,MicroCap,,MicroAsset,North_America,,HighValue
comp_2354,MicroCap,,MicroAsset,North_America,,HighValue
comp_2355,MicroCap,,MicroAsset,North_America,,HighValue
comp_2356,MicroCap,,MicroAsset,North_America,,HighValue
comp_2357,MicroCap,,MicroAsset,North_America,,FairValue
comp_2358,MicroCap,,MicroAsset,North_America,,HighValue
comp_2359,MicroCap,LowRevenue,MicroAsset,North_America,HighTurnover,HighValue
comp_2360,MicroCap,,MicroAsset,North_America,,HighValue
comp_2361,MicroCap,,MicroAsset,North_America,,FairValue
comp_2362,MicroCap,,MicroAsset,North_America,,FairValue
comp_2363,MicroCap,,MicroAsset,North_America,,HighValue
comp_2364,MicroCap,VeryLowRevenue,MicroAsset,North_America,LowTurnover,FairValue
comp_2365,MicroCap,,MicroAsset,North_America,,HighValue
comp_2366,MicroCap,,MicroAsset,North_America,,LowValue
comp_2367,MicroCap,,MicroAsset,North_America,,HighValue
comp_2368,MicroCap,VeryLowRevenue,MicroAsset,North_America,LowTurnover,LowValue
comp_2369,MicroCap,,MicroAsset,North_America,,LowValue
comp_2370,MicroCap,,MicroAsset,North_America,,HighValue
comp_2371,MicroCap,,MicroAsset,North_America,,FairValue
comp_2372,MicroCap,,MicroAsset,North_America,,LowValue
comp_2373,MicroCap,,MicroAsset,North_America,,HighValue
comp_2374,MicroCap,,MicroAsset,North_America,,HighValue
comp_2375,MicroCap,LowRevenue,MicroAsset,North_America,MidTurnover,FairValue
comp_2376,MicroCap,,MicroAsset,North_America,,HighValue
comp_2377,MicroCap,,MicroAsset,North_America,,HighValue
comp_2378,MicroCap,,MicroAsset,North_America,,HighValue
comp_2379,MicroCap,,MicroAsset,North_America,,FairValue
comp_2380,MicroCap,,MicroAsset,North_America,,HighValue
comp_2381,MicroCap,,MicroAsset,North_America,,HighValue
comp_2382,MicroCap,,MicroAsset,North_America,,FairValue
comp_2383,MicroCap,,MicroAsset,North_America,,HighValue
comp_2384,MicroCap,VeryLowRevenue,MicroAsset,North_America,LowTurnover,HighValue
comp_2385,MicroCap,,MicroAsset,North_America,,HighValue
comp_2386,MicroCap,,MicroAsset,North_America,,HighValue
comp_2387,MicroCap,,MicroAsset,North_America,,HighValue
comp_2388,MicroCap,,MicroAsset,North_America,,FairValue
comp_2389,MicroCap,,MicroAsset,North_America,,FairValue
comp_2390,MicroCap,,MicroAsset,North_America,,HighValue
comp_2391,MicroCap,,MicroAsset,North_America,,HighValue
comp_2392,MicroCap,LowRevenue,MicroAsset,North_America,MidTurnover,LowValue
comp_2393,MicroCap,,MicroAsset,North_America,,HighValue
comp_2394,MicroCap,,MicroAsset,North_America,,HighValue
comp_2395,MicroCap,,MicroAsset,North_America,,HighValue
comp_2396,MicroCap,,MicroAsset,North_America,,FairValue
comp_2397,MicroCap,,MicroAsset,North_America,,HighValue
comp_2398,MicroCap,,MicroAsset,North_America,,HighValue
comp_2399,MicroCap,,MicroAsset,North_America,,HighValue
comp_2400,MicroCap,,MicroAsset,North_America,,HighValue
comp_2401,MicroCap,,MicroAsset,North_America,,HighValue
comp_2402,MicroCap,,MicroAsset,North_America,,LowValue
comp_2403,MicroCap,,MicroAsset,North_America,,HighValue
comp_2404,MicroCap,,MicroAsset,North_America,,HighValue
comp_2405,MicroCap,,MicroAsset,North_America,,FairValue
comp_2406,MicroCap,,MicroAsset,North_America,,HighValue
comp_2407,MicroCap,,MicroAsset,North_America,,HighValue
comp_2408,MicroCap,,MicroAsset,North_America,,HighValue
comp_2409,MicroCap,,MicroAsset,North_America,,HighValue
comp_2410,MicroCap,,MicroAsset,North_America,,HighValue
comp_2411,MicroCap,,MicroAsset,North_America,,FairValue
comp_2412,MicroCap,,MicroAsset,North_America,,HighValue
comp_2413,MicroCap,,MicroAsset,North_America,,HighValue
comp_2414,MicroCap,,MicroAsset,North_America,,HighValue
comp_2415,MicroCap,,MicroAsset,North_America,,HighValue
comp_2416,MicroCap,,MicroAsset,North_America,,HighValue
comp_2417,MicroCap,,,North_America,,
comp_2418,MicroCap,VeryLowRevenue,MicroAsset,North_America,LowTurnover,FairValue
comp_2419,MicroCap,,MicroAsset,North_America,,HighValue
comp_2420,MicroCap,VeryLowRevenue,MicroAsset,North_America,LowTurnover,HighValue
comp_2421,MicroCap,,LightAsset,North_America,,LowValue
comp_2422,MicroCap,,MicroAsset,North_America,,HighValue
comp_2423,MicroCap,,MicroAsset,North_America,,FairValue
comp_2424,MicroCap,,MicroAsset,North_America,,HighValue
comp_2425,MicroCap,,MicroAsset,North_America,,HighValue
comp_2426,MicroCap,,MicroAsset,North_America,,HighValue
comp_2427,MicroCap,,MicroAsset,North_America,,HighValue
comp_2428,MicroCap,VeryLowRevenue,MicroAsset,North_America,LowTurnover,HighValue
comp_2429,MicroCap,,MicroAsset,North_America,,HighValue
comp_2430,MicroCap,,MicroAsset,North_America,,HighValue
comp_2431,MicroCap,,MicroAsset,North_America,,HighValue
comp_2432,MicroCap,,MicroAsset,North_America,,LowValue
comp_2433,MicroCap,,MicroAsset,North_America,,HighValue
comp_2434,MicroCap,,MicroAsset,North_America,,HighValue
comp_2435,MicroCap,,MicroAsset,North_America,,HighValue
comp_2436,MicroCap,,MicroAsset,North_America,,HighValue
comp_2437,MicroCap,LowRevenue,MicroAsset,North_America,HighTurnover,HighValue
comp_2438,MicroCap,,MicroAsset,North_America,,HighValue
comp_2439,MicroCap,MidRevenue,LightAsset,North_America,HighTurnover,LowValue
comp_2440,MicroCap,,MicroAsset,North_America,,HighValue
comp_2441,MicroCap,,MicroAsset,North_America,,FairValue
comp_2442,MicroCap,,LightAsset,North_America,,LowValue
comp_2443,MicroCap,,MicroAsset,North_America,,HighValue
comp_2444,MicroCap,,MicroAsset,North_America,,HighValue
comp_2445,MicroCap,,MicroAsset,North_America,,FairValue
comp_2446,MicroCap,,MicroAsset,North_America,,HighValue
comp_2447,MicroCap,,MicroAsset,North_America,,LowValue
comp_2448,MicroCap,,MicroAsset,North_America,,LowValue
comp_2449,MicroCap,,MicroAsset,North_America,,FairValue
comp_2450,MicroCap,,MicroAsset,North_America,,LowValue
comp_2451,MicroCap,,MicroAsset,North_America,,HighValue
comp_2452,MicroCap,,MicroAsset,North_America,,HighValue
comp_2453,MicroCap,,MicroAsset,North_America,,HighValue
comp_2454,MicroCap,,MicroAsset,North_America,,HighValue
comp_2455,MicroCap,,MicroAsset,North_America,,HighValue
comp_2456,MicroCap,,MicroAsset,North_America,,HighValue
comp_2457,MicroCap,,MicroAsset,North_America,,LowValue
comp_2458,MicroCap,,MicroAsset,North_America,,FairValue
comp_2459,MicroCap,,MicroAsset,North_America,,HighValue
comp_2460,MicroCap,,LightAsset,North_America,,LowValue
comp_2461,MicroCap,MidRevenue,MicroAsset,North_America,HighTurnover,LowValue
comp_2462,MicroCap,,MicroAsset,North_America,,HighValue
comp_2463,MicroCap,,MicroAsset,North_America,,HighValue
comp_2464,MicroCap,,MicroAsset,North_America,,HighValue
comp_2465,MicroCap,,MicroAsset,North_America,,HighValue
comp_2466,MicroCap,VeryLowRevenue,MicroAsset,North_America,LowTurnover,LowValue
comp_2467,MicroCap,,MicroAsset,North_America,,HighValue
comp_2468,MicroCap,,MicroAsset,North_America,,HighValue
comp_2469,MicroCap,,MicroAsset,North_America,,FairValue
comp_2470,MicroCap,VeryLowRevenue,MicroAsset,North_America,LowTurnover,LowValue
comp_2471,MicroCap,,MicroAsset,North_America,,HighValue
comp_2472,MicroCap,,MicroAsset,North_America,,HighValue
comp_2473,MicroCap,,MicroAsset,North_America,,HighValue
comp_2474,MicroCap,VeryLowRevenue,MicroAsset,North_America,LowTurnover,LowValue
comp_2475,MicroCap,,MicroAsset,North_America,,FairValue
comp_2476,MicroCap,,,North_America,,
comp_2477,MicroCap,,MicroAsset,North_America,,HighValue
comp_2478,MicroCap,,MicroAsset,North_America,,HighValue
comp_2479,MicroCap,,MicroAsset,North_America,,HighValue
comp_2480,MicroCap,,LightAsset,North_America,,LowValue
comp_2481,MicroCap,,MicroAsset,North_America,,HighValue
comp_2482,MicroCap,,MicroAsset,North_America,,HighValue
comp_2483,MicroCap,VeryLowRevenue,MicroAsset,North_America,LowTurnover,FairValue
comp_2484,MicroCap,,MicroAsset,North_America,,HighValue
comp_2485,MicroCap,,MicroAsset,North_America,,HighValue
comp_2486,MicroCap,,MicroAsset,North_America,,HighValue
comp_2487,MicroCap,,MicroAsset,North_America,,LowValue
comp_2488,MicroCap,,MicroAsset,North_America,,FairValue
comp_2489,MicroCap,,MicroAsset,North_America,,HighValue
comp_2490,MicroCap,,MicroAsset,North_America,,HighValue
comp_2491,MicroCap,,MicroAsset,North_America,,HighValue
comp_2492,MicroCap,,MicroAsset,North_America,,HighValue
comp_2493,MicroCap,,MicroAsset,North_America,,HighValue
comp_2494,MicroCap,,MicroAsset,North_America,,LowValue
comp_2495,MicroCap,,MicroAsset,North_America,,LowValue
comp_2496,MicroCap,,MicroAsset,North_America,,HighValue
comp_2497,MicroCap,,MicroAsset,North_America,,HighValue
comp_2498,MicroCap,,MicroAsset,North_America,,HighValue
comp_2499,MicroCap,,MicroAsset,North_America,,HighValue
comp_2500,MicroCap,,MicroAsset,North_America,,HighValue
comp_2501,MicroCap,,MicroAsset,North_America,,HighValue
comp_2502,MicroCap,,MicroAsset,North_America,,HighValue
comp_2503,MicroCap,,MicroAsset,North_America,,HighValue
comp_2504,MicroCap,,MicroAsset,North_America,,FairValue
comp_2505,MicroCap,,MicroAsset,North_America,,LowValue
comp_2506,MicroCap,,MicroAsset,North_America,,HighValue
comp_2507,MicroCap,LowRevenue,MicroAsset,North_America,HighTurnover,LowValue
comp_2508,MicroCap,,MicroAsset,North_America,,HighValue
comp_2509,MicroCap,,MicroAsset,North_America,,HighValue
comp_2510,MicroCap,,MicroAsset,North_America,,HighValue
comp_2511,MicroCap,,MicroAsset,North_America,,HighValue
comp_2512,MicroCap,VeryLowRevenue,MicroAsset,North_America,MidTurnover,HighValue
comp_2513,MicroCap,,MicroAsset,North_America,,FairValue
comp_2514,MicroCap,,MicroAsset,North_America,,FairValue
comp_2515,MicroCap,,MicroAsset,North_America,,FairValue
comp_2516,MicroCap,,MicroAsset,North_America,,FairValue
comp_2517,MicroCap,,MicroAsset,North_America,,HighValue
comp_2518,MicroCap,VeryLowRevenue,MicroAsset,North_America,LowTurnover,HighValue
comp_2519,MicroCap,,MicroAsset,North_America,,HighValue
comp_2520,MicroCap,,MicroAsset,North_America,,HighValue
comp_2521,MicroCap,,MicroAsset,North_America,,HighValue
comp_2522,MicroCap,VeryLowRevenue,MicroAsset,North_America,LowTurnover,HighValue
comp_2523,MicroCap,LowRevenue,MicroAsset,North_America,LowTurnover,LowValue
comp_2524,MicroCap,,MicroAsset,North_America,,HighValue
comp_2525,MicroCap,VeryLowRevenue,MicroAsset,North_America,LowTurnover,LowValue
comp_2526,MicroCap,,MicroAsset,North_America,,HighValue
comp_2527,MicroCap,,MicroAsset,North_America,,HighValue
comp_2528,MicroCap,,MicroAsset,North_America,,HighValue
comp_2529,MicroCap,,MicroAsset,North_America,,HighValue
comp_2530,MicroCap,,MicroAsset,North_America,,HighValue
comp_2531,MicroCap,,MicroAsset,North_America,,HighValue
comp_2532,MicroCap,,MicroAsset,North_America,,HighValue
comp_2533,MicroCap,,MicroAsset,North_America,,FairValue
comp_2534,MicroCap,VeryLowRevenue,MicroAsset,North_America,LowTurnover,HighValue
comp_2535,MicroCap,,MicroAsset,North_America,,HighValue
comp_2536,MicroCap,,MicroAsset,North_America,,FairValue
comp_2537,MicroCap,,MicroAsset,North_America,,HighValue
comp_2538,MicroCap,,MicroAsset,North_America,,LowValue
comp_2539,MicroCap,,MicroAsset,North_America,,FairValue
comp_2540,MicroCap,,MicroAsset,North_America,,LowValue
comp_2541,MicroCap,VeryLowRevenue,MicroAsset,North_America,LowTurnover,HighValue
comp_2542,MicroCap,,MicroAsset,North_America,,FairValue
comp_2543,MicroCap,,MicroAsset,North_America,,HighValue
comp_2544,MicroCap,LowRevenue,LightAsset,North_America,MidTurnover,LowValue
comp_2545,MicroCap,,MicroAsset,North_America,,HighValue
comp_2546,MicroCap,,MicroAsset,North_America,,FairValue
comp_2547,MicroCap,,MicroAsset,North_America,,HighValue
comp_2548,MicroCap,,MicroAsset,North_America,,HighValue
comp_2549,MicroCap,VeryLowRevenue,MicroAsset,North_America,LowTurnover,HighValue
comp_2550,MicroCap,,MicroAsset,North_America,,HighValue
comp_2551,MicroCap,,MicroAsset,North_America,,LowValue
comp_2552,MicroCap,,MicroAsset,North_America,,HighValue
comp_2553,MicroCap,,MicroAsset,North_America,,HighValue
comp_2554,MicroCap,LowRevenue,MicroAsset,North_America,HighTurnover,FairValue
comp_2555,MicroCap,,MicroAsset,North_America,,HighValue
comp_2556,MicroCap,,MicroAsset,North_America,,HighValue
comp_2557,MicroCap,,MicroAsset,North_America,,HighValue
comp_2558,MicroCap,VeryLowRevenue,MicroAsset,North_America,LowTurnover,FairValue
comp_2559,MicroCap,,MicroAsset,North_America,,HighValue
comp_2560,MicroCap,,MicroAsset,North_America,,HighValue
comp_2561,MicroCap,,,North_America,,
comp_2562,MicroCap,LowRevenue,MicroAsset,North_America,HighTurnover,LowValue
comp_2563,MicroCap,,MicroAsset,North_America,,HighValue
comp_2564,MicroCap,,MicroAsset,North_America,,HighValue
comp_2565,MicroCap,LowRevenue,MicroAsset,North_America,MidTurnover,FairValue
comp_2566,MicroCap,,MicroAsset,North_America,,FairValue
comp_2567,MicroCap,,MicroAsset,North_America,,LowValue
comp_2568,MicroCap,,MicroAsset,North_America,,FairValue
comp_2569,MicroCap,,MicroAsset,North_America,,FairValue
comp_2570,MicroCap,,MicroAsset,North_America,,HighValue
comp_2571,MicroCap,,MicroAsset,North_America,,HighValue
comp_2572,MicroCap,,MicroAsset,North_America,,FairValue
comp_2573,MicroCap,,MicroAsset,North_America,,HighValue
comp_2574,MicroCap,,MicroAsset,North_America,,HighValue
comp_2575,MicroCap,,MicroAsset,North_America,,LowValue
comp_2576,MicroCap,,MicroAsset,North_America,,HighValue
comp_2577,MicroCap,,MicroAsset,North_America,,HighValue
comp_2578,MicroCap,,MicroAsset,North_America,,HighValue
comp_2579,MicroCap,,MicroAsset,North_America,,HighValue
comp_2580,MicroCap,,MicroAsset,North_America,,HighValue
comp_2581,MicroCap,,MicroAsset,North_America,,HighValue
comp_2582,MicroCap,,MicroAsset,North_America,,LowValue
comp_2583,MicroCap,,MicroAsset,North_America,,HighValue
comp_2584,MicroCap,,MicroAsset,North_America,,FairValue
comp_2585,MicroCap,,MicroAsset,North_America,,HighValue
comp_2586,MicroCap,VeryLowRevenue,MicroAsset,North_America,LowTurnover,HighValue
comp_2587,MicroCap,,MicroAsset,North_America,,FairValue
comp_2588,MicroCap,,MicroAsset,North_America,,HighValue
comp_2589,MicroCap,,MicroAsset,North_America,,HighValue
comp_2590,MicroCap,,MicroAsset,North_America,,HighValue
comp_2591,MicroCap,,MicroAsset,North_America,,FairValue
comp_2592,MicroCap,,MicroAsset,North_America,,HighValue
comp_2593,MicroCap,,MicroAsset,North_America,,FairValue
comp_2594,MicroCap,VeryLowRevenue,MicroAsset,North_America,MidTurnover,HighValue
comp_2595,MicroCap,,MicroAsset,North_America,,HighValue
comp_2596,MicroCap,,MicroAsset,North_America,,HighValue
comp_2597,MicroCap,,MicroAsset,North_America,,LowValue
comp_2598,MicroCap,,MicroAsset,North_America,,HighValue
comp_2599,MicroCap,,MicroAsset,North_America,,HighValue
comp_2600,MicroCap,LowRevenue,MicroAsset,North_America,MidTurnover,LowValue
comp_2601,MicroCap,,MicroAsset,North_America,,HighValue
comp_2602,MicroCap,,MicroAsset,North_America,,LowValue
comp_2603,MicroCap,,MicroAsset,North_America,,FairValue
comp_2604,MicroCap,,MicroAsset,North_America,,HighValue
comp_2605,MicroCap,,MicroAsset,North_America,,HighValue
comp_2606,MicroCap,,MicroAsset,North_America,,HighValue
comp_2607,MicroCap,,MicroAsset,North_America,,HighValue
comp_2608,MicroCap,,MicroAsset,North_America,,HighValue
comp_2609,MicroCap,,MicroAsset,North_America,,HighValue
comp_2610,MicroCap,,MicroAsset,North_America,,LowValue
comp_2611,MicroCap,VeryLowRevenue,MicroAsset,North_America,LowTurnover,HighValue
comp_2612,MicroCap,,MicroAsset,North_America,,HighValue
comp_2613,MicroCap,,MicroAsset,North_America,,HighValue
comp_2614,MicroCap,,MicroAsset,North_America,,HighValue
comp_2615,MicroCap,,MicroAsset,North_America,,HighValue
comp_2616,MicroCap,,MicroAsset,North_America,,HighValue
comp_2617,MicroCap,,MicroAsset,North_America,,HighValue
comp_2618,MicroCap,,MicroAsset,North_America,,LowValue
comp_2619,MicroCap,,MicroAsset,North_America,,HighValue
comp_2620,MicroCap,,MicroAsset,North_America,,HighValue
comp_2621,MicroCap,,MicroAsset,North_America,,HighValue
comp_2622,MicroCap,VeryLowRevenue,MicroAsset,North_America,MidTurnover,LowValue
comp_2623,MicroCap,VeryLowRevenue,MicroAsset,North_America,LowTurnover,HighValue
comp_2624,MicroCap,,MicroAsset,North_America,,HighValue
comp_2625,MicroCap,,MicroAsset,North_America,,HighValue
comp_2626,MicroCap,,MicroAsset,North_America,,HighValue
comp_2627,MicroCap,,MicroAsset,North_America,,HighValue
comp_2628,MicroCap,,MicroAsset,North_America,,FairValue
comp_2629,MicroCap,,MicroAsset,North_America,,HighValue
comp_2630,MicroCap,,MicroAsset,North_America,,HighValue
comp_2631,MicroCap,,,North_America,,
comp_2632,MicroCap,,MicroAsset,North_America,,HighValue
comp_2633,MicroCap,,MicroAsset,North_America,,HighValue
comp_2634,MicroCap,,MicroAsset,North_America,,HighValue
comp_2635,MicroCap,,MicroAsset,North_America,,HighValue
comp_2636,MicroCap,,MicroAsset,North_America,,LowValue
comp_2637,MicroCap,,MicroAsset,North_America,,HighValue
comp_2638,MicroCap,,MicroAsset,North_America,,HighValue
comp_2639,MicroCap,VeryLowRevenue,MicroAsset,North_America,LowTurnover,FairValue
comp_2640,MicroCap,,MicroAsset,North_America,,LowValue
comp_2641,MicroCap,,MicroAsset,North_America,,HighValue
comp_2642,MicroCap,,MicroAsset,North_America,,HighValue
comp_2643,MicroCap,,MicroAsset,North_America,,HighValue
comp_2644,MicroCap,,MicroAsset,North_America,,HighValue
comp_2645,MicroCap,,MicroAsset,North_America,,HighValue
comp_2646,MicroCap,,MicroAsset,North_America,,LowValue
comp_2647,MicroCap,,MicroAsset,North_America,,HighValue
comp_2648,MicroCap,VeryLowRevenue,MicroAsset,North_America,LowTurnover,LowValue
comp_2649,MicroCap,,MicroAsset,North_America,,LowValue
comp_2650,MicroCap,,MicroAsset,North_America,,HighValue
comp_2651,MicroCap,,MicroAsset,North_America,,FairValue
comp_2652,MicroCap,,MicroAsset,North_America,,HighValue
comp_2653,MicroCap,,MicroAsset,North_America,,HighValue
comp_2654,MicroCap,,MicroAsset,North_America,,FairValue
comp_2655,MicroCap,,MicroAsset,North_America,,LowValue
comp_2656,MicroCap,,MicroAsset,North_America,,HighValue
comp_2657,MicroCap,,MicroAsset,North_America,,HighValue
comp_2658,MicroCap,,MicroAsset,North_America,,HighValue
comp_2659,MicroCap,,MicroAsset,North_America,,HighValue
comp_2660,MicroCap,,MicroAsset,North_America,,FairValue
comp_2661,MicroCap,,MicroAsset,North_America,,LowValue
comp_2662,MicroCap,,MicroAsset,North_America,,HighValue
comp_2663,MicroCap,,MicroAsset,North_America,,HighValue
comp_2664,MicroCap,,MicroAsset,North_America,,LowValue
comp_2665,MicroCap,,MicroAsset,North_America,,HighValue
comp_2666,MicroCap,,MicroAsset,North_America,,HighValue
comp_2667,MicroCap,,MicroAsset,North_America,,FairValue
comp_2668,MicroCap,,MicroAsset,North_America,,HighValue
comp_2669,MicroCap,,MicroAsset,North_America,,HighValue
comp_2670,MicroCap,VeryLowRevenue,MicroAsset,North_America,LowTurnover,LowValue
comp_2671,MicroCap,,MicroAsset,North_America,,HighValue
comp_2672,MicroCap,,MicroAsset,North_America,,HighValue
comp_2673,MicroCap,,MicroAsset,North_America,,HighValue
comp_2674,MicroCap,,MicroAsset,North_America,,HighValue
comp_2675,MicroCap,,MicroAsset,North_America,,LowValue
comp_2676,MicroCap,,MicroAsset,North_America,,HighValue
comp_2677,MicroCap,,MicroAsset,North_America,,HighValue
comp_2678,MicroCap,,MicroAsset,North_America,,HighValue
comp_2679,MicroCap,,MicroAsset,North_America,,HighValue
comp_2680,MicroCap,,MicroAsset,North_America,,HighValue
comp_2681,MicroCap,VeryLowRevenue,MicroAsset,North_America,LowTurnover,HighValue
comp_2682,MicroCap,,MicroAsset,North_America,,HighValue
comp_2683,MicroCap,,,North_America,,
comp_2684,MicroCap,VeryLowRevenue,MicroAsset,North_America,HighTurnover,HighValue
comp_2685,MicroCap,,MicroAsset,North_America,,LowValue
comp_2686,MicroCap,,MicroAsset,North_America,,LowValue
comp_2687,MicroCap,,MicroAsset,North_America,,LowValue
comp_2688,MicroCap,,MicroAsset,North_America,,HighValue
comp_2689,MicroCap,,MicroAsset,North_America,,HighValue
comp_2690,MicroCap,,MicroAsset,North_America,,HighValue
comp_2691,MicroCap,,MicroAsset,North_America,,FairValue
comp_2692,MicroCap,,MicroAsset,North_America,,LowValue
comp_2693,MicroCap,,MicroAsset,North_America,,FairValue
comp_2694,MicroCap,,MicroAsset,North_America,,FairValue
comp_2695,MicroCap,VeryLowRevenue,MicroAsset,North_America,LowTurnover,HighValue
comp_2696,MicroCap,,MicroAsset,North_America,,FairValue
comp_2697,MicroCap,VeryLowRevenue,MicroAsset,North_America,LowTurnover,HighValue
comp_2698,MicroCap,,MicroAsset,North_America,,HighValue
comp_2699,MicroCap,,MicroAsset,North_America,,HighValue
comp_2700,MicroCap,MidRevenue,LightAsset,North_America,MidTurnover,LowValue
comp_2701,MicroCap,,MicroAsset,North_America,,HighValue
comp_2702,MicroCap,,MicroAsset,North_America,,HighValue
comp_2703,MicroCap,,MicroAsset,North_America,,HighValue
comp_2704,MicroCap,,MicroAsset,North_America,,HighValue
comp_2705,MicroCap,VeryLowRevenue,MicroAsset,North_America,MidTurnover,FairValue
comp_2706,MicroCap,,MicroAsset,North_America,,LowValue
comp_2707,MicroCap,,MicroAsset,North_America,,HighValue
comp_2708,MicroCap,,MicroAsset,North_America,,HighValue
comp_2709,MicroCap,,MicroAsset,North_America,,HighValue
comp_2710,MicroCap,,MicroAsset,North_America,,LowValue
comp_2711,MicroCap,LowRevenue,MicroAsset,North_America,HighTurnover,LowValue
comp_2712,MicroCap,,MicroAsset,North_America,,HighValue
comp_2713,MicroCap,,MicroAsset,North_America,,HighValue
comp_2714,MicroCap,VeryLowRevenue,MicroAsset,North_America,LowTurnover,LowValue
comp_2715,MicroCap,,MicroAsset,North_America,,HighValue
comp_2716,MicroCap,,MicroAsset,North_America,,LowValue
comp_2717,MicroCap,,MicroAsset,North_America,,HighValue
comp_2718,MicroCap,,MicroAsset,North_America,,FairValue
comp_2719,MicroCap,,MicroAsset,North_America,,FairValue
comp_2720,MicroCap,,MicroAsset,North_America,,HighValue
comp_2721,MicroCap,,MicroAsset,North_America,,HighValue
comp_2722,MicroCap,,MicroAsset,North_America,,HighValue
comp_2723,MicroCap,,MicroAsset,North_America,,HighValue
comp_2724,MicroCap,,MicroAsset,North_America,,HighValue
comp_2725,MicroCap,VeryLowRevenue,MicroAsset,North_America,LowTurnover,FairValue
comp_2726,MicroCap,,MicroAsset,North_America,,HighValue
comp_2727,MicroCap,,MicroAsset,North_America,,FairValue
comp_2728,MicroCap,,MicroAsset,North_America,,LowValue
comp_2729,MicroCap,,MicroAsset,North_America,,HighValue
comp_2730,MicroCap,VeryLowRevenue,MicroAsset,North_America,LowTurnover,HighValue
comp_2731,MicroCap,,MicroAsset,North_America,,FairValue
comp_2732,MicroCap,,MicroAsset,North_America,,HighValue
comp_2733,MicroCap,,MicroAsset,North_America,,FairValue
comp_2734,MicroCap,,MicroAsset,North_America,,HighValue
comp_2735,MicroCap,,MicroAsset,North_America,,HighValue
comp_2736,MicroCap,VeryLowRevenue,MicroAsset,North_America,LowTurnover,HighValue
comp_2737,MicroCap,,MicroAsset,North_America,,HighValue
comp_2738,MicroCap,,MicroAsset,North_America,,HighValue
comp_2739,MicroCap,,MicroAsset,North_America,,HighValue
comp_2740,MicroCap,,MicroAsset,North_America,,LowValue
comp_2741,MicroCap,VeryLowRevenue,MicroAsset,North_America,HighTurnover,HighValue
comp_2742,MicroCap,,MicroAsset,North_America,,HighValue
comp_2743,MicroCap,,MicroAsset,North_America,,HighValue
comp_2744,MicroCap,VeryLowRevenue,MicroAsset,North_America,LowTurnover,LowValue
comp_2745,MicroCap,,MicroAsset,North_America,,FairValue
comp_2746,MicroCap,,MicroAsset,North_America,,LowValue
comp_2747,MicroCap,,,North_America,,
comp_2748,MicroCap,,MicroAsset,North_America,,HighValue
comp_2749,MicroCap,,MicroAsset,North_America,,HighValue
comp_2750,MicroCap,,MicroAsset,North_America,,FairValue
comp_2751,MicroCap,,MicroAsset,North_America,,HighValue
comp_2752,MicroCap,,MicroAsset,North_America,,HighValue
comp_2753,MicroCap,,MicroAsset,North_America,,LowValue
comp_2754,MicroCap,,MicroAsset,North_America,,HighValue
comp_2755,MicroCap,,MicroAsset,North_America,,FairValue
comp_2756,MicroCap,,MicroAsset,North_America,,HighValue
comp_2757,MicroCap,,MicroAsset,North_America,,FairValue
comp_2758,MicroCap,,MicroAsset,North_America,,HighValue
comp_2759,MicroCap,,MicroAsset,North_America,,HighValue
comp_2760,MicroCap,,MicroAsset,North_America,,FairValue
comp_2761,MicroCap,,MicroAsset,North_America,,HighValue
comp_2762,MicroCap,,MicroAsset,North_America,,LowValue
comp_2763,MicroCap,,MicroAsset,North_America,,HighValue
comp_2764,MicroCap,,MicroAsset,North_America,,HighValue
comp_2765,MicroCap,,MicroAsset,North_America,,HighValue
comp_2766,MicroCap,,MicroAsset,North_America,,HighValue
comp_2767,MicroCap,,MicroAsset,North_America,,HighValue
comp_2768,MicroCap,,MicroAsset,North_America,,FairValue
comp_2769,MicroCap,,MicroAsset,North_America,,LowValue
comp_2770,MicroCap,,MicroAsset,North_America,,HighValue
comp_2771,MicroCap,,MicroAsset,North_America,,HighValue
comp_2772,MicroCap,,MicroAsset,North_America,,HighValue
comp_2773,MicroCap,,MicroAsset,North_America,,LowValue
comp_2774,MicroCap,,MicroAsset,North_America,,HighValue
comp_2775,MicroCap,,MicroAsset,North_America,,LowValue
comp_2776,MicroCap,,MicroAsset,North_America,,HighValue
comp_2777,MicroCap,,MicroAsset,North_America,,HighValue
comp_2778,MicroCap,,MicroAsset,North_America,,HighValue
comp_2779,MicroCap,,MicroAsset,North_America,,HighValue
comp_2780,MicroCap,,MicroAsset,North_America,,HighValue
comp_2781,MicroCap,,MicroAsset,North_America,,HighValue
comp_2782,MicroCap,,MicroAsset,North_America,,HighValue
comp_2783,MicroCap,,MicroAsset,North_America,,HighValue
comp_2784,MicroCap,,MicroAsset,North_America,,FairValue
comp_2785,MicroCap,,MicroAsset,North_America,,LowValue
comp_2786,MicroCap,,MicroAsset,North_America,,HighValue
comp_2787,MicroCap,,MicroAsset,North_America,,HighValue
comp_2788,MicroCap,,,North_America,,
comp_2789,MicroCap,VeryLowRevenue,MicroAsset,North_America,LowTurnover,HighValue
comp_2790,MicroCap,,MicroAsset,North_America,,HighValue
comp_2791,MicroCap,VeryLowRevenue,MicroAsset,North_America,HighTurnover,FairValue
comp_2792,MicroCap,,MicroAsset,North_America,,HighValue
comp_2793,MicroCap,,MicroAsset,North_America,,HighValue
comp_2794,MicroCap,,MicroAsset,North_America,,LowValue
comp_2795,MicroCap,,MicroAsset,North_America,,HighValue
comp_2796,MicroCap,,MicroAsset,North_America,,FairValue
comp_2797,MicroCap,,MicroAsset,North_America,,FairValue
comp_2798,MicroCap,,MicroAsset,North_America,,HighValue
comp_2799,MicroCap,,MicroAsset,North_America,,FairValue
comp_2800,MicroCap,,MicroAsset,North_America,,HighValue
comp_2801,MicroCap,,MicroAsset,North_America,,HighValue
comp_2802,MicroCap,,MicroAsset,North_America,,HighValue
comp_2803,MicroCap,,MicroAsset,North_America,,FairValue
comp_2804,MicroCap,,MicroAsset,North_America,,LowValue
comp_2805,MicroCap,,MicroAsset,North_America,,HighValue
comp_2806,MicroCap,,MicroAsset,North_America,,LowValue
comp_2807,MicroCap,VeryLowRevenue,MicroAsset,North_America,MidTurnover,HighValue
comp_2808,MicroCap,VeryLowRevenue,MicroAsset,North_America,MidTurnover,HighValue
comp_2809,MicroCap,,,North_America,,
comp_2810,MicroCap,,MicroAsset,North_America,,HighValue
comp_2811,MicroCap,,MicroAsset,North_America,,HighValue
comp_2812,MicroCap,,MicroAsset,North_America,,FairValue
comp_2813,MicroCap,,MicroAsset,North_America,,HighValue
comp_2814,MicroCap,,MicroAsset,North_America,,HighValue
comp_2815,MicroCap,VeryLowRevenue,MicroAsset,North_America,LowTurnover,LowValue
comp_2816,MicroCap,,MicroAsset,North_America,,HighValue
comp_2817,MicroCap,,MicroAsset,North_America,,HighValue
comp_2818,MicroCap,VeryLowRevenue,MicroAsset,North_America,HighTurnover,HighValue
comp_2819,MicroCap,,MicroAsset,North_America,,FairValue
comp_2820,MicroCap,,MicroAsset,North_America,,LowValue
comp_2821,MicroCap,,MicroAsset,North_America,,LowValue
comp_2822,MicroCap,,MicroAsset,North_America,,HighValue
comp_2823,MicroCap,,MicroAsset,North_America,,LowValue
comp_2824,MicroCap,,MicroAsset,North_America,,HighValue
comp_2825,MicroCap,,MicroAsset,North_America,,FairValue
comp_2826,MicroCap,,MicroAsset,North_America,,FairValue
comp_2827,MicroCap,LowRevenue,MicroAsset,North_America,HighTurnover,FairValue
comp_2828,MicroCap,,MicroAsset,North_America,,HighValue
comp_2829,MicroCap,,MicroAsset,North_America,,HighValue
comp_2830,MicroCap,,MicroAsset,North_America,,LowValue
comp_2831,MicroCap,,MicroAsset,North_America,,HighValue
comp_2832,MicroCap,,MicroAsset,North_America,,LowValue
comp_2833,MicroCap,,MicroAsset,North_America,,HighValue
comp_2834,MicroCap,,MicroAsset,North_America,,HighValue
comp_2835,MicroCap,,MicroAsset,North_America,,LowValue
comp_2836,MicroCap,,MicroAsset,North_America,,LowValue
comp_2837,MicroCap,,MicroAsset,North_America,,LowValue
comp_2838,MicroCap,,MicroAsset,North_America,,HighValue
comp_2839,MicroCap,,MicroAsset,North_America,,FairValue
comp_2840,MicroCap,,MicroAsset,North_America,,HighValue
comp_2841,MicroCap,,MicroAsset,North_America,,HighValue
comp_2842,MicroCap,,MicroAsset,North_America,,FairValue
comp_2843,MicroCap,,MicroAsset,North_America,,FairValue
comp_2844,MicroCap,,MicroAsset,North_America,,HighValue
comp_2845,MicroCap,,MicroAsset,North_America,,HighValue
comp_2846,MicroCap,,MicroAsset,North_America,,FairValue
comp_2847,MicroCap,,MicroAsset,North_America,,LowValue
comp_2848,MicroCap,,MicroAsset,North_America,,HighValue
comp_2849,MicroCap,,MicroAsset,North_America,,HighValue
comp_2850,MicroCap,VeryLowRevenue,MicroAsset,North_America,LowTurnover,FairValue
comp_2851,MicroCap,,MicroAsset,North_America,,LowValue
comp_2852,MicroCap,,MicroAsset,North_America,,FairValue
comp_2853,MicroCap,,MicroAsset,North_America,,HighValue
comp_2854,MicroCap,,MicroAsset,North_America,,LowValue
comp_2855,MicroCap,,MicroAsset,North_America,,LowValue
comp_2856,MicroCap,,MicroAsset,North_America,,FairValue
comp_2857,MicroCap,VeryLowRevenue,MicroAsset,North_America,MidTurnover,HighValue
comp_2858,MicroCap,,MicroAsset,North_America,,HighValue
comp_2859,MicroCap,VeryLowRevenue,MicroAsset,North_America,LowTurnover,LowValue
comp_2860,MicroCap,,MicroAsset,North_America,,HighValue
comp_2861,MicroCap,,MicroAsset,North_America,,HighValue
comp_2862,MicroCap,,MicroAsset,North_America,,HighValue
comp_2863,MicroCap,,MicroAsset,North_America,,LowValue
comp_2864,MicroCap,,MicroAsset,North_America,,FairValue
comp_2865,MicroCap,,MicroAsset,North_America,,HighValue
comp_2866,MicroCap,VeryLowRevenue,MicroAsset,North_America,LowTurnover,HighValue
comp_2867,MicroCap,,MicroAsset,North_America,,FairValue
comp_2868,MicroCap,,MicroAsset,North_America,,FairValue
comp_2869,MicroCap,,MicroAsset,North_America,,HighValue
comp_2870,MicroCap,,MicroAsset,North_America,,HighValue
comp_2871,MicroCap,,,North_America,,
comp_2872,MicroCap,,MicroAsset,North_America,,HighValue
comp_2873,MicroCap,,MicroAsset,North_America,,HighValue
comp_2874,MicroCap,,MicroAsset,North_America,,HighValue
comp_2875,MicroCap,,MicroAsset,North_America,,HighValue
comp_2876,MicroCap,VeryLowRevenue,MicroAsset,North_America,HighTurnover,HighValue
comp_2877,MicroCap,,MicroAsset,North_America,,HighValue
comp_2878,MicroCap,,MicroAsset,North_America,,FairValue
comp_2879,MicroCap,,,North_America,,
comp_2880,MicroCap,,MicroAsset,North_America,,HighValue
comp_2881,MicroCap,,MicroAsset,North_America,,HighValue
comp_2882,MicroCap,,MicroAsset,North_America,,FairValue
comp_2883,MicroCap,,MicroAsset,North_America,,HighValue
comp_2884,MicroCap,,MicroAsset,North_America,,HighValue
comp_2885,MicroCap,,MicroAsset,North_America,,HighValue
comp_2886,MicroCap,,MicroAsset,North_America,,HighValue
comp_2887,MicroCap,,MicroAsset,North_America,,HighValue
comp_2888,MicroCap,,MicroAsset,North_America,,HighValue
comp_2889,MicroCap,,MicroAsset,North_America,,LowValue
comp_2890,MicroCap,,MicroAsset,North_America,,FairValue
comp_2891,MicroCap,,MicroAsset,North_America,,HighValue
comp_2892,MicroCap,,MicroAsset,North_America,,FairValue
comp_2893,MicroCap,,MicroAsset,North_America,,HighValue
comp_2894,MicroCap,,MicroAsset,North_America,,FairValue
comp_2895,MicroCap,,MicroAsset,North_America,,HighValue
comp_2896,MicroCap,,MicroAsset,North_America,,HighValue
comp_2897,MicroCap,,MicroAsset,North_America,,HighValue
comp_2898,MicroCap,,MicroAsset,North_America,,HighValue
comp_2899,MicroCap,,MicroAsset,North_America,,HighValue
comp_2900,MicroCap,,MicroAsset,North_America,,HighValue
comp_2901,MicroCap,,MicroAsset,North_America,,HighValue
comp_2902,MicroCap,,MicroAsset,North_America,,FairValue
comp_2903,MicroCap,,MicroAsset,North_America,,HighValue
comp_2904,MicroCap,,MicroAsset,North_America,,FairValue
comp_2905,MicroCap,,MicroAsset,North_America,,HighValue
comp_2906,MicroCap,,MicroAsset,North_America,,HighValue
comp_2907,MicroCap,,MicroAsset,North_America,,HighValue
comp_2908,MicroCap,,MicroAsset,North_America,,HighValue
comp_2909,MicroCap,,MicroAsset,North_America,,HighValue
comp_2910,MicroCap,,MicroAsset,North_America,,HighValue
comp_2911,MicroCap,,MicroAsset,North_America,,HighValue
comp_2912,MicroCap,,MicroAsset,North_America,,FairValue
comp_2913,MicroCap,,MicroAsset,North_America,,LowValue
comp_2914,MicroCap,VeryLowRevenue,MicroAsset,North_America,LowTurnover,HighValue
comp_2915,MicroCap,,MicroAsset,North_America,,HighValue
comp_2916,MicroCap,,MicroAsset,North_America,,HighValue
comp_2917,MicroCap,,MicroAsset,North_America,,HighValue
comp_2918,MicroCap,,MicroAsset,North_America,,FairValue
comp_2919,MicroCap,,MicroAsset,North_America,,FairValue
comp_2920,MicroCap,,MicroAsset,North_America,,FairValue
comp_2921,MicroCap,,MicroAsset,North_America,,HighValue
comp_2922,MicroCap,,MicroAsset,North_America,,FairValue
comp_2923,MicroCap,,MicroAsset,North_America,,HighValue
comp_2924,MicroCap,,MicroAsset,North_America,,FairValue
comp_2925,MicroCap,,,North_America,,
comp_2926,MicroCap,,MicroAsset,North_America,,FairValue
comp_2927,MicroCap,,MicroAsset,North_America,,HighValue
comp_2928,MicroCap,,MicroAsset,North_America,,LowValue
comp_2929,MicroCap,,MicroAsset,North_America,,HighValue
comp_2930,MicroCap,,MicroAsset,North_America,,HighValue
comp_2931,MicroCap,,MicroAsset,North_America,,HighValue
comp_2932,MicroCap,,MicroAsset,North_America,,HighValue
comp_2933,MicroCap,,MicroAsset,North_America,,HighValue
comp_2934,MicroCap,,MicroAsset,North_America,,HighValue
comp_2935,MicroCap,,MicroAsset,North_America,,LowValue
comp_2936,MicroCap,,MicroAsset,North_America,,HighValue
comp_2937,MicroCap,VeryLowRevenue,MicroAsset,North_America,HighTurnover,FairValue
comp_2938,MicroCap,,MicroAsset,North_America,,HighValue
comp_2939,MicroCap,,MicroAsset,North_America,,FairValue
comp_2940,MicroCap,,MicroAsset,North_America,,HighValue
comp_2941,MicroCap,,MicroAsset,North_America,,LowValue
comp_2942,MicroCap,VeryLowRevenue,MicroAsset,North_America,LowTurnover,LowValue
comp_2943,MicroCap,,MicroAsset,North_America,,HighValue
comp_2944,MicroCap,,MicroAsset,North_America,,HighValue
comp_2945,MicroCap,VeryLowRevenue,MicroAsset,North_America,LowTurnover,LowValue
comp_2946,MicroCap,,MicroAsset,North_America,,HighValue
comp_2947,MicroCap,,MicroAsset,North_America,,LowValue
comp_2948,MicroCap,VeryLowRevenue,MicroAsset,North_America,LowTurnover,LowValue
comp_2949,MicroCap,,MicroAsset,North_America,,HighValue
comp_2950,MicroCap,,MicroAsset,North_America,,HighValue
comp_2951,MicroCap,VeryLowRevenue,MicroAsset,North_America,MidTurnover,FairValue
comp_2952,MicroCap,,MicroAsset,North_America,,HighValue
comp_2953,MicroCap,,MicroAsset,North_America,,LowValue
comp_2954,MicroCap,,MicroAsset,North_America,,LowValue
comp_2955,MicroCap,,MicroAsset,North_America,,HighValue
comp_2956,MicroCap,,MicroAsset,North_America,,FairValue
comp_2957,MicroCap,,MicroAsset,North_America,,FairValue
comp_2958,MicroCap,,MicroAsset,North_America,,FairValue
comp_2959,MicroCap,,MicroAsset,North_America,,HighValue
comp_2960,MicroCap,,MicroAsset,North_America,,FairValue
comp_2961,MicroCap,,MicroAsset,North_America,,LowValue
comp_2962,MicroCap,VeryLowRevenue,MicroAsset,North_America,LowTurnover,FairValue
comp_2963,MicroCap,,MicroAsset,North_America,,FairValue
comp_2964,MicroCap,VeryLowRevenue,MicroAsset,North_America,HighTurnover,HighValue
comp_2965,MicroCap,,MicroAsset,North_America,,HighValue
comp_2966,MicroCap,,MicroAsset,North_America,,HighValue
comp_2967,MicroCap,,MicroAsset,North_America,,HighValue
comp_2968,MicroCap,,,North_America,,
comp_2969,MicroCap,,MicroAsset,North_America,,FairValue
comp_2970,MicroCap,VeryLowRevenue,MicroAsset,North_America,LowTurnover,LowValue
comp_2971,MicroCap,,MicroAsset,North_America,,FairValue
comp_2972,MicroCap,,MicroAsset,North_America,,HighValue
comp_2973,MicroCap,,MicroAsset,North_America,,HighValue
comp_2974,MicroCap,,MicroAsset,North_America,,HighValue
comp_2975,MicroCap,,MicroAsset,North_America,,HighValue
comp_2976,MicroCap,,MicroAsset,North_America,,FairValue
comp_2977,MicroCap,,MicroAsset,North_America,,HighValue
comp_2978,MicroCap,,MicroAsset,North_America,,HighValue
comp_2979,MicroCap,,MicroAsset,North_America,,HighValue
comp_2980,MicroCap,,MicroAsset,North_America,,HighValue
comp_2981,MicroCap,,MicroAsset,North_America,,HighValue
comp_2982,MicroCap,,MicroAsset,North_America,,LowValue
comp_2983,MicroCap,,MicroAsset,North_America,,HighValue
comp_2984,MicroCap,,MicroAsset,North_America,,HighValue
comp_2985,MicroCap,,MicroAsset,North_America,,LowValue
comp_2986,MicroCap,,MicroAsset,North_America,,HighValue
comp_2987,MicroCap,,MicroAsset,North_America,,HighValue
comp_2988,MicroCap,,MicroAsset,North_America,,LowValue
comp_2989,MicroCap,,MicroAsset,North_America,,LowValue
comp_2990,MicroCap,,MicroAsset,North_America,,HighValue
comp_2991,MicroCap,,MicroAsset,North_America,,HighValue
comp_2992,MicroCap,,MicroAsset,North_America,,HighValue
comp_2993,MicroCap,,MicroAsset,North_America,,HighValue
comp_2994,MicroCap,,MicroAsset,North_America,,LowValue
comp_2995,MicroCap,VeryLowRevenue,MicroAsset,North_America,LowTurnover,LowValue
comp_2996,MicroCap,,MicroAsset,North_America,,HighValue
comp_2997,MicroCap,,MicroAsset,North_America,,HighValue
comp_2998,MicroCap,,MicroAsset,North_America,,LowValue
comp_2999,MicroCap,,,North_America,,
comp_3000,MicroCap,MidRevenue,LightAsset,North_America,HighTurnover,LowValue
comp_3001,MicroCap,,MicroAsset,North_America,,HighValue
comp_3002,MicroCap,,MicroAsset,North_America,,HighValue
comp_3003,MicroCap,,MicroAsset,North_America,,HighValue
comp_3004,MicroCap,,MicroAsset,North_America,,LowValue
comp_3005,MicroCap,,MicroAsset,North_America,,HighValue
comp_3006,MicroCap,,MicroAsset,North_America,,HighValue
comp_3007,MicroCap,,MicroAsset,North_America,,HighValue
comp_3008,MicroCap,,MicroAsset,North_America,,HighValue
comp_3009,MicroCap,,MicroAsset,North_America,,HighValue
comp_3010,MicroCap,,MicroAsset,North_America,,HighValue
comp_3011,MicroCap,,MicroAsset,North_America,,FairValue
comp_3012,MicroCap,,MicroAsset,North_America,,LowValue
comp_3013,MicroCap,,MicroAsset,North_America,,FairValue
comp_3014,MicroCap,,MicroAsset,North_America,,FairValue
comp_3015,MicroCap,VeryLowRevenue,MicroAsset,North_America,LowTurnover,HighValue
comp_3016,MicroCap,,MicroAsset,North_America,,LowValue
comp_3017,MicroCap,,MicroAsset,North_America,,HighValue
comp_3018,MicroCap,,MicroAsset,North_America,,FairValue
comp_3019,MicroCap,VeryLowRevenue,MicroAsset,North_America,LowTurnover,LowValue
comp_3020,MicroCap,,MicroAsset,North_America,,HighValue
comp_3021,MicroCap,LowRevenue,MicroAsset,North_America,LowTurnover,LowValue
comp_3022,MicroCap,,MicroAsset,North_America,,HighValue
comp_3023,MicroCap,,MicroAsset,North_America,,HighValue
comp_3024,MicroCap,,MicroAsset,North_America,,HighValue
comp_3025,MicroCap,,MicroAsset,North_America,,HighValue
comp_3026,MicroCap,,MicroAsset,North_America,,LowValue
comp_3027,MicroCap,,MicroAsset,North_America,,HighValue
comp_3028,MicroCap,,MicroAsset,North_America,,HighValue
comp_3029,MicroCap,,MicroAsset,North_America,,HighValue
comp_3030,MicroCap,,MicroAsset,North_America,,HighValue
comp_3031,MicroCap,,MicroAsset,North_America,,FairValue
comp_3032,MicroCap,,MicroAsset,North_America,,HighValue
comp_3033,MicroCap,,MicroAsset,North_America,,LowValue
comp_3034,MicroCap,,MicroAsset,North_America,,HighValue
comp_3035,MicroCap,,MicroAsset,North_America,,LowValue
comp_3036,MicroCap,,MicroAsset,North_America,,HighValue
comp_3037,MicroCap,VeryLowRevenue,MicroAsset,North_America,LowTurnover,HighValue
comp_3038,MicroCap,,MicroAsset,North_America,,HighValue
comp_3039,MicroCap,,MicroAsset,North_America,,LowValue
comp_3040,MicroCap,,MicroAsset,North_America,,HighValue
comp_3041,MicroCap,,MicroAsset,North_America,,LowValue
comp_3042,MicroCap,,MicroAsset,North_America,,LowValue
comp_3043,MicroCap,,MicroAsset,North_America,,FairValue
comp_3044,MicroCap,,MicroAsset,North_America,,HighValue
comp_3045,MicroCap,,MicroAsset,North_America,,LowValue
comp_3046,MicroCap,,MicroAsset,North_America,,LowValue
comp_3047,MicroCap,,MicroAsset,North_America,,HighValue
comp_3048,MicroCap,,MicroAsset,North_America,,HighValue
comp_3049,MicroCap,,MicroAsset,North_America,,HighValue
comp_3050,MicroCap,,MicroAsset,North_America,,HighValue
comp_3051,MicroCap,,MicroAsset,North_America,,FairValue
comp_3052,MicroCap,,MicroAsset,North_America,,LowValue
comp_3053,MicroCap,,MicroAsset,North_America,,HighValue
comp_3054,MicroCap,,MicroAsset,North_America,,FairValue
comp_3055,MicroCap,,MicroAsset,North_America,,HighValue
comp_3056,MicroCap,,MicroAsset,North_America,,HighValue
comp_3057,MicroCap,,MicroAsset,North_America,,LowValue
comp_3058,MicroCap,,MicroAsset,North_America,,HighValue
comp_3059,MicroCap,VeryLowRevenue,MicroAsset,North_America,HighTurnover,HighValue
comp_3060,MicroCap,,MicroAsset,North_America,,LowValue
comp_3061,MicroCap,,MicroAsset,North_America,,HighValue
comp_3062,MicroCap,,MicroAsset,North_America,,HighValue
comp_3063,MicroCap,,MicroAsset,North_America,,HighValue
comp_3064,MicroCap,,MicroAsset,North_America,,HighValue
comp_3065,MicroCap,,MicroAsset,North_America,,FairValue
comp_3066,MicroCap,,MicroAsset,North_America,,HighValue
comp_3067,MicroCap,VeryLowRevenue,MicroAsset,North_America,LowTurnover,LowValue
comp_3068,MicroCap,,MicroAsset,North_America,,HighValue
comp_3069,MicroCap,,MicroAsset,North_America,,HighValue
comp_3070,MicroCap,,MicroAsset,North_America,,LowValue
comp_3071,MicroCap,,MicroAsset,North_America,,HighValue
comp_3072,MicroCap,,MicroAsset,North_America,,HighValue
comp_3073,MicroCap,VeryLowRevenue,MicroAsset,North_America,HighTurnover,HighValue
comp_3074,MicroCap,,MicroAsset,North_America,,FairValue
comp_3075,MicroCap,,MicroAsset,North_America,,HighValue
comp_3076,MicroCap,,MicroAsset,North_America,,HighValue
comp_3077,MicroCap,,MicroAsset,North_America,,FairValue
comp_3078,MicroCap,,MicroAsset,North_America,,HighValue
comp_3079,MicroCap,,MicroAsset,North_America,,FairValue
comp_3080,MicroCap,,MicroAsset,North_America,,HighValue
comp_3081,MicroCap,,MicroAsset,North_America,,FairValue
comp_3082,MicroCap,VeryLowRevenue,MicroAsset,North_America,MidTurnover,HighValue
comp_3083,MicroCap,,MicroAsset,North_America,,LowValue
comp_3084,MicroCap,,MicroAsset,North_America,,HighValue
comp_3085,MicroCap,,MicroAsset,North_America,,HighValue
comp_3086,MicroCap,,MicroAsset,North_America,,FairValue
comp_3087,MicroCap,,MicroAsset,North_America,,HighValue
comp_3088,MicroCap,,MicroAsset,North_America,,HighValue
comp_3089,MicroCap,,MicroAsset,North_America,,FairValue
comp_3090,MicroCap,,MicroAsset,North_America,,FairValue
comp_3091,MicroCap,,MicroAsset,North_America,,HighValue
comp_3092,MicroCap,,MicroAsset,North_America,,LowValue
comp_3093,MicroCap,,MicroAsset,North_America,,HighValue
comp_3094,MicroCap,,MicroAsset,North_America,,FairValue
comp_3095,MicroCap,,MicroAsset,North_America,,HighValue
comp_3096,MicroCap,,MicroAsset,North_America,,FairValue
comp_3097,MicroCap,,MicroAsset,North_America,,FairValue
comp_3098,MicroCap,,MicroAsset,North_America,,HighValue
comp_3099,MicroCap,,MicroAsset,North_America,,LowValue
comp_3100,MicroCap,,MicroAsset,North_America,,LowValue
comp_3101,MicroCap,,MicroAsset,North_America,,HighValue
comp_3102,MicroCap,,MicroAsset,North_America,,FairValue
comp_3103,MicroCap,,MicroAsset,North_America,,HighValue
comp_3104,MicroCap,,MicroAsset,North_America,,HighValue
comp_3105,MicroCap,,MicroAsset,North_America,,FairValue
comp_3106,MicroCap,,MicroAsset,North_America,,FairValue
comp_3107,MicroCap,,MicroAsset,North_America,,LowValue
comp_3108,MicroCap,,MicroAsset,North_America,,LowValue
comp_3109,MicroCap,,MicroAsset,North_America,,HighValue
comp_3110,MicroCap,,MicroAsset,North_America,,LowValue
comp_3111,MicroCap,,MicroAsset,North_America,,HighValue
comp_3112,MicroCap,,MicroAsset,North_America,,HighValue
comp_3113,MicroCap,,MicroAsset,North_America,,FairValue
comp_3114,MicroCap,,MicroAsset,North_America,,FairValue
comp_3115,MicroCap,,MicroAsset,North_America,,LowValue
comp_3116,MicroCap,,MicroAsset,North_America,,HighValue
comp_3117,MicroCap,,MicroAsset,North_America,,HighValue
comp_3118,MicroCap,,MicroAsset,North_America,,HighValue
comp_3119,MicroCap,,MicroAsset,North_America,,LowValue
comp_3120,MicroCap,,MicroAsset,North_America,,LowValue
comp_3121,MicroCap,,MicroAsset,North_America,,HighValue
comp_3122,MicroCap,,MicroAsset,North_America,,HighValue
comp_3123,MicroCap,,MicroAsset,North_America,,HighValue
comp_3124,MicroCap,,MicroAsset,North_America,,FairValue
comp_3125,MicroCap,,MicroAsset,North_America,,HighValue
comp_3126,MicroCap,,MicroAsset,North_America,,LowValue
comp_3127,MicroCap,,MicroAsset,North_America,,HighValue
comp_3128,MicroCap,,MicroAsset,North_America,,HighValue
comp_3129,MicroCap,,MicroAsset,North_America,,HighValue
comp_3130,MicroCap,,MicroAsset,North_America,,HighValue
comp_3131,MicroCap,,MicroAsset,North_America,,FairValue
comp_3132,MicroCap,,MicroAsset,North_America,,LowValue
comp_3133,MicroCap,VeryLowRevenue,MicroAsset,North_America,LowTurnover,HighValue
comp_3134,MicroCap,,MicroAsset,North_America,,LowValue
comp_3135,MicroCap,,MicroAsset,North_America,,LowValue
comp_3136,MicroCap,,,North_America,,
comp_3137,MicroCap,,MicroAsset,North_America,,HighValue
comp_3138,MicroCap,,MicroAsset,North_America,,LowValue
comp_3139,MicroCap,,MicroAsset,North_America,,HighValue
comp_3140,MicroCap,,,North_America,,
comp_3141,MicroCap,,,North_America,,
comp_3142,MicroCap,,MicroAsset,North_America,,HighValue
comp_3143,MicroCap,,MicroAsset,North_America,,LowValue
comp_3144,MicroCap,,MicroAsset,North_America,,HighValue
comp_3145,MicroCap,,MicroAsset,North_America,,LowValue
comp_3146,MicroCap,,MicroAsset,North_America,,HighValue
comp_3147,MicroCap,,MicroAsset,North_America,,FairValue
comp_3148,MicroCap,,MicroAsset,North_America,,HighValue
comp_3149,MicroCap,,MicroAsset,North_America,,HighValue
comp_3150,MicroCap,VeryLowRevenue,MicroAsset,North_America,LowTurnover,LowValue
comp_3151,MicroCap,,MicroAsset,North_America,,LowValue
comp_3152,MicroCap,,MicroAsset,North_America,,FairValue
comp_3153,MicroCap,,MicroAsset,North_America,,HighValue
comp_3154,MicroCap,,MicroAsset,North_America,,HighValue
comp_3155,MicroCap,,MicroAsset,North_America,,HighValue
comp_3156,MicroCap,,MicroAsset,North_America,,FairValue
comp_3157,MicroCap,,MicroAsset,North_America,,HighValue
comp_3158,MicroCap,,MicroAsset,North_America,,FairValue
comp_3159,MicroCap,,MicroAsset,North_America,,LowValue
comp_3160,MicroCap,,MicroAsset,North_America,,LowValue
comp_3161,MicroCap,,MicroAsset,North_America,,HighValue
comp_3162,MicroCap,,MicroAsset,North_America,,FairValue
comp_3163,MicroCap,,MicroAsset,North_America,,HighValue
comp_3164,MicroCap,,MicroAsset,North_America,,FairValue
comp_3165,MicroCap,,,North_America,,
comp_3166,MicroCap,,MicroAsset,North_America,,HighValue
comp_3167,MicroCap,,MicroAsset,North_America,,HighValue
comp_3168,MicroCap,,MicroAsset,North_America,,HighValue
comp_3169,MicroCap,,MicroAsset,North_America,,HighValue
comp_3170,MicroCap,,MicroAsset,North_America,,FairValue
comp_3171,MicroCap,,MicroAsset,North_America,,LowValue
comp_3172,MicroCap,,MicroAsset,North_America,,HighValue
comp_3173,MicroCap,,MicroAsset,North_America,,LowValue
comp_3174,MicroCap,,MicroAsset,North_America,,FairValue
comp_3175,MicroCap,,MicroAsset,North_America,,LowValue
comp_3176,MicroCap,,MicroAsset,North_America,,LowValue
comp_3177,MicroCap,,MicroAsset,North_America,,HighValue
comp_3178,MicroCap,,MicroAsset,North_America,,HighValue
comp_3179,MicroCap,,MicroAsset,North_America,,HighValue
comp_3180,MicroCap,,MicroAsset,North_America,,HighValue
comp_3181,MicroCap,,MicroAsset,North_America,,HighValue
comp_3182,MicroCap,VeryLowRevenue,MicroAsset,North_America,LowTurnover,LowValue
comp_3183,MicroCap,,MicroAsset,North_America,,LowValue
comp_3184,MicroCap,,MicroAsset,North_America,,LowValue
comp_3185,MicroCap,,MicroAsset,North_America,,HighValue
comp_3186,MicroCap,,MicroAsset,North_America,,HighValue
comp_3187,MicroCap,,MicroAsset,North_America,,FairValue
comp_3188,MicroCap,VeryLowRevenue,MicroAsset,North_America,MidTurnover,LowValue
comp_3189,MicroCap,,MicroAsset,North_America,,FairValue
comp_3190,MicroCap,,MicroAsset,North_America,,FairValue
comp_3191,MicroCap,,MicroAsset,North_America,,HighValue
comp_3192,MicroCap,,MicroAsset,North_America,,HighValue
comp_3193,MicroCap,,MicroAsset,North_America,,FairValue
comp_3194,MicroCap,,MicroAsset,North_America,,LowValue
comp_3195,MicroCap,,MicroAsset,North_America,,HighValue
comp_3196,MicroCap,,MicroAsset,North_America,,LowValue
comp_3197,MicroCap,,MicroAsset,North_America,,HighValue
comp_3198,MicroCap,,MicroAsset,North_America,,HighValue
comp_3199,MicroCap,,MicroAsset,North_America,,FairValue
comp_3200,MicroCap,,MicroAsset,North_America,,LowValue
comp_3201,MicroCap,,MicroAsset,North_America,,HighValue
comp_3202,MicroCap,,MicroAsset,North_America,,FairValue
comp_3203,MicroCap,,MicroAsset,North_America,,HighValue
comp_3204,MicroCap,,MicroAsset,North_America,,HighValue
comp_3205,MicroCap,,MicroAsset,North_America,,HighValue
comp_3206,MicroCap,,MicroAsset,North_America,,LowValue
comp_3207,MicroCap,,MicroAsset,North_America,,FairValue
comp_3208,MicroCap,,MicroAsset,North_America,,LowValue
comp_3209,MicroCap,,MicroAsset,North_America,,HighValue
comp_3210,MicroCap,,MicroAsset,North_America,,LowValue
comp_3211,MicroCap,,MicroAsset,North_America,,HighValue
comp_3212,MicroCap,,MicroAsset,North_America,,HighValue
comp_3213,MicroCap,,MicroAsset,North_America,,HighValue
comp_3214,MicroCap,VeryLowRevenue,MicroAsset,North_America,LowTurnover,LowValue
comp_3215,MicroCap,,MicroAsset,North_America,,LowValue
comp_3216,MicroCap,,MicroAsset,North_America,,HighValue
comp_3217,MicroCap,,MicroAsset,North_America,,HighValue
comp_3218,MicroCap,,MicroAsset,North_America,,LowValue
comp_3219,MicroCap,,MicroAsset,North_America,,HighValue
comp_3220,MicroCap,,MicroAsset,North_America,,LowValue
comp_3221,MicroCap,,MicroAsset,North_America,,FairValue
comp_3222,MicroCap,,MicroAsset,North_America,,FairValue
comp_3223,MicroCap,,MicroAsset,North_America,,HighValue
comp_3224,MicroCap,,MicroAsset,North_America,,HighValue
comp_3225,MicroCap,,MicroAsset,North_America,,FairValue
comp_3226,MicroCap,,,North_America,,
comp_3227,MicroCap,,MicroAsset,North_America,,LowValue
comp_3228,MicroCap,,MicroAsset,North_America,,LowValue
comp_3229,MicroCap,,MicroAsset,North_America,,HighValue
comp_3230,MicroCap,,MicroAsset,North_America,,HighValue
comp_3231,MicroCap,,MicroAsset,North_America,,HighValue
comp_3232,MicroCap,LowRevenue,MicroAsset,North_America,HighTurnover,LowValue
comp_3233,MicroCap,VeryLowRevenue,MicroAsset,North_America,HighTurnover,HighValue
comp_3234,MicroCap,,MicroAsset,North_America,,HighValue
comp_3235,MicroCap,,MicroAsset,North_America,,HighValue
comp_3236,MicroCap,,MicroAsset,North_America,,HighValue
comp_3237,MicroCap,,,North_America,,
comp_3238,MicroCap,,MicroAsset,North_America,,HighValue
comp_3239,MicroCap,,MicroAsset,North_America,,HighValue
comp_3240,MicroCap,,MicroAsset,North_America,,HighValue
comp_3241,MicroCap,,MicroAsset,North_America,,HighValue
comp_3242,MicroCap,,MicroAsset,North_America,,FairValue
comp_3243,MicroCap,,MicroAsset,North_America,,HighValue
comp_3244,MicroCap,,MicroAsset,North_America,,LowValue
comp_3245,MicroCap,,MicroAsset,North_America,,LowValue
comp_3246,MicroCap,,MicroAsset,North_America,,HighValue
comp_3247,MicroCap,,MicroAsset,North_America,,FairValue
comp_3248,MicroCap,,MicroAsset,North_America,,HighValue
comp_3249,MicroCap,,,North_America,,
comp_3250,MicroCap,,MicroAsset,North_America,,LowValue
comp_3251,MicroCap,VeryLowRevenue,MicroAsset,North_America,LowTurnover,FairValue
comp_3252,MicroCap,,MicroAsset,North_America,,HighValue
comp_3253,MicroCap,VeryLowRevenue,MicroAsset,North_America,MidTurnover,HighValue
comp_3254,MicroCap,VeryLowRevenue,MicroAsset,North_America,MidTurnover,FairValue
comp_3255,MicroCap,,MicroAsset,North_America,,HighValue
comp_3256,MicroCap,,MicroAsset,North_America,,HighValue
comp_3257,MicroCap,,MicroAsset,North_America,,FairValue
comp_3258,MicroCap,,MicroAsset,North_America,,HighValue
comp_3259,MicroCap,,MicroAsset,North_America,,FairValue
comp_3260,MicroCap,,MicroAsset,North_America,,HighValue
comp_3261,MicroCap,,MicroAsset,North_America,,HighValue
comp_3262,MicroCap,,MicroAsset,North_America,,LowValue
comp_3263,MicroCap,,MicroAsset,North_America,,HighValue
comp_3264,MicroCap,,MicroAsset,North_America,,HighValue
comp_3265,MicroCap,,MicroAsset,North_America,,HighValue
comp_3266,MicroCap,,MicroAsset,North_America,,HighValue
comp_3267,MicroCap,,MicroAsset,North_America,,HighValue
comp_3268,MicroCap,,MicroAsset,North_America,,LowValue
comp_3269,MicroCap,VeryLowRevenue,MicroAsset,North_America,HighTurnover,HighValue
comp_3270,MicroCap,,MicroAsset,North_America,,HighValue
comp_3271,MicroCap,,MicroAsset,North_America,,LowValue
comp_3272,MicroCap,,MicroAsset,North_America,,HighValue
comp_3273,MicroCap,,MicroAsset,North_America,,LowValue
comp_3274,MicroCap,,MicroAsset,North_America,,FairValue
comp_3275,MicroCap,,MicroAsset,North_America,,FairValue
comp_3276,MicroCap,,MicroAsset,North_America,,HighValue
comp_3277,MicroCap,,MicroAsset,North_America,,HighValue
comp_3278,MicroCap,,MicroAsset,North_America,,LowValue
comp_3279,MicroCap,,MicroAsset,North_America,,FairValue
comp_3280,MicroCap,,MicroAsset,North_America,,LowValue
comp_3281,MicroCap,,MicroAsset,North_America,,HighValue
comp_3282,MicroCap,,MicroAsset,North_America,,HighValue
comp_3283,MicroCap,,MicroAsset,North_America,,HighValue
comp_3284,MicroCap,,MicroAsset,North_America,,FairValue
comp_3285,MicroCap,,MicroAsset,North_America,,HighValue
comp_3286,MicroCap,,MicroAsset,North_America,,HighValue
comp_3287,MicroCap,,MicroAsset,North_America,,HighValue
comp_3288,MicroCap,,MicroAsset,North_America,,HighValue
comp_3289,MicroCap,,MicroAsset,North_America,,FairValue
comp_3290,MicroCap,,,North_America,,
comp_3291,MicroCap,,MicroAsset,North_America,,LowValue
comp_3292,MicroCap,,MicroAsset,North_America,,HighValue
comp_3293,MicroCap,,MicroAsset,North_America,,HighValue
comp_3294,MicroCap,,,North_America,,
comp_3295,MicroCap,,MicroAsset,North_America,,HighValue
comp_3296,MicroCap,,,North_America,,
comp_3297,MicroCap,,MicroAsset,North_America,,HighValue
comp_3298,MicroCap,,MicroAsset,North_America,,HighValue
comp_3299,MicroCap,,MicroAsset,North_America,,HighValue
comp_3300,MicroCap,,,North_America,,
comp_3301,MicroCap,,MicroAsset,North_America,,HighValue
comp_3302,MicroCap,,MicroAsset,North_America,,HighValue
comp_3303,MicroCap,VeryLowRevenue,MicroAsset,North_America,HighTurnover,LowValue
comp_3304,MicroCap,VeryLowRevenue,MicroAsset,North_America,HighTurnover,HighValue
comp_3305,MicroCap,,MicroAsset,North_America,,HighValue
comp_3306,MicroCap,,MicroAsset,North_America,,HighValue
comp_3307,MicroCap,,MicroAsset,North_America,,HighValue
comp_3308,MicroCap,,,North_America,,
comp_3309,MicroCap,VeryLowRevenue,MicroAsset,North_America,HighTurnover,HighValue
comp_3310,MicroCap,,MicroAsset,North_America,,LowValue
comp_3311,MicroCap,,MicroAsset,North_America,,HighValue
comp_3312,MicroCap,,MicroAsset,North_America,,HighValue
comp_3313,MicroCap,,MicroAsset,North_America,,LowValue
comp_3314,MicroCap,,MicroAsset,North_America,,FairValue
comp_3315,MicroCap,,MicroAsset,North_America,,HighValue
comp_3316,MicroCap,VeryLowRevenue,,North_America,,
comp_3317,MicroCap,,MicroAsset,North_America,,LowValue
comp_3318,MicroCap,,MicroAsset,North_America,,FairValue
comp_3319,MicroCap,,MicroAsset,North_America,,HighValue
comp_3320,MicroCap,,MicroAsset,North_America,,HighValue
comp_3321,MicroCap,,MicroAsset,North_America,,FairValue
comp_3322,MicroCap,,MicroAsset,North_America,,LowValue
comp_3323,MicroCap,,MicroAsset,North_America,,FairValue
comp_3324,MicroCap,,MicroAsset,North_America,,FairValue
comp_3325,MicroCap,,MicroAsset,North_America,,LowValue
comp_3326,MicroCap,,MicroAsset,North_America,,HighValue
comp_3327,MicroCap,LowRevenue,MicroAsset,North_America,MidTurnover,LowValue
comp_3328,MicroCap,,MicroAsset,North_America,,LowValue
comp_3329,MicroCap,,MicroAsset,North_America,,LowValue
comp_3330,MicroCap,,MicroAsset,North_America,,HighValue
comp_3331,MicroCap,,MicroAsset,North_America,,LowValue
comp_3332,MicroCap,,MicroAsset,North_America,,HighValue
comp_3333,MicroCap,,MicroAsset,North_America,,FairValue
comp_3334,MicroCap,,MicroAsset,North_America,,LowValue
comp_3335,MicroCap,,MicroAsset,North_America,,HighValue
comp_3336,MicroCap,,MicroAsset,North_America,,HighValue
comp_3337,MicroCap,,MicroAsset,North_America,,LowValue
comp_3338,MicroCap,,MicroAsset,North_America,,HighValue
comp_3339,MicroCap,,MicroAsset,North_America,,HighValue
comp_3340,MicroCap,,MicroAsset,North_America,,FairValue
comp_3341,MicroCap,VeryLowRevenue,MicroAsset,North_America,HighTurnover,FairValue
comp_3342,MicroCap,,MicroAsset,North_America,,HighValue
comp_3343,MicroCap,,MicroAsset,North_America,,HighValue
comp_3344,MicroCap,,MicroAsset,North_America,,HighValue
comp_3345,MicroCap,,MicroAsset,North_America,,HighValue
comp_3346,MicroCap,,MicroAsset,North_America,,HighValue
comp_3347,MicroCap,,MicroAsset,North_America,,HighValue
comp_3348,MicroCap,,MicroAsset,North_America,,HighValue
comp_3349,MicroCap,,MicroAsset,North_America,,HighValue
comp_3350,MicroCap,,MicroAsset,North_America,,FairValue
comp_3351,MicroCap,,MicroAsset,North_America,,HighValue
comp_3352,MicroCap,,MicroAsset,North_America,,HighValue
comp_3353,MicroCap,,MicroAsset,North_America,,HighValue
comp_3354,MicroCap,,MicroAsset,North_America,,HighValue
comp_3355,MicroCap,,MicroAsset,North_America,,LowValue
comp_3356,MicroCap,,MicroAsset,North_America,,FairValue
comp_3357,MicroCap,VeryLowRevenue,MicroAsset,North_America,LowTurnover,LowValue
comp_3358,MicroCap,,MicroAsset,North_America,,HighValue
comp_3359,MicroCap,,MicroAsset,North_America,,HighValue
comp_3360,MicroCap,,,North_America,,
comp_3361,MicroCap,,MicroAsset,North_America,,LowValue
comp_3362,MicroCap,,MicroAsset,North_America,,HighValue
comp_3363,MicroCap,,MicroAsset,North_America,,HighValue
comp_3364,MicroCap,,MicroAsset,North_America,,LowValue
comp_3365,MicroCap,,MicroAsset,North_America,,FairValue
comp_3366,MicroCap,,MicroAsset,North_America,,HighValue
comp_3367,MicroCap,,MicroAsset,North_America,,LowValue
comp_3368,MicroCap,,,North_America,,
comp_3369,MicroCap,,MicroAsset,North_America,,HighValue
comp_3370,MicroCap,,MicroAsset,North_America,,LowValue
comp_3371,MicroCap,,MicroAsset,North_America,,HighValue
comp_3372,MicroCap,,,North_America,,
comp_3373,MicroCap,,,North_America,,
comp_3374,MicroCap,MidRevenue,MidAsset,North_America,LowTurnover,LowValue
comp_3375,MicroCap,VeryLowRevenue,MicroAsset,North_America,HighTurnover,LowValue
comp_3376,MicroCap,,,North_America,,
comp_3377,MicroCap,VeryLowRevenue,MicroAsset,North_America,HighTurnover,FairValue
comp_3378,MicroCap,,,North_America,,
comp_3379,MicroCap,,,North_America,,
comp_3380,MicroCap,,MicroAsset,North_America,,HighValue
comp_3381,MicroCap,LowRevenue,MicroAsset,North_America,HighTurnover,LowValue
comp_3382,MicroCap,,,North_America,,
comp_3383,MicroCap,,,North_America,,
comp_3384,MicroCap,VeryLowRevenue,MicroAsset,North_America,LowTurnover,LowValue
comp_3385,MicroCap,,MicroAsset,North_America,,LowValue
comp_3386,MegaCap,HighRevenue,HeavyAsset,South_America,MidTurnover,FairValue
comp_3387,LargeCap,UpperRevenue,MidAsset,South_America,MidTurnover,HighValue
comp_3388,LargeCap,HighRevenue,LargeAsset,South_America,MidTurnover,HighValue
comp_3389,MidCap,UpperRevenue,MidAsset,South_America,MidTurnover,FairValue
comp_3390,MidCap,UpperRevenue,MidAsset,South_America,MidTurnover,FairValue
comp_3391,MidCap,UpperRevenue,MidAsset,South_America,LowTurnover,LowValue
comp_3392,MidCap,MidRevenue,MidAsset,South_America,MidTurnover,FairValue
comp_3393,SmallCap,UpperRevenue,MidAsset,South_America,LowTurnover,LowValue
comp_3394,MicroCap,MidRevenue,MidAsset,South_America,MidTurnover,LowValue
comp_3395,MicroCap,MidRevenue,LightAsset,South_America,MidTurnover,LowValue
comp_3396,MicroCap,MidRevenue,LightAsset,South_America,HighTurnover,LowValue
comp_3397,MicroCap,UpperRevenue,MidAsset,South_America,HighTurnover,LowValue
comp_3398,MegaCap,HighRevenue,LargeAsset,Other_Regions,LowTurnover,HighValue
comp_3399,LargeCap,MidRevenue,LargeAsset,Other_Regions,LowTurnover,FairValue
comp_3400,MidCap,MidRevenue,LightAsset,Other_Regions,MidTurnover,HighValue
comp_3401,SmallCap,MidRevenue,MidAsset,Other_Regions,MidTurnover,HighValue
comp_3402,SmallCap,MidRevenue,LightAsset,Other_Regions,MidTurnover,HighValue
comp_3403,SmallCap,MidRevenue,LightAsset,Other_Regions,HighTurnover,HighValue
comp_3404,SmallCap,MidRevenue,LightAsset,Other_Regions,MidTurnover,FairValue
comp_3405,SmallCap,UpperRevenue,MidAsset,Other_Regions,HighTurnover,LowValue
comp_3406,SmallCap,MidRevenue,LightAsset,Other_Regions,HighTurnover,FairValue
comp_3407,SmallCap,MidRevenue,LightAsset,Other_Regions,HighTurnover,HighValue
comp_3408,SmallCap,MidRevenue,LightAsset,Other_Regions,HighTurnover,HighValue
comp_3409,SmallCap,MidRevenue,LightAsset,Other_Regions,MidTurnover,LowValue
comp_3410,SmallCap,MidRevenue,LightAsset,Other_Regions,HighTurnover,FairValue
comp_3411,MicroCap,MidRevenue,LightAsset,Other_Regions,HighTurnover,FairValue
comp_3412,MicroCap,LowRevenue,LightAsset,Other_Regions,MidTurnover,HighValue
comp_3413,MicroCap,LowRevenue,LightAsset,Other_Regions,MidTurnover,HighValue
comp_3414,MicroCap,LowRevenue,LightAsset,Other_Regions,MidTurnover,FairValue
comp_3415,MicroCap,MidRevenue,LightAsset,Other_Regions,HighTurnover,FairValue
comp_3416,MicroCap,LowRevenue,LightAsset,Other_Regions,MidTurnover,LowValue
comp_3417,MicroCap,LowRevenue,MicroAsset,Other_Regions,HighTurnover,HighValue
comp_3418,MicroCap,MidRevenue,LightAsset,Other_Regions,HighTurnover,FairValue
comp_3419,MicroCap,LowRevenue,LightAsset,Other_Regions,MidTurnover,FairValue
comp_3420,MicroCap,LowRevenue,MicroAsset,Other_Regions,HighTurnover,FairValue
comp_3421,MicroCap,LowRevenue,MicroAsset,Other_Regions,HighTurnover,FairValue
comp_3422,MicroCap,LowRevenue,MicroAsset,Other_Regions,HighTurnover,LowValue
comp_3423,MegaCap,HighRevenue,HeavyAsset,Asia,MidTurnover,FairValue
comp_3424,MegaCap,HighRevenue,LargeAsset,Asia,MidTurnover,FairValue
comp_3425,LargeCap,HighRevenue,LargeAsset,Asia,MidTurnover,FairValue
comp_3426,LargeCap,HighRevenue,LargeAsset,Asia,MidTurnover,FairValue
comp_3427,LargeCap,HighRevenue,HeavyAsset,Asia,MidTurnover,FairValue
comp_3428,LargeCap,UpperRevenue,MidAsset,Asia,HighTurnover,HighValue
comp_3429,LargeCap,HighRevenue,LargeAsset,Asia,MidTurnover,FairValue
comp_3430,LargeCap,HighRevenue,LargeAsset,Asia,HighTurnover,LowValue
comp_3431,LargeCap,UpperRevenue,LargeAsset,Asia,MidTurnover,FairValue
comp_3432,LargeCap,UpperRevenue,LargeAsset,Asia,MidTurnover,FairValue
comp_3433,LargeCap,UpperRevenue,MidAsset,Asia,HighTurnover,HighValue
comp_3434,LargeCap,UpperRevenue,MidAsset,Asia,MidTurnover,HighValue
comp_3435,LargeCap,UpperRevenue,MidAsset,Asia,MidTurnover,HighValue
comp_3436,LargeCap,UpperRevenue,MidAsset,Asia,HighTurnover,HighValue
comp_3437,LargeCap,UpperRevenue,MidAsset,Asia,HighTurnover,HighValue
comp_3438,LargeCap,UpperRevenue,MidAsset,Asia,MidTurnover,HighValue
comp_3439,MidCap,HighRevenue,LargeAsset,Asia,MidTurnover,LowValue
comp_3440,MidCap,UpperRevenue,MidAsset,Asia,HighTurnover,HighValue
comp_3441,MidCap,UpperRevenue,MidAsset,Asia,HighTurnover,HighValue
comp_3442,MidCap,UpperRevenue,MidAsset,Asia,MidTurnover,HighValue
comp_3443,MidCap,MidRevenue,LightAsset,Asia,MidTurnover,HighValue
comp_3444,MidCap,MidRevenue,LightAsset,Asia,LowTurnover,HighValue
comp_3445,MidCap,UpperRevenue,LargeAsset,Asia,LowTurnover,LowValue
comp_3446,MidCap,UpperRevenue,MidAsset,Asia,HighTurnover,FairValue
comp_3447,MidCap,UpperRevenue,MidAsset,Asia,HighTurnover,FairValue
comp_3448,MidCap,UpperRevenue,MidAsset,Asia,HighTurnover,FairValue
comp_3449,MidCap,LowRevenue,LightAsset,Asia,LowTurnover,HighValue
comp_3450,MidCap,UpperRevenue,MidAsset,Asia,HighTurnover,FairValue
comp_3451,MidCap,MidRevenue,MidAsset,Asia,MidTurnover,HighValue
comp_3452,MidCap,MidRevenue,MidAsset,Asia,MidTurnover,HighValue
comp_3453,MidCap,MidRevenue,MidAsset,Asia,HighTurnover,HighValue
comp_3454,MidCap,MidRevenue,LightAsset,Asia,HighTurnover,HighValue
comp_3455,MidCap,UpperRevenue,MidAsset,Asia,MidTurnover,FairValue
comp_3456,MidCap,UpperRevenue,MidAsset,Asia,MidTurnover,FairValue
comp_3457,MidCap,MidRevenue,LightAsset,Asia,HighTurnover,HighValue
comp_3458,MidCap,UpperRevenue,MidAsset,Asia,LowTurnover,LowValue
comp_3459,MidCap,UpperRevenue,MidAsset,Asia,HighTurnover,HighValue
comp_3460,MidCap,UpperRevenue,MidAsset,Asia,HighTurnover,LowValue
comp_3461,MidCap,MidRevenue,LightAsset,Asia,HighTurnover,HighValue
comp_3462,MidCap,MidRevenue,LightAsset,Asia,HighTurnover,HighValue
comp_3463,MidCap,UpperRevenue,MidAsset,Asia,HighTurnover,LowValue
comp_3464,MidCap,UpperRevenue,MidAsset,Asia,HighTurnover,HighValue
comp_3465,MidCap,UpperRevenue,MidAsset,Asia,MidTurnover,FairValue
comp_3466,MidCap,MidRevenue,LightAsset,Asia,HighTurnover,HighValue
comp_3467,MidCap,MidRevenue,LightAsset,Asia,MidTurnover,HighValue
comp_3468,SmallCap,MidRevenue,MidAsset,Asia,MidTurnover,FairValue
comp_3469,SmallCap,VeryLowRevenue,LightAsset,Asia,LowTurnover,HighValue
comp_3470,SmallCap,MidRevenue,MidAsset,Asia,MidTurnover,FairValue
comp_3471,SmallCap,MidRevenue,LightAsset,Asia,MidTurnover,HighValue
comp_3472,SmallCap,MidRevenue,LightAsset,Asia,MidTurnover,HighValue
comp_3473,SmallCap,MidRevenue,LightAsset,Asia,MidTurnover,HighValue
comp_3474,SmallCap,MidRevenue,LightAsset,Asia,HighTurnover,HighValue
comp_3475,SmallCap,UpperRevenue,LightAsset,Asia,HighTurnover,HighValue
comp_3476,SmallCap,UpperRevenue,MidAsset,Asia,MidTurnover,LowValue
comp_3477,SmallCap,UpperRevenue,MidAsset,Asia,HighTurnover,FairValue
comp_3478,SmallCap,UpperRevenue,MidAsset,Asia,MidTurnover,LowValue
comp_3479,SmallCap,MidRevenue,MidAsset,Asia,MidTurnover,FairValue
comp_3480,SmallCap,UpperRevenue,MidAsset,Asia,MidTurnover,LowValue
comp_3481,SmallCap,MidRevenue,MidAsset,Asia,MidTurnover,FairValue
comp_3482,SmallCap,MidRevenue,MidAsset,Asia,MidTurnover,FairValue
comp_3483,SmallCap,MidRevenue,LightAsset,Asia,MidTurnover,HighValue
comp_3484,SmallCap,MidRevenue,LightAsset,Asia,HighTurnover,HighValue
comp_3485,SmallCap,MidRevenue,LightAsset,Asia,HighTurnover,HighValue
comp_3486,SmallCap,MidRevenue,LightAsset,Asia,MidTurnover,HighValue
comp_3487,SmallCap,UpperRevenue,MidAsset,Asia,HighTurnover,FairValue
comp_3488,SmallCap,MidRevenue,MidAsset,Asia,MidTurnover,LowValue
comp_3489,SmallCap,MidRevenue,LightAsset,Asia,MidTurnover,HighValue
comp_3490,SmallCap,MidRevenue,LightAsset,Asia,MidTurnover,HighValue
comp_3491,SmallCap,MidRevenue,LightAsset,Asia,MidTurnover,FairValue
comp_3492,SmallCap,UpperRevenue,LightAsset,Asia,HighTurnover,HighValue
comp_3493,SmallCap,UpperRevenue,MidAsset,Asia,MidTurnover,LowValue
comp_3494,SmallCap,MidRevenue,MidAsset,Asia,MidTurnover,FairValue
comp_3495,SmallCap,MidRevenue,LightAsset,Asia,HighTurnover,FairValue
comp_3496,SmallCap,MidRevenue,LightAsset,Asia,HighTurnover,HighValue
comp_3497,SmallCap,UpperRevenue,MidAsset,Asia,MidTurnover,LowValue
comp_3498,SmallCap,UpperRevenue,MidAsset,Asia,MidTurnover,LowValue
comp_3499,SmallCap,MidRevenue,LightAsset,Asia,MidTurnover,FairValue
comp_3500,SmallCap,UpperRevenue,MidAsset,Asia,HighTurnover,FairValue
comp_3501,SmallCap,MidRevenue,MidAsset,Asia,MidTurnover,LowValue
comp_3502,SmallCap,MidRevenue,LightAsset,Asia,MidTurnover,HighValue
comp_3503,SmallCap,MidRevenue,LightAsset,Asia,HighTurnover,HighValue
comp_3504,SmallCap,UpperRevenue,MidAsset,Asia,MidTurnover,LowValue
comp_3505,SmallCap,MidRevenue,LightAsset,Asia,MidTurnover,FairValue
comp_3506,SmallCap,MidRevenue,LightAsset,Asia,MidTurnover,HighValue
comp_3507,SmallCap,MidRevenue,LightAsset,Asia,HighTurnover,HighValue
comp_3508,SmallCap,MidRevenue,LightAsset,Asia,HighTurnover,HighValue
comp_3509,SmallCap,MidRevenue,LightAsset,Asia,HighTurnover,HighValue
comp_3510,SmallCap,MidRevenue,LightAsset,Asia,HighTurnover,FairValue
comp_3511,SmallCap,MidRevenue,LightAsset,Asia,HighTurnover,HighValue
comp_3512,SmallCap,VeryLowRevenue,MicroAsset,Asia,LowTurnover,HighValue
comp_3513,SmallCap,MidRevenue,LightAsset,Asia,HighTurnover,FairValue
comp_3514,SmallCap,MidRevenue,LightAsset,Asia,MidTurnover,FairValue
comp_3515,SmallCap,MidRevenue,MidAsset,Asia,MidTurnover,LowValue
comp_3516,SmallCap,MidRevenue,LightAsset,Asia,HighTurnover,FairValue
comp_3517,SmallCap,MidRevenue,LightAsset,Asia,MidTurnover,LowValue
comp_3518,SmallCap,MidRevenue,LightAsset,Asia,HighTurnover,HighValue
comp_3519,SmallCap,LowRevenue,MicroAsset,Asia,HighTurnover,HighValue
comp_3520,SmallCap,LowRevenue,LightAsset,Asia,LowTurnover,HighValue
comp_3521,SmallCap,MidRevenue,LightAsset,Asia,HighTurnover,HighValue
comp_3522,SmallCap,MidRevenue,LightAsset,Asia,HighTurnover,LowValue
comp_3523,SmallCap,LowRevenue,LightAsset,Asia,LowTurnover,HighValue
comp_3524,SmallCap,VeryLowRevenue,MicroAsset,Asia,LowTurnover,HighValue
comp_3525,SmallCap,MidRevenue,LightAsset,Asia,MidTurnover,FairValue
comp_3526,SmallCap,MidRevenue,LightAsset,Asia,HighTurnover,HighValue
comp_3527,SmallCap,MidRevenue,LightAsset,Asia,MidTurnover,HighValue
comp_3528,SmallCap,MidRevenue,LightAsset,Asia,HighTurnover,HighValue
comp_3529,SmallCap,MidRevenue,LightAsset,Asia,MidTurnover,HighValue
comp_3530,SmallCap,MidRevenue,LightAsset,Asia,HighTurnover,HighValue
comp_3531,SmallCap,MidRevenue,LightAsset,Asia,HighTurnover,HighValue
comp_3532,SmallCap,MidRevenue,LightAsset,Asia,HighTurnover,HighValue
comp_3533,SmallCap,LowRevenue,MicroAsset,Asia,HighTurnover,HighValue
comp_3534,SmallCap,MidRevenue,LightAsset,Asia,HighTurnover,FairValue
comp_3535,SmallCap,MidRevenue,LightAsset,Asia,LowTurnover,LowValue
comp_3536,SmallCap,MidRevenue,LightAsset,Asia,HighTurnover,HighValue
comp_3537,SmallCap,MidRevenue,LightAsset,Asia,MidTurnover,FairValue
comp_3538,SmallCap,MidRevenue,LightAsset,Asia,LowTurnover,FairValue
comp_3539,SmallCap,VeryLowRevenue,LightAsset,Asia,LowTurnover,LowValue
comp_3540,SmallCap,LowRevenue,MicroAsset,Asia,HighTurnover,HighValue
comp_3541,SmallCap,MidRevenue,LightAsset,Asia,HighTurnover,FairValue
comp_3542,SmallCap,VeryLowRevenue,MicroAsset,Asia,LowTurnover,HighValue
comp_3543,SmallCap,MidRevenue,LightAsset,Asia,HighTurnover,LowValue
comp_3544,SmallCap,MidRevenue,LightAsset,Asia,MidTurnover,LowValue
comp_3545,SmallCap,LowRevenue,MicroAsset,Asia,MidTurnover,HighValue
comp_3546,SmallCap,LowRevenue,LightAsset,Asia,LowTurnover,LowValue
comp_3547,SmallCap,MidRevenue,LightAsset,Asia,MidTurnover,FairValue
comp_3548,SmallCap,MidRevenue,LightAsset,Asia,MidTurnover,FairValue
comp_3549,SmallCap,MidRevenue,LightAsset,Asia,MidTurnover,LowValue
comp_3550,SmallCap,LowRevenue,LightAsset,Asia,LowTurnover,LowValue
comp_3551,SmallCap,LowRevenue,MicroAsset,Asia,MidTurnover,HighValue
comp_3552,SmallCap,MidRevenue,MidAsset,Asia,MidTurnover,LowValue
comp_3553,SmallCap,MidRevenue,LightAsset,Asia,HighTurnover,HighValue
comp_3554,SmallCap,MidRevenue,LightAsset,Asia,HighTurnover,HighValue
comp_3555,MicroCap,MidRevenue,LightAsset,Asia,HighTurnover,FairValue
comp_3556,MicroCap,MidRevenue,LightAsset,Asia,HighTurnover,HighValue
comp_3557,MicroCap,MidRevenue,LightAsset,Asia,MidTurnover,LowValue
comp_3558,MicroCap,MidRevenue,LightAsset,Asia,HighTurnover,FairValue
comp_3559,MicroCap,MidRevenue,LightAsset,Asia,HighTurnover,HighValue
comp_3560,MicroCap,LowRevenue,MicroAsset,Asia,HighTurnover,HighValue
comp_3561,MicroCap,MidRevenue,LightAsset,Asia,HighTurnover,HighValue
comp_3562,MicroCap,MidRevenue,LightAsset,Asia,MidTurnover,FairValue
comp_3563,MicroCap,LowRevenue,LightAsset,Asia,LowTurnover,FairValue
comp_3564,MicroCap,MidRevenue,LightAsset,Asia,HighTurnover,LowValue
comp_3565,MicroCap,MidRevenue,LightAsset,Asia,MidTurnover,LowValue
comp_3566,MicroCap,MidRevenue,LightAsset,Asia,MidTurnover,LowValue
comp_3567,MicroCap,LowRevenue,MicroAsset,Asia,HighTurnover,HighValue
comp_3568,MicroCap,MidRevenue,LightAsset,Asia,HighTurnover,FairValue
comp_3569,MicroCap,MidRevenue,LightAsset,Asia,HighTurnover,FairValue
comp_3570,MicroCap,LowRevenue,MicroAsset,Asia,MidTurnover,HighValue
comp_3571,MicroCap,LowRevenue,MicroAsset,Asia,HighTurnover,HighValue
comp_3572,MicroCap,MidRevenue,LightAsset,Asia,HighTurnover,FairValue
comp_3573,MicroCap,LowRevenue,MicroAsset,Asia,MidTurnover,HighValue
comp_3574,MicroCap,MidRevenue,LightAsset,Asia,HighTurnover,LowValue
comp_3575,MicroCap,LowRevenue,LightAsset,Asia,MidTurnover,HighValue
comp_3576,MicroCap,MidRevenue,LightAsset,Asia,MidTurnover,FairValue
comp_3577,MicroCap,LowRevenue,MicroAsset,Asia,MidTurnover,HighValue
comp_3578,MicroCap,LowRevenue,MicroAsset,Asia,MidTurnover,HighValue
comp_3579,MicroCap,LowRevenue,LightAsset,Asia,LowTurnover,LowValue
comp_3580,MicroCap,,,Asia,,
comp_3581,MicroCap,MidRevenue,LightAsset,Asia,MidTurnover,FairValue
comp_3582,MicroCap,LowRevenue,MicroAsset,Asia,MidTurnover,HighValue
comp_3583,MicroCap,LowRevenue,MicroAsset,Asia,HighTurnover,HighValue
comp_3584,MicroCap,LowRevenue,MicroAsset,Asia,HighTurnover,HighValue
comp_3585,MicroCap,MidRevenue,LightAsset,Asia,MidTurnover,FairValue
comp_3586,MicroCap,LowRevenue,MicroAsset,Asia,HighTurnover,HighValue
comp_3587,MicroCap,MidRevenue,LightAsset,Asia,MidTurnover,FairValue
comp_3588,MicroCap,MidRevenue,LightAsset,Asia,MidTurnover,LowValue
comp_3589,MicroCap,LowRevenue,MicroAsset,Asia,MidTurnover,HighValue
comp_3590,MicroCap,LowRevenue,MicroAsset,Asia,HighTurnover,HighValue
comp_3591,MicroCap,LowRevenue,MicroAsset,Asia,HighTurnover,HighValue
comp_3592,MicroCap,MidRevenue,LightAsset,Asia,HighTurnover,FairValue
comp_3593,MicroCap,MidRevenue,LightAsset,Asia,HighTurnover,FairValue
comp_3594,MicroCap,LowRevenue,MicroAsset,Asia,MidTurnover,HighValue
comp_3595,MicroCap,LowRevenue,MicroAsset,Asia,HighTurnover,HighValue
comp_3596,MicroCap,MidRevenue,LightAsset,Asia,HighTurnover,FairValue
comp_3597,MicroCap,LowRevenue,MicroAsset,Asia,MidTurnover,HighValue
comp_3598,MicroCap,MidRevenue,MicroAsset,Asia,HighTurnover,HighValue
comp_3599,MicroCap,MidRevenue,LightAsset,Asia,HighTurnover,FairValue
comp_3600,MicroCap,VeryLowRevenue,MicroAsset,Asia,MidTurnover,HighValue
comp_3601,MicroCap,LowRevenue,MicroAsset,Asia,MidTurnover,HighValue
comp_3602,MicroCap,MidRevenue,MicroAsset,Asia,HighTurnover,HighValue
comp_3603,MicroCap,MidRevenue,LightAsset,Asia,HighTurnover,FairValue
comp_3604,MicroCap,LowRevenue,LightAsset,Asia,LowTurnover,LowValue
comp_3605,MicroCap,MidRevenue,MicroAsset,Asia,HighTurnover,HighValue
comp_3606,MicroCap,VeryLowRevenue,MicroAsset,Asia,LowTurnover,HighValue
comp_3607,MicroCap,LowRevenue,LightAsset,Asia,MidTurnover,FairValue
comp_3608,MicroCap,LowRevenue,MicroAsset,Asia,HighTurnover,HighValue
comp_3609,MicroCap,VeryLowRevenue,MicroAsset,Asia,MidTurnover,HighValue
comp_3610,MicroCap,MidRevenue,MicroAsset,Asia,HighTurnover,HighValue
comp_3611,MicroCap,VeryLowRevenue,LightAsset,Asia,LowTurnover,FairValue
comp_3612,MicroCap,LowRevenue,MicroAsset,Asia,HighTurnover,HighValue
comp_3613,MicroCap,LowRevenue,MicroAsset,Asia,HighTurnover,HighValue
comp_3614,MicroCap,MidRevenue,MicroAsset,Asia,HighTurnover,HighValue
comp_3615,MicroCap,VeryLowRevenue,MicroAsset,Asia,LowTurnover,HighValue
comp_3616,MicroCap,LowRevenue,MicroAsset,Asia,HighTurnover,HighValue
comp_3617,MicroCap,LowRevenue,MicroAsset,Asia,HighTurnover,HighValue
comp_3618,MicroCap,LowRevenue,MicroAsset,Asia,HighTurnover,FairValue
comp_3619,MicroCap,LowRevenue,MicroAsset,Asia,HighTurnover,HighValue
comp_3620,MicroCap,LowRevenue,MicroAsset,Asia,HighTurnover,HighValue
comp_3621,MicroCap,LowRevenue,MicroAsset,Asia,MidTurnover,FairValue
comp_3622,MicroCap,LowRevenue,MicroAsset,Asia,MidTurnover,FairValue
comp_3623,MicroCap,MidRevenue,MicroAsset,Asia,HighTurnover,FairValue
comp_3624,MicroCap,LowRevenue,MicroAsset,Asia,HighTurnover,HighValue
comp_3625,MicroCap,LowRevenue,MicroAsset,Asia,MidTurnover,HighValue
comp_3626,MicroCap,MidRevenue,LightAsset,Asia,HighTurnover,LowValue
comp_3627,MicroCap,LowRevenue,MicroAsset,Asia,HighTurnover,HighValue
comp_3628,MicroCap,LowRevenue,MicroAsset,Asia,MidTurnover,HighValue
comp_3629,MicroCap,MidRevenue,LightAsset,Asia,HighTurnover,LowValue
comp_3630,MicroCap,LowRevenue,MicroAsset,Asia,HighTurnover,FairValue
comp_3631,MicroCap,LowRevenue,MicroAsset,Asia,MidTurnover,HighValue
comp_3632,MicroCap,LowRevenue,MicroAsset,Asia,HighTurnover,HighValue
comp_3633,MicroCap,LowRevenue,MicroAsset,Asia,HighTurnover,HighValue
comp_3634,MicroCap,VeryLowRevenue,MicroAsset,Asia,LowTurnover,FairValue
comp_3635,MicroCap,LowRevenue,MicroAsset,Asia,HighTurnover,HighValue
comp_3636,MicroCap,LowRevenue,MicroAsset,Asia,MidTurnover,FairValue
comp_3637,MicroCap,LowRevenue,LightAsset,Asia,LowTurnover,LowValue
comp_3638,MicroCap,LowRevenue,MicroAsset,Asia,HighTurnover,HighValue
comp_3639,MicroCap,LowRevenue,LightAsset,Asia,MidTurnover,LowValue
comp_3640,MicroCap,MidRevenue,MicroAsset,Asia,HighTurnover,FairValue
comp_3641,MicroCap,LowRevenue,MicroAsset,Asia,HighTurnover,FairValue
comp_3642,MicroCap,VeryLowRevenue,MicroAsset,Asia,MidTurnover,HighValue
comp_3643,MicroCap,MidRevenue,LightAsset,Asia,HighTurnover,LowValue
comp_3644,MicroCap,LowRevenue,MicroAsset,Asia,MidTurnover,FairValue
comp_3645,MicroCap,LowRevenue,MicroAsset,Asia,HighTurnover,FairValue
comp_3646,MicroCap,LowRevenue,MicroAsset,Asia,HighTurnover,FairValue
comp_3647,MicroCap,LowRevenue,MicroAsset,Asia,MidTurnover,FairValue
comp_3648,MicroCap,,MicroAsset,Asia,,HighValue
comp_3649,MicroCap,LowRevenue,MicroAsset,Asia,MidTurnover,FairValue
comp_3650,MicroCap,LowRevenue,LightAsset,Asia,LowTurnover,LowValue
comp_3651,MicroCap,LowRevenue,LightAsset,Asia,LowTurnover,LowValue
comp_3652,MicroCap,LowRevenue,MicroAsset,Asia,HighTurnover,HighValue
comp_3653,MicroCap,LowRevenue,MicroAsset,Asia,MidTurnover,LowValue
comp_3654,MicroCap,MidRevenue,LightAsset,Asia,HighTurnover,LowValue
comp_3655,MicroCap,LowRevenue,MicroAsset,Asia,HighTurnover,HighValue
comp_3656,MicroCap,LowRevenue,MicroAsset,Asia,HighTurnover,HighValue
comp_3657,MicroCap,MidRevenue,MicroAsset,Asia,HighTurnover,LowValue
comp_3658,MicroCap,MidRevenue,MicroAsset,Asia,HighTurnover,FairValue
comp_3659,MicroCap,MidRevenue,MicroAsset,Asia,HighTurnover,FairValue
comp_3660,MicroCap,VeryLowRevenue,MicroAsset,Asia,MidTurnover,HighValue
comp_3661,MicroCap,MidRevenue,MicroAsset,Asia,HighTurnover,LowValue
comp_3662,MicroCap,VeryLowRevenue,MicroAsset,Asia,MidTurnover,HighValue
comp_3663,MicroCap,LowRevenue,MicroAsset,Asia,HighTurnover,HighValue
comp_3664,MicroCap,LowRevenue,MicroAsset,Asia,HighTurnover,FairValue
comp_3665,MicroCap,LowRevenue,MicroAsset,Asia,MidTurnover,HighValue
comp_3666,MicroCap,LowRevenue,MicroAsset,Asia,HighTurnover,FairValue
comp_3667,MicroCap,LowRevenue,MicroAsset,Asia,HighTurnover,HighValue
comp_3668,MicroCap,LowRevenue,MicroAsset,Asia,HighTurnover,LowValue
comp_3669,MicroCap,LowRevenue,MicroAsset,Asia,MidTurnover,HighValue
comp_3670,MicroCap,LowRevenue,MicroAsset,Asia,HighTurnover,HighValue
comp_3671,MicroCap,LowRevenue,MicroAsset,Asia,HighTurnover,FairValue
comp_3672,MicroCap,VeryLowRevenue,MicroAsset,Asia,HighTurnover,HighValue
comp_3673,MicroCap,LowRevenue,LightAsset,Asia,MidTurnover,LowValue
comp_3674,MicroCap,LowRevenue,MicroAsset,Asia,MidTurnover,FairValue
comp_3675,MicroCap,LowRevenue,MicroAsset,Asia,HighTurnover,FairValue
comp_3676,MicroCap,LowRevenue,MicroAsset,Asia,MidTurnover,FairValue
comp_3677,MicroCap,LowRevenue,MicroAsset,Asia,HighTurnover,FairValue
comp_3678,MicroCap,LowRevenue,MicroAsset,Asia,HighTurnover,HighValue
comp_3679,MicroCap,LowRevenue,MicroAsset,Asia,HighTurnover,FairValue
comp_3680,MicroCap,VeryLowRevenue,LightAsset,Asia,LowTurnover,LowValue
comp_3681,MicroCap,MidRevenue,MicroAsset,Asia,HighTurnover,FairValue
comp_3682,MicroCap,LowRevenue,MicroAsset,Asia,HighTurnover,HighValue
comp_3683,MicroCap,LowRevenue,MicroAsset,Asia,HighTurnover,HighValue
comp_3684,MicroCap,LowRevenue,MicroAsset,Asia,HighTurnover,LowValue
comp_3685,MicroCap,MidRevenue,MidAsset,Asia,LowTurnover,LowValue
comp_3686,MicroCap,MidRevenue,MicroAsset,Asia,HighTurnover,FairValue
comp_3687,MicroCap,,MicroAsset,Asia,,HighValue
comp_3688,MicroCap,LowRevenue,MicroAsset,Asia,HighTurnover,HighValue
comp_3689,MicroCap,LowRevenue,MicroAsset,Asia,HighTurnover,HighValue
comp_3690,MicroCap,LowRevenue,MicroAsset,Asia,HighTurnover,HighValue
comp_3691,MicroCap,LowRevenue,MicroAsset,Asia,HighTurnover,FairValue
comp_3692,MicroCap,LowRevenue,MicroAsset,Asia,HighTurnover,FairValue
comp_3693,MicroCap,MidRevenue,LightAsset,Asia,HighTurnover,LowValue
comp_3694,MicroCap,LowRevenue,MicroAsset,Asia,HighTurnover,FairValue
comp_3695,MicroCap,MidRevenue,LightAsset,Asia,MidTurnover,LowValue
comp_3696,MicroCap,MidRevenue,MicroAsset,Asia,HighTurnover,HighValue
comp_3697,MicroCap,LowRevenue,MicroAsset,Asia,HighTurnover,HighValue
comp_3698,MicroCap,LowRevenue,MicroAsset,Asia,HighTurnover,FairValue
comp_3699,MicroCap,LowRevenue,MicroAsset,Asia,HighTurnover,LowValue
comp_3700,MicroCap,LowRevenue,MicroAsset,Asia,MidTurnover,HighValue
comp_3701,MicroCap,LowRevenue,MicroAsset,Asia,LowTurnover,LowValue
comp_3702,MicroCap,LowRevenue,MicroAsset,Asia,HighTurnover,LowValue
comp_3703,MicroCap,VeryLowRevenue,MicroAsset,Asia,LowTurnover,HighValue
comp_3704,MicroCap,LowRevenue,MicroAsset,Asia,HighTurnover,LowValue
comp_3705,MicroCap,VeryLowRevenue,MicroAsset,Asia,HighTurnover,HighValue
comp_3706,MicroCap,LowRevenue,MicroAsset,Asia,MidTurnover,FairValue
comp_3707,MicroCap,VeryLowRevenue,MicroAsset,Asia,HighTurnover,HighValue
comp_3708,MicroCap,LowRevenue,LightAsset,Asia,LowTurnover,LowValue
comp_3709,MicroCap,LowRevenue,MicroAsset,Asia,HighTurnover,HighValue
comp_3710,MicroCap,LowRevenue,MicroAsset,Asia,HighTurnover,HighValue
comp_3711,MicroCap,LowRevenue,MicroAsset,Asia,HighTurnover,FairValue
comp_3712,MicroCap,LowRevenue,MicroAsset,Asia,HighTurnover,LowValue
comp_3713,MicroCap,LowRevenue,MicroAsset,Asia,MidTurnover,HighValue
comp_3714,MicroCap,MidRevenue,LightAsset,Asia,HighTurnover,LowValue
comp_3715,MicroCap,LowRevenue,MicroAsset,Asia,HighTurnover,HighValue
comp_3716,MicroCap,LowRevenue,MicroAsset,Asia,HighTurnover,HighValue
comp_3717,MicroCap,LowRevenue,MicroAsset,Asia,MidTurnover,LowValue
comp_3718,MicroCap,,MicroAsset,Asia,,HighValue
comp_3719,MicroCap,LowRevenue,MicroAsset,Asia,HighTurnover,HighValue
comp_3720,MicroCap,LowRevenue,MicroAsset,Asia,HighTurnover,HighValue
comp_3721,MicroCap,LowRevenue,MicroAsset,Asia,MidTurnover,FairValue
comp_3722,MicroCap,LowRevenue,MicroAsset,Asia,HighTurnover,HighValue
comp_3723,MicroCap,LowRevenue,MicroAsset,Asia,MidTurnover,FairValue
comp_3724,MicroCap,VeryLowRevenue,MicroAsset,Asia,MidTurnover,HighValue
comp_3725,MicroCap,LowRevenue,MicroAsset,Asia,HighTurnover,FairValue
comp_3726,MicroCap,LowRevenue,MicroAsset,Asia,HighTurnover,FairValue
comp_3727,MicroCap,LowRevenue,MicroAsset,Asia,HighTurnover,LowValue
comp_3728,MicroCap,VeryLowRevenue,MicroAsset,Asia,LowTurnover,FairValue
comp_3729,MicroCap,LowRevenue,MicroAsset,Asia,HighTurnover,FairValue
comp_3730,MicroCap,LowRevenue,MicroAsset,Asia,HighTurnover,HighValue
comp_3731,MicroCap,MidRevenue,LightAsset,Asia,LowTurnover,LowValue
comp_3732,MicroCap,LowRevenue,MicroAsset,Asia,MidTurnover,LowValue
comp_3733,MicroCap,LowRevenue,MicroAsset,Asia,HighTurnover,FairValue
comp_3734,MicroCap,LowRevenue,MicroAsset,Asia,HighTurnover,LowValue
comp_3735,MicroCap,LowRevenue,MicroAsset,Asia,HighTurnover,FairValue
comp_3736,MicroCap,LowRevenue,MicroAsset,Asia,MidTurnover,FairValue
comp_3737,MicroCap,VeryLowRevenue,MicroAsset,Asia,MidTurnover,HighValue
comp_3738,MicroCap,VeryLowRevenue,MicroAsset,Asia,MidTurnover,HighValue
comp_3739,MicroCap,LowRevenue,MicroAsset,Asia,MidTurnover,LowValue
comp_3740,MicroCap,LowRevenue,MicroAsset,Asia,HighTurnover,FairValue
comp_3741,MicroCap,LowRevenue,MicroAsset,Asia,HighTurnover,FairValue
comp_3742,MicroCap,LowRevenue,MicroAsset,Asia,HighTurnover,FairValue
comp_3743,MicroCap,MidRevenue,MicroAsset,Asia,HighTurnover,FairValue
comp_3744,MicroCap,LowRevenue,MicroAsset,Asia,HighTurnover,FairValue
comp_3745,MicroCap,LowRevenue,MicroAsset,Asia,MidTurnover,LowValue
comp_3746,MicroCap,LowRevenue,MicroAsset,Asia,HighTurnover,HighValue
comp_3747,MicroCap,LowRevenue,LightAsset,Asia,LowTurnover,LowValue
comp_3748,MicroCap,VeryLowRevenue,MicroAsset,Asia,MidTurnover,FairValue
comp_3749,MicroCap,LowRevenue,MicroAsset,Asia,MidTurnover,LowValue
comp_3750,MicroCap,LowRevenue,MicroAsset,Asia,MidTurnover,FairValue
comp_3751,MicroCap,VeryLowRevenue,MicroAsset,Asia,LowTurnover,HighValue
comp_3752,MicroCap,LowRevenue,MicroAsset,Asia,HighTurnover,FairValue
comp_3753,MicroCap,MidRevenue,MicroAsset,Asia,HighTurnover,LowValue
comp_3754,MicroCap,LowRevenue,MicroAsset,Asia,HighTurnover,FairValue
comp_3755,MicroCap,MidRevenue,MicroAsset,Asia,HighTurnover,LowValue
comp_3756,MicroCap,LowRevenue,MicroAsset,Asia,MidTurnover,LowValue
comp_3757,MicroCap,LowRevenue,MicroAsset,Asia,HighTurnover,LowValue
comp_3758,MicroCap,LowRevenue,MicroAsset,Asia,MidTurnover,LowValue
comp_3759,MicroCap,LowRevenue,MicroAsset,Asia,HighTurnover,HighValue
comp_3760,MicroCap,LowRevenue,MicroAsset,Asia,HighTurnover,HighValue
comp_3761,MicroCap,LowRevenue,MicroAsset,Asia,MidTurnover,LowValue
comp_3762,MicroCap,,MicroAsset,Asia,,LowValue
comp_3763,MicroCap,LowRevenue,MicroAsset,Asia,HighTurnover,LowValue
comp_3764,MicroCap,LowRevenue,MicroAsset,Asia,HighTurnover,HighValue
comp_3765,MicroCap,VeryLowRevenue,MicroAsset,Asia,LowTurnover,FairValue
comp_3766,MicroCap,LowRevenue,MicroAsset,Asia,MidTurnover,LowValue
comp_3767,MicroCap,VeryLowRevenue,MicroAsset,Asia,LowTurnover,FairValue
comp_3768,MicroCap,MidRevenue,MicroAsset,Asia,HighTurnover,LowValue
comp_3769,MicroCap,VeryLowRevenue,MicroAsset,Asia,HighTurnover,HighValue
comp_3770,MicroCap,VeryLowRevenue,MicroAsset,Asia,MidTurnover,HighValue
comp_3771,MicroCap,LowRevenue,MicroAsset,Asia,MidTurnover,LowValue
comp_3772,MicroCap,LowRevenue,MicroAsset,Asia,HighTurnover,LowValue
comp_3773,MicroCap,LowRevenue,MicroAsset,Asia,HighTurnover,FairValue
comp_3774,MicroCap,LowRevenue,MicroAsset,Asia,HighTurnover,FairValue
comp_3775,MicroCap,VeryLowRevenue,MicroAsset,Asia,HighTurnover,HighValue
comp_3776,MicroCap,LowRevenue,MicroAsset,Asia,MidTurnover,LowValue
comp_3777,MicroCap,LowRevenue,MicroAsset,Asia,MidTurnover,LowValue
comp_3778,MicroCap,VeryLowRevenue,MicroAsset,Asia,HighTurnover,HighValue
comp_3779,MicroCap,MidRevenue,MicroAsset,Asia,HighTurnover,LowValue
comp_3780,MicroCap,LowRevenue,MicroAsset,Asia,HighTurnover,FairValue
comp_3781,MicroCap,LowRevenue,MicroAsset,Asia,HighTurnover,FairValue
comp_3782,MicroCap,VeryLowRevenue,MicroAsset,Asia,LowTurnover,LowValue
comp_3783,MicroCap,LowRevenue,MicroAsset,Asia,HighTurnover,FairValue
comp_3784,MicroCap,LowRevenue,MicroAsset,Asia,HighTurnover,FairValue
comp_3785,MicroCap,VeryLowRevenue,MicroAsset,Asia,LowTurnover,LowValue
comp_3786,MicroCap,MidRevenue,LightAsset,Asia,HighTurnover,LowValue
comp_3787,MicroCap,VeryLowRevenue,LightAsset,Asia,LowTurnover,LowValue
comp_3788,MicroCap,LowRevenue,MicroAsset,Asia,HighTurnover,LowValue
comp_3789,MicroCap,LowRevenue,MicroAsset,Asia,HighTurnover,FairValue
comp_3790,MicroCap,VeryLowRevenue,MicroAsset,Asia,LowTurnover,HighValue
comp_3791,MicroCap,LowRevenue,MicroAsset,Asia,HighTurnover,FairValue
comp_3792,MicroCap,LowRevenue,MicroAsset,Asia,MidTurnover,LowValue
comp_3793,MicroCap,VeryLowRevenue,MicroAsset,Asia,HighTurnover,FairValue
comp_3794,MicroCap,VeryLowRevenue,MicroAsset,Asia,LowTurnover,LowValue
comp_3795,MicroCap,LowRevenue,MicroAsset,Asia,HighTurnover,HighValue
comp_3796,MicroCap,VeryLowRevenue,MicroAsset,Asia,HighTurnover,FairValue
comp_3797,MicroCap,LowRevenue,MicroAsset,Asia,HighTurnover,LowValue
comp_3798,MicroCap,VeryLowRevenue,MicroAsset,Asia,MidTurnover,FairValue
comp_3799,MicroCap,VeryLowRevenue,MicroAsset,Asia,HighTurnover,HighValue
comp_3800,MicroCap,VeryLowRevenue,MicroAsset,Asia,HighTurnover,HighValue
comp_3801,MicroCap,LowRevenue,MicroAsset,Asia,HighTurnover,LowValue
comp_3802,MicroCap,VeryLowRevenue,MicroAsset,Asia,HighTurnover,FairValue
comp_3803,MicroCap,MidRevenue,MicroAsset,Asia,HighTurnover,LowValue
comp_3804,MicroCap,LowRevenue,MicroAsset,Asia,HighTurnover,LowValue
comp_3805,MicroCap,MidRevenue,LightAsset,Asia,LowTurnover,LowValue
comp_3806,MicroCap,VeryLowRevenue,MicroAsset,Asia,LowTurnover,LowValue
comp_3807,MicroCap,LowRevenue,MicroAsset,Asia,HighTurnover,FairValue
comp_3808,MicroCap,LowRevenue,MicroAsset,Asia,HighTurnover,LowValue
comp_3809,MicroCap,VeryLowRevenue,MicroAsset,Asia,MidTurnover,HighValue
comp_3810,MicroCap,LowRevenue,MicroAsset,Asia,MidTurnover,LowValue
comp_3811,MicroCap,VeryLowRevenue,MicroAsset,Asia,LowTurnover,LowValue
comp_3812,MicroCap,LowRevenue,MicroAsset,Asia,HighTurnover,LowValue
comp_3813,MicroCap,VeryLowRevenue,MicroAsset,Asia,HighTurnover,HighValue
comp_3814,MicroCap,LowRevenue,MicroAsset,Asia,HighTurnover,FairValue
comp_3815,MicroCap,,MicroAsset,Asia,,HighValue
comp_3816,MicroCap,LowRevenue,MicroAsset,Asia,HighTurnover,HighValue
comp_3817,MicroCap,LowRevenue,MicroAsset,Asia,HighTurnover,LowValue
comp_3818,MicroCap,VeryLowRevenue,MicroAsset,Asia,MidTurnover,FairValue
comp_3819,MicroCap,LowRevenue,MicroAsset,Asia,HighTurnover,LowValue
comp_3820,MicroCap,VeryLowRevenue,MicroAsset,Asia,LowTurnover,LowValue
comp_3821,MicroCap,LowRevenue,MicroAsset,Asia,HighTurnover,LowValue
comp_3822,MicroCap,,MicroAsset,Asia,,HighValue
comp_3823,MicroCap,VeryLowRevenue,MicroAsset,Asia,MidTurnover,LowValue
comp_3824,MicroCap,LowRevenue,MicroAsset,Asia,HighTurnover,LowValue
comp_3825,MicroCap,LowRevenue,MicroAsset,Asia,HighTurnover,FairValue
comp_3826,MicroCap,VeryLowRevenue,MicroAsset,Asia,HighTurnover,FairValue
comp_3827,MicroCap,VeryLowRevenue,MicroAsset,Asia,LowTurnover,FairValue
comp_3828,MicroCap,VeryLowRevenue,MicroAsset,Asia,LowTurnover,LowValue
comp_3829,MicroCap,,,Asia,,
comp_3830,MicroCap,LowRevenue,MicroAsset,Asia,HighTurnover,HighValue
comp_3831,MicroCap,VeryLowRevenue,MicroAsset,Asia,LowTurnover,FairValue
comp_3832,MicroCap,VeryLowRevenue,MicroAsset,Asia,HighTurnover,FairValue
comp_3833,MicroCap,VeryLowRevenue,MicroAsset,Asia,LowTurnover,LowValue
comp_3834,MicroCap,LowRevenue,MicroAsset,Asia,HighTurnover,FairValue
comp_3835,MicroCap,VeryLowRevenue,MicroAsset,Asia,LowTurnover,LowValue
comp_3836,MicroCap,VeryLowRevenue,MicroAsset,Asia,LowTurnover,LowValue
comp_3837,MicroCap,VeryLowRevenue,MicroAsset,Asia,HighTurnover,FairValue
comp_3838,MicroCap,MidRevenue,MicroAsset,Asia,HighTurnover,LowValue
comp_3839,MicroCap,LowRevenue,MicroAsset,Asia,HighTurnover,HighValue
comp_3840,MicroCap,VeryLowRevenue,MicroAsset,Asia,LowTurnover,FairValue
comp_3841,MicroCap,LowRevenue,MicroAsset,Asia,HighTurnover,LowValue
comp_3842,MicroCap,VeryLowRevenue,MicroAsset,Asia,LowTurnover,HighValue
comp_3843,MicroCap,LowRevenue,MicroAsset,Asia,HighTurnover,LowValue
comp_3844,MicroCap,VeryLowRevenue,MicroAsset,Asia,LowTurnover,LowValue
comp_3845,MicroCap,VeryLowRevenue,MicroAsset,Asia,MidTurnover,HighValue
comp_3846,MicroCap,,LightAsset,Asia,,LowValue
comp_3847,MicroCap,LowRevenue,MicroAsset,Asia,HighTurnover,LowValue
comp_3848,MicroCap,VeryLowRevenue,MicroAsset,Asia,MidTurnover,FairValue
comp_3849,MicroCap,LowRevenue,MicroAsset,Asia,HighTurnover,LowValue
comp_3850,MicroCap,VeryLowRevenue,MicroAsset,Asia,LowTurnover,LowValue
comp_3851,MicroCap,,MicroAsset,Asia,,HighValue
comp_3852,MicroCap,VeryLowRevenue,LightAsset,Asia,LowTurnover,LowValue
comp_3853,MicroCap,VeryLowRevenue,MicroAsset,Asia,LowTurnover,FairValue
comp_3854,MicroCap,VeryLowRevenue,MicroAsset,Asia,MidTurnover,FairValue
comp_3855,MicroCap,VeryLowRevenue,MicroAsset,Asia,LowTurnover,LowValue
comp_3856,MicroCap,VeryLowRevenue,MicroAsset,Asia,HighTurnover,LowValue
comp_3857,MicroCap,VeryLowRevenue,MicroAsset,Asia,MidTurnover,FairValue
comp_3858,MicroCap,VeryLowRevenue,MicroAsset,Asia,LowTurnover,HighValue
comp_3859,MicroCap,LowRevenue,MicroAsset,Asia,HighTurnover,LowValue
comp_3860,MicroCap,VeryLowRevenue,MicroAsset,Asia,HighTurnover,LowValue
comp_3861,MicroCap,VeryLowRevenue,MicroAsset,Asia,LowTurnover,LowValue
comp_3862,MicroCap,VeryLowRevenue,MicroAsset,Asia,MidTurnover,LowValue
comp_3863,MicroCap,,MicroAsset,Asia,,HighValue
comp_3864,MicroCap,MidRevenue,LightAsset,Asia,MidTurnover,LowValue
comp_3865,MicroCap,VeryLowRevenue,MicroAsset,Asia,HighTurnover,FairValue
comp_3866,MicroCap,LowRevenue,MicroAsset,Asia,HighTurnover,LowValue
comp_3867,MicroCap,VeryLowRevenue,MicroAsset,Asia,LowTurnover,HighValue
comp_3868,MicroCap,VeryLowRevenue,MicroAsset,Asia,LowTurnover,FairValue
comp_3869,MicroCap,VeryLowRevenue,MicroAsset,Asia,HighTurnover,FairValue
comp_3870,MicroCap,,MicroAsset,Asia,,FairValue
comp_3871,MicroCap,VeryLowRevenue,MicroAsset,Asia,HighTurnover,FairValue
comp_3872,MicroCap,,MicroAsset,Asia,,FairValue
comp_3873,MicroCap,VeryLowRevenue,MicroAsset,Asia,LowTurnover,HighValue
comp_3874,MicroCap,VeryLowRevenue,MicroAsset,Asia,LowTurnover,LowValue
comp_3875,MicroCap,LowRevenue,MicroAsset,Asia,HighTurnover,LowValue
comp_3876,MicroCap,LowRevenue,MicroAsset,Asia,HighTurnover,LowValue
comp_3877,MicroCap,VeryLowRevenue,MicroAsset,Asia,MidTurnover,LowValue
comp_3878,MicroCap,VeryLowRevenue,MicroAsset,Asia,HighTurnover,FairValue
comp_3879,MicroCap,VeryLowRevenue,MicroAsset,Asia,MidTurnover,LowValue
comp_3880,MicroCap,VeryLowRevenue,MicroAsset,Asia,LowTurnover,HighValue
comp_3881,MicroCap,VeryLowRevenue,MicroAsset,Asia,MidTurnover,LowValue
comp_3882,MicroCap,VeryLowRevenue,MicroAsset,Asia,LowTurnover,FairValue
comp_3883,MicroCap,VeryLowRevenue,MicroAsset,Asia,HighTurnover,HighValue
comp_3884,MicroCap,LowRevenue,MicroAsset,Asia,HighTurnover,LowValue
comp_3885,MicroCap,VeryLowRevenue,MicroAsset,Asia,LowTurnover,LowValue
comp_3886,MicroCap,VeryLowRevenue,MicroAsset,Asia,LowTurnover,HighValue
comp_3887,MicroCap,VeryLowRevenue,MicroAsset,Asia,LowTurnover,LowValue
comp_3888,MicroCap,,MicroAsset,Asia,,HighValue
comp_3889,MicroCap,VeryLowRevenue,MicroAsset,Asia,LowTurnover,FairValue
comp_3890,MicroCap,VeryLowRevenue,MicroAsset,Asia,MidTurnover,FairValue
comp_3891,MicroCap,VeryLowRevenue,MicroAsset,Asia,LowTurnover,LowValue
comp_3892,MicroCap,,MicroAsset,Asia,,LowValue
comp_3893,MicroCap,VeryLowRevenue,MicroAsset,Asia,LowTurnover,LowValue
comp_3894,MicroCap,VeryLowRevenue,MicroAsset,Asia,MidTurnover,HighValue
comp_3895,MicroCap,LowRevenue,MicroAsset,Asia,HighTurnover,LowValue
comp_3896,MicroCap,VeryLowRevenue,MicroAsset,Asia,HighTurnover,LowValue
comp_3897,MicroCap,VeryLowRevenue,MicroAsset,Asia,HighTurnover,HighValue
comp_3898,MicroCap,VeryLowRevenue,MicroAsset,Asia,LowTurnover,LowValue
comp_3899,MicroCap,VeryLowRevenue,MicroAsset,Asia,LowTurnover,LowValue
comp_3900,MicroCap,,MicroAsset,Asia,,FairValue
comp_3901,MicroCap,VeryLowRevenue,MicroAsset,Asia,LowTurnover,LowValue
comp_3902,MicroCap,VeryLowRevenue,MicroAsset,Asia,HighTurnover,FairValue
comp_3903,MicroCap,VeryLowRevenue,MicroAsset,Asia,LowTurnover,HighValue
comp_3904,MicroCap,VeryLowRevenue,MicroAsset,Asia,MidTurnover,HighValue
comp_3905,MicroCap,VeryLowRevenue,MicroAsset,Asia,LowTurnover,LowValue
comp_3906,MicroCap,,MicroAsset,Asia,,LowValue
comp_3907,MicroCap,VeryLowRevenue,LightAsset,Asia,LowTurnover,LowValue
comp_3908,MicroCap,VeryLowRevenue,MicroAsset,Asia,MidTurnover,LowValue
comp_3909,MicroCap,VeryLowRevenue,MicroAsset,Asia,MidTurnover,LowValue
comp_3910,MicroCap,VeryLowRevenue,MicroAsset,Asia,LowTurnover,LowValue
comp_3911,MicroCap,VeryLowRevenue,MicroAsset,Asia,LowTurnover,LowValue
comp_3912,MicroCap,VeryLowRevenue,MicroAsset,Asia,MidTurnover,FairValue
comp_3913,MicroCap,LowRevenue,MicroAsset,Asia,HighTurnover,LowValue
comp_3914,MicroCap,VeryLowRevenue,MicroAsset,Asia,MidTurnover,LowValue
comp_3915,MicroCap,VeryLowRevenue,MicroAsset,Asia,HighTurnover,FairValue
comp_3916,MicroCap,VeryLowRevenue,MicroAsset,Asia,MidTurnover,LowValue
comp_3917,MicroCap,VeryLowRevenue,MicroAsset,Asia,LowTurnover,LowValue
comp_3918,MicroCap,VeryLowRevenue,MicroAsset,Asia,LowTurnover,LowValue
comp_3919,MicroCap,LowRevenue,MicroAsset,Asia,MidTurnover,LowValue
comp_3920,MicroCap,VeryLowRevenue,MicroAsset,Asia,HighTurnover,LowValue
comp_3921,MicroCap,,MicroAsset,Asia,,FairValue
comp_3922,MicroCap,VeryLowRevenue,MicroAsset,Asia,MidTurnover,LowValue
comp_3923,MicroCap,LowRevenue,MicroAsset,Asia,HighTurnover,LowValue
comp_3924,MicroCap,VeryLowRevenue,MicroAsset,Asia,HighTurnover,FairValue
comp_3925,MicroCap,VeryLowRevenue,MicroAsset,Asia,LowTurnover,FairValue
comp_3926,MicroCap,VeryLowRevenue,LightAsset,Asia,LowTurnover,LowValue
comp_3927,MicroCap,VeryLowRevenue,MicroAsset,Asia,LowTurnover,LowValue
comp_3928,MicroCap,,MicroAsset,Asia,,FairValue
comp_3929,MicroCap,VeryLowRevenue,MicroAsset,Asia,LowTurnover,HighValue
comp_3930,MicroCap,,MicroAsset,Asia,,LowValue
comp_3931,MicroCap,,MicroAsset,Asia,,HighValue
comp_3932,MicroCap,VeryLowRevenue,MicroAsset,Asia,HighTurnover,LowValue
comp_3933,MicroCap,,MicroAsset,Asia,,LowValue
comp_3934,MicroCap,VeryLowRevenue,MicroAsset,Asia,LowTurnover,LowValue
comp_3935,MicroCap,,MicroAsset,Asia,,HighValue
comp_3936,MicroCap,VeryLowRevenue,MicroAsset,Asia,MidTurnover,FairValue
comp_3937,MicroCap,VeryLowRevenue,MicroAsset,Asia,LowTurnover,FairValue
comp_3938,MicroCap,,MicroAsset,Asia,,LowValue
comp_3939,MicroCap,VeryLowRevenue,MicroAsset,Asia,HighTurnover,FairValue
comp_3940,MicroCap,,MicroAsset,Asia,,LowValue
comp_3941,MicroCap,,MicroAsset,Asia,,HighValue
comp_3942,MicroCap,,LightAsset,Asia,,LowValue
comp_3943,MicroCap,,MicroAsset,Asia,,LowValue
comp_3944,MicroCap,VeryLowRevenue,MicroAsset,Asia,LowTurnover,LowValue
comp_3945,MicroCap,,MicroAsset,Asia,,LowValue
comp_3946,MicroCap,,MicroAsset,Asia,,HighValue
comp_3947,MegaCap,UpperRevenue,LargeAsset,Africa,MidTurnover,HighValue
comp_3948,LargeCap,UpperRevenue,LargeAsset,Africa,MidTurnover,HighValue
comp_3949,LargeCap,UpperRevenue,MidAsset,Africa,HighTurnover,HighValue
comp_3950,LargeCap,UpperRevenue,LargeAsset,Africa,MidTurnover,FairValue
comp_3951,LargeCap,UpperRevenue,LargeAsset,Africa,MidTurnover,FairValue
comp_3952,MidCap,UpperRevenue,MidAsset,Africa,MidTurnover,FairValue
comp_3953,MidCap,UpperRevenue,MidAsset,Africa,MidTurnover,HighValue
comp_3954,MidCap,UpperRevenue,MidAsset,Africa,MidTurnover,LowValue
comp_3955,MidCap,MidRevenue,MidAsset,Africa,MidTurnover,HighValue
comp_3956,MidCap,MidRevenue,MidAsset,Africa,MidTurnover,HighValue
comp_3957,MidCap,MidRevenue,MidAsset,Africa,LowTurnover,LowValue
comp_3958,SmallCap,UpperRevenue,MidAsset,Africa,MidTurnover,LowValue
comp_3959,SmallCap,MidRevenue,LightAsset,Africa,MidTurnover,HighValue
comp_3960,SmallCap,UpperRevenue,MidAsset,Africa,HighTurnover,LowValue
comp_3961,SmallCap,MidRevenue,LightAsset,Africa,HighTurnover,LowValue
comp_3962,SmallCap,MidRevenue,LightAsset,Africa,MidTurnover,FairValue
comp_3963,MicroCap,MidRevenue,LightAsset,Africa,HighTurnover,LowValue
comp_3964,MicroCap,MidRevenue,LightAsset,Africa,MidTurnover,LowValue
comp_3965,MicroCap,UpperRevenue,MidAsset,Africa,HighTurnover,LowValue
comp_3966,MicroCap,MidRevenue,MidAsset,Africa,MidTurnover,LowValue
comp_3967,MicroCap,UpperRevenue,LightAsset,Africa,HighTurnover,LowValue
comp_3968,MicroCap,MidRevenue,LightAsset,Africa,HighTurnover,LowValue
comp_3969,MicroCap,LowRevenue,LightAsset,Africa,LowTurnover,LowValue
comp_3970,MicroCap,MidRevenue,MicroAsset,Africa,HighTurnover,LowValue
comp_3971,MicroCap,LowRevenue,MicroAsset,Africa,LowTurnover,LowValue
comp_3972,MicroCap,MidRevenue,LightAsset,Africa,HighTurnover,LowValue
comp_3973,MicroCap,,MicroAsset,Africa,,HighValue
comp_3974,MicroCap,,MicroAsset,Africa,,FairValue
comp_3975,MicroCap,,MicroAsset,Africa,,LowValue
comp_3976,MicroCap,,MicroAsset,Africa,,LowValue
comp_3977,LargeCap,HighRevenue,LargeAsset,Other_Regions,MidTurnover,HighValue
comp_3978,LargeCap,HighRevenue,HeavyAsset,Other_Regions,MidTurnover,LowValue
comp_3979,LargeCap,HighRevenue,LargeAsset,Other_Regions,HighTurnover,FairValue
comp_3980,LargeCap,UpperRevenue,MidAsset,Other_Regions,MidTurnover,HighValue
comp_3981,MidCap,UpperRevenue,MidAsset,Other_Regions,HighTurnover,HighValue
comp_3982,MidCap,HighRevenue,LargeAsset,Other_Regions,HighTurnover,LowValue
comp_3983,MidCap,HighRevenue,LargeAsset,Other_Regions,HighTurnover,LowValue
comp_3984,MidCap,UpperRevenue,LargeAsset,Other_Regions,MidTurnover,LowValue
comp_3985,MidCap,HighRevenue,LargeAsset,Other_Regions,MidTurnover,LowValue
comp_3986,MidCap,UpperRevenue,MidAsset,Other_Regions,HighTurnover,FairValue
comp_3987,MidCap,MidRevenue,MidAsset,Other_Regions,MidTurnover,HighValue
comp_3988,MidCap,UpperRevenue,MidAsset,Other_Regions,HighTurnover,FairValue
comp_3989,MidCap,UpperRevenue,MidAsset,Other_Regions,HighTurnover,FairValue
comp_3990,SmallCap,UpperRevenue,MidAsset,Other_Regions,HighTurnover,LowValue
comp_3991,SmallCap,HighRevenue,LargeAsset,Other_Regions,MidTurnover,LowValue
comp_3992,SmallCap,MidRevenue,LightAsset,Other_Regions,MidTurnover,HighValue
comp_3993,SmallCap,UpperRevenue,MidAsset,Other_Regions,MidTurnover,LowValue
comp_3994,SmallCap,UpperRevenue,MidAsset,Other_Regions,HighTurnover,LowValue
comp_3995,SmallCap,MidRevenue,LightAsset,Other_Regions,MidTurnover,FairValue
comp_3996,SmallCap,UpperRevenue,MidAsset,Other_Regions,MidTurnover,LowValue
comp_3997,SmallCap,UpperRevenue,MidAsset,Other_Regions,MidTurnover,LowValue
comp_3998,SmallCap,MidRevenue,MidAsset,Other_Regions,LowTurnover,LowValue
comp_3999,SmallCap,UpperRevenue,MidAsset,Other_Regions,HighTurnover,LowValue
comp_4000,SmallCap,MidRevenue,LightAsset,Other_Regions,HighTurnover,HighValue
comp_4001,SmallCap,MidRevenue,LightAsset,Other_Regions,MidTurnover,FairValue
comp_4002,SmallCap,UpperRevenue,MidAsset,Other_Regions,HighTurnover,LowValue
comp_4003,SmallCap,UpperRevenue,MidAsset,Other_Regions,MidTurnover,LowValue
comp_4004,SmallCap,UpperRevenue,MidAsset,Other_Regions,HighTurnover,LowValue
comp_4005,SmallCap,MidRevenue,LightAsset,Other_Regions,HighTurnover,FairValue
comp_4006,SmallCap,LowRevenue,LightAsset,Other_Regions,LowTurnover,HighValue
comp_4007,SmallCap,UpperRevenue,MidAsset,Other_Regions,MidTurnover,LowValue
comp_4008,SmallCap,UpperRevenue,MidAsset,Other_Regions,HighTurnover,LowValue
comp_4009,SmallCap,MidRevenue,LightAsset,Other_Regions,HighTurnover,LowValue
comp_4010,SmallCap,MidRevenue,LightAsset,Other_Regions,MidTurnover,FairValue
comp_4011,SmallCap,MidRevenue,LightAsset,Other_Regions,HighTurnover,HighValue
comp_4012,SmallCap,LowRevenue,LightAsset,Other_Regions,MidTurnover,HighValue
comp_4013,SmallCap,UpperRevenue,MidAsset,Other_Regions,HighTurnover,LowValue
comp_4014,SmallCap,MidRevenue,LightAsset,Other_Regions,HighTurnover,LowValue
comp_4015,SmallCap,UpperRevenue,MidAsset,Other_Regions,HighTurnover,LowValue
comp_4016,SmallCap,MidRevenue,LightAsset,Other_Regions,HighTurnover,HighValue
comp_4017,MicroCap,UpperRevenue,MidAsset,Other_Regions,HighTurnover,LowValue
comp_4018,MicroCap,MidRevenue,MidAsset,Other_Regions,MidTurnover,LowValue
comp_4019,MicroCap,MidRevenue,LightAsset,Other_Regions,HighTurnover,LowValue
comp_4020,MicroCap,UpperRevenue,LightAsset,Other_Regions,HighTurnover,LowValue
comp_4021,MicroCap,MidRevenue,LightAsset,Other_Regions,HighTurnover,LowValue
comp_4022,MicroCap,MidRevenue,MidAsset,Other_Regions,MidTurnover,LowValue
comp_4023,MicroCap,MidRevenue,LightAsset,Other_Regions,HighTurnover,LowValue
comp_4024,MicroCap,MidRevenue,LightAsset,Other_Regions,HighTurnover,FairValue
comp_4025,MicroCap,MidRevenue,LightAsset,Other_Regions,MidTurnover,LowValue
comp_4026,MicroCap,MidRevenue,LightAsset,Other_Regions,HighTurnover,LowValue
comp_4027,MicroCap,MidRevenue,LightAsset,Other_Regions,HighTurnover,LowValue
comp_4028,MicroCap,UpperRevenue,MidAsset,Other_Regions,HighTurnover,LowValue
comp_4029,MicroCap,MidRevenue,MidAsset,Other_Regions,HighTurnover,LowValue
comp_4030,MicroCap,,MidAsset,Other_Regions,,LowValue
comp_4031,MicroCap,MidRevenue,LightAsset,Other_Regions,HighTurnover,FairValue
comp_4032,MicroCap,MidRevenue,LightAsset,Other_Regions,HighTurnover,LowValue
comp_4033,MicroCap,MidRevenue,LightAsset,Other_Regions,MidTurnover,LowValue
comp_4034,MicroCap,MidRevenue,LightAsset,Other_Regions,HighTurnover,LowValue
comp_4035,MicroCap,UpperRevenue,MidAsset,Other_Regions,HighTurnover,LowValue
comp_4036,MicroCap,MidRevenue,LightAsset,Other_Regions,MidTurnover,LowValue
comp_4037,MicroCap,LowRevenue,LightAsset,Other_Regions,LowTurnover,FairValue
comp_4038,MicroCap,MidRevenue,LightAsset,Other_Regions,MidTurnover,LowValue
comp_4039,MicroCap,MidRevenue,LightAsset,Other_Regions,MidTurnover,LowValue
comp_4040,MicroCap,MidRevenue,MicroAsset,Other_Regions,HighTurnover,HighValue
comp_4041,MicroCap,MidRevenue,LightAsset,Other_Regions,HighTurnover,LowValue
comp_4042,MicroCap,LowRevenue,LightAsset,Other_Regions,MidTurnover,FairValue
comp_4043,MicroCap,MidRevenue,LightAsset,Other_Regions,MidTurnover,LowValue
comp_4044,MicroCap,MidRevenue,LightAsset,Other_Regions,HighTurnover,LowValue
comp_4045,MicroCap,MidRevenue,LightAsset,Other_Regions,MidTurnover,LowValue
comp_4046,MicroCap,MidRevenue,LightAsset,Other_Regions,HighTurnover,FairValue
comp_4047,MicroCap,MidRevenue,LightAsset,Other_Regions,HighTurnover,LowValue
comp_4048,MicroCap,LowRevenue,LightAsset,Other_Regions,MidTurnover,FairValue
comp_4049,MicroCap,UpperRevenue,LightAsset,Other_Regions,HighTurnover,LowValue
comp_4050,MicroCap,LowRevenue,LightAsset,Other_Regions,MidTurnover,FairValue
comp_4051,MicroCap,LowRevenue,LightAsset,Other_Regions,LowTurnover,FairValue
comp_4052,MicroCap,MidRevenue,LightAsset,Other_Regions,HighTurnover,FairValue
comp_4053,MicroCap,VeryLowRevenue,LightAsset,Other_Regions,LowTurnover,FairValue
comp_4054,MicroCap,UpperRevenue,LightAsset,Other_Regions,HighTurnover,LowValue
comp_4055,MicroCap,MidRevenue,LightAsset,Other_Regions,HighTurnover,LowValue
comp_4056,MicroCap,MidRevenue,LightAsset,Other_Regions,MidTurnover,LowValue
comp_4057,MicroCap,MidRevenue,LightAsset,Other_Regions,HighTurnover,LowValue
comp_4058,MicroCap,MidRevenue,LightAsset,Other_Regions,HighTurnover,LowValue
comp_4059,MicroCap,MidRevenue,LightAsset,Other_Regions,MidTurnover,LowValue
comp_4060,MicroCap,MidRevenue,LightAsset,Other_Regions,MidTurnover,LowValue
comp_4061,MicroCap,MidRevenue,LightAsset,Other_Regions,HighTurnover,LowValue
comp_4062,MicroCap,MidRevenue,LightAsset,Other_Regions,MidTurnover,LowValue
comp_4063,MicroCap,MidRevenue,LightAsset,Other_Regions,HighTurnover,LowValue
comp_4064,MicroCap,MidRevenue,LightAsset,Other_Regions,MidTurnover,LowValue
comp_4065,MicroCap,MidRevenue,LightAsset,Other_Regions,HighTurnover,LowValue
comp_4066,MicroCap,MidRevenue,LightAsset,Other_Regions,HighTurnover,LowValue
comp_4067,MicroCap,MidRevenue,LightAsset,Other_Regions,HighTurnover,LowValue
comp_4068,MicroCap,LowRevenue,MicroAsset,Other_Regions,MidTurnover,FairValue
comp_4069,MicroCap,MidRevenue,LightAsset,Other_Regions,HighTurnover,LowValue
comp_4070,MicroCap,MidRevenue,LightAsset,Other_Regions,MidTurnover,LowValue
comp_4071,MicroCap,MidRevenue,LightAsset,Other_Regions,HighTurnover,LowValue
comp_4072,MicroCap,LowRevenue,LightAsset,Other_Regions,LowTurnover,LowValue
comp_4073,MicroCap,MidRevenue,LightAsset,Other_Regions,HighTurnover,LowValue
comp_4074,MicroCap,LowRevenue,MicroAsset,Other_Regions,MidTurnover,FairValue
comp_4075,MicroCap,MidRevenue,LightAsset,Other_Regions,MidTurnover,LowValue
comp_4076,MicroCap,MidRevenue,LightAsset,Other_Regions,HighTurnover,LowValue
comp_4077,MicroCap,MidRevenue,LightAsset,Other_Regions,HighTurnover,LowValue
comp_4078,MicroCap,LowRevenue,LightAsset,Other_Regions,MidTurnover,LowValue
comp_4079,MicroCap,UpperRevenue,MidAsset,Other_Regions,HighTurnover,LowValue
comp_4080,MicroCap,LowRevenue,MicroAsset,Other_Regions,LowTurnover,FairValue
comp_4081,MicroCap,LowRevenue,LightAsset,Other_Regions,MidTurnover,LowValue
comp_4082,MicroCap,MidRevenue,LightAsset,Other_Regions,HighTurnover,LowValue
comp_4083,MicroCap,MidRevenue,LightAsset,Other_Regions,HighTurnover,LowValue
comp_4084,MicroCap,LowRevenue,LightAsset,Other_Regions,HighTurnover,FairValue
comp_4085,MicroCap,MidRevenue,LightAsset,Other_Regions,HighTurnover,LowValue
comp_4086,MicroCap,LowRevenue,MicroAsset,Other_Regions,LowTurnover,FairValue
comp_4087,MicroCap,MidRevenue,LightAsset,Other_Regions,HighTurnover,LowValue
comp_4088,MicroCap,MidRevenue,LightAsset,Other_Regions,HighTurnover,LowValue
comp_4089,MicroCap,MidRevenue,LightAsset,Other_Regions,HighTurnover,LowValue
comp_4090,MicroCap,MidRevenue,LightAsset,Other_Regions,HighTurnover,LowValue
comp_4091,MicroCap,MidRevenue,LightAsset,Other_Regions,HighTurnover,LowValue
comp_4092,MicroCap,MidRevenue,LightAsset,Other_Regions,HighTurnover,LowValue
comp_4093,MicroCap,MidRevenue,LightAsset,Other_Regions,HighTurnover,LowValue
comp_4094,MicroCap,MidRevenue,LightAsset,Other_Regions,HighTurnover,LowValue
comp_4095,MicroCap,MidRevenue,LightAsset,Other_Regions,HighTurnover,LowValue
comp_4096,MicroCap,MidRevenue,LightAsset,Other_Regions,MidTurnover,LowValue
comp_4097,MicroCap,MidRevenue,LightAsset,Other_Regions,HighTurnover,LowValue
comp_4098,MicroCap,LowRevenue,MicroAsset,Other_Regions,MidTurnover,FairValue
comp_4099,MicroCap,MidRevenue,LightAsset,Other_Regions,HighTurnover,LowValue
comp_4100,MicroCap,MidRevenue,LightAsset,Other_Regions,MidTurnover,LowValue
comp_4101,MicroCap,MidRevenue,LightAsset,Other_Regions,MidTurnover,LowValue
comp_4102,MicroCap,MidRevenue,LightAsset,Other_Regions,HighTurnover,LowValue
comp_4103,MicroCap,UpperRevenue,MidAsset,Other_Regions,HighTurnover,LowValue
comp_4104,MicroCap,MidRevenue,LightAsset,Other_Regions,HighTurnover,LowValue
comp_4105,MicroCap,MidRevenue,LightAsset,Other_Regions,MidTurnover,LowValue
comp_4106,MicroCap,MidRevenue,LightAsset,Other_Regions,HighTurnover,LowValue
comp_4107,MicroCap,LowRevenue,MicroAsset,Other_Regions,HighTurnover,LowValue
comp_4108,MicroCap,MidRevenue,LightAsset,Other_Regions,MidTurnover,LowValue
comp_4109,MicroCap,MidRevenue,LightAsset,Other_Regions,HighTurnover,LowValue
comp_4110,MicroCap,MidRevenue,LightAsset,Other_Regions,HighTurnover,LowValue
comp_4111,MicroCap,LowRevenue,LightAsset,Other_Regions,HighTurnover,LowValue
comp_4112,MicroCap,LowRevenue,LightAsset,Other_Regions,MidTurnover,LowValue
comp_4113,MicroCap,MidRevenue,LightAsset,Other_Regions,HighTurnover,LowValue
comp_4114,MicroCap,MidRevenue,LightAsset,Other_Regions,HighTurnover,LowValue
comp_4115,MicroCap,MidRevenue,LightAsset,Other_Regions,HighTurnover,LowValue
comp_4116,MicroCap,MidRevenue,LightAsset,Other_Regions,HighTurnover,LowValue
comp_4117,MicroCap,MidRevenue,LightAsset,Other_Regions,HighTurnover,LowValue
comp_4118,MicroCap,MidRevenue,LightAsset,Other_Regions,HighTurnover,LowValue
comp_4119,MicroCap,LowRevenue,LightAsset,Other_Regions,HighTurnover,LowValue
comp_4120,MicroCap,MidRevenue,LightAsset,Other_Regions,HighTurnover,LowValue
comp_4121,MicroCap,MidRevenue,LightAsset,Other_Regions,HighTurnover,LowValue
comp_4122,MicroCap,MidRevenue,LightAsset,Other_Regions,MidTurnover,LowValue
comp_4123,MicroCap,LowRevenue,MicroAsset,Other_Regions,MidTurnover,LowValue
comp_4124,MicroCap,LowRevenue,MicroAsset,Other_Regions,HighTurnover,LowValue
comp_4125,MicroCap,MidRevenue,MicroAsset,Other_Regions,HighTurnover,LowValue
comp_4126,MicroCap,MidRevenue,LightAsset,Other_Regions,HighTurnover,LowValue
comp_4127,MicroCap,LowRevenue,MicroAsset,Other_Regions,MidTurnover,FairValue
comp_4128,MicroCap,LowRevenue,MicroAsset,Other_Regions,MidTurnover,LowValue
comp_4129,MicroCap,LowRevenue,LightAsset,Other_Regions,MidTurnover,LowValue
comp_4130,MicroCap,LowRevenue,MicroAsset,Other_Regions,HighTurnover,LowValue
comp_4131,MicroCap,LowRevenue,MicroAsset,Other_Regions,MidTurnover,LowValue
comp_4132,MicroCap,,,Other_Regions,,
comp_4133,MicroCap,LowRevenue,MicroAsset,Other_Regions,HighTurnover,LowValue
comp_4134,MegaCap,HighRevenue,HeavyAsset,South_America,MidTurnover,LowValue
comp_4135,MidCap,UpperRevenue,MidAsset,South_America,MidTurnover,FairValue
comp_4136,MidCap,HighRevenue,LargeAsset,South_America,MidTurnover,LowValue
comp_4137,SmallCap,MidRevenue,LightAsset,South_America,MidTurnover,HighValue
comp_4138,SmallCap,UpperRevenue,MidAsset,South_America,MidTurnover,LowValue
comp_4139,SmallCap,UpperRevenue,MidAsset,South_America,MidTurnover,LowValue
comp_4140,SmallCap,MidRevenue,LightAsset,South_America,HighTurnover,FairValue
comp_4141,MicroCap,VeryLowRevenue,MicroAsset,South_America,LowTurnover,HighValue
comp_4142,MicroCap,MidRevenue,LightAsset,South_America,MidTurnover,LowValue
comp_4143,MicroCap,VeryLowRevenue,MicroAsset,South_America,LowTurnover,FairValue
comp_4144,MegaCap,UpperRevenue,MidAsset,Asia,MidTurnover,HighValue
comp_4145,MegaCap,HighRevenue,HeavyAsset,Europe,HighTurnover,LowValue
comp_4146,MegaCap,HighRevenue,LargeAsset,Europe,MidTurnover,FairValue
comp_4147,MegaCap,UpperRevenue,MidAsset,Asia,HighTurnover,HighValue
comp_4148,MegaCap,HighRevenue,LargeAsset,Europe,MidTurnover,HighValue
comp_4149,LargeCap,HighRevenue,LargeAsset,South_America,LowTurnover,FairValue
comp_4150,LargeCap,UpperRevenue,LargeAsset,Asia,LowTurnover,HighValue
comp_4151,LargeCap,HighRevenue,HeavyAsset,Other_Regions,MidTurnover,LowValue
comp_4152,LargeCap,HighRevenue,HeavyAsset,Other_Regions,MidTurnover,LowValue
comp_4153,LargeCap,UpperRevenue,LargeAsset,Europe,MidTurnover,HighValue
comp_4154,LargeCap,UpperRevenue,HeavyAsset,Europe,LowTurnover,LowValue
comp_4155,LargeCap,UpperRevenue,LargeAsset,Europe,LowTurnover,HighValue
comp_4156,LargeCap,HighRevenue,HeavyAsset,Europe,HighTurnover,LowValue
comp_4157,LargeCap,HighRevenue,LargeAsset,Other_Regions,MidTurnover,FairValue
comp_4158,LargeCap,MidRevenue,LargeAsset,Other_Regions,LowTurnover,FairValue
comp_4159,LargeCap,UpperRevenue,LargeAsset,South_America,MidTurnover,HighValue
comp_4160,LargeCap,UpperRevenue,LargeAsset,South_America,MidTurnover,HighValue
comp_4161,LargeCap,HighRevenue,LargeAsset,Europe,HighTurnover,LowValue
comp_4162,LargeCap,UpperRevenue,LargeAsset,Asia,LowTurnover,LowValue
comp_4163,LargeCap,UpperRevenue,LargeAsset,Europe,MidTurnover,HighValue
comp_4164,LargeCap,HighRevenue,LargeAsset,Europe,HighTurnover,FairValue
comp_4165,LargeCap,UpperRevenue,MidAsset,Asia,HighTurnover,HighValue
comp_4166,LargeCap,UpperRevenue,LargeAsset,Other_Regions,LowTurnover,FairValue
comp_4167,LargeCap,HighRevenue,LargeAsset,Other_Regions,HighTurnover,LowValue
comp_4168,LargeCap,UpperRevenue,LargeAsset,Europe,LowTurnover,FairValue
comp_4169,LargeCap,HighRevenue,HeavyAsset,Europe,MidTurnover,LowValue
comp_4170,LargeCap,UpperRevenue,MidAsset,Asia,MidTurnover,HighValue
comp_4171,LargeCap,HighRevenue,LargeAsset,Europe,MidTurnover,FairValue
comp_4172,LargeCap,MidRevenue,MidAsset,Other_Regions,MidTurnover,HighValue
comp_4173,LargeCap,HighRevenue,LargeAsset,Other_Regions,MidTurnover,LowValue
comp_4174,LargeCap,UpperRevenue,LargeAsset,Other_Regions,LowTurnover,LowValue
comp_4175,LargeCap,HighRevenue,LargeAsset,Europe,HighTurnover,LowValue
comp_4176,LargeCap,UpperRevenue,LargeAsset,Other_Regions,MidTurnover,FairValue
comp_4177,LargeCap,HighRevenue,LargeAsset,Other_Regions,MidTurnover,LowValue
comp_4178,LargeCap,UpperRevenue,MidAsset,Other_Regions,LowTurnover,HighValue
comp_4179,LargeCap,UpperRevenue,LargeAsset,Asia,MidTurnover,FairValue
comp_4180,LargeCap,HighRevenue,LargeAsset,Other_Regions,MidTurnover,LowValue
comp_4181,MidCap,UpperRevenue,MidAsset,Other_Regions,HighTurnover,HighValue
comp_4182,MidCap,HighRevenue,LargeAsset,Europe,MidTurnover,LowValue
comp_4183,MidCap,HighRevenue,LargeAsset,Other_Regions,HighTurnover,LowValue
comp_4184,MidCap,HighRevenue,LargeAsset,Asia,MidTurnover,LowValue
comp_4185,MidCap,UpperRevenue,MidAsset,Europe,HighTurnover,HighValue
comp_4186,MidCap,MidRevenue,MidAsset,Asia,LowTurnover,HighValue
comp_4187,MidCap,HighRevenue,LargeAsset,Europe,HighTurnover,LowValue
comp_4188,MidCap,UpperRevenue,MidAsset,South_America,LowTurnover,FairValue
comp_4189,MidCap,UpperRevenue,LargeAsset,Other_Regions,MidTurnover,LowValue
comp_4190,MidCap,UpperRevenue,MidAsset,Asia,HighTurnover,HighValue
comp_4191,MidCap,HighRevenue,LargeAsset,Europe,HighTurnover,LowValue
comp_4192,MidCap,UpperRevenue,LightAsset,Other_Regions,HighTurnover,HighValue
comp_4193,MidCap,UpperRevenue,LargeAsset,Europe,MidTurnover,LowValue
comp_4194,MidCap,UpperRevenue,MidAsset,Europe,HighTurnover,FairValue
comp_4195,MidCap,HighRevenue,LargeAsset,Europe,MidTurnover,LowValue
comp_4196,MidCap,UpperRevenue,MidAsset,Europe,HighTurnover,FairValue
comp_4197,MidCap,UpperRevenue,MidAsset,Asia,MidTurnover,FairValue
comp_4198,MidCap,UpperRevenue,MidAsset,Other_Regions,MidTurnover,FairValue
comp_4199,MidCap,UpperRevenue,MidAsset,Europe,MidTurnover,FairValue
comp_4200,MidCap,UpperRevenue,MidAsset,Asia,MidTurnover,HighValue
comp_4201,MidCap,UpperRevenue,MidAsset,Other_Regions,MidTurnover,LowValue
comp_4202,MidCap,UpperRevenue,MidAsset,Other_Regions,HighTurnover,HighValue
comp_4203,MidCap,UpperRevenue,MidAsset,Asia,MidTurnover,LowValue
comp_4204,MidCap,UpperRevenue,LargeAsset,Other_Regions,LowTurnover,LowValue
comp_4205,MidCap,,,Asia,,
comp_4206,MidCap,UpperRevenue,LargeAsset,Other_Regions,MidTurnover,LowValue
comp_4207,MidCap,UpperRevenue,MidAsset,Other_Regions,HighTurnover,FairValue
comp_4208,MidCap,UpperRevenue,LargeAsset,Other_Regions,MidTurnover,LowValue
comp_4209,MidCap,UpperRevenue,MidAsset,Asia,HighTurnover,LowValue
comp_4210,MidCap,UpperRevenue,LargeAsset,Europe,LowTurnover,LowValue
comp_4211,MidCap,UpperRevenue,MidAsset,South_America,MidTurnover,LowValue
comp_4212,MidCap,UpperRevenue,MidAsset,Other_Regions,HighTurnover,HighValue
comp_4213,MidCap,UpperRevenue,LargeAsset,Europe,HighTurnover,LowValue
comp_4214,MidCap,UpperRevenue,MidAsset,Other_Regions,MidTurnover,FairValue
comp_4215,MidCap,UpperRevenue,MidAsset,Asia,MidTurnover,FairValue
comp_4216,MidCap,UpperRevenue,MidAsset,Asia,HighTurnover,HighValue
comp_4217,MidCap,MidRevenue,MidAsset,Asia,LowTurnover,FairValue
comp_4218,MidCap,UpperRevenue,MidAsset,Asia,MidTurnover,HighValue
comp_4219,MidCap,UpperRevenue,LargeAsset,Asia,LowTurnover,LowValue
comp_4220,MidCap,UpperRevenue,MidAsset,South_America,MidTurnover,FairValue
comp_4221,MidCap,UpperRevenue,MidAsset,Europe,MidTurnover,FairValue
comp_4222,MidCap,LowRevenue,LightAsset,Other_Regions,MidTurnover,HighValue
comp_4223,MidCap,UpperRevenue,LargeAsset,Other_Regions,MidTurnover,LowValue
comp_4224,MidCap,UpperRevenue,MidAsset,Other_Regions,MidTurnover,LowValue
comp_4225,MidCap,UpperRevenue,MidAsset,Other_Regions,HighTurnover,HighValue
comp_4226,MidCap,UpperRevenue,MidAsset,Asia,LowTurnover,FairValue
comp_4227,MidCap,UpperRevenue,MidAsset,Asia,MidTurnover,LowValue
comp_4228,MidCap,UpperRevenue,MidAsset,Asia,HighTurnover,HighValue
comp_4229,MidCap,UpperRevenue,MidAsset,Asia,MidTurnover,LowValue
comp_4230,MidCap,UpperRevenue,MidAsset,Other_Regions,HighTurnover,HighValue
comp_4231,MidCap,UpperRevenue,MidAsset,South_America,HighTurnover,HighValue
comp_4232,MidCap,UpperRevenue,MidAsset,Other_Regions,HighTurnover,LowValue
comp_4233,MidCap,UpperRevenue,MidAsset,Europe,HighTurnover,LowValue
comp_4234,MidCap,HighRevenue,MidAsset,Other_Regions,HighTurnover,LowValue
comp_4235,MidCap,MidRevenue,MidAsset,Asia,LowTurnover,FairValue
comp_4236,MidCap,UpperRevenue,MidAsset,Asia,MidTurnover,FairValue
comp_4237,MidCap,UpperRevenue,MidAsset,South_America,MidTurnover,FairValue
comp_4238,MidCap,UpperRevenue,MidAsset,Asia,LowTurnover,LowValue
comp_4239,MidCap,UpperRevenue,MidAsset,Europe,HighTurnover,LowValue
comp_4240,MidCap,LowRevenue,MidAsset,Other_Regions,LowTurnover,FairValue
comp_4241,MidCap,UpperRevenue,MidAsset,Other_Regions,MidTurnover,LowValue
comp_4242,MidCap,,MidAsset,Other_Regions,,FairValue
comp_4243,MidCap,UpperRevenue,LargeAsset,Other_Regions,LowTurnover,LowValue
comp_4244,MidCap,HighRevenue,LargeAsset,Other_Regions,HighTurnover,LowValue
comp_4245,MidCap,UpperRevenue,MidAsset,Asia,LowTurnover,LowValue
comp_4246,MidCap,UpperRevenue,MidAsset,Europe,HighTurnover,LowValue
comp_4247,MidCap,UpperRevenue,MidAsset,Other_Regions,HighTurnover,FairValue
comp_4248,MidCap,UpperRevenue,MidAsset,Other_Regions,MidTurnover,LowValue
comp_4249,MidCap,MidRevenue,MidAsset,Other_Regions,LowTurnover,HighValue
comp_4250,MidCap,LowRevenue,MicroAsset,Other_Regions,MidTurnover,HighValue
comp_4251,MidCap,UpperRevenue,MidAsset,Europe,HighTurnover,FairValue
comp_4252,MidCap,UpperRevenue,MidAsset,Europe,HighTurnover,FairValue
comp_4253,MidCap,UpperRevenue,LargeAsset,Other_Regions,MidTurnover,LowValue
comp_4254,MidCap,UpperRevenue,MidAsset,Other_Regions,MidTurnover,FairValue
comp_4255,MidCap,MidRevenue,MidAsset,Other_Regions,LowTurnover,LowValue
comp_4256,MidCap,UpperRevenue,MidAsset,South_America,MidTurnover,LowValue
comp_4257,MidCap,UpperRevenue,MidAsset,Europe,HighTurnover,LowValue
comp_4258,MidCap,MidRevenue,LightAsset,Other_Regions,HighTurnover,HighValue
comp_4259,MidCap,UpperRevenue,MidAsset,Other_Regions,HighTurnover,FairValue
comp_4260,MidCap,HighRevenue,LargeAsset,Europe,HighTurnover,LowValue
comp_4261,MidCap,UpperRevenue,MidAsset,Europe,MidTurnover,HighValue
comp_4262,MidCap,UpperRevenue,MidAsset,Asia,HighTurnover,LowValue
comp_4263,MidCap,,LightAsset,Other_Regions,,HighValue
comp_4264,MidCap,VeryLowRevenue,MidAsset,Other_Regions,LowTurnover,HighValue
comp_4265,MidCap,MidRevenue,LightAsset,Asia,MidTurnover,HighValue
comp_4266,MidCap,UpperRevenue,LargeAsset,Asia,LowTurnover,LowValue
comp_4267,MidCap,MidRevenue,MidAsset,Asia,MidTurnover,HighValue
comp_4268,MidCap,MidRevenue,MidAsset,Asia,LowTurnover,LowValue
comp_4269,MidCap,UpperRevenue,MidAsset,Asia,HighTurnover,LowValue
comp_4270,MidCap,UpperRevenue,MidAsset,Europe,HighTurnover,HighValue
comp_4271,MidCap,UpperRevenue,MidAsset,Other_Regions,HighTurnover,FairValue
comp_4272,MidCap,UpperRevenue,MidAsset,Other_Regions,MidTurnover,LowValue
comp_4273,MidCap,UpperRevenue,MidAsset,Other_Regions,HighTurnover,FairValue
comp_4274,MidCap,UpperRevenue,LargeAsset,Other_Regions,MidTurnover,LowValue
comp_4275,MidCap,UpperRevenue,MidAsset,Europe,HighTurnover,LowValue
comp_4276,MidCap,MidRevenue,MidAsset,Other_Regions,LowTurnover,FairValue
comp_4277,MidCap,UpperRevenue,MidAsset,Other_Regions,HighTurnover,FairValue
comp_4278,MidCap,MidRevenue,LightAsset,Other_Regions,MidTurnover,HighValue
comp_4279,MidCap,UpperRevenue,MidAsset,Europe,HighTurnover,LowValue
comp_4280,MidCap,HighRevenue,MidAsset,Other_Regions,HighTurnover,LowValue
comp_4281,MidCap,UpperRevenue,MidAsset,South_America,MidTurnover,LowValue
comp_4282,MidCap,UpperRevenue,LightAsset,Other_Regions,HighTurnover,HighValue
comp_4283,SmallCap,MidRevenue,MidAsset,Other_Regions,MidTurnover,FairValue
comp_4284,SmallCap,UpperRevenue,MidAsset,Other_Regions,HighTurnover,LowValue
comp_4285,SmallCap,MidRevenue,LightAsset,Other_Regions,MidTurnover,HighValue
comp_4286,SmallCap,UpperRevenue,MidAsset,Other_Regions,HighTurnover,LowValue
comp_4287,SmallCap,UpperRevenue,MidAsset,Other_Regions,MidTurnover,LowValue
comp_4288,SmallCap,MidRevenue,LightAsset,Europe,HighTurnover,HighValue
comp_4289,SmallCap,UpperRevenue,MidAsset,Other_Regions,HighTurnover,FairValue
comp_4290,SmallCap,UpperRevenue,MidAsset,Other_Regions,HighTurnover,FairValue
comp_4291,SmallCap,UpperRevenue,MidAsset,Other_Regions,MidTurnover,FairValue
comp_4292,SmallCap,MidRevenue,MidAsset,Other_Regions,MidTurnover,FairValue
comp_4293,SmallCap,MidRevenue,LightAsset,Other_Regions,HighTurnover,HighValue
comp_4294,SmallCap,MidRevenue,LightAsset,Other_Regions,HighTurnover,HighValue
comp_4295,SmallCap,MidRevenue,MidAsset,Other_Regions,LowTurnover,LowValue
comp_4296,SmallCap,MidRevenue,LightAsset,Other_Regions,MidTurnover,HighValue
comp_4297,SmallCap,MidRevenue,MidAsset,Other_Regions,MidTurnover,FairValue
comp_4298,SmallCap,MidRevenue,MidAsset,Europe,MidTurnover,FairValue
comp_4299,SmallCap,MidRevenue,LightAsset,Asia,MidTurnover,HighValue
comp_4300,SmallCap,UpperRevenue,MidAsset,Other_Regions,MidTurnover,LowValue
comp_4301,SmallCap,MidRevenue,MidAsset,Africa,LowTurnover,LowValue
comp_4302,SmallCap,UpperRevenue,MidAsset,Other_Regions,HighTurnover,LowValue
comp_4303,SmallCap,UpperRevenue,MidAsset,Other_Regions,MidTurnover,LowValue
comp_4304,SmallCap,MidRevenue,MidAsset,Asia,MidTurnover,FairValue
comp_4305,SmallCap,MidRevenue,LightAsset,Asia,HighTurnover,HighValue
comp_4306,SmallCap,MidRevenue,LightAsset,Asia,LowTurnover,HighValue
comp_4307,SmallCap,UpperRevenue,MidAsset,Europe,MidTurnover,LowValue
comp_4308,SmallCap,MidRevenue,LightAsset,Asia,MidTurnover,HighValue
comp_4309,SmallCap,MidRevenue,MidAsset,Other_Regions,LowTurnover,LowValue
comp_4310,SmallCap,UpperRevenue,LightAsset,Europe,HighTurnover,HighValue
comp_4311,SmallCap,UpperRevenue,MidAsset,Other_Regions,HighTurnover,FairValue
comp_4312,SmallCap,MidRevenue,MidAsset,Other_Regions,MidTurnover,LowValue
comp_4313,SmallCap,MidRevenue,LightAsset,Europe,HighTurnover,HighValue
comp_4314,SmallCap,UpperRevenue,MidAsset,Other_Regions,MidTurnover,LowValue
comp_4315,SmallCap,MidRevenue,MidAsset,Asia,LowTurnover,FairValue
comp_4316,SmallCap,MidRevenue,MidAsset,Other_Regions,LowTurnover,LowValue
comp_4317,SmallCap,MidRevenue,LightAsset,Other_Regions,HighTurnover,FairValue
comp_4318,SmallCap,MidRevenue,LightAsset,Other_Regions,HighTurnover,FairValue
comp_4319,SmallCap,UpperRevenue,MidAsset,Other_Regions,MidTurnover,LowValue
comp_4320,SmallCap,UpperRevenue,LargeAsset,South_America,LowTurnover,LowValue
comp_4321,SmallCap,UpperRevenue,MidAsset,Asia,MidTurnover,LowValue
comp_4322,SmallCap,MidRevenue,MidAsset,Asia,MidTurnover,FairValue
comp_4323,SmallCap,MidRevenue,LightAsset,Other_Regions,MidTurnover,HighValue
comp_4324,SmallCap,MidRevenue,MidAsset,Other_Regions,LowTurnover,LowValue
comp_4325,SmallCap,MidRevenue,MidAsset,South_America,MidTurnover,FairValue
comp_4326,SmallCap,UpperRevenue,MidAsset,Asia,HighTurnover,FairValue
comp_4327,SmallCap,MidRevenue,LightAsset,Europe,HighTurnover,FairValue
comp_4328,SmallCap,UpperRevenue,MidAsset,Other_Regions,MidTurnover,LowValue
comp_4329,SmallCap,MidRevenue,MidAsset,Asia,LowTurnover,FairValue
comp_4330,SmallCap,UpperRevenue,MidAsset,Other_Regions,HighTurnover,FairValue
comp_4331,SmallCap,UpperRevenue,MidAsset,South_America,HighTurnover,LowValue
comp_4332,SmallCap,MidRevenue,LightAsset,Europe,MidTurnover,FairValue
comp_4333,SmallCap,MidRevenue,MidAsset,Other_Regions,LowTurnover,LowValue
comp_4334,SmallCap,UpperRevenue,MidAsset,Europe,HighTurnover,LowValue
comp_4335,SmallCap,MidRevenue,LightAsset,Other_Regions,HighTurnover,FairValue
comp_4336,SmallCap,MidRevenue,LightAsset,Other_Regions,MidTurnover,HighValue
comp_4337,SmallCap,MidRevenue,MidAsset,Other_Regions,MidTurnover,LowValue
comp_4338,SmallCap,,LightAsset,South_America,,HighValue
comp_4339,SmallCap,MidRevenue,LightAsset,Europe,MidTurnover,HighValue
comp_4340,SmallCap,MidRevenue,LightAsset,Asia,HighTurnover,HighValue
comp_4341,SmallCap,MidRevenue,LightAsset,Other_Regions,HighTurnover,FairValue
comp_4342,SmallCap,UpperRevenue,MidAsset,Asia,MidTurnover,LowValue
comp_4343,SmallCap,HighRevenue,MidAsset,Europe,HighTurnover,LowValue
comp_4344,SmallCap,MidRevenue,LightAsset,Asia,MidTurnover,FairValue
comp_4345,SmallCap,UpperRevenue,MidAsset,Other_Regions,MidTurnover,LowValue
comp_4346,SmallCap,UpperRevenue,LargeAsset,Other_Regions,HighTurnover,LowValue
comp_4347,SmallCap,MidRevenue,MidAsset,Asia,MidTurnover,LowValue
comp_4348,SmallCap,UpperRevenue,LightAsset,Asia,HighTurnover,HighValue
comp_4349,SmallCap,LowRevenue,LightAsset,Other_Regions,MidTurnover,HighValue
comp_4350,SmallCap,LowRevenue,MidAsset,Other_Regions,LowTurnover,FairValue
comp_4351,SmallCap,MidRevenue,LightAsset,Other_Regions,MidTurnover,FairValue
comp_4352,SmallCap,MidRevenue,MidAsset,Asia,LowTurnover,LowValue
comp_4353,SmallCap,MidRevenue,MidAsset,Other_Regions,MidTurnover,FairValue
comp_4354,SmallCap,LowRevenue,LightAsset,Other_Regions,MidTurnover,HighValue
comp_4355,SmallCap,MidRevenue,MidAsset,Other_Regions,LowTurnover,LowValue
comp_4356,SmallCap,UpperRevenue,MidAsset,South_America,MidTurnover,LowValue
comp_4357,SmallCap,MidRevenue,LightAsset,Other_Regions,MidTurnover,FairValue
comp_4358,SmallCap,UpperRevenue,MidAsset,Other_Regions,MidTurnover,LowValue
comp_4359,SmallCap,MidRevenue,MidAsset,Other_Regions,LowTurnover,LowValue
comp_4360,SmallCap,MidRevenue,LightAsset,Asia,MidTurnover,FairValue
comp_4361,SmallCap,UpperRevenue,MidAsset,South_America,HighTurnover,LowValue
comp_4362,SmallCap,LowRevenue,LightAsset,Other_Regions,HighTurnover,HighValue
comp_4363,SmallCap,UpperRevenue,MidAsset,Europe,MidTurnover,LowValue
comp_4364,SmallCap,MidRevenue,MidAsset,Asia,LowTurnover,LowValue
comp_4365,SmallCap,,MidAsset,South_America,,LowValue
comp_4366,SmallCap,UpperRevenue,MidAsset,South_America,MidTurnover,LowValue
comp_4367,SmallCap,LowRevenue,LightAsset,Other_Regions,LowTurnover,HighValue
comp_4368,SmallCap,MidRevenue,LightAsset,Other_Regions,MidTurnover,FairValue
comp_4369,SmallCap,MidRevenue,MidAsset,Other_Regions,MidTurnover,LowValue
comp_4370,SmallCap,UpperRevenue,MidAsset,Asia,HighTurnover,LowValue
comp_4371,SmallCap,UpperRevenue,MidAsset,South_America,MidTurnover,LowValue
comp_4372,SmallCap,LowRevenue,LightAsset,Other_Regions,MidTurnover,HighValue
comp_4373,SmallCap,MidRevenue,LightAsset,Europe,HighTurnover,HighValue
comp_4374,SmallCap,MidRevenue,MidAsset,Other_Regions,MidTurnover,LowValue
comp_4375,SmallCap,MidRevenue,LightAsset,Asia,MidTurnover,FairValue
comp_4376,SmallCap,UpperRevenue,MidAsset,Other_Regions,MidTurnover,LowValue
comp_4377,SmallCap,UpperRevenue,MidAsset,Europe,HighTurnover,LowValue
comp_4378,SmallCap,UpperRevenue,LightAsset,Other_Regions,HighTurnover,FairValue
comp_4379,SmallCap,LowRevenue,LightAsset,Asia,LowTurnover,HighValue
comp_4380,SmallCap,MidRevenue,MidAsset,Other_Regions,MidTurnover,FairValue
comp_4381,SmallCap,MidRevenue,LightAsset,Europe,HighTurnover,FairValue
comp_4382,SmallCap,UpperRevenue,MidAsset,South_America,MidTurnover,LowValue
comp_4383,SmallCap,MidRevenue,MidAsset,Asia,MidTurnover,LowValue
comp_4384,SmallCap,MidRevenue,LightAsset,Other_Regions,LowTurnover,FairValue
comp_4385,SmallCap,UpperRevenue,MidAsset,Other_Regions,HighTurnover,FairValue
comp_4386,SmallCap,MidRevenue,MidAsset,Other_Regions,MidTurnover,LowValue
comp_4387,SmallCap,MidRevenue,MidAsset,South_America,MidTurnover,LowValue
comp_4388,SmallCap,UpperRevenue,MidAsset,Asia,MidTurnover,LowValue
comp_4389,SmallCap,MidRevenue,LightAsset,Other_Regions,MidTurnover,HighValue
comp_4390,SmallCap,UpperRevenue,MidAsset,Europe,MidTurnover,LowValue
comp_4391,SmallCap,MidRevenue,LightAsset,Other_Regions,MidTurnover,FairValue
comp_4392,SmallCap,MidRevenue,MidAsset,Other_Regions,MidTurnover,LowValue
comp_4393,SmallCap,MidRevenue,MicroAsset,Other_Regions,HighTurnover,HighValue
comp_4394,SmallCap,UpperRevenue,MidAsset,Other_Regions,HighTurnover,LowValue
comp_4395,SmallCap,UpperRevenue,MidAsset,Europe,MidTurnover,LowValue
comp_4396,SmallCap,UpperRevenue,MidAsset,Other_Regions,HighTurnover,LowValue
comp_4397,SmallCap,VeryLowRevenue,LightAsset,Other_Regions,LowTurnover,HighValue
comp_4398,SmallCap,UpperRevenue,MidAsset,Other_Regions,MidTurnover,LowValue
comp_4399,SmallCap,MidRevenue,LightAsset,Europe,MidTurnover,FairValue
comp_4400,SmallCap,MidRevenue,LightAsset,Other_Regions,MidTurnover,FairValue
comp_4401,SmallCap,UpperRevenue,MidAsset,Other_Regions,HighTurnover,LowValue
comp_4402,SmallCap,UpperRevenue,MidAsset,Other_Regions,MidTurnover,LowValue
comp_4403,SmallCap,MidRevenue,LightAsset,Other_Regions,HighTurnover,HighValue
comp_4404,SmallCap,MidRevenue,LightAsset,Other_Regions,MidTurnover,FairValue
comp_4405,SmallCap,UpperRevenue,MidAsset,Other_Regions,HighTurnover,LowValue
comp_4406,SmallCap,MidRevenue,LightAsset,Other_Regions,MidTurnover,HighValue
comp_4407,SmallCap,MidRevenue,LightAsset,Other_Regions,MidTurnover,HighValue
comp_4408,SmallCap,MidRevenue,LightAsset,Other_Regions,HighTurnover,FairValue
comp_4409,SmallCap,UpperRevenue,MidAsset,Other_Regions,MidTurnover,LowValue
comp_4410,SmallCap,LowRevenue,LightAsset,Other_Regions,MidTurnover,HighValue
comp_4411,SmallCap,MidRevenue,MidAsset,Other_Regions,MidTurnover,LowValue
comp_4412,SmallCap,MidRevenue,MidAsset,Other_Regions,LowTurnover,LowValue
comp_4413,SmallCap,UpperRevenue,MidAsset,South_America,MidTurnover,LowValue
comp_4414,SmallCap,LowRevenue,LightAsset,Europe,MidTurnover,HighValue
comp_4415,SmallCap,UpperRevenue,MidAsset,Asia,MidTurnover,LowValue
comp_4416,SmallCap,LowRevenue,MicroAsset,Other_Regions,MidTurnover,HighValue
comp_4417,SmallCap,UpperRevenue,MidAsset,Other_Regions,MidTurnover,LowValue
comp_4418,SmallCap,,MicroAsset,Europe,,HighValue
comp_4419,SmallCap,MidRevenue,LightAsset,South_America,HighTurnover,FairValue
comp_4420,SmallCap,MidRevenue,LightAsset,Asia,HighTurnover,FairValue
comp_4421,SmallCap,MidRevenue,MidAsset,Other_Regions,MidTurnover,LowValue
comp_4422,SmallCap,UpperRevenue,LightAsset,Other_Regions,HighTurnover,LowValue
comp_4423,SmallCap,UpperRevenue,LightAsset,Other_Regions,HighTurnover,LowValue
comp_4424,SmallCap,MidRevenue,MidAsset,Other_Regions,MidTurnover,LowValue
comp_4425,SmallCap,MidRevenue,MidAsset,Other_Regions,LowTurnover,LowValue
comp_4426,SmallCap,LowRevenue,LightAsset,Asia,LowTurnover,HighValue
comp_4427,SmallCap,,LightAsset,South_America,,HighValue
comp_4428,SmallCap,MidRevenue,LightAsset,Other_Regions,MidTurnover,LowValue
comp_4429,SmallCap,LowRevenue,LightAsset,Asia,HighTurnover,HighValue
comp_4430,SmallCap,MidRevenue,MidAsset,Other_Regions,LowTurnover,LowValue
comp_4431,SmallCap,MidRevenue,MidAsset,Other_Regions,MidTurnover,LowValue
comp_4432,SmallCap,,MicroAsset,Other_Regions,,HighValue
comp_4433,SmallCap,MidRevenue,MidAsset,Other_Regions,HighTurnover,LowValue
comp_4434,SmallCap,,LightAsset,Other_Regions,,FairValue
comp_4435,SmallCap,MidRevenue,MidAsset,Asia,MidTurnover,LowValue
comp_4436,SmallCap,LowRevenue,LightAsset,Other_Regions,LowTurnover,HighValue
comp_4437,SmallCap,LowRevenue,MicroAsset,Asia,HighTurnover,HighValue
comp_4438,SmallCap,UpperRevenue,LightAsset,Asia,HighTurnover,FairValue
comp_4439,SmallCap,UpperRevenue,MidAsset,Europe,HighTurnover,LowValue
comp_4440,SmallCap,LowRevenue,LightAsset,Other_Regions,MidTurnover,HighValue
comp_4441,SmallCap,MidRevenue,LightAsset,Other_Regions,HighTurnover,FairValue
comp_4442,SmallCap,MidRevenue,LightAsset,Other_Regions,HighTurnover,FairValue
comp_4443,SmallCap,UpperRevenue,MidAsset,Other_Regions,HighTurnover,LowValue
comp_4444,SmallCap,MidRevenue,LightAsset,Asia,LowTurnover,FairValue
comp_4445,SmallCap,MidRevenue,LightAsset,Other_Regions,HighTurnover,FairValue
comp_4446,SmallCap,LowRevenue,LightAsset,Europe,LowTurnover,HighValue
comp_4447,SmallCap,MidRevenue,LightAsset,Europe,HighTurnover,FairValue
comp_4448,SmallCap,UpperRevenue,LightAsset,Other_Regions,HighTurnover,LowValue
comp_4449,SmallCap,UpperRevenue,MidAsset,Europe,HighTurnover,LowValue
comp_4450,SmallCap,MidRevenue,LightAsset,Other_Regions,MidTurnover,HighValue
comp_4451,SmallCap,,,Other_Regions,,
comp_4452,SmallCap,UpperRevenue,MidAsset,Europe,HighTurnover,LowValue
comp_4453,SmallCap,MidRevenue,LightAsset,Other_Regions,HighTurnover,HighValue
comp_4454,SmallCap,MidRevenue,LightAsset,Other_Regions,MidTurnover,LowValue
comp_4455,SmallCap,MidRevenue,LightAsset,Other_Regions,HighTurnover,LowValue
comp_4456,SmallCap,UpperRevenue,MidAsset,Other_Regions,HighTurnover,LowValue
comp_4457,SmallCap,MidRevenue,LightAsset,Other_Regions,LowTurnover,LowValue
comp_4458,SmallCap,UpperRevenue,MidAsset,Other_Regions,MidTurnover,LowValue
comp_4459,SmallCap,LowRevenue,LightAsset,Other_Regions,MidTurnover,HighValue
comp_4460,SmallCap,MidRevenue,LightAsset,Other_Regions,LowTurnover,LowValue
comp_4461,SmallCap,MidRevenue,LightAsset,Other_Regions,MidTurnover,LowValue
comp_4462,SmallCap,MidRevenue,LightAsset,Asia,MidTurnover,FairValue
comp_4463,SmallCap,MidRevenue,LightAsset,Asia,HighTurnover,HighValue
comp_4464,SmallCap,MidRevenue,LightAsset,South_America,MidTurnover,FairValue
comp_4465,SmallCap,UpperRevenue,MidAsset,Other_Regions,HighTurnover,LowValue
comp_4466,SmallCap,UpperRevenue,MidAsset,Other_Regions,HighTurnover,LowValue
comp_4467,SmallCap,MidRevenue,LightAsset,Other_Regions,HighTurnover,LowValue
comp_4468,SmallCap,MidRevenue,LightAsset,Asia,HighTurnover,FairValue
comp_4469,SmallCap,LowRevenue,MicroAsset,Other_Regions,HighTurnover,HighValue
comp_4470,SmallCap,MidRevenue,LightAsset,Other_Regions,HighTurnover,HighValue
comp_4471,SmallCap,MidRevenue,LightAsset,Other_Regions,HighTurnover,HighValue
comp_4472,SmallCap,UpperRevenue,LargeAsset,South_America,LowTurnover,LowValue
comp_4473,SmallCap,MidRevenue,LightAsset,Other_Regions,MidTurnover,LowValue
comp_4474,SmallCap,LowRevenue,LightAsset,Asia,MidTurnover,HighValue
comp_4475,SmallCap,LowRevenue,MicroAsset,Other_Regions,HighTurnover,HighValue
comp_4476,SmallCap,MidRevenue,MidAsset,Asia,LowTurnover,LowValue
comp_4477,SmallCap,MidRevenue,MidAsset,Asia,LowTurnover,LowValue
comp_4478,SmallCap,MidRevenue,LightAsset,Other_Regions,MidTurnover,FairValue
comp_4479,SmallCap,UpperRevenue,MidAsset,Other_Regions,HighTurnover,LowValue
comp_4480,SmallCap,MidRevenue,LightAsset,Europe,HighTurnover,HighValue
comp_4481,SmallCap,MidRevenue,LightAsset,Europe,HighTurnover,LowValue
comp_4482,SmallCap,MidRevenue,LightAsset,Asia,MidTurnover,FairValue
comp_4483,SmallCap,MidRevenue,LightAsset,Asia,HighTurnover,FairValue
comp_4484,SmallCap,MidRevenue,LightAsset,South_America,HighTurnover,LowValue
comp_4485,SmallCap,LowRevenue,LightAsset,Asia,MidTurnover,HighValue
comp_4486,SmallCap,MidRevenue,LightAsset,Other_Regions,MidTurnover,LowValue
comp_4487,SmallCap,MidRevenue,LightAsset,Other_Regions,HighTurnover,LowValue
comp_4488,SmallCap,MidRevenue,LightAsset,Europe,MidTurnover,LowValue
comp_4489,SmallCap,LowRevenue,LightAsset,Other_Regions,LowTurnover,FairValue
comp_4490,SmallCap,MidRevenue,LightAsset,Other_Regions,MidTurnover,FairValue
comp_4491,SmallCap,MidRevenue,LightAsset,Other_Regions,HighTurnover,FairValue
comp_4492,SmallCap,MidRevenue,LightAsset,Asia,MidTurnover,FairValue
comp_4493,SmallCap,UpperRevenue,MidAsset,Other_Regions,HighTurnover,LowValue
comp_4494,SmallCap,MidRevenue,MidAsset,Asia,LowTurnover,LowValue
comp_4495,SmallCap,LowRevenue,MicroAsset,Other_Regions,HighTurnover,HighValue
comp_4496,SmallCap,LowRevenue,LightAsset,Other_Regions,MidTurnover,HighValue
comp_4497,SmallCap,MidRevenue,MidAsset,Other_Regions,LowTurnover,LowValue
comp_4498,SmallCap,UpperRevenue,MidAsset,Other_Regions,HighTurnover,LowValue
comp_4499,SmallCap,MidRevenue,LightAsset,Europe,MidTurnover,HighValue
comp_4500,SmallCap,UpperRevenue,MidAsset,Other_Regions,HighTurnover,LowValue
comp_4501,SmallCap,MidRevenue,MidAsset,Other_Regions,MidTurnover,LowValue
comp_4502,SmallCap,MidRevenue,LightAsset,Other_Regions,MidTurnover,FairValue
comp_4503,SmallCap,MidRevenue,LightAsset,Other_Regions,HighTurnover,HighValue
comp_4504,SmallCap,MidRevenue,LightAsset,Other_Regions,HighTurnover,HighValue
comp_4505,SmallCap,UpperRevenue,MidAsset,Other_Regions,HighTurnover,LowValue
comp_4506,SmallCap,MidRevenue,LightAsset,Other_Regions,HighTurnover,LowValue
comp_4507,SmallCap,LowRevenue,LightAsset,Asia,LowTurnover,FairValue
comp_4508,SmallCap,MidRevenue,LightAsset,Europe,MidTurnover,FairValue
comp_4509,SmallCap,MidRevenue,LightAsset,Other_Regions,LowTurnover,LowValue
comp_4510,SmallCap,UpperRevenue,MidAsset,Other_Regions,HighTurnover,LowValue
comp_4511,SmallCap,VeryLowRevenue,MicroAsset,Asia,MidTurnover,HighValue
comp_4512,SmallCap,MidRevenue,LightAsset,Other_Regions,MidTurnover,LowValue
comp_4513,MicroCap,LowRevenue,MicroAsset,Other_Regions,HighTurnover,HighValue
comp_4514,MicroCap,LowRevenue,MicroAsset,Asia,HighTurnover,HighValue
comp_4515,MicroCap,MidRevenue,LightAsset,Other_Regions,MidTurnover,FairValue
comp_4516,MicroCap,UpperRevenue,MidAsset,Other_Regions,MidTurnover,LowValue
comp_4517,MicroCap,MidRevenue,LightAsset,Other_Regions,MidTurnover,FairValue
comp_4518,MicroCap,,LightAsset,Europe,,FairValue
comp_4519,MicroCap,UpperRevenue,MidAsset,Europe,HighTurnover,LowValue
comp_4520,MicroCap,MidRevenue,LightAsset,Other_Regions,HighTurnover,LowValue
comp_4521,MicroCap,MidRevenue,,Other_Regions,,
comp_4522,MicroCap,UpperRevenue,LightAsset,Other_Regions,HighTurnover,LowValue
comp_4523,MicroCap,MidRevenue,LightAsset,Asia,MidTurnover,LowValue
comp_4524,MicroCap,MidRevenue,LightAsset,Other_Regions,HighTurnover,FairValue
comp_4525,MicroCap,MidRevenue,LightAsset,Other_Regions,HighTurnover,FairValue
comp_4526,MicroCap,LowRevenue,MicroAsset,Other_Regions,HighTurnover,HighValue
comp_4527,MicroCap,MidRevenue,LightAsset,Other_Regions,HighTurnover,LowValue
comp_4528,MicroCap,MidRevenue,LightAsset,Asia,MidTurnover,LowValue
comp_4529,MicroCap,MidRevenue,LightAsset,Asia,MidTurnover,LowValue
comp_4530,MicroCap,MidRevenue,LightAsset,Asia,MidTurnover,FairValue
comp_4531,MicroCap,,LightAsset,Europe,,LowValue
comp_4532,MicroCap,,MicroAsset,Other_Regions,,HighValue
comp_4533,MicroCap,LowRevenue,MicroAsset,Other_Regions,MidTurnover,HighValue
comp_4534,MicroCap,,MicroAsset,Asia,,HighValue
comp_4535,MicroCap,LowRevenue,MicroAsset,Other_Regions,HighTurnover,HighValue
comp_4536,MicroCap,MidRevenue,MidAsset,Asia,MidTurnover,LowValue
comp_4537,MicroCap,LowRevenue,LightAsset,Asia,MidTurnover,HighValue
comp_4538,MicroCap,MidRevenue,LightAsset,Other_Regions,MidTurnover,FairValue
comp_4539,MicroCap,MidRevenue,LightAsset,Other_Regions,MidTurnover,LowValue
comp_4540,MicroCap,MidRevenue,LightAsset,Other_Regions,MidTurnover,LowValue
comp_4541,MicroCap,LowRevenue,LightAsset,Other_Regions,LowTurnover,LowValue
comp_4542,MicroCap,UpperRevenue,MidAsset,Other_Regions,HighTurnover,LowValue
comp_4543,MicroCap,LowRevenue,MicroAsset,Asia,HighTurnover,HighValue
comp_4544,MicroCap,,MicroAsset,Other_Regions,,HighValue
comp_4545,MicroCap,LowRevenue,MicroAsset,Other_Regions,MidTurnover,HighValue
comp_4546,MicroCap,VeryLowRevenue,MicroAsset,Other_Regions,LowTurnover,HighValue
comp_4547,MicroCap,LowRevenue,MicroAsset,Asia,HighTurnover,HighValue
comp_4548,MicroCap,LowRevenue,MidAsset,Asia,LowTurnover,LowValue
comp_4549,MicroCap,MidRevenue,LightAsset,Other_Regions,MidTurnover,LowValue
comp_4550,MicroCap,MidRevenue,LightAsset,Other_Regions,HighTurnover,LowValue
comp_4551,MicroCap,MidRevenue,LightAsset,Other_Regions,MidTurnover,FairValue
comp_4552,MicroCap,UpperRevenue,MidAsset,Asia,HighTurnover,LowValue
comp_4553,MicroCap,LowRevenue,LightAsset,Europe,LowTurnover,FairValue
comp_4554,MicroCap,MidRevenue,MidAsset,Other_Regions,MidTurnover,LowValue
comp_4555,MicroCap,UpperRevenue,LightAsset,Europe,HighTurnover,LowValue
comp_4556,MicroCap,,MicroAsset,Other_Regions,,HighValue
comp_4557,MicroCap,MidRevenue,LightAsset,Other_Regions,MidTurnover,LowValue
comp_4558,MicroCap,LowRevenue,MicroAsset,Other_Regions,MidTurnover,HighValue
comp_4559,MicroCap,MidRevenue,LightAsset,Other_Regions,HighTurnover,LowValue
comp_4560,MicroCap,LowRevenue,LightAsset,Asia,MidTurnover,HighValue
comp_4561,MicroCap,MidRevenue,LightAsset,Other_Regions,MidTurnover,LowValue
comp_4562,MicroCap,MidRevenue,LightAsset,Asia,HighTurnover,FairValue
comp_4563,MicroCap,MidRevenue,LightAsset,Other_Regions,HighTurnover,HighValue
comp_4564,MicroCap,,LightAsset,Other_Regions,,HighValue
comp_4565,MicroCap,MidRevenue,LightAsset,Europe,HighTurnover,LowValue
comp_4566,MicroCap,MidRevenue,LightAsset,Asia,MidTurnover,LowValue
comp_4567,MicroCap,MidRevenue,LightAsset,Other_Regions,MidTurnover,FairValue
comp_4568,MicroCap,LowRevenue,MicroAsset,Other_Regions,HighTurnover,HighValue
comp_4569,MicroCap,MidRevenue,LightAsset,Other_Regions,HighTurnover,LowValue
comp_4570,MicroCap,VeryLowRevenue,MicroAsset,Other_Regions,LowTurnover,HighValue
comp_4571,MicroCap,LowRevenue,MicroAsset,Other_Regions,HighTurnover,HighValue
comp_4572,MicroCap,LowRevenue,LightAsset,Other_Regions,MidTurnover,FairValue
comp_4573,MicroCap,MidRevenue,LightAsset,Other_Regions,HighTurnover,LowValue
comp_4574,MicroCap,MidRevenue,LightAsset,Asia,HighTurnover,LowValue
comp_4575,MicroCap,MidRevenue,LightAsset,Other_Regions,LowTurnover,LowValue
comp_4576,MicroCap,MidRevenue,MidAsset,Asia,MidTurnover,LowValue
comp_4577,MicroCap,MidRevenue,LightAsset,Other_Regions,HighTurnover,FairValue
comp_4578,MicroCap,MidRevenue,LightAsset,Asia,MidTurnover,FairValue
comp_4579,MicroCap,MidRevenue,LightAsset,Other_Regions,MidTurnover,LowValue
comp_4580,MicroCap,,MicroAsset,Asia,,HighValue
comp_4581,MicroCap,MidRevenue,LightAsset,Other_Regions,MidTurnover,LowValue
comp_4582,MicroCap,MidRevenue,LightAsset,Asia,HighTurnover,FairValue
comp_4583,MicroCap,MidRevenue,LightAsset,Other_Regions,HighTurnover,HighValue
comp_4584,MicroCap,MidRevenue,LightAsset,South_America,HighTurnover,LowValue
comp_4585,MicroCap,HighRevenue,MidAsset,Other_Regions,HighTurnover,LowValue
comp_4586,MicroCap,MidRevenue,LightAsset,Other_Regions,HighTurnover,LowValue
comp_4587,MicroCap,MidRevenue,LightAsset,Asia,MidTurnover,LowValue
comp_4588,MicroCap,MidRevenue,LightAsset,Other_Regions,HighTurnover,FairValue
comp_4589,MicroCap,,MicroAsset,South_America,,HighValue
comp_4590,MicroCap,MidRevenue,LightAsset,Other_Regions,MidTurnover,LowValue
comp_4591,MicroCap,MidRevenue,LightAsset,Other_Regions,HighTurnover,LowValue
comp_4592,MicroCap,LowRevenue,MicroAsset,Other_Regions,HighTurnover,HighValue
comp_4593,MicroCap,,LightAsset,Other_Regions,,LowValue
comp_4594,MicroCap,MidRevenue,LightAsset,Other_Regions,MidTurnover,LowValue
comp_4595,MicroCap,MidRevenue,LightAsset,Other_Regions,HighTurnover,LowValue
comp_4596,MicroCap,MidRevenue,LightAsset,Other_Regions,HighTurnover,HighValue
comp_4597,MicroCap,MidRevenue,LightAsset,Other_Regions,MidTurnover,LowValue
comp_4598,MicroCap,MidRevenue,LightAsset,South_America,HighTurnover,FairValue
comp_4599,MicroCap,MidRevenue,LightAsset,Asia,HighTurnover,LowValue
comp_4600,MicroCap,MidRevenue,LightAsset,Other_Regions,HighTurnover,LowValue
comp_4601,MicroCap,MidRevenue,LightAsset,Asia,MidTurnover,LowValue
comp_4602,MicroCap,MidRevenue,LightAsset,Europe,HighTurnover,LowValue
comp_4603,MicroCap,LowRevenue,LightAsset,Other_Regions,LowTurnover,LowValue
comp_4604,MicroCap,MidRevenue,MidAsset,Asia,MidTurnover,LowValue
comp_4605,MicroCap,MidRevenue,MidAsset,Asia,MidTurnover,LowValue
comp_4606,MicroCap,LowRevenue,LightAsset,Asia,LowTurnover,LowValue
comp_4607,MicroCap,MidRevenue,LightAsset,Asia,HighTurnover,LowValue
comp_4608,MicroCap,,MicroAsset,Other_Regions,,HighValue
comp_4609,MicroCap,UpperRevenue,MidAsset,South_America,MidTurnover,LowValue
comp_4610,MicroCap,MidRevenue,LightAsset,Africa,HighTurnover,LowValue
comp_4611,MicroCap,LowRevenue,MicroAsset,Asia,HighTurnover,HighValue
comp_4612,MicroCap,MidRevenue,LightAsset,Other_Regions,MidTurnover,LowValue
comp_4613,MicroCap,MidRevenue,LightAsset,Other_Regions,HighTurnover,LowValue
comp_4614,MicroCap,MidRevenue,LightAsset,Asia,MidTurnover,LowValue
comp_4615,MicroCap,MidRevenue,LightAsset,Asia,HighTurnover,FairValue
comp_4616,MicroCap,MidRevenue,LightAsset,Other_Regions,HighTurnover,FairValue
comp_4617,MicroCap,MidRevenue,LightAsset,Other_Regions,MidTurnover,LowValue
comp_4618,MicroCap,MidRevenue,LightAsset,Asia,HighTurnover,LowValue
comp_4619,MicroCap,VeryLowRevenue,MicroAsset,Europe,LowTurnover,HighValue
comp_4620,MicroCap,MidRevenue,LightAsset,Other_Regions,HighTurnover,LowValue
comp_4621,MicroCap,MidRevenue,LightAsset,Other_Regions,HighTurnover,LowValue
comp_4622,MicroCap,LowRevenue,LightAsset,Asia,HighTurnover,HighValue
comp_4623,MicroCap,MidRevenue,MidAsset,Other_Regions,LowTurnover,LowValue
comp_4624,MicroCap,UpperRevenue,LightAsset,Other_Regions,HighTurnover,LowValue
comp_4625,MicroCap,MidRevenue,LightAsset,Other_Regions,HighTurnover,LowValue
comp_4626,MicroCap,MidRevenue,LightAsset,Europe,HighTurnover,FairValue
comp_4627,MicroCap,LowRevenue,LightAsset,Other_Regions,MidTurnover,LowValue
comp_4628,MicroCap,LowRevenue,LightAsset,Europe,MidTurnover,HighValue
comp_4629,MicroCap,MidRevenue,MidAsset,Other_Regions,LowTurnover,LowValue
comp_4630,MicroCap,MidRevenue,LightAsset,South_America,MidTurnover,LowValue
comp_4631,MicroCap,MidRevenue,LightAsset,Europe,MidTurnover,LowValue
comp_4632,MicroCap,LowRevenue,LightAsset,Other_Regions,MidTurnover,FairValue
comp_4633,MicroCap,MidRevenue,LightAsset,Other_Regions,HighTurnover,FairValue
comp_4634,MicroCap,LowRevenue,LightAsset,Other_Regions,MidTurnover,FairValue
comp_4635,MicroCap,MidRevenue,LightAsset,Europe,HighTurnover,FairValue
comp_4636,MicroCap,,LightAsset,Asia,,LowValue
comp_4637,MicroCap,MidRevenue,LightAsset,Other_Regions,MidTurnover,LowValue
comp_4638,MicroCap,MidRevenue,LightAsset,Other_Regions,HighTurnover,LowValue
comp_4639,MicroCap,UpperRevenue,LightAsset,Other_Regions,HighTurnover,LowValue
comp_4640,MicroCap,MidRevenue,LightAsset,Europe,MidTurnover,LowValue
comp_4641,MicroCap,MidRevenue,LightAsset,Asia,HighTurnover,LowValue
comp_4642,MicroCap,MidRevenue,LightAsset,Other_Regions,HighTurnover,LowValue
comp_4643,MicroCap,MidRevenue,LightAsset,Asia,LowTurnover,LowValue
comp_4644,MicroCap,,,Other_Regions,,
comp_4645,MicroCap,MidRevenue,MicroAsset,Asia,HighTurnover,HighValue
comp_4646,MicroCap,MidRevenue,LightAsset,Asia,HighTurnover,LowValue
comp_4647,MicroCap,MidRevenue,MicroAsset,Other_Regions,HighTurnover,HighValue
comp_4648,MicroCap,MidRevenue,LightAsset,Other_Regions,HighTurnover,FairValue
comp_4649,MicroCap,MidRevenue,LightAsset,Other_Regions,HighTurnover,LowValue
comp_4650,MicroCap,MidRevenue,LightAsset,Asia,HighTurnover,FairValue
comp_4651,MicroCap,MidRevenue,LightAsset,Europe,MidTurnover,LowValue
comp_4652,MicroCap,MidRevenue,MidAsset,Asia,MidTurnover,LowValue
comp_4653,MicroCap,LowRevenue,MicroAsset,Asia,MidTurnover,HighValue
comp_4654,MicroCap,LowRevenue,LightAsset,Asia,MidTurnover,FairValue
comp_4655,MicroCap,MidRevenue,LightAsset,Other_Regions,HighTurnover,FairValue
comp_4656,MicroCap,MidRevenue,LightAsset,Other_Regions,MidTurnover,LowValue
comp_4657,MicroCap,MidRevenue,LightAsset,Europe,MidTurnover,LowValue
comp_4658,MicroCap,LowRevenue,MicroAsset,Asia,MidTurnover,HighValue
comp_4659,MicroCap,MidRevenue,LightAsset,Asia,MidTurnover,LowValue
comp_4660,MicroCap,,,Europe,,
comp_4661,MicroCap,MidRevenue,LightAsset,Other_Regions,MidTurnover,LowValue
comp_4662,MicroCap,VeryLowRevenue,LightAsset,Other_Regions,LowTurnover,LowValue
comp_4663,MicroCap,MidRevenue,LightAsset,Other_Regions,HighTurnover,LowValue
comp_4664,MicroCap,MidRevenue,LightAsset,Other_Regions,HighTurnover,LowValue
comp_4665,MicroCap,,LightAsset,Other_Regions,,FairValue
comp_4666,MicroCap,MidRevenue,LightAsset,Other_Regions,HighTurnover,LowValue
comp_4667,MicroCap,LowRevenue,MicroAsset,Asia,HighTurnover,HighValue
comp_4668,MicroCap,MidRevenue,MidAsset,Other_Regions,MidTurnover,LowValue
comp_4669,MicroCap,MidRevenue,LightAsset,Asia,LowTurnover,LowValue
comp_4670,MicroCap,LowRevenue,LightAsset,Asia,MidTurnover,FairValue
comp_4671,MicroCap,MidRevenue,LightAsset,Other_Regions,HighTurnover,LowValue
comp_4672,MicroCap,MidRevenue,LightAsset,Other_Regions,HighTurnover,LowValue
comp_4673,MicroCap,MidRevenue,LightAsset,Other_Regions,HighTurnover,LowValue
comp_4674,MicroCap,MidRevenue,LightAsset,Other_Regions,HighTurnover,LowValue
comp_4675,MicroCap,MidRevenue,LightAsset,Other_Regions,MidTurnover,LowValue
comp_4676,MicroCap,LowRevenue,LightAsset,Other_Regions,MidTurnover,FairValue
comp_4677,MicroCap,MidRevenue,LightAsset,Other_Regions,HighTurnover,LowValue
comp_4678,MicroCap,LowRevenue,LightAsset,Other_Regions,HighTurnover,FairValue
comp_4679,MicroCap,LowRevenue,LightAsset,Asia,MidTurnover,LowValue
comp_4680,MicroCap,LowRevenue,MicroAsset,Other_Regions,MidTurnover,HighValue
comp_4681,MicroCap,LowRevenue,LightAsset,Other_Regions,LowTurnover,LowValue
comp_4682,MicroCap,LowRevenue,LightAsset,Asia,LowTurnover,LowValue
comp_4683,MicroCap,LowRevenue,LightAsset,Other_Regions,LowTurnover,LowValue
comp_4684,MicroCap,LowRevenue,LightAsset,Europe,MidTurnover,FairValue
comp_4685,MicroCap,LowRevenue,MicroAsset,Other_Regions,HighTurnover,HighValue
comp_4686,MicroCap,VeryLowRevenue,LightAsset,Europe,LowTurnover,FairValue
comp_4687,MicroCap,LowRevenue,LightAsset,Other_Regions,MidTurnover,FairValue
comp_4688,MicroCap,LowRevenue,LightAsset,Asia,MidTurnover,FairValue
comp_4689,MicroCap,,,Europe,,
comp_4690,MicroCap,UpperRevenue,MidAsset,Other_Regions,HighTurnover,LowValue
comp_4691,MicroCap,MidRevenue,LightAsset,Other_Regions,HighTurnover,LowValue
comp_4692,MicroCap,MidRevenue,LightAsset,Other_Regions,HighTurnover,LowValue
comp_4693,MicroCap,MidRevenue,MicroAsset,Other_Regions,HighTurnover,FairValue
comp_4694,MicroCap,MidRevenue,LightAsset,Other_Regions,HighTurnover,FairValue
comp_4695,MicroCap,LowRevenue,LightAsset,Asia,LowTurnover,LowValue
comp_4696,MicroCap,LowRevenue,MicroAsset,Asia,MidTurnover,HighValue
comp_4697,MicroCap,LowRevenue,MicroAsset,Other_Regions,MidTurnover,FairValue
comp_4698,MicroCap,LowRevenue,MicroAsset,Other_Regions,LowTurnover,FairValue
comp_4699,MicroCap,MidRevenue,LightAsset,Other_Regions,HighTurnover,LowValue
comp_4700,MicroCap,LowRevenue,MicroAsset,Europe,HighTurnover,HighValue
comp_4701,MicroCap,MidRevenue,LightAsset,Other_Regions,HighTurnover,LowValue
comp_4702,MicroCap,LowRevenue,MicroAsset,Other_Regions,HighTurnover,HighValue
comp_4703,MicroCap,LowRevenue,MicroAsset,Other_Regions,LowTurnover,FairValue
comp_4704,MicroCap,MidRevenue,LightAsset,Other_Regions,HighTurnover,LowValue
comp_4705,MicroCap,MidRevenue,LightAsset,Other_Regions,HighTurnover,FairValue
comp_4706,MicroCap,MidRevenue,LightAsset,Asia,MidTurnover,LowValue
comp_4707,MicroCap,LowRevenue,MicroAsset,Asia,MidTurnover,HighValue
comp_4708,MicroCap,LowRevenue,MicroAsset,Asia,MidTurnover,HighValue
comp_4709,MicroCap,LowRevenue,MicroAsset,Asia,HighTurnover,FairValue
comp_4710,MicroCap,LowRevenue,LightAsset,Asia,LowTurnover,LowValue
comp_4711,MicroCap,MidRevenue,MicroAsset,Other_Regions,HighTurnover,HighValue
comp_4712,MicroCap,MidRevenue,LightAsset,Other_Regions,HighTurnover,LowValue
comp_4713,MicroCap,LowRevenue,LightAsset,Asia,LowTurnover,LowValue
comp_4714,MicroCap,MidRevenue,LightAsset,Other_Regions,HighTurnover,FairValue
comp_4715,MicroCap,LowRevenue,LightAsset,Other_Regions,MidTurnover,LowValue
comp_4716,MicroCap,MidRevenue,LightAsset,Europe,HighTurnover,LowValue
comp_4717,MicroCap,MidRevenue,LightAsset,Other_Regions,HighTurnover,LowValue
comp_4718,MicroCap,MidRevenue,LightAsset,Asia,HighTurnover,LowValue
comp_4719,MicroCap,LowRevenue,LightAsset,Other_Regions,LowTurnover,LowValue
comp_4720,MicroCap,MidRevenue,LightAsset,Other_Regions,HighTurnover,LowValue
comp_4721,MicroCap,MidRevenue,LightAsset,Other_Regions,HighTurnover,LowValue
comp_4722,MicroCap,MidRevenue,LightAsset,Asia,HighTurnover,LowValue
comp_4723,MicroCap,LowRevenue,MicroAsset,Other_Regions,LowTurnover,HighValue
comp_4724,MicroCap,LowRevenue,MicroAsset,Other_Regions,MidTurnover,FairValue
comp_4725,MicroCap,MidRevenue,LightAsset,South_America,HighTurnover,LowValue
comp_4726,MicroCap,LowRevenue,MicroAsset,Asia,HighTurnover,HighValue
comp_4727,MicroCap,LowRevenue,MicroAsset,Other_Regions,MidTurnover,FairValue
comp_4728,MicroCap,UpperRevenue,LightAsset,Other_Regions,HighTurnover,LowValue
comp_4729,MicroCap,MidRevenue,LightAsset,Asia,MidTurnover,LowValue
comp_4730,MicroCap,MidRevenue,MicroAsset,Other_Regions,HighTurnover,FairValue
comp_4731,MicroCap,MidRevenue,LightAsset,Other_Regions,MidTurnover,LowValue
comp_4732,MicroCap,MidRevenue,LightAsset,Other_Regions,HighTurnover,LowValue
comp_4733,MicroCap,LowRevenue,MicroAsset,Other_Regions,LowTurnover,FairValue
comp_4734,MicroCap,MidRevenue,LightAsset,Other_Regions,HighTurnover,LowValue
comp_4735,MicroCap,,MicroAsset,Other_Regions,,HighValue
comp_4736,MicroCap,LowRevenue,LightAsset,Asia,LowTurnover,LowValue
comp_4737,MicroCap,MidRevenue,LightAsset,Other_Regions,HighTurnover,LowValue
comp_4738,MicroCap,LowRevenue,MicroAsset,Other_Regions,MidTurnover,HighValue
comp_4739,MicroCap,LowRevenue,MicroAsset,Europe,HighTurnover,FairValue
comp_4740,MicroCap,LowRevenue,MicroAsset,Asia,HighTurnover,HighValue
comp_4741,MicroCap,VeryLowRevenue,MicroAsset,Europe,LowTurnover,HighValue
comp_4742,MicroCap,LowRevenue,MicroAsset,Asia,MidTurnover,HighValue
comp_4743,MicroCap,MidRevenue,LightAsset,Europe,HighTurnover,LowValue
comp_4744,MicroCap,LowRevenue,LightAsset,Other_Regions,MidTurnover,FairValue
comp_4745,MicroCap,MidRevenue,LightAsset,Other_Regions,MidTurnover,LowValue
comp_4746,MicroCap,MidRevenue,LightAsset,Asia,HighTurnover,LowValue
comp_4747,MicroCap,LowRevenue,LightAsset,Asia,MidTurnover,LowValue
comp_4748,MicroCap,MidRevenue,LightAsset,Asia,HighTurnover,LowValue
comp_4749,MicroCap,MidRevenue,LightAsset,Asia,MidTurnover,LowValue
comp_4750,MicroCap,MidRevenue,LightAsset,Asia,MidTurnover,LowValue
comp_4751,MicroCap,LowRevenue,MicroAsset,Asia,HighTurnover,FairValue
comp_4752,MicroCap,MidRevenue,LightAsset,Asia,HighTurnover,LowValue
comp_4753,MicroCap,MidRevenue,LightAsset,Other_Regions,MidTurnover,LowValue
comp_4754,MicroCap,MidRevenue,LightAsset,Asia,HighTurnover,LowValue
comp_4755,MicroCap,LowRevenue,LightAsset,Europe,LowTurnover,LowValue
comp_4756,MicroCap,MidRevenue,LightAsset,Asia,MidTurnover,LowValue
comp_4757,MicroCap,MidRevenue,LightAsset,Europe,HighTurnover,LowValue
comp_4758,MicroCap,,MicroAsset,Other_Regions,,HighValue
comp_4759,MicroCap,VeryLowRevenue,LightAsset,Other_Regions,LowTurnover,LowValue
comp_4760,MicroCap,MidRevenue,LightAsset,Other_Regions,HighTurnover,LowValue
comp_4761,MicroCap,LowRevenue,LightAsset,Other_Regions,LowTurnover,LowValue
comp_4762,MicroCap,LowRevenue,MicroAsset,Other_Regions,MidTurnover,FairValue
comp_4763,MicroCap,LowRevenue,LightAsset,Asia,HighTurnover,FairValue
comp_4764,MicroCap,MidRevenue,LightAsset,Other_Regions,HighTurnover,LowValue
comp_4765,MicroCap,MidRevenue,LightAsset,Other_Regions,HighTurnover,LowValue
comp_4766,MicroCap,MidRevenue,MidAsset,Asia,MidTurnover,LowValue
comp_4767,MicroCap,LowRevenue,MicroAsset,Other_Regions,MidTurnover,FairValue
comp_4768,MicroCap,MidRevenue,MicroAsset,Asia,HighTurnover,FairValue
comp_4769,MicroCap,MidRevenue,LightAsset,Asia,MidTurnover,LowValue
comp_4770,MicroCap,UpperRevenue,LightAsset,Other_Regions,HighTurnover,LowValue
comp_4771,MicroCap,MidRevenue,LightAsset,Other_Regions,LowTurnover,LowValue
comp_4772,MicroCap,MidRevenue,LightAsset,Asia,LowTurnover,LowValue
comp_4773,MicroCap,MidRevenue,LightAsset,Europe,HighTurnover,LowValue
comp_4774,MicroCap,MidRevenue,LightAsset,Asia,MidTurnover,LowValue
comp_4775,MicroCap,MidRevenue,LightAsset,Other_Regions,HighTurnover,LowValue
comp_4776,MicroCap,LowRevenue,MicroAsset,Europe,MidTurnover,HighValue
comp_4777,MicroCap,MidRevenue,LightAsset,Asia,MidTurnover,LowValue
comp_4778,MicroCap,LowRevenue,MicroAsset,Asia,HighTurnover,HighValue
comp_4779,MicroCap,,,Other_Regions,,
comp_4780,MicroCap,LowRevenue,MicroAsset,Asia,MidTurnover,FairValue
comp_4781,MicroCap,LowRevenue,MicroAsset,Other_Regions,HighTurnover,FairValue
comp_4782,MicroCap,VeryLowRevenue,MicroAsset,Europe,LowTurnover,HighValue
comp_4783,MicroCap,LowRevenue,LightAsset,Other_Regions,LowTurnover,LowValue
comp_4784,MicroCap,LowRevenue,MicroAsset,Other_Regions,HighTurnover,FairValue
comp_4785,MicroCap,LowRevenue,MicroAsset,Other_Regions,MidTurnover,FairValue
comp_4786,MicroCap,MidRevenue,LightAsset,Asia,MidTurnover,LowValue
comp_4787,MicroCap,MidRevenue,LightAsset,Asia,MidTurnover,LowValue
comp_4788,MicroCap,MidRevenue,MidAsset,Asia,MidTurnover,LowValue
comp_4789,MicroCap,,MicroAsset,Other_Regions,,HighValue
comp_4790,MicroCap,MidRevenue,LightAsset,Other_Regions,HighTurnover,LowValue
comp_4791,MicroCap,MidRevenue,MicroAsset,Asia,HighTurnover,FairValue
comp_4792,MicroCap,MidRevenue,LightAsset,Asia,HighTurnover,LowValue
comp_4793,MicroCap,LowRevenue,LightAsset,Asia,MidTurnover,LowValue
comp_4794,MicroCap,LowRevenue,LightAsset,Asia,MidTurnover,LowValue
comp_4795,MicroCap,LowRevenue,MicroAsset,Asia,MidTurnover,FairValue
comp_4796,MicroCap,LowRevenue,MicroAsset,Other_Regions,HighTurnover,HighValue
comp_4797,MicroCap,LowRevenue,LightAsset,Other_Regions,LowTurnover,LowValue
comp_4798,MicroCap,LowRevenue,MicroAsset,Europe,HighTurnover,HighValue
comp_4799,MicroCap,,MicroAsset,Asia,,HighValue
comp_4800,MicroCap,MidRevenue,LightAsset,Europe,MidTurnover,LowValue
comp_4801,MicroCap,MidRevenue,LightAsset,Other_Regions,MidTurnover,LowValue
comp_4802,MicroCap,MidRevenue,LightAsset,Europe,HighTurnover,FairValue
comp_4803,MicroCap,LowRevenue,LightAsset,Other_Regions,MidTurnover,LowValue
comp_4804,MicroCap,MidRevenue,LightAsset,Other_Regions,MidTurnover,LowValue
comp_4805,MicroCap,MidRevenue,LightAsset,Europe,MidTurnover,LowValue
comp_4806,MicroCap,MidRevenue,LightAsset,Other_Regions,HighTurnover,LowValue
comp_4807,MicroCap,MidRevenue,LightAsset,Other_Regions,HighTurnover,LowValue
comp_4808,MicroCap,,MicroAsset,Europe,,HighValue
comp_4809,MicroCap,MidRevenue,LightAsset,Other_Regions,HighTurnover,LowValue
comp_4810,MicroCap,MidRevenue,LightAsset,Other_Regions,HighTurnover,LowValue
comp_4811,MicroCap,LowRevenue,MicroAsset,Other_Regions,MidTurnover,FairValue
comp_4812,MicroCap,LowRevenue,MicroAsset,Other_Regions,MidTurnover,FairValue
comp_4813,MicroCap,LowRevenue,MicroAsset,Other_Regions,HighTurnover,HighValue
comp_4814,MicroCap,MidRevenue,LightAsset,Other_Regions,HighTurnover,LowValue
comp_4815,MicroCap,MidRevenue,LightAsset,Other_Regions,HighTurnover,LowValue
comp_4816,MicroCap,LowRevenue,LightAsset,Other_Regions,MidTurnover,LowValue
comp_4817,MicroCap,LowRevenue,MicroAsset,Asia,MidTurnover,HighValue
comp_4818,MicroCap,MidRevenue,MicroAsset,Other_Regions,HighTurnover,FairValue
comp_4819,MicroCap,LowRevenue,LightAsset,Other_Regions,MidTurnover,LowValue
comp_4820,MicroCap,MidRevenue,LightAsset,Asia,HighTurnover,LowValue
comp_4821,MicroCap,LowRevenue,LightAsset,Asia,MidTurnover,LowValue
comp_4822,MicroCap,UpperRevenue,LightAsset,Asia,HighTurnover,LowValue
comp_4823,MicroCap,MidRevenue,LightAsset,Europe,HighTurnover,LowValue
comp_4824,MicroCap,LowRevenue,LightAsset,Other_Regions,MidTurnover,LowValue
comp_4825,MicroCap,,LightAsset,Asia,,LowValue
comp_4826,MicroCap,MidRevenue,LightAsset,Other_Regions,MidTurnover,LowValue
comp_4827,MicroCap,LowRevenue,LightAsset,Asia,MidTurnover,LowValue
comp_4828,MicroCap,LowRevenue,LightAsset,Other_Regions,MidTurnover,LowValue
comp_4829,MicroCap,MidRevenue,LightAsset,Other_Regions,HighTurnover,LowValue
comp_4830,MicroCap,LowRevenue,LightAsset,South_America,LowTurnover,LowValue
comp_4831,MicroCap,,,Other_Regions,,
comp_4832,MicroCap,MidRevenue,MicroAsset,Other_Regions,HighTurnover,LowValue
comp_4833,MicroCap,LowRevenue,MicroAsset,Other_Regions,MidTurnover,FairValue
comp_4834,MicroCap,MidRevenue,LightAsset,Other_Regions,HighTurnover,LowValue
comp_4835,MicroCap,MidRevenue,LightAsset,Other_Regions,HighTurnover,LowValue
comp_4836,MicroCap,,MicroAsset,Other_Regions,,HighValue
comp_4837,MicroCap,MidRevenue,MicroAsset,Other_Regions,HighTurnover,LowValue
comp_4838,MicroCap,LowRevenue,MicroAsset,Other_Regions,MidTurnover,FairValue
comp_4839,MicroCap,LowRevenue,MicroAsset,Other_Regions,LowTurnover,LowValue
comp_4840,MicroCap,LowRevenue,MicroAsset,Other_Regions,LowTurnover,LowValue
comp_4841,MicroCap,MidRevenue,LightAsset,Other_Regions,HighTurnover,LowValue
comp_4842,MicroCap,MidRevenue,LightAsset,South_America,HighTurnover,LowValue
comp_4843,MicroCap,MidRevenue,LightAsset,Other_Regions,HighTurnover,LowValue
comp_4844,MicroCap,,,Other_Regions,,
comp_4845,MicroCap,MidRevenue,LightAsset,Europe,MidTurnover,LowValue
comp_4846,MicroCap,LowRevenue,LightAsset,Other_Regions,MidTurnover,LowValue
comp_4847,MicroCap,MidRevenue,LightAsset,Other_Regions,HighTurnover,LowValue
comp_4848,MicroCap,LowRevenue,MicroAsset,Other_Regions,HighTurnover,LowValue
comp_4849,MicroCap,LowRevenue,MicroAsset,Other_Regions,HighTurnover,FairValue
comp_4850,MicroCap,MidRevenue,LightAsset,Other_Regions,HighTurnover,LowValue
comp_4851,MicroCap,MidRevenue,LightAsset,Other_Regions,HighTurnover,LowValue
comp_4852,MicroCap,LowRevenue,MicroAsset,Other_Regions,MidTurnover,FairValue
comp_4853,MicroCap,LowRevenue,MicroAsset,Europe,HighTurnover,FairValue
comp_4854,MicroCap,LowRevenue,LightAsset,Asia,MidTurnover,LowValue
comp_4855,MicroCap,MidRevenue,LightAsset,Europe,HighTurnover,LowValue
comp_4856,MicroCap,MidRevenue,LightAsset,Other_Regions,MidTurnover,LowValue
comp_4857,MicroCap,MidRevenue,LightAsset,Other_Regions,HighTurnover,LowValue
comp_4858,MicroCap,LowRevenue,LightAsset,Asia,LowTurnover,LowValue
comp_4859,MicroCap,VeryLowRevenue,MicroAsset,Asia,LowTurnover,FairValue
comp_4860,MicroCap,,LightAsset,Asia,,LowValue
comp_4861,MicroCap,MidRevenue,LightAsset,Other_Regions,HighTurnover,LowValue
comp_4862,MicroCap,LowRevenue,LightAsset,Other_Regions,MidTurnover,LowValue
comp_4863,MicroCap,LowRevenue,LightAsset,Other_Regions,LowTurnover,LowValue
comp_4864,MicroCap,LowRevenue,MicroAsset,Asia,HighTurnover,FairValue
comp_4865,MicroCap,MidRevenue,LightAsset,Other_Regions,MidTurnover,LowValue
comp_4866,MicroCap,MidRevenue,LightAsset,Other_Regions,MidTurnover,LowValue
comp_4867,MicroCap,MidRevenue,LightAsset,Asia,MidTurnover,LowValue
comp_4868,MicroCap,LowRevenue,LightAsset,Asia,MidTurnover,LowValue
comp_4869,MicroCap,LowRevenue,MicroAsset,Other_Regions,MidTurnover,HighValue
comp_4870,MicroCap,LowRevenue,LightAsset,Other_Regions,LowTurnover,LowValue
comp_4871,MicroCap,LowRevenue,MicroAsset,Other_Regions,HighTurnover,FairValue
comp_4872,MicroCap,LowRevenue,LightAsset,Asia,HighTurnover,LowValue
comp_4873,MicroCap,MidRevenue,LightAsset,Asia,MidTurnover,LowValue
comp_4874,MicroCap,MidRevenue,MicroAsset,Other_Regions,HighTurnover,FairValue
comp_4875,MicroCap,LowRevenue,MicroAsset,Other_Regions,HighTurnover,HighValue
comp_4876,MicroCap,LowRevenue,MicroAsset,Other_Regions,MidTurnover,FairValue
comp_4877,MicroCap,LowRevenue,MicroAsset,Asia,MidTurnover,LowValue
comp_4878,MicroCap,UpperRevenue,LightAsset,Other_Regions,HighTurnover,LowValue
comp_4879,MicroCap,VeryLowRevenue,LightAsset,Other_Regions,LowTurnover,LowValue
comp_4880,MicroCap,VeryLowRevenue,MicroAsset,Asia,LowTurnover,FairValue
comp_4881,MicroCap,VeryLowRevenue,MicroAsset,Other_Regions,MidTurnover,HighValue
comp_4882,MicroCap,MidRevenue,LightAsset,Other_Regions,HighTurnover,LowValue
comp_4883,MicroCap,LowRevenue,MicroAsset,Asia,HighTurnover,FairValue
comp_4884,MicroCap,MidRevenue,LightAsset,Other_Regions,MidTurnover,LowValue
comp_4885,MicroCap,MidRevenue,LightAsset,Asia,HighTurnover,LowValue
comp_4886,MicroCap,LowRevenue,LightAsset,Asia,LowTurnover,LowValue
comp_4887,MicroCap,MidRevenue,LightAsset,Other_Regions,HighTurnover,LowValue
comp_4888,MicroCap,VeryLowRevenue,MicroAsset,Europe,LowTurnover,HighValue
comp_4889,MicroCap,,MicroAsset,Europe,,FairValue
comp_4890,MicroCap,MidRevenue,LightAsset,Other_Regions,MidTurnover,LowValue
comp_4891,MicroCap,MidRevenue,LightAsset,Other_Regions,HighTurnover,LowValue
comp_4892,MicroCap,LowRevenue,LightAsset,Europe,MidTurnover,LowValue
comp_4893,MicroCap,VeryLowRevenue,MicroAsset,Asia,LowTurnover,FairValue
comp_4894,MicroCap,MidRevenue,MidAsset,Asia,LowTurnover,LowValue
comp_4895,MicroCap,MidRevenue,LightAsset,Other_Regions,HighTurnover,LowValue
comp_4896,MicroCap,MidRevenue,MicroAsset,Other_Regions,HighTurnover,LowValue
comp_4897,MicroCap,LowRevenue,LightAsset,Other_Regions,LowTurnover,LowValue
comp_4898,MicroCap,LowRevenue,LightAsset,Other_Regions,LowTurnover,LowValue
comp_4899,MicroCap,LowRevenue,MicroAsset,Asia,MidTurnover,LowValue
comp_4900,MicroCap,LowRevenue,MicroAsset,Other_Regions,MidTurnover,HighValue
comp_4901,MicroCap,MidRevenue,LightAsset,Other_Regions,MidTurnover,LowValue
comp_4902,MicroCap,,MicroAsset,Other_Regions,,HighValue
comp_4903,MicroCap,,LightAsset,Other_Regions,,LowValue
comp_4904,MicroCap,MidRevenue,LightAsset,Europe,MidTurnover,LowValue
comp_4905,MicroCap,MidRevenue,LightAsset,Other_Regions,MidTurnover,LowValue
comp_4906,MicroCap,LowRevenue,LightAsset,Other_Regions,LowTurnover,LowValue
comp_4907,MicroCap,LowRevenue,MicroAsset,Other_Regions,MidTurnover,FairValue
comp_4908,MicroCap,MidRevenue,LightAsset,Other_Regions,MidTurnover,LowValue
comp_4909,MicroCap,LowRevenue,LightAsset,Other_Regions,LowTurnover,LowValue
comp_4910,MicroCap,LowRevenue,MicroAsset,Other_Regions,LowTurnover,FairValue
comp_4911,MicroCap,MidRevenue,LightAsset,Asia,HighTurnover,LowValue
comp_4912,MicroCap,MidRevenue,LightAsset,Asia,HighTurnover,LowValue
comp_4913,MicroCap,LowRevenue,MicroAsset,Other_Regions,HighTurnover,FairValue
comp_4914,MicroCap,LowRevenue,MicroAsset,Asia,HighTurnover,FairValue
comp_4915,MicroCap,MidRevenue,LightAsset,Asia,MidTurnover,LowValue
comp_4916,MicroCap,LowRevenue,LightAsset,Other_Regions,MidTurnover,LowValue
comp_4917,MicroCap,LowRevenue,LightAsset,Other_Regions,MidTurnover,LowValue
comp_4918,MicroCap,VeryLowRevenue,MicroAsset,Other_Regions,HighTurnover,HighValue
comp_4919,MicroCap,MidRevenue,LightAsset,Asia,MidTurnover,LowValue
comp_4920,MicroCap,LowRevenue,LightAsset,Other_Regions,LowTurnover,LowValue
comp_4921,MicroCap,MidRevenue,LightAsset,Europe,HighTurnover,LowValue
comp_4922,MicroCap,LowRevenue,LightAsset,Other_Regions,MidTurnover,LowValue
comp_4923,MicroCap,LowRevenue,LightAsset,Other_Regions,LowTurnover,LowValue
comp_4924,MicroCap,LowRevenue,MicroAsset,Asia,MidTurnover,LowValue
comp_4925,MicroCap,LowRevenue,MicroAsset,Other_Regions,MidTurnover,LowValue
comp_4926,MicroCap,VeryLowRevenue,MicroAsset,Europe,MidTurnover,HighValue
comp_4927,MicroCap,LowRevenue,MicroAsset,Other_Regions,MidTurnover,FairValue
comp_4928,MicroCap,LowRevenue,LightAsset,Other_Regions,HighTurnover,LowValue
comp_4929,MicroCap,LowRevenue,MicroAsset,Asia,MidTurnover,LowValue
comp_4930,MicroCap,MidRevenue,LightAsset,Other_Regions,HighTurnover,LowValue
comp_4931,MicroCap,MidRevenue,LightAsset,Other_Regions,HighTurnover,LowValue
comp_4932,MicroCap,UpperRevenue,MicroAsset,Other_Regions,HighTurnover,LowValue
comp_4933,MicroCap,MidRevenue,LightAsset,Other_Regions,HighTurnover,LowValue
comp_4934,MicroCap,LowRevenue,LightAsset,Other_Regions,LowTurnover,LowValue
comp_4935,MicroCap,MidRevenue,LightAsset,Asia,MidTurnover,LowValue
comp_4936,MicroCap,LowRevenue,MicroAsset,Other_Regions,HighTurnover,LowValue
comp_4937,MicroCap,VeryLowRevenue,MicroAsset,Other_Regions,LowTurnover,HighValue
comp_4938,MicroCap,LowRevenue,LightAsset,Other_Regions,LowTurnover,LowValue
comp_4939,MicroCap,MidRevenue,LightAsset,Other_Regions,HighTurnover,LowValue
comp_4940,MicroCap,LowRevenue,MicroAsset,Other_Regions,HighTurnover,FairValue
comp_4941,MicroCap,MidRevenue,LightAsset,Asia,MidTurnover,LowValue
comp_4942,MicroCap,MidRevenue,LightAsset,Asia,HighTurnover,LowValue
comp_4943,MicroCap,LowRevenue,MicroAsset,Other_Regions,MidTurnover,LowValue
comp_4944,MicroCap,LowRevenue,LightAsset,Other_Regions,MidTurnover,LowValue
comp_4945,MicroCap,LowRevenue,MicroAsset,Asia,MidTurnover,LowValue
comp_4946,MicroCap,LowRevenue,MicroAsset,Other_Regions,HighTurnover,LowValue
comp_4947,MicroCap,LowRevenue,MicroAsset,Other_Regions,MidTurnover,FairValue
comp_4948,MicroCap,MidRevenue,LightAsset,Other_Regions,HighTurnover,LowValue
comp_4949,MicroCap,LowRevenue,MicroAsset,Other_Regions,HighTurnover,FairValue
comp_4950,MicroCap,LowRevenue,MicroAsset,Asia,MidTurnover,HighValue
comp_4951,MicroCap,MidRevenue,LightAsset,Europe,HighTurnover,LowValue
comp_4952,MicroCap,MidRevenue,LightAsset,Asia,MidTurnover,LowValue
comp_4953,MicroCap,MidRevenue,LightAsset,Other_Regions,MidTurnover,LowValue
comp_4954,MicroCap,MidRevenue,MicroAsset,Europe,HighTurnover,LowValue
comp_4955,MicroCap,MidRevenue,LightAsset,Other_Regions,HighTurnover,LowValue
comp_4956,MicroCap,MidRevenue,LightAsset,Other_Regions,HighTurnover,LowValue
comp_4957,MicroCap,MidRevenue,LightAsset,Other_Regions,HighTurnover,LowValue
comp_4958,MicroCap,LowRevenue,MicroAsset,Other_Regions,MidTurnover,LowValue
comp_4959,MicroCap,LowRevenue,MicroAsset,Other_Regions,HighTurnover,FairValue
comp_4960,MicroCap,LowRevenue,MicroAsset,Other_Regions,MidTurnover,LowValue
comp_4961,MicroCap,VeryLowRevenue,MicroAsset,Other_Regions,MidTurnover,HighValue
comp_4962,MicroCap,LowRevenue,LightAsset,Other_Regions,MidTurnover,LowValue
comp_4963,MicroCap,MidRevenue,LightAsset,Asia,MidTurnover,LowValue
comp_4964,MicroCap,MidRevenue,LightAsset,Asia,HighTurnover,LowValue
comp_4965,MicroCap,VeryLowRevenue,MicroAsset,Other_Regions,LowTurnover,LowValue
comp_4966,MicroCap,MidRevenue,LightAsset,Asia,MidTurnover,LowValue
comp_4967,MicroCap,VeryLowRevenue,MicroAsset,Other_Regions,MidTurnover,HighValue
comp_4968,MicroCap,LowRevenue,LightAsset,Other_Regions,MidTurnover,LowValue
comp_4969,MicroCap,LowRevenue,MicroAsset,Other_Regions,MidTurnover,FairValue
comp_4970,MicroCap,,MicroAsset,Other_Regions,,HighValue
comp_4971,MicroCap,MidRevenue,LightAsset,Other_Regions,HighTurnover,LowValue
comp_4972,MicroCap,MidRevenue,LightAsset,Other_Regions,HighTurnover,LowValue
comp_4973,MicroCap,LowRevenue,MicroAsset,Asia,HighTurnover,LowValue
comp_4974,MicroCap,VeryLowRevenue,MicroAsset,Asia,LowTurnover,FairValue
comp_4975,MicroCap,LowRevenue,LightAsset,Other_Regions,LowTurnover,LowValue
comp_4976,MicroCap,LowRevenue,MicroAsset,Other_Regions,LowTurnover,LowValue
comp_4977,MicroCap,MidRevenue,LightAsset,Other_Regions,HighTurnover,LowValue
comp_4978,MicroCap,MidRevenue,LightAsset,Asia,HighTurnover,LowValue
comp_4979,MicroCap,VeryLowRevenue,MicroAsset,Asia,LowTurnover,LowValue
comp_4980,MicroCap,LowRevenue,MicroAsset,Other_Regions,MidTurnover,LowValue
comp_4981,MicroCap,MidRevenue,LightAsset,Other_Regions,MidTurnover,LowValue
comp_4982,MicroCap,LowRevenue,LightAsset,Other_Regions,MidTurnover,LowValue
comp_4983,MicroCap,MidRevenue,LightAsset,Other_Regions,HighTurnover,LowValue
comp_4984,MicroCap,LowRevenue,MicroAsset,Asia,LowTurnover,LowValue
comp_4985,MicroCap,MidRevenue,LightAsset,Other_Regions,HighTurnover,LowValue
comp_4986,MicroCap,,MicroAsset,Europe,,HighValue
comp_4987,MicroCap,LowRevenue,MicroAsset,Asia,MidTurnover,LowValue
comp_4988,MicroCap,LowRevenue,MicroAsset,Asia,HighTurnover,FairValue
comp_4989,MicroCap,VeryLowRevenue,MicroAsset,Asia,LowTurnover,HighValue
comp_4990,MicroCap,UpperRevenue,MidAsset,Europe,HighTurnover,LowValue
comp_4991,MicroCap,MidRevenue,MidAsset,Other_Regions,LowTurnover,LowValue
comp_4992,MicroCap,,MicroAsset,Other_Regions,,FairValue
comp_4993,MicroCap,LowRevenue,MicroAsset,Other_Regions,MidTurnover,FairValue
comp_4994,MicroCap,LowRevenue,LightAsset,Other_Regions,MidTurnover,LowValue
comp_4995,MicroCap,LowRevenue,MicroAsset,Other_Regions,HighTurnover,FairValue
comp_4996,MicroCap,MidRevenue,MicroAsset,Other_Regions,HighTurnover,LowValue
comp_4997,MicroCap,LowRevenue,MicroAsset,Other_Regions,MidTurnover,LowValue
comp_4998,MicroCap,LowRevenue,MicroAsset,Other_Regions,HighTurnover,LowValue
comp_4999,MicroCap,VeryLowRevenue,MicroAsset,Other_Regions,LowTurnover,FairValue
comp_5000,MicroCap,LowRevenue,MicroAsset,Other_Regions,MidTurnover,FairValue
comp_5001,MicroCap,,MicroAsset,Other_Regions,,HighValue
comp_5002,MicroCap,LowRevenue,LightAsset,Other_Regions,MidTurnover,LowValue
comp_5003,MicroCap,MidRevenue,MicroAsset,Other_Regions,HighTurnover,LowValue
comp_5004,MicroCap,LowRevenue,LightAsset,Other_Regions,LowTurnover,LowValue
comp_5005,MicroCap,,MicroAsset,Other_Regions,,HighValue
comp_5006,MicroCap,VeryLowRevenue,MicroAsset,Other_Regions,LowTurnover,LowValue
comp_5007,MicroCap,LowRevenue,MicroAsset,Other_Regions,HighTurnover,LowValue
comp_5008,MicroCap,LowRevenue,LightAsset,Other_Regions,LowTurnover,LowValue
comp_5009,MicroCap,LowRevenue,LightAsset,Other_Regions,MidTurnover,LowValue
comp_5010,MicroCap,LowRevenue,LightAsset,Other_Regions,LowTurnover,LowValue
comp_5011,MicroCap,LowRevenue,LightAsset,Other_Regions,LowTurnover,LowValue
comp_5012,MicroCap,VeryLowRevenue,LightAsset,Asia,LowTurnover,LowValue
comp_5013,MicroCap,LowRevenue,MicroAsset,Other_Regions,MidTurnover,LowValue
comp_5014,MicroCap,MidRevenue,LightAsset,Other_Regions,MidTurnover,LowValue
comp_5015,MicroCap,LowRevenue,MicroAsset,Other_Regions,MidTurnover,FairValue
comp_5016,MicroCap,LowRevenue,LightAsset,Other_Regions,LowTurnover,LowValue
comp_5017,MicroCap,VeryLowRevenue,MicroAsset,Other_Regions,MidTurnover,HighValue
comp_5018,MicroCap,LowRevenue,MicroAsset,Other_Regions,HighTurnover,HighValue
comp_5019,MicroCap,VeryLowRevenue,MicroAsset,Other_Regions,LowTurnover,FairValue
comp_5020,MicroCap,MidRevenue,LightAsset,Other_Regions,MidTurnover,LowValue
comp_5021,MicroCap,LowRevenue,MicroAsset,Asia,HighTurnover,LowValue
comp_5022,MicroCap,MidRevenue,LightAsset,Other_Regions,HighTurnover,LowValue
comp_5023,MicroCap,MidRevenue,LightAsset,Asia,HighTurnover,LowValue
comp_5024,MicroCap,LowRevenue,LightAsset,Asia,LowTurnover,LowValue
comp_5025,MicroCap,MidRevenue,LightAsset,Other_Regions,HighTurnover,LowValue
comp_5026,MicroCap,,MicroAsset,Other_Regions,,HighValue
comp_5027,MicroCap,LowRevenue,MicroAsset,Other_Regions,MidTurnover,LowValue
comp_5028,MicroCap,MidRevenue,LightAsset,Other_Regions,HighTurnover,LowValue
comp_5029,MicroCap,MidRevenue,LightAsset,Other_Regions,HighTurnover,LowValue
comp_5030,MicroCap,LowRevenue,LightAsset,Other_Regions,HighTurnover,LowValue
comp_5031,MicroCap,VeryLowRevenue,MicroAsset,Other_Regions,LowTurnover,LowValue
comp_5032,MicroCap,LowRevenue,MicroAsset,Other_Regions,MidTurnover,LowValue
comp_5033,MicroCap,,MicroAsset,Africa,,FairValue
comp_5034,MicroCap,LowRevenue,MicroAsset,Other_Regions,LowTurnover,LowValue
comp_5035,MicroCap,VeryLowRevenue,MicroAsset,Other_Regions,LowTurnover,LowValue
comp_5036,MicroCap,MidRevenue,LightAsset,Other_Regions,HighTurnover,LowValue
comp_5037,MicroCap,LowRevenue,MicroAsset,Other_Regions,HighTurnover,FairValue
comp_5038,MicroCap,LowRevenue,MicroAsset,Asia,MidTurnover,FairValue
comp_5039,MicroCap,MidRevenue,LightAsset,Other_Regions,HighTurnover,LowValue
comp_5040,MicroCap,MidRevenue,MicroAsset,Asia,HighTurnover,LowValue
comp_5041,MicroCap,MidRevenue,LightAsset,Other_Regions,HighTurnover,LowValue
comp_5042,MicroCap,VeryLowRevenue,LightAsset,Asia,LowTurnover,LowValue
comp_5043,MicroCap,MidRevenue,LightAsset,Other_Regions,HighTurnover,LowValue
comp_5044,MicroCap,LowRevenue,MicroAsset,Asia,MidTurnover,FairValue
comp_5045,MicroCap,LowRevenue,MicroAsset,Other_Regions,HighTurnover,LowValue
comp_5046,MicroCap,,MicroAsset,Europe,,FairValue
comp_5047,MicroCap,MidRevenue,LightAsset,Other_Regions,MidTurnover,LowValue
comp_5048,MicroCap,LowRevenue,MicroAsset,Asia,MidTurnover,LowValue
comp_5049,MicroCap,LowRevenue,MicroAsset,Other_Regions,MidTurnover,FairValue
comp_5050,MicroCap,LowRevenue,MicroAsset,Other_Regions,MidTurnover,LowValue
comp_5051,MicroCap,MidRevenue,LightAsset,Asia,HighTurnover,LowValue
comp_5052,MicroCap,LowRevenue,MicroAsset,Other_Regions,MidTurnover,LowValue
comp_5053,MicroCap,MidRevenue,LightAsset,Other_Regions,HighTurnover,LowValue
comp_5054,MicroCap,,MicroAsset,South_America,,HighValue
comp_5055,MicroCap,VeryLowRevenue,MicroAsset,Other_Regions,MidTurnover,HighValue
comp_5056,MicroCap,VeryLowRevenue,MicroAsset,Other_Regions,MidTurnover,HighValue
comp_5057,MicroCap,LowRevenue,MicroAsset,Other_Regions,MidTurnover,LowValue
comp_5058,MicroCap,,MicroAsset,Europe,,HighValue
comp_5059,MicroCap,LowRevenue,MicroAsset,Other_Regions,MidTurnover,FairValue
comp_5060,MicroCap,LowRevenue,MicroAsset,Other_Regions,HighTurnover,FairValue
comp_5061,MicroCap,LowRevenue,LightAsset,Other_Regions,MidTurnover,LowValue
comp_5062,MicroCap,LowRevenue,MicroAsset,Other_Regions,HighTurnover,FairValue
comp_5063,MicroCap,LowRevenue,MicroAsset,Other_Regions,LowTurnover,LowValue
comp_5064,MicroCap,LowRevenue,MicroAsset,Other_Regions,HighTurnover,HighValue
comp_5065,MicroCap,LowRevenue,MicroAsset,Europe,HighTurnover,LowValue
comp_5066,MicroCap,MidRevenue,LightAsset,Other_Regions,HighTurnover,LowValue
comp_5067,MicroCap,MidRevenue,LightAsset,Other_Regions,MidTurnover,LowValue
comp_5068,MicroCap,MidRevenue,LightAsset,Other_Regions,LowTurnover,LowValue
comp_5069,MicroCap,MidRevenue,LightAsset,Asia,HighTurnover,LowValue
comp_5070,MicroCap,LowRevenue,LightAsset,Other_Regions,MidTurnover,LowValue
comp_5071,MicroCap,LowRevenue,MicroAsset,Other_Regions,MidTurnover,LowValue
comp_5072,MicroCap,LowRevenue,LightAsset,Asia,LowTurnover,LowValue
comp_5073,MicroCap,VeryLowRevenue,MicroAsset,Other_Regions,LowTurnover,HighValue
comp_5074,MicroCap,VeryLowRevenue,MicroAsset,Other_Regions,LowTurnover,LowValue
comp_5075,MicroCap,,MicroAsset,Asia,,HighValue
comp_5076,MicroCap,LowRevenue,LightAsset,Asia,MidTurnover,LowValue
comp_5077,MicroCap,LowRevenue,LightAsset,Other_Regions,MidTurnover,LowValue
comp_5078,MicroCap,LowRevenue,MicroAsset,Europe,HighTurnover,LowValue
comp_5079,MicroCap,LowRevenue,MicroAsset,Asia,MidTurnover,LowValue
comp_5080,MicroCap,LowRevenue,MicroAsset,Europe,HighTurnover,HighValue
comp_5081,MicroCap,MidRevenue,LightAsset,Other_Regions,HighTurnover,LowValue
comp_5082,MicroCap,VeryLowRevenue,MicroAsset,Other_Regions,LowTurnover,LowValue
comp_5083,MicroCap,MidRevenue,LightAsset,Other_Regions,HighTurnover,LowValue
comp_5084,MicroCap,,MicroAsset,Other_Regions,,FairValue
comp_5085,MicroCap,VeryLowRevenue,LightAsset,Other_Regions,LowTurnover,LowValue
comp_5086,MicroCap,VeryLowRevenue,MicroAsset,Other_Regions,LowTurnover,LowValue
comp_5087,MicroCap,,MicroAsset,Asia,,LowValue
comp_5088,MicroCap,LowRevenue,MicroAsset,Other_Regions,HighTurnover,LowValue
comp_5089,MicroCap,LowRevenue,LightAsset,Other_Regions,MidTurnover,LowValue
comp_5090,MicroCap,LowRevenue,MicroAsset,Other_Regions,MidTurnover,LowValue
comp_5091,MicroCap,LowRevenue,MicroAsset,Other_Regions,MidTurnover,LowValue
comp_5092,MicroCap,LowRevenue,MicroAsset,Other_Regions,HighTurnover,HighValue
comp_5093,MicroCap,LowRevenue,MicroAsset,Other_Regions,HighTurnover,LowValue
comp_5094,MicroCap,LowRevenue,LightAsset,Other_Regions,MidTurnover,LowValue
comp_5095,MicroCap,LowRevenue,LightAsset,Other_Regions,MidTurnover,LowValue
comp_5096,MicroCap,LowRevenue,LightAsset,Other_Regions,LowTurnover,LowValue
comp_5097,MicroCap,VeryLowRevenue,MicroAsset,Other_Regions,LowTurnover,HighValue
comp_5098,MicroCap,LowRevenue,MicroAsset,Europe,MidTurnover,LowValue
comp_5099,MicroCap,,MicroAsset,Asia,,LowValue
comp_5100,MicroCap,VeryLowRevenue,MicroAsset,Other_Regions,LowTurnover,FairValue
comp_5101,MicroCap,,,Other_Regions,,
comp_5102,MicroCap,,MicroAsset,Other_Regions,,FairValue
comp_5103,MicroCap,MidRevenue,LightAsset,Other_Regions,HighTurnover,LowValue
comp_5104,MicroCap,LowRevenue,MicroAsset,Asia,MidTurnover,LowValue
comp_5105,MicroCap,LowRevenue,MicroAsset,Other_Regions,HighTurnover,LowValue
comp_5106,MicroCap,,MicroAsset,Asia,,FairValue
comp_5107,MicroCap,LowRevenue,MicroAsset,Asia,HighTurnover,LowValue
comp_5108,MicroCap,LowRevenue,MicroAsset,Other_Regions,HighTurnover,HighValue
comp_5109,MicroCap,VeryLowRevenue,MicroAsset,Asia,LowTurnover,HighValue
comp_5110,MicroCap,LowRevenue,MicroAsset,Other_Regions,MidTurnover,LowValue
comp_5111,MicroCap,MidRevenue,LightAsset,Asia,HighTurnover,LowValue
comp_5112,MicroCap,LowRevenue,MicroAsset,Other_Regions,LowTurnover,LowValue
comp_5113,MicroCap,LowRevenue,LightAsset,Asia,MidTurnover,LowValue
comp_5114,MicroCap,VeryLowRevenue,MicroAsset,Other_Regions,LowTurnover,FairValue
comp_5115,MicroCap,,MicroAsset,Europe,,FairValue
comp_5116,MicroCap,LowRevenue,MicroAsset,Other_Regions,LowTurnover,LowValue
comp_5117,MicroCap,LowRevenue,MicroAsset,Other_Regions,MidTurnover,LowValue
comp_5118,MicroCap,,,Other_Regions,,
comp_5119,MicroCap,LowRevenue,MicroAsset,Other_Regions,HighTurnover,HighValue
comp_5120,MicroCap,LowRevenue,LightAsset,Other_Regions,MidTurnover,LowValue
comp_5121,MicroCap,,MicroAsset,Europe,,LowValue
comp_5122,MicroCap,LowRevenue,MicroAsset,Other_Regions,MidTurnover,LowValue
comp_5123,MicroCap,,MicroAsset,Other_Regions,,LowValue
comp_5124,MicroCap,LowRevenue,MicroAsset,Other_Regions,HighTurnover,HighValue
comp_5125,MicroCap,LowRevenue,LightAsset,Asia,LowTurnover,LowValue
comp_5126,MicroCap,LowRevenue,MicroAsset,Other_Regions,LowTurnover,LowValue
comp_5127,MicroCap,MidRevenue,LightAsset,Asia,MidTurnover,LowValue
comp_5128,MicroCap,VeryLowRevenue,MicroAsset,Asia,LowTurnover,LowValue
comp_5129,MicroCap,VeryLowRevenue,MicroAsset,Asia,HighTurnover,HighValue
comp_5130,MicroCap,MidRevenue,MidAsset,Other_Regions,LowTurnover,LowValue
comp_5131,MicroCap,LowRevenue,MicroAsset,Africa,LowTurnover,LowValue
comp_5132,MicroCap,LowRevenue,LightAsset,Asia,MidTurnover,LowValue
comp_5133,MicroCap,VeryLowRevenue,MicroAsset,Asia,LowTurnover,LowValue
comp_5134,MicroCap,VeryLowRevenue,MicroAsset,Other_Regions,LowTurnover,FairValue
comp_5135,MicroCap,MidRevenue,LightAsset,Other_Regions,MidTurnover,LowValue
comp_5136,MicroCap,VeryLowRevenue,MicroAsset,Europe,HighTurnover,HighValue
comp_5137,MicroCap,LowRevenue,LightAsset,Other_Regions,MidTurnover,LowValue
comp_5138,MicroCap,LowRevenue,MicroAsset,Other_Regions,MidTurnover,LowValue
comp_5139,MicroCap,LowRevenue,MicroAsset,Other_Regions,MidTurnover,LowValue
comp_5140,MicroCap,VeryLowRevenue,MicroAsset,Other_Regions,LowTurnover,LowValue
comp_5141,MicroCap,LowRevenue,MicroAsset,Asia,MidTurnover,FairValue
comp_5142,MicroCap,LowRevenue,MicroAsset,Other_Regions,HighTurnover,LowValue
comp_5143,MicroCap,LowRevenue,MicroAsset,Other_Regions,MidTurnover,LowValue
comp_5144,MicroCap,,MicroAsset,Asia,,HighValue
comp_5145,MicroCap,MidRevenue,LightAsset,Asia,HighTurnover,LowValue
comp_5146,MicroCap,MidRevenue,LightAsset,Other_Regions,HighTurnover,LowValue
comp_5147,MicroCap,LowRevenue,MicroAsset,Asia,HighTurnover,LowValue
comp_5148,MicroCap,VeryLowRevenue,MicroAsset,Europe,LowTurnover,FairValue
comp_5149,MicroCap,LowRevenue,MicroAsset,Other_Regions,MidTurnover,LowValue
comp_5150,MicroCap,LowRevenue,MicroAsset,Other_Regions,HighTurnover,FairValue
comp_5151,MicroCap,LowRevenue,MicroAsset,Asia,LowTurnover,LowValue
comp_5152,MicroCap,LowRevenue,MicroAsset,Other_Regions,HighTurnover,LowValue
comp_5153,MicroCap,MidRevenue,MicroAsset,Other_Regions,HighTurnover,LowValue
comp_5154,MicroCap,VeryLowRevenue,MicroAsset,Other_Regions,LowTurnover,HighValue
comp_5155,MicroCap,,MicroAsset,Other_Regions,,LowValue
comp_5156,MicroCap,LowRevenue,MicroAsset,Other_Regions,MidTurnover,LowValue
comp_5157,MicroCap,VeryLowRevenue,MicroAsset,Other_Regions,LowTurnover,LowValue
comp_5158,MicroCap,LowRevenue,MicroAsset,Other_Regions,HighTurnover,LowValue
comp_5159,MicroCap,LowRevenue,MicroAsset,Other_Regions,MidTurnover,LowValue
comp_5160,MicroCap,LowRevenue,MicroAsset,Other_Regions,MidTurnover,FairValue
comp_5161,MicroCap,LowRevenue,MicroAsset,Asia,LowTurnover,LowValue
comp_5162,MicroCap,LowRevenue,MicroAsset,Other_Regions,MidTurnover,LowValue
comp_5163,MicroCap,LowRevenue,MicroAsset,Other_Regions,HighTurnover,LowValue
comp_5164,MicroCap,LowRevenue,MicroAsset,Other_Regions,HighTurnover,LowValue
comp_5165,MicroCap,LowRevenue,LightAsset,Asia,LowTurnover,LowValue
comp_5166,MicroCap,LowRevenue,LightAsset,Other_Regions,MidTurnover,LowValue
comp_5167,MicroCap,LowRevenue,MicroAsset,Other_Regions,MidTurnover,LowValue
comp_5168,MicroCap,,LightAsset,South_America,,LowValue
comp_5169,MicroCap,LowRevenue,MicroAsset,Other_Regions,HighTurnover,LowValue
comp_5170,MicroCap,LowRevenue,MicroAsset,Other_Regions,HighTurnover,FairValue
comp_5171,MicroCap,MidRevenue,LightAsset,Other_Regions,HighTurnover,LowValue
comp_5172,MicroCap,MidRevenue,LightAsset,Other_Regions,MidTurnover,LowValue
comp_5173,MicroCap,LowRevenue,LightAsset,Other_Regions,MidTurnover,LowValue
comp_5174,MicroCap,LowRevenue,MicroAsset,Asia,HighTurnover,LowValue
comp_5175,MicroCap,LowRevenue,LightAsset,Asia,LowTurnover,LowValue
comp_5176,MicroCap,MidRevenue,LightAsset,Other_Regions,HighTurnover,LowValue
comp_5177,MicroCap,LowRevenue,LightAsset,Asia,LowTurnover,LowValue
comp_5178,MicroCap,,MicroAsset,Other_Regions,,FairValue
comp_5179,MicroCap,LowRevenue,MicroAsset,Other_Regions,MidTurnover,LowValue
comp_5180,MicroCap,VeryLowRevenue,MicroAsset,Asia,MidTurnover,HighValue
comp_5181,MicroCap,LowRevenue,MicroAsset,Other_Regions,MidTurnover,LowValue
comp_5182,MicroCap,LowRevenue,MicroAsset,Other_Regions,HighTurnover,LowValue
comp_5183,MicroCap,VeryLowRevenue,MicroAsset,Asia,LowTurnover,LowValue
comp_5184,MicroCap,LowRevenue,MicroAsset,Other_Regions,HighTurnover,LowValue
comp_5185,MicroCap,LowRevenue,MicroAsset,Asia,HighTurnover,LowValue
comp_5186,MicroCap,VeryLowRevenue,MicroAsset,Asia,MidTurnover,FairValue
comp_5187,MicroCap,LowRevenue,MicroAsset,Asia,MidTurnover,LowValue
comp_5188,MicroCap,VeryLowRevenue,MicroAsset,Europe,LowTurnover,HighValue
comp_5189,MicroCap,MidRevenue,MicroAsset,Other_Regions,HighTurnover,LowValue
comp_5190,MicroCap,VeryLowRevenue,MicroAsset,Other_Regions,HighTurnover,HighValue
comp_5191,MicroCap,VeryLowRevenue,MicroAsset,Other_Regions,MidTurnover,FairValue
comp_5192,MicroCap,MidRevenue,LightAsset,Other_Regions,LowTurnover,LowValue
comp_5193,MicroCap,LowRevenue,MicroAsset,Other_Regions,HighTurnover,LowValue
comp_5194,MicroCap,LowRevenue,MicroAsset,Asia,MidTurnover,FairValue
comp_5195,MicroCap,MidRevenue,LightAsset,Asia,HighTurnover,LowValue
comp_5196,MicroCap,VeryLowRevenue,MicroAsset,Other_Regions,MidTurnover,LowValue
comp_5197,MicroCap,MidRevenue,LightAsset,Other_Regions,HighTurnover,LowValue
comp_5198,MicroCap,LowRevenue,LightAsset,Other_Regions,MidTurnover,LowValue
comp_5199,MicroCap,VeryLowRevenue,MicroAsset,Asia,LowTurnover,FairValue
comp_5200,MicroCap,MidRevenue,MicroAsset,Other_Regions,HighTurnover,LowValue
comp_5201,MicroCap,LowRevenue,MicroAsset,Asia,MidTurnover,LowValue
comp_5202,MicroCap,VeryLowRevenue,MicroAsset,Other_Regions,HighTurnover,HighValue
comp_5203,MicroCap,VeryLowRevenue,LightAsset,Other_Regions,LowTurnover,LowValue
comp_5204,MicroCap,VeryLowRevenue,MicroAsset,Other_Regions,LowTurnover,LowValue
comp_5205,MicroCap,LowRevenue,MicroAsset,Other_Regions,HighTurnover,LowValue
comp_5206,MicroCap,LowRevenue,LightAsset,Other_Regions,MidTurnover,LowValue
comp_5207,MicroCap,,MicroAsset,Asia,,LowValue
comp_5208,MicroCap,LowRevenue,LightAsset,Other_Regions,MidTurnover,LowValue
comp_5209,MicroCap,VeryLowRevenue,MicroAsset,Other_Regions,LowTurnover,FairValue
comp_5210,MicroCap,MidRevenue,LightAsset,Other_Regions,HighTurnover,LowValue
comp_5211,MicroCap,LowRevenue,LightAsset,Asia,LowTurnover,LowValue
comp_5212,MicroCap,LowRevenue,MicroAsset,Asia,MidTurnover,LowValue
comp_5213,MicroCap,MidRevenue,MicroAsset,Other_Regions,HighTurnover,LowValue
comp_5214,MicroCap,MidRevenue,MicroAsset,Other_Regions,HighTurnover,LowValue
comp_5215,MicroCap,LowRevenue,MicroAsset,Asia,LowTurnover,LowValue
comp_5216,MicroCap,LowRevenue,MicroAsset,Other_Regions,MidTurnover,LowValue
comp_5217,MicroCap,VeryLowRevenue,MicroAsset,Other_Regions,MidTurnover,LowValue
comp_5218,MicroCap,LowRevenue,MicroAsset,Other_Regions,HighTurnover,LowValue
comp_5219,MicroCap,LowRevenue,LightAsset,Other_Regions,LowTurnover,LowValue
comp_5220,MicroCap,LowRevenue,LightAsset,Other_Regions,MidTurnover,LowValue
comp_5221,MicroCap,LowRevenue,MicroAsset,Other_Regions,HighTurnover,HighValue
comp_5222,MicroCap,LowRevenue,MicroAsset,Other_Regions,MidTurnover,LowValue
comp_5223,MicroCap,LowRevenue,MicroAsset,Other_Regions,MidTurnover,LowValue
comp_5224,MicroCap,LowRevenue,MicroAsset,Other_Regions,HighTurnover,LowValue
comp_5225,MicroCap,MidRevenue,MicroAsset,Other_Regions,HighTurnover,LowValue
comp_5226,MicroCap,VeryLowRevenue,MicroAsset,Other_Regions,MidTurnover,FairValue
comp_5227,MicroCap,LowRevenue,MicroAsset,Asia,HighTurnover,LowValue
comp_5228,MicroCap,VeryLowRevenue,MicroAsset,Other_Regions,HighTurnover,HighValue
comp_5229,MicroCap,LowRevenue,MicroAsset,Other_Regions,MidTurnover,LowValue
comp_5230,MicroCap,,MicroAsset,Asia,,LowValue
comp_5231,MicroCap,LowRevenue,MicroAsset,Other_Regions,MidTurnover,LowValue
comp_5232,MicroCap,LowRevenue,MicroAsset,Asia,HighTurnover,LowValue
comp_5233,MicroCap,LowRevenue,MicroAsset,Other_Regions,MidTurnover,FairValue
comp_5234,MicroCap,MidRevenue,MicroAsset,Other_Regions,HighTurnover,LowValue
comp_5235,MicroCap,MidRevenue,LightAsset,Other_Regions,HighTurnover,LowValue
comp_5236,MicroCap,LowRevenue,LightAsset,Other_Regions,MidTurnover,LowValue
comp_5237,MicroCap,LowRevenue,MicroAsset,Asia,MidTurnover,LowValue
comp_5238,MicroCap,,MicroAsset,Other_Regions,,LowValue
comp_5239,MicroCap,,MicroAsset,Other_Regions,,FairValue
comp_5240,MicroCap,MidRevenue,MicroAsset,Other_Regions,HighTurnover,LowValue
comp_5241,MicroCap,,MicroAsset,Asia,,HighValue
comp_5242,MicroCap,LowRevenue,MicroAsset,Asia,LowTurnover,LowValue
comp_5243,MicroCap,LowRevenue,MicroAsset,Other_Regions,MidTurnover,LowValue
comp_5244,MicroCap,MidRevenue,LightAsset,Other_Regions,HighTurnover,LowValue
comp_5245,MicroCap,VeryLowRevenue,MicroAsset,Asia,LowTurnover,LowValue
comp_5246,MicroCap,MidRevenue,MicroAsset,Other_Regions,HighTurnover,LowValue
comp_5247,MicroCap,LowRevenue,MicroAsset,Other_Regions,MidTurnover,LowValue
comp_5248,MicroCap,,MicroAsset,Other_Regions,,LowValue
comp_5249,MicroCap,VeryLowRevenue,MicroAsset,Asia,MidTurnover,FairValue
comp_5250,MicroCap,VeryLowRevenue,MicroAsset,Other_Regions,MidTurnover,FairValue
comp_5251,MicroCap,LowRevenue,LightAsset,Other_Regions,LowTurnover,LowValue
comp_5252,MicroCap,VeryLowRevenue,MicroAsset,Other_Regions,MidTurnover,LowValue
comp_5253,MicroCap,LowRevenue,MicroAsset,Other_Regions,HighTurnover,LowValue
comp_5254,MicroCap,VeryLowRevenue,MicroAsset,Other_Regions,LowTurnover,FairValue
comp_5255,MicroCap,LowRevenue,LightAsset,Asia,LowTurnover,LowValue
comp_5256,MicroCap,LowRevenue,MicroAsset,Other_Regions,MidTurnover,LowValue
comp_5257,MicroCap,LowRevenue,MicroAsset,Other_Regions,HighTurnover,LowValue
comp_5258,MicroCap,LowRevenue,,Other_Regions,,
comp_5259,MicroCap,LowRevenue,MicroAsset,Asia,HighTurnover,LowValue
comp_5260,MicroCap,LowRevenue,MicroAsset,Other_Regions,HighTurnover,FairValue
comp_5261,MicroCap,LowRevenue,LightAsset,Other_Regions,MidTurnover,LowValue
comp_5262,MicroCap,LowRevenue,LightAsset,Other_Regions,MidTurnover,LowValue
comp_5263,MicroCap,,,Other_Regions,,
comp_5264,MicroCap,LowRevenue,MicroAsset,Asia,MidTurnover,LowValue
comp_5265,MicroCap,LowRevenue,MicroAsset,Other_Regions,MidTurnover,LowValue
comp_5266,MicroCap,VeryLowRevenue,MicroAsset,Other_Regions,MidTurnover,LowValue
comp_5267,MicroCap,LowRevenue,MicroAsset,Other_Regions,MidTurnover,LowValue
comp_5268,MicroCap,LowRevenue,MicroAsset,Other_Regions,HighTurnover,LowValue
comp_5269,MicroCap,LowRevenue,MicroAsset,Other_Regions,HighTurnover,LowValue
comp_5270,MicroCap,,MicroAsset,Other_Regions,,HighValue
comp_5271,MicroCap,VeryLowRevenue,MicroAsset,Asia,LowTurnover,LowValue
comp_5272,MicroCap,VeryLowRevenue,MicroAsset,Asia,LowTurnover,FairValue
comp_5273,MicroCap,LowRevenue,MicroAsset,Other_Regions,HighTurnover,LowValue
comp_5274,MicroCap,,MicroAsset,Other_Regions,,LowValue
comp_5275,MicroCap,LowRevenue,MicroAsset,Other_Regions,MidTurnover,LowValue
comp_5276,MicroCap,LowRevenue,LightAsset,Other_Regions,LowTurnover,LowValue
comp_5277,MicroCap,LowRevenue,MicroAsset,Asia,LowTurnover,LowValue
comp_5278,MicroCap,MidRevenue,LightAsset,Asia,HighTurnover,LowValue
comp_5279,MicroCap,,MicroAsset,Asia,,HighValue
comp_5280,MicroCap,MidRevenue,LightAsset,Other_Regions,HighTurnover,LowValue
comp_5281,MicroCap,VeryLowRevenue,MicroAsset,Other_Regions,LowTurnover,LowValue
comp_5282,MicroCap,VeryLowRevenue,MicroAsset,Other_Regions,HighTurnover,HighValue
comp_5283,MicroCap,VeryLowRevenue,MicroAsset,Other_Regions,LowTurnover,LowValue
comp_5284,MicroCap,LowRevenue,MicroAsset,Other_Regions,HighTurnover,LowValue
comp_5285,MicroCap,LowRevenue,MicroAsset,Other_Regions,MidTurnover,LowValue
comp_5286,MicroCap,LowRevenue,MicroAsset,Other_Regions,MidTurnover,LowValue
comp_5287,MicroCap,,MicroAsset,Asia,,FairValue
comp_5288,MicroCap,LowRevenue,MicroAsset,Other_Regions,MidTurnover,LowValue
comp_5289,MicroCap,LowRevenue,MicroAsset,Other_Regions,HighTurnover,LowValue
comp_5290,MicroCap,LowRevenue,MicroAsset,Other_Regions,MidTurnover,LowValue
comp_5291,MicroCap,LowRevenue,MicroAsset,Other_Regions,HighTurnover,LowValue
comp_5292,MicroCap,LowRevenue,MicroAsset,Asia,HighTurnover,FairValue
comp_5293,MicroCap,LowRevenue,MicroAsset,Other_Regions,MidTurnover,LowValue
comp_5294,MicroCap,VeryLowRevenue,MicroAsset,Other_Regions,MidTurnover,LowValue
comp_5295,MicroCap,VeryLowRevenue,MicroAsset,Asia,LowTurnover,LowValue
comp_5296,MicroCap,LowRevenue,MicroAsset,Other_Regions,MidTurnover,LowValue
comp_5297,MicroCap,LowRevenue,LightAsset,Other_Regions,LowTurnover,LowValue
comp_5298,MicroCap,VeryLowRevenue,MicroAsset,Asia,LowTurnover,HighValue
comp_5299,MicroCap,,,Other_Regions,,
comp_5300,MicroCap,LowRevenue,MicroAsset,Other_Regions,HighTurnover,FairValue
comp_5301,MicroCap,MidRevenue,MicroAsset,Other_Regions,HighTurnover,LowValue
comp_5302,MicroCap,LowRevenue,MicroAsset,Other_Regions,HighTurnover,LowValue
comp_5303,MicroCap,MidRevenue,LightAsset,Other_Regions,HighTurnover,LowValue
comp_5304,MicroCap,VeryLowRevenue,MicroAsset,Other_Regions,MidTurnover,LowValue
comp_5305,MicroCap,VeryLowRevenue,MicroAsset,Other_Regions,LowTurnover,LowValue
comp_5306,MicroCap,LowRevenue,MicroAsset,Other_Regions,MidTurnover,LowValue
comp_5307,MicroCap,LowRevenue,MicroAsset,Other_Regions,MidTurnover,LowValue
comp_5308,MicroCap,MidRevenue,MidAsset,Europe,MidTurnover,LowValue
comp_5309,MicroCap,VeryLowRevenue,MicroAsset,Other_Regions,HighTurnover,HighValue
comp_5310,MicroCap,VeryLowRevenue,MicroAsset,Asia,LowTurnover,LowValue
comp_5311,MicroCap,LowRevenue,MicroAsset,Other_Regions,HighTurnover,LowValue
comp_5312,MicroCap,LowRevenue,MicroAsset,Other_Regions,HighTurnover,LowValue
comp_5313,MicroCap,VeryLowRevenue,MicroAsset,Other_Regions,HighTurnover,FairValue
comp_5314,MicroCap,VeryLowRevenue,MicroAsset,Other_Regions,LowTurnover,LowValue
comp_5315,MicroCap,LowRevenue,MicroAsset,Other_Regions,MidTurnover,LowValue
comp_5316,MicroCap,VeryLowRevenue,MicroAsset,Other_Regions,HighTurnover,FairValue
comp_5317,MicroCap,VeryLowRevenue,MicroAsset,Asia,LowTurnover,HighValue
comp_5318,MicroCap,VeryLowRevenue,MicroAsset,Other_Regions,LowTurnover,LowValue
comp_5319,MicroCap,VeryLowRevenue,MicroAsset,Europe,LowTurnover,HighValue
comp_5320,MicroCap,LowRevenue,MicroAsset,Other_Regions,HighTurnover,LowValue
comp_5321,MicroCap,VeryLowRevenue,MicroAsset,Asia,LowTurnover,HighValue
comp_5322,MicroCap,,MicroAsset,Other_Regions,,LowValue
comp_5323,MicroCap,,,Other_Regions,,
comp_5324,MicroCap,VeryLowRevenue,MicroAsset,Other_Regions,MidTurnover,HighValue
comp_5325,MicroCap,LowRevenue,MicroAsset,Other_Regions,HighTurnover,LowValue
comp_5326,MicroCap,LowRevenue,MicroAsset,Other_Regions,LowTurnover,LowValue
comp_5327,MicroCap,VeryLowRevenue,MicroAsset,Other_Regions,LowTurnover,LowValue
comp_5328,MicroCap,VeryLowRevenue,MicroAsset,Other_Regions,LowTurnover,FairValue
comp_5329,MicroCap,,MicroAsset,Other_Regions,,LowValue
comp_5330,MicroCap,LowRevenue,LightAsset,Other_Regions,LowTurnover,LowValue
comp_5331,MicroCap,,,Other_Regions,,
comp_5332,MicroCap,LowRevenue,MicroAsset,Other_Regions,HighTurnover,LowValue
comp_5333,MicroCap,LowRevenue,MicroAsset,Other_Regions,HighTurnover,LowValue
comp_5334,MicroCap,VeryLowRevenue,MicroAsset,Other_Regions,LowTurnover,LowValue
comp_5335,MicroCap,VeryLowRevenue,MicroAsset,Other_Regions,MidTurnover,LowValue
comp_5336,MicroCap,VeryLowRevenue,MicroAsset,Other_Regions,LowTurnover,LowValue
comp_5337,MicroCap,LowRevenue,MicroAsset,Other_Regions,MidTurnover,LowValue
comp_5338,MicroCap,,MicroAsset,Europe,,FairValue
comp_5339,MicroCap,LowRevenue,MicroAsset,Other_Regions,HighTurnover,LowValue
comp_5340,MicroCap,,,Other_Regions,,
comp_5341,MicroCap,MidRevenue,MicroAsset,Other_Regions,HighTurnover,LowValue
comp_5342,MicroCap,LowRevenue,MicroAsset,Other_Regions,HighTurnover,LowValue
comp_5343,MicroCap,LowRevenue,MicroAsset,Other_Regions,HighTurnover,LowValue
comp_5344,MicroCap,VeryLowRevenue,MicroAsset,Other_Regions,MidTurnover,LowValue
comp_5345,MicroCap,LowRevenue,MicroAsset,Other_Regions,HighTurnover,LowValue
comp_5346,MicroCap,LowRevenue,MicroAsset,Other_Regions,HighTurnover,LowValue
comp_5347,MicroCap,,,Other_Regions,,
comp_5348,MicroCap,LowRevenue,MicroAsset,Other_Regions,HighTurnover,LowValue
comp_5349,MicroCap,,,Other_Regions,,
comp_5350,MicroCap,VeryLowRevenue,MicroAsset,Other_Regions,HighTurnover,FairValue
comp_5351,MicroCap,LowRevenue,MicroAsset,Other_Regions,MidTurnover,LowValue
comp_5352,MicroCap,LowRevenue,MicroAsset,Other_Regions,HighTurnover,LowValue
comp_5353,MicroCap,VeryLowRevenue,MicroAsset,Other_Regions,LowTurnover,LowValue
comp_5354,MicroCap,LowRevenue,MicroAsset,Asia,HighTurnover,LowValue
comp_5355,MicroCap,MidRevenue,LightAsset,Other_Regions,MidTurnover,LowValue
comp_5356,MicroCap,,MicroAsset,Other_Regions,,LowValue
comp_5357,MicroCap,VeryLowRevenue,MicroAsset,Other_Regions,LowTurnover,LowValue
comp_5358,MicroCap,VeryLowRevenue,MicroAsset,Other_Regions,MidTurnover,LowValue
comp_5359,MicroCap,MidRevenue,LightAsset,Other_Regions,MidTurnover,LowValue
comp_5360,MicroCap,MidRevenue,MicroAsset,Other_Regions,HighTurnover,LowValue
comp_5361,MicroCap,,,Other_Regions,,
comp_5362,MicroCap,,MicroAsset,Other_Regions,,FairValue
comp_5363,MicroCap,,MicroAsset,Other_Regions,,FairValue
comp_5364,MicroCap,VeryLowRevenue,MicroAsset,Other_Regions,LowTurnover,LowValue
comp_5365,MicroCap,LowRevenue,MicroAsset,Other_Regions,HighTurnover,LowValue
comp_5366,MicroCap,LowRevenue,LightAsset,Other_Regions,MidTurnover,LowValue
comp_5367,MicroCap,MidRevenue,MicroAsset,Other_Regions,HighTurnover,LowValue
comp_5368,MicroCap,VeryLowRevenue,MicroAsset,Other_Regions,HighTurnover,LowValue
comp_5369,MicroCap,LowRevenue,MicroAsset,Asia,HighTurnover,LowValue
comp_5370,MicroCap,LowRevenue,MicroAsset,Other_Regions,HighTurnover,LowValue
comp_5371,MicroCap,VeryLowRevenue,MicroAsset,Europe,LowTurnover,LowValue
comp_5372,MicroCap,VeryLowRevenue,MicroAsset,Other_Regions,MidTurnover,LowValue
comp_5373,MicroCap,,,Other_Regions,,
comp_5374,MicroCap,LowRevenue,MicroAsset,Other_Regions,HighTurnover,LowValue
comp_5375,MicroCap,,MicroAsset,Other_Regions,,LowValue
comp_5376,MicroCap,,,Other_Regions,,
comp_5377,MicroCap,LowRevenue,MicroAsset,Other_Regions,HighTurnover,LowValue
comp_5378,MicroCap,VeryLowRevenue,MicroAsset,Other_Regions,MidTurnover,LowValue
comp_5379,MicroCap,LowRevenue,MicroAsset,Other_Regions,LowTurnover,LowValue
comp_5380,MicroCap,VeryLowRevenue,MicroAsset,Other_Regions,LowTurnover,FairValue
comp_5381,MicroCap,VeryLowRevenue,MicroAsset,Other_Regions,LowTurnover,LowValue
comp_5382,MicroCap,LowRevenue,MicroAsset,Other_Regions,LowTurnover,LowValue
comp_5383,MicroCap,VeryLowRevenue,MicroAsset,Other_Regions,LowTurnover,LowValue
comp_5384,MicroCap,LowRevenue,MicroAsset,Other_Regions,HighTurnover,LowValue
comp_5385,MicroCap,,MicroAsset,Other_Regions,,HighValue
comp_5386,MicroCap,VeryLowRevenue,MicroAsset,Other_Regions,HighTurnover,HighValue
comp_5387,MicroCap,VeryLowRevenue,MicroAsset,Other_Regions,LowTurnover,HighValue
comp_5388,MicroCap,LowRevenue,MicroAsset,Other_Regions,HighTurnover,LowValue
comp_5389,MicroCap,LowRevenue,MicroAsset,Other_Regions,HighTurnover,LowValue
comp_5390,MicroCap,VeryLowRevenue,LightAsset,Other_Regions,LowTurnover,LowValue
comp_5391,MicroCap,VeryLowRevenue,MicroAsset,Other_Regions,MidTurnover,LowValue
comp_5392,MicroCap,,,South_America,,
comp_5393,MicroCap,VeryLowRevenue,MicroAsset,Other_Regions,HighTurnover,LowValue
comp_5394,MicroCap,,,Other_Regions,,
comp_5395,MicroCap,VeryLowRevenue,MicroAsset,Other_Regions,MidTurnover,LowValue
comp_5396,MicroCap,VeryLowRevenue,MicroAsset,Other_Regions,MidTurnover,LowValue
comp_5397,MicroCap,LowRevenue,MicroAsset,Other_Regions,HighTurnover,LowValue
comp_5398,MicroCap,VeryLowRevenue,MicroAsset,Other_Regions,LowTurnover,FairValue
comp_5399,MicroCap,VeryLowRevenue,MicroAsset,Other_Regions,MidTurnover,FairValue
comp_5400,MicroCap,VeryLowRevenue,MicroAsset,Other_Regions,MidTurnover,LowValue
comp_5401,MicroCap,LowRevenue,LightAsset,Other_Regions,LowTurnover,LowValue
comp_5402,MicroCap,VeryLowRevenue,MicroAsset,Other_Regions,MidTurnover,LowValue
comp_5403,MicroCap,VeryLowRevenue,MicroAsset,Other_Regions,LowTurnover,LowValue
comp_5404,MicroCap,LowRevenue,MicroAsset,Other_Regions,HighTurnover,LowValue
comp_5405,MicroCap,VeryLowRevenue,MicroAsset,Other_Regions,LowTurnover,HighValue
comp_5406,MicroCap,VeryLowRevenue,MicroAsset,Other_Regions,HighTurnover,FairValue
comp_5407,MicroCap,,,Other_Regions,,
comp_5408,MicroCap,LowRevenue,MicroAsset,Other_Regions,LowTurnover,LowValue
comp_5409,MicroCap,LowRevenue,MicroAsset,Other_Regions,HighTurnover,LowValue
comp_5410,MicroCap,LowRevenue,MicroAsset,Other_Regions,HighTurnover,LowValue
comp_5411,MicroCap,LowRevenue,,Other_Regions,,
comp_5412,MicroCap,VeryLowRevenue,MicroAsset,Other_Regions,HighTurnover,LowValue
comp_5413,MicroCap,VeryLowRevenue,MicroAsset,Other_Regions,MidTurnover,FairValue
comp_5414,MicroCap,LowRevenue,MicroAsset,Other_Regions,MidTurnover,LowValue
comp_5415,MicroCap,LowRevenue,MicroAsset,Other_Regions,HighTurnover,LowValue
comp_5416,MicroCap,,MicroAsset,Other_Regions,,LowValue
comp_5417,MicroCap,LowRevenue,MicroAsset,Other_Regions,HighTurnover,LowValue
comp_5418,MicroCap,LowRevenue,MicroAsset,Other_Regions,HighTurnover,LowValue
comp_5419,MicroCap,VeryLowRevenue,MicroAsset,Other_Regions,MidTurnover,LowValue
comp_5420,MicroCap,LowRevenue,MicroAsset,Other_Regions,LowTurnover,LowValue
comp_5421,MicroCap,,MicroAsset,Other_Regions,,HighValue
comp_5422,MicroCap,VeryLowRevenue,MicroAsset,Other_Regions,MidTurnover,LowValue
comp_5423,MicroCap,VeryLowRevenue,MicroAsset,Other_Regions,LowTurnover,FairValue
comp_5424,MicroCap,,,Other_Regions,,
comp_5425,MicroCap,VeryLowRevenue,MicroAsset,Other_Regions,HighTurnover,LowValue
comp_5426,MicroCap,VeryLowRevenue,MicroAsset,Other_Regions,MidTurnover,LowValue
comp_5427,MicroCap,VeryLowRevenue,MicroAsset,Other_Regions,MidTurnover,LowValue
comp_5428,MicroCap,LowRevenue,MicroAsset,Other_Regions,HighTurnover,LowValue
comp_5429,MicroCap,LowRevenue,MicroAsset,Other_Regions,HighTurnover,LowValue
comp_5430,MicroCap,LowRevenue,MicroAsset,Other_Regions,HighTurnover,LowValue
comp_5431,MicroCap,LowRevenue,MicroAsset,Other_Regions,HighTurnover,LowValue
comp_5432,MicroCap,VeryLowRevenue,MicroAsset,Asia,LowTurnover,FairValue
comp_5433,MicroCap,,,Asia,,
comp_5434,MicroCap,VeryLowRevenue,MicroAsset,Other_Regions,HighTurnover,LowValue
comp_5435,MicroCap,VeryLowRevenue,MicroAsset,Other_Regions,MidTurnover,FairValue
comp_5436,MicroCap,VeryLowRevenue,MicroAsset,Europe,LowTurnover,HighValue
comp_5437,MicroCap,VeryLowRevenue,MicroAsset,Other_Regions,LowTurnover,LowValue
comp_5438,MicroCap,,,Other_Regions,,
comp_5439,MicroCap,VeryLowRevenue,MicroAsset,Other_Regions,HighTurnover,LowValue
comp_5440,MicroCap,VeryLowRevenue,MicroAsset,Other_Regions,MidTurnover,LowValue
comp_5441,MicroCap,VeryLowRevenue,MicroAsset,Other_Regions,LowTurnover,LowValue
comp_5442,MicroCap,,,Other_Regions,,
comp_5443,MicroCap,LowRevenue,MicroAsset,Other_Regions,HighTurnover,LowValue
comp_5444,MicroCap,LowRevenue,MicroAsset,Other_Regions,HighTurnover,LowValue
comp_5445,MicroCap,VeryLowRevenue,MicroAsset,Other_Regions,LowTurnover,LowValue
comp_5446,MicroCap,VeryLowRevenue,MicroAsset,Other_Regions,LowTurnover,LowValue
comp_5447,MicroCap,,MicroAsset,Other_Regions,,FairValue
comp_5448,MicroCap,VeryLowRevenue,MicroAsset,Other_Regions,LowTurnover,LowValue
comp_5449,MicroCap,LowRevenue,MicroAsset,Other_Regions,HighTurnover,LowValue
comp_5450,MicroCap,LowRevenue,MicroAsset,Other_Regions,HighTurnover,LowValue
comp_5451,MicroCap,VeryLowRevenue,MicroAsset,Other_Regions,LowTurnover,LowValue
comp_5452,MicroCap,LowRevenue,MicroAsset,Other_Regions,HighTurnover,LowValue
comp_5453,MicroCap,,,Other_Regions,,
comp_5454,MicroCap,VeryLowRevenue,MicroAsset,Other_Regions,LowTurnover,LowValue
comp_5455,MicroCap,VeryLowRevenue,MicroAsset,Other_Regions,MidTurnover,LowValue
comp_5456,MicroCap,,,Other_Regions,,
comp_5457,MicroCap,LowRevenue,MicroAsset,Other_Regions,HighTurnover,LowValue
comp_5458,MicroCap,VeryLowRevenue,MicroAsset,Other_Regions,LowTurnover,LowValue
comp_5459,MicroCap,VeryLowRevenue,MicroAsset,Other_Regions,LowTurnover,LowValue
comp_5460,MicroCap,,MicroAsset,Other_Regions,,LowValue
comp_5461,MicroCap,VeryLowRevenue,MicroAsset,Other_Regions,LowTurnover,LowValue
comp_5462,MicroCap,VeryLowRevenue,MicroAsset,Other_Regions,LowTurnover,LowValue
comp_5463,MicroCap,VeryLowRevenue,MicroAsset,Other_Regions,MidTurnover,LowValue
comp_5464,MicroCap,VeryLowRevenue,MicroAsset,Other_Regions,LowTurnover,LowValue
comp_5465,MicroCap,,MicroAsset,Other_Regions,,FairValue
comp_5466,MicroCap,VeryLowRevenue,MicroAsset,Other_Regions,LowTurnover,LowValue
comp_5467,MicroCap,VeryLowRevenue,MicroAsset,Other_Regions,MidTurnover,LowValue
comp_5468,MicroCap,HighRevenue,LargeAsset,Other_Regions,HighTurnover,LowValue
comp_5469,MicroCap,,,Other_Regions,,
comp_5470,MicroCap,,,Other_Regions,,
comp_5471,MicroCap,VeryLowRevenue,MicroAsset,Other_Regions,LowTurnover,LowValue
comp_5472,MicroCap,VeryLowRevenue,MicroAsset,Other_Regions,MidTurnover,LowValue
comp_5473,MicroCap,LowRevenue,MicroAsset,Other_Regions,MidTurnover,LowValue
comp_5474,MicroCap,VeryLowRevenue,MicroAsset,Other_Regions,LowTurnover,FairValue
comp_5475,MicroCap,LowRevenue,MicroAsset,Other_Regions,HighTurnover,LowValue
comp_5476,MicroCap,VeryLowRevenue,MicroAsset,Other_Regions,HighTurnover,LowValue
comp_5477,MicroCap,,,Europe,,
comp_5478,MicroCap,LowRevenue,MicroAsset,Other_Regions,MidTurnover,LowValue
comp_5479,MicroCap,VeryLowRevenue,MicroAsset,Other_Regions,LowTurnover,LowValue
comp_5480,MicroCap,LowRevenue,MicroAsset,Other_Regions,LowTurnover,LowValue
comp_5481,MicroCap,VeryLowRevenue,MicroAsset,Other_Regions,HighTurnover,LowValue
comp_5482,MicroCap,VeryLowRevenue,MicroAsset,Other_Regions,LowTurnover,LowValue
comp_5483,MicroCap,VeryLowRevenue,MicroAsset,Other_Regions,LowTurnover,LowValue
comp_5484,MicroCap,VeryLowRevenue,MicroAsset,Other_Regions,HighTurnover,LowValue
comp_5485,MicroCap,VeryLowRevenue,MicroAsset,Other_Regions,HighTurnover,HighValue
comp_5486,MicroCap,VeryLowRevenue,MicroAsset,Other_Regions,HighTurnover,LowValue
comp_5487,MicroCap,VeryLowRevenue,MicroAsset,Other_Regions,HighTurnover,LowValue
comp_5488,MicroCap,,,Other_Regions,,
comp_5489,MicroCap,VeryLowRevenue,MicroAsset,Other_Regions,LowTurnover,LowValue
comp_5490,MicroCap,,,Other_Regions,,
comp_5491,MicroCap,VeryLowRevenue,MicroAsset,Europe,LowTurnover,FairValue
comp_5492,MicroCap,LowRevenue,MicroAsset,Other_Regions,HighTurnover,LowValue
comp_5493,MicroCap,VeryLowRevenue,MicroAsset,Other_Regions,LowTurnover,LowValue
comp_5494,MicroCap,VeryLowRevenue,MicroAsset,Other_Regions,LowTurnover,LowValue
comp_5495,MicroCap,VeryLowRevenue,MicroAsset,Other_Regions,MidTurnover,LowValue
comp_5496,MicroCap,VeryLowRevenue,MicroAsset,Other_Regions,LowTurnover,LowValue
comp_5497,MicroCap,LowRevenue,MicroAsset,Other_Regions,MidTurnover,LowValue
comp_5498,MicroCap,VeryLowRevenue,MicroAsset,Other_Regions,LowTurnover,LowValue
comp_5499,MicroCap,VeryLowRevenue,MicroAsset,Other_Regions,HighTurnover,LowValue
comp_5500,MicroCap,LowRevenue,MicroAsset,Other_Regions,HighTurnover,LowValue
comp_5501,MicroCap,VeryLowRevenue,MicroAsset,Europe,LowTurnover,LowValue
comp_5502,MicroCap,VeryLowRevenue,MicroAsset,Other_Regions,HighTurnover,LowValue
comp_5503,MicroCap,,,Other_Regions,,
comp_5504,MicroCap,VeryLowRevenue,MicroAsset,Other_Regions,HighTurnover,LowValue
comp_5505,MicroCap,,LightAsset,Other_Regions,,LowValue
comp_5506,MicroCap,LowRevenue,MicroAsset,Other_Regions,MidTurnover,LowValue
comp_5507,MicroCap,VeryLowRevenue,MicroAsset,Other_Regions,HighTurnover,LowValue
comp_5508,MicroCap,VeryLowRevenue,MicroAsset,Other_Regions,HighTurnover,LowValue
comp_5509,MicroCap,VeryLowRevenue,MicroAsset,Other_Regions,LowTurnover,LowValue
comp_5510,MicroCap,VeryLowRevenue,MicroAsset,Other_Regions,HighTurnover,LowValue
comp_5511,MicroCap,VeryLowRevenue,MicroAsset,Other_Regions,HighTurnover,LowValue
comp_5512,MicroCap,VeryLowRevenue,MicroAsset,Other_Regions,MidTurnover,LowValue
comp_5513,MicroCap,VeryLowRevenue,MicroAsset,Other_Regions,LowTurnover,LowValue
comp_5514,MicroCap,VeryLowRevenue,MicroAsset,Other_Regions,LowTurnover,LowValue
comp_5515,MicroCap,,MicroAsset,Other_Regions,,LowValue
comp_5516,MicroCap,VeryLowRevenue,MicroAsset,Other_Regions,LowTurnover,LowValue
comp_5517,MicroCap,LowRevenue,MicroAsset,Other_Regions,HighTurnover,LowValue
comp_5518,MicroCap,VeryLowRevenue,MicroAsset,Other_Regions,MidTurnover,LowValue
comp_5519,MicroCap,VeryLowRevenue,MicroAsset,Other_Regions,LowTurnover,LowValue
comp_5520,MicroCap,MidRevenue,LightAsset,Other_Regions,HighTurnover,LowValue
comp_5521,MicroCap,VeryLowRevenue,MicroAsset,Other_Regions,LowTurnover,HighValue
comp_5522,MicroCap,VeryLowRevenue,MicroAsset,Other_Regions,LowTurnover,LowValue
comp_5523,MicroCap,VeryLowRevenue,MicroAsset,Other_Regions,HighTurnover,LowValue
comp_5524,MicroCap,VeryLowRevenue,MicroAsset,Other_Regions,LowTurnover,LowValue
comp_5525,MicroCap,,,Other_Regions,,
comp_5526,MicroCap,VeryLowRevenue,MicroAsset,Other_Regions,LowTurnover,LowValue
comp_5527,MicroCap,VeryLowRevenue,MicroAsset,Other_Regions,LowTurnover,LowValue
comp_5528,MicroCap,VeryLowRevenue,MicroAsset,Other_Regions,LowTurnover,LowValue
comp_5529,MicroCap,VeryLowRevenue,MicroAsset,Other_Regions,MidTurnover,LowValue
comp_5530,MicroCap,VeryLowRevenue,MicroAsset,Other_Regions,LowTurnover,LowValue
comp_5531,MicroCap,VeryLowRevenue,MicroAsset,Other_Regions,LowTurnover,FairValue
comp_5532,MicroCap,VeryLowRevenue,MicroAsset,Other_Regions,LowTurnover,LowValue
comp_5533,MicroCap,LowRevenue,MicroAsset,Other_Regions,MidTurnover,LowValue
comp_5534,MicroCap,VeryLowRevenue,MicroAsset,Other_Regions,LowTurnover,LowValue
comp_5535,MicroCap,VeryLowRevenue,MicroAsset,Other_Regions,HighTurnover,LowValue
comp_5536,MicroCap,VeryLowRevenue,MicroAsset,Other_Regions,LowTurnover,LowValue
comp_5537,MicroCap,VeryLowRevenue,MicroAsset,Other_Regions,LowTurnover,LowValue
comp_5538,MicroCap,VeryLowRevenue,MicroAsset,Other_Regions,LowTurnover,LowValue
comp_5539,MicroCap,MidRevenue,MicroAsset,Other_Regions,HighTurnover,LowValue
comp_5540,MicroCap,VeryLowRevenue,MicroAsset,Other_Regions,LowTurnover,LowValue
comp_5541,MicroCap,,,Other_Regions,,
comp_5542,MicroCap,,,Other_Regions,,
comp_5543,MicroCap,VeryLowRevenue,MicroAsset,Europe,HighTurnover,LowValue
comp_5544,MicroCap,VeryLowRevenue,MicroAsset,Other_Regions,LowTurnover,LowValue
comp_5545,MicroCap,VeryLowRevenue,MicroAsset,Other_Regions,LowTurnover,LowValue
comp_5546,MicroCap,LowRevenue,MicroAsset,Other_Regions,HighTurnover,LowValue
comp_5547,MicroCap,,,Other_Regions,,
comp_5548,MicroCap,VeryLowRevenue,MicroAsset,Other_Regions,HighTurnover,LowValue
comp_5549,MicroCap,,,Other_Regions,,
comp_5550,MicroCap,VeryLowRevenue,MicroAsset,Other_Regions,MidTurnover,LowValue
comp_5551,MicroCap,,,Other_Regions,,
comp_5552,MicroCap,,MicroAsset,Other_Regions,,LowValue
comp_5553,MicroCap,LowRevenue,MicroAsset,Other_Regions,HighTurnover,LowValue
comp_5554,MicroCap,VeryLowRevenue,MicroAsset,Other_Regions,LowTurnover,LowValue
comp_5555,MicroCap,VeryLowRevenue,MicroAsset,Other_Regions,LowTurnover,LowValue
comp_5556,MicroCap,,MicroAsset,Other_Regions,,LowValue
comp_5557,MicroCap,VeryLowRevenue,MicroAsset,Other_Regions,LowTurnover,LowValue
comp_5558,MicroCap,VeryLowRevenue,MicroAsset,Other_Regions,LowTurnover,LowValue
comp_5559,MicroCap,,MicroAsset,Other_Regions,,HighValue
comp_5560,MicroCap,VeryLowRevenue,MicroAsset,Other_Regions,LowTurnover,LowValue
comp_5561,MicroCap,VeryLowRevenue,MicroAsset,Other_Regions,LowTurnover,LowValue
comp_5562,MicroCap,VeryLowRevenue,MicroAsset,Other_Regions,LowTurnover,FairValue
comp_5563,MicroCap,LowRevenue,MicroAsset,Other_Regions,HighTurnover,LowValue
comp_5564,MicroCap,,,Other_Regions,,
comp_5565,MicroCap,VeryLowRevenue,MicroAsset,Other_Regions,LowTurnover,LowValue
comp_5566,MicroCap,,,Other_Regions,,
comp_5567,MicroCap,VeryLowRevenue,MicroAsset,Europe,LowTurnover,LowValue
comp_5568,MicroCap,,,Other_Regions,,
comp_5569,MicroCap,,,Other_Regions,,
comp_5570,MicroCap,LowRevenue,MicroAsset,Other_Regions,MidTurnover,LowValue
comp_5571,MicroCap,VeryLowRevenue,MicroAsset,Other_Regions,LowTurnover,LowValue
comp_5572,MicroCap,,,Other_Regions,,
comp_5573,MicroCap,,MicroAsset,Other_Regions,,LowValue
comp_5574,MicroCap,,,Other_Regions,,
comp_5575,MicroCap,,,Other_Regions,,
comp_5576,MicroCap,,,Other_Regions,,
comp_5577,MicroCap,VeryLowRevenue,MicroAsset,Other_Regions,LowTurnover,LowValue
comp_5578,MicroCap,,,Other_Regions,,
comp_5579,MicroCap,,MicroAsset,Other_Regions,,HighValue
comp_5580,MicroCap,,MicroAsset,Other_Regions,,LowValue
comp_5581,MicroCap,,,Other_Regions,,
comp_5582,MicroCap,,MicroAsset,South_America,,LowValue
comp_5583,MicroCap,,,Other_Regions,,
comp_5584,MicroCap,,MicroAsset,South_America,,LowValue
comp_5585,MicroCap,,,Other_Regions,,
comp_5586,MicroCap,,,South_America,,
comp_5587,MicroCap,,,Other_Regions,,
comp_5588,MicroCap,VeryLowRevenue,MicroAsset,Other_Regions,LowTurnover,LowValue
comp_5589,MicroCap,,,Other_Regions,,
comp_5590,MicroCap,VeryLowRevenue,MicroAsset,Other_Regions,LowTurnover,LowValue
comp_5591,MicroCap,,,Other_Regions,,
comp_5592,MicroCap,,,Other_Regions,,
comp_5593,,VeryLowRevenue,HeavyAsset,Australia,LowTurnover,
comp_5594,,UpperRevenue,LargeAsset,Australia,LowTurnover,
comp_5595,,UpperRevenue,LargeAsset,Australia,LowTurnover,
comp_5596,,HighRevenue,LargeAsset,Australia,HighTurnover,
comp_5597,,UpperRevenue,MidAsset,Australia,MidTurnover,
comp_5598,,UpperRevenue,MidAsset,Australia,MidTurnover,
comp_5599,,UpperRevenue,MidAsset,Australia,LowTurnover,
comp_5600,,UpperRevenue,MidAsset,Australia,HighTurnover,
comp_5601,,UpperRevenue,MidAsset,Australia,MidTurnover,
comp_5602,,MidRevenue,MidAsset,Australia,MidTurnover,
comp_5603,,VeryLowRevenue,MidAsset,Australia,LowTurnover,
comp_5604,,UpperRevenue,MidAsset,Australia,MidTurnover,
comp_5605,,UpperRevenue,MidAsset,Australia,HighTurnover,
comp_5606,,UpperRevenue,MidAsset,Australia,HighTurnover,
comp_5607,,MidRevenue,MidAsset,Australia,MidTurnover,
comp_5608,,UpperRevenue,MidAsset,Australia,HighTurnover,
comp_5609,,MidRevenue,MidAsset,Australia,MidTurnover,
comp_5610,,MidRevenue,MidAsset,Australia,MidTurnover,
comp_5611,,MidRevenue,MidAsset,Australia,MidTurnover,
comp_5612,,MidRevenue,MidAsset,Australia,LowTurnover,
comp_5613,,VeryLowRevenue,MidAsset,Australia,LowTurnover,
comp_5614,,MidRevenue,MidAsset,Australia,MidTurnover,
comp_5615,,UpperRevenue,MidAsset,Australia,HighTurnover,
comp_5616,,MidRevenue,MidAsset,Australia,MidTurnover,
comp_5617,,UpperRevenue,MidAsset,Australia,HighTurnover,
comp_5618,,,MidAsset,Australia,,
comp_5619,,MidRevenue,LightAsset,Australia,LowTurnover,
comp_5620,,UpperRevenue,LightAsset,Australia,HighTurnover,
comp_5621,,MidRevenue,LightAsset,Australia,MidTurnover,
comp_5622,,,LightAsset,Australia,,
comp_5623,,MidRevenue,LightAsset,Australia,LowTurnover,
comp_5624,,MidRevenue,LightAsset,Australia,MidTurnover,
comp_5625,,MidRevenue,LightAsset,Australia,MidTurnover,
comp_5626,,MidRevenue,LightAsset,Australia,MidTurnover,
comp_5627,,MidRevenue,LightAsset,Australia,MidTurnover,
comp_5628,,LowRevenue,LightAsset,Australia,LowTurnover,
comp_5629,,MidRevenue,LightAsset,Australia,MidTurnover,
comp_5630,,MidRevenue,LightAsset,Australia,HighTurnover,
comp_5631,,MidRevenue,LightAsset,Australia,MidTurnover,
comp_5632,,MidRevenue,LightAsset,Australia,MidTurnover,
comp_5633,,MidRevenue,LightAsset,Australia,MidTurnover,
comp_5634,,MidRevenue,LightAsset,Australia,HighTurnover,
comp_5635,,MidRevenue,LightAsset,Australia,MidTurnover,
comp_5636,,LowRevenue,LightAsset,Australia,LowTurnover,
comp_5637,,MidRevenue,LightAsset,Australia,LowTurnover,
comp_5638,,,LightAsset,Australia,,
comp_5639,,MidRevenue,LightAsset,Australia,LowTurnover,
comp_5640,,MidRevenue,LightAsset,Australia,MidTurnover,
comp_5641,,,LightAsset,Australia,,
comp_5642,,MidRevenue,LightAsset,Australia,HighTurnover,
comp_5643,,VeryLowRevenue,LightAsset,Australia,LowTurnover,
comp_5644,,MidRevenue,LightAsset,Australia,MidTurnover,
comp_5645,,LowRevenue,LightAsset,Australia,LowTurnover,
comp_5646,,MidRevenue,LightAsset,Australia,MidTurnover,
comp_5647,,MidRevenue,LightAsset,Australia,HighTurnover,
comp_5648,,VeryLowRevenue,LightAsset,Australia,LowTurnover,
comp_5649,,MidRevenue,LightAsset,Australia,HighTurnover,
comp_5650,,MidRevenue,LightAsset,Australia,MidTurnover,
comp_5651,,MidRevenue,LightAsset,Australia,MidTurnover,
comp_5652,,MidRevenue,LightAsset,Australia,HighTurnover,
comp_5653,,MidRevenue,LightAsset,Australia,MidTurnover,
comp_5654,,,LightAsset,Australia,,
comp_5655,,MidRevenue,LightAsset,Australia,MidTurnover,
comp_5656,,VeryLowRevenue,LightAsset,Australia,LowTurnover,
comp_5657,,MidRevenue,LightAsset,Australia,MidTurnover,
comp_5658,,MidRevenue,LightAsset,Australia,HighTurnover,
comp_5659,,MidRevenue,LightAsset,Australia,HighTurnover,
comp_5660,,LowRevenue,LightAsset,Australia,LowTurnover,
comp_5661,,MidRevenue,LightAsset,Australia,MidTurnover,
comp_5662,,MidRevenue,LightAsset,Australia,MidTurnover,
comp_5663,,MidRevenue,LightAsset,Australia,MidTurnover,
comp_5664,,MidRevenue,LightAsset,Australia,HighTurnover,
comp_5665,,MidRevenue,LightAsset,Australia,MidTurnover,
comp_5666,,LowRevenue,LightAsset,Australia,LowTurnover,
comp_5667,,MidRevenue,LightAsset,Australia,MidTurnover,
comp_5668,,MidRevenue,LightAsset,Australia,HighTurnover,
comp_5669,,,LightAsset,Australia,,
comp_5670,,LowRevenue,LightAsset,Australia,LowTurnover,
comp_5671,,MidRevenue,LightAsset,Australia,HighTurnover,
comp_5672,,MidRevenue,LightAsset,Australia,HighTurnover,
comp_5673,,MidRevenue,LightAsset,Australia,MidTurnover,
comp_5674,,LowRevenue,LightAsset,Australia,LowTurnover,
comp_5675,,MidRevenue,LightAsset,Australia,HighTurnover,
comp_5676,,MidRevenue,LightAsset,Australia,MidTurnover,
comp_5677,,MidRevenue,LightAsset,Australia,HighTurnover,
comp_5678,,LowRevenue,LightAsset,Australia,LowTurnover,
comp_5679,,VeryLowRevenue,LightAsset,Australia,LowTurnover,
comp_5680,,LowRevenue,LightAsset,Australia,MidTurnover,
comp_5681,,MidRevenue,LightAsset,Australia,MidTurnover,
comp_5682,,MidRevenue,LightAsset,Australia,HighTurnover,
comp_5683,,MidRevenue,LightAsset,Australia,HighTurnover,
comp_5684,,MidRevenue,LightAsset,Australia,MidTurnover,
comp_5685,,,LightAsset,Australia,,
comp_5686,,LowRevenue,LightAsset,Australia,MidTurnover,
comp_5687,,,LightAsset,Australia,,
comp_5688,,MidRevenue,LightAsset,Australia,HighTurnover,
comp_5689,,MidRevenue,LightAsset,Australia,HighTurnover,
comp_5690,,LowRevenue,LightAsset,Australia,LowTurnover,
comp_5691,,MidRevenue,LightAsset,Australia,HighTurnover,
comp_5692,,MidRevenue,LightAsset,Australia,MidTurnover,
comp_5693,,LowRevenue,LightAsset,Australia,LowTurnover,
comp_5694,,MidRevenue,LightAsset,Australia,HighTurnover,
comp_5695,,MidRevenue,LightAsset,Australia,HighTurnover,
comp_5696,,LowRevenue,LightAsset,Australia,LowTurnover,
comp_5697,,LowRevenue,LightAsset,Australia,LowTurnover,
comp_5698,,,LightAsset,Australia,,
comp_5699,,MidRevenue,LightAsset,Australia,MidTurnover,
comp_5700,,MidRevenue,LightAsset,Australia,MidTurnover,
comp_5701,,MidRevenue,LightAsset,Australia,MidTurnover,
comp_5702,,MidRevenue,LightAsset,Australia,MidTurnover,
comp_5703,,LowRevenue,LightAsset,Australia,MidTurnover,
comp_5704,,,LightAsset,Australia,,
comp_5705,,MidRevenue,LightAsset,Australia,MidTurnover,
comp_5706,,MidRevenue,LightAsset,Australia,MidTurnover,
comp_5707,,,LightAsset,Australia,,
comp_5708,,,LightAsset,Australia,,
comp_5709,,MidRevenue,LightAsset,Australia,MidTurnover,
comp_5710,,MidRevenue,LightAsset,Australia,MidTurnover,
comp_5711,,MidRevenue,LightAsset,Australia,HighTurnover,
comp_5712,,LowRevenue,LightAsset,Australia,LowTurnover,
comp_5713,,VeryLowRevenue,LightAsset,Australia,LowTurnover,
comp_5714,,,LightAsset,Australia,,
comp_5715,,LowRevenue,LightAsset,Australia,MidTurnover,
comp_5716,,MidRevenue,LightAsset,Australia,MidTurnover,
comp_5717,,MidRevenue,LightAsset,Australia,HighTurnover,
comp_5718,,LowRevenue,LightAsset,Australia,LowTurnover,
comp_5719,,,LightAsset,Australia,,
comp_5720,,LowRevenue,LightAsset,Australia,LowTurnover,
comp_5721,,,LightAsset,Australia,,
comp_5722,,MidRevenue,LightAsset,Australia,HighTurnover,
comp_5723,,LowRevenue,LightAsset,Australia,MidTurnover,
comp_5724,,MidRevenue,LightAsset,Australia,HighTurnover,
comp_5725,,LowRevenue,LightAsset,Australia,MidTurnover,
comp_5726,,,LightAsset,Australia,,
comp_5727,,MidRevenue,LightAsset,Australia,HighTurnover,
comp_5728,,MidRevenue,LightAsset,Australia,HighTurnover,
comp_5729,,LowRevenue,LightAsset,Australia,LowTurnover,
comp_5730,,,LightAsset,Australia,,
comp_5731,,MidRevenue,LightAsset,Australia,HighTurnover,
comp_5732,,LowRevenue,LightAsset,Australia,LowTurnover,
comp_5733,,VeryLowRevenue,LightAsset,Australia,LowTurnover,
comp_5734,,,LightAsset,Australia,,
comp_5735,,,LightAsset,Australia,,
comp_5736,,MidRevenue,LightAsset,Australia,MidTurnover,
comp_5737,,VeryLowRevenue,LightAsset,Australia,LowTurnover,
comp_5738,,LowRevenue,LightAsset,Australia,MidTurnover,
comp_5739,,LowRevenue,LightAsset,Australia,MidTurnover,
comp_5740,,LowRevenue,LightAsset,Australia,LowTurnover,
comp_5741,,MidRevenue,LightAsset,Australia,HighTurnover,
comp_5742,,,LightAsset,Australia,,
comp_5743,,MidRevenue,LightAsset,Australia,HighTurnover,
comp_5744,,LowRevenue,LightAsset,Australia,MidTurnover,
comp_5745,,,LightAsset,Australia,,
comp_5746,,LowRevenue,LightAsset,Australia,MidTurnover,
comp_5747,,LowRevenue,LightAsset,Australia,MidTurnover,
comp_5748,,,LightAsset,Australia,,
comp_5749,,LowRevenue,LightAsset,Australia,MidTurnover,
comp_5750,,MidRevenue,LightAsset,Australia,HighTurnover,
comp_5751,,,LightAsset,Australia,,
comp_5752,,LowRevenue,LightAsset,Australia,MidTurnover,
comp_5753,,VeryLowRevenue,LightAsset,Australia,LowTurnover,
comp_5754,,,LightAsset,Australia,,
comp_5755,,,LightAsset,Australia,,
comp_5756,,LowRevenue,LightAsset,Australia,LowTurnover,
comp_5757,,MidRevenue,LightAsset,Australia,HighTurnover,
comp_5758,,LowRevenue,LightAsset,Australia,MidTurnover,
comp_5759,,MidRevenue,LightAsset,Australia,HighTurnover,
comp_5760,,,LightAsset,Australia,,
comp_5761,,,LightAsset,Australia,,
comp_5762,,,MicroAsset,Australia,,
comp_5763,,LowRevenue,MicroAsset,Australia,MidTurnover,
comp_5764,,VeryLowRevenue,MicroAsset,Australia,LowTurnover,
comp_5765,,LowRevenue,MicroAsset,Australia,LowTurnover,
comp_5766,,,MicroAsset,Australia,,
comp_5767,,,MicroAsset,Australia,,
comp_5768,,MidRevenue,MicroAsset,Australia,HighTurnover,
comp_5769,,,MicroAsset,Australia,,
comp_5770,,LowRevenue,MicroAsset,Australia,HighTurnover,
comp_5771,,LowRevenue,MicroAsset,Australia,HighTurnover,
comp_5772,,,MicroAsset,Australia,,
comp_5773,,,MicroAsset,Australia,,
comp_5774,,LowRevenue,MicroAsset,Australia,HighTurnover,
comp_5775,,,MicroAsset,Australia,,
comp_5776,,VeryLowRevenue,MicroAsset,Australia,LowTurnover,
comp_5777,,,MicroAsset,Australia,,
comp_5778,,,MicroAsset,Australia,,
comp_5779,,LowRevenue,MicroAsset,Australia,MidTurnover,
comp_5780,,,MicroAsset,Australia,,
comp_5781,,LowRevenue,MicroAsset,Australia,HighTurnover,
comp_5782,,,MicroAsset,Australia,,
comp_5783,,MidRevenue,MicroAsset,Australia,HighTurnover,
comp_5784,,LowRevenue,MicroAsset,Australia,LowTurnover,
comp_5785,,,MicroAsset,Australia,,
comp_5786,,LowRevenue,MicroAsset,Australia,MidTurnover,
comp_5787,,LowRevenue,MicroAsset,Australia,MidTurnover,
comp_5788,,,MicroAsset,Australia,,
comp_5789,,VeryLowRevenue,MicroAsset,Australia,LowTurnover,
comp_5790,,,MicroAsset,Australia,,
comp_5791,,VeryLowRevenue,MicroAsset,Australia,LowTurnover,
comp_5792,,MidRevenue,MicroAsset,Australia,HighTurnover,
comp_5793,,LowRevenue,MicroAsset,Australia,HighTurnover,
comp_5794,,,MicroAsset,Australia,,
comp_5795,,,MicroAsset,Australia,,
comp_5796,,VeryLowRevenue,MicroAsset,Australia,LowTurnover,
comp_5797,,VeryLowRevenue,MicroAsset,Australia,LowTurnover,
comp_5798,,VeryLowRevenue,MicroAsset,Australia,LowTurnover,
comp_5799,,MidRevenue,MicroAsset,Australia,HighTurnover,
comp_5800,,VeryLowRevenue,MicroAsset,Australia,LowTurnover,
comp_5801,,,MicroAsset,Australia,,
comp_5802,,LowRevenue,MicroAsset,Australia,HighTurnover,
comp_5803,,LowRevenue,MicroAsset,Australia,MidTurnover,
comp_5804,,LowRevenue,MicroAsset,Australia,MidTurnover,
comp_5805,,LowRevenue,MicroAsset,Australia,HighTurnover,
comp_5806,,LowRevenue,MicroAsset,Australia,LowTurnover,
comp_5807,,,MicroAsset,Australia,,
comp_5808,,LowRevenue,MicroAsset,Australia,HighTurnover,
comp_5809,,MidRevenue,MicroAsset,Australia,HighTurnover,
comp_5810,,VeryLowRevenue,MicroAsset,Australia,LowTurnover,
comp_5811,,VeryLowRevenue,MicroAsset,Australia,LowTurnover,
comp_5812,,,MicroAsset,Australia,,
comp_5813,,,MicroAsset,Australia,,
comp_5814,,VeryLowRevenue,MicroAsset,Australia,LowTurnover,
comp_5815,,,MicroAsset,Australia,,
comp_5816,,MidRevenue,MicroAsset,Australia,HighTurnover,
comp_5817,,LowRevenue,MicroAsset,Australia,LowTurnover,
comp_5818,,LowRevenue,MicroAsset,Australia,MidTurnover,
comp_5819,,,MicroAsset,Australia,,
comp_5820,,LowRevenue,MicroAsset,Australia,MidTurnover,
comp_5821,,VeryLowRevenue,MicroAsset,Australia,LowTurnover,
comp_5822,,LowRevenue,MicroAsset,Australia,HighTurnover,
comp_5823,,,MicroAsset,Australia,,
comp_5824,,,MicroAsset,Australia,,
comp_5825,,LowRevenue,MicroAsset,Australia,MidTurnover,
comp_5826,,VeryLowRevenue,MicroAsset,Australia,LowTurnover,
comp_5827,,,MicroAsset,Australia,,
comp_5828,,VeryLowRevenue,MicroAsset,Australia,LowTurnover,
comp_5829,,MidRevenue,MicroAsset,Australia,HighTurnover,
comp_5830,,,MicroAsset,Australia,,
comp_5831,,VeryLowRevenue,MicroAsset,Australia,LowTurnover,
comp_5832,,,MicroAsset,Australia,,
comp_5833,,MidRevenue,MicroAsset,Australia,HighTurnover,
comp_5834,,MidRevenue,MicroAsset,Australia,HighTurnover,
comp_5835,,LowRevenue,MicroAsset,Australia,HighTurnover,
comp_5836,,,MicroAsset,Australia,,
comp_5837,,,MicroAsset,Australia,,
comp_5838,,VeryLowRevenue,MicroAsset,Australia,LowTurnover,
comp_5839,,VeryLowRevenue,MicroAsset,Australia,LowTurnover,
comp_5840,,,MicroAsset,Australia,,
comp_5841,,LowRevenue,MicroAsset,Australia,MidTurnover,
comp_5842,,,MicroAsset,Australia,,
comp_5843,,,MicroAsset,Australia,,
comp_5844,,,MicroAsset,Australia,,
comp_5845,,VeryLowRevenue,MicroAsset,Australia,LowTurnover,
comp_5846,,,MicroAsset,Australia,,
comp_5847,,,MicroAsset,Australia,,
comp_5848,,,MicroAsset,Australia,,
comp_5849,,VeryLowRevenue,MicroAsset,Australia,LowTurnover,
comp_5850,,,MicroAsset,Australia,,
comp_5851,,LowRevenue,MicroAsset,Australia,MidTurnover,
comp_5852,,VeryLowRevenue,MicroAsset,Australia,LowTurnover,
comp_5853,,,MicroAsset,Australia,,
comp_5854,,LowRevenue,MicroAsset,Australia,HighTurnover,
comp_5855,,,MicroAsset,Australia,,
comp_5856,,VeryLowRevenue,MicroAsset,Australia,LowTurnover,
comp_5857,,LowRevenue,MicroAsset,Australia,MidTurnover,
comp_5858,,VeryLowRevenue,MicroAsset,Australia,LowTurnover,
comp_5859,,VeryLowRevenue,MicroAsset,Australia,LowTurnover,
comp_5860,,,MicroAsset,Australia,,
comp_5861,,VeryLowRevenue,MicroAsset,Australia,LowTurnover,
comp_5862,,,MicroAsset,Australia,,
comp_5863,,,MicroAsset,Australia,,
comp_5864,,VeryLowRevenue,MicroAsset,Australia,LowTurnover,
comp_5865,,,MicroAsset,Australia,,
comp_5866,,,MicroAsset,Australia,,
comp_5867,,,MicroAsset,Australia,,
comp_5868,,LowRevenue,MicroAsset,Australia,MidTurnover,
comp_5869,,,MicroAsset,Australia,,
comp_5870,,VeryLowRevenue,MicroAsset,Australia,LowTurnover,
comp_5871,,VeryLowRevenue,MicroAsset,Australia,LowTurnover,
comp_5872,,,MicroAsset,Australia,,
comp_5873,,,MicroAsset,Australia,,
comp_5874,,VeryLowRevenue,MicroAsset,Australia,LowTurnover,
comp_5875,,,MicroAsset,Australia,,
comp_5876,,VeryLowRevenue,MicroAsset,Australia,LowTurnover,
comp_5877,,,MicroAsset,Australia,,
comp_5878,,VeryLowRevenue,MicroAsset,Australia,LowTurnover,
comp_5879,,LowRevenue,MicroAsset,Australia,HighTurnover,
comp_5880,,,MicroAsset,Australia,,
comp_5881,,,MicroAsset,Australia,,
comp_5882,,LowRevenue,MicroAsset,Australia,HighTurnover,
comp_5883,,,MicroAsset,Australia,,
comp_5884,,,MicroAsset,Australia,,
comp_5885,,,MicroAsset,Australia,,
comp_5886,,,MicroAsset,Australia,,
comp_5887,,VeryLowRevenue,MicroAsset,Australia,LowTurnover,
comp_5888,,,MicroAsset,Australia,,
comp_5889,,LowRevenue,MicroAsset,Australia,MidTurnover,
comp_5890,,LowRevenue,MicroAsset,Australia,MidTurnover,
comp_5891,,,MicroAsset,Australia,,
comp_5892,,VeryLowRevenue,MicroAsset,Australia,LowTurnover,
comp_5893,,LowRevenue,MicroAsset,Australia,HighTurnover,
comp_5894,,,MicroAsset,Australia,,
comp_5895,,,MicroAsset,Australia,,
comp_5896,,LowRevenue,MicroAsset,Australia,HighTurnover,
comp_5897,,,MicroAsset,Australia,,
comp_5898,,,MicroAsset,Australia,,
comp_5899,,VeryLowRevenue,MicroAsset,Australia,LowTurnover,
comp_5900,,,MicroAsset,Australia,,
comp_5901,,,MicroAsset,Australia,,
comp_5902,,,MicroAsset,Australia,,
comp_5903,,VeryLowRevenue,MicroAsset,Australia,LowTurnover,
comp_5904,,,MicroAsset,Australia,,
comp_5905,,,MicroAsset,Australia,,
comp_5906,,LowRevenue,MicroAsset,Australia,MidTurnover,
comp_5907,,,MicroAsset,Australia,,
comp_5908,,,MicroAsset,Australia,,
comp_5909,,,MicroAsset,Australia,,
comp_5910,,,MicroAsset,Australia,,
comp_5911,,,MicroAsset,Australia,,
comp_5912,,VeryLowRevenue,MicroAsset,Australia,LowTurnover,
comp_5913,,VeryLowRevenue,MicroAsset,Australia,LowTurnover,
comp_5914,,UpperRevenue,MicroAsset,Australia,HighTurnover,
comp_5915,,LowRevenue,MicroAsset,Australia,MidTurnover,
comp_5916,,,MicroAsset,Australia,,
comp_5917,,LowRevenue,MicroAsset,Australia,MidTurnover,
comp_5918,,VeryLowRevenue,MicroAsset,Australia,LowTurnover,
comp_5919,,,MicroAsset,Australia,,
comp_5920,,,MicroAsset,Australia,,
comp_5921,,VeryLowRevenue,MicroAsset,Australia,LowTurnover,
comp_5922,,LowRevenue,MicroAsset,Australia,HighTurnover,
comp_5923,,,MicroAsset,Australia,,
comp_5924,,,MicroAsset,Australia,,
comp_5925,,,MicroAsset,Australia,,
comp_5926,,,MicroAsset,Australia,,
comp_5927,,VeryLowRevenue,MicroAsset,Australia,LowTurnover,
comp_5928,,VeryLowRevenue,MicroAsset,Australia,LowTurnover,
comp_5929,,,MicroAsset,Australia,,
comp_5930,,,MicroAsset,Australia,,
comp_5931,,,MicroAsset,Australia,,
comp_5932,,,MicroAsset,Australia,,
comp_5933,,,MicroAsset,Australia,,
comp_5934,,,MicroAsset,Australia,,
comp_5935,,,MicroAsset,Australia,,
comp_5936,,,MicroAsset,Australia,,
comp_5937,,,MicroAsset,Australia,,
comp_5938,,,MicroAsset,Australia,,
comp_5939,,,MicroAsset,Australia,,
comp_5940,,VeryLowRevenue,MicroAsset,Australia,LowTurnover,
comp_5941,,,MicroAsset,Australia,,
comp_5942,,VeryLowRevenue,MicroAsset,Australia,LowTurnover,
comp_5943,,VeryLowRevenue,MicroAsset,Australia,LowTurnover,
comp_5944,,,MicroAsset,Australia,,
comp_5945,,,MicroAsset,Australia,,
comp_5946,,,MicroAsset,Australia,,
comp_5947,,,MicroAsset,Australia,,
comp_5948,,,MicroAsset,Australia,,
comp_5949,,,MicroAsset,Australia,,
comp_5950,,,MicroAsset,Australia,,
comp_5951,,,MicroAsset,Australia,,
comp_5952,,,MicroAsset,Australia,,
comp_5953,,VeryLowRevenue,MicroAsset,Australia,LowTurnover,
comp_5954,,,MicroAsset,Australia,,
comp_5955,,LowRevenue,MicroAsset,Australia,HighTurnover,
comp_5956,,VeryLowRevenue,MicroAsset,Australia,LowTurnover,
comp_5957,,,MicroAsset,Australia,,
comp_5958,,,MicroAsset,Australia,,
comp_5959,,VeryLowRevenue,MicroAsset,Australia,LowTurnover,
comp_5960,,,MicroAsset,Australia,,
comp_5961,,LowRevenue,MicroAsset,Australia,HighTurnover,
comp_5962,,,MicroAsset,Australia,,
comp_5963,,VeryLowRevenue,MicroAsset,Australia,LowTurnover,
comp_5964,,,MicroAsset,Australia,,
comp_5965,,,MicroAsset,Australia,,
comp_5966,,,MicroAsset,Australia,,
comp_5967,,VeryLowRevenue,MicroAsset,Australia,LowTurnover,
comp_5968,,,MicroAsset,Australia,,
comp_5969,,,MicroAsset,Australia,,
comp_5970,,,MicroAsset,Australia,,
comp_5971,,,MicroAsset,Australia,,
comp_5972,,VeryLowRevenue,MicroAsset,Australia,LowTurnover,
comp_5973,,VeryLowRevenue,MicroAsset,Australia,LowTurnover,
comp_5974,,UpperRevenue,MicroAsset,Australia,HighTurnover,
comp_5975,,VeryLowRevenue,MicroAsset,Australia,LowTurnover,
comp_5976,,,MicroAsset,Australia,,
comp_5977,,,MicroAsset,Australia,,
comp_5978,,VeryLowRevenue,MicroAsset,Australia,LowTurnover,
comp_5979,,,MicroAsset,Australia,,
comp_5980,,,MicroAsset,Australia,,
comp_5981,,VeryLowRevenue,MicroAsset,Australia,LowTurnover,
comp_5982,,VeryLowRevenue,MicroAsset,Australia,LowTurnover,
comp_5983,,VeryLowRevenue,MicroAsset,Australia,LowTurnover,
comp_5984,,,MicroAsset,Australia,,
comp_5985,,VeryLowRevenue,MicroAsset,Australia,LowTurnover,
comp_5986,,,MicroAsset,Australia,,
comp_5987,,,MicroAsset,Australia,,
comp_5988,,,MicroAsset,Australia,,
comp_5989,,,MicroAsset,Australia,,
comp_5990,,,MicroAsset,Australia,,
comp_5991,,,MicroAsset,Australia,,
comp_5992,,LowRevenue,MicroAsset,Australia,HighTurnover,
comp_5993,,VeryLowRevenue,MicroAsset,Australia,LowTurnover,
comp_5994,,,MicroAsset,Australia,,
comp_5995,,,MicroAsset,Australia,,
comp_5996,,,MicroAsset,Australia,,
comp_5997,,,MicroAsset,Australia,,
comp_5998,,,MicroAsset,Australia,,
comp_5999,,,MicroAsset,Australia,,
comp_6000,,VeryLowRevenue,MicroAsset,Australia,LowTurnover,
comp_6001,,,MicroAsset,Australia,,
comp_6002,,VeryLowRevenue,MicroAsset,Australia,LowTurnover,
comp_6003,,VeryLowRevenue,MicroAsset,Australia,LowTurnover,
comp_6004,,LowRevenue,MicroAsset,Australia,HighTurnover,
comp_6005,,,MicroAsset,Australia,,
comp_6006,,,MicroAsset,Australia,,
comp_6007,,VeryLowRevenue,MicroAsset,Australia,LowTurnover,
comp_6008,,VeryLowRevenue,MicroAsset,Australia,LowTurnover,
comp_6009,,,MicroAsset,Australia,,
comp_6010,,,MicroAsset,Australia,,
comp_6011,,VeryLowRevenue,MicroAsset,Australia,LowTurnover,
comp_6012,,,MicroAsset,Australia,,
comp_6013,,,MicroAsset,Australia,,
comp_6014,,,MicroAsset,Australia,,
comp_6015,,,MicroAsset,Australia,,
comp_6016,,VeryLowRevenue,MicroAsset,Australia,LowTurnover,
comp_6017,,,MicroAsset,Australia,,
comp_6018,,,MicroAsset,Australia,,
comp_6019,,VeryLowRevenue,MicroAsset,Australia,MidTurnover,
comp_6020,,,MicroAsset,Australia,,
comp_6021,,,MicroAsset,Australia,,
comp_6022,,VeryLowRevenue,MicroAsset,Australia,LowTurnover,
comp_6023,,,MicroAsset,Australia,,
comp_6024,,LowRevenue,MicroAsset,Australia,HighTurnover,
comp_6025,,,MicroAsset,Australia,,
comp_6026,,,MicroAsset,Australia,,
comp_6027,,,MicroAsset,Australia,,
comp_6028,,VeryLowRevenue,MicroAsset,Australia,MidTurnover,
comp_6029,,VeryLowRevenue,MicroAsset,Australia,MidTurnover,
comp_6030,,,MicroAsset,Australia,,
comp_6031,,,MicroAsset,Australia,,
comp_6032,,,MicroAsset,Australia,,
comp_6033,,,MicroAsset,Australia,,
comp_6034,,VeryLowRevenue,MicroAsset,Australia,LowTurnover,
comp_6035,,,MicroAsset,Australia,,
comp_6036,,VeryLowRevenue,MicroAsset,Australia,LowTurnover,
comp_6037,,,MicroAsset,Australia,,
comp_6038,,,MicroAsset,Australia,,
comp_6039,,VeryLowRevenue,MicroAsset,Australia,HighTurnover,
comp_6040,,,MicroAsset,Australia,,
comp_6041,,,MicroAsset,Australia,,
comp_6042,,VeryLowRevenue,MicroAsset,Australia,LowTurnover,
comp_6043,,VeryLowRevenue,MicroAsset,Australia,MidTurnover,
comp_6044,,,MicroAsset,Australia,,
comp_6045,,,MicroAsset,Australia,,
comp_6046,,VeryLowRevenue,MicroAsset,Australia,LowTurnover,
comp_6047,,,MicroAsset,Australia,,
comp_6048,,VeryLowRevenue,MicroAsset,Australia,LowTurnover,
comp_6049,,,MicroAsset,Australia,,
comp_6050,,,MicroAsset,Australia,,
comp_6051,,VeryLowRevenue,MicroAsset,Australia,LowTurnover,
comp_6052,,,MicroAsset,Australia,,
comp_6053,,,MicroAsset,Australia,,
comp_6054,,VeryLowRevenue,MicroAsset,Australia,LowTurnover,
comp_6055,,VeryLowRevenue,MicroAsset,Australia,LowTurnover,
comp_6056,,,MicroAsset,Australia,,
comp_6057,,VeryLowRevenue,MicroAsset,Australia,LowTurnover,
comp_6058,,,MicroAsset,Australia,,
comp_6059,,VeryLowRevenue,MicroAsset,Australia,LowTurnover,
comp_6060,,,MicroAsset,Australia,,
comp_6061,,,MicroAsset,Australia,,
comp_6062,,,MicroAsset,Australia,,
comp_6063,,,MicroAsset,Australia,,
comp_6064,,VeryLowRevenue,MicroAsset,Australia,LowTurnover,
comp_6065,,,MicroAsset,Australia,,
comp_6066,,,MicroAsset,Australia,,
comp_6067,,,MicroAsset,Australia,,
comp_6068,,,MicroAsset,Australia,,
comp_6069,,,MicroAsset,Australia,,
comp_6070,,VeryLowRevenue,MicroAsset,Australia,LowTurnover,
comp_6071,,,MicroAsset,Australia,,
comp_6072,,,MicroAsset,Australia,,
comp_6073,,,MicroAsset,Australia,,
comp_6074,,VeryLowRevenue,MicroAsset,Australia,MidTurnover,
comp_6075,,,MicroAsset,Australia,,
comp_6076,,VeryLowRevenue,MicroAsset,Australia,LowTurnover,
comp_6077,,VeryLowRevenue,MicroAsset,Australia,MidTurnover,
comp_6078,,,MicroAsset,Australia,,
comp_6079,,,MicroAsset,Australia,,
comp_6080,,,MicroAsset,Australia,,
comp_6081,,,MicroAsset,Australia,,
comp_6082,,UpperRevenue,MicroAsset,Australia,HighTurnover,
comp_6083,,,MicroAsset,Australia,,
comp_6084,,,MicroAsset,Australia,,
comp_6085,,VeryLowRevenue,MicroAsset,Australia,LowTurnover,
comp_6086,,,MicroAsset,Australia,,
comp_6087,,VeryLowRevenue,MicroAsset,Australia,LowTurnover,
comp_6088,,,MicroAsset,Australia,,
comp_6089,,,MicroAsset,Australia,,
comp_6090,,,MicroAsset,Australia,,
comp_6091,,VeryLowRevenue,MicroAsset,Australia,LowTurnover,
comp_6092,,VeryLowRevenue,MicroAsset,Australia,HighTurnover,
comp_6093,,,MicroAsset,Australia,,
comp_6094,,,MicroAsset,Australia,,
comp_6095,,VeryLowRevenue,MicroAsset,Australia,MidTurnover,
comp_6096,,,MicroAsset,Australia,,
comp_6097,,,MicroAsset,Australia,,
comp_6098,,VeryLowRevenue,MicroAsset,Australia,LowTurnover,
comp_6099,,,MicroAsset,Australia,,
comp_6100,,,MicroAsset,Australia,,
comp_6101,,VeryLowRevenue,MicroAsset,Australia,LowTurnover,
comp_6102,,,MicroAsset,Australia,,
comp_6103,,LowRevenue,MicroAsset,Australia,HighTurnover,
comp_6104,,,MicroAsset,Australia,,
comp_6105,,VeryLowRevenue,MicroAsset,Australia,LowTurnover,
comp_6106,,,MicroAsset,Australia,,
comp_6107,,VeryLowRevenue,MicroAsset,Australia,LowTurnover,
comp_6108,,VeryLowRevenue,MicroAsset,Australia,LowTurnover,
comp_6109,,,MicroAsset,Australia,,
comp_6110,,,MicroAsset,Australia,,
comp_6111,,,MicroAsset,Australia,,
comp_6112,,VeryLowRevenue,MicroAsset,Australia,LowTurnover,
comp_6113,,VeryLowRevenue,MicroAsset,Australia,MidTurnover,
comp_6114,,VeryLowRevenue,MicroAsset,Australia,LowTurnover,
comp_6115,,,MicroAsset,Australia,,
comp_6116,,,MicroAsset,Australia,,
comp_6117,,VeryLowRevenue,MicroAsset,Australia,MidTurnover,
comp_6118,,,MicroAsset,Australia,,
comp_6119,,,MicroAsset,Australia,,
comp_6120,,,MicroAsset,Australia,,
comp_6121,,VeryLowRevenue,MicroAsset,Australia,LowTurnover,
comp_6122,,VeryLowRevenue,MicroAsset,Australia,LowTurnover,
comp_6123,,,MicroAsset,Australia,,
comp_6124,,VeryLowRevenue,MicroAsset,Australia,LowTurnover,
comp_6125,,VeryLowRevenue,MicroAsset,Australia,HighTurnover,
comp_6126,,VeryLowRevenue,MicroAsset,Australia,LowTurnover,
comp_6127,,VeryLowRevenue,MicroAsset,Australia,LowTurnover,
comp_6128,,,MicroAsset,Australia,,
comp_6129,,,MicroAsset,Australia,,
comp_6130,,,MicroAsset,Australia,,
comp_6131,,,MicroAsset,Australia,,
comp_6132,,,MicroAsset,Australia,,
comp_6133,,VeryLowRevenue,MicroAsset,Australia,LowTurnover,
comp_6134,,VeryLowRevenue,MicroAsset,Australia,LowTurnover,
comp_6135,,,MicroAsset,Australia,,
comp_6136,,,MicroAsset,Australia,,
comp_6137,,VeryLowRevenue,MicroAsset,Australia,LowTurnover,
comp_6138,,,MicroAsset,Australia,,
comp_6139,,,MicroAsset,Australia,,
comp_6140,,,MicroAsset,Australia,,
comp_6141,,VeryLowRevenue,MicroAsset,Australia,HighTurnover,
comp_6142,,LowRevenue,MicroAsset,Australia,HighTurnover,
comp_6143,,,MicroAsset,Australia,,
comp_6144,,,MicroAsset,Australia,,
comp_6145,,VeryLowRevenue,MicroAsset,Australia,LowTurnover,
comp_6146,,,MicroAsset,Australia,,
comp_6147,,VeryLowRevenue,MicroAsset,Australia,LowTurnover,
comp_6148,,,MicroAsset,Australia,,
comp_6149,,,MicroAsset,Australia,,
comp_6150,,,MicroAsset,Australia,,
comp_6151,,,MicroAsset,Australia,,
comp_6152,,VeryLowRevenue,MicroAsset,Australia,LowTurnover,
comp_6153,,VeryLowRevenue,MicroAsset,Australia,MidTurnover,
comp_6154,,,MicroAsset,Australia,,
comp_6155,,,MicroAsset,Australia,,
comp_6156,,,MicroAsset,Australia,,
comp_6157,,VeryLowRevenue,MicroAsset,Australia,LowTurnover,
comp_6158,,,MicroAsset,Australia,,
comp_6159,,,MicroAsset,Australia,,
comp_6160,,,MicroAsset,Australia,,
comp_6161,,,MicroAsset,Australia,,
comp_6162,,,MicroAsset,Australia,,
comp_6163,,VeryLowRevenue,MicroAsset,Australia,MidTurnover,
comp_6164,,,MicroAsset,Australia,,
comp_6165,,,MicroAsset,Australia,,
comp_6166,,,MicroAsset,Australia,,
comp_6167,,VeryLowRevenue,MicroAsset,Australia,LowTurnover,
comp_6168,,,MicroAsset,Australia,,
comp_6169,,,MicroAsset,Australia,,
comp_6170,,,MicroAsset,Australia,,
comp_6171,,VeryLowRevenue,MicroAsset,Australia,LowTurnover,
comp_6172,,,MicroAsset,Australia,,
comp_6173,,,MicroAsset,Australia,,
comp_6174,,,MicroAsset,Australia,,
comp_6175,,,MicroAsset,Australia,,
comp_6176,,,MicroAsset,Australia,,
comp_6177,,VeryLowRevenue,MicroAsset,Australia,MidTurnover,
comp_6178,,,MicroAsset,Australia,,
comp_6179,,,MicroAsset,Australia,,
comp_6180,,,MicroAsset,Australia,,
comp_6181,,,MicroAsset,Australia,,
comp_6182,,,MicroAsset,Australia,,
comp_6183,,,MicroAsset,Australia,,
comp_6184,,,MicroAsset,Australia,,
comp_6185,,,MicroAsset,Australia,,
comp_6186,,,MicroAsset,Australia,,
comp_6187,,,MicroAsset,Australia,,
comp_6188,,,MicroAsset,Australia,,
comp_6189,,,MicroAsset,Australia,,
comp_6190,,,MicroAsset,Australia,,
comp_6191,,,MicroAsset,Australia,,
comp_6192,,VeryLowRevenue,MicroAsset,Australia,HighTurnover,
comp_6193,,,MicroAsset,Australia,,
comp_6194,,,MicroAsset,Australia,,
comp_6195,,,MicroAsset,Australia,,
comp_6196,,,MicroAsset,Australia,,
comp_6197,,,MicroAsset,Australia,,
comp_6198,,,MicroAsset,Australia,,
comp_6199,,VeryLowRevenue,MicroAsset,Australia,LowTurnover,
comp_6200,,,MicroAsset,Australia,,
comp_6201,,,MicroAsset,Australia,,
comp_6202,,,MicroAsset,Australia,,
comp_6203,,,MicroAsset,Australia,,
comp_6204,,,MicroAsset,Australia,,
comp_6205,,,MicroAsset,Australia,,
comp_6206,,,MicroAsset,Australia,,
comp_6207,,,MicroAsset,Australia,,
comp_6208,,,MicroAsset,Australia,,
comp_6209,,,MicroAsset,Australia,,
comp_6210,,VeryLowRevenue,MicroAsset,Australia,LowTurnover,
comp_6211,,,MicroAsset,Australia,,
comp_6212,,,MicroAsset,Australia,,
comp_6213,,,MicroAsset,Australia,,
comp_6214,,,MicroAsset,Australia,,
comp_6215,,,MicroAsset,Australia,,
comp_6216,,,MicroAsset,Australia,,
comp_6217,,,MicroAsset,Australia,,
comp_6218,,,MicroAsset,Australia,,
comp_6219,,LowRevenue,MicroAsset,Australia,HighTurnover,
comp_6220,,,MicroAsset,Australia,,
comp_6221,,VeryLowRevenue,MicroAsset,Australia,MidTurnover,
comp_6222,,,MicroAsset,Australia,,
comp_6223,,LowRevenue,,Australia,,
comp_6224,,UpperRevenue,,Australia,,
comp_6225,,,,Australia,,
comp_6226,,,,Australia,,
comp_6227,,,,Australia,,
comp_6228,,,,Australia,,
comp_6229,,,,Australia,,
comp_6230,,,,Australia,,
comp_6231,,,,Australia,,
comp_6232,,,,Australia,,
comp_6233,,,,Australia,,
comp_6234,,,,Australia,,
comp_6235,,,,Australia,,
comp_6236,,,,Australia,,
comp_6237,,,,Australia,,
comp_6238,,UpperRevenue,,Australia,,
comp_6239,,,,Australia,,
comp_6240,,,,Australia,,
comp_6241,,,,Australia,,
comp_6242,,,,Australia,,
comp_6243,,MidRevenue,,Australia,,
comp_6244,,,,Australia,,
comp_6245,,,,Australia,,
comp_6246,,MidRevenue,,Australia,,
comp_6247,,UpperRevenue,,Australia,,
comp_6248,,,,Australia,,
comp_6249,,,,Australia,,
comp_6250,,,,Australia,,
comp_6251,,,,Australia,,
comp_6252,,,,Australia,,
comp_6253,,,,Australia,,
comp_6254,,,,Australia,,
comp_6255,,,,Australia,,
comp_6256,,,,Australia,,
comp_6257,,,,Australia,,
comp_6258,,,,Australia,,
comp_6259,,,,Australia,,
comp_6260,,,,Australia,,
comp_6261,,,,Australia,,
comp_6262,,,,Australia,,
comp_6263,,,,Australia,,
comp_6264,,,,Australia,,
comp_6265,,,,Australia,,
comp_6266,,,,Australia,,
comp_6267,,,,Australia,,
comp_6268,,,,Australia,,
comp_6269,,,,Australia,,
comp_6270,,,,Australia,,
comp_6271,,,,Australia,,
comp_6272,,MidRevenue,,Australia,,
comp_6273,,,,Australia,,
comp_6274,,,,Australia,,
comp_6275,,,,Australia,,
comp_6276,,,,Australia,,
comp_6277,,,,Australia,,
comp_6278,,,,Australia,,
comp_6279,,,,Australia,,
comp_6280,,,,Australia,,
comp_6281,,MidRevenue,,Australia,,
comp_6282,,,,Australia,,
comp_6283,,,,Australia,,
comp_6284,,,,Australia,,
comp_6285,,,,Australia,,
comp_6286,,UpperRevenue,,Australia,,
comp_6287,,UpperRevenue,,Australia,,
comp_6288,,,,Australia,,
comp_6289,,MidRevenue,,Australia,,
comp_6290,,,,Australia,,
comp_6291,,,,Australia,,
comp_6292,,,,Australia,,
comp_6293,,,,Australia,,
comp_6294,,,,Australia,,
comp_6295,,,,Australia,,
comp_6296,,,,Australia,,
comp_6297,,,,Australia,,
comp_6298,,,,Australia,,
comp_6299,,,,Australia,,
comp_6300,,,,Australia,,
comp_6301,,,,Australia,,
comp_6302,,,,Australia,,
comp_6303,,,,Australia,,
comp_6304,,,,Australia,,
comp_6305,,,,Australia,,
comp_6306,,,,Australia,,
comp_6307,,,,Australia,,
comp_6308,,,,Australia,,
comp_6309,,,,Australia,,
comp_6310,,,,Australia,,
comp_6311,,,,Australia,,
comp_6312,,,,Australia,,
comp_6313,,,,Australia,,
comp_6314,,,,Australia,,
comp_6315,,,,Australia,,
comp_6316,,,,Australia,,
comp_6317,,,,Australia,,
comp_6318,,,,Australia,,
comp_6319,,,,Australia,,
comp_6320,,,,Australia,,
comp_6321,,,,Australia,,
comp_6322,,,,Australia,,
comp_6323,,,,Australia,,
comp_6324,,,,Australia,,
comp_6325,,,,Australia,,
comp_6326,,,,Australia,,
comp_6327,,,,Australia,,
comp_6328,,,,Australia,,
comp_6329,,,,Australia,,
comp_6330,,,,Australia,,
comp_6331,,,,Australia,,
comp_6332,,,,Australia,,
comp_6333,,,,Australia,,
comp_6334,,,,Australia,,
comp_6335,,,,Australia,,
comp_6336,,,,Australia,,
comp_6337,,,,Australia,,
comp_6338,,,,Australia,,
comp_6339,,,,Australia,,
comp_6340,,,,Australia,,
comp_6341,,,,Australia,,
comp_6342,,,,Australia,,
comp_6343,,,,Australia,,
comp_6344,,,,Australia,,
comp_6345,,,,Australia,,
comp_6346,,,,Australia,,
comp_6347,,,,Australia,,
comp_6348,,,,Australia,,
comp_6349,,,,Australia,,
comp_6350,,,,Australia,,
comp_6351,,,,Australia,,
comp_6352,,,,Australia,,
comp_6353,,MidRevenue,,Australia,,
comp_6354,,,,Australia,,
comp_6355,,UpperRevenue,,Australia,,
comp_6356,,,,Australia,,
comp_6357,,,,Australia,,
comp_6358,,,,Australia,,
comp_6359,,,,Australia,,
comp_6360,,,,Australia,,
comp_6361,,,,Australia,,
comp_6362,,,,Australia,,
comp_6363,,,,Australia,,
comp_6364,,,,Australia,,
comp_6365,,,,Australia,,
comp_6366,,,,Australia,,
comp_6367,,,,Australia,,
comp_6368,,,,Australia,,
comp_6369,,,,Australia,,
comp_6370,,,,Australia,,
comp_6371,,,,Australia,,
comp_6372,,,,Australia,,
comp_6373,,UpperRevenue,,Australia,,
comp_6374,,,,Australia,,
comp_6375,,,,Australia,,
comp_6376,,MidRevenue,,Australia,,
comp_6377,,,,Australia,,
comp_6378,,,,Australia,,
comp_6379,,,,Australia,,
comp_6380,,,,Australia,,
comp_6381,,UpperRevenue,,Australia,,
comp_6382,,,,Australia,,
comp_6383,,,,Australia,,
comp_6384,,,,Australia,,
comp_6385,,,,Australia,,
comp_6386,,,,Australia,,
comp_6387,,,,Australia,,
comp_6388,,,,Australia,,
comp_6389,,,,Australia,,
comp_6390,,,,Australia,,
comp_6391,,UpperRevenue,,Australia,,
comp_6392,,,,Australia,,
comp_6393,,,,Australia,,
comp_6394,,,,Australia,,
comp_6395,,,,Australia,,
comp_6396,,,,Australia,,
comp_6397,,,,Australia,,
comp_6398,,,,Australia,,
comp_6399,,,,Australia,,
comp_6400,,,,Australia,,
comp_6401,,,,Australia,,
comp_6402,,,,Australia,,
comp_6403,,,,Australia,,
comp_6404,,,,Australia,,
comp_6405,,,,Australia,,
comp_6406,,,,Australia,,
comp_6407,,MidRevenue,,Australia,,
comp_6408,,HighRevenue,,Australia,,
comp_6409,,,,Australia,,
comp_6410,,,,Australia,,
comp_6411,,,,Australia,,
comp_6412,,,,Australia,,
comp_6413,,,,Australia,,
comp_6414,,,,Australia,,
comp_6415,,,,Australia,,
comp_6416,,,,Australia,,
comp_6417,,,,Australia,,
comp_6418,,,,Australia,,
comp_6419,,,,Australia,,
comp_6420,,,,Australia,,
comp_6421,,,,Australia,,
comp_6422,,,,Australia,,
comp_6423,,,,Australia,,
comp_6424,,,,Australia,,
comp_6425,,,,Australia,,
comp_6426,,,,Australia,,
comp_6427,,,,Australia,,
comp_6428,,,,Australia,,
comp_6429,,,,Australia,,
comp_6430,,,,Australia,,
comp_6431,,UpperRevenue,,Australia,,
comp_6432,,,,Australia,,
comp_6433,,,,Australia,,
comp_6434,,,,Australia,,
comp_6435,,,,Australia,,
comp_6436,,,,Australia,,
comp_6437,,,,Australia,,
comp_6438,,,,Australia,,
comp_6439,,,,Australia,,
comp_6440,,,,Australia,,
comp_6441,,,,Australia,,
comp_6442,,,,Australia,,
comp_6443,,UpperRevenue,,Australia,,
comp_6444,,,,Australia,,
comp_6445,,UpperRevenue,,Australia,,
comp_6446,,,,Australia,,
comp_6447,,,,Australia,,
comp_6448,,,,Australia,,
comp_6449,,,,Australia,,
comp_6450,,,,Australia,,
comp_6451,,UpperRevenue,,Australia,,
comp_6452,,UpperRevenue,,Australia,,
comp_6453,,MidRevenue,,Australia,,
comp_6454,,,,Australia,,
comp_6455,,,,Australia,,
comp_6456,,,,Australia,,
comp_6457,,,,Australia,,
comp_6458,,,,Australia,,
comp_6459,,,,Australia,,
comp_6460,,,,Australia,,
comp_6461,,,,Australia,,
comp_6462,,,,Australia,,
comp_6463,,,,Australia,,
comp_6464,,,,Australia,,
comp_6465,,,,Australia,,
comp_6466,,,,Australia,,
comp_6467,,,,Australia,,
comp_6468,,,,Australia,,
comp_6469,,,,Australia,,
comp_6470,,,,Australia,,
comp_6471,,,,Australia,,
comp_6472,,,,Australia,,
comp_6473,,,,Australia,,
comp_6474,,,,Australia,,
comp_6475,,,,Australia,,
comp_6476,,,,Australia,,
comp_6477,,,,Australia,,
comp_6478,,,,Australia,,
comp_6479,,,,Australia,,
comp_6480,,,,Australia,,
comp_6481,,,,Australia,,
comp_6482,,,,Australia,,
comp_6483,,,,Australia,,
comp_6484,,,,Australia,,
comp_6485,,,,Australia,,
comp_6486,,,,Australia,,
comp_6487,,,,Australia,,
comp_6488,,,,Australia,,
comp_6489,,,,Australia,,
comp_6490,,UpperRevenue,,Australia,,
comp_6491,,,,Australia,,
comp_6492,,,,Australia,,
comp_6493,,,,Australia,,
comp_6494,,,,Australia,,
comp_6495,,,,Australia,,
comp_6496,,,,Australia,,
comp_6497,,,,Australia,,
comp_6498,,,,Australia,,
comp_6499,,,,Australia,,
comp_6500,,,,Australia,,
comp_6501,,,,Australia,,
comp_6502,,,,Australia,,
comp_6503,,,,Australia,,
comp_6504,,,,Australia,,
comp_6505,,,,Australia,,
comp_6506,,,,Australia,,
comp_6507,,,,Australia,,
comp_6508,,,,Australia,,
comp_6509,,,,Australia,,
comp_6510,,,,Australia,,
comp_6511,,,,Australia,,
comp_6512,,,,Australia,,
comp_6513,,,,Australia,,
comp_6514,,,,Australia,,
comp_6515,,UpperRevenue,,Australia,,
comp_6516,,,,Australia,,
comp_6517,,,,Australia,,
comp_6518,,,,Australia,,
comp_6519,,,,Australia,,
comp_6520,,,,Australia,,
comp_6521,,,,Australia,,
comp_6522,,,,Australia,,
comp_6523,,,,Australia,,
comp_6524,,,,Australia,,
comp_6525,,,,Australia,,
comp_6526,,UpperRevenue,,Australia,,
comp_6527,,,,Australia,,
comp_6528,,,,Australia,,
comp_6529,,UpperRevenue,,Australia,,
comp_6530,,,,Australia,,
comp_6531,,,,Australia,,
comp_6532,,UpperRevenue,,Australia,,
comp_6533,,MidRevenue,,Australia,,
comp_6534,,,,Australia,,
comp_6535,,UpperRevenue,,Australia,,
comp_6536,,UpperRevenue,,Australia,,
comp_6537,,UpperRevenue,,Australia,,
comp_6538,,,,Australia,,
comp_6539,,,,Australia,,
comp_6540,,UpperRevenue,,Australia,,
comp_6541,,MidRevenue,,Australia,,
comp_6542,,,,Australia,,
comp_6543,,,,Australia,,
comp_6544,,,,Australia,,
comp_6545,,UpperRevenue,,Australia,,
comp_6546,,,,Australia,,
comp_6547,,UpperRevenue,,Australia,,
comp_6548,,MidRevenue,,Australia,,
comp_6549,,,,Australia,,
comp_6550,,,,Australia,,
comp_6551,,,,Australia,,
comp_6552,,,,Australia,,
comp_6553,,MidRevenue,,Australia,,
comp_6554,,,,Australia,,
comp_6555,,,,Australia,,
comp_6556,,,,Australia,,
comp_6557,,,,Australia,,
comp_6558,,,,Australia,,
comp_6559,,,,Australia,,
comp_6560,,,,Australia,,
comp_6561,,UpperRevenue,,Australia,,
comp_6562,,,,Australia,,
comp_6563,,,,Australia,,
comp_6564,,,,Australia,,
comp_6565,,,,Australia,,
comp_6566,,,,Australia,,
comp_6567,,,,Australia,,
comp_6568,,UpperRevenue,,Australia,,
comp_6569,,,,Australia,,
comp_6570,,,,Australia,,
comp_6571,,,,Australia,,
comp_6572,,,,Australia,,
comp_6573,,UpperRevenue,,Australia,,
comp_6574,,,,Australia,,
comp_6575,,,,Australia,,
comp_6576,,,,Australia,,
comp_6577,,,,Australia,,
comp_6578,,,,Australia,,
comp_6579,,VeryLowRevenue,,Australia,,
comp_6580,,UpperRevenue,,Australia,,
comp_6581,,,,Australia,,
comp_6582,,,,Australia,,
comp_6583,,,,Australia,,
comp_6584,,,,Australia,,
comp_6585,,,,Australia,,
comp_6586,,,,Australia,,
comp_6587,,,,Australia,,
comp_6588,,UpperRevenue,,Australia,,
comp_6589,,,,Australia,,
comp_6590,,MidRevenue,,Australia,,
comp_6591,,,,Australia,,
comp_6592,,,,Australia,,
comp_6593,,,,Australia,,
comp_6594,,,,Australia,,
comp_6595,,,,Australia,,
comp_6596,,UpperRevenue,,Australia,,
comp_6597,,,,Australia,,
comp_6598,,,,Australia,,
comp_6599,,,,Australia,,
comp_6600,,,,Australia,,
comp_6601,,UpperRevenue,,Australia,,
comp_6602,,,,Australia,,
comp_6603,,,,Australia,,
comp_6604,,,,Australia,,
comp_6605,,,,Australia,,
comp_6606,,,,Australia,,
comp_6607,,UpperRevenue,,Australia,,
comp_6608,,,,Australia,,
comp_6609,,UpperRevenue,,Australia,,
comp_6610,,,,Australia,,
comp_6611,,,,Australia,,
comp_6612,,UpperRevenue,,Australia,,
comp_6613,,,,Australia,,
comp_6614,,,,Australia,,
comp_6615,,,,Australia,,
comp_6616,,,,Australia,,
comp_6617,,,,Australia,,
comp_6618,,,,Australia,,
comp_6619,,,,Australia,,
comp_6620,,,,Australia,,
comp_6621,,,,Australia,,
comp_6622,,,,Australia,,
comp_6623,,,,Australia,,
comp_6624,,,,Australia,,
comp_6625,,,,Australia,,
comp_6626,,,,Australia,,
comp_6627,,,,Australia,,
comp_6628,,,,Australia,,
comp_6629,,,,Australia,,
comp_6630,,,,Australia,,
comp_6631,,,,Australia,,
comp_6632,,,,Australia,,
comp_6633,,,,Australia,,
comp_6634,,,,Australia,,
comp_6635,,,,Australia,,
comp_6636,,,,Australia,,
comp_6637,,,,Australia,,
comp_6638,,,,Australia,,
comp_6639,,,,Australia,,
comp_6640,,,,Australia,,
comp_6641,,,,Australia,,
comp_6642,,,,Australia,,
comp_6643,,,,Australia,,
comp_6644,,,,Australia,,
comp_6645,,,,Australia,,
comp_6646,,,,Australia,,
comp_6647,,,,Australia,,
comp_6648,,MidRevenue,,Australia,,
comp_6649,,,,Australia,,
comp_6650,,,,Australia,,
comp_6651,,,,Australia,,
comp_6652,,,,Australia,,
comp_6653,,,,Australia,,
comp_6654,,,,Australia,,
comp_6655,,,,Australia,,
comp_6656,,UpperRevenue,,Australia,,
comp_6657,,,,Australia,,
comp_6658,,,,Australia,,
comp_6659,,,,Australia,,
comp_6660,,,,Australia,,
comp_6661,,,,Australia,,
comp_6662,,,,Australia,,
comp_6663,,,,Australia,,
comp_6664,,,,Australia,,
comp_6665,,,,Australia,,
comp_6666,,,,Australia,,
comp_6667,,,,Australia,,
comp_6668,,,,Australia,,
comp_6669,,,,Australia,,
comp_6670,,,,Australia,,
comp_6671,,,,Australia,,
comp_6672,,,,Australia,,
comp_6673,,,,Australia,,
comp_6674,,,,Australia,,
comp_6675,,,,Australia,,
comp_6676,,,,Australia,,
comp_6677,,,,Australia,,
comp_6678,,,,Australia,,
comp_6679,,UpperRevenue,,Australia,,
comp_6680,,,,Australia,,
comp_6681,,,,Australia,,
comp_6682,,,,Australia,,
comp_6683,,,,Australia,,
comp_6684,,,,Australia,,
comp_6685,,,,Australia,,
comp_6686,,,,Australia,,
comp_6687,,MidRevenue,,Australia,,
comp_6688,,,,Australia,,
comp_6689,,,,Australia,,
comp_6690,,,,Australia,,
comp_6691,,,,Australia,,
comp_6692,,,,Australia,,
comp_6693,,,,Australia,,
comp_6694,,,,Australia,,
comp_6695,,,,Australia,,
comp_6696,,,,Australia,,
comp_6697,,,,Australia,,
comp_6698,,,,Australia,,
comp_6699,,,,Australia,,
comp_6700,,,,Australia,,
comp_6701,,,,Australia,,
comp_6702,,,,Australia,,
comp_6703,,,,Australia,,
comp_6704,,,,Australia,,
comp_6705,,,,Australia,,
comp_6706,,,,Australia,,
comp_6707,,,,Australia,,
comp_6708,,,,Australia,,
comp_6709,,,,Australia,,
comp_6710,,,,Australia,,
comp_6711,,,,Australia,,
comp_6712,,,,Australia,,
comp_6713,,,,Australia,,
comp_6714,,,,Australia,,
comp_6715,,,,Australia,,
comp_6716,,,,Australia,,
comp_6717,,,,Australia,,
comp_6718,,,,Australia,,
comp_6719,,,,Australia,,
comp_6720,,,,Australia,,
comp_6721,,,,Australia,,
comp_6722,,,,Australia,,
comp_6723,,,,Australia,,
comp_6724,,,,Australia,,
comp_6725,,,,Australia,,
comp_6726,,,,Australia,,
comp_6727,,,,Australia,,
comp_6728,,,,Australia,,
comp_6729,,,,Australia,,
comp_6730,,,,Australia,,
comp_6731,,,,Australia,,
comp_6732,,,,Australia,,
comp_6733,,,,Australia,,
comp_6734,,,,Australia,,
comp_6735,,,,Australia,,
comp_6736,,,,Australia,,
comp_6737,,,,Australia,,
comp_6738,,,,Australia,,
comp_6739,,,,Australia,,
comp_6740,,,,Australia,,
comp_6741,,,,Australia,,
comp_6742,,,,Australia,,
comp_6743,,,,Australia,,
comp_6744,,,,Australia,,
comp_6745,,,,Australia,,
comp_6746,,,,Australia,,
comp_6747,,,,Australia,,
comp_6748,,,,Australia,,
comp_6749,,,,Australia,,
comp_6750,,,,Australia,,
comp_6751,,,,Australia,,
comp_6752,,,,Australia,,
comp_6753,,,,Australia,,
comp_6754,,,,Australia,,
comp_6755,,,,Australia,,
comp_6756,,,,Australia,,
comp_6757,,,,Australia,,
comp_6758,,,,Australia,,
comp_6759,,,,Australia,,
comp_6760,,,,Australia,,
comp_6761,,,,Australia,,
comp_6762,,,,Australia,,
comp_6763,,,,Australia,,
comp_6764,,,,Australia,,
comp_6765,,,,Australia,,
comp_6766,,HighRevenue,HeavyAsset,North_America,LowTurnover,
comp_6767,,HighRevenue,HeavyAsset,North_America,HighTurnover,
comp_6768,,UpperRevenue,HeavyAsset,North_America,LowTurnover,
comp_6769,,HighRevenue,LargeAsset,North_America,MidTurnover,
comp_6770,,HighRevenue,LargeAsset,North_America,HighTurnover,
comp_6771,,HighRevenue,LargeAsset,North_America,HighTurnover,
comp_6772,,HighRevenue,LargeAsset,North_America,HighTurnover,
comp_6773,,HighRevenue,LargeAsset,North_America,HighTurnover,
comp_6774,,UpperRevenue,LargeAsset,North_America,LowTurnover,
comp_6775,,HighRevenue,LargeAsset,North_America,HighTurnover,
comp_6776,,HighRevenue,MidAsset,North_America,HighTurnover,
comp_6777,,UpperRevenue,MidAsset,North_America,MidTurnover,
comp_6778,,HighRevenue,MidAsset,North_America,HighTurnover,
comp_6779,,UpperRevenue,MidAsset,North_America,MidTurnover,
comp_6780,,UpperRevenue,MidAsset,North_America,MidTurnover,
comp_6781,,UpperRevenue,MidAsset,North_America,HighTurnover,
comp_6782,,UpperRevenue,MidAsset,North_America,MidTurnover,
comp_6783,,UpperRevenue,MidAsset,North_America,HighTurnover,
comp_6784,,UpperRevenue,MidAsset,North_America,LowTurnover,
comp_6785,,UpperRevenue,MidAsset,North_America,HighTurnover,
comp_6786,,UpperRevenue,MidAsset,North_America,MidTurnover,
comp_6787,,UpperRevenue,MidAsset,North_America,MidTurnover,
comp_6788,,UpperRevenue,MidAsset,North_America,HighTurnover,
comp_6789,,UpperRevenue,MidAsset,North_America,HighTurnover,
comp_6790,,UpperRevenue,MidAsset,North_America,HighTurnover,
comp_6791,,UpperRevenue,MidAsset,North_America,MidTurnover,
comp_6792,,UpperRevenue,MidAsset,North_America,HighTurnover,
comp_6793,,MidRevenue,MidAsset,North_America,LowTurnover,
comp_6794,,UpperRevenue,MidAsset,North_America,HighTurnover,
comp_6795,,UpperRevenue,MidAsset,North_America,MidTurnover,
comp_6796,,UpperRevenue,MidAsset,North_America,HighTurnover,
comp_6797,,UpperRevenue,MidAsset,North_America,MidTurnover,
comp_6798,,UpperRevenue,MidAsset,North_America,MidTurnover,
comp_6799,,MidRevenue,MidAsset,North_America,LowTurnover,
comp_6800,,MidRevenue,MidAsset,North_America,LowTurnover,
comp_6801,,UpperRevenue,MidAsset,North_America,HighTurnover,
comp_6802,,UpperRevenue,MidAsset,North_America,MidTurnover,
comp_6803,,,MidAsset,North_America,,
comp_6804,,UpperRevenue,MidAsset,North_America,HighTurnover,
comp_6805,,UpperRevenue,MidAsset,North_America,HighTurnover,
comp_6806,,UpperRevenue,MidAsset,North_America,HighTurnover,
comp_6807,,UpperRevenue,MidAsset,North_America,HighTurnover,
comp_6808,,UpperRevenue,MidAsset,North_America,MidTurnover,
comp_6809,,MidRevenue,MidAsset,North_America,LowTurnover,
comp_6810,,MidRevenue,MidAsset,North_America,LowTurnover,
comp_6811,,UpperRevenue,MidAsset,North_America,HighTurnover,
comp_6812,,UpperRevenue,MidAsset,North_America,HighTurnover,
comp_6813,,MidRevenue,MidAsset,North_America,MidTurnover,
comp_6814,,UpperRevenue,MidAsset,North_America,HighTurnover,
comp_6815,,UpperRevenue,MidAsset,North_America,MidTurnover,
comp_6816,,UpperRevenue,MidAsset,North_America,MidTurnover,
comp_6817,,,MidAsset,North_America,,
comp_6818,,MidRevenue,MidAsset,North_America,MidTurnover,
comp_6819,,UpperRevenue,MidAsset,North_America,MidTurnover,
comp_6820,,MidRevenue,MidAsset,North_America,MidTurnover,
comp_6821,,MidRevenue,MidAsset,North_America,MidTurnover,
comp_6822,,UpperRevenue,MidAsset,North_America,HighTurnover,
comp_6823,,MidRevenue,MidAsset,North_America,MidTurnover,
comp_6824,,UpperRevenue,MidAsset,North_America,HighTurnover,
comp_6825,,UpperRevenue,MidAsset,North_America,HighTurnover,
comp_6826,,MidRevenue,MidAsset,North_America,MidTurnover,
comp_6827,,UpperRevenue,MidAsset,North_America,MidTurnover,
comp_6828,,MidRevenue,MidAsset,North_America,LowTurnover,
comp_6829,,UpperRevenue,MidAsset,North_America,HighTurnover,
comp_6830,,UpperRevenue,MidAsset,North_America,MidTurnover,
comp_6831,,UpperRevenue,MidAsset,North_America,HighTurnover,
comp_6832,,UpperRevenue,MidAsset,North_America,HighTurnover,
comp_6833,,UpperRevenue,MidAsset,North_America,HighTurnover,
comp_6834,,UpperRevenue,MidAsset,North_America,MidTurnover,
comp_6835,,UpperRevenue,MidAsset,North_America,HighTurnover,
comp_6836,,UpperRevenue,MidAsset,North_America,HighTurnover,
comp_6837,,,MidAsset,North_America,,
comp_6838,,MidRevenue,MidAsset,North_America,LowTurnover,
comp_6839,,UpperRevenue,MidAsset,North_America,HighTurnover,
comp_6840,,MidRevenue,MidAsset,North_America,MidTurnover,
comp_6841,,UpperRevenue,MidAsset,North_America,HighTurnover,
comp_6842,,UpperRevenue,MidAsset,North_America,HighTurnover,
comp_6843,,UpperRevenue,MidAsset,North_America,HighTurnover,
comp_6844,,UpperRevenue,MidAsset,North_America,HighTurnover,
comp_6845,,UpperRevenue,MidAsset,North_America,HighTurnover,
comp_6846,,UpperRevenue,MidAsset,North_America,HighTurnover,
comp_6847,,MidRevenue,MidAsset,North_America,HighTurnover,
comp_6848,,UpperRevenue,MidAsset,North_America,HighTurnover,
comp_6849,,LowRevenue,MidAsset,North_America,LowTurnover,
comp_6850,,,MidAsset,North_America,,
comp_6851,,UpperRevenue,MidAsset,North_America,HighTurnover,
comp_6852,,MidRevenue,MidAsset,North_America,MidTurnover,
comp_6853,,UpperRevenue,MidAsset,North_America,HighTurnover,
comp_6854,,MidRevenue,MidAsset,North_America,MidTurnover,
comp_6855,,UpperRevenue,MidAsset,North_America,HighTurnover,
comp_6856,,UpperRevenue,LightAsset,North_America,HighTurnover,
comp_6857,,MidRevenue,LightAsset,North_America,LowTurnover,
comp_6858,,UpperRevenue,LightAsset,North_America,HighTurnover,
comp_6859,,UpperRevenue,LightAsset,North_America,HighTurnover,
comp_6860,,UpperRevenue,LightAsset,North_America,HighTurnover,
comp_6861,,UpperRevenue,LightAsset,North_America,HighTurnover,
comp_6862,,UpperRevenue,LightAsset,North_America,HighTurnover,
comp_6863,,UpperRevenue,LightAsset,North_America,HighTurnover,
comp_6864,,UpperRevenue,LightAsset,North_America,HighTurnover,
comp_6865,,MidRevenue,LightAsset,North_America,MidTurnover,
comp_6866,,MidRevenue,LightAsset,North_America,HighTurnover,
comp_6867,,MidRevenue,LightAsset,North_America,MidTurnover,
comp_6868,,UpperRevenue,LightAsset,North_America,HighTurnover,
comp_6869,,UpperRevenue,LightAsset,North_America,HighTurnover,
comp_6870,,MidRevenue,LightAsset,North_America,MidTurnover,
comp_6871,,LowRevenue,LightAsset,North_America,LowTurnover,
comp_6872,,MidRevenue,LightAsset,North_America,MidTurnover,
comp_6873,,MidRevenue,LightAsset,North_America,HighTurnover,
comp_6874,,MidRevenue,LightAsset,North_America,HighTurnover,
comp_6875,,MidRevenue,LightAsset,North_America,MidTurnover,
comp_6876,,UpperRevenue,LightAsset,North_America,HighTurnover,
comp_6877,,MidRevenue,LightAsset,North_America,HighTurnover,
comp_6878,,MidRevenue,LightAsset,North_America,HighTurnover,
comp_6879,,MidRevenue,LightAsset,North_America,HighTurnover,
comp_6880,,UpperRevenue,LightAsset,North_America,HighTurnover,
comp_6881,,UpperRevenue,LightAsset,North_America,HighTurnover,
comp_6882,,MidRevenue,LightAsset,North_America,MidTurnover,
comp_6883,,UpperRevenue,LightAsset,North_America,HighTurnover,
comp_6884,,UpperRevenue,LightAsset,North_America,HighTurnover,
comp_6885,,UpperRevenue,LightAsset,North_America,HighTurnover,
comp_6886,,MidRevenue,LightAsset,North_America,HighTurnover,
comp_6887,,MidRevenue,LightAsset,North_America,HighTurnover,
comp_6888,,MidRevenue,LightAsset,North_America,HighTurnover,
comp_6889,,MidRevenue,LightAsset,North_America,HighTurnover,
comp_6890,,MidRevenue,LightAsset,North_America,HighTurnover,
comp_6891,,,LightAsset,North_America,,
comp_6892,,UpperRevenue,LightAsset,North_America,HighTurnover,
comp_6893,,UpperRevenue,LightAsset,North_America,HighTurnover,
comp_6894,,,LightAsset,North_America,,
comp_6895,,MidRevenue,LightAsset,North_America,HighTurnover,
comp_6896,,MidRevenue,LightAsset,North_America,HighTurnover,
comp_6897,,MidRevenue,LightAsset,North_America,HighTurnover,
comp_6898,,MidRevenue,LightAsset,North_America,MidTurnover,
comp_6899,,MidRevenue,LightAsset,North_America,HighTurnover,
comp_6900,,LowRevenue,LightAsset,North_America,LowTurnover,
comp_6901,,UpperRevenue,LightAsset,North_America,HighTurnover,
comp_6902,,MidRevenue,LightAsset,North_America,HighTurnover,
comp_6903,,,LightAsset,North_America,,
comp_6904,,MidRevenue,LightAsset,North_America,HighTurnover,
comp_6905,,MidRevenue,LightAsset,North_America,HighTurnover,
comp_6906,,UpperRevenue,LightAsset,North_America,HighTurnover,
comp_6907,,,LightAsset,North_America,,
comp_6908,,LowRevenue,LightAsset,North_America,LowTurnover,
comp_6909,,,LightAsset,North_America,,
comp_6910,,,LightAsset,North_America,,
comp_6911,,UpperRevenue,LightAsset,North_America,HighTurnover,
comp_6912,,LowRevenue,LightAsset,North_America,LowTurnover,
comp_6913,,UpperRevenue,LightAsset,North_America,HighTurnover,
comp_6914,,UpperRevenue,LightAsset,North_America,HighTurnover,
comp_6915,,MidRevenue,LightAsset,North_America,MidTurnover,
comp_6916,,MidRevenue,LightAsset,North_America,LowTurnover,
comp_6917,,MidRevenue,LightAsset,North_America,HighTurnover,
comp_6918,,LowRevenue,LightAsset,North_America,LowTurnover,
comp_6919,,MidRevenue,LightAsset,North_America,HighTurnover,
comp_6920,,MidRevenue,LightAsset,North_America,HighTurnover,
comp_6921,,MidRevenue,LightAsset,North_America,HighTurnover,
comp_6922,,MidRevenue,LightAsset,North_America,MidTurnover,
comp_6923,,MidRevenue,LightAsset,North_America,HighTurnover,
comp_6924,,LowRevenue,LightAsset,North_America,LowTurnover,
comp_6925,,MidRevenue,LightAsset,North_America,HighTurnover,
comp_6926,,MidRevenue,LightAsset,North_America,HighTurnover,
comp_6927,,MidRevenue,LightAsset,North_America,HighTurnover,
comp_6928,,MidRevenue,LightAsset,North_America,MidTurnover,
comp_6929,,MidRevenue,LightAsset,North_America,MidTurnover,
comp_6930,,MidRevenue,LightAsset,North_America,HighTurnover,
comp_6931,,MidRevenue,LightAsset,North_America,HighTurnover,
comp_6932,,,LightAsset,North_America,,
comp_6933,,MidRevenue,LightAsset,North_America,HighTurnover,
comp_6934,,MidRevenue,LightAsset,North_America,HighTurnover,
comp_6935,,MidRevenue,LightAsset,North_America,HighTurnover,
comp_6936,,MidRevenue,LightAsset,North_America,HighTurnover,
comp_6937,,,LightAsset,North_America,,
comp_6938,,MidRevenue,LightAsset,North_America,HighTurnover,
comp_6939,,MidRevenue,LightAsset,North_America,HighTurnover,
comp_6940,,MidRevenue,LightAsset,North_America,HighTurnover,
comp_6941,,MidRevenue,LightAsset,North_America,HighTurnover,
comp_6942,,MidRevenue,LightAsset,North_America,HighTurnover,
comp_6943,,MidRevenue,LightAsset,North_America,HighTurnover,
comp_6944,,MidRevenue,LightAsset,North_America,HighTurnover,
comp_6945,,MidRevenue,LightAsset,North_America,HighTurnover,
comp_6946,,MidRevenue,LightAsset,North_America,HighTurnover,
comp_6947,,MidRevenue,LightAsset,North_America,HighTurnover,
comp_6948,,MidRevenue,LightAsset,North_America,HighTurnover,
comp_6949,,MidRevenue,LightAsset,North_America,HighTurnover,
comp_6950,,MidRevenue,LightAsset,North_America,MidTurnover,
comp_6951,,MidRevenue,LightAsset,North_America,HighTurnover,
comp_6952,,MidRevenue,LightAsset,North_America,MidTurnover,
comp_6953,,LowRevenue,LightAsset,North_America,LowTurnover,
comp_6954,,MidRevenue,LightAsset,North_America,HighTurnover,
comp_6955,,MidRevenue,LightAsset,North_America,HighTurnover,
comp_6956,,MidRevenue,LightAsset,North_America,HighTurnover,
comp_6957,,LowRevenue,LightAsset,North_America,LowTurnover,
comp_6958,,MidRevenue,LightAsset,North_America,HighTurnover,
comp_6959,,MidRevenue,LightAsset,North_America,HighTurnover,
comp_6960,,LowRevenue,LightAsset,North_America,LowTurnover,
comp_6961,,,LightAsset,North_America,,
comp_6962,,MidRevenue,LightAsset,North_America,HighTurnover,
comp_6963,,MidRevenue,LightAsset,North_America,HighTurnover,
comp_6964,,MidRevenue,LightAsset,North_America,HighTurnover,
comp_6965,,MidRevenue,LightAsset,North_America,HighTurnover,
comp_6966,,MidRevenue,LightAsset,North_America,HighTurnover,
comp_6967,,MidRevenue,LightAsset,North_America,HighTurnover,
comp_6968,,MidRevenue,LightAsset,North_America,MidTurnover,
comp_6969,,MidRevenue,LightAsset,North_America,HighTurnover,
comp_6970,,MidRevenue,LightAsset,North_America,HighTurnover,
comp_6971,,LowRevenue,LightAsset,North_America,MidTurnover,
comp_6972,,MidRevenue,LightAsset,North_America,HighTurnover,
comp_6973,,MidRevenue,LightAsset,North_America,HighTurnover,
comp_6974,,MidRevenue,LightAsset,North_America,HighTurnover,
comp_6975,,MidRevenue,LightAsset,North_America,HighTurnover,
comp_6976,,MidRevenue,LightAsset,North_America,HighTurnover,
comp_6977,,,LightAsset,North_America,,
comp_6978,,MidRevenue,LightAsset,North_America,HighTurnover,
comp_6979,,MidRevenue,LightAsset,North_America,HighTurnover,
comp_6980,,MidRevenue,LightAsset,North_America,HighTurnover,
comp_6981,,MidRevenue,LightAsset,North_America,HighTurnover,
comp_6982,,MidRevenue,LightAsset,North_America,HighTurnover,
comp_6983,,MidRevenue,LightAsset,North_America,MidTurnover,
comp_6984,,MidRevenue,LightAsset,North_America,HighTurnover,
comp_6985,,MidRevenue,LightAsset,North_America,HighTurnover,
comp_6986,,MidRevenue,LightAsset,North_America,HighTurnover,
comp_6987,,MidRevenue,LightAsset,North_America,HighTurnover,
comp_6988,,MidRevenue,LightAsset,North_America,HighTurnover,
comp_6989,,MidRevenue,LightAsset,North_America,HighTurnover,
comp_6990,,MidRevenue,LightAsset,North_America,HighTurnover,
comp_6991,,MidRevenue,LightAsset,North_America,HighTurnover,
comp_6992,,,LightAsset,North_America,,
comp_6993,,MidRevenue,LightAsset,North_America,HighTurnover,
comp_6994,,MidRevenue,LightAsset,North_America,MidTurnover,
comp_6995,,MidRevenue,LightAsset,North_America,HighTurnover,
comp_6996,,MidRevenue,LightAsset,North_America,HighTurnover,
comp_6997,,MidRevenue,LightAsset,North_America,HighTurnover,
comp_6998,,MidRevenue,LightAsset,North_America,HighTurnover,
comp_6999,,,LightAsset,North_America,,
comp_7000,,MidRevenue,LightAsset,North_America,HighTurnover,
comp_7001,,,LightAsset,North_America,,
comp_7002,,MidRevenue,LightAsset,North_America,HighTurnover,
comp_7003,,MidRevenue,LightAsset,North_America,HighTurnover,
comp_7004,,MidRevenue,LightAsset,North_America,HighTurnover,
comp_7005,,MidRevenue,LightAsset,North_America,HighTurnover,
comp_7006,,MidRevenue,LightAsset,North_America,HighTurnover,
comp_7007,,VeryLowRevenue,LightAsset,North_America,LowTurnover,
comp_7008,,MidRevenue,LightAsset,North_America,HighTurnover,
comp_7009,,MidRevenue,LightAsset,North_America,HighTurnover,
comp_7010,,LowRevenue,LightAsset,North_America,LowTurnover,
comp_7011,,MidRevenue,LightAsset,North_America,HighTurnover,
comp_7012,,MidRevenue,LightAsset,North_America,HighTurnover,
comp_7013,,MidRevenue,LightAsset,North_America,HighTurnover,
comp_7014,,MidRevenue,LightAsset,North_America,HighTurnover,
comp_7015,,LowRevenue,LightAsset,North_America,LowTurnover,
comp_7016,,MidRevenue,LightAsset,North_America,HighTurnover,
comp_7017,,MidRevenue,LightAsset,North_America,HighTurnover,
comp_7018,,MidRevenue,LightAsset,North_America,MidTurnover,
comp_7019,,MidRevenue,LightAsset,North_America,HighTurnover,
comp_7020,,MidRevenue,LightAsset,North_America,HighTurnover,
comp_7021,,MidRevenue,LightAsset,North_America,HighTurnover,
comp_7022,,LowRevenue,LightAsset,North_America,MidTurnover,
comp_7023,,MidRevenue,LightAsset,North_America,HighTurnover,
comp_7024,,LowRevenue,LightAsset,North_America,LowTurnover,
comp_7025,,MidRevenue,LightAsset,North_America,HighTurnover,
comp_7026,,MidRevenue,LightAsset,North_America,HighTurnover,
comp_7027,,LowRevenue,LightAsset,North_America,MidTurnover,
comp_7028,,MidRevenue,LightAsset,North_America,MidTurnover,
comp_7029,,MidRevenue,LightAsset,North_America,HighTurnover,
comp_7030,,,LightAsset,North_America,,
comp_7031,,MidRevenue,LightAsset,North_America,HighTurnover,
comp_7032,,LowRevenue,LightAsset,North_America,LowTurnover,
comp_7033,,MidRevenue,LightAsset,North_America,HighTurnover,
comp_7034,,MidRevenue,LightAsset,North_America,HighTurnover,
comp_7035,,MidRevenue,LightAsset,North_America,HighTurnover,
comp_7036,,MidRevenue,LightAsset,North_America,HighTurnover,
comp_7037,,MidRevenue,LightAsset,North_America,HighTurnover,
comp_7038,,,LightAsset,North_America,,
comp_7039,,MidRevenue,LightAsset,North_America,HighTurnover,
comp_7040,,MidRevenue,LightAsset,North_America,HighTurnover,
comp_7041,,MidRevenue,LightAsset,North_America,HighTurnover,
comp_7042,,MidRevenue,LightAsset,North_America,HighTurnover,
comp_7043,,LowRevenue,LightAsset,North_America,MidTurnover,
comp_7044,,MidRevenue,LightAsset,North_America,HighTurnover,
comp_7045,,MidRevenue,LightAsset,North_America,HighTurnover,
comp_7046,,MidRevenue,LightAsset,North_America,HighTurnover,
comp_7047,,LowRevenue,LightAsset,North_America,LowTurnover,
comp_7048,,MidRevenue,LightAsset,North_America,HighTurnover,
comp_7049,,MidRevenue,LightAsset,North_America,HighTurnover,
comp_7050,,LowRevenue,LightAsset,North_America,LowTurnover,
comp_7051,,MidRevenue,LightAsset,North_America,HighTurnover,
comp_7052,,LowRevenue,LightAsset,North_America,MidTurnover,
comp_7053,,MidRevenue,LightAsset,North_America,HighTurnover,
comp_7054,,MidRevenue,LightAsset,North_America,HighTurnover,
comp_7055,,MidRevenue,LightAsset,North_America,HighTurnover,
comp_7056,,MidRevenue,LightAsset,North_America,HighTurnover,
comp_7057,,MidRevenue,LightAsset,North_America,HighTurnover,
comp_7058,,MidRevenue,LightAsset,North_America,HighTurnover,
comp_7059,,LowRevenue,LightAsset,North_America,MidTurnover,
comp_7060,,VeryLowRevenue,LightAsset,North_America,LowTurnover,
comp_7061,,MidRevenue,LightAsset,North_America,HighTurnover,
comp_7062,,VeryLowRevenue,LightAsset,North_America,LowTurnover,
comp_7063,,LowRevenue,LightAsset,North_America,LowTurnover,
comp_7064,,,LightAsset,North_America,,
comp_7065,,VeryLowRevenue,LightAsset,North_America,LowTurnover,
comp_7066,,MidRevenue,LightAsset,North_America,HighTurnover,
comp_7067,,MidRevenue,LightAsset,North_America,HighTurnover,
comp_7068,,MidRevenue,LightAsset,North_America,HighTurnover,
comp_7069,,MidRevenue,LightAsset,North_America,HighTurnover,
comp_7070,,LowRevenue,LightAsset,North_America,MidTurnover,
comp_7071,,MidRevenue,LightAsset,North_America,HighTurnover,
comp_7072,,LowRevenue,LightAsset,North_America,HighTurnover,
comp_7073,,,LightAsset,North_America,,
comp_7074,,MidRevenue,LightAsset,North_America,HighTurnover,
comp_7075,,LowRevenue,LightAsset,North_America,MidTurnover,
comp_7076,,MidRevenue,MicroAsset,North_America,HighTurnover,
comp_7077,,,MicroAsset,North_America,,
comp_7078,,MidRevenue,MicroAsset,North_America,HighTurnover,
comp_7079,,MidRevenue,MicroAsset,North_America,HighTurnover,
comp_7080,,MidRevenue,MicroAsset,North_America,HighTurnover,
comp_7081,,MidRevenue,MicroAsset,North_America,HighTurnover,
comp_7082,,MidRevenue,MicroAsset,North_America,HighTurnover,
comp_7083,,MidRevenue,MicroAsset,North_America,HighTurnover,
comp_7084,,LowRevenue,MicroAsset,North_America,MidTurnover,
comp_7085,,MidRevenue,MicroAsset,North_America,HighTurnover,
comp_7086,,MidRevenue,MicroAsset,North_America,HighTurnover,
comp_7087,,LowRevenue,MicroAsset,North_America,MidTurnover,
comp_7088,,MidRevenue,MicroAsset,North_America,HighTurnover,
comp_7089,,MidRevenue,MicroAsset,North_America,HighTurnover,
comp_7090,,,MicroAsset,North_America,,
comp_7091,,MidRevenue,MicroAsset,North_America,HighTurnover,
comp_7092,,MidRevenue,MicroAsset,North_America,HighTurnover,
comp_7093,,,MicroAsset,North_America,,
comp_7094,,LowRevenue,MicroAsset,North_America,MidTurnover,
comp_7095,,MidRevenue,MicroAsset,North_America,HighTurnover,
comp_7096,,VeryLowRevenue,MicroAsset,North_America,LowTurnover,
comp_7097,,MidRevenue,MicroAsset,North_America,HighTurnover,
comp_7098,,MidRevenue,MicroAsset,North_America,HighTurnover,
comp_7099,,MidRevenue,MicroAsset,North_America,HighTurnover,
comp_7100,,MidRevenue,MicroAsset,North_America,HighTurnover,
comp_7101,,LowRevenue,MicroAsset,North_America,HighTurnover,
comp_7102,,MidRevenue,MicroAsset,North_America,HighTurnover,
comp_7103,,MidRevenue,MicroAsset,North_America,HighTurnover,
comp_7104,,MidRevenue,MicroAsset,North_America,HighTurnover,
comp_7105,,MidRevenue,MicroAsset,North_America,HighTurnover,
comp_7106,,LowRevenue,MicroAsset,North_America,HighTurnover,
comp_7107,,,MicroAsset,North_America,,
comp_7108,,MidRevenue,MicroAsset,North_America,HighTurnover,
comp_7109,,LowRevenue,MicroAsset,North_America,HighTurnover,
comp_7110,,MidRevenue,MicroAsset,North_America,HighTurnover,
comp_7111,,MidRevenue,MicroAsset,North_America,HighTurnover,
comp_7112,,LowRevenue,MicroAsset,North_America,MidTurnover,
comp_7113,,LowRevenue,MicroAsset,North_America,HighTurnover,
comp_7114,,MidRevenue,MicroAsset,North_America,HighTurnover,
comp_7115,,LowRevenue,MicroAsset,North_America,MidTurnover,
comp_7116,,MidRevenue,MicroAsset,North_America,HighTurnover,
comp_7117,,MidRevenue,MicroAsset,North_America,HighTurnover,
comp_7118,,LowRevenue,MicroAsset,North_America,HighTurnover,
comp_7119,,MidRevenue,MicroAsset,North_America,HighTurnover,
comp_7120,,LowRevenue,MicroAsset,North_America,HighTurnover,
comp_7121,,MidRevenue,MicroAsset,North_America,HighTurnover,
comp_7122,,MidRevenue,MicroAsset,North_America,HighTurnover,
comp_7123,,,MicroAsset,North_America,,
comp_7124,,MidRevenue,MicroAsset,North_America,HighTurnover,
comp_7125,,MidRevenue,MicroAsset,North_America,HighTurnover,
comp_7126,,MidRevenue,MicroAsset,North_America,HighTurnover,
comp_7127,,LowRevenue,MicroAsset,North_America,HighTurnover,
comp_7128,,LowRevenue,MicroAsset,North_America,HighTurnover,
comp_7129,,VeryLowRevenue,MicroAsset,North_America,LowTurnover,
comp_7130,,MidRevenue,MicroAsset,North_America,HighTurnover,
comp_7131,,MidRevenue,MicroAsset,North_America,HighTurnover,
comp_7132,,LowRevenue,MicroAsset,North_America,HighTurnover,
comp_7133,,MidRevenue,MicroAsset,North_America,HighTurnover,
comp_7134,,,MicroAsset,North_America,,
comp_7135,,LowRevenue,MicroAsset,North_America,HighTurnover,
comp_7136,,LowRevenue,MicroAsset,North_America,HighTurnover,
comp_7137,,LowRevenue,MicroAsset,North_America,HighTurnover,
comp_7138,,LowRevenue,MicroAsset,North_America,MidTurnover,
comp_7139,,LowRevenue,MicroAsset,North_America,HighTurnover,
comp_7140,,LowRevenue,MicroAsset,North_America,HighTurnover,
comp_7141,,LowRevenue,MicroAsset,North_America,HighTurnover,
comp_7142,,MidRevenue,MicroAsset,North_America,HighTurnover,
comp_7143,,,MicroAsset,North_America,,
comp_7144,,MidRevenue,MicroAsset,North_America,HighTurnover,
comp_7145,,LowRevenue,MicroAsset,North_America,HighTurnover,
comp_7146,,VeryLowRevenue,MicroAsset,North_America,LowTurnover,
comp_7147,,LowRevenue,MicroAsset,North_America,HighTurnover,
comp_7148,,,MicroAsset,North_America,,
comp_7149,,LowRevenue,MicroAsset,North_America,HighTurnover,
comp_7150,,MidRevenue,MicroAsset,North_America,HighTurnover,
comp_7151,,LowRevenue,MicroAsset,North_America,MidTurnover,
comp_7152,,MidRevenue,MicroAsset,North_America,HighTurnover,
comp_7153,,LowRevenue,MicroAsset,North_America,HighTurnover,
comp_7154,,LowRevenue,MicroAsset,North_America,HighTurnover,
comp_7155,,MidRevenue,MicroAsset,North_America,HighTurnover,
comp_7156,,MidRevenue,MicroAsset,North_America,HighTurnover,
comp_7157,,MidRevenue,MicroAsset,North_America,HighTurnover,
comp_7158,,LowRevenue,MicroAsset,North_America,HighTurnover,
comp_7159,,LowRevenue,MicroAsset,North_America,HighTurnover,
comp_7160,,MidRevenue,MicroAsset,North_America,HighTurnover,
comp_7161,,MidRevenue,MicroAsset,North_America,HighTurnover,
comp_7162,,LowRevenue,MicroAsset,North_America,HighTurnover,
comp_7163,,MidRevenue,MicroAsset,North_America,HighTurnover,
comp_7164,,LowRevenue,MicroAsset,North_America,LowTurnover,
comp_7165,,MidRevenue,MicroAsset,North_America,HighTurnover,
comp_7166,,VeryLowRevenue,MicroAsset,North_America,LowTurnover,
comp_7167,,,MicroAsset,North_America,,
comp_7168,,MidRevenue,MicroAsset,North_America,HighTurnover,
comp_7169,,LowRevenue,MicroAsset,North_America,HighTurnover,
comp_7170,,MidRevenue,MicroAsset,North_America,HighTurnover,
comp_7171,,MidRevenue,MicroAsset,North_America,HighTurnover,
comp_7172,,LowRevenue,MicroAsset,North_America,HighTurnover,
comp_7173,,LowRevenue,MicroAsset,North_America,HighTurnover,
comp_7174,,MidRevenue,MicroAsset,North_America,HighTurnover,
comp_7175,,MidRevenue,MicroAsset,North_America,HighTurnover,
comp_7176,,MidRevenue,MicroAsset,North_America,HighTurnover,
comp_7177,,MidRevenue,MicroAsset,North_America,HighTurnover,
comp_7178,,LowRevenue,MicroAsset,North_America,HighTurnover,
comp_7179,,MidRevenue,MicroAsset,North_America,HighTurnover,
comp_7180,,,MicroAsset,North_America,,
comp_7181,,MidRevenue,MicroAsset,North_America,HighTurnover,
comp_7182,,,MicroAsset,North_America,,
comp_7183,,LowRevenue,MicroAsset,North_America,MidTurnover,
comp_7184,,LowRevenue,MicroAsset,North_America,LowTurnover,
comp_7185,,LowRevenue,MicroAsset,North_America,HighTurnover,
comp_7186,,MidRevenue,MicroAsset,North_America,HighTurnover,
comp_7187,,LowRevenue,MicroAsset,North_America,HighTurnover,
comp_7188,,LowRevenue,MicroAsset,North_America,HighTurnover,
comp_7189,,MidRevenue,MicroAsset,North_America,HighTurnover,
comp_7190,,LowRevenue,MicroAsset,North_America,HighTurnover,
comp_7191,,VeryLowRevenue,MicroAsset,North_America,LowTurnover,
comp_7192,,,MicroAsset,North_America,,
comp_7193,,MidRevenue,MicroAsset,North_America,HighTurnover,
comp_7194,,,MicroAsset,North_America,,
comp_7195,,MidRevenue,MicroAsset,North_America,HighTurnover,
comp_7196,,MidRevenue,MicroAsset,North_America,HighTurnover,
comp_7197,,MidRevenue,MicroAsset,North_America,HighTurnover,
comp_7198,,MidRevenue,MicroAsset,North_America,HighTurnover,
comp_7199,,MidRevenue,MicroAsset,North_America,HighTurnover,
comp_7200,,MidRevenue,MicroAsset,North_America,HighTurnover,
comp_7201,,,MicroAsset,North_America,,
comp_7202,,LowRevenue,MicroAsset,North_America,HighTurnover,
comp_7203,,,MicroAsset,North_America,,
comp_7204,,,MicroAsset,North_America,,
comp_7205,,MidRevenue,MicroAsset,North_America,HighTurnover,
comp_7206,,MidRevenue,MicroAsset,North_America,HighTurnover,
comp_7207,,LowRevenue,MicroAsset,North_America,HighTurnover,
comp_7208,,,MicroAsset,North_America,,
comp_7209,,VeryLowRevenue,MicroAsset,North_America,LowTurnover,
comp_7210,,MidRevenue,MicroAsset,North_America,HighTurnover,
comp_7211,,,MicroAsset,North_America,,
comp_7212,,LowRevenue,MicroAsset,North_America,HighTurnover,
comp_7213,,,MicroAsset,North_America,,
comp_7214,,LowRevenue,MicroAsset,North_America,HighTurnover,
comp_7215,,LowRevenue,MicroAsset,North_America,MidTurnover,
comp_7216,,LowRevenue,MicroAsset,North_America,HighTurnover,
comp_7217,,MidRevenue,MicroAsset,North_America,HighTurnover,
comp_7218,,LowRevenue,MicroAsset,North_America,HighTurnover,
comp_7219,,MidRevenue,MicroAsset,North_America,HighTurnover,
comp_7220,,MidRevenue,MicroAsset,North_America,HighTurnover,
comp_7221,,LowRevenue,MicroAsset,North_America,HighTurnover,
comp_7222,,LowRevenue,MicroAsset,North_America,HighTurnover,
comp_7223,,,MicroAsset,North_America,,
comp_7224,,LowRevenue,MicroAsset,North_America,HighTurnover,
comp_7225,,LowRevenue,MicroAsset,North_America,HighTurnover,
comp_7226,,LowRevenue,MicroAsset,North_America,HighTurnover,
comp_7227,,MidRevenue,MicroAsset,North_America,HighTurnover,
comp_7228,,LowRevenue,MicroAsset,North_America,HighTurnover,
comp_7229,,LowRevenue,MicroAsset,North_America,HighTurnover,
comp_7230,,LowRevenue,MicroAsset,North_America,HighTurnover,
comp_7231,,MidRevenue,MicroAsset,North_America,HighTurnover,
comp_7232,,MidRevenue,MicroAsset,North_America,HighTurnover,
comp_7233,,LowRevenue,MicroAsset,North_America,MidTurnover,
comp_7234,,,MicroAsset,North_America,,
comp_7235,,,MicroAsset,North_America,,
comp_7236,,LowRevenue,MicroAsset,North_America,HighTurnover,
comp_7237,,MidRevenue,MicroAsset,North_America,HighTurnover,
comp_7238,,LowRevenue,MicroAsset,North_America,HighTurnover,
comp_7239,,LowRevenue,MicroAsset,North_America,HighTurnover,
comp_7240,,LowRevenue,MicroAsset,North_America,HighTurnover,
comp_7241,,LowRevenue,MicroAsset,North_America,HighTurnover,
comp_7242,,LowRevenue,MicroAsset,North_America,HighTurnover,
comp_7243,,LowRevenue,MicroAsset,North_America,HighTurnover,
comp_7244,,LowRevenue,MicroAsset,North_America,HighTurnover,
comp_7245,,LowRevenue,MicroAsset,North_America,HighTurnover,
comp_7246,,LowRevenue,MicroAsset,North_America,HighTurnover,
comp_7247,,,MicroAsset,North_America,,
comp_7248,,LowRevenue,MicroAsset,North_America,HighTurnover,
comp_7249,,LowRevenue,MicroAsset,North_America,LowTurnover,
comp_7250,,LowRevenue,MicroAsset,North_America,HighTurnover,
comp_7251,,,MicroAsset,North_America,,
comp_7252,,LowRevenue,MicroAsset,North_America,MidTurnover,
comp_7253,,VeryLowRevenue,MicroAsset,North_America,LowTurnover,
comp_7254,,LowRevenue,MicroAsset,North_America,HighTurnover,
comp_7255,,,MicroAsset,North_America,,
comp_7256,,LowRevenue,MicroAsset,North_America,HighTurnover,
comp_7257,,,MicroAsset,North_America,,
comp_7258,,MidRevenue,MicroAsset,North_America,HighTurnover,
comp_7259,,MidRevenue,MicroAsset,North_America,HighTurnover,
comp_7260,,LowRevenue,MicroAsset,North_America,HighTurnover,
comp_7261,,MidRevenue,MicroAsset,North_America,HighTurnover,
comp_7262,,LowRevenue,MicroAsset,North_America,HighTurnover,
comp_7263,,LowRevenue,MicroAsset,North_America,MidTurnover,
comp_7264,,,MicroAsset,North_America,,
comp_7265,,LowRevenue,MicroAsset,North_America,HighTurnover,
comp_7266,,LowRevenue,MicroAsset,North_America,HighTurnover,
comp_7267,,LowRevenue,MicroAsset,North_America,HighTurnover,
comp_7268,,LowRevenue,MicroAsset,North_America,HighTurnover,
comp_7269,,LowRevenue,MicroAsset,North_America,HighTurnover,
comp_7270,,LowRevenue,MicroAsset,North_America,HighTurnover,
comp_7271,,VeryLowRevenue,MicroAsset,North_America,LowTurnover,
comp_7272,,LowRevenue,MicroAsset,North_America,HighTurnover,
comp_7273,,LowRevenue,MicroAsset,North_America,HighTurnover,
comp_7274,,LowRevenue,MicroAsset,North_America,HighTurnover,
comp_7275,,VeryLowRevenue,MicroAsset,North_America,LowTurnover,
comp_7276,,LowRevenue,MicroAsset,North_America,HighTurnover,
comp_7277,,MidRevenue,MicroAsset,North_America,HighTurnover,
comp_7278,,LowRevenue,MicroAsset,North_America,HighTurnover,
comp_7279,,LowRevenue,MicroAsset,North_America,HighTurnover,
comp_7280,,LowRevenue,MicroAsset,North_America,MidTurnover,
comp_7281,,LowRevenue,MicroAsset,North_America,HighTurnover,
comp_7282,,LowRevenue,MicroAsset,North_America,HighTurnover,
comp_7283,,MidRevenue,MicroAsset,North_America,HighTurnover,
comp_7284,,LowRevenue,MicroAsset,North_America,HighTurnover,
comp_7285,,LowRevenue,MicroAsset,North_America,HighTurnover,
comp_7286,,MidRevenue,MicroAsset,North_America,HighTurnover,
comp_7287,,LowRevenue,MicroAsset,North_America,HighTurnover,
comp_7288,,LowRevenue,MicroAsset,North_America,HighTurnover,
comp_7289,,,MicroAsset,North_America,,
comp_7290,,MidRevenue,MicroAsset,North_America,HighTurnover,
comp_7291,,LowRevenue,MicroAsset,North_America,HighTurnover,
comp_7292,,LowRevenue,MicroAsset,North_America,HighTurnover,
comp_7293,,,MicroAsset,North_America,,
comp_7294,,LowRevenue,MicroAsset,North_America,HighTurnover,
comp_7295,,MidRevenue,MicroAsset,North_America,HighTurnover,
comp_7296,,MidRevenue,MicroAsset,North_America,HighTurnover,
comp_7297,,LowRevenue,MicroAsset,North_America,HighTurnover,
comp_7298,,LowRevenue,MicroAsset,North_America,HighTurnover,
comp_7299,,LowRevenue,MicroAsset,North_America,HighTurnover,
comp_7300,,LowRevenue,MicroAsset,North_America,HighTurnover,
comp_7301,,LowRevenue,MicroAsset,North_America,HighTurnover,
comp_7302,,LowRevenue,MicroAsset,North_America,HighTurnover,
comp_7303,,LowRevenue,MicroAsset,North_America,HighTurnover,
comp_7304,,VeryLowRevenue,MicroAsset,North_America,LowTurnover,
comp_7305,,LowRevenue,MicroAsset,North_America,HighTurnover,
comp_7306,,LowRevenue,MicroAsset,North_America,HighTurnover,
comp_7307,,LowRevenue,MicroAsset,North_America,HighTurnover,
comp_7308,,LowRevenue,MicroAsset,North_America,HighTurnover,
comp_7309,,LowRevenue,MicroAsset,North_America,HighTurnover,
comp_7310,,VeryLowRevenue,MicroAsset,North_America,LowTurnover,
comp_7311,,,MicroAsset,North_America,,
comp_7312,,LowRevenue,MicroAsset,North_America,HighTurnover,
comp_7313,,LowRevenue,MicroAsset,North_America,MidTurnover,
comp_7314,,LowRevenue,MicroAsset,North_America,HighTurnover,
comp_7315,,,MicroAsset,North_America,,
comp_7316,,LowRevenue,MicroAsset,North_America,HighTurnover,
comp_7317,,LowRevenue,MicroAsset,North_America,HighTurnover,
comp_7318,,LowRevenue,MicroAsset,North_America,HighTurnover,
comp_7319,,LowRevenue,MicroAsset,North_America,HighTurnover,
comp_7320,,,MicroAsset,North_America,,
comp_7321,,LowRevenue,MicroAsset,North_America,HighTurnover,
comp_7322,,,MicroAsset,North_America,,
comp_7323,,MidRevenue,MicroAsset,North_America,HighTurnover,
comp_7324,,LowRevenue,MicroAsset,North_America,HighTurnover,
comp_7325,,LowRevenue,MicroAsset,North_America,MidTurnover,
comp_7326,,VeryLowRevenue,MicroAsset,North_America,LowTurnover,
comp_7327,,,MicroAsset,North_America,,
comp_7328,,LowRevenue,MicroAsset,North_America,HighTurnover,
comp_7329,,LowRevenue,MicroAsset,North_America,HighTurnover,
comp_7330,,LowRevenue,MicroAsset,North_America,HighTurnover,
comp_7331,,LowRevenue,MicroAsset,North_America,HighTurnover,
comp_7332,,LowRevenue,MicroAsset,North_America,HighTurnover,
comp_7333,,LowRevenue,MicroAsset,North_America,HighTurnover,
comp_7334,,LowRevenue,MicroAsset,North_America,HighTurnover,
comp_7335,,LowRevenue,MicroAsset,North_America,HighTurnover,
comp_7336,,,MicroAsset,North_America,,
comp_7337,,LowRevenue,MicroAsset,North_America,HighTurnover,
comp_7338,,LowRevenue,MicroAsset,North_America,HighTurnover,
comp_7339,,LowRevenue,MicroAsset,North_America,HighTurnover,
comp_7340,,LowRevenue,MicroAsset,North_America,HighTurnover,
comp_7341,,,MicroAsset,North_America,,
comp_7342,,,MicroAsset,North_America,,
comp_7343,,LowRevenue,MicroAsset,North_America,HighTurnover,
comp_7344,,LowRevenue,MicroAsset,North_America,HighTurnover,
comp_7345,,LowRevenue,MicroAsset,North_America,HighTurnover,
comp_7346,,,MicroAsset,North_America,,
comp_7347,,LowRevenue,MicroAsset,North_America,HighTurnover,
comp_7348,,,MicroAsset,North_America,,
comp_7349,,LowRevenue,MicroAsset,North_America,HighTurnover,
comp_7350,,LowRevenue,MicroAsset,North_America,HighTurnover,
comp_7351,,LowRevenue,MicroAsset,North_America,HighTurnover,
comp_7352,,LowRevenue,MicroAsset,North_America,HighTurnover,
comp_7353,,LowRevenue,MicroAsset,North_America,HighTurnover,
comp_7354,,LowRevenue,MicroAsset,North_America,HighTurnover,
comp_7355,,LowRevenue,MicroAsset,North_America,HighTurnover,
comp_7356,,LowRevenue,MicroAsset,North_America,HighTurnover,
comp_7357,,LowRevenue,MicroAsset,North_America,HighTurnover,
comp_7358,,MidRevenue,MicroAsset,North_America,HighTurnover,
comp_7359,,LowRevenue,MicroAsset,North_America,HighTurnover,
comp_7360,,LowRevenue,MicroAsset,North_America,HighTurnover,
comp_7361,,LowRevenue,MicroAsset,North_America,HighTurnover,
comp_7362,,LowRevenue,MicroAsset,North_America,HighTurnover,
comp_7363,,LowRevenue,MicroAsset,North_America,HighTurnover,
comp_7364,,LowRevenue,MicroAsset,North_America,HighTurnover,
comp_7365,,LowRevenue,MicroAsset,North_America,HighTurnover,
comp_7366,,LowRevenue,MicroAsset,North_America,HighTurnover,
comp_7367,,LowRevenue,MicroAsset,North_America,HighTurnover,
comp_7368,,LowRevenue,MicroAsset,North_America,HighTurnover,
comp_7369,,LowRevenue,MicroAsset,North_America,HighTurnover,
comp_7370,,,MicroAsset,North_America,,
comp_7371,,LowRevenue,MicroAsset,North_America,HighTurnover,
comp_7372,,LowRevenue,MicroAsset,North_America,HighTurnover,
comp_7373,,LowRevenue,MicroAsset,North_America,HighTurnover,
comp_7374,,LowRevenue,MicroAsset,North_America,HighTurnover,
comp_7375,,LowRevenue,MicroAsset,North_America,HighTurnover,
comp_7376,,LowRevenue,MicroAsset,North_America,HighTurnover,
comp_7377,,LowRevenue,MicroAsset,North_America,HighTurnover,
comp_7378,,LowRevenue,MicroAsset,North_America,HighTurnover,
comp_7379,,LowRevenue,MicroAsset,North_America,HighTurnover,
comp_7380,,LowRevenue,MicroAsset,North_America,HighTurnover,
comp_7381,,VeryLowRevenue,MicroAsset,North_America,LowTurnover,
comp_7382,,LowRevenue,MicroAsset,North_America,HighTurnover,
comp_7383,,LowRevenue,MicroAsset,North_America,HighTurnover,
comp_7384,,LowRevenue,MicroAsset,North_America,HighTurnover,
comp_7385,,LowRevenue,MicroAsset,North_America,HighTurnover,
comp_7386,,,MicroAsset,North_America,,
comp_7387,,,MicroAsset,North_America,,
comp_7388,,LowRevenue,MicroAsset,North_America,HighTurnover,
comp_7389,,LowRevenue,MicroAsset,North_America,HighTurnover,
comp_7390,,LowRevenue,MicroAsset,North_America,HighTurnover,
comp_7391,,LowRevenue,MicroAsset,North_America,HighTurnover,
comp_7392,,LowRevenue,MicroAsset,North_America,HighTurnover,
comp_7393,,LowRevenue,MicroAsset,North_America,HighTurnover,
comp_7394,,VeryLowRevenue,MicroAsset,North_America,LowTurnover,
comp_7395,,LowRevenue,MicroAsset,North_America,HighTurnover,
comp_7396,,LowRevenue,MicroAsset,North_America,HighTurnover,
comp_7397,,LowRevenue,MicroAsset,North_America,MidTurnover,
comp_7398,,MidRevenue,MicroAsset,North_America,HighTurnover,
comp_7399,,LowRevenue,MicroAsset,North_America,HighTurnover,
comp_7400,,LowRevenue,MicroAsset,North_America,HighTurnover,
comp_7401,,LowRevenue,MicroAsset,North_America,HighTurnover,
comp_7402,,LowRevenue,MicroAsset,North_America,HighTurnover,
comp_7403,,LowRevenue,MicroAsset,North_America,HighTurnover,
comp_7404,,,MicroAsset,North_America,,
comp_7405,,LowRevenue,MicroAsset,North_America,HighTurnover,
comp_7406,,LowRevenue,MicroAsset,North_America,HighTurnover,
comp_7407,,LowRevenue,MicroAsset,North_America,HighTurnover,
comp_7408,,,MicroAsset,North_America,,
comp_7409,,LowRevenue,MicroAsset,North_America,HighTurnover,
comp_7410,,LowRevenue,MicroAsset,North_America,HighTurnover,
comp_7411,,,MicroAsset,North_America,,
comp_7412,,LowRevenue,MicroAsset,North_America,HighTurnover,
comp_7413,,LowRevenue,MicroAsset,North_America,HighTurnover,
comp_7414,,LowRevenue,MicroAsset,North_America,HighTurnover,
comp_7415,,LowRevenue,MicroAsset,North_America,HighTurnover,
comp_7416,,LowRevenue,MicroAsset,North_America,HighTurnover,
comp_7417,,LowRevenue,MicroAsset,North_America,HighTurnover,
comp_7418,,VeryLowRevenue,MicroAsset,North_America,LowTurnover,
comp_7419,,LowRevenue,MicroAsset,North_America,HighTurnover,
comp_7420,,,MicroAsset,North_America,,
comp_7421,,LowRevenue,MicroAsset,North_America,HighTurnover,
comp_7422,,LowRevenue,MicroAsset,North_America,HighTurnover,
comp_7423,,MidRevenue,MicroAsset,North_America,HighTurnover,
comp_7424,,LowRevenue,MicroAsset,North_America,HighTurnover,
comp_7425,,,MicroAsset,North_America,,
comp_7426,,,MicroAsset,North_America,,
comp_7427,,LowRevenue,MicroAsset,North_America,HighTurnover,
comp_7428,,LowRevenue,MicroAsset,North_America,HighTurnover,
comp_7429,,LowRevenue,MicroAsset,North_America,HighTurnover,
comp_7430,,MidRevenue,MicroAsset,North_America,HighTurnover,
comp_7431,,LowRevenue,MicroAsset,North_America,HighTurnover,
comp_7432,,LowRevenue,MicroAsset,North_America,HighTurnover,
comp_7433,,LowRevenue,MicroAsset,North_America,HighTurnover,
comp_7434,,VeryLowRevenue,MicroAsset,North_America,LowTurnover,
comp_7435,,LowRevenue,MicroAsset,North_America,HighTurnover,
comp_7436,,LowRevenue,MicroAsset,North_America,HighTurnover,
comp_7437,,VeryLowRevenue,MicroAsset,North_America,LowTurnover,
comp_7438,,LowRevenue,MicroAsset,North_America,HighTurnover,
comp_7439,,,MicroAsset,North_America,,
comp_7440,,LowRevenue,MicroAsset,North_America,HighTurnover,
comp_7441,,LowRevenue,MicroAsset,North_America,HighTurnover,
comp_7442,,MidRevenue,MicroAsset,North_America,HighTurnover,
comp_7443,,LowRevenue,MicroAsset,North_America,HighTurnover,
comp_7444,,LowRevenue,MicroAsset,North_America,HighTurnover,
comp_7445,,LowRevenue,MicroAsset,North_America,HighTurnover,
comp_7446,,LowRevenue,MicroAsset,North_America,HighTurnover,
comp_7447,,,MicroAsset,North_America,,
comp_7448,,VeryLowRevenue,MicroAsset,North_America,LowTurnover,
comp_7449,,LowRevenue,MicroAsset,North_America,HighTurnover,
comp_7450,,LowRevenue,MicroAsset,North_America,HighTurnover,
comp_7451,,LowRevenue,MicroAsset,North_America,HighTurnover,
comp_7452,,LowRevenue,MicroAsset,North_America,HighTurnover,
comp_7453,,LowRevenue,MicroAsset,North_America,HighTurnover,
comp_7454,,LowRevenue,MicroAsset,North_America,HighTurnover,
comp_7455,,LowRevenue,MicroAsset,North_America,HighTurnover,
comp_7456,,LowRevenue,MicroAsset,North_America,HighTurnover,
comp_7457,,LowRevenue,MicroAsset,North_America,HighTurnover,
comp_7458,,LowRevenue,MicroAsset,North_America,HighTurnover,
comp_7459,,LowRevenue,MicroAsset,North_America,HighTurnover,
comp_7460,,LowRevenue,MicroAsset,North_America,HighTurnover,
comp_7461,,LowRevenue,MicroAsset,North_America,HighTurnover,
comp_7462,,,MicroAsset,North_America,,
comp_7463,,LowRevenue,MicroAsset,North_America,HighTurnover,
comp_7464,,LowRevenue,MicroAsset,North_America,HighTurnover,
comp_7465,,LowRevenue,MicroAsset,North_America,HighTurnover,
comp_7466,,LowRevenue,MicroAsset,North_America,HighTurnover,
comp_7467,,LowRevenue,MicroAsset,North_America,HighTurnover,
comp_7468,,LowRevenue,MicroAsset,North_America,HighTurnover,
comp_7469,,LowRevenue,MicroAsset,North_America,HighTurnover,
comp_7470,,LowRevenue,MicroAsset,North_America,HighTurnover,
comp_7471,,LowRevenue,MicroAsset,North_America,HighTurnover,
comp_7472,,LowRevenue,MicroAsset,North_America,HighTurnover,
comp_7473,,LowRevenue,MicroAsset,North_America,HighTurnover,
comp_7474,,LowRevenue,MicroAsset,North_America,HighTurnover,
comp_7475,,LowRevenue,MicroAsset,North_America,HighTurnover,
comp_7476,,LowRevenue,MicroAsset,North_America,HighTurnover,
comp_7477,,LowRevenue,MicroAsset,North_America,HighTurnover,
comp_7478,,LowRevenue,MicroAsset,North_America,HighTurnover,
comp_7479,,LowRevenue,MicroAsset,North_America,HighTurnover,
comp_7480,,MidRevenue,MicroAsset,North_America,HighTurnover,
comp_7481,,LowRevenue,MicroAsset,North_America,HighTurnover,
comp_7482,,LowRevenue,MicroAsset,North_America,HighTurnover,
comp_7483,,LowRevenue,MicroAsset,North_America,HighTurnover,
comp_7484,,LowRevenue,MicroAsset,North_America,HighTurnover,
comp_7485,,LowRevenue,MicroAsset,North_America,HighTurnover,
comp_7486,,LowRevenue,MicroAsset,North_America,HighTurnover,
comp_7487,,LowRevenue,MicroAsset,North_America,HighTurnover,
comp_7488,,LowRevenue,MicroAsset,North_America,HighTurnover,
comp_7489,,VeryLowRevenue,MicroAsset,North_America,MidTurnover,
comp_7490,,LowRevenue,MicroAsset,North_America,HighTurnover,
comp_7491,,LowRevenue,MicroAsset,North_America,HighTurnover,
comp_7492,,LowRevenue,MicroAsset,North_America,HighTurnover,
comp_7493,,VeryLowRevenue,MicroAsset,North_America,LowTurnover,
comp_7494,,LowRevenue,MicroAsset,North_America,HighTurnover,
comp_7495,,LowRevenue,MicroAsset,North_America,HighTurnover,
comp_7496,,LowRevenue,MicroAsset,North_America,HighTurnover,
comp_7497,,LowRevenue,MicroAsset,North_America,HighTurnover,
comp_7498,,,MicroAsset,North_America,,
comp_7499,,LowRevenue,MicroAsset,North_America,HighTurnover,
comp_7500,,LowRevenue,MicroAsset,North_America,HighTurnover,
comp_7501,,LowRevenue,MicroAsset,North_America,HighTurnover,
comp_7502,,LowRevenue,MicroAsset,North_America,HighTurnover,
comp_7503,,,MicroAsset,North_America,,
comp_7504,,LowRevenue,MicroAsset,North_America,HighTurnover,
comp_7505,,LowRevenue,MicroAsset,North_America,HighTurnover,
comp_7506,,LowRevenue,MicroAsset,North_America,HighTurnover,
comp_7507,,LowRevenue,MicroAsset,North_America,HighTurnover,
comp_7508,,,MicroAsset,North_America,,
comp_7509,,VeryLowRevenue,MicroAsset,North_America,LowTurnover,
comp_7510,,LowRevenue,MicroAsset,North_America,HighTurnover,
comp_7511,,LowRevenue,MicroAsset,North_America,HighTurnover,
comp_7512,,LowRevenue,MicroAsset,North_America,HighTurnover,
comp_7513,,LowRevenue,MicroAsset,North_America,HighTurnover,
comp_7514,,LowRevenue,MicroAsset,North_America,HighTurnover,
comp_7515,,LowRevenue,MicroAsset,North_America,HighTurnover,
comp_7516,,,MicroAsset,North_America,,
comp_7517,,LowRevenue,MicroAsset,North_America,HighTurnover,
comp_7518,,,MicroAsset,North_America,,
comp_7519,,LowRevenue,MicroAsset,North_America,HighTurnover,
comp_7520,,LowRevenue,MicroAsset,North_America,HighTurnover,
comp_7521,,LowRevenue,MicroAsset,North_America,HighTurnover,
comp_7522,,LowRevenue,MicroAsset,North_America,HighTurnover,
comp_7523,,LowRevenue,MicroAsset,North_America,HighTurnover,
comp_7524,,LowRevenue,MicroAsset,North_America,HighTurnover,
comp_7525,,LowRevenue,MicroAsset,North_America,HighTurnover,
comp_7526,,VeryLowRevenue,MicroAsset,North_America,MidTurnover,
comp_7527,,LowRevenue,MicroAsset,North_America,HighTurnover,
comp_7528,,LowRevenue,MicroAsset,North_America,HighTurnover,
comp_7529,,,MicroAsset,North_America,,
comp_7530,,LowRevenue,MicroAsset,North_America,HighTurnover,
comp_7531,,LowRevenue,MicroAsset,North_America,HighTurnover,
comp_7532,,LowRevenue,MicroAsset,North_America,HighTurnover,
comp_7533,,VeryLowRevenue,MicroAsset,North_America,MidTurnover,
comp_7534,,LowRevenue,MicroAsset,North_America,HighTurnover,
comp_7535,,LowRevenue,MicroAsset,North_America,HighTurnover,
comp_7536,,LowRevenue,MicroAsset,North_America,HighTurnover,
comp_7537,,LowRevenue,MicroAsset,North_America,HighTurnover,
comp_7538,,LowRevenue,MicroAsset,North_America,HighTurnover,
comp_7539,,LowRevenue,MicroAsset,North_America,HighTurnover,
comp_7540,,LowRevenue,MicroAsset,North_America,HighTurnover,
comp_7541,,LowRevenue,MicroAsset,North_America,HighTurnover,
comp_7542,,LowRevenue,MicroAsset,North_America,HighTurnover,
comp_7543,,LowRevenue,MicroAsset,North_America,HighTurnover,
comp_7544,,LowRevenue,MicroAsset,North_America,HighTurnover,
comp_7545,,LowRevenue,MicroAsset,North_America,HighTurnover,
comp_7546,,VeryLowRevenue,MicroAsset,North_America,MidTurnover,
comp_7547,,LowRevenue,MicroAsset,North_America,HighTurnover,
comp_7548,,LowRevenue,MicroAsset,North_America,HighTurnover,
comp_7549,,,MicroAsset,North_America,,
comp_7550,,LowRevenue,MicroAsset,North_America,HighTurnover,
comp_7551,,LowRevenue,MicroAsset,North_America,HighTurnover,
comp_7552,,LowRevenue,MicroAsset,North_America,HighTurnover,
comp_7553,,LowRevenue,MicroAsset,North_America,HighTurnover,
comp_7554,,LowRevenue,MicroAsset,North_America,HighTurnover,
comp_7555,,LowRevenue,MicroAsset,North_America,HighTurnover,
comp_7556,,LowRevenue,MicroAsset,North_America,HighTurnover,
comp_7557,,LowRevenue,MicroAsset,North_America,HighTurnover,
comp_7558,,LowRevenue,MicroAsset,North_America,HighTurnover,
comp_7559,,LowRevenue,MicroAsset,North_America,HighTurnover,
comp_7560,,LowRevenue,MicroAsset,North_America,HighTurnover,
comp_7561,,LowRevenue,MicroAsset,North_America,HighTurnover,
comp_7562,,LowRevenue,MicroAsset,North_America,HighTurnover,
comp_7563,,,MicroAsset,North_America,,
comp_7564,,LowRevenue,MicroAsset,North_America,HighTurnover,
comp_7565,,LowRevenue,MicroAsset,North_America,HighTurnover,
comp_7566,,,MicroAsset,North_America,,
comp_7567,,,MicroAsset,North_America,,
comp_7568,,LowRevenue,MicroAsset,North_America,HighTurnover,
comp_7569,,LowRevenue,MicroAsset,North_America,HighTurnover,
comp_7570,,LowRevenue,MicroAsset,North_America,HighTurnover,
comp_7571,,LowRevenue,MicroAsset,North_America,HighTurnover,
comp_7572,,LowRevenue,MicroAsset,North_America,HighTurnover,
comp_7573,,LowRevenue,MicroAsset,North_America,HighTurnover,
comp_7574,,LowRevenue,MicroAsset,North_America,HighTurnover,
comp_7575,,LowRevenue,MicroAsset,North_America,HighTurnover,
comp_7576,,LowRevenue,MicroAsset,North_America,HighTurnover,
comp_7577,,LowRevenue,MicroAsset,North_America,HighTurnover,
comp_7578,,LowRevenue,MicroAsset,North_America,HighTurnover,
comp_7579,,,MicroAsset,North_America,,
comp_7580,,LowRevenue,MicroAsset,North_America,HighTurnover,
comp_7581,,LowRevenue,MicroAsset,North_America,HighTurnover,
comp_7582,,LowRevenue,MicroAsset,North_America,HighTurnover,
comp_7583,,LowRevenue,MicroAsset,North_America,HighTurnover,
comp_7584,,LowRevenue,MicroAsset,North_America,HighTurnover,
comp_7585,,LowRevenue,MicroAsset,North_America,HighTurnover,
comp_7586,,LowRevenue,MicroAsset,North_America,HighTurnover,
comp_7587,,LowRevenue,MicroAsset,North_America,HighTurnover,
comp_7588,,LowRevenue,MicroAsset,North_America,HighTurnover,
comp_7589,,VeryLowRevenue,MicroAsset,North_America,LowTurnover,
comp_7590,,LowRevenue,MicroAsset,North_America,HighTurnover,
comp_7591,,LowRevenue,MicroAsset,North_America,HighTurnover,
comp_7592,,LowRevenue,MicroAsset,North_America,HighTurnover,
comp_7593,,LowRevenue,MicroAsset,North_America,HighTurnover,
comp_7594,,LowRevenue,MicroAsset,North_America,HighTurnover,
comp_7595,,LowRevenue,MicroAsset,North_America,HighTurnover,
comp_7596,,LowRevenue,MicroAsset,North_America,HighTurnover,
comp_7597,,LowRevenue,MicroAsset,North_America,HighTurnover,
comp_7598,,LowRevenue,MicroAsset,North_America,HighTurnover,
comp_7599,,VeryLowRevenue,MicroAsset,North_America,LowTurnover,
comp_7600,,LowRevenue,MicroAsset,North_America,HighTurnover,
comp_7601,,LowRevenue,MicroAsset,North_America,HighTurnover,
comp_7602,,LowRevenue,MicroAsset,North_America,HighTurnover,
comp_7603,,,MicroAsset,North_America,,
comp_7604,,LowRevenue,MicroAsset,North_America,HighTurnover,
comp_7605,,LowRevenue,MicroAsset,North_America,HighTurnover,
comp_7606,,LowRevenue,MicroAsset,North_America,HighTurnover,
comp_7607,,LowRevenue,MicroAsset,North_America,HighTurnover,
comp_7608,,LowRevenue,MicroAsset,North_America,HighTurnover,
comp_7609,,LowRevenue,MicroAsset,North_America,HighTurnover,
comp_7610,,LowRevenue,MicroAsset,North_America,HighTurnover,
comp_7611,,LowRevenue,MicroAsset,North_America,HighTurnover,
comp_7612,,LowRevenue,MicroAsset,North_America,HighTurnover,
comp_7613,,LowRevenue,MicroAsset,North_America,HighTurnover,
comp_7614,,,MicroAsset,North_America,,
comp_7615,,LowRevenue,MicroAsset,North_America,HighTurnover,
comp_7616,,LowRevenue,MicroAsset,North_America,HighTurnover,
comp_7617,,LowRevenue,MicroAsset,North_America,HighTurnover,
comp_7618,,LowRevenue,MicroAsset,North_America,HighTurnover,
comp_7619,,,MicroAsset,North_America,,
comp_7620,,LowRevenue,MicroAsset,North_America,HighTurnover,
comp_7621,,LowRevenue,MicroAsset,North_America,HighTurnover,
comp_7622,,LowRevenue,MicroAsset,North_America,HighTurnover,
comp_7623,,VeryLowRevenue,MicroAsset,North_America,LowTurnover,
comp_7624,,,MicroAsset,North_America,,
comp_7625,,LowRevenue,MicroAsset,North_America,HighTurnover,
comp_7626,,LowRevenue,MicroAsset,North_America,HighTurnover,
comp_7627,,LowRevenue,MicroAsset,North_America,HighTurnover,
comp_7628,,LowRevenue,MicroAsset,North_America,HighTurnover,
comp_7629,,LowRevenue,MicroAsset,North_America,HighTurnover,
comp_7630,,LowRevenue,MicroAsset,North_America,HighTurnover,
comp_7631,,LowRevenue,MicroAsset,North_America,HighTurnover,
comp_7632,,LowRevenue,MicroAsset,North_America,HighTurnover,
comp_7633,,LowRevenue,MicroAsset,North_America,HighTurnover,
comp_7634,,LowRevenue,MicroAsset,North_America,HighTurnover,
comp_7635,,LowRevenue,MicroAsset,North_America,HighTurnover,
comp_7636,,LowRevenue,MicroAsset,North_America,HighTurnover,
comp_7637,,LowRevenue,MicroAsset,North_America,HighTurnover,
comp_7638,,LowRevenue,MicroAsset,North_America,HighTurnover,
comp_7639,,LowRevenue,MicroAsset,North_America,HighTurnover,
comp_7640,,LowRevenue,MicroAsset,North_America,HighTurnover,
comp_7641,,LowRevenue,MicroAsset,North_America,HighTurnover,
comp_7642,,LowRevenue,MicroAsset,North_America,HighTurnover,
comp_7643,,LowRevenue,MicroAsset,North_America,HighTurnover,
comp_7644,,LowRevenue,MicroAsset,North_America,HighTurnover,
comp_7645,,LowRevenue,MicroAsset,North_America,HighTurnover,
comp_7646,,LowRevenue,MicroAsset,North_America,HighTurnover,
comp_7647,,LowRevenue,MicroAsset,North_America,HighTurnover,
comp_7648,,,MicroAsset,North_America,,
comp_7649,,LowRevenue,MicroAsset,North_America,HighTurnover,
comp_7650,,LowRevenue,MicroAsset,North_America,HighTurnover,
comp_7651,,LowRevenue,MicroAsset,North_America,HighTurnover,
comp_7652,,LowRevenue,MicroAsset,North_America,HighTurnover,
comp_7653,,LowRevenue,MicroAsset,North_America,HighTurnover,
comp_7654,,LowRevenue,MicroAsset,North_America,HighTurnover,
comp_7655,,MidRevenue,MicroAsset,North_America,HighTurnover,
comp_7656,,LowRevenue,MicroAsset,North_America,HighTurnover,
comp_7657,,VeryLowRevenue,MicroAsset,North_America,LowTurnover,
comp_7658,,LowRevenue,MicroAsset,North_America,HighTurnover,
comp_7659,,LowRevenue,MicroAsset,North_America,HighTurnover,
comp_7660,,LowRevenue,MicroAsset,North_America,HighTurnover,
comp_7661,,LowRevenue,MicroAsset,North_America,HighTurnover,
comp_7662,,VeryLowRevenue,MicroAsset,North_America,LowTurnover,
comp_7663,,LowRevenue,MicroAsset,North_America,HighTurnover,
comp_7664,,LowRevenue,MicroAsset,North_America,HighTurnover,
comp_7665,,LowRevenue,MicroAsset,North_America,HighTurnover,
comp_7666,,LowRevenue,MicroAsset,North_America,HighTurnover,
comp_7667,,LowRevenue,MicroAsset,North_America,HighTurnover,
comp_7668,,VeryLowRevenue,MicroAsset,North_America,LowTurnover,
comp_7669,,LowRevenue,MicroAsset,North_America,HighTurnover,
comp_7670,,LowRevenue,MicroAsset,North_America,HighTurnover,
comp_7671,,,MicroAsset,North_America,,
comp_7672,,LowRevenue,MicroAsset,North_America,HighTurnover,
comp_7673,,VeryLowRevenue,MicroAsset,North_America,LowTurnover,
comp_7674,,LowRevenue,MicroAsset,North_America,HighTurnover,
comp_7675,,LowRevenue,MicroAsset,North_America,HighTurnover,
comp_7676,,LowRevenue,MicroAsset,North_America,HighTurnover,
comp_7677,,LowRevenue,MicroAsset,North_America,HighTurnover,
comp_7678,,LowRevenue,MicroAsset,North_America,HighTurnover,
comp_7679,,LowRevenue,MicroAsset,North_America,HighTurnover,
comp_7680,,LowRevenue,MicroAsset,North_America,HighTurnover,
comp_7681,,LowRevenue,MicroAsset,North_America,HighTurnover,
comp_7682,,LowRevenue,MicroAsset,North_America,HighTurnover,
comp_7683,,VeryLowRevenue,MicroAsset,North_America,LowTurnover,
comp_7684,,LowRevenue,MicroAsset,North_America,HighTurnover,
comp_7685,,LowRevenue,MicroAsset,North_America,HighTurnover,
comp_7686,,LowRevenue,MicroAsset,North_America,HighTurnover,
comp_7687,,LowRevenue,MicroAsset,North_America,HighTurnover,
comp_7688,,LowRevenue,MicroAsset,North_America,HighTurnover,
comp_7689,,LowRevenue,MicroAsset,North_America,HighTurnover,
comp_7690,,LowRevenue,MicroAsset,North_America,HighTurnover,
comp_7691,,LowRevenue,MicroAsset,North_America,HighTurnover,
comp_7692,,LowRevenue,MicroAsset,North_America,HighTurnover,
comp_7693,,LowRevenue,MicroAsset,North_America,HighTurnover,
comp_7694,,LowRevenue,MicroAsset,North_America,HighTurnover,
comp_7695,,LowRevenue,MicroAsset,North_America,HighTurnover,
comp_7696,,LowRevenue,MicroAsset,North_America,HighTurnover,
comp_7697,,LowRevenue,MicroAsset,North_America,HighTurnover,
comp_7698,,LowRevenue,MicroAsset,North_America,HighTurnover,
comp_7699,,,MicroAsset,North_America,,
comp_7700,,LowRevenue,MicroAsset,North_America,HighTurnover,
comp_7701,,LowRevenue,MicroAsset,North_America,HighTurnover,
comp_7702,,,MicroAsset,North_America,,
comp_7703,,LowRevenue,MicroAsset,North_America,HighTurnover,
comp_7704,,,MicroAsset,North_America,,
comp_7705,,,MicroAsset,North_America,,
comp_7706,,LowRevenue,MicroAsset,North_America,HighTurnover,
comp_7707,,LowRevenue,MicroAsset,North_America,HighTurnover,
comp_7708,,LowRevenue,MicroAsset,North_America,HighTurnover,
comp_7709,,LowRevenue,MicroAsset,North_America,HighTurnover,
comp_7710,,LowRevenue,MicroAsset,North_America,HighTurnover,
comp_7711,,LowRevenue,MicroAsset,North_America,HighTurnover,
comp_7712,,LowRevenue,MicroAsset,North_America,HighTurnover,
comp_7713,,LowRevenue,MicroAsset,North_America,HighTurnover,
comp_7714,,LowRevenue,MicroAsset,North_America,HighTurnover,
comp_7715,,LowRevenue,MicroAsset,North_America,HighTurnover,
comp_7716,,LowRevenue,MicroAsset,North_America,HighTurnover,
comp_7717,,LowRevenue,MicroAsset,North_America,HighTurnover,
comp_7718,,LowRevenue,MicroAsset,North_America,HighTurnover,
comp_7719,,LowRevenue,MicroAsset,North_America,HighTurnover,
comp_7720,,LowRevenue,MicroAsset,North_America,HighTurnover,
comp_7721,,VeryLowRevenue,MicroAsset,North_America,HighTurnover,
comp_7722,,LowRevenue,MicroAsset,North_America,HighTurnover,
comp_7723,,LowRevenue,MicroAsset,North_America,HighTurnover,
comp_7724,,LowRevenue,MicroAsset,North_America,HighTurnover,
comp_7725,,LowRevenue,MicroAsset,North_America,HighTurnover,
comp_7726,,LowRevenue,MicroAsset,North_America,HighTurnover,
comp_7727,,LowRevenue,MicroAsset,North_America,HighTurnover,
comp_7728,,LowRevenue,MicroAsset,North_America,HighTurnover,
comp_7729,,LowRevenue,MicroAsset,North_America,HighTurnover,
comp_7730,,,MicroAsset,North_America,,
comp_7731,,LowRevenue,MicroAsset,North_America,HighTurnover,
comp_7732,,,MicroAsset,North_America,,
comp_7733,,LowRevenue,MicroAsset,North_America,HighTurnover,
comp_7734,,LowRevenue,MicroAsset,North_America,HighTurnover,
comp_7735,,LowRevenue,MicroAsset,North_America,HighTurnover,
comp_7736,,LowRevenue,MicroAsset,North_America,HighTurnover,
comp_7737,,LowRevenue,MicroAsset,North_America,HighTurnover,
comp_7738,,LowRevenue,MicroAsset,North_America,HighTurnover,
comp_7739,,LowRevenue,MicroAsset,North_America,HighTurnover,
comp_7740,,LowRevenue,MicroAsset,North_America,HighTurnover,
comp_7741,,LowRevenue,MicroAsset,North_America,HighTurnover,
comp_7742,,,MicroAsset,North_America,,
comp_7743,,LowRevenue,MicroAsset,North_America,HighTurnover,
comp_7744,,LowRevenue,MicroAsset,North_America,HighTurnover,
comp_7745,,LowRevenue,MicroAsset,North_America,HighTurnover,
comp_7746,,LowRevenue,MicroAsset,North_America,HighTurnover,
comp_7747,,LowRevenue,MicroAsset,North_America,HighTurnover,
comp_7748,,LowRevenue,MicroAsset,North_America,HighTurnover,
comp_7749,,LowRevenue,MicroAsset,North_America,HighTurnover,
comp_7750,,LowRevenue,MicroAsset,North_America,HighTurnover,
comp_7751,,LowRevenue,MicroAsset,North_America,HighTurnover,
comp_7752,,LowRevenue,MicroAsset,North_America,HighTurnover,
comp_7753,,LowRevenue,MicroAsset,North_America,HighTurnover,
comp_7754,,LowRevenue,MicroAsset,North_America,HighTurnover,
comp_7755,,LowRevenue,MicroAsset,North_America,HighTurnover,
comp_7756,,LowRevenue,MicroAsset,North_America,HighTurnover,
comp_7757,,LowRevenue,MicroAsset,North_America,HighTurnover,
comp_7758,,VeryLowRevenue,MicroAsset,North_America,MidTurnover,
comp_7759,,LowRevenue,MicroAsset,North_America,HighTurnover,
comp_7760,,,MicroAsset,North_America,,
comp_7761,,LowRevenue,MicroAsset,North_America,HighTurnover,
comp_7762,,LowRevenue,MicroAsset,North_America,HighTurnover,
comp_7763,,LowRevenue,MicroAsset,North_America,HighTurnover,
comp_7764,,LowRevenue,MicroAsset,North_America,HighTurnover,
comp_7765,,LowRevenue,MicroAsset,North_America,HighTurnover,
comp_7766,,LowRevenue,MicroAsset,North_America,HighTurnover,
comp_7767,,LowRevenue,MicroAsset,North_America,HighTurnover,
comp_7768,,LowRevenue,MicroAsset,North_America,HighTurnover,
comp_7769,,LowRevenue,MicroAsset,North_America,HighTurnover,
comp_7770,,LowRevenue,MicroAsset,North_America,HighTurnover,
comp_7771,,,MicroAsset,North_America,,
comp_7772,,LowRevenue,MicroAsset,North_America,HighTurnover,
comp_7773,,LowRevenue,MicroAsset,North_America,HighTurnover,
comp_7774,,LowRevenue,MicroAsset,North_America,HighTurnover,
comp_7775,,LowRevenue,MicroAsset,North_America,HighTurnover,
comp_7776,,LowRevenue,MicroAsset,North_America,HighTurnover,
comp_7777,,LowRevenue,MicroAsset,North_America,HighTurnover,
comp_7778,,LowRevenue,MicroAsset,North_America,HighTurnover,
comp_7779,,LowRevenue,MicroAsset,North_America,HighTurnover,
comp_7780,,LowRevenue,MicroAsset,North_America,HighTurnover,
comp_7781,,LowRevenue,MicroAsset,North_America,HighTurnover,
comp_7782,,LowRevenue,MicroAsset,North_America,HighTurnover,
comp_7783,,LowRevenue,MicroAsset,North_America,HighTurnover,
comp_7784,,LowRevenue,MicroAsset,North_America,HighTurnover,
comp_7785,,LowRevenue,MicroAsset,North_America,HighTurnover,
comp_7786,,LowRevenue,MicroAsset,North_America,HighTurnover,
comp_7787,,LowRevenue,MicroAsset,North_America,HighTurnover,
comp_7788,,LowRevenue,MicroAsset,North_America,HighTurnover,
comp_7789,,LowRevenue,MicroAsset,North_America,HighTurnover,
comp_7790,,LowRevenue,MicroAsset,North_America,HighTurnover,
comp_7791,,LowRevenue,MicroAsset,North_America,HighTurnover,
comp_7792,,LowRevenue,MicroAsset,North_America,HighTurnover,
comp_7793,,LowRevenue,MicroAsset,North_America,HighTurnover,
comp_7794,,VeryLowRevenue,MicroAsset,North_America,HighTurnover,
comp_7795,,LowRevenue,MicroAsset,North_America,HighTurnover,
comp_7796,,LowRevenue,MicroAsset,North_America,HighTurnover,
comp_7797,,,MicroAsset,North_America,,
comp_7798,,LowRevenue,MicroAsset,North_America,HighTurnover,
comp_7799,,LowRevenue,MicroAsset,North_America,HighTurnover,
comp_7800,,LowRevenue,MicroAsset,North_America,HighTurnover,
comp_7801,,LowRevenue,MicroAsset,North_America,HighTurnover,
comp_7802,,LowRevenue,MicroAsset,North_America,HighTurnover,
comp_7803,,LowRevenue,MicroAsset,North_America,HighTurnover,
comp_7804,,LowRevenue,MicroAsset,North_America,HighTurnover,
comp_7805,,LowRevenue,MicroAsset,North_America,HighTurnover,
comp_7806,,LowRevenue,MicroAsset,North_America,HighTurnover,
comp_7807,,LowRevenue,MicroAsset,North_America,HighTurnover,
comp_7808,,LowRevenue,MicroAsset,North_America,HighTurnover,
comp_7809,,LowRevenue,MicroAsset,North_America,HighTurnover,
comp_7810,,LowRevenue,MicroAsset,North_America,HighTurnover,
comp_7811,,VeryLowRevenue,MicroAsset,North_America,HighTurnover,
comp_7812,,LowRevenue,MicroAsset,North_America,HighTurnover,
comp_7813,,LowRevenue,MicroAsset,North_America,HighTurnover,
comp_7814,,,MicroAsset,North_America,,
comp_7815,,LowRevenue,MicroAsset,North_America,HighTurnover,
comp_7816,,LowRevenue,MicroAsset,North_America,HighTurnover,
comp_7817,,LowRevenue,MicroAsset,North_America,HighTurnover,
comp_7818,,LowRevenue,MicroAsset,North_America,HighTurnover,
comp_7819,,,MicroAsset,North_America,,
comp_7820,,,MicroAsset,North_America,,
comp_7821,,LowRevenue,MicroAsset,North_America,HighTurnover,
comp_7822,,LowRevenue,MicroAsset,North_America,HighTurnover,
comp_7823,,LowRevenue,MicroAsset,North_America,HighTurnover,
comp_7824,,LowRevenue,MicroAsset,North_America,HighTurnover,
comp_7825,,VeryLowRevenue,MicroAsset,North_America,LowTurnover,
comp_7826,,VeryLowRevenue,MicroAsset,North_America,HighTurnover,
comp_7827,,LowRevenue,MicroAsset,North_America,HighTurnover,
comp_7828,,LowRevenue,MicroAsset,North_America,HighTurnover,
comp_7829,,LowRevenue,MicroAsset,North_America,HighTurnover,
comp_7830,,LowRevenue,MicroAsset,North_America,HighTurnover,
comp_7831,,LowRevenue,MicroAsset,North_America,HighTurnover,
comp_7832,,LowRevenue,MicroAsset,North_America,HighTurnover,
comp_7833,,LowRevenue,MicroAsset,North_America,HighTurnover,
comp_7834,,LowRevenue,MicroAsset,North_America,HighTurnover,
comp_7835,,LowRevenue,MicroAsset,North_America,HighTurnover,
comp_7836,,LowRevenue,MicroAsset,North_America,HighTurnover,
comp_7837,,,MicroAsset,North_America,,
comp_7838,,LowRevenue,MicroAsset,North_America,HighTurnover,
comp_7839,,LowRevenue,MicroAsset,North_America,HighTurnover,
comp_7840,,LowRevenue,MicroAsset,North_America,HighTurnover,
comp_7841,,LowRevenue,MicroAsset,North_America,HighTurnover,
comp_7842,,,MicroAsset,North_America,,
comp_7843,,LowRevenue,MicroAsset,North_America,HighTurnover,
comp_7844,,LowRevenue,MicroAsset,North_America,HighTurnover,
comp_7845,,LowRevenue,MicroAsset,North_America,HighTurnover,
comp_7846,,LowRevenue,MicroAsset,North_America,HighTurnover,
comp_7847,,VeryLowRevenue,MicroAsset,North_America,HighTurnover,
comp_7848,,LowRevenue,MicroAsset,North_America,HighTurnover,
comp_7849,,LowRevenue,MicroAsset,North_America,HighTurnover,
comp_7850,,LowRevenue,MicroAsset,North_America,HighTurnover,
comp_7851,,LowRevenue,MicroAsset,North_America,HighTurnover,
comp_7852,,LowRevenue,MicroAsset,North_America,HighTurnover,
comp_7853,,LowRevenue,MicroAsset,North_America,HighTurnover,
comp_7854,,LowRevenue,MicroAsset,North_America,HighTurnover,
comp_7855,,LowRevenue,MicroAsset,North_America,HighTurnover,
comp_7856,,LowRevenue,MicroAsset,North_America,HighTurnover,
comp_7857,,LowRevenue,MicroAsset,North_America,HighTurnover,
comp_7858,,VeryLowRevenue,MicroAsset,North_America,HighTurnover,
comp_7859,,LowRevenue,MicroAsset,North_America,HighTurnover,
comp_7860,,VeryLowRevenue,MicroAsset,North_America,MidTurnover,
comp_7861,,LowRevenue,MicroAsset,North_America,HighTurnover,
comp_7862,,LowRevenue,MicroAsset,North_America,HighTurnover,
comp_7863,,LowRevenue,MicroAsset,North_America,HighTurnover,
comp_7864,,,MicroAsset,North_America,,
comp_7865,,LowRevenue,MicroAsset,North_America,HighTurnover,
comp_7866,,VeryLowRevenue,MicroAsset,North_America,HighTurnover,
comp_7867,,,MicroAsset,North_America,,
comp_7868,,VeryLowRevenue,MicroAsset,North_America,HighTurnover,
comp_7869,,LowRevenue,MicroAsset,North_America,HighTurnover,
comp_7870,,LowRevenue,MicroAsset,North_America,HighTurnover,
comp_7871,,VeryLowRevenue,MicroAsset,North_America,MidTurnover,
comp_7872,,LowRevenue,MicroAsset,North_America,HighTurnover,
comp_7873,,VeryLowRevenue,MicroAsset,North_America,MidTurnover,
comp_7874,,VeryLowRevenue,MicroAsset,North_America,HighTurnover,
comp_7875,,LowRevenue,MicroAsset,North_America,HighTurnover,
comp_7876,,LowRevenue,MicroAsset,North_America,HighTurnover,
comp_7877,,LowRevenue,MicroAsset,North_America,HighTurnover,
comp_7878,,LowRevenue,MicroAsset,North_America,HighTurnover,
comp_7879,,LowRevenue,MicroAsset,North_America,HighTurnover,
comp_7880,,LowRevenue,MicroAsset,North_America,HighTurnover,
comp_7881,,LowRevenue,MicroAsset,North_America,HighTurnover,
comp_7882,,LowRevenue,MicroAsset,North_America,HighTurnover,
comp_7883,,LowRevenue,MicroAsset,North_America,HighTurnover,
comp_7884,,LowRevenue,MicroAsset,North_America,HighTurnover,
comp_7885,,LowRevenue,MicroAsset,North_America,HighTurnover,
comp_7886,,LowRevenue,MicroAsset,North_America,HighTurnover,
comp_7887,,LowRevenue,MicroAsset,North_America,HighTurnover,
comp_7888,,LowRevenue,MicroAsset,North_America,HighTurnover,
comp_7889,,VeryLowRevenue,MicroAsset,North_America,HighTurnover,
comp_7890,,LowRevenue,MicroAsset,North_America,HighTurnover,
comp_7891,,VeryLowRevenue,MicroAsset,North_America,HighTurnover,
comp_7892,,,MicroAsset,North_America,,
comp_7893,,LowRevenue,MicroAsset,North_America,HighTurnover,
comp_7894,,VeryLowRevenue,MicroAsset,North_America,HighTurnover,
comp_7895,,LowRevenue,MicroAsset,North_America,HighTurnover,
comp_7896,,LowRevenue,MicroAsset,North_America,HighTurnover,
comp_7897,,LowRevenue,MicroAsset,North_America,HighTurnover,
comp_7898,,LowRevenue,MicroAsset,North_America,HighTurnover,
comp_7899,,LowRevenue,MicroAsset,North_America,HighTurnover,
comp_7900,,LowRevenue,MicroAsset,North_America,HighTurnover,
comp_7901,,LowRevenue,MicroAsset,North_America,HighTurnover,
comp_7902,,,MicroAsset,North_America,,
comp_7903,,LowRevenue,MicroAsset,North_America,HighTurnover,
comp_7904,,LowRevenue,MicroAsset,North_America,HighTurnover,
comp_7905,,VeryLowRevenue,MicroAsset,North_America,MidTurnover,
comp_7906,,LowRevenue,MicroAsset,North_America,HighTurnover,
comp_7907,,LowRevenue,MicroAsset,North_America,HighTurnover,
comp_7908,,,MicroAsset,North_America,,
comp_7909,,,MicroAsset,North_America,,
comp_7910,,VeryLowRevenue,MicroAsset,North_America,MidTurnover,
comp_7911,,LowRevenue,MicroAsset,North_America,HighTurnover,
comp_7912,,LowRevenue,MicroAsset,North_America,HighTurnover,
comp_7913,,LowRevenue,MicroAsset,North_America,HighTurnover,
comp_7914,,LowRevenue,MicroAsset,North_America,HighTurnover,
comp_7915,,LowRevenue,MicroAsset,North_America,HighTurnover,
comp_7916,,LowRevenue,MicroAsset,North_America,HighTurnover,
comp_7917,,LowRevenue,MicroAsset,North_America,HighTurnover,
comp_7918,,LowRevenue,MicroAsset,North_America,HighTurnover,
comp_7919,,LowRevenue,MicroAsset,North_America,HighTurnover,
comp_7920,,LowRevenue,MicroAsset,North_America,HighTurnover,
comp_7921,,LowRevenue,MicroAsset,North_America,HighTurnover,
comp_7922,,VeryLowRevenue,MicroAsset,North_America,HighTurnover,
comp_7923,,VeryLowRevenue,MicroAsset,North_America,HighTurnover,
comp_7924,,LowRevenue,MicroAsset,North_America,HighTurnover,
comp_7925,,LowRevenue,MicroAsset,North_America,HighTurnover,
comp_7926,,VeryLowRevenue,MicroAsset,North_America,HighTurnover,
comp_7927,,LowRevenue,MicroAsset,North_America,HighTurnover,
comp_7928,,LowRevenue,MicroAsset,North_America,HighTurnover,
comp_7929,,LowRevenue,MicroAsset,North_America,HighTurnover,
comp_7930,,LowRevenue,MicroAsset,North_America,HighTurnover,
comp_7931,,LowRevenue,MicroAsset,North_America,HighTurnover,
comp_7932,,LowRevenue,MicroAsset,North_America,HighTurnover,
comp_7933,,LowRevenue,MicroAsset,North_America,HighTurnover,
comp_7934,,LowRevenue,MicroAsset,North_America,HighTurnover,
comp_7935,,VeryLowRevenue,MicroAsset,North_America,MidTurnover,
comp_7936,,,MicroAsset,North_America,,
comp_7937,,VeryLowRevenue,MicroAsset,North_America,LowTurnover,
comp_7938,,VeryLowRevenue,MicroAsset,North_America,HighTurnover,
comp_7939,,LowRevenue,MicroAsset,North_America,HighTurnover,
comp_7940,,LowRevenue,MicroAsset,North_America,HighTurnover,
comp_7941,,LowRevenue,MicroAsset,North_America,HighTurnover,
comp_7942,,,MicroAsset,North_America,,
comp_7943,,LowRevenue,MicroAsset,North_America,HighTurnover,
comp_7944,,LowRevenue,MicroAsset,North_America,HighTurnover,
comp_7945,,LowRevenue,MicroAsset,North_America,HighTurnover,
comp_7946,,LowRevenue,MicroAsset,North_America,HighTurnover,
comp_7947,,LowRevenue,MicroAsset,North_America,HighTurnover,
comp_7948,,LowRevenue,MicroAsset,North_America,HighTurnover,
comp_7949,,VeryLowRevenue,MicroAsset,North_America,HighTurnover,
comp_7950,,LowRevenue,MicroAsset,North_America,HighTurnover,
comp_7951,,VeryLowRevenue,MicroAsset,North_America,HighTurnover,
comp_7952,,LowRevenue,MicroAsset,North_America,HighTurnover,
comp_7953,,LowRevenue,MicroAsset,North_America,HighTurnover,
comp_7954,,LowRevenue,MicroAsset,North_America,HighTurnover,
comp_7955,,LowRevenue,MicroAsset,North_America,HighTurnover,
comp_7956,,VeryLowRevenue,MicroAsset,North_America,HighTurnover,
comp_7957,,LowRevenue,MicroAsset,North_America,HighTurnover,
comp_7958,,LowRevenue,MicroAsset,North_America,HighTurnover,
comp_7959,,,MicroAsset,North_America,,
comp_7960,,VeryLowRevenue,MicroAsset,North_America,HighTurnover,
comp_7961,,LowRevenue,MicroAsset,North_America,HighTurnover,
comp_7962,,LowRevenue,MicroAsset,North_America,HighTurnover,
comp_7963,,LowRevenue,MicroAsset,North_America,HighTurnover,
comp_7964,,VeryLowRevenue,MicroAsset,North_America,HighTurnover,
comp_7965,,VeryLowRevenue,MicroAsset,North_America,HighTurnover,
comp_7966,,VeryLowRevenue,MicroAsset,North_America,HighTurnover,
comp_7967,,LowRevenue,MicroAsset,North_America,HighTurnover,
comp_7968,,LowRevenue,MicroAsset,North_America,HighTurnover,
comp_7969,,VeryLowRevenue,MicroAsset,North_America,HighTurnover,
comp_7970,,LowRevenue,MicroAsset,North_America,HighTurnover,
comp_7971,,VeryLowRevenue,MicroAsset,North_America,HighTurnover,
comp_7972,,VeryLowRevenue,MicroAsset,North_America,HighTurnover,
comp_7973,,LowRevenue,MicroAsset,North_America,HighTurnover,
comp_7974,,LowRevenue,MicroAsset,North_America,HighTurnover,
comp_7975,,LowRevenue,MicroAsset,North_America,HighTurnover,
comp_7976,,,MicroAsset,North_America,,
comp_7977,,LowRevenue,MicroAsset,North_America,HighTurnover,
comp_7978,,VeryLowRevenue,MicroAsset,North_America,HighTurnover,
comp_7979,,,MicroAsset,North_America,,
comp_7980,,LowRevenue,MicroAsset,North_America,HighTurnover,
comp_7981,,LowRevenue,MicroAsset,North_America,HighTurnover,
comp_7982,,LowRevenue,MicroAsset,North_America,HighTurnover,
comp_7983,,,MicroAsset,North_America,,
comp_7984,,LowRevenue,MicroAsset,North_America,HighTurnover,
comp_7985,,LowRevenue,MicroAsset,North_America,HighTurnover,
comp_7986,,,MicroAsset,North_America,,
comp_7987,,VeryLowRevenue,MicroAsset,North_America,HighTurnover,
comp_7988,,LowRevenue,MicroAsset,North_America,HighTurnover,
comp_7989,,LowRevenue,MicroAsset,North_America,HighTurnover,
comp_7990,,LowRevenue,MicroAsset,North_America,HighTurnover,
comp_7991,,VeryLowRevenue,MicroAsset,North_America,HighTurnover,
comp_7992,,,MicroAsset,North_America,,
comp_7993,,LowRevenue,MicroAsset,North_America,HighTurnover,
comp_7994,,LowRevenue,MicroAsset,North_America,HighTurnover,
comp_7995,,VeryLowRevenue,MicroAsset,North_America,HighTurnover,
comp_7996,,LowRevenue,MicroAsset,North_America,HighTurnover,
comp_7997,,VeryLowRevenue,MicroAsset,North_America,LowTurnover,
comp_7998,,LowRevenue,MicroAsset,North_America,HighTurnover,
comp_7999,,VeryLowRevenue,MicroAsset,North_America,HighTurnover,
comp_8000,,VeryLowRevenue,MicroAsset,North_America,HighTurnover,
comp_8001,,VeryLowRevenue,MicroAsset,North_America,HighTurnover,
comp_8002,,LowRevenue,MicroAsset,North_America,HighTurnover,
comp_8003,,LowRevenue,MicroAsset,North_America,HighTurnover,
comp_8004,,,MicroAsset,North_America,,
comp_8005,,VeryLowRevenue,MicroAsset,North_America,LowTurnover,
comp_8006,,LowRevenue,MicroAsset,North_America,HighTurnover,
comp_8007,,,MicroAsset,North_America,,
comp_8008,,LowRevenue,MicroAsset,North_America,HighTurnover,
comp_8009,,LowRevenue,MicroAsset,North_America,HighTurnover,
comp_8010,,LowRevenue,MicroAsset,North_America,HighTurnover,
comp_8011,,,MicroAsset,North_America,,
comp_8012,,VeryLowRevenue,MicroAsset,North_America,HighTurnover,
comp_8013,,LowRevenue,MicroAsset,North_America,HighTurnover,
comp_8014,,LowRevenue,MicroAsset,North_America,HighTurnover,
comp_8015,,VeryLowRevenue,MicroAsset,North_America,HighTurnover,
comp_8016,,VeryLowRevenue,MicroAsset,North_America,HighTurnover,
comp_8017,,LowRevenue,MicroAsset,North_America,HighTurnover,
comp_8018,,,MicroAsset,North_America,,
comp_8019,,VeryLowRevenue,MicroAsset,North_America,HighTurnover,
comp_8020,,LowRevenue,MicroAsset,North_America,HighTurnover,
comp_8021,,VeryLowRevenue,MicroAsset,North_America,HighTurnover,
comp_8022,,VeryLowRevenue,MicroAsset,North_America,MidTurnover,
comp_8023,,LowRevenue,MicroAsset,North_America,HighTurnover,
comp_8024,,,MicroAsset,North_America,,
comp_8025,,LowRevenue,MicroAsset,North_America,HighTurnover,
comp_8026,,VeryLowRevenue,MicroAsset,North_America,HighTurnover,
comp_8027,,LowRevenue,MicroAsset,North_America,HighTurnover,
comp_8028,,LowRevenue,MicroAsset,North_America,HighTurnover,
comp_8029,,VeryLowRevenue,MicroAsset,North_America,MidTurnover,
comp_8030,,LowRevenue,MicroAsset,North_America,HighTurnover,
comp_8031,,,MicroAsset,North_America,,
comp_8032,,LowRevenue,MicroAsset,North_America,HighTurnover,
comp_8033,,VeryLowRevenue,MicroAsset,North_America,HighTurnover,
comp_8034,,VeryLowRevenue,MicroAsset,North_America,HighTurnover,
comp_8035,,,MicroAsset,North_America,,
comp_8036,,VeryLowRevenue,MicroAsset,North_America,HighTurnover,
comp_8037,,VeryLowRevenue,MicroAsset,North_America,HighTurnover,
comp_8038,,,MicroAsset,North_America,,
comp_8039,,,MicroAsset,North_America,,
comp_8040,,VeryLowRevenue,MicroAsset,North_America,LowTurnover,
comp_8041,,VeryLowRevenue,MicroAsset,North_America,LowTurnover,
comp_8042,,VeryLowRevenue,MicroAsset,North_America,HighTurnover,
comp_8043,,VeryLowRevenue,MicroAsset,North_America,HighTurnover,
comp_8044,,,MicroAsset,North_America,,
comp_8045,,,MicroAsset,North_America,,
comp_8046,,VeryLowRevenue,MicroAsset,North_America,HighTurnover,
comp_8047,,VeryLowRevenue,MicroAsset,North_America,LowTurnover,
comp_8048,,VeryLowRevenue,MicroAsset,North_America,HighTurnover,
comp_8049,,VeryLowRevenue,MicroAsset,North_America,HighTurnover,
comp_8050,,VeryLowRevenue,MicroAsset,North_America,LowTurnover,
comp_8051,,VeryLowRevenue,MicroAsset,North_America,HighTurnover,
comp_8052,,VeryLowRevenue,MicroAsset,North_America,LowTurnover,
comp_8053,,VeryLowRevenue,MicroAsset,North_America,MidTurnover,
comp_8054,,,MicroAsset,North_America,,
comp_8055,,VeryLowRevenue,MicroAsset,North_America,MidTurnover,
comp_8056,,VeryLowRevenue,MicroAsset,North_America,HighTurnover,
comp_8057,,,MicroAsset,North_America,,
comp_8058,,,MicroAsset,North_America,,
comp_8059,,VeryLowRevenue,MicroAsset,North_America,LowTurnover,
comp_8060,,,MicroAsset,North_America,,
comp_8061,,,MicroAsset,North_America,,
comp_8062,,,MicroAsset,North_America,,
comp_8063,,VeryLowRevenue,MicroAsset,North_America,LowTurnover,
comp_8064,,,MicroAsset,North_America,,
comp_8065,,,MicroAsset,North_America,,
comp_8066,,VeryLowRevenue,MicroAsset,North_America,LowTurnover,
comp_8067,,VeryLowRevenue,MicroAsset,North_America,MidTurnover,
comp_8068,,,MicroAsset,North_America,,
comp_8069,,LowRevenue,MicroAsset,North_America,HighTurnover,
comp_8070,,,MicroAsset,North_America,,
comp_8071,,VeryLowRevenue,MicroAsset,North_America,MidTurnover,
comp_8072,,,MicroAsset,North_America,,
comp_8073,,LowRevenue,MicroAsset,North_America,HighTurnover,
comp_8074,,VeryLowRevenue,MicroAsset,North_America,HighTurnover,
comp_8075,,VeryLowRevenue,MicroAsset,North_America,HighTurnover,
comp_8076,,,MicroAsset,North_America,,
comp_8077,,VeryLowRevenue,MicroAsset,North_America,LowTurnover,
comp_8078,,VeryLowRevenue,MicroAsset,North_America,MidTurnover,
comp_8079,,VeryLowRevenue,MicroAsset,North_America,MidTurnover,
comp_8080,,,MicroAsset,North_America,,
comp_8081,,,MicroAsset,North_America,,
comp_8082,,,MicroAsset,North_America,,
comp_8083,,LowRevenue,MicroAsset,North_America,HighTurnover,
comp_8084,,,MicroAsset,North_America,,
comp_8085,,,MicroAsset,North_America,,
comp_8086,,VeryLowRevenue,MicroAsset,North_America,LowTurnover,
comp_8087,,,MicroAsset,North_America,,
comp_8088,,,MicroAsset,North_America,,
comp_8089,,VeryLowRevenue,MicroAsset,North_America,HighTurnover,
comp_8090,,,MicroAsset,North_America,,
comp_8091,,VeryLowRevenue,MicroAsset,North_America,HighTurnover,
comp_8092,,,MicroAsset,North_America,,
comp_8093,,,MicroAsset,North_America,,
comp_8094,,VeryLowRevenue,MicroAsset,North_America,HighTurnover,
comp_8095,,,MicroAsset,North_America,,
comp_8096,,,MicroAsset,North_America,,
comp_8097,,,MicroAsset,North_America,,
comp_8098,,,MicroAsset,North_America,,
comp_8099,,VeryLowRevenue,MicroAsset,North_America,LowTurnover,
comp_8100,,,MicroAsset,North_America,,
comp_8101,,,MicroAsset,North_America,,
comp_8102,,,MicroAsset,North_America,,
comp_8103,,,MicroAsset,North_America,,
comp_8104,,,MicroAsset,North_America,,
comp_8105,,LowRevenue,MicroAsset,North_America,HighTurnover,
comp_8106,,VeryLowRevenue,MicroAsset,North_America,HighTurnover,
comp_8107,,VeryLowRevenue,MicroAsset,North_America,HighTurnover,
comp_8108,,VeryLowRevenue,MicroAsset,North_America,HighTurnover,
comp_8109,,,MicroAsset,North_America,,
comp_8110,,,MicroAsset,North_America,,
comp_8111,,,MicroAsset,North_America,,
comp_8112,,VeryLowRevenue,MicroAsset,North_America,LowTurnover,
comp_8113,,,MicroAsset,North_America,,
comp_8114,,,MicroAsset,North_America,,
comp_8115,,,MicroAsset,North_America,,
comp_8116,,,MicroAsset,North_America,,
comp_8117,,,MicroAsset,North_America,,
comp_8118,,,MicroAsset,North_America,,
comp_8119,,,MicroAsset,North_America,,
comp_8120,,VeryLowRevenue,MicroAsset,North_America,HighTurnover,
comp_8121,,,MicroAsset,North_America,,
comp_8122,,VeryLowRevenue,MicroAsset,North_America,HighTurnover,
comp_8123,,,MicroAsset,North_America,,
comp_8124,,,MicroAsset,North_America,,
comp_8125,,,MicroAsset,North_America,,
comp_8126,,,MicroAsset,North_America,,
comp_8127,,VeryLowRevenue,MicroAsset,North_America,LowTurnover,
comp_8128,,,MicroAsset,North_America,,
comp_8129,,VeryLowRevenue,MicroAsset,North_America,MidTurnover,
comp_8130,,,MicroAsset,North_America,,
comp_8131,,VeryLowRevenue,MicroAsset,North_America,HighTurnover,
comp_8132,,,MicroAsset,North_America,,
comp_8133,,,MicroAsset,North_America,,
comp_8134,,,MicroAsset,North_America,,
comp_8135,,VeryLowRevenue,MicroAsset,North_America,HighTurnover,
comp_8136,,VeryLowRevenue,MicroAsset,North_America,HighTurnover,
comp_8137,,,MicroAsset,North_America,,
comp_8138,,,MicroAsset,North_America,,
comp_8139,,,MicroAsset,North_America,,
comp_8140,,,MicroAsset,North_America,,
comp_8141,,,MicroAsset,North_America,,
comp_8142,,,MicroAsset,North_America,,
comp_8143,,,MicroAsset,North_America,,
comp_8144,,,MicroAsset,North_America,,
comp_8145,,,MicroAsset,North_America,,
comp_8146,,,MicroAsset,North_America,,
comp_8147,,,MicroAsset,North_America,,
comp_8148,,,MicroAsset,North_America,,
comp_8149,,,MicroAsset,North_America,,
comp_8150,,,MicroAsset,North_America,,
comp_8151,,,MicroAsset,North_America,,
comp_8152,,,MicroAsset,North_America,,
comp_8153,,,MicroAsset,North_America,,
comp_8154,,,MicroAsset,North_America,,
comp_8155,,,MicroAsset,North_America,,
comp_8156,,,MicroAsset,North_America,,
comp_8157,,,MicroAsset,North_America,,
comp_8158,,VeryLowRevenue,MicroAsset,North_America,HighTurnover,
comp_8159,,,MicroAsset,North_America,,
comp_8160,,VeryLowRevenue,MicroAsset,North_America,HighTurnover,
comp_8161,,,MicroAsset,North_America,,
comp_8162,,,MicroAsset,North_America,,
comp_8163,,,MicroAsset,North_America,,
comp_8164,,,MicroAsset,North_America,,
comp_8165,,,MicroAsset,North_America,,
comp_8166,,,MicroAsset,North_America,,
comp_8167,,,MicroAsset,North_America,,
comp_8168,,,MicroAsset,North_America,,
comp_8169,,,MicroAsset,North_America,,
comp_8170,,,MicroAsset,North_America,,
comp_8171,,VeryLowRevenue,MicroAsset,North_America,HighTurnover,
comp_8172,,,MicroAsset,North_America,,
comp_8173,,,MicroAsset,North_America,,
comp_8174,,,MicroAsset,North_America,,
comp_8175,,,MicroAsset,North_America,,
comp_8176,,VeryLowRevenue,MicroAsset,North_America,MidTurnover,
comp_8177,,,MicroAsset,North_America,,
comp_8178,,,MicroAsset,North_America,,
comp_8179,,VeryLowRevenue,MicroAsset,North_America,HighTurnover,
comp_8180,,,MicroAsset,North_America,,
comp_8181,,,MicroAsset,North_America,,
comp_8182,,,MicroAsset,North_America,,
comp_8183,,,MicroAsset,North_America,,
comp_8184,,,MicroAsset,North_America,,
comp_8185,,,MicroAsset,North_America,,
comp_8186,,,MicroAsset,North_America,,
comp_8187,,,MicroAsset,North_America,,
comp_8188,,VeryLowRevenue,MicroAsset,North_America,HighTurnover,
comp_8189,,,MicroAsset,North_America,,
comp_8190,,,,North_America,,
comp_8191,,VeryLowRevenue,,North_America,,
comp_8192,,LowRevenue,,North_America,,
comp_8193,,LowRevenue,,North_America,,
comp_8194,,LowRevenue,,North_America,,
comp_8195,,LowRevenue,,North_America,,
comp_8196,,VeryLowRevenue,,North_America,,
comp_8197,,LowRevenue,,North_America,,
comp_8198,,VeryLowRevenue,,North_America,,
comp_8199,,HighRevenue,HeavyAsset,Asia,LowTurnover,
comp_8200,,HighRevenue,HeavyAsset,Asia,LowTurnover,
comp_8201,,HighRevenue,HeavyAsset,Asia,HighTurnover,
comp_8202,,HighRevenue,HeavyAsset,Asia,HighTurnover,
comp_8203,,UpperRevenue,HeavyAsset,Asia,LowTurnover,
comp_8204,,HighRevenue,HeavyAsset,Asia,MidTurnover,
comp_8205,,HighRevenue,HeavyAsset,Asia,MidTurnover,
comp_8206,,HighRevenue,HeavyAsset,Asia,MidTurnover,
comp_8207,,HighRevenue,HeavyAsset,Asia,MidTurnover,
comp_8208,,HighRevenue,HeavyAsset,Asia,HighTurnover,
comp_8209,,HighRevenue,HeavyAsset,Asia,MidTurnover,
comp_8210,,HighRevenue,HeavyAsset,Asia,MidTurnover,
comp_8211,,HighRevenue,HeavyAsset,Asia,LowTurnover,
comp_8212,,UpperRevenue,HeavyAsset,Asia,LowTurnover,
comp_8213,,HighRevenue,HeavyAsset,Asia,LowTurnover,
comp_8214,,HighRevenue,HeavyAsset,Asia,LowTurnover,
comp_8215,,HighRevenue,HeavyAsset,Asia,MidTurnover,
comp_8216,,HighRevenue,HeavyAsset,Asia,MidTurnover,
comp_8217,,HighRevenue,HeavyAsset,Asia,LowTurnover,
comp_8218,,HighRevenue,HeavyAsset,Asia,LowTurnover,
comp_8219,,UpperRevenue,HeavyAsset,Asia,LowTurnover,
comp_8220,,HighRevenue,HeavyAsset,Asia,HighTurnover,
comp_8221,,HighRevenue,HeavyAsset,Asia,HighTurnover,
comp_8222,,UpperRevenue,HeavyAsset,Asia,LowTurnover,
comp_8223,,MidRevenue,HeavyAsset,Asia,LowTurnover,
comp_8224,,HighRevenue,HeavyAsset,Asia,MidTurnover,
comp_8225,,HighRevenue,HeavyAsset,Asia,MidTurnover,
comp_8226,,HighRevenue,HeavyAsset,Asia,LowTurnover,
comp_8227,,UpperRevenue,HeavyAsset,Asia,LowTurnover,
comp_8228,,HighRevenue,HeavyAsset,Asia,LowTurnover,
comp_8229,,UpperRevenue,HeavyAsset,Asia,LowTurnover,
comp_8230,,HighRevenue,HeavyAsset,Asia,MidTurnover,
comp_8231,,HighRevenue,HeavyAsset,Asia,MidTurnover,
comp_8232,,HighRevenue,HeavyAsset,Asia,MidTurnover,
comp_8233,,UpperRevenue,HeavyAsset,Asia,LowTurnover,
comp_8234,,HighRevenue,LargeAsset,Asia,MidTurnover,
comp_8235,,HighRevenue,LargeAsset,Asia,MidTurnover,
comp_8236,,UpperRevenue,LargeAsset,Asia,LowTurnover,
comp_8237,,UpperRevenue,LargeAsset,Asia,LowTurnover,
comp_8238,,UpperRevenue,LargeAsset,Asia,LowTurnover,
comp_8239,,HighRevenue,LargeAsset,Asia,MidTurnover,
comp_8240,,HighRevenue,LargeAsset,Asia,MidTurnover,
comp_8241,,HighRevenue,LargeAsset,Asia,HighTurnover,
comp_8242,,HighRevenue,LargeAsset,Asia,MidTurnover,
comp_8243,,HighRevenue,LargeAsset,Asia,MidTurnover,
comp_8244,,HighRevenue,LargeAsset,Asia,HighTurnover,
comp_8245,,HighRevenue,LargeAsset,Asia,MidTurnover,
comp_8246,,HighRevenue,LargeAsset,Asia,MidTurnover,
comp_8247,,UpperRevenue,LargeAsset,Asia,LowTurnover,
comp_8248,,HighRevenue,LargeAsset,Asia,MidTurnover,
comp_8249,,UpperRevenue,LargeAsset,Asia,LowTurnover,
comp_8250,,UpperRevenue,LargeAsset,Asia,LowTurnover,
comp_8251,,HighRevenue,LargeAsset,Asia,MidTurnover,
comp_8252,,HighRevenue,LargeAsset,Asia,MidTurnover,
comp_8253,,HighRevenue,LargeAsset,Asia,MidTurnover,
comp_8254,,HighRevenue,LargeAsset,Asia,HighTurnover,
comp_8255,,HighRevenue,LargeAsset,Asia,MidTurnover,
comp_8256,,HighRevenue,LargeAsset,Asia,HighTurnover,
comp_8257,,HighRevenue,LargeAsset,Asia,HighTurnover,
comp_8258,,UpperRevenue,LargeAsset,Asia,LowTurnover,
comp_8259,,HighRevenue,LargeAsset,Asia,HighTurnover,
comp_8260,,UpperRevenue,LargeAsset,Asia,LowTurnover,
comp_8261,,HighRevenue,LargeAsset,Asia,MidTurnover,
comp_8262,,UpperRevenue,LargeAsset,Asia,LowTurnover,
comp_8263,,UpperRevenue,LargeAsset,Asia,LowTurnover,
comp_8264,,UpperRevenue,LargeAsset,Asia,LowTurnover,
comp_8265,,UpperRevenue,LargeAsset,Asia,LowTurnover,
comp_8266,,UpperRevenue,LargeAsset,Asia,LowTurnover,
comp_8267,,UpperRevenue,LargeAsset,Asia,LowTurnover,
comp_8268,,HighRevenue,LargeAsset,Asia,HighTurnover,
comp_8269,,UpperRevenue,LargeAsset,Asia,LowTurnover,
comp_8270,,HighRevenue,LargeAsset,Asia,MidTurnover,
comp_8271,,UpperRevenue,LargeAsset,Asia,LowTurnover,
comp_8272,,MidRevenue,LargeAsset,Asia,LowTurnover,
comp_8273,,HighRevenue,LargeAsset,Asia,HighTurnover,
comp_8274,,HighRevenue,LargeAsset,Asia,HighTurnover,
comp_8275,,UpperRevenue,LargeAsset,Asia,LowTurnover,
comp_8276,,HighRevenue,LargeAsset,Asia,HighTurnover,
comp_8277,,HighRevenue,LargeAsset,Asia,HighTurnover,
comp_8278,,HighRevenue,LargeAsset,Asia,HighTurnover,
comp_8279,,HighRevenue,LargeAsset,Asia,MidTurnover,
comp_8280,,HighRevenue,LargeAsset,Asia,HighTurnover,
comp_8281,,UpperRevenue,LargeAsset,Asia,LowTurnover,
comp_8282,,HighRevenue,LargeAsset,Asia,MidTurnover,
comp_8283,,HighRevenue,LargeAsset,Asia,MidTurnover,
comp_8284,,HighRevenue,LargeAsset,Asia,HighTurnover,
comp_8285,,HighRevenue,LargeAsset,Asia,HighTurnover,
comp_8286,,HighRevenue,LargeAsset,Asia,MidTurnover,
comp_8287,,UpperRevenue,LargeAsset,Asia,LowTurnover,
comp_8288,,HighRevenue,LargeAsset,Asia,MidTurnover,
comp_8289,,UpperRevenue,LargeAsset,Asia,LowTurnover,
comp_8290,,HighRevenue,LargeAsset,Asia,HighTurnover,
comp_8291,,HighRevenue,LargeAsset,Asia,MidTurnover,
comp_8292,,UpperRevenue,LargeAsset,Asia,MidTurnover,
comp_8293,,HighRevenue,LargeAsset,Asia,MidTurnover,
comp_8294,,HighRevenue,LargeAsset,Asia,HighTurnover,
comp_8295,,HighRevenue,LargeAsset,Asia,HighTurnover,
comp_8296,,HighRevenue,LargeAsset,Asia,MidTurnover,
comp_8297,,HighRevenue,LargeAsset,Asia,MidTurnover,
comp_8298,,HighRevenue,LargeAsset,Asia,HighTurnover,
comp_8299,,HighRevenue,LargeAsset,Asia,HighTurnover,
comp_8300,,MidRevenue,LargeAsset,Asia,LowTurnover,
comp_8301,,UpperRevenue,LargeAsset,Asia,LowTurnover,
comp_8302,,MidRevenue,LargeAsset,Asia,LowTurnover,
comp_8303,,UpperRevenue,LargeAsset,Asia,LowTurnover,
comp_8304,,UpperRevenue,LargeAsset,Asia,LowTurnover,
comp_8305,,HighRevenue,LargeAsset,Asia,HighTurnover,
comp_8306,,MidRevenue,LargeAsset,Asia,LowTurnover,
comp_8307,,MidRevenue,LargeAsset,Asia,LowTurnover,
comp_8308,,HighRevenue,LargeAsset,Asia,MidTurnover,
comp_8309,,MidRevenue,LargeAsset,Asia,LowTurnover,
comp_8310,,MidRevenue,LargeAsset,Asia,LowTurnover,
comp_8311,,UpperRevenue,LargeAsset,Asia,LowTurnover,
comp_8312,,UpperRevenue,LargeAsset,Asia,LowTurnover,
comp_8313,,HighRevenue,LargeAsset,Asia,HighTurnover,
comp_8314,,HighRevenue,LargeAsset,Asia,HighTurnover,
comp_8315,,UpperRevenue,LargeAsset,Asia,LowTurnover,
comp_8316,,UpperRevenue,LargeAsset,Asia,MidTurnover,
comp_8317,,UpperRevenue,LargeAsset,Asia,MidTurnover,
comp_8318,,UpperRevenue,LargeAsset,Asia,MidTurnover,
comp_8319,,UpperRevenue,LargeAsset,Asia,LowTurnover,
comp_8320,,MidRevenue,LargeAsset,Asia,LowTurnover,
comp_8321,,HighRevenue,LargeAsset,Asia,HighTurnover,
comp_8322,,MidRevenue,LargeAsset,Asia,LowTurnover,
comp_8323,,MidRevenue,LargeAsset,Asia,LowTurnover,
comp_8324,,UpperRevenue,LargeAsset,Asia,LowTurnover,
comp_8325,,UpperRevenue,LargeAsset,Asia,LowTurnover,
comp_8326,,UpperRevenue,LargeAsset,Asia,LowTurnover,
comp_8327,,UpperRevenue,LargeAsset,Asia,MidTurnover,
comp_8328,,HighRevenue,LargeAsset,Asia,HighTurnover,
comp_8329,,UpperRevenue,LargeAsset,Asia,LowTurnover,
comp_8330,,UpperRevenue,LargeAsset,Asia,LowTurnover,
comp_8331,,UpperRevenue,LargeAsset,Asia,LowTurnover,
comp_8332,,MidRevenue,LargeAsset,Asia,LowTurnover,
comp_8333,,UpperRevenue,LargeAsset,Asia,MidTurnover,
comp_8334,,MidRevenue,LargeAsset,Asia,LowTurnover,
comp_8335,,UpperRevenue,LargeAsset,Asia,LowTurnover,
comp_8336,,UpperRevenue,LargeAsset,Asia,MidTurnover,
comp_8337,,UpperRevenue,LargeAsset,Asia,MidTurnover,
comp_8338,,UpperRevenue,LargeAsset,Asia,MidTurnover,
comp_8339,,MidRevenue,LargeAsset,Asia,LowTurnover,
comp_8340,,MidRevenue,LargeAsset,Asia,LowTurnover,
comp_8341,,MidRevenue,LargeAsset,Asia,LowTurnover,
comp_8342,,UpperRevenue,LargeAsset,Asia,MidTurnover,
comp_8343,,MidRevenue,LargeAsset,Asia,LowTurnover,
comp_8344,,UpperRevenue,LargeAsset,Asia,MidTurnover,
comp_8345,,HighRevenue,LargeAsset,Asia,HighTurnover,
comp_8346,,MidRevenue,LargeAsset,Asia,LowTurnover,
comp_8347,,UpperRevenue,LargeAsset,Asia,MidTurnover,
comp_8348,,UpperRevenue,LargeAsset,Asia,MidTurnover,
comp_8349,,MidRevenue,LargeAsset,Asia,LowTurnover,
comp_8350,,UpperRevenue,LargeAsset,Asia,MidTurnover,
comp_8351,,MidRevenue,LargeAsset,Asia,LowTurnover,
comp_8352,,HighRevenue,LargeAsset,Asia,HighTurnover,
comp_8353,,UpperRevenue,LargeAsset,Asia,LowTurnover,
comp_8354,,MidRevenue,LargeAsset,Asia,LowTurnover,
comp_8355,,MidRevenue,LargeAsset,Asia,LowTurnover,
comp_8356,,UpperRevenue,LargeAsset,Asia,MidTurnover,
comp_8357,,MidRevenue,LargeAsset,Asia,LowTurnover,
comp_8358,,MidRevenue,LargeAsset,Asia,LowTurnover,
comp_8359,,UpperRevenue,LargeAsset,Asia,MidTurnover,
comp_8360,,UpperRevenue,LargeAsset,Asia,LowTurnover,
comp_8361,,UpperRevenue,LargeAsset,Asia,MidTurnover,
comp_8362,,MidRevenue,LargeAsset,Asia,LowTurnover,
comp_8363,,UpperRevenue,LargeAsset,Asia,MidTurnover,
comp_8364,,UpperRevenue,LargeAsset,Asia,MidTurnover,
comp_8365,,HighRevenue,MidAsset,Asia,HighTurnover,
comp_8366,,HighRevenue,MidAsset,Asia,HighTurnover,
comp_8367,,UpperRevenue,MidAsset,Asia,LowTurnover,
comp_8368,,UpperRevenue,MidAsset,Asia,MidTurnover,
comp_8369,,HighRevenue,MidAsset,Asia,HighTurnover,
comp_8370,,MidRevenue,MidAsset,Asia,LowTurnover,
comp_8371,,UpperRevenue,MidAsset,Asia,HighTurnover,
comp_8372,,MidRevenue,MidAsset,Asia,LowTurnover,
comp_8373,,UpperRevenue,MidAsset,Asia,LowTurnover,
comp_8374,,UpperRevenue,MidAsset,Asia,MidTurnover,
comp_8375,,UpperRevenue,MidAsset,Asia,MidTurnover,
comp_8376,,MidRevenue,MidAsset,Asia,LowTurnover,
comp_8377,,UpperRevenue,MidAsset,Asia,HighTurnover,
comp_8378,,UpperRevenue,MidAsset,Asia,MidTurnover,
comp_8379,,MidRevenue,MidAsset,Asia,LowTurnover,
comp_8380,,MidRevenue,MidAsset,Asia,LowTurnover,
comp_8381,,UpperRevenue,MidAsset,Asia,MidTurnover,
comp_8382,,MidRevenue,MidAsset,Asia,LowTurnover,
comp_8383,,MidRevenue,MidAsset,Asia,LowTurnover,
comp_8384,,MidRevenue,MidAsset,Asia,LowTurnover,
comp_8385,,UpperRevenue,MidAsset,Asia,MidTurnover,
comp_8386,,UpperRevenue,MidAsset,Asia,HighTurnover,
comp_8387,,MidRevenue,MidAsset,Asia,LowTurnover,
comp_8388,,UpperRevenue,MidAsset,Asia,LowTurnover,
comp_8389,,LowRevenue,MidAsset,Asia,LowTurnover,
comp_8390,,MidRevenue,MidAsset,Asia,LowTurnover,
comp_8391,,MidRevenue,MidAsset,Asia,LowTurnover,
comp_8392,,UpperRevenue,MidAsset,Asia,MidTurnover,
comp_8393,,MidRevenue,MidAsset,Asia,LowTurnover,
comp_8394,,MidRevenue,MidAsset,Asia,LowTurnover,
comp_8395,,MidRevenue,MidAsset,Asia,LowTurnover,
comp_8396,,UpperRevenue,MidAsset,Asia,MidTurnover,
comp_8397,,MidRevenue,MidAsset,Asia,LowTurnover,
comp_8398,,MidRevenue,MidAsset,Asia,LowTurnover,
comp_8399,,MidRevenue,MidAsset,Asia,LowTurnover,
comp_8400,,MidRevenue,MidAsset,Asia,LowTurnover,
comp_8401,,UpperRevenue,MidAsset,Asia,LowTurnover,
comp_8402,,MidRevenue,MidAsset,Asia,LowTurnover,
comp_8403,,MidRevenue,MidAsset,Asia,LowTurnover,
comp_8404,,UpperRevenue,MidAsset,Asia,HighTurnover,
comp_8405,,HighRevenue,MidAsset,Asia,HighTurnover,
comp_8406,,MidRevenue,MidAsset,Asia,LowTurnover,
comp_8407,,UpperRevenue,MidAsset,Asia,MidTurnover,
comp_8408,,HighRevenue,MidAsset,Asia,HighTurnover,
comp_8409,,MidRevenue,MidAsset,Asia,LowTurnover,
comp_8410,,MidRevenue,MidAsset,Asia,LowTurnover,
comp_8411,,UpperRevenue,MidAsset,Asia,MidTurnover,
comp_8412,,MidRevenue,MidAsset,Asia,LowTurnover,
comp_8413,,UpperRevenue,MidAsset,Asia,HighTurnover,
comp_8414,,HighRevenue,MidAsset,Asia,HighTurnover,
comp_8415,,MidRevenue,MidAsset,Asia,LowTurnover,
comp_8416,,UpperRevenue,MidAsset,Asia,MidTurnover,
comp_8417,,UpperRevenue,MidAsset,Asia,HighTurnover,
comp_8418,,UpperRevenue,MidAsset,Asia,MidTurnover,
comp_8419,,UpperRevenue,MidAsset,Asia,MidTurnover,
comp_8420,,MidRevenue,MidAsset,Asia,LowTurnover,
comp_8421,,UpperRevenue,MidAsset,Asia,MidTurnover,
comp_8422,,MidRevenue,MidAsset,Asia,LowTurnover,
comp_8423,,MidRevenue,MidAsset,Asia,LowTurnover,
comp_8424,,MidRevenue,MidAsset,Asia,LowTurnover,
comp_8425,,MidRevenue,MidAsset,Asia,LowTurnover,
comp_8426,,UpperRevenue,MidAsset,Asia,HighTurnover,
comp_8427,,MidRevenue,MidAsset,Asia,LowTurnover,
comp_8428,,MidRevenue,MidAsset,Asia,LowTurnover,
comp_8429,,UpperRevenue,MidAsset,Asia,LowTurnover,
comp_8430,,MidRevenue,MidAsset,Asia,LowTurnover,
comp_8431,,MidRevenue,MidAsset,Asia,LowTurnover,
comp_8432,,UpperRevenue,MidAsset,Asia,MidTurnover,
comp_8433,,UpperRevenue,MidAsset,Asia,HighTurnover,
comp_8434,,UpperRevenue,MidAsset,Asia,MidTurnover,
comp_8435,,MidRevenue,MidAsset,Asia,LowTurnover,
comp_8436,,UpperRevenue,MidAsset,Asia,MidTurnover,
comp_8437,,MidRevenue,MidAsset,Asia,LowTurnover,
comp_8438,,MidRevenue,MidAsset,Asia,LowTurnover,
comp_8439,,UpperRevenue,MidAsset,Asia,MidTurnover,
comp_8440,,MidRevenue,MidAsset,Asia,LowTurnover,
comp_8441,,UpperRevenue,MidAsset,Asia,MidTurnover,
comp_8442,,MidRevenue,MidAsset,Asia,LowTurnover,
comp_8443,,MidRevenue,MidAsset,Asia,LowTurnover,
comp_8444,,LowRevenue,MidAsset,Asia,LowTurnover,
comp_8445,,UpperRevenue,MidAsset,Asia,MidTurnover,
comp_8446,,,MidAsset,Asia,,
comp_8447,,UpperRevenue,MidAsset,Asia,HighTurnover,
comp_8448,,MidRevenue,MidAsset,Asia,LowTurnover,
comp_8449,,UpperRevenue,MidAsset,Asia,MidTurnover,
comp_8450,,HighRevenue,MidAsset,Asia,HighTurnover,
comp_8451,,MidRevenue,MidAsset,Asia,LowTurnover,
comp_8452,,MidRevenue,MidAsset,Asia,LowTurnover,
comp_8453,,UpperRevenue,MidAsset,Asia,MidTurnover,
comp_8454,,UpperRevenue,MidAsset,Asia,HighTurnover,
comp_8455,,UpperRevenue,MidAsset,Asia,HighTurnover,
comp_8456,,HighRevenue,MidAsset,Asia,HighTurnover,
comp_8457,,MidRevenue,MidAsset,Asia,LowTurnover,
comp_8458,,UpperRevenue,MidAsset,Asia,HighTurnover,
comp_8459,,UpperRevenue,MidAsset,Asia,MidTurnover,
comp_8460,,MidRevenue,MidAsset,Asia,LowTurnover,
comp_8461,,MidRevenue,MidAsset,Asia,LowTurnover,
comp_8462,,UpperRevenue,MidAsset,Asia,LowTurnover,
comp_8463,,MidRevenue,MidAsset,Asia,LowTurnover,
comp_8464,,UpperRevenue,MidAsset,Asia,HighTurnover,
comp_8465,,MidRevenue,MidAsset,Asia,LowTurnover,
comp_8466,,UpperRevenue,MidAsset,Asia,HighTurnover,
comp_8467,,MidRevenue,MidAsset,Asia,LowTurnover,
comp_8468,,UpperRevenue,MidAsset,Asia,MidTurnover,
comp_8469,,MidRevenue,MidAsset,Asia,LowTurnover,
comp_8470,,MidRevenue,MidAsset,Asia,LowTurnover,
comp_8471,,MidRevenue,MidAsset,Asia,LowTurnover,
comp_8472,,UpperRevenue,MidAsset,Asia,HighTurnover,
comp_8473,,UpperRevenue,MidAsset,Asia,HighTurnover,
comp_8474,,MidRevenue,MidAsset,Asia,LowTurnover,
comp_8475,,UpperRevenue,MidAsset,Asia,MidTurnover,
comp_8476,,MidRevenue,MidAsset,Asia,LowTurnover,
comp_8477,,UpperRevenue,MidAsset,Asia,HighTurnover,
comp_8478,,UpperRevenue,MidAsset,Asia,MidTurnover,
comp_8479,,MidRevenue,MidAsset,Asia,LowTurnover,
comp_8480,,MidRevenue,MidAsset,Asia,LowTurnover,
comp_8481,,MidRevenue,MidAsset,Asia,LowTurnover,
comp_8482,,UpperRevenue,MidAsset,Asia,MidTurnover,
comp_8483,,MidRevenue,MidAsset,Asia,LowTurnover,
comp_8484,,UpperRevenue,MidAsset,Asia,MidTurnover,
comp_8485,,UpperRevenue,MidAsset,Asia,HighTurnover,
comp_8486,,MidRevenue,MidAsset,Asia,LowTurnover,
comp_8487,,MidRevenue,MidAsset,Asia,LowTurnover,
comp_8488,,MidRevenue,MidAsset,Asia,LowTurnover,
comp_8489,,UpperRevenue,MidAsset,Asia,HighTurnover,
comp_8490,,UpperRevenue,MidAsset,Asia,MidTurnover,
comp_8491,,MidRevenue,MidAsset,Asia,LowTurnover,
comp_8492,,MidRevenue,MidAsset,Asia,LowTurnover,
comp_8493,,LowRevenue,MidAsset,Asia,LowTurnover,
comp_8494,,MidRevenue,MidAsset,Asia,MidTurnover,
comp_8495,,MidRevenue,MidAsset,Asia,LowTurnover,
comp_8496,,UpperRevenue,MidAsset,Asia,HighTurnover,
comp_8497,,UpperRevenue,MidAsset,Asia,HighTurnover,
comp_8498,,LowRevenue,MidAsset,Asia,LowTurnover,
comp_8499,,MidRevenue,MidAsset,Asia,MidTurnover,
comp_8500,,MidRevenue,MidAsset,Asia,LowTurnover,
comp_8501,,UpperRevenue,MidAsset,Asia,HighTurnover,
comp_8502,,UpperRevenue,MidAsset,Asia,MidTurnover,
comp_8503,,MidRevenue,MidAsset,Asia,MidTurnover,
comp_8504,,MidRevenue,MidAsset,Asia,MidTurnover,
comp_8505,,MidRevenue,MidAsset,Asia,MidTurnover,
comp_8506,,MidRevenue,MidAsset,Asia,LowTurnover,
comp_8507,,MidRevenue,MidAsset,Asia,MidTurnover,
comp_8508,,MidRevenue,MidAsset,Asia,MidTurnover,
comp_8509,,MidRevenue,MidAsset,Asia,LowTurnover,
comp_8510,,UpperRevenue,MidAsset,Asia,HighTurnover,
comp_8511,,MidRevenue,MidAsset,Asia,LowTurnover,
comp_8512,,MidRevenue,MidAsset,Asia,LowTurnover,
comp_8513,,UpperRevenue,MidAsset,Asia,MidTurnover,
comp_8514,,MidRevenue,MidAsset,Asia,LowTurnover,
comp_8515,,MidRevenue,MidAsset,Asia,LowTurnover,
comp_8516,,MidRevenue,MidAsset,Asia,LowTurnover,
comp_8517,,MidRevenue,MidAsset,Asia,LowTurnover,
comp_8518,,UpperRevenue,MidAsset,Asia,MidTurnover,
comp_8519,,MidRevenue,MidAsset,Asia,MidTurnover,
comp_8520,,MidRevenue,MidAsset,Asia,LowTurnover,
comp_8521,,MidRevenue,MidAsset,Asia,MidTurnover,
comp_8522,,UpperRevenue,MidAsset,Asia,HighTurnover,
comp_8523,,MidRevenue,MidAsset,Asia,LowTurnover,
comp_8524,,MidRevenue,MidAsset,Asia,MidTurnover,
comp_8525,,MidRevenue,MidAsset,Asia,LowTurnover,
comp_8526,,MidRevenue,MidAsset,Asia,MidTurnover,
comp_8527,,MidRevenue,MidAsset,Asia,MidTurnover,
comp_8528,,LowRevenue,MidAsset,Asia,LowTurnover,
comp_8529,,MidRevenue,MidAsset,Asia,MidTurnover,
comp_8530,,UpperRevenue,MidAsset,Asia,HighTurnover,
comp_8531,,MidRevenue,MidAsset,Asia,MidTurnover,
comp_8532,,UpperRevenue,LightAsset,Asia,HighTurnover,
comp_8533,,MidRevenue,LightAsset,Asia,LowTurnover,
comp_8534,,LowRevenue,LightAsset,Asia,LowTurnover,
comp_8535,,MidRevenue,LightAsset,Asia,LowTurnover,
comp_8536,,MidRevenue,LightAsset,Asia,HighTurnover,
comp_8537,,MidRevenue,LightAsset,Asia,MidTurnover,
comp_8538,,MidRevenue,LightAsset,Asia,LowTurnover,
comp_8539,,VeryLowRevenue,LightAsset,Asia,LowTurnover,
comp_8540,,MidRevenue,LightAsset,Asia,LowTurnover,
comp_8541,,MidRevenue,LightAsset,Asia,MidTurnover,
comp_8542,,MidRevenue,LightAsset,Asia,MidTurnover,
comp_8543,,VeryLowRevenue,LightAsset,Asia,LowTurnover,
comp_8544,,LowRevenue,LightAsset,Asia,LowTurnover,
comp_8545,,MidRevenue,LightAsset,Asia,LowTurnover,
comp_8546,,MidRevenue,LightAsset,Asia,LowTurnover,
comp_8547,,MidRevenue,LightAsset,Asia,HighTurnover,
comp_8548,,MidRevenue,LightAsset,Asia,MidTurnover,
comp_8549,,MidRevenue,LightAsset,Asia,MidTurnover,
comp_8550,,MidRevenue,LightAsset,Asia,MidTurnover,
comp_8551,,MidRevenue,LightAsset,Asia,MidTurnover,
comp_8552,,LowRevenue,LightAsset,Asia,LowTurnover,
comp_8553,,MidRevenue,LightAsset,Asia,MidTurnover,
comp_8554,,LowRevenue,LightAsset,Asia,LowTurnover,
comp_8555,,LowRevenue,LightAsset,Asia,LowTurnover,
comp_8556,,LowRevenue,LightAsset,Asia,LowTurnover,
comp_8557,,LowRevenue,LightAsset,Asia,LowTurnover,
comp_8558,,LowRevenue,LightAsset,Asia,LowTurnover,
comp_8559,,MidRevenue,LightAsset,Asia,MidTurnover,
comp_8560,,MidRevenue,LightAsset,Asia,MidTurnover,
comp_8561,,LowRevenue,LightAsset,Asia,LowTurnover,
comp_8562,,MidRevenue,LightAsset,Asia,HighTurnover,
comp_8563,,MidRevenue,LightAsset,Asia,HighTurnover,
comp_8564,,LowRevenue,LightAsset,Asia,LowTurnover,
comp_8565,,MidRevenue,LightAsset,Asia,MidTurnover,
comp_8566,,MidRevenue,LightAsset,Asia,HighTurnover,
comp_8567,,MidRevenue,LightAsset,Asia,HighTurnover,
comp_8568,,MidRevenue,LightAsset,Asia,HighTurnover,
comp_8569,,MidRevenue,LightAsset,Asia,MidTurnover,
comp_8570,,MidRevenue,LightAsset,Asia,MidTurnover,
comp_8571,,UpperRevenue,LightAsset,Asia,HighTurnover,
comp_8572,,MidRevenue,LightAsset,Asia,HighTurnover,
comp_8573,,MidRevenue,LightAsset,Asia,MidTurnover,
comp_8574,,MidRevenue,LightAsset,Asia,HighTurnover,
comp_8575,,MidRevenue,LightAsset,Asia,MidTurnover,
comp_8576,,MidRevenue,LightAsset,Asia,HighTurnover,
comp_8577,,MidRevenue,LightAsset,Asia,MidTurnover,
comp_8578,,MidRevenue,LightAsset,Asia,HighTurnover,
comp_8579,,LowRevenue,LightAsset,Asia,LowTurnover,
comp_8580,,LowRevenue,LightAsset,Asia,MidTurnover,
comp_8581,,MidRevenue,LightAsset,Asia,MidTurnover,
comp_8582,,MidRevenue,LightAsset,Asia,HighTurnover,
comp_8583,,MidRevenue,LightAsset,Asia,HighTurnover,
comp_8584,,MidRevenue,LightAsset,Asia,HighTurnover,
comp_8585,,LowRevenue,LightAsset,Asia,MidTurnover,
comp_8586,,MidRevenue,LightAsset,Asia,HighTurnover,
comp_8587,,,LightAsset,Asia,,
comp_8588,,LowRevenue,LightAsset,Asia,MidTurnover,
comp_8589,,LowRevenue,LightAsset,Asia,MidTurnover,
comp_8590,,LowRevenue,LightAsset,Asia,LowTurnover,
comp_8591,,MidRevenue,MicroAsset,Asia,HighTurnover,
comp_8592,,LowRevenue,MicroAsset,Asia,MidTurnover,
comp_8593,,MidRevenue,MicroAsset,Asia,HighTurnover,
comp_8594,,LowRevenue,MicroAsset,Asia,MidTurnover,
comp_8595,,LowRevenue,MicroAsset,Asia,MidTurnover,
comp_8596,,LowRevenue,MicroAsset,Asia,MidTurnover,
comp_8597,,LowRevenue,MicroAsset,Asia,MidTurnover,
comp_8598,,LowRevenue,MicroAsset,Asia,MidTurnover,
comp_8599,,LowRevenue,MicroAsset,Asia,HighTurnover,
comp_8600,,MidRevenue,MicroAsset,Asia,HighTurnover,
comp_8601,,LowRevenue,MicroAsset,Asia,HighTurnover,
comp_8602,,LowRevenue,MicroAsset,Asia,MidTurnover,
comp_8603,,LowRevenue,MicroAsset,Asia,MidTurnover,
comp_8604,,LowRevenue,MicroAsset,Asia,MidTurnover,
comp_8605,,VeryLowRevenue,MicroAsset,Asia,LowTurnover,
comp_8606,,LowRevenue,MicroAsset,Asia,MidTurnover,
comp_8607,,LowRevenue,MicroAsset,Asia,MidTurnover,
comp_8608,,LowRevenue,MicroAsset,Asia,MidTurnover,
comp_8609,,LowRevenue,MicroAsset,Asia,MidTurnover,
comp_8610,,LowRevenue,MicroAsset,Asia,MidTurnover,
comp_8611,,LowRevenue,MicroAsset,Asia,HighTurnover,
comp_8612,,VeryLowRevenue,MicroAsset,Asia,LowTurnover,
comp_8613,,LowRevenue,MicroAsset,Asia,HighTurnover,
comp_8614,,,MicroAsset,Asia,,
comp_8615,,VeryLowRevenue,MicroAsset,Asia,MidTurnover,
comp_8616,,,MicroAsset,Asia,,
comp_8617,,VeryLowRevenue,MicroAsset,Asia,LowTurnover,
comp_8618,,,MicroAsset,Asia,,
comp_8619,,VeryLowRevenue,MicroAsset,Asia,HighTurnover,
comp_8620,,,MicroAsset,Asia,,
comp_8621,,,MicroAsset,Asia,,
comp_8622,,VeryLowRevenue,MicroAsset,Asia,HighTurnover,
comp_8623,,LowRevenue,,Asia,,
comp_8624,,VeryLowRevenue,,Asia,,
comp_8625,,UpperRevenue,,Asia,,
comp_8626,,HighRevenue,HeavyAsset,Europe,LowTurnover,
comp_8627,,UpperRevenue,HeavyAsset,Europe,LowTurnover,
comp_8628,,HighRevenue,HeavyAsset,Europe,LowTurnover,
comp_8629,,,LargeAsset,Europe,,
comp_8630,,UpperRevenue,LargeAsset,Europe,LowTurnover,
comp_8631,,MidRevenue,LargeAsset,Europe,LowTurnover,
comp_8632,,UpperRevenue,LargeAsset,Europe,MidTurnover,
comp_8633,,HighRevenue,LargeAsset,Europe,HighTurnover,
comp_8634,,HighRevenue,LargeAsset,Europe,HighTurnover,
comp_8635,,MidRevenue,LargeAsset,Europe,LowTurnover,
comp_8636,,UpperRevenue,MidAsset,Europe,MidTurnover,
comp_8637,,UpperRevenue,MidAsset,Europe,MidTurnover,
comp_8638,,,MidAsset,Europe,,
comp_8639,,UpperRevenue,MidAsset,Europe,MidTurnover,
comp_8640,,,MidAsset,Europe,,
comp_8641,,,MidAsset,Europe,,
comp_8642,,UpperRevenue,MidAsset,Europe,MidTurnover,
comp_8643,,,MidAsset,Europe,,
comp_8644,,UpperRevenue,MidAsset,Europe,HighTurnover,
comp_8645,,UpperRevenue,MidAsset,Europe,HighTurnover,
comp_8646,,UpperRevenue,MidAsset,Europe,MidTurnover,
comp_8647,,MidRevenue,MidAsset,Europe,LowTurnover,
comp_8648,,UpperRevenue,MidAsset,Europe,HighTurnover,
comp_8649,,LowRevenue,MidAsset,Europe,LowTurnover,
comp_8650,,UpperRevenue,MidAsset,Europe,MidTurnover,
comp_8651,,UpperRevenue,MidAsset,Europe,HighTurnover,
comp_8652,,UpperRevenue,MidAsset,Europe,HighTurnover,
comp_8653,,UpperRevenue,MidAsset,Europe,HighTurnover,
comp_8654,,MidRevenue,MidAsset,Europe,MidTurnover,
comp_8655,,HighRevenue,MidAsset,Europe,HighTurnover,
comp_8656,,UpperRevenue,MidAsset,Europe,MidTurnover,
comp_8657,,UpperRevenue,MidAsset,Europe,HighTurnover,
comp_8658,,MidRevenue,MidAsset,Europe,LowTurnover,
comp_8659,,MidRevenue,MidAsset,Europe,LowTurnover,
comp_8660,,,MidAsset,Europe,,
comp_8661,,,MidAsset,Europe,,
comp_8662,,UpperRevenue,MidAsset,Europe,HighTurnover,
comp_8663,,UpperRevenue,MidAsset,Europe,HighTurnover,
comp_8664,,UpperRevenue,MidAsset,Europe,HighTurnover,
comp_8665,,UpperRevenue,MidAsset,Europe,HighTurnover,
comp_8666,,LowRevenue,MidAsset,Europe,LowTurnover,
comp_8667,,LowRevenue,MidAsset,Europe,LowTurnover,
comp_8668,,UpperRevenue,MidAsset,Europe,MidTurnover,
comp_8669,,MidRevenue,MidAsset,Europe,MidTurnover,
comp_8670,,UpperRevenue,MidAsset,Europe,HighTurnover,
comp_8671,,UpperRevenue,MidAsset,Europe,HighTurnover,
comp_8672,,UpperRevenue,MidAsset,Europe,HighTurnover,
comp_8673,,LowRevenue,MidAsset,Europe,LowTurnover,
comp_8674,,UpperRevenue,LightAsset,Europe,HighTurnover,
comp_8675,,UpperRevenue,LightAsset,Europe,HighTurnover,
comp_8676,,MidRevenue,LightAsset,Europe,LowTurnover,
comp_8677,,MidRevenue,LightAsset,Europe,MidTurnover,
comp_8678,,,LightAsset,Europe,,
comp_8679,,,LightAsset,Europe,,
comp_8680,,UpperRevenue,LightAsset,Europe,HighTurnover,
comp_8681,,,LightAsset,Europe,,
comp_8682,,MidRevenue,LightAsset,Europe,MidTurnover,
comp_8683,,UpperRevenue,LightAsset,Europe,HighTurnover,
comp_8684,,LowRevenue,LightAsset,Europe,LowTurnover,
comp_8685,,MidRevenue,LightAsset,Europe,HighTurnover,
comp_8686,,,LightAsset,Europe,,
comp_8687,,LowRevenue,LightAsset,Europe,LowTurnover,
comp_8688,,MidRevenue,LightAsset,Europe,MidTurnover,
comp_8689,,UpperRevenue,LightAsset,Europe,HighTurnover,
comp_8690,,MidRevenue,LightAsset,Europe,HighTurnover,
comp_8691,,MidRevenue,LightAsset,Europe,HighTurnover,
comp_8692,,UpperRevenue,LightAsset,Europe,HighTurnover,
comp_8693,,UpperRevenue,LightAsset,Europe,HighTurnover,
comp_8694,,MidRevenue,LightAsset,Europe,LowTurnover,
comp_8695,,MidRevenue,LightAsset,Europe,MidTurnover,
comp_8696,,LowRevenue,LightAsset,Europe,LowTurnover,
comp_8697,,MidRevenue,LightAsset,Europe,MidTurnover,
comp_8698,,,LightAsset,Europe,,
comp_8699,,MidRevenue,LightAsset,Europe,HighTurnover,
comp_8700,,UpperRevenue,LightAsset,Europe,HighTurnover,
comp_8701,,UpperRevenue,LightAsset,Europe,HighTurnover,
comp_8702,,MidRevenue,LightAsset,Europe,LowTurnover,
comp_8703,,MidRevenue,LightAsset,Europe,HighTurnover,
comp_8704,,MidRevenue,LightAsset,Europe,HighTurnover,
comp_8705,,MidRevenue,LightAsset,Europe,HighTurnover,
comp_8706,,MidRevenue,LightAsset,Europe,HighTurnover,
comp_8707,,UpperRevenue,LightAsset,Europe,HighTurnover,
comp_8708,,MidRevenue,LightAsset,Europe,HighTurnover,
comp_8709,,,LightAsset,Europe,,
comp_8710,,MidRevenue,LightAsset,Europe,MidTurnover,
comp_8711,,MidRevenue,LightAsset,Europe,HighTurnover,
comp_8712,,,LightAsset,Europe,,
comp_8713,,UpperRevenue,LightAsset,Europe,HighTurnover,
comp_8714,,UpperRevenue,LightAsset,Europe,HighTurnover,
comp_8715,,MidRevenue,LightAsset,Europe,HighTurnover,
comp_8716,,MidRevenue,LightAsset,Europe,HighTurnover,
comp_8717,,MidRevenue,LightAsset,Europe,HighTurnover,
comp_8718,,MidRevenue,LightAsset,Europe,HighTurnover,
comp_8719,,MidRevenue,LightAsset,Europe,HighTurnover,
comp_8720,,MidRevenue,LightAsset,Europe,MidTurnover,
comp_8721,,MidRevenue,LightAsset,Europe,MidTurnover,
comp_8722,,LowRevenue,LightAsset,Europe,LowTurnover,
comp_8723,,MidRevenue,LightAsset,Europe,MidTurnover,
comp_8724,,MidRevenue,LightAsset,Europe,HighTurnover,
comp_8725,,MidRevenue,LightAsset,Europe,HighTurnover,
comp_8726,,MidRevenue,LightAsset,Europe,MidTurnover,
comp_8727,,MidRevenue,LightAsset,Europe,HighTurnover,
comp_8728,,MidRevenue,LightAsset,Europe,HighTurnover,
comp_8729,,LowRevenue,LightAsset,Europe,LowTurnover,
comp_8730,,MidRevenue,LightAsset,Europe,HighTurnover,
comp_8731,,MidRevenue,LightAsset,Europe,HighTurnover,
comp_8732,,MidRevenue,LightAsset,Europe,MidTurnover,
comp_8733,,MidRevenue,LightAsset,Europe,HighTurnover,
comp_8734,,LowRevenue,LightAsset,Europe,MidTurnover,
comp_8735,,LowRevenue,LightAsset,Europe,LowTurnover,
comp_8736,,,LightAsset,Europe,,
comp_8737,,MidRevenue,LightAsset,Europe,MidTurnover,
comp_8738,,MidRevenue,LightAsset,Europe,HighTurnover,
comp_8739,,MidRevenue,LightAsset,Europe,HighTurnover,
comp_8740,,MidRevenue,LightAsset,Europe,HighTurnover,
comp_8741,,MidRevenue,LightAsset,Europe,HighTurnover,
comp_8742,,MidRevenue,LightAsset,Europe,MidTurnover,
comp_8743,,MidRevenue,LightAsset,Europe,HighTurnover,
comp_8744,,MidRevenue,LightAsset,Europe,HighTurnover,
comp_8745,,MidRevenue,LightAsset,Europe,MidTurnover,
comp_8746,,,LightAsset,Europe,,
comp_8747,,,LightAsset,Europe,,
comp_8748,,,LightAsset,Europe,,
comp_8749,,MidRevenue,LightAsset,Europe,HighTurnover,
comp_8750,,MidRevenue,LightAsset,Europe,HighTurnover,
comp_8751,,MidRevenue,LightAsset,Europe,HighTurnover,
comp_8752,,LowRevenue,LightAsset,Europe,LowTurnover,
comp_8753,,LowRevenue,LightAsset,Europe,LowTurnover,
comp_8754,,LowRevenue,LightAsset,Europe,LowTurnover,
comp_8755,,MidRevenue,LightAsset,Europe,HighTurnover,
comp_8756,,MidRevenue,LightAsset,Europe,HighTurnover,
comp_8757,,MidRevenue,LightAsset,Europe,HighTurnover,
comp_8758,,MidRevenue,LightAsset,Europe,HighTurnover,
comp_8759,,MidRevenue,LightAsset,Europe,HighTurnover,
comp_8760,,LowRevenue,LightAsset,Europe,LowTurnover,
comp_8761,,,LightAsset,Europe,,
comp_8762,,LowRevenue,LightAsset,Europe,LowTurnover,
comp_8763,,LowRevenue,LightAsset,Europe,MidTurnover,
comp_8764,,,LightAsset,Europe,,
comp_8765,,MidRevenue,LightAsset,Europe,MidTurnover,
comp_8766,,LowRevenue,LightAsset,Europe,LowTurnover,
comp_8767,,MidRevenue,LightAsset,Europe,HighTurnover,
comp_8768,,MidRevenue,LightAsset,Europe,HighTurnover,
comp_8769,,MidRevenue,LightAsset,Europe,HighTurnover,
comp_8770,,,LightAsset,Europe,,
comp_8771,,MidRevenue,LightAsset,Europe,HighTurnover,
comp_8772,,LowRevenue,LightAsset,Europe,MidTurnover,
comp_8773,,MidRevenue,LightAsset,Europe,HighTurnover,
comp_8774,,,LightAsset,Europe,,
comp_8775,,MidRevenue,LightAsset,Europe,HighTurnover,
comp_8776,,MidRevenue,LightAsset,Europe,HighTurnover,
comp_8777,,MidRevenue,LightAsset,Europe,HighTurnover,
comp_8778,,LowRevenue,LightAsset,Europe,LowTurnover,
comp_8779,,MidRevenue,LightAsset,Europe,MidTurnover,
comp_8780,,MidRevenue,LightAsset,Europe,MidTurnover,
comp_8781,,MidRevenue,LightAsset,Europe,MidTurnover,
comp_8782,,,LightAsset,Europe,,
comp_8783,,LowRevenue,LightAsset,Europe,MidTurnover,
comp_8784,,MidRevenue,LightAsset,Europe,HighTurnover,
comp_8785,,MidRevenue,LightAsset,Europe,HighTurnover,
comp_8786,,MidRevenue,LightAsset,Europe,HighTurnover,
comp_8787,,MidRevenue,LightAsset,Europe,HighTurnover,
comp_8788,,MidRevenue,LightAsset,Europe,HighTurnover,
comp_8789,,VeryLowRevenue,LightAsset,Europe,LowTurnover,
comp_8790,,LowRevenue,LightAsset,Europe,MidTurnover,
comp_8791,,LowRevenue,LightAsset,Europe,LowTurnover,
comp_8792,,,LightAsset,Europe,,
comp_8793,,MidRevenue,LightAsset,Europe,HighTurnover,
comp_8794,,VeryLowRevenue,LightAsset,Europe,LowTurnover,
comp_8795,,LowRevenue,LightAsset,Europe,LowTurnover,
comp_8796,,MidRevenue,LightAsset,Europe,HighTurnover,
comp_8797,,,LightAsset,Europe,,
comp_8798,,LowRevenue,LightAsset,Europe,MidTurnover,
comp_8799,,,LightAsset,Europe,,
comp_8800,,MidRevenue,LightAsset,Europe,HighTurnover,
comp_8801,,MidRevenue,LightAsset,Europe,HighTurnover,
comp_8802,,LowRevenue,LightAsset,Europe,LowTurnover,
comp_8803,,,LightAsset,Europe,,
comp_8804,,MidRevenue,LightAsset,Europe,HighTurnover,
comp_8805,,LowRevenue,LightAsset,Europe,MidTurnover,
comp_8806,,MidRevenue,LightAsset,Europe,HighTurnover,
comp_8807,,LowRevenue,LightAsset,Europe,LowTurnover,
comp_8808,,MidRevenue,LightAsset,Europe,HighTurnover,
comp_8809,,LowRevenue,LightAsset,Europe,MidTurnover,
comp_8810,,LowRevenue,LightAsset,Europe,MidTurnover,
comp_8811,,LowRevenue,LightAsset,Europe,LowTurnover,
comp_8812,,MidRevenue,LightAsset,Europe,HighTurnover,
comp_8813,,MidRevenue,LightAsset,Europe,HighTurnover,
comp_8814,,MidRevenue,LightAsset,Europe,HighTurnover,
comp_8815,,,LightAsset,Europe,,
comp_8816,,MidRevenue,LightAsset,Europe,HighTurnover,
comp_8817,,MidRevenue,LightAsset,Europe,HighTurnover,
comp_8818,,LowRevenue,LightAsset,Europe,MidTurnover,
comp_8819,,MidRevenue,LightAsset,Europe,HighTurnover,
comp_8820,,LowRevenue,LightAsset,Europe,MidTurnover,
comp_8821,,LowRevenue,LightAsset,Europe,MidTurnover,
comp_8822,,MidRevenue,LightAsset,Europe,HighTurnover,
comp_8823,,MidRevenue,LightAsset,Europe,HighTurnover,
comp_8824,,,LightAsset,Europe,,
comp_8825,,MidRevenue,LightAsset,Europe,HighTurnover,
comp_8826,,,LightAsset,Europe,,
comp_8827,,MidRevenue,LightAsset,Europe,HighTurnover,
comp_8828,,MidRevenue,LightAsset,Europe,HighTurnover,
comp_8829,,MidRevenue,LightAsset,Europe,HighTurnover,
comp_8830,,MidRevenue,LightAsset,Europe,HighTurnover,
comp_8831,,MidRevenue,LightAsset,Europe,HighTurnover,
comp_8832,,MidRevenue,LightAsset,Europe,HighTurnover,
comp_8833,,VeryLowRevenue,LightAsset,Europe,LowTurnover,
comp_8834,,LowRevenue,LightAsset,Europe,LowTurnover,
comp_8835,,MidRevenue,LightAsset,Europe,HighTurnover,
comp_8836,,MidRevenue,LightAsset,Europe,HighTurnover,
comp_8837,,MidRevenue,LightAsset,Europe,HighTurnover,
comp_8838,,MidRevenue,LightAsset,Europe,HighTurnover,
comp_8839,,,LightAsset,Europe,,
comp_8840,,MidRevenue,LightAsset,Europe,HighTurnover,
comp_8841,,MidRevenue,LightAsset,Europe,HighTurnover,
comp_8842,,MidRevenue,LightAsset,Europe,HighTurnover,
comp_8843,,MidRevenue,MicroAsset,Europe,HighTurnover,
comp_8844,,,MicroAsset,Europe,,
comp_8845,,LowRevenue,MicroAsset,Europe,MidTurnover,
comp_8846,,MidRevenue,MicroAsset,Europe,HighTurnover,
comp_8847,,,MicroAsset,Europe,,
comp_8848,,LowRevenue,MicroAsset,Europe,MidTurnover,
comp_8849,,MidRevenue,MicroAsset,Europe,HighTurnover,
comp_8850,,VeryLowRevenue,MicroAsset,Europe,LowTurnover,
comp_8851,,LowRevenue,MicroAsset,Europe,LowTurnover,
comp_8852,,MidRevenue,MicroAsset,Europe,HighTurnover,
comp_8853,,MidRevenue,MicroAsset,Europe,HighTurnover,
comp_8854,,,MicroAsset,Europe,,
comp_8855,,LowRevenue,MicroAsset,Europe,MidTurnover,
comp_8856,,LowRevenue,MicroAsset,Europe,MidTurnover,
comp_8857,,MidRevenue,MicroAsset,Europe,HighTurnover,
comp_8858,,MidRevenue,MicroAsset,Europe,HighTurnover,
comp_8859,,MidRevenue,MicroAsset,Europe,HighTurnover,
comp_8860,,MidRevenue,MicroAsset,Europe,HighTurnover,
comp_8861,,LowRevenue,MicroAsset,Europe,HighTurnover,
comp_8862,,MidRevenue,MicroAsset,Europe,HighTurnover,
comp_8863,,MidRevenue,MicroAsset,Europe,HighTurnover,
comp_8864,,MidRevenue,MicroAsset,Europe,HighTurnover,
comp_8865,,MidRevenue,MicroAsset,Europe,HighTurnover,
comp_8866,,,MicroAsset,Europe,,
comp_8867,,LowRevenue,MicroAsset,Europe,MidTurnover,
comp_8868,,LowRevenue,MicroAsset,Europe,LowTurnover,
comp_8869,,LowRevenue,MicroAsset,Europe,MidTurnover,
comp_8870,,LowRevenue,MicroAsset,Europe,HighTurnover,
comp_8871,,LowRevenue,MicroAsset,Europe,MidTurnover,
comp_8872,,MidRevenue,MicroAsset,Europe,HighTurnover,
comp_8873,,,MicroAsset,Europe,,
comp_8874,,,MicroAsset,Europe,,
comp_8875,,LowRevenue,MicroAsset,Europe,HighTurnover,
comp_8876,,LowRevenue,MicroAsset,Europe,MidTurnover,
comp_8877,,UpperRevenue,MicroAsset,Europe,HighTurnover,
comp_8878,,MidRevenue,MicroAsset,Europe,HighTurnover,
comp_8879,,MidRevenue,MicroAsset,Europe,HighTurnover,
comp_8880,,LowRevenue,MicroAsset,Europe,HighTurnover,
comp_8881,,LowRevenue,MicroAsset,Europe,HighTurnover,
comp_8882,,LowRevenue,MicroAsset,Europe,HighTurnover,
comp_8883,,LowRevenue,MicroAsset,Europe,HighTurnover,
comp_8884,,LowRevenue,MicroAsset,Europe,HighTurnover,
comp_8885,,,MicroAsset,Europe,,
comp_8886,,MidRevenue,MicroAsset,Europe,HighTurnover,
comp_8887,,MidRevenue,MicroAsset,Europe,HighTurnover,
comp_8888,,MidRevenue,MicroAsset,Europe,HighTurnover,
comp_8889,,LowRevenue,MicroAsset,Europe,HighTurnover,
comp_8890,,LowRevenue,MicroAsset,Europe,HighTurnover,
comp_8891,,MidRevenue,MicroAsset,Europe,HighTurnover,
comp_8892,,,MicroAsset,Europe,,
comp_8893,,,MicroAsset,Europe,,
comp_8894,,,MicroAsset,Europe,,
comp_8895,,MidRevenue,MicroAsset,Europe,HighTurnover,
comp_8896,,MidRevenue,MicroAsset,Europe,HighTurnover,
comp_8897,,,MicroAsset,Europe,,
comp_8898,,LowRevenue,MicroAsset,Europe,HighTurnover,
comp_8899,,MidRevenue,MicroAsset,Europe,HighTurnover,
comp_8900,,MidRevenue,MicroAsset,Europe,HighTurnover,
comp_8901,,LowRevenue,MicroAsset,Europe,HighTurnover,
comp_8902,,MidRevenue,MicroAsset,Europe,HighTurnover,
comp_8903,,MidRevenue,MicroAsset,Europe,HighTurnover,
comp_8904,,,MicroAsset,Europe,,
comp_8905,,LowRevenue,MicroAsset,Europe,HighTurnover,
comp_8906,,,MicroAsset,Europe,,
comp_8907,,MidRevenue,MicroAsset,Europe,HighTurnover,
comp_8908,,MidRevenue,MicroAsset,Europe,HighTurnover,
comp_8909,,LowRevenue,MicroAsset,Europe,MidTurnover,
comp_8910,,MidRevenue,MicroAsset,Europe,HighTurnover,
comp_8911,,MidRevenue,MicroAsset,Europe,HighTurnover,
comp_8912,,MidRevenue,MicroAsset,Europe,HighTurnover,
comp_8913,,MidRevenue,MicroAsset,Europe,HighTurnover,
comp_8914,,,MicroAsset,Europe,,
comp_8915,,LowRevenue,MicroAsset,Europe,HighTurnover,
comp_8916,,,MicroAsset,Europe,,
comp_8917,,LowRevenue,MicroAsset,Europe,HighTurnover,
comp_8918,,,MicroAsset,Europe,,
comp_8919,,MidRevenue,MicroAsset,Europe,HighTurnover,
comp_8920,,LowRevenue,MicroAsset,Europe,MidTurnover,
comp_8921,,VeryLowRevenue,MicroAsset,Europe,LowTurnover,
comp_8922,,LowRevenue,MicroAsset,Europe,HighTurnover,
comp_8923,,LowRevenue,MicroAsset,Europe,MidTurnover,
comp_8924,,,MicroAsset,Europe,,
comp_8925,,,MicroAsset,Europe,,
comp_8926,,MidRevenue,MicroAsset,Europe,HighTurnover,
comp_8927,,MidRevenue,MicroAsset,Europe,HighTurnover,
comp_8928,,MidRevenue,MicroAsset,Europe,HighTurnover,
comp_8929,,LowRevenue,MicroAsset,Europe,HighTurnover,
comp_8930,,LowRevenue,MicroAsset,Europe,MidTurnover,
comp_8931,,LowRevenue,MicroAsset,Europe,MidTurnover,
comp_8932,,LowRevenue,MicroAsset,Europe,HighTurnover,
comp_8933,,LowRevenue,MicroAsset,Europe,HighTurnover,
comp_8934,,,MicroAsset,Europe,,
comp_8935,,LowRevenue,MicroAsset,Europe,HighTurnover,
comp_8936,,,MicroAsset,Europe,,
comp_8937,,LowRevenue,MicroAsset,Europe,MidTurnover,
comp_8938,,LowRevenue,MicroAsset,Europe,MidTurnover,
comp_8939,,LowRevenue,MicroAsset,Europe,HighTurnover,
comp_8940,,LowRevenue,MicroAsset,Europe,HighTurnover,
comp_8941,,,MicroAsset,Europe,,
comp_8942,,,MicroAsset,Europe,,
comp_8943,,LowRevenue,MicroAsset,Europe,HighTurnover,
comp_8944,,LowRevenue,MicroAsset,Europe,HighTurnover,
comp_8945,,LowRevenue,MicroAsset,Europe,HighTurnover,
comp_8946,,LowRevenue,MicroAsset,Europe,HighTurnover,
comp_8947,,LowRevenue,MicroAsset,Europe,HighTurnover,
comp_8948,,MidRevenue,MicroAsset,Europe,HighTurnover,
comp_8949,,LowRevenue,MicroAsset,Europe,HighTurnover,
comp_8950,,LowRevenue,MicroAsset,Europe,HighTurnover,
comp_8951,,LowRevenue,MicroAsset,Europe,MidTurnover,
comp_8952,,LowRevenue,MicroAsset,Europe,HighTurnover,
comp_8953,,LowRevenue,MicroAsset,Europe,MidTurnover,
comp_8954,,MidRevenue,MicroAsset,Europe,HighTurnover,
comp_8955,,LowRevenue,MicroAsset,Europe,HighTurnover,
comp_8956,,MidRevenue,MicroAsset,Europe,HighTurnover,
comp_8957,,LowRevenue,MicroAsset,Europe,HighTurnover,
comp_8958,,,MicroAsset,Europe,,
comp_8959,,MidRevenue,MicroAsset,Europe,HighTurnover,
comp_8960,,LowRevenue,MicroAsset,Europe,HighTurnover,
comp_8961,,LowRevenue,MicroAsset,Europe,HighTurnover,
comp_8962,,,MicroAsset,Europe,,
comp_8963,,LowRevenue,MicroAsset,Europe,HighTurnover,
comp_8964,,,MicroAsset,Europe,,
comp_8965,,MidRevenue,MicroAsset,Europe,HighTurnover,
comp_8966,,LowRevenue,MicroAsset,Europe,HighTurnover,
comp_8967,,LowRevenue,MicroAsset,Europe,HighTurnover,
comp_8968,,LowRevenue,MicroAsset,Europe,HighTurnover,
comp_8969,,LowRevenue,MicroAsset,Europe,HighTurnover,
comp_8970,,,MicroAsset,Europe,,
comp_8971,,LowRevenue,MicroAsset,Europe,HighTurnover,
comp_8972,,LowRevenue,MicroAsset,Europe,HighTurnover,
comp_8973,,LowRevenue,MicroAsset,Europe,HighTurnover,
comp_8974,,LowRevenue,MicroAsset,Europe,HighTurnover,
comp_8975,,LowRevenue,MicroAsset,Europe,HighTurnover,
comp_8976,,LowRevenue,MicroAsset,Europe,HighTurnover,
comp_8977,,LowRevenue,MicroAsset,Europe,HighTurnover,
comp_8978,,LowRevenue,MicroAsset,Europe,HighTurnover,
comp_8979,,LowRevenue,MicroAsset,Europe,HighTurnover,
comp_8980,,,MicroAsset,Europe,,
comp_8981,,LowRevenue,MicroAsset,Europe,MidTurnover,
comp_8982,,LowRevenue,MicroAsset,Europe,HighTurnover,
comp_8983,,LowRevenue,MicroAsset,Europe,HighTurnover,
comp_8984,,MidRevenue,MicroAsset,Europe,HighTurnover,
comp_8985,,LowRevenue,MicroAsset,Europe,HighTurnover,
comp_8986,,LowRevenue,MicroAsset,Europe,MidTurnover,
comp_8987,,,MicroAsset,Europe,,
comp_8988,,,MicroAsset,Europe,,
comp_8989,,LowRevenue,MicroAsset,Europe,HighTurnover,
comp_8990,,LowRevenue,MicroAsset,Europe,HighTurnover,
comp_8991,,MidRevenue,MicroAsset,Europe,HighTurnover,
comp_8992,,LowRevenue,MicroAsset,Europe,HighTurnover,
comp_8993,,LowRevenue,MicroAsset,Europe,HighTurnover,
comp_8994,,MidRevenue,MicroAsset,Europe,HighTurnover,
comp_8995,,LowRevenue,MicroAsset,Europe,MidTurnover,
comp_8996,,LowRevenue,MicroAsset,Europe,HighTurnover,
comp_8997,,MidRevenue,MicroAsset,Europe,HighTurnover,
comp_8998,,LowRevenue,MicroAsset,Europe,HighTurnover,
comp_8999,,LowRevenue,MicroAsset,Europe,HighTurnover,
comp_9000,,LowRevenue,MicroAsset,Europe,HighTurnover,
comp_9001,,LowRevenue,MicroAsset,Europe,HighTurnover,
comp_9002,,LowRevenue,MicroAsset,Europe,HighTurnover,
comp_9003,,VeryLowRevenue,MicroAsset,Europe,LowTurnover,
comp_9004,,,MicroAsset,Europe,,
comp_9005,,LowRevenue,MicroAsset,Europe,HighTurnover,
comp_9006,,,MicroAsset,Europe,,
comp_9007,,LowRevenue,MicroAsset,Europe,HighTurnover,
comp_9008,,,MicroAsset,Europe,,
comp_9009,,LowRevenue,MicroAsset,Europe,HighTurnover,
comp_9010,,LowRevenue,MicroAsset,Europe,HighTurnover,
comp_9011,,VeryLowRevenue,MicroAsset,Europe,LowTurnover,
comp_9012,,LowRevenue,MicroAsset,Europe,HighTurnover,
comp_9013,,LowRevenue,MicroAsset,Europe,HighTurnover,
comp_9014,,VeryLowRevenue,MicroAsset,Europe,LowTurnover,
comp_9015,,LowRevenue,MicroAsset,Europe,HighTurnover,
comp_9016,,,MicroAsset,Europe,,
comp_9017,,LowRevenue,MicroAsset,Europe,HighTurnover,
comp_9018,,LowRevenue,MicroAsset,Europe,MidTurnover,
comp_9019,,LowRevenue,MicroAsset,Europe,HighTurnover,
comp_9020,,VeryLowRevenue,MicroAsset,Europe,LowTurnover,
comp_9021,,VeryLowRevenue,MicroAsset,Europe,LowTurnover,
comp_9022,,VeryLowRevenue,MicroAsset,Europe,LowTurnover,
comp_9023,,LowRevenue,MicroAsset,Europe,HighTurnover,
comp_9024,,LowRevenue,MicroAsset,Europe,HighTurnover,
comp_9025,,,MicroAsset,Europe,,
comp_9026,,LowRevenue,MicroAsset,Europe,HighTurnover,
comp_9027,,LowRevenue,MicroAsset,Europe,HighTurnover,
comp_9028,,LowRevenue,MicroAsset,Europe,HighTurnover,
comp_9029,,MidRevenue,MicroAsset,Europe,HighTurnover,
comp_9030,,LowRevenue,MicroAsset,Europe,MidTurnover,
comp_9031,,LowRevenue,MicroAsset,Europe,HighTurnover,
comp_9032,,,MicroAsset,Europe,,
comp_9033,,VeryLowRevenue,MicroAsset,Europe,LowTurnover,
comp_9034,,MidRevenue,MicroAsset,Europe,HighTurnover,
comp_9035,,LowRevenue,MicroAsset,Europe,HighTurnover,
comp_9036,,LowRevenue,MicroAsset,Europe,HighTurnover,
comp_9037,,LowRevenue,MicroAsset,Europe,HighTurnover,
comp_9038,,LowRevenue,MicroAsset,Europe,HighTurnover,
comp_9039,,MidRevenue,MicroAsset,Europe,HighTurnover,
comp_9040,,VeryLowRevenue,MicroAsset,Europe,LowTurnover,
comp_9041,,LowRevenue,MicroAsset,Europe,HighTurnover,
comp_9042,,MidRevenue,MicroAsset,Europe,HighTurnover,
comp_9043,,LowRevenue,MicroAsset,Europe,HighTurnover,
comp_9044,,LowRevenue,MicroAsset,Europe,HighTurnover,
comp_9045,,,MicroAsset,Europe,,
comp_9046,,LowRevenue,MicroAsset,Europe,HighTurnover,
comp_9047,,LowRevenue,MicroAsset,Europe,HighTurnover,
comp_9048,,,MicroAsset,Europe,,
comp_9049,,LowRevenue,MicroAsset,Europe,HighTurnover,
comp_9050,,LowRevenue,MicroAsset,Europe,HighTurnover,
comp_9051,,LowRevenue,MicroAsset,Europe,HighTurnover,
comp_9052,,,MicroAsset,Europe,,
comp_9053,,LowRevenue,MicroAsset,Europe,HighTurnover,
comp_9054,,,MicroAsset,Europe,,
comp_9055,,LowRevenue,MicroAsset,Europe,HighTurnover,
comp_9056,,LowRevenue,MicroAsset,Europe,HighTurnover,
comp_9057,,LowRevenue,MicroAsset,Europe,MidTurnover,
comp_9058,,LowRevenue,MicroAsset,Europe,HighTurnover,
comp_9059,,LowRevenue,MicroAsset,Europe,MidTurnover,
comp_9060,,LowRevenue,MicroAsset,Europe,HighTurnover,
comp_9061,,LowRevenue,MicroAsset,Europe,HighTurnover,
comp_9062,,LowRevenue,MicroAsset,Europe,HighTurnover,
comp_9063,,LowRevenue,MicroAsset,Europe,HighTurnover,
comp_9064,,LowRevenue,MicroAsset,Europe,HighTurnover,
comp_9065,,LowRevenue,MicroAsset,Europe,HighTurnover,
comp_9066,,,MicroAsset,Europe,,
comp_9067,,,MicroAsset,Europe,,
comp_9068,,LowRevenue,MicroAsset,Europe,HighTurnover,
comp_9069,,VeryLowRevenue,MicroAsset,Europe,LowTurnover,
comp_9070,,,MicroAsset,Europe,,
comp_9071,,LowRevenue,MicroAsset,Europe,HighTurnover,
comp_9072,,LowRevenue,MicroAsset,Europe,MidTurnover,
comp_9073,,LowRevenue,MicroAsset,Europe,HighTurnover,
comp_9074,,LowRevenue,MicroAsset,Europe,HighTurnover,
comp_9075,,LowRevenue,MicroAsset,Europe,HighTurnover,
comp_9076,,LowRevenue,MicroAsset,Europe,HighTurnover,
comp_9077,,LowRevenue,MicroAsset,Europe,HighTurnover,
comp_9078,,LowRevenue,MicroAsset,Europe,HighTurnover,
comp_9079,,LowRevenue,MicroAsset,Europe,HighTurnover,
comp_9080,,VeryLowRevenue,MicroAsset,Europe,MidTurnover,
comp_9081,,LowRevenue,MicroAsset,Europe,HighTurnover,
comp_9082,,LowRevenue,MicroAsset,Europe,HighTurnover,
comp_9083,,LowRevenue,MicroAsset,Europe,HighTurnover,
comp_9084,,LowRevenue,MicroAsset,Europe,HighTurnover,
comp_9085,,LowRevenue,MicroAsset,Europe,MidTurnover,
comp_9086,,LowRevenue,MicroAsset,Europe,HighTurnover,
comp_9087,,LowRevenue,MicroAsset,Europe,HighTurnover,
comp_9088,,LowRevenue,MicroAsset,Europe,HighTurnover,
comp_9089,,LowRevenue,MicroAsset,Europe,HighTurnover,
comp_9090,,LowRevenue,MicroAsset,Europe,HighTurnover,
comp_9091,,LowRevenue,MicroAsset,Europe,HighTurnover,
comp_9092,,LowRevenue,MicroAsset,Europe,HighTurnover,
comp_9093,,LowRevenue,MicroAsset,Europe,HighTurnover,
comp_9094,,,MicroAsset,Europe,,
comp_9095,,,MicroAsset,Europe,,
comp_9096,,LowRevenue,MicroAsset,Europe,MidTurnover,
comp_9097,,,MicroAsset,Europe,,
comp_9098,,MidRevenue,MicroAsset,Europe,HighTurnover,
comp_9099,,LowRevenue,MicroAsset,Europe,HighTurnover,
comp_9100,,VeryLowRevenue,MicroAsset,Europe,LowTurnover,
comp_9101,,LowRevenue,MicroAsset,Europe,HighTurnover,
comp_9102,,LowRevenue,MicroAsset,Europe,HighTurnover,
comp_9103,,LowRevenue,MicroAsset,Europe,HighTurnover,
comp_9104,,LowRevenue,MicroAsset,Europe,HighTurnover,
comp_9105,,LowRevenue,MicroAsset,Europe,HighTurnover,
comp_9106,,LowRevenue,MicroAsset,Europe,HighTurnover,
comp_9107,,LowRevenue,MicroAsset,Europe,HighTurnover,
comp_9108,,,MicroAsset,Europe,,
comp_9109,,LowRevenue,MicroAsset,Europe,HighTurnover,
comp_9110,,,MicroAsset,Europe,,
comp_9111,,LowRevenue,MicroAsset,Europe,HighTurnover,
comp_9112,,,MicroAsset,Europe,,
comp_9113,,LowRevenue,MicroAsset,Europe,HighTurnover,
comp_9114,,LowRevenue,MicroAsset,Europe,HighTurnover,
comp_9115,,MidRevenue,MicroAsset,Europe,HighTurnover,
comp_9116,,LowRevenue,MicroAsset,Europe,HighTurnover,
comp_9117,,LowRevenue,MicroAsset,Europe,HighTurnover,
comp_9118,,LowRevenue,MicroAsset,Europe,HighTurnover,
comp_9119,,LowRevenue,MicroAsset,Europe,HighTurnover,
comp_9120,,LowRevenue,MicroAsset,Europe,HighTurnover,
comp_9121,,LowRevenue,MicroAsset,Europe,HighTurnover,
comp_9122,,LowRevenue,MicroAsset,Europe,HighTurnover,
comp_9123,,LowRevenue,MicroAsset,Europe,HighTurnover,
comp_9124,,VeryLowRevenue,MicroAsset,Europe,LowTurnover,
comp_9125,,LowRevenue,MicroAsset,Europe,HighTurnover,
comp_9126,,LowRevenue,MicroAsset,Europe,HighTurnover,
comp_9127,,LowRevenue,MicroAsset,Europe,HighTurnover,
comp_9128,,LowRevenue,MicroAsset,Europe,HighTurnover,
comp_9129,,LowRevenue,MicroAsset,Europe,HighTurnover,
comp_9130,,LowRevenue,MicroAsset,Europe,HighTurnover,
comp_9131,,LowRevenue,MicroAsset,Europe,HighTurnover,
comp_9132,,LowRevenue,MicroAsset,Europe,HighTurnover,
comp_9133,,LowRevenue,MicroAsset,Europe,HighTurnover,
comp_9134,,LowRevenue,MicroAsset,Europe,HighTurnover,
comp_9135,,LowRevenue,MicroAsset,Europe,HighTurnover,
comp_9136,,LowRevenue,MicroAsset,Europe,HighTurnover,
comp_9137,,LowRevenue,MicroAsset,Europe,HighTurnover,
comp_9138,,LowRevenue,MicroAsset,Europe,HighTurnover,
comp_9139,,LowRevenue,MicroAsset,Europe,HighTurnover,
comp_9140,,VeryLowRevenue,MicroAsset,Europe,LowTurnover,
comp_9141,,LowRevenue,MicroAsset,Europe,HighTurnover,
comp_9142,,LowRevenue,MicroAsset,Europe,HighTurnover,
comp_9143,,VeryLowRevenue,MicroAsset,Europe,MidTurnover,
comp_9144,,LowRevenue,MicroAsset,Europe,MidTurnover,
comp_9145,,LowRevenue,MicroAsset,Europe,HighTurnover,
comp_9146,,LowRevenue,MicroAsset,Europe,HighTurnover,
comp_9147,,LowRevenue,MicroAsset,Europe,HighTurnover,
comp_9148,,LowRevenue,MicroAsset,Europe,HighTurnover,
comp_9149,,LowRevenue,MicroAsset,Europe,HighTurnover,
comp_9150,,,MicroAsset,Europe,,
comp_9151,,LowRevenue,MicroAsset,Europe,HighTurnover,
comp_9152,,LowRevenue,MicroAsset,Europe,HighTurnover,
comp_9153,,LowRevenue,MicroAsset,Europe,HighTurnover,
comp_9154,,,MicroAsset,Europe,,
comp_9155,,LowRevenue,MicroAsset,Europe,HighTurnover,
comp_9156,,LowRevenue,MicroAsset,Europe,HighTurnover,
comp_9157,,LowRevenue,MicroAsset,Europe,HighTurnover,
comp_9158,,LowRevenue,MicroAsset,Europe,HighTurnover,
comp_9159,,LowRevenue,MicroAsset,Europe,HighTurnover,
comp_9160,,LowRevenue,MicroAsset,Europe,HighTurnover,
comp_9161,,LowRevenue,MicroAsset,Europe,HighTurnover,
comp_9162,,,MicroAsset,Europe,,
comp_9163,,VeryLowRevenue,MicroAsset,Europe,LowTurnover,
comp_9164,,LowRevenue,MicroAsset,Europe,HighTurnover,
comp_9165,,LowRevenue,MicroAsset,Europe,HighTurnover,
comp_9166,,LowRevenue,MicroAsset,Europe,HighTurnover,
comp_9167,,LowRevenue,MicroAsset,Europe,HighTurnover,
comp_9168,,,MicroAsset,Europe,,
comp_9169,,,MicroAsset,Europe,,
comp_9170,,LowRevenue,MicroAsset,Europe,HighTurnover,
comp_9171,,LowRevenue,MicroAsset,Europe,HighTurnover,
comp_9172,,LowRevenue,MicroAsset,Europe,HighTurnover,
comp_9173,,LowRevenue,MicroAsset,Europe,HighTurnover,
comp_9174,,LowRevenue,MicroAsset,Europe,HighTurnover,
comp_9175,,LowRevenue,MicroAsset,Europe,HighTurnover,
comp_9176,,,MicroAsset,Europe,,
comp_9177,,LowRevenue,MicroAsset,Europe,HighTurnover,
comp_9178,,LowRevenue,MicroAsset,Europe,HighTurnover,
comp_9179,,VeryLowRevenue,MicroAsset,Europe,MidTurnover,
comp_9180,,LowRevenue,MicroAsset,Europe,HighTurnover,
comp_9181,,VeryLowRevenue,MicroAsset,Europe,LowTurnover,
comp_9182,,LowRevenue,MicroAsset,Europe,HighTurnover,
comp_9183,,LowRevenue,MicroAsset,Europe,HighTurnover,
comp_9184,,LowRevenue,MicroAsset,Europe,HighTurnover,
comp_9185,,,MicroAsset,Europe,,
comp_9186,,LowRevenue,MicroAsset,Europe,HighTurnover,
comp_9187,,,MicroAsset,Europe,,
comp_9188,,LowRevenue,MicroAsset,Europe,HighTurnover,
comp_9189,,LowRevenue,MicroAsset,Europe,HighTurnover,
comp_9190,,LowRevenue,MicroAsset,Europe,HighTurnover,
comp_9191,,MidRevenue,MicroAsset,Europe,HighTurnover,
comp_9192,,VeryLowRevenue,MicroAsset,Europe,HighTurnover,
comp_9193,,LowRevenue,MicroAsset,Europe,HighTurnover,
comp_9194,,LowRevenue,MicroAsset,Europe,HighTurnover,
comp_9195,,,MicroAsset,Europe,,
comp_9196,,VeryLowRevenue,MicroAsset,Europe,LowTurnover,
comp_9197,,,MicroAsset,Europe,,
comp_9198,,VeryLowRevenue,MicroAsset,Europe,LowTurnover,
comp_9199,,LowRevenue,MicroAsset,Europe,HighTurnover,
comp_9200,,LowRevenue,MicroAsset,Europe,HighTurnover,
comp_9201,,,MicroAsset,Europe,,
comp_9202,,LowRevenue,MicroAsset,Europe,HighTurnover,
comp_9203,,LowRevenue,MicroAsset,Europe,HighTurnover,
comp_9204,,LowRevenue,MicroAsset,Europe,HighTurnover,
comp_9205,,VeryLowRevenue,MicroAsset,Europe,LowTurnover,
comp_9206,,VeryLowRevenue,MicroAsset,Europe,LowTurnover,
comp_9207,,LowRevenue,MicroAsset,Europe,HighTurnover,
comp_9208,,VeryLowRevenue,MicroAsset,Europe,LowTurnover,
comp_9209,,,MicroAsset,Europe,,
comp_9210,,,MicroAsset,Europe,,
comp_9211,,,MicroAsset,Europe,,
comp_9212,,LowRevenue,MicroAsset,Europe,HighTurnover,
comp_9213,,LowRevenue,MicroAsset,Europe,HighTurnover,
comp_9214,,,MicroAsset,Europe,,
comp_9215,,LowRevenue,MicroAsset,Europe,HighTurnover,
comp_9216,,LowRevenue,MicroAsset,Europe,HighTurnover,
comp_9217,,LowRevenue,MicroAsset,Europe,HighTurnover,
comp_9218,,LowRevenue,MicroAsset,Europe,HighTurnover,
comp_9219,,LowRevenue,MicroAsset,Europe,HighTurnover,
comp_9220,,LowRevenue,MicroAsset,Europe,HighTurnover,
comp_9221,,LowRevenue,MicroAsset,Europe,HighTurnover,
comp_9222,,LowRevenue,MicroAsset,Europe,HighTurnover,
comp_9223,,LowRevenue,MicroAsset,Europe,HighTurnover,
comp_9224,,LowRevenue,MicroAsset,Europe,HighTurnover,
comp_9225,,,MicroAsset,Europe,,
comp_9226,,,MicroAsset,Europe,,
comp_9227,,VeryLowRevenue,MicroAsset,Europe,LowTurnover,
comp_9228,,,MicroAsset,Europe,,
comp_9229,,VeryLowRevenue,MicroAsset,Europe,LowTurnover,
comp_9230,,LowRevenue,MicroAsset,Europe,HighTurnover,
comp_9231,,LowRevenue,MicroAsset,Europe,HighTurnover,
comp_9232,,VeryLowRevenue,MicroAsset,Europe,HighTurnover,
comp_9233,,,MicroAsset,Europe,,
comp_9234,,LowRevenue,MicroAsset,Europe,HighTurnover,
comp_9235,,LowRevenue,MicroAsset,Europe,HighTurnover,
comp_9236,,LowRevenue,MicroAsset,Europe,HighTurnover,
comp_9237,,,MicroAsset,Europe,,
comp_9238,,VeryLowRevenue,MicroAsset,Europe,HighTurnover,
comp_9239,,LowRevenue,MicroAsset,Europe,HighTurnover,
comp_9240,,,MicroAsset,Europe,,
comp_9241,,LowRevenue,MicroAsset,Europe,HighTurnover,
comp_9242,,,MicroAsset,Europe,,
comp_9243,,,MicroAsset,Europe,,
comp_9244,,LowRevenue,MicroAsset,Europe,HighTurnover,
comp_9245,,VeryLowRevenue,MicroAsset,Europe,HighTurnover,
comp_9246,,,MicroAsset,Europe,,
comp_9247,,,MicroAsset,Europe,,
comp_9248,,LowRevenue,MicroAsset,Europe,HighTurnover,
comp_9249,,VeryLowRevenue,MicroAsset,Europe,LowTurnover,
comp_9250,,LowRevenue,MicroAsset,Europe,HighTurnover,
comp_9251,,,MicroAsset,Europe,,
comp_9252,,LowRevenue,MicroAsset,Europe,HighTurnover,
comp_9253,,VeryLowRevenue,MicroAsset,Europe,LowTurnover,
comp_9254,,LowRevenue,MicroAsset,Europe,HighTurnover,
comp_9255,,LowRevenue,MicroAsset,Europe,HighTurnover,
comp_9256,,,MicroAsset,Europe,,
comp_9257,,,MicroAsset,Europe,,
comp_9258,,LowRevenue,MicroAsset,Europe,HighTurnover,
comp_9259,,LowRevenue,MicroAsset,Europe,HighTurnover,
comp_9260,,LowRevenue,MicroAsset,Europe,HighTurnover,
comp_9261,,LowRevenue,MicroAsset,Europe,HighTurnover,
comp_9262,,VeryLowRevenue,MicroAsset,Europe,MidTurnover,
comp_9263,,,MicroAsset,Europe,,
comp_9264,,,MicroAsset,Europe,,
comp_9265,,LowRevenue,MicroAsset,Europe,HighTurnover,
comp_9266,,,MicroAsset,Europe,,
comp_9267,,LowRevenue,MicroAsset,Europe,HighTurnover,
comp_9268,,,MicroAsset,Europe,,
comp_9269,,,MicroAsset,Europe,,
comp_9270,,VeryLowRevenue,MicroAsset,Europe,LowTurnover,
comp_9271,,,MicroAsset,Europe,,
comp_9272,,,MicroAsset,Europe,,
comp_9273,,LowRevenue,MicroAsset,Europe,HighTurnover,
comp_9274,,LowRevenue,MicroAsset,Europe,HighTurnover,
comp_9275,,,MicroAsset,Europe,,
comp_9276,,,MicroAsset,Europe,,
comp_9277,,,MicroAsset,Europe,,
comp_9278,,,MicroAsset,Europe,,
comp_9279,,LowRevenue,MicroAsset,Europe,HighTurnover,
comp_9280,,LowRevenue,MicroAsset,Europe,HighTurnover,
comp_9281,,LowRevenue,MicroAsset,Europe,HighTurnover,
comp_9282,,LowRevenue,MicroAsset,Europe,HighTurnover,
comp_9283,,,MicroAsset,Europe,,
comp_9284,,LowRevenue,MicroAsset,Europe,HighTurnover,
comp_9285,,LowRevenue,MicroAsset,Europe,HighTurnover,
comp_9286,,VeryLowRevenue,MicroAsset,Europe,HighTurnover,
comp_9287,,,MicroAsset,Europe,,
comp_9288,,VeryLowRevenue,MicroAsset,Europe,MidTurnover,
comp_9289,,,MicroAsset,Europe,,
comp_9290,,,MicroAsset,Europe,,
comp_9291,,LowRevenue,MicroAsset,Europe,HighTurnover,
comp_9292,,,MicroAsset,Europe,,
comp_9293,,,MicroAsset,Europe,,
comp_9294,,VeryLowRevenue,MicroAsset,Europe,LowTurnover,
comp_9295,,,MicroAsset,Europe,,
comp_9296,,,MicroAsset,Europe,,
comp_9297,,VeryLowRevenue,MicroAsset,Europe,MidTurnover,
comp_9298,,VeryLowRevenue,MicroAsset,Europe,HighTurnover,
comp_9299,,,MicroAsset,Europe,,
comp_9300,,,MicroAsset,Europe,,
comp_9301,,VeryLowRevenue,MicroAsset,Europe,HighTurnover,
comp_9302,,VeryLowRevenue,MicroAsset,Europe,HighTurnover,
comp_9303,,,MicroAsset,Europe,,
comp_9304,,,MicroAsset,Europe,,
comp_9305,,LowRevenue,MicroAsset,Europe,HighTurnover,
comp_9306,,VeryLowRevenue,MicroAsset,Europe,LowTurnover,
comp_9307,,VeryLowRevenue,MicroAsset,Europe,HighTurnover,
comp_9308,,VeryLowRevenue,MicroAsset,Europe,HighTurnover,
comp_9309,,VeryLowRevenue,MicroAsset,Europe,MidTurnover,
comp_9310,,,MicroAsset,Europe,,
comp_9311,,,MicroAsset,Europe,,
comp_9312,,,MicroAsset,Europe,,
comp_9313,,,MicroAsset,Europe,,
comp_9314,,,MicroAsset,Europe,,
comp_9315,,,MicroAsset,Europe,,
comp_9316,,VeryLowRevenue,MicroAsset,Europe,HighTurnover,
comp_9317,,LowRevenue,MicroAsset,Europe,HighTurnover,
comp_9318,,,MicroAsset,Europe,,
comp_9319,,,MicroAsset,Europe,,
comp_9320,,,MicroAsset,Europe,,
comp_9321,,,MicroAsset,Europe,,
comp_9322,,VeryLowRevenue,MicroAsset,Europe,HighTurnover,
comp_9323,,VeryLowRevenue,MicroAsset,Europe,HighTurnover,
comp_9324,,,MicroAsset,Europe,,
comp_9325,,VeryLowRevenue,MicroAsset,Europe,HighTurnover,
comp_9326,,,MicroAsset,Europe,,
comp_9327,,VeryLowRevenue,MicroAsset,Europe,HighTurnover,
comp_9328,,,MicroAsset,Europe,,
comp_9329,,LowRevenue,MicroAsset,Europe,HighTurnover,
comp_9330,,,MicroAsset,Europe,,
comp_9331,,,MicroAsset,Europe,,
comp_9332,,,MicroAsset,Europe,,
comp_9333,,VeryLowRevenue,MicroAsset,Europe,HighTurnover,
comp_9334,,,MicroAsset,Europe,,
comp_9335,,,MicroAsset,Europe,,
comp_9336,,,MicroAsset,Europe,,
comp_9337,,,MicroAsset,Europe,,
comp_9338,,,MicroAsset,Europe,,
comp_9339,,,MicroAsset,Europe,,
comp_9340,,,MicroAsset,Europe,,
comp_9341,,,MicroAsset,Europe,,
comp_9342,,,MicroAsset,Europe,,
comp_9343,,VeryLowRevenue,MicroAsset,Europe,HighTurnover,
comp_9344,,VeryLowRevenue,MicroAsset,Europe,LowTurnover,
comp_9345,,,MicroAsset,Europe,,
comp_9346,,,MicroAsset,Europe,,
comp_9347,,,MicroAsset,Europe,,
comp_9348,,,MicroAsset,Europe,,
comp_9349,,,MicroAsset,Europe,,
comp_9350,,,MicroAsset,Europe,,
comp_9351,,,MicroAsset,Europe,,
comp_9352,,,MicroAsset,Europe,,
comp_9353,,,MicroAsset,Europe,,
comp_9354,,,MicroAsset,Europe,,
comp_9355,,,MicroAsset,Europe,,
comp_9356,,,MicroAsset,Europe,,
comp_9357,,,MicroAsset,Europe,,
comp_9358,,,MicroAsset,Europe,,
comp_9359,,,MicroAsset,Europe,,
comp_9360,,,MicroAsset,Europe,,
comp_9361,,,MicroAsset,Europe,,
comp_9362,,VeryLowRevenue,MicroAsset,Europe,LowTurnover,
comp_9363,,,MicroAsset,Europe,,
comp_9364,,,MicroAsset,Europe,,
comp_9365,,,MicroAsset,Europe,,
comp_9366,,,MicroAsset,Europe,,
comp_9367,,,MicroAsset,Europe,,
comp_9368,,,MicroAsset,Europe,,
comp_9369,,,MicroAsset,Europe,,
comp_9370,,,MicroAsset,Europe,,
comp_9371,,,MicroAsset,Europe,,
comp_9372,,,MicroAsset,Europe,,
comp_9373,,VeryLowRevenue,MicroAsset,Europe,LowTurnover,
comp_9374,,VeryLowRevenue,MicroAsset,Europe,HighTurnover,
comp_9375,,,MicroAsset,Europe,,
comp_9376,,,MicroAsset,Europe,,
comp_9377,,,MicroAsset,Europe,,
comp_9378,,,MicroAsset,Europe,,
comp_9379,,,MicroAsset,Europe,,
comp_9380,,,MicroAsset,Europe,,
comp_9381,,,MicroAsset,Europe,,
comp_9382,,,MicroAsset,Europe,,
comp_9383,,,MicroAsset,Europe,,
comp_9384,,,MicroAsset,Europe,,
comp_9385,,,MicroAsset,Europe,,
comp_9386,,,MicroAsset,Europe,,
comp_9387,,VeryLowRevenue,MicroAsset,Europe,HighTurnover,
comp_9388,,,MicroAsset,Europe,,
comp_9389,,,MicroAsset,Europe,,
comp_9390,,,MicroAsset,Europe,,
comp_9391,,,MicroAsset,Europe,,
comp_9392,,LowRevenue,MicroAsset,Europe,HighTurnover,
comp_9393,,,MicroAsset,Europe,,
comp_9394,,,MicroAsset,Europe,,
comp_9395,,,MicroAsset,Europe,,
comp_9396,,,MicroAsset,Europe,,
comp_9397,,,MicroAsset,Europe,,
comp_9398,,VeryLowRevenue,MicroAsset,Europe,HighTurnover,
comp_9399,,,MicroAsset,Europe,,
comp_9400,,,MicroAsset,Europe,,
comp_9401,,,MicroAsset,Europe,,
comp_9402,,,MicroAsset,Europe,,
comp_9403,,,MicroAsset,Europe,,
comp_9404,,,MicroAsset,Europe,,
comp_9405,,VeryLowRevenue,MicroAsset,Europe,HighTurnover,
comp_9406,,,MicroAsset,Europe,,
comp_9407,,,MicroAsset,Europe,,
comp_9408,,,MicroAsset,Europe,,
comp_9409,,,MicroAsset,Europe,,
comp_9410,,,MicroAsset,Europe,,
comp_9411,,,MicroAsset,Europe,,
comp_9412,,,MicroAsset,Europe,,
comp_9413,,VeryLowRevenue,MicroAsset,Europe,HighTurnover,
comp_9414,,,MicroAsset,Europe,,
comp_9415,,,MicroAsset,Europe,,
comp_9416,,,MicroAsset,Europe,,
comp_9417,,,MicroAsset,Europe,,
comp_9418,,,MicroAsset,Europe,,
comp_9419,,,MicroAsset,Europe,,
comp_9420,,,MicroAsset,Europe,,
comp_9421,,VeryLowRevenue,,Europe,,
comp_9422,,VeryLowRevenue,,Europe,,
comp_9423,,HighRevenue,HeavyAsset,Europe,HighTurnover,
comp_9424,,HighRevenue,LargeAsset,Europe,HighTurnover,
comp_9425,,HighRevenue,LargeAsset,Europe,MidTurnover,
comp_9426,,HighRevenue,LargeAsset,Europe,HighTurnover,
comp_9427,,MidRevenue,MidAsset,Europe,LowTurnover,
comp_9428,,UpperRevenue,MidAsset,Europe,MidTurnover,
comp_9429,,UpperRevenue,MidAsset,Europe,MidTurnover,
comp_9430,,UpperRevenue,MidAsset,Europe,HighTurnover,
comp_9431,,UpperRevenue,MidAsset,Europe,MidTurnover,
comp_9432,,UpperRevenue,MidAsset,Europe,HighTurnover,
comp_9433,,UpperRevenue,MidAsset,Europe,MidTurnover,
comp_9434,,MidRevenue,MidAsset,Europe,LowTurnover,
comp_9435,,LowRevenue,MidAsset,Europe,LowTurnover,
comp_9436,,UpperRevenue,MidAsset,Europe,HighTurnover,
comp_9437,,UpperRevenue,MidAsset,Europe,HighTurnover,
comp_9438,,UpperRevenue,MidAsset,Europe,MidTurnover,
comp_9439,,UpperRevenue,MidAsset,Europe,HighTurnover,
comp_9440,,UpperRevenue,MidAsset,Europe,HighTurnover,
comp_9441,,MidRevenue,MidAsset,Europe,MidTurnover,
comp_9442,,MidRevenue,MidAsset,Europe,LowTurnover,
comp_9443,,UpperRevenue,MidAsset,Europe,HighTurnover,
comp_9444,,UpperRevenue,MidAsset,Europe,HighTurnover,
comp_9445,,MidRevenue,MidAsset,Europe,MidTurnover,
comp_9446,,MidRevenue,MidAsset,Europe,MidTurnover,
comp_9447,,UpperRevenue,MidAsset,Europe,HighTurnover,
comp_9448,,UpperRevenue,MidAsset,Europe,HighTurnover,
comp_9449,,MidRevenue,LightAsset,Europe,HighTurnover,
comp_9450,,UpperRevenue,LightAsset,Europe,HighTurnover,
comp_9451,,MidRevenue,LightAsset,Europe,MidTurnover,
comp_9452,,UpperRevenue,LightAsset,Europe,HighTurnover,
comp_9453,,MidRevenue,LightAsset,Europe,HighTurnover,
comp_9454,,MidRevenue,LightAsset,Europe,MidTurnover,
comp_9455,,UpperRevenue,LightAsset,Europe,HighTurnover,
comp_9456,,MidRevenue,LightAsset,Europe,MidTurnover,
comp_9457,,UpperRevenue,LightAsset,Europe,HighTurnover,
comp_9458,,UpperRevenue,LightAsset,Europe,HighTurnover,
comp_9459,,MidRevenue,LightAsset,Europe,HighTurnover,
comp_9460,,MidRevenue,LightAsset,Europe,HighTurnover,
comp_9461,,MidRevenue,LightAsset,Europe,HighTurnover,
comp_9462,,UpperRevenue,LightAsset,Europe,HighTurnover,
comp_9463,,MidRevenue,LightAsset,Europe,HighTurnover,
comp_9464,,UpperRevenue,LightAsset,Europe,HighTurnover,
comp_9465,,UpperRevenue,LightAsset,Europe,HighTurnover,
comp_9466,,MidRevenue,LightAsset,Europe,HighTurnover,
comp_9467,,MidRevenue,LightAsset,Europe,HighTurnover,
comp_9468,,MidRevenue,LightAsset,Europe,HighTurnover,
comp_9469,,UpperRevenue,LightAsset,Europe,HighTurnover,
comp_9470,,UpperRevenue,LightAsset,Europe,HighTurnover,
comp_9471,,MidRevenue,LightAsset,Europe,HighTurnover,
comp_9472,,LowRevenue,LightAsset,Europe,LowTurnover,
comp_9473,,MidRevenue,LightAsset,Europe,HighTurnover,
comp_9474,,MidRevenue,LightAsset,Europe,MidTurnover,
comp_9475,,MidRevenue,LightAsset,Europe,MidTurnover,
comp_9476,,MidRevenue,LightAsset,Europe,MidTurnover,
comp_9477,,MidRevenue,LightAsset,Europe,HighTurnover,
comp_9478,,LowRevenue,LightAsset,Europe,LowTurnover,
comp_9479,,MidRevenue,LightAsset,Europe,HighTurnover,
comp_9480,,MidRevenue,LightAsset,Europe,HighTurnover,
comp_9481,,MidRevenue,LightAsset,Europe,MidTurnover,
comp_9482,,MidRevenue,LightAsset,Europe,HighTurnover,
comp_9483,,MidRevenue,LightAsset,Europe,HighTurnover,
comp_9484,,MidRevenue,LightAsset,Europe,HighTurnover,
comp_9485,,MidRevenue,LightAsset,Europe,HighTurnover,
comp_9486,,MidRevenue,LightAsset,Europe,HighTurnover,
comp_9487,,MidRevenue,LightAsset,Europe,HighTurnover,
comp_9488,,MidRevenue,LightAsset,Europe,MidTurnover,
comp_9489,,MidRevenue,LightAsset,Europe,HighTurnover,
comp_9490,,MidRevenue,LightAsset,Europe,MidTurnover,
comp_9491,,MidRevenue,LightAsset,Europe,HighTurnover,
comp_9492,,MidRevenue,LightAsset,Europe,HighTurnover,
comp_9493,,MidRevenue,LightAsset,Europe,MidTurnover,
comp_9494,,MidRevenue,LightAsset,Europe,HighTurnover,
comp_9495,,MidRevenue,LightAsset,Europe,HighTurnover,
comp_9496,,MidRevenue,LightAsset,Europe,HighTurnover,
comp_9497,,MidRevenue,LightAsset,Europe,HighTurnover,
comp_9498,,,LightAsset,Europe,,
comp_9499,,MidRevenue,LightAsset,Europe,HighTurnover,
comp_9500,,MidRevenue,LightAsset,Europe,MidTurnover,
comp_9501,,MidRevenue,LightAsset,Europe,HighTurnover,
comp_9502,,MidRevenue,LightAsset,Europe,HighTurnover,
comp_9503,,MidRevenue,LightAsset,Europe,HighTurnover,
comp_9504,,MidRevenue,LightAsset,Europe,HighTurnover,
comp_9505,,MidRevenue,LightAsset,Europe,MidTurnover,
comp_9506,,MidRevenue,LightAsset,Europe,MidTurnover,
comp_9507,,MidRevenue,LightAsset,Europe,HighTurnover,
comp_9508,,MidRevenue,LightAsset,Europe,HighTurnover,
comp_9509,,MidRevenue,LightAsset,Europe,HighTurnover,
comp_9510,,MidRevenue,LightAsset,Europe,HighTurnover,
comp_9511,,MidRevenue,LightAsset,Europe,MidTurnover,
comp_9512,,MidRevenue,LightAsset,Europe,HighTurnover,
comp_9513,,MidRevenue,LightAsset,Europe,HighTurnover,
comp_9514,,MidRevenue,LightAsset,Europe,HighTurnover,
comp_9515,,MidRevenue,LightAsset,Europe,HighTurnover,
comp_9516,,MidRevenue,LightAsset,Europe,MidTurnover,
comp_9517,,MidRevenue,LightAsset,Europe,MidTurnover,
comp_9518,,MidRevenue,LightAsset,Europe,HighTurnover,
comp_9519,,MidRevenue,LightAsset,Europe,HighTurnover,
comp_9520,,MidRevenue,LightAsset,Europe,HighTurnover,
comp_9521,,MidRevenue,LightAsset,Europe,HighTurnover,
comp_9522,,MidRevenue,LightAsset,Europe,HighTurnover,
comp_9523,,LowRevenue,LightAsset,Europe,LowTurnover,
comp_9524,,MidRevenue,LightAsset,Europe,HighTurnover,
comp_9525,,MidRevenue,LightAsset,Europe,HighTurnover,
comp_9526,,VeryLowRevenue,LightAsset,Europe,LowTurnover,
comp_9527,,MidRevenue,LightAsset,Europe,MidTurnover,
comp_9528,,MidRevenue,LightAsset,Europe,HighTurnover,
comp_9529,,MidRevenue,LightAsset,Europe,HighTurnover,
comp_9530,,MidRevenue,LightAsset,Europe,MidTurnover,
comp_9531,,MidRevenue,LightAsset,Europe,HighTurnover,
comp_9532,,LowRevenue,LightAsset,Europe,MidTurnover,
comp_9533,,MidRevenue,LightAsset,Europe,HighTurnover,
comp_9534,,MidRevenue,LightAsset,Europe,HighTurnover,
comp_9535,,MidRevenue,LightAsset,Europe,HighTurnover,
comp_9536,,MidRevenue,LightAsset,Europe,MidTurnover,
comp_9537,,MidRevenue,LightAsset,Europe,HighTurnover,
comp_9538,,MidRevenue,LightAsset,Europe,HighTurnover,
comp_9539,,MidRevenue,LightAsset,Europe,HighTurnover,
comp_9540,,MidRevenue,LightAsset,Europe,MidTurnover,
comp_9541,,MidRevenue,LightAsset,Europe,HighTurnover,
comp_9542,,MidRevenue,LightAsset,Europe,HighTurnover,
comp_9543,,MidRevenue,LightAsset,Europe,HighTurnover,
comp_9544,,MidRevenue,LightAsset,Europe,HighTurnover,
comp_9545,,MidRevenue,LightAsset,Europe,HighTurnover,
comp_9546,,MidRevenue,LightAsset,Europe,HighTurnover,
comp_9547,,MidRevenue,LightAsset,Europe,HighTurnover,
comp_9548,,UpperRevenue,LightAsset,Europe,HighTurnover,
comp_9549,,MidRevenue,LightAsset,Europe,HighTurnover,
comp_9550,,MidRevenue,LightAsset,Europe,MidTurnover,
comp_9551,,MidRevenue,LightAsset,Europe,HighTurnover,
comp_9552,,MidRevenue,LightAsset,Europe,HighTurnover,
comp_9553,,MidRevenue,LightAsset,Europe,HighTurnover,
comp_9554,,MidRevenue,LightAsset,Europe,HighTurnover,
comp_9555,,MidRevenue,LightAsset,Europe,HighTurnover,
comp_9556,,LowRevenue,LightAsset,Europe,MidTurnover,
comp_9557,,MidRevenue,LightAsset,Europe,HighTurnover,
comp_9558,,MidRevenue,LightAsset,Europe,HighTurnover,
comp_9559,,MidRevenue,LightAsset,Europe,HighTurnover,
comp_9560,,MidRevenue,LightAsset,Europe,HighTurnover,
comp_9561,,MidRevenue,LightAsset,Europe,HighTurnover,
comp_9562,,MidRevenue,LightAsset,Europe,HighTurnover,
comp_9563,,MidRevenue,LightAsset,Europe,HighTurnover,
comp_9564,,MidRevenue,LightAsset,Europe,HighTurnover,
comp_9565,,MidRevenue,LightAsset,Europe,HighTurnover,
comp_9566,,LowRevenue,LightAsset,Europe,HighTurnover,
comp_9567,,MidRevenue,LightAsset,Europe,HighTurnover,
comp_9568,,MidRevenue,LightAsset,Europe,HighTurnover,
comp_9569,,MidRevenue,LightAsset,Europe,HighTurnover,
comp_9570,,MidRevenue,LightAsset,Europe,HighTurnover,
comp_9571,,MidRevenue,LightAsset,Europe,HighTurnover,
comp_9572,,MidRevenue,LightAsset,Europe,HighTurnover,
comp_9573,,MidRevenue,LightAsset,Europe,HighTurnover,
comp_9574,,MidRevenue,LightAsset,Europe,HighTurnover,
comp_9575,,MidRevenue,LightAsset,Europe,HighTurnover,
comp_9576,,MidRevenue,LightAsset,Europe,HighTurnover,
comp_9577,,MidRevenue,LightAsset,Europe,HighTurnover,
comp_9578,,MidRevenue,LightAsset,Europe,HighTurnover,
comp_9579,,MidRevenue,LightAsset,Europe,HighTurnover,
comp_9580,,MidRevenue,LightAsset,Europe,HighTurnover,
comp_9581,,MidRevenue,LightAsset,Europe,HighTurnover,
comp_9582,,LowRevenue,LightAsset,Europe,MidTurnover,
comp_9583,,LowRevenue,LightAsset,Europe,LowTurnover,
comp_9584,,MidRevenue,MicroAsset,Europe,HighTurnover,
comp_9585,,LowRevenue,MicroAsset,Europe,HighTurnover,
comp_9586,,MidRevenue,MicroAsset,Europe,HighTurnover,
comp_9587,,LowRevenue,MicroAsset,Europe,MidTurnover,
comp_9588,,LowRevenue,MicroAsset,Europe,HighTurnover,
comp_9589,,MidRevenue,MicroAsset,Europe,HighTurnover,
comp_9590,,MidRevenue,MicroAsset,Europe,HighTurnover,
comp_9591,,MidRevenue,MicroAsset,Europe,HighTurnover,
comp_9592,,MidRevenue,MicroAsset,Europe,HighTurnover,
comp_9593,,LowRevenue,MicroAsset,Europe,HighTurnover,
comp_9594,,MidRevenue,MicroAsset,Europe,HighTurnover,
comp_9595,,MidRevenue,MicroAsset,Europe,HighTurnover,
comp_9596,,LowRevenue,MicroAsset,Europe,HighTurnover,
comp_9597,,MidRevenue,MicroAsset,Europe,HighTurnover,
comp_9598,,MidRevenue,MicroAsset,Europe,HighTurnover,
comp_9599,,MidRevenue,MicroAsset,Europe,HighTurnover,
comp_9600,,LowRevenue,MicroAsset,Europe,HighTurnover,
comp_9601,,LowRevenue,MicroAsset,Europe,MidTurnover,
comp_9602,,MidRevenue,MicroAsset,Europe,HighTurnover,
comp_9603,,MidRevenue,MicroAsset,Europe,HighTurnover,
comp_9604,,MidRevenue,MicroAsset,Europe,HighTurnover,
comp_9605,,MidRevenue,MicroAsset,Europe,HighTurnover,
comp_9606,,MidRevenue,MicroAsset,Europe,HighTurnover,
comp_9607,,MidRevenue,MicroAsset,Europe,HighTurnover,
comp_9608,,LowRevenue,MicroAsset,Europe,MidTurnover,
comp_9609,,LowRevenue,MicroAsset,Europe,HighTurnover,
comp_9610,,MidRevenue,MicroAsset,Europe,HighTurnover,
comp_9611,,LowRevenue,MicroAsset,Europe,HighTurnover,
comp_9612,,MidRevenue,MicroAsset,Europe,HighTurnover,
comp_9613,,LowRevenue,MicroAsset,Europe,HighTurnover,
comp_9614,,LowRevenue,MicroAsset,Europe,MidTurnover,
comp_9615,,MidRevenue,MicroAsset,Europe,HighTurnover,
comp_9616,,VeryLowRevenue,MicroAsset,Europe,LowTurnover,
comp_9617,,MidRevenue,MicroAsset,Europe,HighTurnover,
comp_9618,,LowRevenue,MicroAsset,Europe,HighTurnover,
comp_9619,,LowRevenue,MicroAsset,Europe,HighTurnover,
comp_9620,,MidRevenue,MicroAsset,Europe,HighTurnover,
comp_9621,,MidRevenue,MicroAsset,Europe,HighTurnover,
comp_9622,,MidRevenue,MicroAsset,Europe,HighTurnover,
comp_9623,,LowRevenue,MicroAsset,Europe,MidTurnover,
comp_9624,,LowRevenue,MicroAsset,Europe,HighTurnover,
comp_9625,,MidRevenue,MicroAsset,Europe,HighTurnover,
comp_9626,,MidRevenue,MicroAsset,Europe,HighTurnover,
comp_9627,,LowRevenue,MicroAsset,Europe,HighTurnover,
comp_9628,,MidRevenue,MicroAsset,Europe,HighTurnover,
comp_9629,,MidRevenue,MicroAsset,Europe,HighTurnover,
comp_9630,,LowRevenue,MicroAsset,Europe,HighTurnover,
comp_9631,,LowRevenue,MicroAsset,Europe,MidTurnover,
comp_9632,,MidRevenue,MicroAsset,Europe,HighTurnover,
comp_9633,,,MicroAsset,Europe,,
comp_9634,,MidRevenue,MicroAsset,Europe,HighTurnover,
comp_9635,,MidRevenue,MicroAsset,Europe,HighTurnover,
comp_9636,,MidRevenue,MicroAsset,Europe,HighTurnover,
comp_9637,,LowRevenue,MicroAsset,Europe,MidTurnover,
comp_9638,,LowRevenue,MicroAsset,Europe,HighTurnover,
comp_9639,,MidRevenue,MicroAsset,Europe,HighTurnover,
comp_9640,,LowRevenue,MicroAsset,Europe,HighTurnover,
comp_9641,,LowRevenue,MicroAsset,Europe,HighTurnover,
comp_9642,,MidRevenue,MicroAsset,Europe,HighTurnover,
comp_9643,,VeryLowRevenue,MicroAsset,Europe,LowTurnover,
comp_9644,,LowRevenue,MicroAsset,Europe,MidTurnover,
comp_9645,,MidRevenue,MicroAsset,Europe,HighTurnover,
comp_9646,,MidRevenue,MicroAsset,Europe,HighTurnover,
comp_9647,,MidRevenue,MicroAsset,Europe,HighTurnover,
comp_9648,,VeryLowRevenue,MicroAsset,Europe,LowTurnover,
comp_9649,,MidRevenue,MicroAsset,Europe,HighTurnover,
comp_9650,,LowRevenue,MicroAsset,Europe,HighTurnover,
comp_9651,,MidRevenue,MicroAsset,Europe,HighTurnover,
comp_9652,,LowRevenue,MicroAsset,Europe,HighTurnover,
comp_9653,,MidRevenue,MicroAsset,Europe,HighTurnover,
comp_9654,,LowRevenue,MicroAsset,Europe,HighTurnover,
comp_9655,,MidRevenue,MicroAsset,Europe,HighTurnover,
comp_9656,,LowRevenue,MicroAsset,Europe,MidTurnover,
comp_9657,,LowRevenue,MicroAsset,Europe,LowTurnover,
comp_9658,,MidRevenue,MicroAsset,Europe,HighTurnover,
comp_9659,,MidRevenue,MicroAsset,Europe,HighTurnover,
comp_9660,,LowRevenue,MicroAsset,Europe,HighTurnover,
comp_9661,,VeryLowRevenue,MicroAsset,Europe,LowTurnover,
comp_9662,,LowRevenue,MicroAsset,Europe,MidTurnover,
comp_9663,,MidRevenue,MicroAsset,Europe,HighTurnover,
comp_9664,,LowRevenue,MicroAsset,Europe,HighTurnover,
comp_9665,,MidRevenue,MicroAsset,Europe,HighTurnover,
comp_9666,,LowRevenue,MicroAsset,Europe,HighTurnover,
comp_9667,,MidRevenue,MicroAsset,Europe,HighTurnover,
comp_9668,,LowRevenue,MicroAsset,Europe,HighTurnover,
comp_9669,,LowRevenue,MicroAsset,Europe,HighTurnover,
comp_9670,,VeryLowRevenue,MicroAsset,Europe,LowTurnover,
comp_9671,,LowRevenue,MicroAsset,Europe,MidTurnover,
comp_9672,,LowRevenue,MicroAsset,Europe,HighTurnover,
comp_9673,,LowRevenue,MicroAsset,Europe,HighTurnover,
comp_9674,,LowRevenue,MicroAsset,Europe,HighTurnover,
comp_9675,,MidRevenue,MicroAsset,Europe,HighTurnover,
comp_9676,,LowRevenue,MicroAsset,Europe,HighTurnover,
comp_9677,,LowRevenue,MicroAsset,Europe,HighTurnover,
comp_9678,,MidRevenue,MicroAsset,Europe,HighTurnover,
comp_9679,,LowRevenue,MicroAsset,Europe,HighTurnover,
comp_9680,,LowRevenue,MicroAsset,Europe,HighTurnover,
comp_9681,,LowRevenue,MicroAsset,Europe,HighTurnover,
comp_9682,,LowRevenue,MicroAsset,Europe,HighTurnover,
comp_9683,,LowRevenue,MicroAsset,Europe,HighTurnover,
comp_9684,,LowRevenue,MicroAsset,Europe,HighTurnover,
comp_9685,,LowRevenue,MicroAsset,Europe,HighTurnover,
comp_9686,,MidRevenue,MicroAsset,Europe,HighTurnover,
comp_9687,,MidRevenue,MicroAsset,Europe,HighTurnover,
comp_9688,,LowRevenue,MicroAsset,Europe,HighTurnover,
comp_9689,,MidRevenue,MicroAsset,Europe,HighTurnover,
comp_9690,,LowRevenue,MicroAsset,Europe,HighTurnover,
comp_9691,,MidRevenue,MicroAsset,Europe,HighTurnover,
comp_9692,,LowRevenue,MicroAsset,Europe,HighTurnover,
comp_9693,,MidRevenue,MicroAsset,Europe,HighTurnover,
comp_9694,,LowRevenue,MicroAsset,Europe,HighTurnover,
comp_9695,,LowRevenue,MicroAsset,Europe,HighTurnover,
comp_9696,,LowRevenue,MicroAsset,Europe,HighTurnover,
comp_9697,,LowRevenue,MicroAsset,Europe,MidTurnover,
comp_9698,,MidRevenue,MicroAsset,Europe,HighTurnover,
comp_9699,,LowRevenue,MicroAsset,Europe,HighTurnover,
comp_9700,,LowRevenue,MicroAsset,Europe,HighTurnover,
comp_9701,,LowRevenue,MicroAsset,Europe,HighTurnover,
comp_9702,,LowRevenue,MicroAsset,Europe,HighTurnover,
comp_9703,,LowRevenue,MicroAsset,Europe,HighTurnover,
comp_9704,,LowRevenue,MicroAsset,Europe,MidTurnover,
comp_9705,,LowRevenue,MicroAsset,Europe,HighTurnover,
comp_9706,,MidRevenue,MicroAsset,Europe,HighTurnover,
comp_9707,,MidRevenue,MicroAsset,Europe,HighTurnover,
comp_9708,,LowRevenue,MicroAsset,Europe,HighTurnover,
comp_9709,,LowRevenue,MicroAsset,Europe,MidTurnover,
comp_9710,,LowRevenue,MicroAsset,Europe,MidTurnover,
comp_9711,,MidRevenue,MicroAsset,Europe,HighTurnover,
comp_9712,,LowRevenue,MicroAsset,Europe,MidTurnover,
comp_9713,,LowRevenue,MicroAsset,Europe,HighTurnover,
comp_9714,,MidRevenue,MicroAsset,Europe,HighTurnover,
comp_9715,,LowRevenue,MicroAsset,Europe,HighTurnover,
comp_9716,,LowRevenue,MicroAsset,Europe,HighTurnover,
comp_9717,,MidRevenue,MicroAsset,Europe,HighTurnover,
comp_9718,,LowRevenue,MicroAsset,Europe,HighTurnover,
comp_9719,,LowRevenue,MicroAsset,Europe,HighTurnover,
comp_9720,,LowRevenue,MicroAsset,Europe,MidTurnover,
comp_9721,,LowRevenue,MicroAsset,Europe,MidTurnover,
comp_9722,,VeryLowRevenue,MicroAsset,Europe,LowTurnover,
comp_9723,,LowRevenue,MicroAsset,Europe,HighTurnover,
comp_9724,,LowRevenue,MicroAsset,Europe,HighTurnover,
comp_9725,,LowRevenue,MicroAsset,Europe,HighTurnover,
comp_9726,,LowRevenue,MicroAsset,Europe,HighTurnover,
comp_9727,,LowRevenue,MicroAsset,Europe,HighTurnover,
comp_9728,,LowRevenue,MicroAsset,Europe,HighTurnover,
comp_9729,,LowRevenue,MicroAsset,Europe,HighTurnover,
comp_9730,,LowRevenue,MicroAsset,Europe,HighTurnover,
comp_9731,,LowRevenue,MicroAsset,Europe,HighTurnover,
comp_9732,,LowRevenue,MicroAsset,Europe,HighTurnover,
comp_9733,,LowRevenue,MicroAsset,Europe,HighTurnover,
comp_9734,,LowRevenue,MicroAsset,Europe,MidTurnover,
comp_9735,,LowRevenue,MicroAsset,Europe,MidTurnover,
comp_9736,,LowRevenue,MicroAsset,Europe,HighTurnover,
comp_9737,,LowRevenue,MicroAsset,Europe,HighTurnover,
comp_9738,,LowRevenue,MicroAsset,Europe,HighTurnover,
comp_9739,,LowRevenue,MicroAsset,Europe,HighTurnover,
comp_9740,,LowRevenue,MicroAsset,Europe,HighTurnover,
comp_9741,,,MicroAsset,Europe,,
comp_9742,,LowRevenue,MicroAsset,Europe,HighTurnover,
comp_9743,,LowRevenue,MicroAsset,Europe,HighTurnover,
comp_9744,,LowRevenue,MicroAsset,Europe,HighTurnover,
comp_9745,,LowRevenue,MicroAsset,Europe,HighTurnover,
comp_9746,,LowRevenue,MicroAsset,Europe,HighTurnover,
comp_9747,,LowRevenue,MicroAsset,Europe,HighTurnover,
comp_9748,,LowRevenue,MicroAsset,Europe,HighTurnover,
comp_9749,,LowRevenue,MicroAsset,Europe,HighTurnover,
comp_9750,,LowRevenue,MicroAsset,Europe,HighTurnover,
comp_9751,,LowRevenue,MicroAsset,Europe,HighTurnover,
comp_9752,,LowRevenue,MicroAsset,Europe,HighTurnover,
comp_9753,,LowRevenue,MicroAsset,Europe,HighTurnover,
comp_9754,,LowRevenue,MicroAsset,Europe,HighTurnover,
comp_9755,,LowRevenue,MicroAsset,Europe,HighTurnover,
comp_9756,,LowRevenue,MicroAsset,Europe,HighTurnover,
comp_9757,,MidRevenue,MicroAsset,Europe,HighTurnover,
comp_9758,,LowRevenue,MicroAsset,Europe,HighTurnover,
comp_9759,,LowRevenue,MicroAsset,Europe,HighTurnover,
comp_9760,,LowRevenue,MicroAsset,Europe,HighTurnover,
comp_9761,,LowRevenue,MicroAsset,Europe,HighTurnover,
comp_9762,,LowRevenue,MicroAsset,Europe,HighTurnover,
comp_9763,,LowRevenue,MicroAsset,Europe,HighTurnover,
comp_9764,,LowRevenue,MicroAsset,Europe,HighTurnover,
comp_9765,,LowRevenue,MicroAsset,Europe,HighTurnover,
comp_9766,,LowRevenue,MicroAsset,Europe,HighTurnover,
comp_9767,,LowRevenue,MicroAsset,Europe,HighTurnover,
comp_9768,,LowRevenue,MicroAsset,Europe,HighTurnover,
comp_9769,,LowRevenue,MicroAsset,Europe,HighTurnover,
comp_9770,,LowRevenue,MicroAsset,Europe,MidTurnover,
comp_9771,,LowRevenue,MicroAsset,Europe,HighTurnover,
comp_9772,,VeryLowRevenue,MicroAsset,Europe,LowTurnover,
comp_9773,,LowRevenue,MicroAsset,Europe,HighTurnover,
comp_9774,,LowRevenue,MicroAsset,Europe,HighTurnover,
comp_9775,,LowRevenue,MicroAsset,Europe,HighTurnover,
comp_9776,,LowRevenue,MicroAsset,Europe,HighTurnover,
comp_9777,,LowRevenue,MicroAsset,Europe,HighTurnover,
comp_9778,,LowRevenue,MicroAsset,Europe,HighTurnover,
comp_9779,,LowRevenue,MicroAsset,Europe,HighTurnover,
comp_9780,,LowRevenue,MicroAsset,Europe,HighTurnover,
comp_9781,,LowRevenue,MicroAsset,Europe,MidTurnover,
comp_9782,,VeryLowRevenue,MicroAsset,Europe,LowTurnover,
comp_9783,,VeryLowRevenue,MicroAsset,Europe,LowTurnover,
comp_9784,,VeryLowRevenue,MicroAsset,Europe,MidTurnover,
comp_9785,,LowRevenue,MicroAsset,Europe,HighTurnover,
comp_9786,,LowRevenue,MicroAsset,Europe,HighTurnover,
comp_9787,,LowRevenue,MicroAsset,Europe,HighTurnover,
comp_9788,,LowRevenue,MicroAsset,Europe,HighTurnover,
comp_9789,,LowRevenue,MicroAsset,Europe,HighTurnover,
comp_9790,,LowRevenue,MicroAsset,Europe,HighTurnover,
comp_9791,,LowRevenue,MicroAsset,Europe,MidTurnover,
comp_9792,,LowRevenue,MicroAsset,Europe,MidTurnover,
comp_9793,,LowRevenue,MicroAsset,Europe,HighTurnover,
comp_9794,,LowRevenue,MicroAsset,Europe,HighTurnover,
comp_9795,,LowRevenue,MicroAsset,Europe,HighTurnover,
comp_9796,,LowRevenue,MicroAsset,Europe,HighTurnover,
comp_9797,,LowRevenue,MicroAsset,Europe,HighTurnover,
comp_9798,,LowRevenue,MicroAsset,Europe,HighTurnover,
comp_9799,,LowRevenue,MicroAsset,Europe,HighTurnover,
comp_9800,,LowRevenue,MicroAsset,Europe,HighTurnover,
comp_9801,,LowRevenue,MicroAsset,Europe,HighTurnover,
comp_9802,,LowRevenue,MicroAsset,Europe,HighTurnover,
comp_9803,,LowRevenue,MicroAsset,Europe,HighTurnover,
comp_9804,,LowRevenue,MicroAsset,Europe,HighTurnover,
comp_9805,,LowRevenue,MicroAsset,Europe,HighTurnover,
comp_9806,,LowRevenue,MicroAsset,Europe,MidTurnover,
comp_9807,,LowRevenue,MicroAsset,Europe,HighTurnover,
comp_9808,,LowRevenue,MicroAsset,Europe,HighTurnover,
comp_9809,,LowRevenue,MicroAsset,Europe,MidTurnover,
comp_9810,,LowRevenue,MicroAsset,Europe,HighTurnover,
comp_9811,,LowRevenue,MicroAsset,Europe,HighTurnover,
comp_9812,,LowRevenue,MicroAsset,Europe,HighTurnover,
comp_9813,,LowRevenue,MicroAsset,Europe,HighTurnover,
comp_9814,,LowRevenue,MicroAsset,Europe,HighTurnover,
comp_9815,,LowRevenue,MicroAsset,Europe,HighTurnover,
comp_9816,,LowRevenue,MicroAsset,Europe,HighTurnover,
comp_9817,,LowRevenue,MicroAsset,Europe,HighTurnover,
comp_9818,,LowRevenue,MicroAsset,Europe,HighTurnover,
comp_9819,,LowRevenue,MicroAsset,Europe,HighTurnover,
comp_9820,,LowRevenue,MicroAsset,Europe,HighTurnover,
comp_9821,,LowRevenue,MicroAsset,Europe,HighTurnover,
comp_9822,,LowRevenue,MicroAsset,Europe,HighTurnover,
comp_9823,,LowRevenue,MicroAsset,Europe,HighTurnover,
comp_9824,,LowRevenue,MicroAsset,Europe,HighTurnover,
comp_9825,,LowRevenue,MicroAsset,Europe,HighTurnover,
comp_9826,,LowRevenue,MicroAsset,Europe,HighTurnover,
comp_9827,,LowRevenue,MicroAsset,Europe,HighTurnover,
comp_9828,,LowRevenue,MicroAsset,Europe,HighTurnover,
comp_9829,,LowRevenue,MicroAsset,Europe,HighTurnover,
comp_9830,,LowRevenue,MicroAsset,Europe,HighTurnover,
comp_9831,,LowRevenue,MicroAsset,Europe,HighTurnover,
comp_9832,,LowRevenue,MicroAsset,Europe,HighTurnover,
comp_9833,,LowRevenue,MicroAsset,Europe,HighTurnover,
comp_9834,,LowRevenue,MicroAsset,Europe,MidTurnover,
comp_9835,,LowRevenue,MicroAsset,Europe,HighTurnover,
comp_9836,,LowRevenue,MicroAsset,Europe,HighTurnover,
comp_9837,,LowRevenue,MicroAsset,Europe,HighTurnover,
comp_9838,,LowRevenue,MicroAsset,Europe,HighTurnover,
comp_9839,,LowRevenue,MicroAsset,Europe,HighTurnover,
comp_9840,,LowRevenue,MicroAsset,Europe,HighTurnover,
comp_9841,,LowRevenue,MicroAsset,Europe,HighTurnover,
comp_9842,,LowRevenue,MicroAsset,Europe,HighTurnover,
comp_9843,,LowRevenue,MicroAsset,Europe,HighTurnover,
comp_9844,,LowRevenue,MicroAsset,Europe,HighTurnover,
comp_9845,,LowRevenue,MicroAsset,Europe,MidTurnover,
comp_9846,,LowRevenue,MicroAsset,Europe,HighTurnover,
comp_9847,,LowRevenue,MicroAsset,Europe,MidTurnover,
comp_9848,,LowRevenue,MicroAsset,Europe,HighTurnover,
comp_9849,,LowRevenue,MicroAsset,Europe,HighTurnover,
comp_9850,,LowRevenue,MicroAsset,Europe,MidTurnover,
comp_9851,,LowRevenue,MicroAsset,Europe,HighTurnover,
comp_9852,,LowRevenue,MicroAsset,Europe,HighTurnover,
comp_9853,,LowRevenue,MicroAsset,Europe,HighTurnover,
comp_9854,,LowRevenue,MicroAsset,Europe,HighTurnover,
comp_9855,,LowRevenue,MicroAsset,Europe,HighTurnover,
comp_9856,,LowRevenue,MicroAsset,Europe,HighTurnover,
comp_9857,,LowRevenue,MicroAsset,Europe,HighTurnover,
comp_9858,,LowRevenue,MicroAsset,Europe,HighTurnover,
comp_9859,,LowRevenue,MicroAsset,Europe,HighTurnover,
comp_9860,,LowRevenue,MicroAsset,Europe,HighTurnover,
comp_9861,,LowRevenue,MicroAsset,Europe,HighTurnover,
comp_9862,,LowRevenue,MicroAsset,Europe,HighTurnover,
comp_9863,,LowRevenue,MicroAsset,Europe,HighTurnover,
comp_9864,,LowRevenue,MicroAsset,Europe,HighTurnover,
comp_9865,,LowRevenue,MicroAsset,Europe,HighTurnover,
comp_9866,,LowRevenue,MicroAsset,Europe,HighTurnover,
comp_9867,,LowRevenue,MicroAsset,Europe,HighTurnover,
comp_9868,,LowRevenue,MicroAsset,Europe,HighTurnover,
comp_9869,,LowRevenue,MicroAsset,Europe,HighTurnover,
comp_9870,,LowRevenue,MicroAsset,Europe,HighTurnover,
comp_9871,,LowRevenue,MicroAsset,Europe,HighTurnover,
comp_9872,,LowRevenue,MicroAsset,Europe,HighTurnover,
comp_9873,,LowRevenue,MicroAsset,Europe,HighTurnover,
comp_9874,,LowRevenue,MicroAsset,Europe,HighTurnover,
comp_9875,,LowRevenue,MicroAsset,Europe,HighTurnover,
comp_9876,,VeryLowRevenue,MicroAsset,Europe,MidTurnover,
comp_9877,,LowRevenue,MicroAsset,Europe,HighTurnover,
comp_9878,,LowRevenue,MicroAsset,Europe,HighTurnover,
comp_9879,,LowRevenue,MicroAsset,Europe,HighTurnover,
comp_9880,,LowRevenue,MicroAsset,Europe,HighTurnover,
comp_9881,,LowRevenue,MicroAsset,Europe,HighTurnover,
comp_9882,,LowRevenue,MicroAsset,Europe,HighTurnover,
comp_9883,,LowRevenue,MicroAsset,Europe,HighTurnover,
comp_9884,,LowRevenue,MicroAsset,Europe,HighTurnover,
comp_9885,,LowRevenue,MicroAsset,Europe,HighTurnover,
comp_9886,,LowRevenue,MicroAsset,Europe,HighTurnover,
comp_9887,,LowRevenue,MicroAsset,Europe,HighTurnover,
comp_9888,,LowRevenue,MicroAsset,Europe,HighTurnover,
comp_9889,,LowRevenue,MicroAsset,Europe,HighTurnover,
comp_9890,,LowRevenue,MicroAsset,Europe,HighTurnover,
comp_9891,,LowRevenue,MicroAsset,Europe,HighTurnover,
comp_9892,,LowRevenue,MicroAsset,Europe,MidTurnover,
comp_9893,,LowRevenue,MicroAsset,Europe,HighTurnover,
comp_9894,,LowRevenue,MicroAsset,Europe,HighTurnover,
comp_9895,,LowRevenue,MicroAsset,Europe,HighTurnover,
comp_9896,,LowRevenue,MicroAsset,Europe,HighTurnover,
comp_9897,,LowRevenue,MicroAsset,Europe,HighTurnover,
comp_9898,,LowRevenue,MicroAsset,Europe,HighTurnover,
comp_9899,,LowRevenue,MicroAsset,Europe,HighTurnover,
comp_9900,,LowRevenue,MicroAsset,Europe,HighTurnover,
comp_9901,,LowRevenue,MicroAsset,Europe,HighTurnover,
comp_9902,,LowRevenue,MicroAsset,Europe,HighTurnover,
comp_9903,,LowRevenue,MicroAsset,Europe,HighTurnover,
comp_9904,,VeryLowRevenue,MicroAsset,Europe,MidTurnover,
comp_9905,,LowRevenue,MicroAsset,Europe,HighTurnover,
comp_9906,,LowRevenue,MicroAsset,Europe,HighTurnover,
comp_9907,,LowRevenue,MicroAsset,Europe,HighTurnover,
comp_9908,,LowRevenue,MicroAsset,Europe,MidTurnover,
comp_9909,,LowRevenue,MicroAsset,Europe,MidTurnover,
comp_9910,,LowRevenue,MicroAsset,Europe,HighTurnover,
comp_9911,,LowRevenue,MicroAsset,Europe,HighTurnover,
comp_9912,,LowRevenue,MicroAsset,Europe,HighTurnover,
comp_9913,,LowRevenue,MicroAsset,Europe,HighTurnover,
comp_9914,,LowRevenue,MicroAsset,Europe,HighTurnover,
comp_9915,,LowRevenue,MicroAsset,Europe,HighTurnover,
comp_9916,,LowRevenue,MicroAsset,Europe,HighTurnover,
comp_9917,,LowRevenue,MicroAsset,Europe,HighTurnover,
comp_9918,,LowRevenue,MicroAsset,Europe,HighTurnover,
comp_9919,,LowRevenue,MicroAsset,Europe,HighTurnover,
comp_9920,,LowRevenue,MicroAsset,Europe,HighTurnover,
comp_9921,,LowRevenue,MicroAsset,Europe,HighTurnover,
comp_9922,,LowRevenue,MicroAsset,Europe,HighTurnover,
comp_9923,,LowRevenue,MicroAsset,Europe,HighTurnover,
comp_9924,,LowRevenue,MicroAsset,Europe,HighTurnover,
comp_9925,,LowRevenue,MicroAsset,Europe,HighTurnover,
comp_9926,,LowRevenue,MicroAsset,Europe,HighTurnover,
comp_9927,,LowRevenue,MicroAsset,Europe,HighTurnover,
comp_9928,,LowRevenue,MicroAsset,Europe,HighTurnover,
comp_9929,,LowRevenue,MicroAsset,Europe,HighTurnover,
comp_9930,,LowRevenue,MicroAsset,Europe,HighTurnover,
comp_9931,,LowRevenue,MicroAsset,Europe,HighTurnover,
comp_9932,,LowRevenue,MicroAsset,Europe,HighTurnover,
comp_9933,,LowRevenue,MicroAsset,Europe,HighTurnover,
comp_9934,,LowRevenue,MicroAsset,Europe,HighTurnover,
comp_9935,,VeryLowRevenue,MicroAsset,Europe,LowTurnover,
comp_9936,,LowRevenue,MicroAsset,Europe,HighTurnover,
comp_9937,,LowRevenue,MicroAsset,Europe,HighTurnover,
comp_9938,,LowRevenue,MicroAsset,Europe,HighTurnover,
comp_9939,,LowRevenue,MicroAsset,Europe,HighTurnover,
comp_9940,,LowRevenue,MicroAsset,Europe,HighTurnover,
comp_9941,,LowRevenue,MicroAsset,Europe,HighTurnover,
comp_9942,,LowRevenue,MicroAsset,Europe,HighTurnover,
comp_9943,,LowRevenue,MicroAsset,Europe,HighTurnover,
comp_9944,,LowRevenue,MicroAsset,Europe,HighTurnover,
comp_9945,,LowRevenue,MicroAsset,Europe,HighTurnover,
comp_9946,,LowRevenue,MicroAsset,Europe,HighTurnover,
comp_9947,,LowRevenue,MicroAsset,Europe,HighTurnover,
comp_9948,,LowRevenue,MicroAsset,Europe,HighTurnover,
comp_9949,,LowRevenue,MicroAsset,Europe,HighTurnover,
comp_9950,,LowRevenue,MicroAsset,Europe,HighTurnover,
comp_9951,,LowRevenue,MicroAsset,Europe,HighTurnover,
comp_9952,,LowRevenue,MicroAsset,Europe,HighTurnover,
comp_9953,,LowRevenue,MicroAsset,Europe,HighTurnover,
comp_9954,,LowRevenue,MicroAsset,Europe,HighTurnover,
comp_9955,,LowRevenue,MicroAsset,Europe,HighTurnover,
comp_9956,,LowRevenue,MicroAsset,Europe,HighTurnover,
comp_9957,,LowRevenue,MicroAsset,Europe,HighTurnover,
comp_9958,,LowRevenue,MicroAsset,Europe,HighTurnover,
comp_9959,,LowRevenue,MicroAsset,Europe,HighTurnover,
comp_9960,,LowRevenue,MicroAsset,Europe,HighTurnover,
comp_9961,,LowRevenue,MicroAsset,Europe,HighTurnover,
comp_9962,,LowRevenue,MicroAsset,Europe,HighTurnover,
comp_9963,,LowRevenue,MicroAsset,Europe,HighTurnover,
comp_9964,,LowRevenue,MicroAsset,Europe,HighTurnover,
comp_9965,,LowRevenue,MicroAsset,Europe,HighTurnover,
comp_9966,,LowRevenue,MicroAsset,Europe,HighTurnover,
comp_9967,,LowRevenue,MicroAsset,Europe,HighTurnover,
comp_9968,,LowRevenue,MicroAsset,Europe,HighTurnover,
comp_9969,,LowRevenue,MicroAsset,Europe,HighTurnover,
comp_9970,,LowRevenue,MicroAsset,Europe,HighTurnover,
comp_9971,,LowRevenue,MicroAsset,Europe,HighTurnover,
comp_9972,,LowRevenue,MicroAsset,Europe,HighTurnover,
comp_9973,,LowRevenue,MicroAsset,Europe,HighTurnover,
comp_9974,,LowRevenue,MicroAsset,Europe,HighTurnover,
comp_9975,,LowRevenue,MicroAsset,Europe,HighTurnover,
comp_9976,,VeryLowRevenue,MicroAsset,Europe,MidTurnover,
comp_9977,,VeryLowRevenue,MicroAsset,Europe,MidTurnover,
comp_9978,,LowRevenue,MicroAsset,Europe,HighTurnover,
comp_9979,,LowRevenue,MicroAsset,Europe,HighTurnover,
comp_9980,,LowRevenue,MicroAsset,Europe,HighTurnover,
comp_9981,,LowRevenue,MicroAsset,Europe,HighTurnover,
comp_9982,,LowRevenue,MicroAsset,Europe,HighTurnover,
comp_9983,,VeryLowRevenue,MicroAsset,Europe,MidTurnover,
comp_9984,,LowRevenue,MicroAsset,Europe,HighTurnover,
comp_9985,,LowRevenue,MicroAsset,Europe,HighTurnover,
comp_9986,,LowRevenue,MicroAsset,Europe,HighTurnover,
comp_9987,,LowRevenue,MicroAsset,Europe,HighTurnover,
comp_9988,,LowRevenue,MicroAsset,Europe,HighTurnover,
comp_9989,,LowRevenue,MicroAsset,Europe,HighTurnover,
comp_9990,,LowRevenue,MicroAsset,Europe,HighTurnover,
comp_9991,,LowRevenue,MicroAsset,Europe,HighTurnover,
comp_9992,,LowRevenue,MicroAsset,Europe,HighTurnover,
comp_9993,,LowRevenue,MicroAsset,Europe,HighTurnover,
comp_9994,,LowRevenue,MicroAsset,Europe,HighTurnover,
comp_9995,,LowRevenue,MicroAsset,Europe,HighTurnover,
comp_9996,,LowRevenue,MicroAsset,Europe,HighTurnover,
comp_9997,,LowRevenue,MicroAsset,Europe,HighTurnover,
comp_9998,,VeryLowRevenue,MicroAsset,Europe,MidTurnover,
comp_9999,,LowRevenue,MicroAsset,Europe,HighTurnover,
comp_10000,,LowRevenue,MicroAsset,Europe,HighTurnover,
comp_10001,,LowRevenue,MicroAsset,Europe,HighTurnover,
comp_10002,,LowRevenue,MicroAsset,Europe,HighTurnover,
comp_10003,,LowRevenue,MicroAsset,Europe,HighTurnover,
comp_10004,,LowRevenue,MicroAsset,Europe,HighTurnover,
comp_10005,,LowRevenue,MicroAsset,Europe,HighTurnover,
comp_10006,,LowRevenue,MicroAsset,Europe,HighTurnover,
comp_10007,,LowRevenue,MicroAsset,Europe,HighTurnover,
comp_10008,,LowRevenue,MicroAsset,Europe,HighTurnover,
comp_10009,,LowRevenue,MicroAsset,Europe,HighTurnover,
comp_10010,,LowRevenue,MicroAsset,Europe,HighTurnover,
comp_10011,,LowRevenue,MicroAsset,Europe,HighTurnover,
comp_10012,,LowRevenue,MicroAsset,Europe,HighTurnover,
comp_10013,,LowRevenue,MicroAsset,Europe,HighTurnover,
comp_10014,,VeryLowRevenue,MicroAsset,Europe,MidTurnover,
comp_10015,,LowRevenue,MicroAsset,Europe,HighTurnover,
comp_10016,,LowRevenue,MicroAsset,Europe,HighTurnover,
comp_10017,,LowRevenue,MicroAsset,Europe,HighTurnover,
comp_10018,,LowRevenue,MicroAsset,Europe,HighTurnover,
comp_10019,,VeryLowRevenue,MicroAsset,Europe,HighTurnover,
comp_10020,,LowRevenue,MicroAsset,Europe,HighTurnover,
comp_10021,,LowRevenue,MicroAsset,Europe,HighTurnover,
comp_10022,,LowRevenue,MicroAsset,Europe,HighTurnover,
comp_10023,,LowRevenue,MicroAsset,Europe,HighTurnover,
comp_10024,,LowRevenue,MicroAsset,Europe,HighTurnover,
comp_10025,,LowRevenue,MicroAsset,Europe,HighTurnover,
comp_10026,,LowRevenue,MicroAsset,Europe,HighTurnover,
comp_10027,,LowRevenue,MicroAsset,Europe,HighTurnover,
comp_10028,,LowRevenue,MicroAsset,Europe,HighTurnover,
comp_10029,,LowRevenue,MicroAsset,Europe,HighTurnover,
comp_10030,,LowRevenue,MicroAsset,Europe,HighTurnover,
comp_10031,,VeryLowRevenue,MicroAsset,Europe,HighTurnover,
comp_10032,,LowRevenue,MicroAsset,Europe,HighTurnover,
comp_10033,,VeryLowRevenue,MicroAsset,Europe,HighTurnover,
comp_10034,,LowRevenue,MicroAsset,Europe,HighTurnover,
comp_10035,,VeryLowRevenue,MicroAsset,Europe,MidTurnover,
comp_10036,,LowRevenue,MicroAsset,Europe,HighTurnover,
comp_10037,,LowRevenue,MicroAsset,Europe,HighTurnover,
comp_10038,,LowRevenue,MicroAsset,Europe,HighTurnover,
comp_10039,,LowRevenue,MicroAsset,Europe,HighTurnover,
comp_10040,,LowRevenue,MicroAsset,Europe,HighTurnover,
comp_10041,,LowRevenue,MicroAsset,Europe,HighTurnover,
comp_10042,,LowRevenue,MicroAsset,Europe,HighTurnover,
comp_10043,,LowRevenue,MicroAsset,Europe,HighTurnover,
comp_10044,,LowRevenue,MicroAsset,Europe,HighTurnover,
comp_10045,,VeryLowRevenue,MicroAsset,Europe,HighTurnover,
comp_10046,,MidRevenue,MicroAsset,Europe,HighTurnover,
comp_10047,,LowRevenue,MicroAsset,Europe,HighTurnover,
comp_10048,,LowRevenue,MicroAsset,Europe,HighTurnover,
comp_10049,,LowRevenue,MicroAsset,Europe,HighTurnover,
comp_10050,,VeryLowRevenue,MicroAsset,Europe,LowTurnover,
comp_10051,,LowRevenue,MicroAsset,Europe,HighTurnover,
comp_10052,,LowRevenue,MicroAsset,Europe,HighTurnover,
comp_10053,,VeryLowRevenue,MicroAsset,Europe,MidTurnover,
comp_10054,,LowRevenue,MicroAsset,Europe,HighTurnover,
comp_10055,,,MicroAsset,Europe,,
comp_10056,,LowRevenue,MicroAsset,Europe,HighTurnover,
comp_10057,,LowRevenue,MicroAsset,Europe,HighTurnover,
comp_10058,,LowRevenue,MicroAsset,Europe,HighTurnover,
comp_10059,,VeryLowRevenue,MicroAsset,Europe,LowTurnover,
comp_10060,,LowRevenue,MicroAsset,Europe,HighTurnover,
comp_10061,,LowRevenue,MicroAsset,Europe,HighTurnover,
comp_10062,,VeryLowRevenue,MicroAsset,Europe,HighTurnover,
comp_10063,,LowRevenue,MicroAsset,Europe,HighTurnover,
comp_10064,,VeryLowRevenue,MicroAsset,Europe,HighTurnover,
comp_10065,,LowRevenue,MicroAsset,Europe,HighTurnover,
comp_10066,,LowRevenue,MicroAsset,Europe,HighTurnover,
comp_10067,,LowRevenue,MicroAsset,Europe,HighTurnover,
comp_10068,,LowRevenue,MicroAsset,Europe,HighTurnover,
comp_10069,,LowRevenue,MicroAsset,Europe,HighTurnover,
comp_10070,,VeryLowRevenue,MicroAsset,Europe,HighTurnover,
comp_10071,,VeryLowRevenue,MicroAsset,Europe,HighTurnover,
comp_10072,,LowRevenue,MicroAsset,Europe,HighTurnover,
comp_10073,,LowRevenue,MicroAsset,Europe,HighTurnover,
comp_10074,,LowRevenue,MicroAsset,Europe,HighTurnover,
comp_10075,,LowRevenue,MicroAsset,Europe,HighTurnover,
comp_10076,,LowRevenue,MicroAsset,Europe,HighTurnover,
comp_10077,,LowRevenue,MicroAsset,Europe,HighTurnover,
comp_10078,,LowRevenue,MicroAsset,Europe,HighTurnover,
comp_10079,,LowRevenue,MicroAsset,Europe,HighTurnover,
comp_10080,,VeryLowRevenue,MicroAsset,Europe,HighTurnover,
comp_10081,,LowRevenue,MicroAsset,Europe,HighTurnover,
comp_10082,,LowRevenue,MicroAsset,Europe,HighTurnover,
comp_10083,,LowRevenue,MicroAsset,Europe,HighTurnover,
comp_10084,,VeryLowRevenue,MicroAsset,Europe,MidTurnover,
comp_10085,,LowRevenue,MicroAsset,Europe,HighTurnover,
comp_10086,,LowRevenue,MicroAsset,Europe,HighTurnover,
comp_10087,,VeryLowRevenue,MicroAsset,Europe,HighTurnover,
comp_10088,,LowRevenue,MicroAsset,Europe,HighTurnover,
comp_10089,,LowRevenue,MicroAsset,Europe,HighTurnover,
comp_10090,,LowRevenue,MicroAsset,Europe,HighTurnover,
comp_10091,,LowRevenue,MicroAsset,Europe,HighTurnover,
comp_10092,,LowRevenue,MicroAsset,Europe,HighTurnover,
comp_10093,,VeryLowRevenue,MicroAsset,Europe,HighTurnover,
comp_10094,,LowRevenue,MicroAsset,Europe,HighTurnover,
comp_10095,,LowRevenue,MicroAsset,Europe,HighTurnover,
comp_10096,,LowRevenue,MicroAsset,Europe,HighTurnover,
comp_10097,,LowRevenue,MicroAsset,Europe,HighTurnover,
comp_10098,,LowRevenue,MicroAsset,Europe,HighTurnover,
comp_10099,,,MicroAsset,Europe,,
comp_10100,,LowRevenue,MicroAsset,Europe,HighTurnover,
comp_10101,,LowRevenue,MicroAsset,Europe,HighTurnover,
comp_10102,,VeryLowRevenue,MicroAsset,Europe,HighTurnover,
comp_10103,,LowRevenue,MicroAsset,Europe,HighTurnover,
comp_10104,,LowRevenue,MicroAsset,Europe,HighTurnover,
comp_10105,,LowRevenue,MicroAsset,Europe,HighTurnover,
comp_10106,,LowRevenue,MicroAsset,Europe,HighTurnover,
comp_10107,,LowRevenue,MicroAsset,Europe,HighTurnover,
comp_10108,,VeryLowRevenue,MicroAsset,Europe,LowTurnover,
comp_10109,,LowRevenue,MicroAsset,Europe,HighTurnover,
comp_10110,,VeryLowRevenue,MicroAsset,Europe,HighTurnover,
comp_10111,,LowRevenue,MicroAsset,Europe,HighTurnover,
comp_10112,,LowRevenue,MicroAsset,Europe,HighTurnover,
comp_10113,,LowRevenue,MicroAsset,Europe,HighTurnover,
comp_10114,,LowRevenue,MicroAsset,Europe,HighTurnover,
comp_10115,,VeryLowRevenue,MicroAsset,Europe,HighTurnover,
comp_10116,,LowRevenue,MicroAsset,Europe,HighTurnover,
comp_10117,,VeryLowRevenue,MicroAsset,Europe,HighTurnover,
comp_10118,,LowRevenue,MicroAsset,Europe,HighTurnover,
comp_10119,,VeryLowRevenue,MicroAsset,Europe,HighTurnover,
comp_10120,,LowRevenue,MicroAsset,Europe,HighTurnover,
comp_10121,,LowRevenue,MicroAsset,Europe,HighTurnover,
comp_10122,,VeryLowRevenue,MicroAsset,Europe,HighTurnover,
comp_10123,,LowRevenue,MicroAsset,Europe,HighTurnover,
comp_10124,,LowRevenue,MicroAsset,Europe,HighTurnover,
comp_10125,,VeryLowRevenue,MicroAsset,Europe,HighTurnover,
comp_10126,,LowRevenue,MicroAsset,Europe,HighTurnover,
comp_10127,,,MicroAsset,Europe,,
comp_10128,,VeryLowRevenue,MicroAsset,Europe,HighTurnover,
comp_10129,,LowRevenue,MicroAsset,Europe,HighTurnover,
comp_10130,,VeryLowRevenue,MicroAsset,Europe,LowTurnover,
comp_10131,,LowRevenue,MicroAsset,Europe,HighTurnover,
comp_10132,,LowRevenue,MicroAsset,Europe,HighTurnover,
comp_10133,,LowRevenue,MicroAsset,Europe,HighTurnover,
comp_10134,,LowRevenue,MicroAsset,Europe,HighTurnover,
comp_10135,,LowRevenue,MicroAsset,Europe,HighTurnover,
comp_10136,,LowRevenue,MicroAsset,Europe,HighTurnover,
comp_10137,,LowRevenue,MicroAsset,Europe,HighTurnover,
comp_10138,,VeryLowRevenue,MicroAsset,Europe,HighTurnover,
comp_10139,,LowRevenue,MicroAsset,Europe,HighTurnover,
comp_10140,,VeryLowRevenue,MicroAsset,Europe,HighTurnover,
comp_10141,,VeryLowRevenue,MicroAsset,Europe,HighTurnover,
comp_10142,,LowRevenue,MicroAsset,Europe,HighTurnover,
comp_10143,,VeryLowRevenue,MicroAsset,Europe,MidTurnover,
comp_10144,,LowRevenue,MicroAsset,Europe,HighTurnover,
comp_10145,,LowRevenue,MicroAsset,Europe,HighTurnover,
comp_10146,,LowRevenue,MicroAsset,Europe,HighTurnover,
comp_10147,,LowRevenue,MicroAsset,Europe,HighTurnover,
comp_10148,,LowRevenue,MicroAsset,Europe,HighTurnover,
comp_10149,,LowRevenue,MicroAsset,Europe,HighTurnover,
comp_10150,,VeryLowRevenue,MicroAsset,Europe,HighTurnover,
comp_10151,,VeryLowRevenue,MicroAsset,Europe,LowTurnover,
comp_10152,,VeryLowRevenue,MicroAsset,Europe,HighTurnover,
comp_10153,,LowRevenue,MicroAsset,Europe,HighTurnover,
comp_10154,,LowRevenue,MicroAsset,Europe,HighTurnover,
comp_10155,,,MicroAsset,Europe,,
comp_10156,,VeryLowRevenue,MicroAsset,Europe,HighTurnover,
comp_10157,,VeryLowRevenue,MicroAsset,Europe,HighTurnover,
comp_10158,,VeryLowRevenue,MicroAsset,Europe,HighTurnover,
comp_10159,,LowRevenue,MicroAsset,Europe,HighTurnover,
comp_10160,,LowRevenue,MicroAsset,Europe,HighTurnover,
comp_10161,,VeryLowRevenue,MicroAsset,Europe,HighTurnover,
comp_10162,,VeryLowRevenue,MicroAsset,Europe,HighTurnover,
comp_10163,,LowRevenue,MicroAsset,Europe,HighTurnover,
comp_10164,,VeryLowRevenue,MicroAsset,Europe,HighTurnover,
comp_10165,,VeryLowRevenue,MicroAsset,Europe,HighTurnover,
comp_10166,,VeryLowRevenue,MicroAsset,Europe,HighTurnover,
comp_10167,,VeryLowRevenue,MicroAsset,Europe,HighTurnover,
comp_10168,,LowRevenue,MicroAsset,Europe,HighTurnover,
comp_10169,,VeryLowRevenue,MicroAsset,Europe,HighTurnover,
comp_10170,,VeryLowRevenue,MicroAsset,Europe,HighTurnover,
comp_10171,,LowRevenue,MicroAsset,Europe,HighTurnover,
comp_10172,,LowRevenue,MicroAsset,Europe,HighTurnover,
comp_10173,,VeryLowRevenue,MicroAsset,Europe,HighTurnover,
comp_10174,,VeryLowRevenue,MicroAsset,Europe,HighTurnover,
comp_10175,,VeryLowRevenue,MicroAsset,Europe,HighTurnover,
comp_10176,,VeryLowRevenue,MicroAsset,Europe,HighTurnover,
comp_10177,,VeryLowRevenue,MicroAsset,Europe,HighTurnover,
comp_10178,,VeryLowRevenue,MicroAsset,Europe,HighTurnover,
comp_10179,,VeryLowRevenue,MicroAsset,Europe,HighTurnover,
comp_10180,,VeryLowRevenue,MicroAsset,Europe,HighTurnover,
comp_10181,,LowRevenue,MicroAsset,Europe,HighTurnover,
comp_10182,,VeryLowRevenue,MicroAsset,Europe,HighTurnover,
comp_10183,,VeryLowRevenue,MicroAsset,Europe,HighTurnover,
comp_10184,,LowRevenue,MicroAsset,Europe,HighTurnover,
comp_10185,,LowRevenue,MicroAsset,Europe,HighTurnover,
comp_10186,,LowRevenue,MicroAsset,Europe,HighTurnover,
comp_10187,,VeryLowRevenue,MicroAsset,Europe,HighTurnover,
comp_10188,,VeryLowRevenue,MicroAsset,Europe,HighTurnover,
comp_10189,,VeryLowRevenue,MicroAsset,Europe,HighTurnover,
comp_10190,,VeryLowRevenue,MicroAsset,Europe,LowTurnover,
comp_10191,,VeryLowRevenue,MicroAsset,Europe,MidTurnover,
comp_10192,,VeryLowRevenue,MicroAsset,Europe,HighTurnover,
comp_10193,,LowRevenue,MicroAsset,Europe,HighTurnover,
comp_10194,,LowRevenue,MicroAsset,Europe,HighTurnover,
comp_10195,,VeryLowRevenue,MicroAsset,Europe,HighTurnover,
comp_10196,,VeryLowRevenue,MicroAsset,Europe,HighTurnover,
comp_10197,,VeryLowRevenue,MicroAsset,Europe,MidTurnover,
comp_10198,,LowRevenue,MicroAsset,Europe,HighTurnover,
comp_10199,,VeryLowRevenue,MicroAsset,Europe,HighTurnover,
comp_10200,,VeryLowRevenue,MicroAsset,Europe,HighTurnover,
comp_10201,,VeryLowRevenue,MicroAsset,Europe,HighTurnover,
comp_10202,,VeryLowRevenue,MicroAsset,Europe,HighTurnover,
comp_10203,,VeryLowRevenue,MicroAsset,Europe,HighTurnover,
comp_10204,,VeryLowRevenue,MicroAsset,Europe,HighTurnover,
comp_10205,,VeryLowRevenue,MicroAsset,Europe,MidTurnover,
comp_10206,,VeryLowRevenue,MicroAsset,Europe,LowTurnover,
comp_10207,,VeryLowRevenue,MicroAsset,Europe,HighTurnover,
comp_10208,,LowRevenue,MicroAsset,Europe,HighTurnover,
comp_10209,,VeryLowRevenue,MicroAsset,Europe,MidTurnover,
comp_10210,,,MicroAsset,Europe,,
comp_10211,,VeryLowRevenue,MicroAsset,Europe,HighTurnover,
comp_10212,,VeryLowRevenue,MicroAsset,Europe,HighTurnover,
comp_10213,,VeryLowRevenue,MicroAsset,Europe,LowTurnover,
comp_10214,,,MicroAsset,Europe,,
comp_10215,,VeryLowRevenue,MicroAsset,Europe,MidTurnover,
comp_10216,,HighRevenue,LargeAsset,Asia,HighTurnover,
comp_10217,,HighRevenue,LargeAsset,Asia,MidTurnover,
comp_10218,,HighRevenue,LargeAsset,Asia,MidTurnover,
comp_10219,,HighRevenue,LargeAsset,Asia,MidTurnover,
comp_10220,,HighRevenue,LargeAsset,Asia,HighTurnover,
comp_10221,,HighRevenue,LargeAsset,Asia,HighTurnover,
comp_10222,,UpperRevenue,MidAsset,Asia,HighTurnover,
comp_10223,,HighRevenue,MidAsset,Asia,HighTurnover,
comp_10224,,UpperRevenue,MidAsset,Asia,MidTurnover,
comp_10225,,HighRevenue,MidAsset,Asia,HighTurnover,
comp_10226,,UpperRevenue,MidAsset,Asia,HighTurnover,
comp_10227,,UpperRevenue,MidAsset,Asia,HighTurnover,
comp_10228,,UpperRevenue,MidAsset,Asia,HighTurnover,
comp_10229,,UpperRevenue,MidAsset,Asia,HighTurnover,
comp_10230,,UpperRevenue,MidAsset,Asia,MidTurnover,
comp_10231,,UpperRevenue,MidAsset,Asia,HighTurnover,
comp_10232,,UpperRevenue,MidAsset,Asia,HighTurnover,
comp_10233,,UpperRevenue,MidAsset,Asia,MidTurnover,
comp_10234,,UpperRevenue,MidAsset,Asia,HighTurnover,
comp_10235,,UpperRevenue,MidAsset,Asia,HighTurnover,
comp_10236,,UpperRevenue,MidAsset,Asia,MidTurnover,
comp_10237,,UpperRevenue,MidAsset,Asia,HighTurnover,
comp_10238,,UpperRevenue,MidAsset,Asia,HighTurnover,
comp_10239,,UpperRevenue,MidAsset,Asia,MidTurnover,
comp_10240,,UpperRevenue,MidAsset,Asia,MidTurnover,
comp_10241,,UpperRevenue,MidAsset,Asia,MidTurnover,
comp_10242,,MidRevenue,MidAsset,Asia,LowTurnover,
comp_10243,,UpperRevenue,MidAsset,Asia,HighTurnover,
comp_10244,,MidRevenue,MidAsset,Asia,MidTurnover,
comp_10245,,MidRevenue,MidAsset,Asia,LowTurnover,
comp_10246,,UpperRevenue,MidAsset,Asia,HighTurnover,
comp_10247,,UpperRevenue,MidAsset,Asia,HighTurnover,
comp_10248,,MidRevenue,LightAsset,Asia,HighTurnover,
comp_10249,,MidRevenue,LightAsset,Asia,HighTurnover,
comp_10250,,UpperRevenue,LightAsset,Asia,HighTurnover,
comp_10251,,UpperRevenue,LightAsset,Asia,HighTurnover,
comp_10252,,MidRevenue,LightAsset,Asia,HighTurnover,
comp_10253,,MidRevenue,LightAsset,Asia,MidTurnover,
comp_10254,,MidRevenue,LightAsset,Asia,HighTurnover,
comp_10255,,MidRevenue,LightAsset,Asia,HighTurnover,
comp_10256,,MidRevenue,LightAsset,Asia,HighTurnover,
comp_10257,,MidRevenue,LightAsset,Asia,HighTurnover,
comp_10258,,MidRevenue,LightAsset,Asia,HighTurnover,
comp_10259,,MidRevenue,LightAsset,Asia,HighTurnover,
comp_10260,,MidRevenue,LightAsset,Asia,HighTurnover,
comp_10261,,MidRevenue,LightAsset,Asia,LowTurnover,
comp_10262,,MidRevenue,LightAsset,Asia,HighTurnover,
comp_10263,,MidRevenue,LightAsset,Asia,HighTurnover,
comp_10264,,MidRevenue,LightAsset,Asia,HighTurnover,
comp_10265,,MidRevenue,LightAsset,Asia,HighTurnover,
comp_10266,,MidRevenue,LightAsset,Asia,HighTurnover,
comp_10267,,MidRevenue,LightAsset,Asia,HighTurnover,
comp_10268,,MidRevenue,LightAsset,Asia,HighTurnover,
comp_10269,,MidRevenue,LightAsset,Asia,HighTurnover,
comp_10270,,MidRevenue,LightAsset,Asia,HighTurnover,
comp_10271,,MidRevenue,LightAsset,Asia,HighTurnover,
comp_10272,,MidRevenue,LightAsset,Asia,HighTurnover,
comp_10273,,MidRevenue,LightAsset,Asia,HighTurnover,
comp_10274,,MidRevenue,LightAsset,Asia,HighTurnover,
comp_10275,,MidRevenue,LightAsset,Asia,HighTurnover,
comp_10276,,MidRevenue,LightAsset,Asia,MidTurnover,
comp_10277,,MidRevenue,LightAsset,Asia,HighTurnover,
comp_10278,,MidRevenue,LightAsset,Asia,MidTurnover,
comp_10279,,MidRevenue,LightAsset,Asia,HighTurnover,
comp_10280,,MidRevenue,LightAsset,Asia,MidTurnover,
comp_10281,,MidRevenue,LightAsset,Asia,MidTurnover,
comp_10282,,MidRevenue,LightAsset,Asia,HighTurnover,
comp_10283,,MidRevenue,LightAsset,Asia,HighTurnover,
comp_10284,,MidRevenue,LightAsset,Asia,HighTurnover,
comp_10285,,LowRevenue,LightAsset,Asia,MidTurnover,
comp_10286,,LowRevenue,LightAsset,Asia,MidTurnover,
comp_10287,,MidRevenue,LightAsset,Asia,HighTurnover,
comp_10288,,MidRevenue,LightAsset,Asia,HighTurnover,
comp_10289,,MidRevenue,LightAsset,Asia,HighTurnover,
comp_10290,,MidRevenue,LightAsset,Asia,HighTurnover,
comp_10291,,MidRevenue,LightAsset,Asia,HighTurnover,
comp_10292,,MidRevenue,LightAsset,Asia,HighTurnover,
comp_10293,,MidRevenue,LightAsset,Asia,HighTurnover,
comp_10294,,MidRevenue,MicroAsset,Asia,HighTurnover,
comp_10295,,LowRevenue,MicroAsset,Asia,MidTurnover,
comp_10296,,MidRevenue,MicroAsset,Asia,HighTurnover,
comp_10297,,LowRevenue,MicroAsset,Asia,MidTurnover,
comp_10298,,LowRevenue,MicroAsset,Asia,MidTurnover,
comp_10299,,LowRevenue,MicroAsset,Asia,LowTurnover,
comp_10300,,MidRevenue,MicroAsset,Asia,HighTurnover,
comp_10301,,LowRevenue,MicroAsset,Asia,HighTurnover,
comp_10302,,LowRevenue,MicroAsset,Asia,HighTurnover,
comp_10303,,LowRevenue,MicroAsset,Asia,HighTurnover,
comp_10304,,LowRevenue,MicroAsset,Asia,MidTurnover,
comp_10305,,LowRevenue,MicroAsset,Asia,HighTurnover,
comp_10306,,LowRevenue,MicroAsset,Asia,MidTurnover,
comp_10307,,LowRevenue,MicroAsset,Asia,HighTurnover,
comp_10308,,LowRevenue,MicroAsset,Asia,HighTurnover,
comp_10309,,LowRevenue,MicroAsset,Asia,HighTurnover,
comp_10310,,LowRevenue,MicroAsset,Asia,HighTurnover,
comp_10311,,LowRevenue,MicroAsset,Asia,HighTurnover,
comp_10312,,LowRevenue,MicroAsset,Asia,HighTurnover,
comp_10313,,LowRevenue,MicroAsset,Asia,HighTurnover,
comp_10314,,LowRevenue,MicroAsset,Asia,HighTurnover,
comp_10315,,VeryLowRevenue,MicroAsset,Asia,HighTurnover,
comp_10316,,MidRevenue,,Asia,,
comp_10317,,HighRevenue,HeavyAsset,North_America,LowTurnover,
comp_10318,,HighRevenue,LargeAsset,North_America,HighTurnover,
comp_10319,,UpperRevenue,LargeAsset,North_America,LowTurnover,
comp_10320,,UpperRevenue,MidAsset,North_America,LowTurnover,
comp_10321,,UpperRevenue,MidAsset,North_America,MidTurnover,
comp_10322,,UpperRevenue,MidAsset,North_America,MidTurnover,
comp_10323,,UpperRevenue,MidAsset,North_America,MidTurnover,
comp_10324,,UpperRevenue,MidAsset,North_America,LowTurnover,
comp_10325,,MidRevenue,MidAsset,North_America,LowTurnover,
comp_10326,,UpperRevenue,MidAsset,North_America,MidTurnover,
comp_10327,,UpperRevenue,MidAsset,North_America,LowTurnover,
comp_10328,,UpperRevenue,MidAsset,North_America,MidTurnover,
comp_10329,,UpperRevenue,MidAsset,North_America,HighTurnover,
comp_10330,,UpperRevenue,MidAsset,North_America,HighTurnover,
comp_10331,,MidRevenue,MidAsset,North_America,MidTurnover,
comp_10332,,MidRevenue,MidAsset,North_America,LowTurnover,
comp_10333,,UpperRevenue,MidAsset,North_America,MidTurnover,
comp_10334,,MidRevenue,MidAsset,North_America,LowTurnover,
comp_10335,,UpperRevenue,MidAsset,North_America,MidTurnover,
comp_10336,,MidRevenue,MidAsset,North_America,LowTurnover,
comp_10337,,UpperRevenue,MidAsset,North_America,MidTurnover,
comp_10338,,MidRevenue,MidAsset,North_America,MidTurnover,
comp_10339,,MidRevenue,MidAsset,North_America,LowTurnover,
comp_10340,,MidRevenue,MidAsset,North_America,MidTurnover,
comp_10341,,LowRevenue,MidAsset,North_America,LowTurnover,
comp_10342,,MidRevenue,MidAsset,North_America,MidTurnover,
comp_10343,,MidRevenue,MidAsset,North_America,MidTurnover,
comp_10344,,MidRevenue,MidAsset,North_America,MidTurnover,
comp_10345,,MidRevenue,MidAsset,North_America,MidTurnover,
comp_10346,,UpperRevenue,MidAsset,North_America,HighTurnover,
comp_10347,,MidRevenue,MidAsset,North_America,LowTurnover,
comp_10348,,,MidAsset,North_America,,
comp_10349,,,MidAsset,North_America,,
comp_10350,,UpperRevenue,MidAsset,North_America,HighTurnover,
comp_10351,,MidRevenue,MidAsset,North_America,LowTurnover,
comp_10352,,LowRevenue,MidAsset,North_America,LowTurnover,
comp_10353,,MidRevenue,MidAsset,North_America,LowTurnover,
comp_10354,,MidRevenue,MidAsset,North_America,MidTurnover,
comp_10355,,MidRevenue,MidAsset,North_America,MidTurnover,
comp_10356,,,MidAsset,North_America,,
comp_10357,,UpperRevenue,MidAsset,North_America,HighTurnover,
comp_10358,,MidRevenue,MidAsset,North_America,LowTurnover,
comp_10359,,VeryLowRevenue,MidAsset,North_America,LowTurnover,
comp_10360,,MidRevenue,MidAsset,North_America,LowTurnover,
comp_10361,,UpperRevenue,MidAsset,North_America,HighTurnover,
comp_10362,,,MidAsset,North_America,,
comp_10363,,,LightAsset,North_America,,
comp_10364,,MidRevenue,LightAsset,North_America,MidTurnover,
comp_10365,,MidRevenue,LightAsset,North_America,MidTurnover,
comp_10366,,,LightAsset,North_America,,
comp_10367,,MidRevenue,LightAsset,North_America,HighTurnover,
comp_10368,,MidRevenue,LightAsset,North_America,MidTurnover,
comp_10369,,MidRevenue,LightAsset,North_America,HighTurnover,
comp_10370,,VeryLowRevenue,LightAsset,North_America,LowTurnover,
comp_10371,,,LightAsset,North_America,,
comp_10372,,MidRevenue,LightAsset,North_America,MidTurnover,
comp_10373,,LowRevenue,LightAsset,North_America,LowTurnover,
comp_10374,,MidRevenue,LightAsset,North_America,MidTurnover,
comp_10375,,,LightAsset,North_America,,
comp_10376,,VeryLowRevenue,LightAsset,North_America,LowTurnover,
comp_10377,,MidRevenue,LightAsset,North_America,MidTurnover,
comp_10378,,LowRevenue,LightAsset,North_America,LowTurnover,
comp_10379,,MidRevenue,LightAsset,North_America,MidTurnover,
comp_10380,,LowRevenue,LightAsset,North_America,LowTurnover,
comp_10381,,MidRevenue,LightAsset,North_America,MidTurnover,
comp_10382,,MidRevenue,LightAsset,North_America,MidTurnover,
comp_10383,,MidRevenue,LightAsset,North_America,MidTurnover,
comp_10384,,MidRevenue,LightAsset,North_America,LowTurnover,
comp_10385,,MidRevenue,LightAsset,North_America,MidTurnover,
comp_10386,,MidRevenue,LightAsset,North_America,MidTurnover,
comp_10387,,UpperRevenue,LightAsset,North_America,HighTurnover,
comp_10388,,MidRevenue,LightAsset,North_America,MidTurnover,
comp_10389,,MidRevenue,LightAsset,North_America,MidTurnover,
comp_10390,,LowRevenue,LightAsset,North_America,LowTurnover,
comp_10391,,,LightAsset,North_America,,
comp_10392,,LowRevenue,LightAsset,North_America,LowTurnover,
comp_10393,,,LightAsset,North_America,,
comp_10394,,MidRevenue,LightAsset,North_America,MidTurnover,
comp_10395,,LowRevenue,LightAsset,North_America,LowTurnover,
comp_10396,,LowRevenue,LightAsset,North_America,LowTurnover,
comp_10397,,MidRevenue,LightAsset,North_America,HighTurnover,
comp_10398,,,LightAsset,North_America,,
comp_10399,,MidRevenue,LightAsset,North_America,MidTurnover,
comp_10400,,MidRevenue,LightAsset,North_America,MidTurnover,
comp_10401,,,LightAsset,North_America,,
comp_10402,,,LightAsset,North_America,,
comp_10403,,MidRevenue,LightAsset,North_America,HighTurnover,
comp_10404,,MidRevenue,LightAsset,North_America,MidTurnover,
comp_10405,,MidRevenue,LightAsset,North_America,HighTurnover,
comp_10406,,MidRevenue,LightAsset,North_America,HighTurnover,
comp_10407,,MidRevenue,LightAsset,North_America,MidTurnover,
comp_10408,,MidRevenue,LightAsset,North_America,MidTurnover,
comp_10409,,MidRevenue,LightAsset,North_America,MidTurnover,
comp_10410,,,LightAsset,North_America,,
comp_10411,,MidRevenue,LightAsset,North_America,MidTurnover,
comp_10412,,,LightAsset,North_America,,
comp_10413,,MidRevenue,LightAsset,North_America,LowTurnover,
comp_10414,,MidRevenue,LightAsset,North_America,HighTurnover,
comp_10415,,,LightAsset,North_America,,
comp_10416,,,LightAsset,North_America,,
comp_10417,,MidRevenue,LightAsset,North_America,HighTurnover,
comp_10418,,UpperRevenue,LightAsset,North_America,HighTurnover,
comp_10419,,MidRevenue,LightAsset,North_America,MidTurnover,
comp_10420,,,LightAsset,North_America,,
comp_10421,,MidRevenue,LightAsset,North_America,MidTurnover,
comp_10422,,,LightAsset,North_America,,
comp_10423,,,LightAsset,North_America,,
comp_10424,,MidRevenue,LightAsset,North_America,HighTurnover,
comp_10425,,MidRevenue,LightAsset,North_America,MidTurnover,
comp_10426,,MidRevenue,LightAsset,North_America,MidTurnover,
comp_10427,,,LightAsset,North_America,,
comp_10428,,LowRevenue,LightAsset,North_America,LowTurnover,
comp_10429,,,LightAsset,North_America,,
comp_10430,,LowRevenue,LightAsset,North_America,LowTurnover,
comp_10431,,,LightAsset,North_America,,
comp_10432,,MidRevenue,LightAsset,North_America,HighTurnover,
comp_10433,,MidRevenue,LightAsset,North_America,MidTurnover,
comp_10434,,MidRevenue,LightAsset,North_America,HighTurnover,
comp_10435,,MidRevenue,LightAsset,North_America,MidTurnover,
comp_10436,,,LightAsset,North_America,,
comp_10437,,,LightAsset,North_America,,
comp_10438,,MidRevenue,LightAsset,North_America,HighTurnover,
comp_10439,,LowRevenue,LightAsset,North_America,LowTurnover,
comp_10440,,,LightAsset,North_America,,
comp_10441,,,LightAsset,North_America,,
comp_10442,,VeryLowRevenue,LightAsset,North_America,LowTurnover,
comp_10443,,VeryLowRevenue,LightAsset,North_America,LowTurnover,
comp_10444,,MidRevenue,LightAsset,North_America,MidTurnover,
comp_10445,,VeryLowRevenue,LightAsset,North_America,LowTurnover,
comp_10446,,MidRevenue,LightAsset,North_America,MidTurnover,
comp_10447,,VeryLowRevenue,LightAsset,North_America,LowTurnover,
comp_10448,,,LightAsset,North_America,,
comp_10449,,LowRevenue,LightAsset,North_America,MidTurnover,
comp_10450,,,LightAsset,North_America,,
comp_10451,,LowRevenue,LightAsset,North_America,LowTurnover,
comp_10452,,,LightAsset,North_America,,
comp_10453,,,LightAsset,North_America,,
comp_10454,,,LightAsset,North_America,,
comp_10455,,LowRevenue,LightAsset,North_America,LowTurnover,
comp_10456,,MidRevenue,LightAsset,North_America,HighTurnover,
comp_10457,,LowRevenue,LightAsset,North_America,LowTurnover,
comp_10458,,LowRevenue,LightAsset,North_America,LowTurnover,
comp_10459,,,LightAsset,North_America,,
comp_10460,,LowRevenue,LightAsset,North_America,LowTurnover,
comp_10461,,MidRevenue,LightAsset,North_America,MidTurnover,
comp_10462,,,LightAsset,North_America,,
comp_10463,,MidRevenue,LightAsset,North_America,HighTurnover,
comp_10464,,,LightAsset,North_America,,
comp_10465,,LowRevenue,LightAsset,North_America,LowTurnover,
comp_10466,,,LightAsset,North_America,,
comp_10467,,LowRevenue,LightAsset,North_America,MidTurnover,
comp_10468,,MidRevenue,LightAsset,North_America,HighTurnover,
comp_10469,,MidRevenue,LightAsset,North_America,MidTurnover,
comp_10470,,MidRevenue,LightAsset,North_America,MidTurnover,
comp_10471,,LowRevenue,LightAsset,North_America,MidTurnover,
comp_10472,,,LightAsset,North_America,,
comp_10473,,MidRevenue,LightAsset,North_America,MidTurnover,
comp_10474,,VeryLowRevenue,LightAsset,North_America,LowTurnover,
comp_10475,,VeryLowRevenue,LightAsset,North_America,LowTurnover,
comp_10476,,MidRevenue,LightAsset,North_America,HighTurnover,
comp_10477,,,LightAsset,North_America,,
comp_10478,,LowRevenue,LightAsset,North_America,LowTurnover,
comp_10479,,LowRevenue,LightAsset,North_America,MidTurnover,
comp_10480,,,LightAsset,North_America,,
comp_10481,,,LightAsset,North_America,,
comp_10482,,LowRevenue,LightAsset,North_America,MidTurnover,
comp_10483,,,LightAsset,North_America,,
comp_10484,,LowRevenue,LightAsset,North_America,MidTurnover,
comp_10485,,MidRevenue,LightAsset,North_America,HighTurnover,
comp_10486,,VeryLowRevenue,LightAsset,North_America,LowTurnover,
comp_10487,,,LightAsset,North_America,,
comp_10488,,,LightAsset,North_America,,
comp_10489,,,LightAsset,North_America,,
comp_10490,,LowRevenue,LightAsset,North_America,LowTurnover,
comp_10491,,MidRevenue,LightAsset,North_America,HighTurnover,
comp_10492,,VeryLowRevenue,LightAsset,North_America,LowTurnover,
comp_10493,,,LightAsset,North_America,,
comp_10494,,LowRevenue,LightAsset,North_America,LowTurnover,
comp_10495,,LowRevenue,LightAsset,North_America,LowTurnover,
comp_10496,,,LightAsset,North_America,,
comp_10497,,,LightAsset,North_America,,
comp_10498,,LowRevenue,LightAsset,North_America,MidTurnover,
comp_10499,,LowRevenue,LightAsset,North_America,MidTurnover,
comp_10500,,,LightAsset,North_America,,
comp_10501,,,LightAsset,North_America,,
comp_10502,,LowRevenue,LightAsset,North_America,MidTurnover,
comp_10503,,VeryLowRevenue,LightAsset,North_America,LowTurnover,
comp_10504,,,LightAsset,North_America,,
comp_10505,,LowRevenue,LightAsset,North_America,MidTurnover,
comp_10506,,,LightAsset,North_America,,
comp_10507,,MidRevenue,LightAsset,North_America,HighTurnover,
comp_10508,,,LightAsset,North_America,,
comp_10509,,LowRevenue,LightAsset,North_America,MidTurnover,
comp_10510,,LowRevenue,LightAsset,North_America,LowTurnover,
comp_10511,,,LightAsset,North_America,,
comp_10512,,MidRevenue,LightAsset,North_America,HighTurnover,
comp_10513,,LowRevenue,LightAsset,North_America,MidTurnover,
comp_10514,,,LightAsset,North_America,,
comp_10515,,,LightAsset,North_America,,
comp_10516,,,LightAsset,North_America,,
comp_10517,,MidRevenue,LightAsset,North_America,HighTurnover,
comp_10518,,,LightAsset,North_America,,
comp_10519,,LowRevenue,LightAsset,North_America,MidTurnover,
comp_10520,,MidRevenue,LightAsset,North_America,HighTurnover,
comp_10521,,,LightAsset,North_America,,
comp_10522,,,LightAsset,North_America,,
comp_10523,,LowRevenue,LightAsset,North_America,MidTurnover,
comp_10524,,MidRevenue,LightAsset,North_America,HighTurnover,
comp_10525,,,LightAsset,North_America,,
comp_10526,,LowRevenue,LightAsset,North_America,MidTurnover,
comp_10527,,LowRevenue,LightAsset,North_America,MidTurnover,
comp_10528,,,LightAsset,North_America,,
comp_10529,,,LightAsset,North_America,,
comp_10530,,,LightAsset,North_America,,
comp_10531,,,LightAsset,North_America,,
comp_10532,,LowRevenue,LightAsset,North_America,LowTurnover,
comp_10533,,,LightAsset,North_America,,
comp_10534,,LowRevenue,LightAsset,North_America,MidTurnover,
comp_10535,,VeryLowRevenue,LightAsset,North_America,LowTurnover,
comp_10536,,MidRevenue,LightAsset,North_America,HighTurnover,
comp_10537,,LowRevenue,LightAsset,North_America,MidTurnover,
comp_10538,,,LightAsset,North_America,,
comp_10539,,,LightAsset,North_America,,
comp_10540,,MidRevenue,LightAsset,North_America,HighTurnover,
comp_10541,,LowRevenue,LightAsset,North_America,LowTurnover,
comp_10542,,,LightAsset,North_America,,
comp_10543,,,LightAsset,North_America,,
comp_10544,,MidRevenue,LightAsset,North_America,HighTurnover,
comp_10545,,LowRevenue,LightAsset,North_America,LowTurnover,
comp_10546,,,LightAsset,North_America,,
comp_10547,,,LightAsset,North_America,,
comp_10548,,,MicroAsset,North_America,,
comp_10549,,,MicroAsset,North_America,,
comp_10550,,,MicroAsset,North_America,,
comp_10551,,VeryLowRevenue,MicroAsset,North_America,LowTurnover,
comp_10552,,,MicroAsset,North_America,,
comp_10553,,LowRevenue,MicroAsset,North_America,MidTurnover,
comp_10554,,,MicroAsset,North_America,,
comp_10555,,,MicroAsset,North_America,,
comp_10556,,,MicroAsset,North_America,,
comp_10557,,,MicroAsset,North_America,,
comp_10558,,,MicroAsset,North_America,,
comp_10559,,,MicroAsset,North_America,,
comp_10560,,,MicroAsset,North_America,,
comp_10561,,,MicroAsset,North_America,,
comp_10562,,,MicroAsset,North_America,,
comp_10563,,,MicroAsset,North_America,,
comp_10564,,LowRevenue,MicroAsset,North_America,HighTurnover,
comp_10565,,MidRevenue,MicroAsset,North_America,HighTurnover,
comp_10566,,,MicroAsset,North_America,,
comp_10567,,,MicroAsset,North_America,,
comp_10568,,,MicroAsset,North_America,,
comp_10569,,MidRevenue,MicroAsset,North_America,HighTurnover,
comp_10570,,,MicroAsset,North_America,,
comp_10571,,,MicroAsset,North_America,,
comp_10572,,,MicroAsset,North_America,,
comp_10573,,LowRevenue,MicroAsset,North_America,HighTurnover,
comp_10574,,LowRevenue,MicroAsset,North_America,MidTurnover,
comp_10575,,,MicroAsset,North_America,,
comp_10576,,,MicroAsset,North_America,,
comp_10577,,VeryLowRevenue,MicroAsset,North_America,LowTurnover,
comp_10578,,VeryLowRevenue,MicroAsset,North_America,LowTurnover,
comp_10579,,,MicroAsset,North_America,,
comp_10580,,LowRevenue,MicroAsset,North_America,MidTurnover,
comp_10581,,VeryLowRevenue,MicroAsset,North_America,LowTurnover,
comp_10582,,,MicroAsset,North_America,,
comp_10583,,VeryLowRevenue,MicroAsset,North_America,LowTurnover,
comp_10584,,,MicroAsset,North_America,,
comp_10585,,,MicroAsset,North_America,,
comp_10586,,LowRevenue,MicroAsset,North_America,LowTurnover,
comp_10587,,,MicroAsset,North_America,,
comp_10588,,,MicroAsset,North_America,,
comp_10589,,LowRevenue,MicroAsset,North_America,MidTurnover,
comp_10590,,LowRevenue,MicroAsset,North_America,LowTurnover,
comp_10591,,,MicroAsset,North_America,,
comp_10592,,,MicroAsset,North_America,,
comp_10593,,LowRevenue,MicroAsset,North_America,MidTurnover,
comp_10594,,LowRevenue,MicroAsset,North_America,MidTurnover,
comp_10595,,,MicroAsset,North_America,,
comp_10596,,,MicroAsset,North_America,,
comp_10597,,,MicroAsset,North_America,,
comp_10598,,,MicroAsset,North_America,,
comp_10599,,LowRevenue,MicroAsset,North_America,HighTurnover,
comp_10600,,,MicroAsset,North_America,,
comp_10601,,LowRevenue,MicroAsset,North_America,MidTurnover,
comp_10602,,,MicroAsset,North_America,,
comp_10603,,,MicroAsset,North_America,,
comp_10604,,,MicroAsset,North_America,,
comp_10605,,VeryLowRevenue,MicroAsset,North_America,LowTurnover,
comp_10606,,,MicroAsset,North_America,,
comp_10607,,,MicroAsset,North_America,,
comp_10608,,,MicroAsset,North_America,,
comp_10609,,VeryLowRevenue,MicroAsset,North_America,LowTurnover,
comp_10610,,LowRevenue,MicroAsset,North_America,HighTurnover,
comp_10611,,LowRevenue,MicroAsset,North_America,LowTurnover,
comp_10612,,,MicroAsset,North_America,,
comp_10613,,MidRevenue,MicroAsset,North_America,HighTurnover,
comp_10614,,,MicroAsset,North_America,,
comp_10615,,LowRevenue,MicroAsset,North_America,HighTurnover,
comp_10616,,,MicroAsset,North_America,,
comp_10617,,,MicroAsset,North_America,,
comp_10618,,,MicroAsset,North_America,,
comp_10619,,LowRevenue,MicroAsset,North_America,LowTurnover,
comp_10620,,VeryLowRevenue,MicroAsset,North_America,LowTurnover,
comp_10621,,VeryLowRevenue,MicroAsset,North_America,LowTurnover,
comp_10622,,VeryLowRevenue,MicroAsset,North_America,LowTurnover,
comp_10623,,,MicroAsset,North_America,,
comp_10624,,,MicroAsset,North_America,,
comp_10625,,,MicroAsset,North_America,,
comp_10626,,,MicroAsset,North_America,,
comp_10627,,,MicroAsset,North_America,,
comp_10628,,LowRevenue,MicroAsset,North_America,HighTurnover,
comp_10629,,,MicroAsset,North_America,,
comp_10630,,,MicroAsset,North_America,,
comp_10631,,,MicroAsset,North_America,,
comp_10632,,LowRevenue,MicroAsset,North_America,HighTurnover,
comp_10633,,,MicroAsset,North_America,,
comp_10634,,,MicroAsset,North_America,,
comp_10635,,,MicroAsset,North_America,,
comp_10636,,,MicroAsset,North_America,,
comp_10637,,LowRevenue,MicroAsset,North_America,HighTurnover,
comp_10638,,,MicroAsset,North_America,,
comp_10639,,,MicroAsset,North_America,,
comp_10640,,LowRevenue,MicroAsset,North_America,MidTurnover,
comp_10641,,LowRevenue,MicroAsset,North_America,MidTurnover,
comp_10642,,,MicroAsset,North_America,,
comp_10643,,,MicroAsset,North_America,,
comp_10644,,,MicroAsset,North_America,,
comp_10645,,,MicroAsset,North_America,,
comp_10646,,,MicroAsset,North_America,,
comp_10647,,LowRevenue,MicroAsset,North_America,MidTurnover,
comp_10648,,,MicroAsset,North_America,,
comp_10649,,LowRevenue,MicroAsset,North_America,MidTurnover,
comp_10650,,LowRevenue,MicroAsset,North_America,MidTurnover,
comp_10651,,VeryLowRevenue,MicroAsset,North_America,LowTurnover,
comp_10652,,VeryLowRevenue,MicroAsset,North_America,LowTurnover,
comp_10653,,,MicroAsset,North_America,,
comp_10654,,,MicroAsset,North_America,,
comp_10655,,LowRevenue,MicroAsset,North_America,MidTurnover,
comp_10656,,,MicroAsset,North_America,,
comp_10657,,,MicroAsset,North_America,,
comp_10658,,,MicroAsset,North_America,,
comp_10659,,VeryLowRevenue,MicroAsset,North_America,LowTurnover,
comp_10660,,,MicroAsset,North_America,,
comp_10661,,,MicroAsset,North_America,,
comp_10662,,,MicroAsset,North_America,,
comp_10663,,VeryLowRevenue,MicroAsset,North_America,LowTurnover,
comp_10664,,,MicroAsset,North_America,,
comp_10665,,LowRevenue,MicroAsset,North_America,LowTurnover,
comp_10666,,,MicroAsset,North_America,,
comp_10667,,LowRevenue,MicroAsset,North_America,LowTurnover,
comp_10668,,VeryLowRevenue,MicroAsset,North_America,LowTurnover,
comp_10669,,LowRevenue,MicroAsset,North_America,LowTurnover,
comp_10670,,,MicroAsset,North_America,,
comp_10671,,VeryLowRevenue,MicroAsset,North_America,LowTurnover,
comp_10672,,,MicroAsset,North_America,,
comp_10673,,LowRevenue,MicroAsset,North_America,MidTurnover,
comp_10674,,,MicroAsset,North_America,,
comp_10675,,,MicroAsset,North_America,,
comp_10676,,,MicroAsset,North_America,,
comp_10677,,,MicroAsset,North_America,,
comp_10678,,,MicroAsset,North_America,,
comp_10679,,,MicroAsset,North_America,,
comp_10680,,,MicroAsset,North_America,,
comp_10681,,,MicroAsset,North_America,,
comp_10682,,,MicroAsset,North_America,,
comp_10683,,,MicroAsset,North_America,,
comp_10684,,,MicroAsset,North_America,,
comp_10685,,VeryLowRevenue,MicroAsset,North_America,LowTurnover,
comp_10686,,,MicroAsset,North_America,,
comp_10687,,,MicroAsset,North_America,,
comp_10688,,VeryLowRevenue,MicroAsset,North_America,LowTurnover,
comp_10689,,LowRevenue,MicroAsset,North_America,HighTurnover,
comp_10690,,,MicroAsset,North_America,,
comp_10691,,,MicroAsset,North_America,,
comp_10692,,,MicroAsset,North_America,,
comp_10693,,,MicroAsset,North_America,,
comp_10694,,,MicroAsset,North_America,,
comp_10695,,VeryLowRevenue,MicroAsset,North_America,LowTurnover,
comp_10696,,VeryLowRevenue,MicroAsset,North_America,LowTurnover,
comp_10697,,,MicroAsset,North_America,,
comp_10698,,LowRevenue,MicroAsset,North_America,HighTurnover,
comp_10699,,LowRevenue,MicroAsset,North_America,HighTurnover,
comp_10700,,,MicroAsset,North_America,,
comp_10701,,LowRevenue,MicroAsset,North_America,HighTurnover,
comp_10702,,,MicroAsset,North_America,,
comp_10703,,,MicroAsset,North_America,,
comp_10704,,,MicroAsset,North_America,,
comp_10705,,,MicroAsset,North_America,,
comp_10706,,,MicroAsset,North_America,,
comp_10707,,,MicroAsset,North_America,,
comp_10708,,VeryLowRevenue,MicroAsset,North_America,LowTurnover,
comp_10709,,,MicroAsset,North_America,,
comp_10710,,,MicroAsset,North_America,,
comp_10711,,VeryLowRevenue,MicroAsset,North_America,LowTurnover,
comp_10712,,,MicroAsset,North_America,,
comp_10713,,,MicroAsset,North_America,,
comp_10714,,,MicroAsset,North_America,,
comp_10715,,,MicroAsset,North_America,,
comp_10716,,,MicroAsset,North_America,,
comp_10717,,,MicroAsset,North_America,,
comp_10718,,LowRevenue,MicroAsset,North_America,MidTurnover,
comp_10719,,,MicroAsset,North_America,,
comp_10720,,,MicroAsset,North_America,,
comp_10721,,,MicroAsset,North_America,,
comp_10722,,LowRevenue,MicroAsset,North_America,MidTurnover,
comp_10723,,,MicroAsset,North_America,,
comp_10724,,,MicroAsset,North_America,,
comp_10725,,LowRevenue,MicroAsset,North_America,HighTurnover,
comp_10726,,,MicroAsset,North_America,,
comp_10727,,,MicroAsset,North_America,,
comp_10728,,,MicroAsset,North_America,,
comp_10729,,LowRevenue,MicroAsset,North_America,MidTurnover,
comp_10730,,,MicroAsset,North_America,,
comp_10731,,,MicroAsset,North_America,,
comp_10732,,,MicroAsset,North_America,,
comp_10733,,LowRevenue,MicroAsset,North_America,HighTurnover,
comp_10734,,,MicroAsset,North_America,,
comp_10735,,LowRevenue,MicroAsset,North_America,MidTurnover,
comp_10736,,,MicroAsset,North_America,,
comp_10737,,,MicroAsset,North_America,,
comp_10738,,,MicroAsset,North_America,,
comp_10739,,,MicroAsset,North_America,,
comp_10740,,LowRevenue,MicroAsset,North_America,HighTurnover,
comp_10741,,,MicroAsset,North_America,,
comp_10742,,VeryLowRevenue,MicroAsset,North_America,LowTurnover,
comp_10743,,,MicroAsset,North_America,,
comp_10744,,,MicroAsset,North_America,,
comp_10745,,,MicroAsset,North_America,,
comp_10746,,,MicroAsset,North_America,,
comp_10747,,,MicroAsset,North_America,,
comp_10748,,,MicroAsset,North_America,,
comp_10749,,,MicroAsset,North_America,,
comp_10750,,,MicroAsset,North_America,,
comp_10751,,VeryLowRevenue,MicroAsset,North_America,LowTurnover,
comp_10752,,,MicroAsset,North_America,,
comp_10753,,,MicroAsset,North_America,,
comp_10754,,,MicroAsset,North_America,,
comp_10755,,LowRevenue,MicroAsset,North_America,HighTurnover,
comp_10756,,VeryLowRevenue,MicroAsset,North_America,LowTurnover,
comp_10757,,VeryLowRevenue,MicroAsset,North_America,LowTurnover,
comp_10758,,,MicroAsset,North_America,,
comp_10759,,,MicroAsset,North_America,,
comp_10760,,VeryLowRevenue,MicroAsset,North_America,LowTurnover,
comp_10761,,,MicroAsset,North_America,,
comp_10762,,,MicroAsset,North_America,,
comp_10763,,,MicroAsset,North_America,,
comp_10764,,,MicroAsset,North_America,,
comp_10765,,,MicroAsset,North_America,,
comp_10766,,,MicroAsset,North_America,,
comp_10767,,,MicroAsset,North_America,,
comp_10768,,VeryLowRevenue,MicroAsset,North_America,LowTurnover,
comp_10769,,VeryLowRevenue,MicroAsset,North_America,LowTurnover,
comp_10770,,,MicroAsset,North_America,,
comp_10771,,,MicroAsset,North_America,,
comp_10772,,,MicroAsset,North_America,,
comp_10773,,,MicroAsset,North_America,,
comp_10774,,,MicroAsset,North_America,,
comp_10775,,LowRevenue,MicroAsset,North_America,HighTurnover,
comp_10776,,,MicroAsset,North_America,,
comp_10777,,,MicroAsset,North_America,,
comp_10778,,,MicroAsset,North_America,,
comp_10779,,,MicroAsset,North_America,,
comp_10780,,,MicroAsset,North_America,,
comp_10781,,VeryLowRevenue,MicroAsset,North_America,LowTurnover,
comp_10782,,VeryLowRevenue,MicroAsset,North_America,LowTurnover,
comp_10783,,VeryLowRevenue,MicroAsset,North_America,LowTurnover,
comp_10784,,VeryLowRevenue,MicroAsset,North_America,LowTurnover,
comp_10785,,,MicroAsset,North_America,,
comp_10786,,,MicroAsset,North_America,,
comp_10787,,VeryLowRevenue,MicroAsset,North_America,LowTurnover,
comp_10788,,,MicroAsset,North_America,,
comp_10789,,,MicroAsset,North_America,,
comp_10790,,,MicroAsset,North_America,,
comp_10791,,,MicroAsset,North_America,,
comp_10792,,LowRevenue,MicroAsset,North_America,MidTurnover,
comp_10793,,,MicroAsset,North_America,,
comp_10794,,,MicroAsset,North_America,,
comp_10795,,,MicroAsset,North_America,,
comp_10796,,,MicroAsset,North_America,,
comp_10797,,,MicroAsset,North_America,,
comp_10798,,,MicroAsset,North_America,,
comp_10799,,,MicroAsset,North_America,,
comp_10800,,,MicroAsset,North_America,,
comp_10801,,,MicroAsset,North_America,,
comp_10802,,,MicroAsset,North_America,,
comp_10803,,VeryLowRevenue,MicroAsset,North_America,LowTurnover,
comp_10804,,,MicroAsset,North_America,,
comp_10805,,,MicroAsset,North_America,,
comp_10806,,VeryLowRevenue,MicroAsset,North_America,LowTurnover,
comp_10807,,,MicroAsset,North_America,,
comp_10808,,,MicroAsset,North_America,,
comp_10809,,,MicroAsset,North_America,,
comp_10810,,,MicroAsset,North_America,,
comp_10811,,,MicroAsset,North_America,,
comp_10812,,,MicroAsset,North_America,,
comp_10813,,,MicroAsset,North_America,,
comp_10814,,,MicroAsset,North_America,,
comp_10815,,,MicroAsset,North_America,,
comp_10816,,,MicroAsset,North_America,,
comp_10817,,,MicroAsset,North_America,,
comp_10818,,,MicroAsset,North_America,,
comp_10819,,,MicroAsset,North_America,,
comp_10820,,,MicroAsset,North_America,,
comp_10821,,,MicroAsset,North_America,,
comp_10822,,,MicroAsset,North_America,,
comp_10823,,,MicroAsset,North_America,,
comp_10824,,VeryLowRevenue,MicroAsset,North_America,LowTurnover,
comp_10825,,,MicroAsset,North_America,,
comp_10826,,,MicroAsset,North_America,,
comp_10827,,,MicroAsset,North_America,,
comp_10828,,,MicroAsset,North_America,,
comp_10829,,,MicroAsset,North_America,,
comp_10830,,,MicroAsset,North_America,,
comp_10831,,,MicroAsset,North_America,,
comp_10832,,,MicroAsset,North_America,,
comp_10833,,LowRevenue,MicroAsset,North_America,HighTurnover,
comp_10834,,,MicroAsset,North_America,,
comp_10835,,,MicroAsset,North_America,,
comp_10836,,,MicroAsset,North_America,,
comp_10837,,VeryLowRevenue,MicroAsset,North_America,MidTurnover,
comp_10838,,,MicroAsset,North_America,,
comp_10839,,,MicroAsset,North_America,,
comp_10840,,,MicroAsset,North_America,,
comp_10841,,VeryLowRevenue,MicroAsset,North_America,LowTurnover,
comp_10842,,,MicroAsset,North_America,,
comp_10843,,VeryLowRevenue,MicroAsset,North_America,MidTurnover,
comp_10844,,,MicroAsset,North_America,,
comp_10845,,,MicroAsset,North_America,,
comp_10846,,,MicroAsset,North_America,,
comp_10847,,VeryLowRevenue,MicroAsset,North_America,LowTurnover,
comp_10848,,,MicroAsset,North_America,,
comp_10849,,LowRevenue,MicroAsset,North_America,MidTurnover,
comp_10850,,,MicroAsset,North_America,,
comp_10851,,,MicroAsset,North_America,,
comp_10852,,VeryLowRevenue,MicroAsset,North_America,LowTurnover,
comp_10853,,,MicroAsset,North_America,,
comp_10854,,,MicroAsset,North_America,,
comp_10855,,,MicroAsset,North_America,,
comp_10856,,,MicroAsset,North_America,,
comp_10857,,VeryLowRevenue,MicroAsset,North_America,LowTurnover,
comp_10858,,,MicroAsset,North_America,,
comp_10859,,VeryLowRevenue,MicroAsset,North_America,LowTurnover,
comp_10860,,,MicroAsset,North_America,,
comp_10861,,VeryLowRevenue,MicroAsset,North_America,LowTurnover,
comp_10862,,,MicroAsset,North_America,,
comp_10863,,,MicroAsset,North_America,,
comp_10864,,VeryLowRevenue,MicroAsset,North_America,LowTurnover,
comp_10865,,,MicroAsset,North_America,,
comp_10866,,VeryLowRevenue,MicroAsset,North_America,LowTurnover,
comp_10867,,,MicroAsset,North_America,,
comp_10868,,MidRevenue,MicroAsset,North_America,HighTurnover,
comp_10869,,,MicroAsset,North_America,,
comp_10870,,LowRevenue,MicroAsset,North_America,MidTurnover,
comp_10871,,,MicroAsset,North_America,,
comp_10872,,,MicroAsset,North_America,,
comp_10873,,,MicroAsset,North_America,,
comp_10874,,,MicroAsset,North_America,,
comp_10875,,,MicroAsset,North_America,,
comp_10876,,,MicroAsset,North_America,,
comp_10877,,VeryLowRevenue,MicroAsset,North_America,LowTurnover,
comp_10878,,VeryLowRevenue,MicroAsset,North_America,MidTurnover,
comp_10879,,VeryLowRevenue,MicroAsset,North_America,LowTurnover,
comp_10880,,,MicroAsset,North_America,,
comp_10881,,,MicroAsset,North_America,,
comp_10882,,,MicroAsset,North_America,,
comp_10883,,VeryLowRevenue,MicroAsset,North_America,MidTurnover,
comp_10884,,,MicroAsset,North_America,,
comp_10885,,LowRevenue,MicroAsset,North_America,MidTurnover,
comp_10886,,LowRevenue,MicroAsset,North_America,HighTurnover,
comp_10887,,,MicroAsset,North_America,,
comp_10888,,,MicroAsset,North_America,,
comp_10889,,,MicroAsset,North_America,,
comp_10890,,,MicroAsset,North_America,,
comp_10891,,,MicroAsset,North_America,,
comp_10892,,,MicroAsset,North_America,,
comp_10893,,VeryLowRevenue,MicroAsset,North_America,LowTurnover,
comp_10894,,,MicroAsset,North_America,,
comp_10895,,,MicroAsset,North_America,,
comp_10896,,,MicroAsset,North_America,,
comp_10897,,,MicroAsset,North_America,,
comp_10898,,,MicroAsset,North_America,,
comp_10899,,,MicroAsset,North_America,,
comp_10900,,,MicroAsset,North_America,,
comp_10901,,,MicroAsset,North_America,,
comp_10902,,,MicroAsset,North_America,,
comp_10903,,,MicroAsset,North_America,,
comp_10904,,,MicroAsset,North_America,,
comp_10905,,LowRevenue,MicroAsset,North_America,HighTurnover,
comp_10906,,,MicroAsset,North_America,,
comp_10907,,VeryLowRevenue,MicroAsset,North_America,LowTurnover,
comp_10908,,,MicroAsset,North_America,,
comp_10909,,,MicroAsset,North_America,,
comp_10910,,,MicroAsset,North_America,,
comp_10911,,VeryLowRevenue,MicroAsset,North_America,LowTurnover,
comp_10912,,,MicroAsset,North_America,,
comp_10913,,,MicroAsset,North_America,,
comp_10914,,,MicroAsset,North_America,,
comp_10915,,,MicroAsset,North_America,,
comp_10916,,,MicroAsset,North_America,,
comp_10917,,,MicroAsset,North_America,,
comp_10918,,,MicroAsset,North_America,,
comp_10919,,,MicroAsset,North_America,,
comp_10920,,,MicroAsset,North_America,,
comp_10921,,,MicroAsset,North_America,,
comp_10922,,,MicroAsset,North_America,,
comp_10923,,,MicroAsset,North_America,,
comp_10924,,,MicroAsset,North_America,,
comp_10925,,VeryLowRevenue,MicroAsset,North_America,HighTurnover,
comp_10926,,,MicroAsset,North_America,,
comp_10927,,,MicroAsset,North_America,,
comp_10928,,,MicroAsset,North_America,,
comp_10929,,VeryLowRevenue,MicroAsset,North_America,LowTurnover,
comp_10930,,,MicroAsset,North_America,,
comp_10931,,LowRevenue,MicroAsset,North_America,HighTurnover,
comp_10932,,,MicroAsset,North_America,,
comp_10933,,,MicroAsset,North_America,,
comp_10934,,,MicroAsset,North_America,,
comp_10935,,,MicroAsset,North_America,,
comp_10936,,VeryLowRevenue,MicroAsset,North_America,LowTurnover,
comp_10937,,,MicroAsset,North_America,,
comp_10938,,,MicroAsset,North_America,,
comp_10939,,,MicroAsset,North_America,,
comp_10940,,,MicroAsset,North_America,,
comp_10941,,VeryLowRevenue,MicroAsset,North_America,LowTurnover,
comp_10942,,,MicroAsset,North_America,,
comp_10943,,VeryLowRevenue,MicroAsset,North_America,LowTurnover,
comp_10944,,VeryLowRevenue,MicroAsset,North_America,LowTurnover,
comp_10945,,VeryLowRevenue,MicroAsset,North_America,LowTurnover,
comp_10946,,,MicroAsset,North_America,,
comp_10947,,,MicroAsset,North_America,,
comp_10948,,,MicroAsset,North_America,,
comp_10949,,,MicroAsset,North_America,,
comp_10950,,LowRevenue,MicroAsset,North_America,HighTurnover,
comp_10951,,VeryLowRevenue,MicroAsset,North_America,LowTurnover,
comp_10952,,,MicroAsset,North_America,,
comp_10953,,VeryLowRevenue,MicroAsset,North_America,LowTurnover,
comp_10954,,,MicroAsset,North_America,,
comp_10955,,,MicroAsset,North_America,,
comp_10956,,,MicroAsset,North_America,,
comp_10957,,,MicroAsset,North_America,,
comp_10958,,,MicroAsset,North_America,,
comp_10959,,,MicroAsset,North_America,,
comp_10960,,VeryLowRevenue,MicroAsset,North_America,MidTurnover,
comp_10961,,,MicroAsset,North_America,,
comp_10962,,,MicroAsset,North_America,,
comp_10963,,VeryLowRevenue,MicroAsset,North_America,LowTurnover,
comp_10964,,,MicroAsset,North_America,,
comp_10965,,VeryLowRevenue,MicroAsset,North_America,MidTurnover,
comp_10966,,VeryLowRevenue,MicroAsset,North_America,LowTurnover,
comp_10967,,,MicroAsset,North_America,,
comp_10968,,,MicroAsset,North_America,,
comp_10969,,,MicroAsset,North_America,,
comp_10970,,VeryLowRevenue,MicroAsset,North_America,LowTurnover,
comp_10971,,,MicroAsset,North_America,,
comp_10972,,,MicroAsset,North_America,,
comp_10973,,,MicroAsset,North_America,,
comp_10974,,,MicroAsset,North_America,,
comp_10975,,,MicroAsset,North_America,,
comp_10976,,VeryLowRevenue,MicroAsset,North_America,MidTurnover,
comp_10977,,VeryLowRevenue,MicroAsset,North_America,MidTurnover,
comp_10978,,LowRevenue,MicroAsset,North_America,HighTurnover,
comp_10979,,VeryLowRevenue,MicroAsset,North_America,LowTurnover,
comp_10980,,VeryLowRevenue,MicroAsset,North_America,LowTurnover,
comp_10981,,,MicroAsset,North_America,,
comp_10982,,,MicroAsset,North_America,,
comp_10983,,,MicroAsset,North_America,,
comp_10984,,LowRevenue,MicroAsset,North_America,HighTurnover,
comp_10985,,,MicroAsset,North_America,,
comp_10986,,,MicroAsset,North_America,,
comp_10987,,,MicroAsset,North_America,,
comp_10988,,,MicroAsset,North_America,,
comp_10989,,VeryLowRevenue,MicroAsset,North_America,LowTurnover,
comp_10990,,,MicroAsset,North_America,,
comp_10991,,,MicroAsset,North_America,,
comp_10992,,VeryLowRevenue,MicroAsset,North_America,MidTurnover,
comp_10993,,,MicroAsset,North_America,,
comp_10994,,,MicroAsset,North_America,,
comp_10995,,,MicroAsset,North_America,,
comp_10996,,,MicroAsset,North_America,,
comp_10997,,VeryLowRevenue,MicroAsset,North_America,LowTurnover,
comp_10998,,,MicroAsset,North_America,,
comp_10999,,,MicroAsset,North_America,,
comp_11000,,,MicroAsset,North_America,,
comp_11001,,,MicroAsset,North_America,,
comp_11002,,,MicroAsset,North_America,,
comp_11003,,,MicroAsset,North_America,,
comp_11004,,VeryLowRevenue,MicroAsset,North_America,LowTurnover,
comp_11005,,,MicroAsset,North_America,,
comp_11006,,,MicroAsset,North_America,,
comp_11007,,,MicroAsset,North_America,,
comp_11008,,VeryLowRevenue,MicroAsset,North_America,LowTurnover,
comp_11009,,,MicroAsset,North_America,,
comp_11010,,,MicroAsset,North_America,,
comp_11011,,VeryLowRevenue,MicroAsset,North_America,HighTurnover,
comp_11012,,,MicroAsset,North_America,,
comp_11013,,,MicroAsset,North_America,,
comp_11014,,,MicroAsset,North_America,,
comp_11015,,,MicroAsset,North_America,,
comp_11016,,,MicroAsset,North_America,,
comp_11017,,,MicroAsset,North_America,,
comp_11018,,VeryLowRevenue,MicroAsset,North_America,LowTurnover,
comp_11019,,,MicroAsset,North_America,,
comp_11020,,,MicroAsset,North_America,,
comp_11021,,,MicroAsset,North_America,,
comp_11022,,,MicroAsset,North_America,,
comp_11023,,,MicroAsset,North_America,,
comp_11024,,,MicroAsset,North_America,,
comp_11025,,VeryLowRevenue,MicroAsset,North_America,MidTurnover,
comp_11026,,VeryLowRevenue,MicroAsset,North_America,LowTurnover,
comp_11027,,,MicroAsset,North_America,,
comp_11028,,,MicroAsset,North_America,,
comp_11029,,,MicroAsset,North_America,,
comp_11030,,VeryLowRevenue,MicroAsset,North_America,LowTurnover,
comp_11031,,,MicroAsset,North_America,,
comp_11032,,VeryLowRevenue,MicroAsset,North_America,MidTurnover,
comp_11033,,VeryLowRevenue,MicroAsset,North_America,LowTurnover,
comp_11034,,,MicroAsset,North_America,,
comp_11035,,VeryLowRevenue,MicroAsset,North_America,MidTurnover,
comp_11036,,,MicroAsset,North_America,,
comp_11037,,VeryLowRevenue,MicroAsset,North_America,LowTurnover,
comp_11038,,,MicroAsset,North_America,,
comp_11039,,,MicroAsset,North_America,,
comp_11040,,,MicroAsset,North_America,,
comp_11041,,VeryLowRevenue,MicroAsset,North_America,LowTurnover,
comp_11042,,,MicroAsset,North_America,,
comp_11043,,VeryLowRevenue,MicroAsset,North_America,LowTurnover,
comp_11044,,VeryLowRevenue,MicroAsset,North_America,HighTurnover,
comp_11045,,,MicroAsset,North_America,,
comp_11046,,VeryLowRevenue,MicroAsset,North_America,LowTurnover,
comp_11047,,,MicroAsset,North_America,,
comp_11048,,,MicroAsset,North_America,,
comp_11049,,LowRevenue,MicroAsset,North_America,HighTurnover,
comp_11050,,,MicroAsset,North_America,,
comp_11051,,,MicroAsset,North_America,,
comp_11052,,VeryLowRevenue,MicroAsset,North_America,HighTurnover,
comp_11053,,,MicroAsset,North_America,,
comp_11054,,,MicroAsset,North_America,,
comp_11055,,,MicroAsset,North_America,,
comp_11056,,,MicroAsset,North_America,,
comp_11057,,,MicroAsset,North_America,,
comp_11058,,VeryLowRevenue,MicroAsset,North_America,MidTurnover,
comp_11059,,,MicroAsset,North_America,,
comp_11060,,,MicroAsset,North_America,,
comp_11061,,,MicroAsset,North_America,,
comp_11062,,VeryLowRevenue,MicroAsset,North_America,LowTurnover,
comp_11063,,,MicroAsset,North_America,,
comp_11064,,,MicroAsset,North_America,,
comp_11065,,,MicroAsset,North_America,,
comp_11066,,VeryLowRevenue,MicroAsset,North_America,LowTurnover,
comp_11067,,,MicroAsset,North_America,,
comp_11068,,,MicroAsset,North_America,,
comp_11069,,,MicroAsset,North_America,,
comp_11070,,,MicroAsset,North_America,,
comp_11071,,,MicroAsset,North_America,,
comp_11072,,,MicroAsset,North_America,,
comp_11073,,,MicroAsset,North_America,,
comp_11074,,,MicroAsset,North_America,,
comp_11075,,,MicroAsset,North_America,,
comp_11076,,,MicroAsset,North_America,,
comp_11077,,VeryLowRevenue,MicroAsset,North_America,LowTurnover,
comp_11078,,,MicroAsset,North_America,,
comp_11079,,,MicroAsset,North_America,,
comp_11080,,,MicroAsset,North_America,,
comp_11081,,VeryLowRevenue,MicroAsset,North_America,LowTurnover,
comp_11082,,,MicroAsset,North_America,,
comp_11083,,,MicroAsset,North_America,,
comp_11084,,,MicroAsset,North_America,,
comp_11085,,,MicroAsset,North_America,,
comp_11086,,,MicroAsset,North_America,,
comp_11087,,,MicroAsset,North_America,,
comp_11088,,,MicroAsset,North_America,,
comp_11089,,,MicroAsset,North_America,,
comp_11090,,VeryLowRevenue,MicroAsset,North_America,LowTurnover,
comp_11091,,VeryLowRevenue,MicroAsset,North_America,MidTurnover,
comp_11092,,VeryLowRevenue,MicroAsset,North_America,LowTurnover,
comp_11093,,,MicroAsset,North_America,,
comp_11094,,,MicroAsset,North_America,,
comp_11095,,,MicroAsset,North_America,,
comp_11096,,,MicroAsset,North_America,,
comp_11097,,,MicroAsset,North_America,,
comp_11098,,,MicroAsset,North_America,,
comp_11099,,,MicroAsset,North_America,,
comp_11100,,,MicroAsset,North_America,,
comp_11101,,VeryLowRevenue,MicroAsset,North_America,HighTurnover,
comp_11102,,VeryLowRevenue,MicroAsset,North_America,LowTurnover,
comp_11103,,,MicroAsset,North_America,,
comp_11104,,,MicroAsset,North_America,,
comp_11105,,VeryLowRevenue,MicroAsset,North_America,MidTurnover,
comp_11106,,,MicroAsset,North_America,,
comp_11107,,,MicroAsset,North_America,,
comp_11108,,,MicroAsset,North_America,,
comp_11109,,,MicroAsset,North_America,,
comp_11110,,,MicroAsset,North_America,,
comp_11111,,VeryLowRevenue,MicroAsset,North_America,HighTurnover,
comp_11112,,VeryLowRevenue,MicroAsset,North_America,LowTurnover,
comp_11113,,VeryLowRevenue,MicroAsset,North_America,LowTurnover,
comp_11114,,VeryLowRevenue,MicroAsset,North_America,LowTurnover,
comp_11115,,VeryLowRevenue,MicroAsset,North_America,HighTurnover,
comp_11116,,,MicroAsset,North_America,,
comp_11117,,,MicroAsset,North_America,,
comp_11118,,,MicroAsset,North_America,,
comp_11119,,,MicroAsset,North_America,,
comp_11120,,,MicroAsset,North_America,,
comp_11121,,,MicroAsset,North_America,,
comp_11122,,VeryLowRevenue,MicroAsset,North_America,LowTurnover,
comp_11123,,,MicroAsset,North_America,,
comp_11124,,,MicroAsset,North_America,,
comp_11125,,,MicroAsset,North_America,,
comp_11126,,,MicroAsset,North_America,,
comp_11127,,,MicroAsset,North_America,,
comp_11128,,,MicroAsset,North_America,,
comp_11129,,,MicroAsset,North_America,,
comp_11130,,,MicroAsset,North_America,,
comp_11131,,,MicroAsset,North_America,,
comp_11132,,VeryLowRevenue,MicroAsset,North_America,LowTurnover,
comp_11133,,,MicroAsset,North_America,,
comp_11134,,VeryLowRevenue,MicroAsset,North_America,MidTurnover,
comp_11135,,,MicroAsset,North_America,,
comp_11136,,,MicroAsset,North_America,,
comp_11137,,,MicroAsset,North_America,,
comp_11138,,,MicroAsset,North_America,,
comp_11139,,,MicroAsset,North_America,,
comp_11140,,VeryLowRevenue,MicroAsset,North_America,LowTurnover,
comp_11141,,,MicroAsset,North_America,,
comp_11142,,,MicroAsset,North_America,,
comp_11143,,,MicroAsset,North_America,,
comp_11144,,VeryLowRevenue,MicroAsset,North_America,LowTurnover,
comp_11145,,,MicroAsset,North_America,,
comp_11146,,,MicroAsset,North_America,,
comp_11147,,,MicroAsset,North_America,,
comp_11148,,,MicroAsset,North_America,,
comp_11149,,VeryLowRevenue,MicroAsset,North_America,MidTurnover,
comp_11150,,,MicroAsset,North_America,,
comp_11151,,,MicroAsset,North_America,,
comp_11152,,VeryLowRevenue,MicroAsset,North_America,LowTurnover,
comp_11153,,,MicroAsset,North_America,,
comp_11154,,VeryLowRevenue,MicroAsset,North_America,HighTurnover,
comp_11155,,,MicroAsset,North_America,,
comp_11156,,,MicroAsset,North_America,,
comp_11157,,,MicroAsset,North_America,,
comp_11158,,,MicroAsset,North_America,,
comp_11159,,VeryLowRevenue,MicroAsset,North_America,LowTurnover,
comp_11160,,,MicroAsset,North_America,,
comp_11161,,,MicroAsset,North_America,,
comp_11162,,,MicroAsset,North_America,,
comp_11163,,,MicroAsset,North_America,,
comp_11164,,,MicroAsset,North_America,,
comp_11165,,VeryLowRevenue,MicroAsset,North_America,LowTurnover,
comp_11166,,,MicroAsset,North_America,,
comp_11167,,,MicroAsset,North_America,,
comp_11168,,,MicroAsset,North_America,,
comp_11169,,MidRevenue,MicroAsset,North_America,HighTurnover,
comp_11170,,,MicroAsset,North_America,,
comp_11171,,,MicroAsset,North_America,,
comp_11172,,,MicroAsset,North_America,,
comp_11173,,VeryLowRevenue,MicroAsset,North_America,LowTurnover,
comp_11174,,VeryLowRevenue,MicroAsset,North_America,LowTurnover,
comp_11175,,,MicroAsset,North_America,,
comp_11176,,VeryLowRevenue,MicroAsset,North_America,LowTurnover,
comp_11177,,,MicroAsset,North_America,,
comp_11178,,VeryLowRevenue,MicroAsset,North_America,MidTurnover,
comp_11179,,,MicroAsset,North_America,,
comp_11180,,,MicroAsset,North_America,,
comp_11181,,VeryLowRevenue,MicroAsset,North_America,LowTurnover,
comp_11182,,,MicroAsset,North_America,,
comp_11183,,,MicroAsset,North_America,,
comp_11184,,,MicroAsset,North_America,,
comp_11185,,,MicroAsset,North_America,,
comp_11186,,,MicroAsset,North_America,,
comp_11187,,,MicroAsset,North_America,,
comp_11188,,VeryLowRevenue,MicroAsset,North_America,LowTurnover,
comp_11189,,,MicroAsset,North_America,,
comp_11190,,,MicroAsset,North_America,,
comp_11191,,,MicroAsset,North_America,,
comp_11192,,,MicroAsset,North_America,,
comp_11193,,,MicroAsset,North_America,,
comp_11194,,,MicroAsset,North_America,,
comp_11195,,VeryLowRevenue,MicroAsset,North_America,LowTurnover,
comp_11196,,,MicroAsset,North_America,,
comp_11197,,VeryLowRevenue,MicroAsset,North_America,MidTurnover,
comp_11198,,,MicroAsset,North_America,,
comp_11199,,,MicroAsset,North_America,,
comp_11200,,,MicroAsset,North_America,,
comp_11201,,VeryLowRevenue,MicroAsset,North_America,LowTurnover,
comp_11202,,,MicroAsset,North_America,,
comp_11203,,,MicroAsset,North_America,,
comp_11204,,,MicroAsset,North_America,,
comp_11205,,,MicroAsset,North_America,,
comp_11206,,,MicroAsset,North_America,,
comp_11207,,,MicroAsset,North_America,,
comp_11208,,,MicroAsset,North_America,,
comp_11209,,,MicroAsset,North_America,,
comp_11210,,VeryLowRevenue,MicroAsset,North_America,LowTurnover,
comp_11211,,,MicroAsset,North_America,,
comp_11212,,,MicroAsset,North_America,,
comp_11213,,,MicroAsset,North_America,,
comp_11214,,,MicroAsset,North_America,,
comp_11215,,,MicroAsset,North_America,,
comp_11216,,VeryLowRevenue,MicroAsset,North_America,MidTurnover,
comp_11217,,,MicroAsset,North_America,,
comp_11218,,,MicroAsset,North_America,,
comp_11219,,,MicroAsset,North_America,,
comp_11220,,,MicroAsset,North_America,,
comp_11221,,,MicroAsset,North_America,,
comp_11222,,,MicroAsset,North_America,,
comp_11223,,,MicroAsset,North_America,,
comp_11224,,,MicroAsset,North_America,,
comp_11225,,VeryLowRevenue,MicroAsset,North_America,LowTurnover,
comp_11226,,,MicroAsset,North_America,,
comp_11227,,VeryLowRevenue,MicroAsset,North_America,LowTurnover,
comp_11228,,VeryLowRevenue,MicroAsset,North_America,LowTurnover,
comp_11229,,,MicroAsset,North_America,,
comp_11230,,,MicroAsset,North_America,,
comp_11231,,,MicroAsset,North_America,,
comp_11232,,,MicroAsset,North_America,,
comp_11233,,,MicroAsset,North_America,,
comp_11234,,VeryLowRevenue,MicroAsset,North_America,HighTurnover,
comp_11235,,,MicroAsset,North_America,,
comp_11236,,,MicroAsset,North_America,,
comp_11237,,,MicroAsset,North_America,,
comp_11238,,,MicroAsset,North_America,,
comp_11239,,VeryLowRevenue,MicroAsset,North_America,HighTurnover,
comp_11240,,,MicroAsset,North_America,,
comp_11241,,,MicroAsset,North_America,,
comp_11242,,,MicroAsset,North_America,,
comp_11243,,,MicroAsset,North_America,,
comp_11244,,,MicroAsset,North_America,,
comp_11245,,,MicroAsset,North_America,,
comp_11246,,,MicroAsset,North_America,,
comp_11247,,,MicroAsset,North_America,,
comp_11248,,,MicroAsset,North_America,,
comp_11249,,,MicroAsset,North_America,,
comp_11250,,,MicroAsset,North_America,,
comp_11251,,,MicroAsset,North_America,,
comp_11252,,,MicroAsset,North_America,,
comp_11253,,,MicroAsset,North_America,,
comp_11254,,VeryLowRevenue,MicroAsset,North_America,LowTurnover,
comp_11255,,,MicroAsset,North_America,,
comp_11256,,,MicroAsset,North_America,,
comp_11257,,,MicroAsset,North_America,,
comp_11258,,,MicroAsset,North_America,,
comp_11259,,,MicroAsset,North_America,,
comp_11260,,,MicroAsset,North_America,,
comp_11261,,,MicroAsset,North_America,,
comp_11262,,VeryLowRevenue,MicroAsset,North_America,HighTurnover,
comp_11263,,,MicroAsset,North_America,,
comp_11264,,,MicroAsset,North_America,,
comp_11265,,,MicroAsset,North_America,,
comp_11266,,VeryLowRevenue,MicroAsset,North_America,LowTurnover,
comp_11267,,VeryLowRevenue,MicroAsset,North_America,HighTurnover,
comp_11268,,VeryLowRevenue,MicroAsset,North_America,LowTurnover,
comp_11269,,,MicroAsset,North_America,,
comp_11270,,VeryLowRevenue,MicroAsset,North_America,LowTurnover,
comp_11271,,VeryLowRevenue,MicroAsset,North_America,LowTurnover,
comp_11272,,,MicroAsset,North_America,,
comp_11273,,,MicroAsset,North_America,,
comp_11274,,,MicroAsset,North_America,,
comp_11275,,,MicroAsset,North_America,,
comp_11276,,,MicroAsset,North_America,,
comp_11277,,,MicroAsset,North_America,,
comp_11278,,,MicroAsset,North_America,,
comp_11279,,,MicroAsset,North_America,,
comp_11280,,,MicroAsset,North_America,,
comp_11281,,,MicroAsset,North_America,,
comp_11282,,,MicroAsset,North_America,,
comp_11283,,VeryLowRevenue,MicroAsset,North_America,LowTurnover,
comp_11284,,,MicroAsset,North_America,,
comp_11285,,,MicroAsset,North_America,,
comp_11286,,VeryLowRevenue,MicroAsset,North_America,HighTurnover,
comp_11287,,,MicroAsset,North_America,,
comp_11288,,VeryLowRevenue,MicroAsset,North_America,HighTurnover,
comp_11289,,,MicroAsset,North_America,,
comp_11290,,,MicroAsset,North_America,,
comp_11291,,,MicroAsset,North_America,,
comp_11292,,,MicroAsset,North_America,,
comp_11293,,,MicroAsset,North_America,,
comp_11294,,,MicroAsset,North_America,,
comp_11295,,,MicroAsset,North_America,,
comp_11296,,,MicroAsset,North_America,,
comp_11297,,,MicroAsset,North_America,,
comp_11298,,,MicroAsset,North_America,,
comp_11299,,,MicroAsset,North_America,,
comp_11300,,,MicroAsset,North_America,,
comp_11301,,,MicroAsset,North_America,,
comp_11302,,,MicroAsset,North_America,,
comp_11303,,,MicroAsset,North_America,,
comp_11304,,,MicroAsset,North_America,,
comp_11305,,,MicroAsset,North_America,,
comp_11306,,,MicroAsset,North_America,,
comp_11307,,,MicroAsset,North_America,,
comp_11308,,,MicroAsset,North_America,,
comp_11309,,,MicroAsset,North_America,,
comp_11310,,,MicroAsset,North_America,,
comp_11311,,,MicroAsset,North_America,,
comp_11312,,,MicroAsset,North_America,,
comp_11313,,,MicroAsset,North_America,,
comp_11314,,,MicroAsset,North_America,,
comp_11315,,,MicroAsset,North_America,,
comp_11316,,,MicroAsset,North_America,,
comp_11317,,,MicroAsset,North_America,,
comp_11318,,,MicroAsset,North_America,,
comp_11319,,VeryLowRevenue,MicroAsset,North_America,MidTurnover,
comp_11320,,,MicroAsset,North_America,,
comp_11321,,,MicroAsset,North_America,,
comp_11322,,VeryLowRevenue,MicroAsset,North_America,LowTurnover,
comp_11323,,,MicroAsset,North_America,,
comp_11324,,,MicroAsset,North_America,,
comp_11325,,,MicroAsset,North_America,,
comp_11326,,,MicroAsset,North_America,,
comp_11327,,,MicroAsset,North_America,,
comp_11328,,,MicroAsset,North_America,,
comp_11329,,VeryLowRevenue,MicroAsset,North_America,MidTurnover,
comp_11330,,,MicroAsset,North_America,,
comp_11331,,,MicroAsset,North_America,,
comp_11332,,,MicroAsset,North_America,,
comp_11333,,,MicroAsset,North_America,,
comp_11334,,,MicroAsset,North_America,,
comp_11335,,,MicroAsset,North_America,,
comp_11336,,,MicroAsset,North_America,,
comp_11337,,VeryLowRevenue,MicroAsset,North_America,LowTurnover,
comp_11338,,,MicroAsset,North_America,,
comp_11339,,,MicroAsset,North_America,,
comp_11340,,,MicroAsset,North_America,,
comp_11341,,,MicroAsset,North_America,,
comp_11342,,,MicroAsset,North_America,,
comp_11343,,,MicroAsset,North_America,,
comp_11344,,,MicroAsset,North_America,,
comp_11345,,VeryLowRevenue,MicroAsset,North_America,HighTurnover,
comp_11346,,,MicroAsset,North_America,,
comp_11347,,VeryLowRevenue,MicroAsset,North_America,MidTurnover,
comp_11348,,,MicroAsset,North_America,,
comp_11349,,VeryLowRevenue,MicroAsset,North_America,LowTurnover,
comp_11350,,,MicroAsset,North_America,,
comp_11351,,,MicroAsset,North_America,,
comp_11352,,,MicroAsset,North_America,,
comp_11353,,,MicroAsset,North_America,,
comp_11354,,,MicroAsset,North_America,,
comp_11355,,,MicroAsset,North_America,,
comp_11356,,,MicroAsset,North_America,,
comp_11357,,,MicroAsset,North_America,,
comp_11358,,VeryLowRevenue,MicroAsset,North_America,HighTurnover,
comp_11359,,,MicroAsset,North_America,,
comp_11360,,,MicroAsset,North_America,,
comp_11361,,VeryLowRevenue,MicroAsset,North_America,LowTurnover,
comp_11362,,,MicroAsset,North_America,,
comp_11363,,,MicroAsset,North_America,,
comp_11364,,,MicroAsset,North_America,,
comp_11365,,,MicroAsset,North_America,,
comp_11366,,,MicroAsset,North_America,,
comp_11367,,,MicroAsset,North_America,,
comp_11368,,VeryLowRevenue,MicroAsset,North_America,LowTurnover,
comp_11369,,,MicroAsset,North_America,,
comp_11370,,VeryLowRevenue,MicroAsset,North_America,HighTurnover,
comp_11371,,,MicroAsset,North_America,,
comp_11372,,,MicroAsset,North_America,,
comp_11373,,,MicroAsset,North_America,,
comp_11374,,VeryLowRevenue,MicroAsset,North_America,HighTurnover,
comp_11375,,,MicroAsset,North_America,,
comp_11376,,,MicroAsset,North_America,,
comp_11377,,,MicroAsset,North_America,,
comp_11378,,VeryLowRevenue,MicroAsset,North_America,LowTurnover,
comp_11379,,,MicroAsset,North_America,,
comp_11380,,,MicroAsset,North_America,,
comp_11381,,,MicroAsset,North_America,,
comp_11382,,,MicroAsset,North_America,,
comp_11383,,,MicroAsset,North_America,,
comp_11384,,,MicroAsset,North_America,,
comp_11385,,,MicroAsset,North_America,,
comp_11386,,VeryLowRevenue,MicroAsset,North_America,HighTurnover,
comp_11387,,,MicroAsset,North_America,,
comp_11388,,,MicroAsset,North_America,,
comp_11389,,VeryLowRevenue,MicroAsset,North_America,LowTurnover,
comp_11390,,,MicroAsset,North_America,,
comp_11391,,,MicroAsset,North_America,,
comp_11392,,,MicroAsset,North_America,,
comp_11393,,,MicroAsset,North_America,,
comp_11394,,,MicroAsset,North_America,,
comp_11395,,,MicroAsset,North_America,,
comp_11396,,,MicroAsset,North_America,,
comp_11397,,,MicroAsset,North_America,,
comp_11398,,,MicroAsset,North_America,,
comp_11399,,,MicroAsset,North_America,,
comp_11400,,,MicroAsset,North_America,,
comp_11401,,VeryLowRevenue,MicroAsset,North_America,HighTurnover,
comp_11402,,,MicroAsset,North_America,,
comp_11403,,,MicroAsset,North_America,,
comp_11404,,,MicroAsset,North_America,,
comp_11405,,,MicroAsset,North_America,,
comp_11406,,,MicroAsset,North_America,,
comp_11407,,,MicroAsset,North_America,,
comp_11408,,,MicroAsset,North_America,,
comp_11409,,,MicroAsset,North_America,,
comp_11410,,,MicroAsset,North_America,,
comp_11411,,,MicroAsset,North_America,,
comp_11412,,,MicroAsset,North_America,,
comp_11413,,,MicroAsset,North_America,,
comp_11414,,,MicroAsset,North_America,,
comp_11415,,,MicroAsset,North_America,,
comp_11416,,VeryLowRevenue,MicroAsset,North_America,HighTurnover,
comp_11417,,,MicroAsset,North_America,,
comp_11418,,VeryLowRevenue,MicroAsset,North_America,HighTurnover,
comp_11419,,,MicroAsset,North_America,,
comp_11420,,,MicroAsset,North_America,,
comp_11421,,,MicroAsset,North_America,,
comp_11422,,,MicroAsset,North_America,,
comp_11423,,,MicroAsset,North_America,,
comp_11424,,VeryLowRevenue,MicroAsset,North_America,LowTurnover,
comp_11425,,,MicroAsset,North_America,,
comp_11426,,VeryLowRevenue,MicroAsset,North_America,MidTurnover,
comp_11427,,,MicroAsset,North_America,,
comp_11428,,,MicroAsset,North_America,,
comp_11429,,,MicroAsset,North_America,,
comp_11430,,,MicroAsset,North_America,,
comp_11431,,VeryLowRevenue,MicroAsset,North_America,LowTurnover,
comp_11432,,,MicroAsset,North_America,,
comp_11433,,,MicroAsset,North_America,,
comp_11434,,,MicroAsset,North_America,,
comp_11435,,,MicroAsset,North_America,,
comp_11436,,,MicroAsset,North_America,,
comp_11437,,,MicroAsset,North_America,,
comp_11438,,,MicroAsset,North_America,,
comp_11439,,,MicroAsset,North_America,,
comp_11440,,,MicroAsset,North_America,,
comp_11441,,,MicroAsset,North_America,,
comp_11442,,,MicroAsset,North_America,,
comp_11443,,,MicroAsset,North_America,,
comp_11444,,,MicroAsset,North_America,,
comp_11445,,,MicroAsset,North_America,,
comp_11446,,,MicroAsset,North_America,,
comp_11447,,,MicroAsset,North_America,,
comp_11448,,,MicroAsset,North_America,,
comp_11449,,,MicroAsset,North_America,,
comp_11450,,,MicroAsset,North_America,,
comp_11451,,,MicroAsset,North_America,,
comp_11452,,,MicroAsset,North_America,,
comp_11453,,,MicroAsset,North_America,,
comp_11454,,,MicroAsset,North_America,,
comp_11455,,,MicroAsset,North_America,,
comp_11456,,,MicroAsset,North_America,,
comp_11457,,,MicroAsset,North_America,,
comp_11458,,,MicroAsset,North_America,,
comp_11459,,,MicroAsset,North_America,,
comp_11460,,,MicroAsset,North_America,,
comp_11461,,,MicroAsset,North_America,,
comp_11462,,,MicroAsset,North_America,,
comp_11463,,,MicroAsset,North_America,,
comp_11464,,,MicroAsset,North_America,,
comp_11465,,,MicroAsset,North_America,,
comp_11466,,VeryLowRevenue,MicroAsset,North_America,LowTurnover,
comp_11467,,,MicroAsset,North_America,,
comp_11468,,,MicroAsset,North_America,,
comp_11469,,,MicroAsset,North_America,,
comp_11470,,,MicroAsset,North_America,,
comp_11471,,,MicroAsset,North_America,,
comp_11472,,,MicroAsset,North_America,,
comp_11473,,,MicroAsset,North_America,,
comp_11474,,,MicroAsset,North_America,,
comp_11475,,,MicroAsset,North_America,,
comp_11476,,,MicroAsset,North_America,,
comp_11477,,,MicroAsset,North_America,,
comp_11478,,,MicroAsset,North_America,,
comp_11479,,,MicroAsset,North_America,,
comp_11480,,,MicroAsset,North_America,,
comp_11481,,,MicroAsset,North_America,,
comp_11482,,,MicroAsset,North_America,,
comp_11483,,,MicroAsset,North_America,,
comp_11484,,,MicroAsset,North_America,,
comp_11485,,,MicroAsset,North_America,,
comp_11486,,,MicroAsset,North_America,,
comp_11487,,,MicroAsset,North_America,,
comp_11488,,,MicroAsset,North_America,,
comp_11489,,,MicroAsset,North_America,,
comp_11490,,,MicroAsset,North_America,,
comp_11491,,,MicroAsset,North_America,,
comp_11492,,,MicroAsset,North_America,,
comp_11493,,,MicroAsset,North_America,,
comp_11494,,,MicroAsset,North_America,,
comp_11495,,VeryLowRevenue,MicroAsset,North_America,HighTurnover,
comp_11496,,,MicroAsset,North_America,,
comp_11497,,,MicroAsset,North_America,,
comp_11498,,,MicroAsset,North_America,,
comp_11499,,,MicroAsset,North_America,,
comp_11500,,,MicroAsset,North_America,,
comp_11501,,,MicroAsset,North_America,,
comp_11502,,,MicroAsset,North_America,,
comp_11503,,,MicroAsset,North_America,,
comp_11504,,VeryLowRevenue,MicroAsset,North_America,LowTurnover,
comp_11505,,,MicroAsset,North_America,,
comp_11506,,VeryLowRevenue,MicroAsset,North_America,LowTurnover,
comp_11507,,,MicroAsset,North_America,,
comp_11508,,,MicroAsset,North_America,,
comp_11509,,,MicroAsset,North_America,,
comp_11510,,,MicroAsset,North_America,,
comp_11511,,,MicroAsset,North_America,,
comp_11512,,,MicroAsset,North_America,,
comp_11513,,,MicroAsset,North_America,,
comp_11514,,,MicroAsset,North_America,,
comp_11515,,,MicroAsset,North_America,,
comp_11516,,,MicroAsset,North_America,,
comp_11517,,,MicroAsset,North_America,,
comp_11518,,,MicroAsset,North_America,,
comp_11519,,,MicroAsset,North_America,,
comp_11520,,,MicroAsset,North_America,,
comp_11521,,,MicroAsset,North_America,,
comp_11522,,,MicroAsset,North_America,,
comp_11523,,VeryLowRevenue,MicroAsset,North_America,LowTurnover,
comp_11524,,,MicroAsset,North_America,,
comp_11525,,,MicroAsset,North_America,,
comp_11526,,,MicroAsset,North_America,,
comp_11527,,,MicroAsset,North_America,,
comp_11528,,,MicroAsset,North_America,,
comp_11529,,VeryLowRevenue,MicroAsset,North_America,MidTurnover,
comp_11530,,,MicroAsset,North_America,,
comp_11531,,,MicroAsset,North_America,,
comp_11532,,,MicroAsset,North_America,,
comp_11533,,,MicroAsset,North_America,,
comp_11534,,,MicroAsset,North_America,,
comp_11535,,,MicroAsset,North_America,,
comp_11536,,,MicroAsset,North_America,,
comp_11537,,,MicroAsset,North_America,,
comp_11538,,,MicroAsset,North_America,,
comp_11539,,,MicroAsset,North_America,,
comp_11540,,,MicroAsset,North_America,,
comp_11541,,,MicroAsset,North_America,,
comp_11542,,VeryLowRevenue,MicroAsset,North_America,LowTurnover,
comp_11543,,,MicroAsset,North_America,,
comp_11544,,,MicroAsset,North_America,,
comp_11545,,,MicroAsset,North_America,,
comp_11546,,VeryLowRevenue,MicroAsset,North_America,HighTurnover,
comp_11547,,,MicroAsset,North_America,,
comp_11548,,,MicroAsset,North_America,,
comp_11549,,,MicroAsset,North_America,,
comp_11550,,,MicroAsset,North_America,,
comp_11551,,,MicroAsset,North_America,,
comp_11552,,,MicroAsset,North_America,,
comp_11553,,VeryLowRevenue,MicroAsset,North_America,LowTurnover,
comp_11554,,,MicroAsset,North_America,,
comp_11555,,,MicroAsset,North_America,,
comp_11556,,,MicroAsset,North_America,,
comp_11557,,,MicroAsset,North_America,,
comp_11558,,,MicroAsset,North_America,,
comp_11559,,,MicroAsset,North_America,,
comp_11560,,,MicroAsset,North_America,,
comp_11561,,,MicroAsset,North_America,,
comp_11562,,,MicroAsset,North_America,,
comp_11563,,,MicroAsset,North_America,,
comp_11564,,,MicroAsset,North_America,,
comp_11565,,,MicroAsset,North_America,,
comp_11566,,,MicroAsset,North_America,,
comp_11567,,,MicroAsset,North_America,,
comp_11568,,VeryLowRevenue,MicroAsset,North_America,LowTurnover,
comp_11569,,,MicroAsset,North_America,,
comp_11570,,,MicroAsset,North_America,,
comp_11571,,,MicroAsset,North_America,,
comp_11572,,LowRevenue,,North_America,,
comp_11573,,VeryLowRevenue,,North_America,,
comp_11574,,MidRevenue,,North_America,,
comp_11575,,VeryLowRevenue,,North_America,,
comp_11576,,UpperRevenue,LargeAsset,South_America,MidTurnover,
comp_11577,,UpperRevenue,MidAsset,South_America,HighTurnover,
comp_11578,,UpperRevenue,MidAsset,South_America,MidTurnover,
comp_11579,,UpperRevenue,MidAsset,South_America,HighTurnover,
comp_11580,,MidRevenue,LightAsset,South_America,MidTurnover,
comp_11581,,MidRevenue,LightAsset,South_America,MidTurnover,
comp_11582,,,MicroAsset,South_America,,
comp_11583,,,MicroAsset,South_America,,
comp_11584,,,MicroAsset,South_America,,
comp_11585,,,MicroAsset,South_America,,
comp_11586,,,MicroAsset,South_America,,
comp_11587,,LowRevenue,LightAsset,Other_Regions,LowTurnover,
comp_11588,,HighRevenue,LargeAsset,Asia,MidTurnover,
comp_11589,,UpperRevenue,LargeAsset,Asia,MidTurnover,
comp_11590,,UpperRevenue,LargeAsset,Asia,MidTurnover,
comp_11591,,UpperRevenue,LargeAsset,Asia,MidTurnover,
comp_11592,,UpperRevenue,MidAsset,Asia,MidTurnover,
comp_11593,,MidRevenue,MidAsset,Asia,LowTurnover,
comp_11594,,UpperRevenue,MidAsset,Asia,MidTurnover,
comp_11595,,UpperRevenue,MidAsset,Asia,MidTurnover,
comp_11596,,UpperRevenue,MidAsset,Asia,MidTurnover,
comp_11597,,MidRevenue,MidAsset,Asia,LowTurnover,
comp_11598,,UpperRevenue,MidAsset,Asia,MidTurnover,
comp_11599,,UpperRevenue,MidAsset,Asia,HighTurnover,
comp_11600,,MidRevenue,MidAsset,Asia,LowTurnover,
comp_11601,,MidRevenue,MidAsset,Asia,LowTurnover,
comp_11602,,UpperRevenue,MidAsset,Asia,HighTurnover,
comp_11603,,MidRevenue,MidAsset,Asia,MidTurnover,
comp_11604,,UpperRevenue,MidAsset,Asia,HighTurnover,
comp_11605,,UpperRevenue,MidAsset,Asia,HighTurnover,
comp_11606,,MidRevenue,MidAsset,Asia,LowTurnover,
comp_11607,,MidRevenue,MidAsset,Asia,LowTurnover,
comp_11608,,MidRevenue,MidAsset,Asia,MidTurnover,
comp_11609,,MidRevenue,MidAsset,Asia,HighTurnover,
comp_11610,,MidRevenue,MidAsset,Asia,LowTurnover,
comp_11611,,MidRevenue,MidAsset,Asia,LowTurnover,
comp_11612,,MidRevenue,LightAsset,Asia,MidTurnover,
comp_11613,,MidRevenue,LightAsset,Asia,MidTurnover,
comp_11614,,MidRevenue,LightAsset,Asia,MidTurnover,
comp_11615,,MidRevenue,LightAsset,Asia,MidTurnover,
comp_11616,,MidRevenue,LightAsset,Asia,LowTurnover,
comp_11617,,MidRevenue,LightAsset,Asia,LowTurnover,
comp_11618,,LowRevenue,LightAsset,Asia,LowTurnover,
comp_11619,,LowRevenue,LightAsset,Asia,LowTurnover,
comp_11620,,VeryLowRevenue,LightAsset,Asia,LowTurnover,
comp_11621,,MidRevenue,LightAsset,Asia,MidTurnover,
comp_11622,,LowRevenue,LightAsset,Asia,LowTurnover,
comp_11623,,MidRevenue,LightAsset,Asia,MidTurnover,
comp_11624,,MidRevenue,LightAsset,Asia,MidTurnover,
comp_11625,,VeryLowRevenue,LightAsset,Asia,LowTurnover,
comp_11626,,MidRevenue,LightAsset,Asia,MidTurnover,
comp_11627,,MidRevenue,LightAsset,Asia,HighTurnover,
comp_11628,,LowRevenue,LightAsset,Asia,LowTurnover,
comp_11629,,LowRevenue,LightAsset,Asia,LowTurnover,
comp_11630,,MidRevenue,LightAsset,Asia,MidTurnover,
comp_11631,,MidRevenue,LightAsset,Asia,HighTurnover,
comp_11632,,MidRevenue,LightAsset,Asia,HighTurnover,
comp_11633,,MidRevenue,LightAsset,Asia,HighTurnover,
comp_11634,,LowRevenue,LightAsset,Asia,LowTurnover,
comp_11635,,MidRevenue,LightAsset,Asia,MidTurnover,
comp_11636,,MidRevenue,LightAsset,Asia,HighTurnover,
comp_11637,,MidRevenue,LightAsset,Asia,HighTurnover,
comp_11638,,MidRevenue,LightAsset,Asia,LowTurnover,
comp_11639,,LowRevenue,LightAsset,Asia,LowTurnover,
comp_11640,,LowRevenue,LightAsset,Asia,LowTurnover,
comp_11641,,MidRevenue,LightAsset,Asia,MidTurnover,
comp_11642,,UpperRevenue,LightAsset,Asia,HighTurnover,
comp_11643,,VeryLowRevenue,LightAsset,Asia,LowTurnover,
comp_11644,,LowRevenue,LightAsset,Asia,LowTurnover,
comp_11645,,MidRevenue,LightAsset,Asia,MidTurnover,
comp_11646,,MidRevenue,LightAsset,Asia,HighTurnover,
comp_11647,,LowRevenue,LightAsset,Asia,LowTurnover,
comp_11648,,MidRevenue,LightAsset,Asia,HighTurnover,
comp_11649,,LowRevenue,LightAsset,Asia,LowTurnover,
comp_11650,,MidRevenue,LightAsset,Asia,MidTurnover,
comp_11651,,VeryLowRevenue,LightAsset,Asia,LowTurnover,
comp_11652,,MidRevenue,LightAsset,Asia,HighTurnover,
comp_11653,,VeryLowRevenue,LightAsset,Asia,LowTurnover,
comp_11654,,MidRevenue,LightAsset,Asia,MidTurnover,
comp_11655,,LowRevenue,LightAsset,Asia,LowTurnover,
comp_11656,,,LightAsset,Asia,,
comp_11657,,MidRevenue,LightAsset,Asia,HighTurnover,
comp_11658,,LowRevenue,LightAsset,Asia,LowTurnover,
comp_11659,,MidRevenue,LightAsset,Asia,HighTurnover,
comp_11660,,,LightAsset,Asia,,
comp_11661,,,LightAsset,Asia,,
comp_11662,,LowRevenue,LightAsset,Asia,LowTurnover,
comp_11663,,VeryLowRevenue,LightAsset,Asia,LowTurnover,
comp_11664,,LowRevenue,LightAsset,Asia,LowTurnover,
comp_11665,,LowRevenue,LightAsset,Asia,LowTurnover,
comp_11666,,LowRevenue,LightAsset,Asia,MidTurnover,
comp_11667,,,LightAsset,Asia,,
comp_11668,,MidRevenue,LightAsset,Asia,MidTurnover,
comp_11669,,MidRevenue,LightAsset,Asia,MidTurnover,
comp_11670,,MidRevenue,LightAsset,Asia,MidTurnover,
comp_11671,,MidRevenue,LightAsset,Asia,HighTurnover,
comp_11672,,LowRevenue,LightAsset,Asia,MidTurnover,
comp_11673,,VeryLowRevenue,LightAsset,Asia,LowTurnover,
comp_11674,,,LightAsset,Asia,,
comp_11675,,,LightAsset,Asia,,
comp_11676,,MidRevenue,LightAsset,Asia,HighTurnover,
comp_11677,,MidRevenue,LightAsset,Asia,HighTurnover,
comp_11678,,LowRevenue,LightAsset,Asia,LowTurnover,
comp_11679,,MidRevenue,LightAsset,Asia,MidTurnover,
comp_11680,,MidRevenue,LightAsset,Asia,HighTurnover,
comp_11681,,LowRevenue,LightAsset,Asia,MidTurnover,
comp_11682,,MidRevenue,LightAsset,Asia,HighTurnover,
comp_11683,,LowRevenue,LightAsset,Asia,MidTurnover,
comp_11684,,VeryLowRevenue,LightAsset,Asia,LowTurnover,
comp_11685,,MidRevenue,LightAsset,Asia,HighTurnover,
comp_11686,,VeryLowRevenue,LightAsset,Asia,LowTurnover,
comp_11687,,MidRevenue,LightAsset,Asia,HighTurnover,
comp_11688,,LowRevenue,LightAsset,Asia,MidTurnover,
comp_11689,,LowRevenue,LightAsset,Asia,LowTurnover,
comp_11690,,VeryLowRevenue,LightAsset,Asia,LowTurnover,
comp_11691,,LowRevenue,LightAsset,Asia,MidTurnover,
comp_11692,,MidRevenue,LightAsset,Asia,HighTurnover,
comp_11693,,LowRevenue,MicroAsset,Asia,LowTurnover,
comp_11694,,LowRevenue,MicroAsset,Asia,MidTurnover,
comp_11695,,VeryLowRevenue,MicroAsset,Asia,LowTurnover,
comp_11696,,LowRevenue,MicroAsset,Asia,HighTurnover,
comp_11697,,MidRevenue,MicroAsset,Asia,HighTurnover,
comp_11698,,VeryLowRevenue,MicroAsset,Asia,LowTurnover,
comp_11699,,MidRevenue,MicroAsset,Asia,HighTurnover,
comp_11700,,MidRevenue,MicroAsset,Asia,HighTurnover,
comp_11701,,LowRevenue,MicroAsset,Asia,MidTurnover,
comp_11702,,LowRevenue,MicroAsset,Asia,HighTurnover,
comp_11703,,MidRevenue,MicroAsset,Asia,HighTurnover,
comp_11704,,VeryLowRevenue,MicroAsset,Asia,LowTurnover,
comp_11705,,MidRevenue,MicroAsset,Asia,HighTurnover,
comp_11706,,,MicroAsset,Asia,,
comp_11707,,VeryLowRevenue,MicroAsset,Asia,LowTurnover,
comp_11708,,,MicroAsset,Asia,,
comp_11709,,MidRevenue,MicroAsset,Asia,HighTurnover,
comp_11710,,LowRevenue,MicroAsset,Asia,LowTurnover,
comp_11711,,LowRevenue,MicroAsset,Asia,MidTurnover,
comp_11712,,,MicroAsset,Asia,,
comp_11713,,,MicroAsset,Asia,,
comp_11714,,LowRevenue,MicroAsset,Asia,HighTurnover,
comp_11715,,MidRevenue,MicroAsset,Asia,HighTurnover,
comp_11716,,LowRevenue,MicroAsset,Asia,HighTurnover,
comp_11717,,,MicroAsset,Asia,,
comp_11718,,VeryLowRevenue,MicroAsset,Asia,LowTurnover,
comp_11719,,VeryLowRevenue,MicroAsset,Asia,LowTurnover,
comp_11720,,LowRevenue,MicroAsset,Asia,MidTurnover,
comp_11721,,MidRevenue,MicroAsset,Asia,HighTurnover,
comp_11722,,MidRevenue,MicroAsset,Asia,HighTurnover,
comp_11723,,VeryLowRevenue,MicroAsset,Asia,LowTurnover,
comp_11724,,LowRevenue,MicroAsset,Asia,MidTurnover,
comp_11725,,VeryLowRevenue,MicroAsset,Asia,LowTurnover,
comp_11726,,MidRevenue,MicroAsset,Asia,HighTurnover,
comp_11727,,LowRevenue,MicroAsset,Asia,MidTurnover,
comp_11728,,LowRevenue,MicroAsset,Asia,MidTurnover,
comp_11729,,LowRevenue,MicroAsset,Asia,LowTurnover,
comp_11730,,VeryLowRevenue,MicroAsset,Asia,LowTurnover,
comp_11731,,LowRevenue,MicroAsset,Asia,MidTurnover,
comp_11732,,LowRevenue,MicroAsset,Asia,HighTurnover,
comp_11733,,LowRevenue,MicroAsset,Asia,MidTurnover,
comp_11734,,LowRevenue,MicroAsset,Asia,LowTurnover,
comp_11735,,LowRevenue,MicroAsset,Asia,MidTurnover,
comp_11736,,LowRevenue,MicroAsset,Asia,HighTurnover,
comp_11737,,VeryLowRevenue,MicroAsset,Asia,LowTurnover,
comp_11738,,,MicroAsset,Asia,,
comp_11739,,VeryLowRevenue,MicroAsset,Asia,LowTurnover,
comp_11740,,VeryLowRevenue,MicroAsset,Asia,LowTurnover,
comp_11741,,LowRevenue,MicroAsset,Asia,HighTurnover,
comp_11742,,VeryLowRevenue,MicroAsset,Asia,LowTurnover,
comp_11743,,LowRevenue,MicroAsset,Asia,HighTurnover,
comp_11744,,LowRevenue,MicroAsset,Asia,MidTurnover,
comp_11745,,VeryLowRevenue,MicroAsset,Asia,LowTurnover,
comp_11746,,VeryLowRevenue,MicroAsset,Asia,LowTurnover,
comp_11747,,VeryLowRevenue,MicroAsset,Asia,LowTurnover,
comp_11748,,VeryLowRevenue,MicroAsset,Asia,LowTurnover,
comp_11749,,VeryLowRevenue,MicroAsset,Asia,LowTurnover,
comp_11750,,LowRevenue,MicroAsset,Asia,HighTurnover,
comp_11751,,VeryLowRevenue,MicroAsset,Asia,LowTurnover,
comp_11752,,VeryLowRevenue,MicroAsset,Asia,LowTurnover,
comp_11753,,VeryLowRevenue,MicroAsset,Asia,LowTurnover,
comp_11754,,VeryLowRevenue,MicroAsset,Asia,LowTurnover,
comp_11755,,LowRevenue,MicroAsset,Asia,HighTurnover,
comp_11756,,LowRevenue,MicroAsset,Asia,MidTurnover,
comp_11757,,LowRevenue,MicroAsset,Asia,HighTurnover,
comp_11758,,,MicroAsset,Asia,,
comp_11759,,LowRevenue,MicroAsset,Asia,MidTurnover,
comp_11760,,MidRevenue,MicroAsset,Asia,HighTurnover,
comp_11761,,VeryLowRevenue,MicroAsset,Asia,LowTurnover,
comp_11762,,LowRevenue,MicroAsset,Asia,MidTurnover,
comp_11763,,LowRevenue,MicroAsset,Asia,HighTurnover,
comp_11764,,LowRevenue,MicroAsset,Asia,HighTurnover,
comp_11765,,LowRevenue,MicroAsset,Asia,HighTurnover,
comp_11766,,VeryLowRevenue,MicroAsset,Asia,LowTurnover,
comp_11767,,,MicroAsset,Asia,,
comp_11768,,VeryLowRevenue,MicroAsset,Asia,LowTurnover,
comp_11769,,LowRevenue,MicroAsset,Asia,HighTurnover,
comp_11770,,,MicroAsset,Asia,,
comp_11771,,LowRevenue,MicroAsset,Asia,HighTurnover,
comp_11772,,,MicroAsset,Asia,,
comp_11773,,VeryLowRevenue,MicroAsset,Asia,LowTurnover,
comp_11774,,,MicroAsset,Asia,,
comp_11775,,LowRevenue,MicroAsset,Asia,HighTurnover,
comp_11776,,,MicroAsset,Asia,,
comp_11777,,LowRevenue,MicroAsset,Asia,HighTurnover,
comp_11778,,LowRevenue,MicroAsset,Asia,MidTurnover,
comp_11779,,LowRevenue,MicroAsset,Asia,HighTurnover,
comp_11780,,LowRevenue,MicroAsset,Asia,HighTurnover,
comp_11781,,,MicroAsset,Asia,,
comp_11782,,LowRevenue,MicroAsset,Asia,HighTurnover,
comp_11783,,LowRevenue,MicroAsset,Asia,HighTurnover,
comp_11784,,VeryLowRevenue,MicroAsset,Asia,LowTurnover,
comp_11785,,VeryLowRevenue,MicroAsset,Asia,LowTurnover,
comp_11786,,LowRevenue,MicroAsset,Asia,HighTurnover,
comp_11787,,VeryLowRevenue,MicroAsset,Asia,LowTurnover,
comp_11788,,VeryLowRevenue,MicroAsset,Asia,LowTurnover,
comp_11789,,VeryLowRevenue,MicroAsset,Asia,MidTurnover,
comp_11790,,VeryLowRevenue,MicroAsset,Asia,LowTurnover,
comp_11791,,VeryLowRevenue,MicroAsset,Asia,LowTurnover,
comp_11792,,LowRevenue,MicroAsset,Asia,HighTurnover,
comp_11793,,VeryLowRevenue,MicroAsset,Asia,LowTurnover,
comp_11794,,LowRevenue,MicroAsset,Asia,HighTurnover,
comp_11795,,LowRevenue,MicroAsset,Asia,HighTurnover,
comp_11796,,VeryLowRevenue,MicroAsset,Asia,MidTurnover,
comp_11797,,VeryLowRevenue,MicroAsset,Asia,LowTurnover,
comp_11798,,LowRevenue,MicroAsset,Asia,HighTurnover,
comp_11799,,VeryLowRevenue,MicroAsset,Asia,LowTurnover,
comp_11800,,LowRevenue,MicroAsset,Asia,HighTurnover,
comp_11801,,VeryLowRevenue,MicroAsset,Asia,MidTurnover,
comp_11802,,,MicroAsset,Asia,,
comp_11803,,VeryLowRevenue,MicroAsset,Asia,HighTurnover,
comp_11804,,LowRevenue,MicroAsset,Asia,HighTurnover,
comp_11805,,VeryLowRevenue,MicroAsset,Asia,MidTurnover,
comp_11806,,VeryLowRevenue,MicroAsset,Asia,LowTurnover,
comp_11807,,,MicroAsset,Asia,,
comp_11808,,VeryLowRevenue,MicroAsset,Asia,LowTurnover,
comp_11809,,,MicroAsset,Asia,,
comp_11810,,VeryLowRevenue,MicroAsset,Asia,HighTurnover,
comp_11811,,VeryLowRevenue,MicroAsset,Asia,LowTurnover,
comp_11812,,,MicroAsset,Asia,,
comp_11813,,VeryLowRevenue,MicroAsset,Asia,LowTurnover,
comp_11814,,VeryLowRevenue,MicroAsset,Asia,MidTurnover,
comp_11815,,VeryLowRevenue,MicroAsset,Asia,LowTurnover,
comp_11816,,VeryLowRevenue,MicroAsset,Asia,HighTurnover,
comp_11817,,VeryLowRevenue,MicroAsset,Asia,LowTurnover,
comp_11818,,LowRevenue,MicroAsset,Asia,HighTurnover,
comp_11819,,,MicroAsset,Asia,,
comp_11820,,,MicroAsset,Asia,,
comp_11821,,VeryLowRevenue,MicroAsset,Asia,HighTurnover,
comp_11822,,LowRevenue,MicroAsset,Asia,HighTurnover,
comp_11823,,VeryLowRevenue,MicroAsset,Asia,HighTurnover,
comp_11824,,VeryLowRevenue,MicroAsset,Asia,MidTurnover,
comp_11825,,LowRevenue,MicroAsset,Asia,HighTurnover,
comp_11826,,VeryLowRevenue,MicroAsset,Asia,HighTurnover,
comp_11827,,,MicroAsset,Asia,,
comp_11828,,VeryLowRevenue,MicroAsset,Asia,MidTurnover,
comp_11829,,VeryLowRevenue,MicroAsset,Asia,LowTurnover,
comp_11830,,LowRevenue,MicroAsset,Asia,HighTurnover,
comp_11831,,VeryLowRevenue,MicroAsset,Asia,MidTurnover,
comp_11832,,,MicroAsset,Asia,,
comp_11833,,VeryLowRevenue,MicroAsset,Asia,LowTurnover,
comp_11834,,VeryLowRevenue,MicroAsset,Asia,HighTurnover,
comp_11835,,VeryLowRevenue,MicroAsset,Asia,HighTurnover,
comp_11836,,VeryLowRevenue,MicroAsset,Asia,LowTurnover,
comp_11837,,VeryLowRevenue,MicroAsset,Asia,HighTurnover,
comp_11838,,VeryLowRevenue,MicroAsset,Asia,LowTurnover,
comp_11839,,LowRevenue,MicroAsset,Asia,HighTurnover,
comp_11840,,VeryLowRevenue,MicroAsset,Asia,LowTurnover,
comp_11841,,VeryLowRevenue,MicroAsset,Asia,LowTurnover,
comp_11842,,VeryLowRevenue,MicroAsset,Asia,LowTurnover,
comp_11843,,VeryLowRevenue,MicroAsset,Asia,HighTurnover,
comp_11844,,,MicroAsset,Asia,,
comp_11845,,,MicroAsset,Asia,,
comp_11846,,VeryLowRevenue,MicroAsset,Asia,LowTurnover,
comp_11847,,VeryLowRevenue,MicroAsset,Asia,HighTurnover,
comp_11848,,,MicroAsset,Asia,,
comp_11849,,VeryLowRevenue,MicroAsset,Asia,HighTurnover,
comp_11850,,,MicroAsset,Asia,,
comp_11851,,VeryLowRevenue,MicroAsset,Asia,MidTurnover,
comp_11852,,VeryLowRevenue,MicroAsset,Asia,LowTurnover,
comp_11853,,VeryLowRevenue,MicroAsset,Asia,LowTurnover,
comp_11854,,VeryLowRevenue,MicroAsset,Asia,MidTurnover,
comp_11855,,VeryLowRevenue,MicroAsset,Asia,LowTurnover,
comp_11856,,VeryLowRevenue,MicroAsset,Asia,HighTurnover,
comp_11857,,,MicroAsset,Asia,,
comp_11858,,VeryLowRevenue,MicroAsset,Asia,LowTurnover,
comp_11859,,VeryLowRevenue,MicroAsset,Asia,MidTurnover,
comp_11860,,VeryLowRevenue,MicroAsset,Asia,HighTurnover,
comp_11861,,MidRevenue,MicroAsset,Asia,HighTurnover,
comp_11862,,,MicroAsset,Asia,,
comp_11863,,VeryLowRevenue,MicroAsset,Asia,LowTurnover,
comp_11864,,LowRevenue,MicroAsset,Asia,HighTurnover,
comp_11865,,,MicroAsset,Asia,,
comp_11866,,,MicroAsset,Asia,,
comp_11867,,,MicroAsset,Asia,,
comp_11868,,VeryLowRevenue,MicroAsset,Asia,LowTurnover,
comp_11869,,VeryLowRevenue,MicroAsset,Asia,MidTurnover,
comp_11870,,,MicroAsset,Asia,,
comp_11871,,VeryLowRevenue,MicroAsset,Asia,LowTurnover,
comp_11872,,,MicroAsset,Asia,,
comp_11873,,,MicroAsset,Asia,,
comp_11874,,,MicroAsset,Asia,,
comp_11875,,,MicroAsset,Asia,,
comp_11876,,,MicroAsset,Asia,,
comp_11877,,VeryLowRevenue,MicroAsset,Asia,HighTurnover,
comp_11878,,,MicroAsset,Asia,,
comp_11879,,,MicroAsset,Asia,,
comp_11880,,VeryLowRevenue,MicroAsset,Asia,HighTurnover,
comp_11881,,VeryLowRevenue,MicroAsset,Asia,HighTurnover,
comp_11882,,VeryLowRevenue,MicroAsset,Asia,LowTurnover,
comp_11883,,VeryLowRevenue,MicroAsset,Asia,LowTurnover,
comp_11884,,,MicroAsset,Asia,,
comp_11885,,VeryLowRevenue,MicroAsset,Asia,HighTurnover,
comp_11886,,VeryLowRevenue,MicroAsset,Asia,MidTurnover,
comp_11887,,,MicroAsset,Asia,,
comp_11888,,,MicroAsset,Asia,,
comp_11889,,VeryLowRevenue,MicroAsset,Asia,HighTurnover,
comp_11890,,,MicroAsset,Asia,,
comp_11891,,VeryLowRevenue,MicroAsset,Asia,MidTurnover,
comp_11892,,,MicroAsset,Asia,,
comp_11893,,,MicroAsset,Asia,,
comp_11894,,,MicroAsset,Asia,,
comp_11895,,VeryLowRevenue,MicroAsset,Asia,HighTurnover,
comp_11896,,,MicroAsset,Asia,,
comp_11897,,,MicroAsset,Asia,,
comp_11898,,,MicroAsset,Asia,,
comp_11899,,VeryLowRevenue,MicroAsset,Asia,HighTurnover,
comp_11900,,VeryLowRevenue,,Asia,,
comp_11901,,LowRevenue,,Asia,,
comp_11902,,LowRevenue,,Asia,,
comp_11903,,MidRevenue,,Asia,,
comp_11904,,LowRevenue,,Asia,,
comp_11905,,VeryLowRevenue,,Asia,,
comp_11906,,HighRevenue,LargeAsset,Africa,HighTurnover,
comp_11907,,UpperRevenue,MidAsset,Africa,HighTurnover,
comp_11908,,UpperRevenue,MidAsset,Africa,HighTurnover,
comp_11909,,MidRevenue,MidAsset,Africa,LowTurnover,
comp_11910,,UpperRevenue,MidAsset,Africa,MidTurnover,
comp_11911,,UpperRevenue,MidAsset,Africa,HighTurnover,
comp_11912,,UpperRevenue,MidAsset,Africa,MidTurnover,
comp_11913,,UpperRevenue,MidAsset,Africa,MidTurnover,
comp_11914,,,MidAsset,Africa,,
comp_11915,,UpperRevenue,MidAsset,Africa,HighTurnover,
comp_11916,,UpperRevenue,MidAsset,Africa,MidTurnover,
comp_11917,,MidRevenue,MidAsset,Africa,MidTurnover,
comp_11918,,UpperRevenue,MidAsset,Africa,MidTurnover,
comp_11919,,UpperRevenue,MidAsset,Africa,HighTurnover,
comp_11920,,MidRevenue,MidAsset,Africa,MidTurnover,
comp_11921,,UpperRevenue,MidAsset,Africa,HighTurnover,
comp_11922,,LowRevenue,LightAsset,Africa,LowTurnover,
comp_11923,,UpperRevenue,LightAsset,Africa,HighTurnover,
comp_11924,,MidRevenue,LightAsset,Africa,MidTurnover,
comp_11925,,MidRevenue,LightAsset,Africa,LowTurnover,
comp_11926,,MidRevenue,LightAsset,Africa,MidTurnover,
comp_11927,,MidRevenue,LightAsset,Africa,MidTurnover,
comp_11928,,UpperRevenue,LightAsset,Africa,HighTurnover,
comp_11929,,MidRevenue,LightAsset,Africa,MidTurnover,
comp_11930,,UpperRevenue,LightAsset,Africa,HighTurnover,
comp_11931,,MidRevenue,LightAsset,Africa,MidTurnover,
comp_11932,,LowRevenue,LightAsset,Africa,LowTurnover,
comp_11933,,VeryLowRevenue,LightAsset,Africa,LowTurnover,
comp_11934,,MidRevenue,LightAsset,Africa,MidTurnover,
comp_11935,,MidRevenue,LightAsset,Africa,HighTurnover,
comp_11936,,MidRevenue,LightAsset,Africa,HighTurnover,
comp_11937,,MidRevenue,LightAsset,Africa,HighTurnover,
comp_11938,,MidRevenue,LightAsset,Africa,MidTurnover,
comp_11939,,MidRevenue,LightAsset,Africa,MidTurnover,
comp_11940,,MidRevenue,LightAsset,Africa,MidTurnover,
comp_11941,,MidRevenue,LightAsset,Africa,HighTurnover,
comp_11942,,LowRevenue,LightAsset,Africa,LowTurnover,
comp_11943,,MidRevenue,LightAsset,Africa,MidTurnover,
comp_11944,,LowRevenue,LightAsset,Africa,LowTurnover,
comp_11945,,MidRevenue,LightAsset,Africa,MidTurnover,
comp_11946,,MidRevenue,LightAsset,Africa,MidTurnover,
comp_11947,,,LightAsset,Africa,,
comp_11948,,MidRevenue,LightAsset,Africa,HighTurnover,
comp_11949,,,LightAsset,Africa,,
comp_11950,,LowRevenue,LightAsset,Africa,MidTurnover,
comp_11951,,MidRevenue,LightAsset,Africa,HighTurnover,
comp_11952,,LowRevenue,LightAsset,Africa,MidTurnover,
comp_11953,,MidRevenue,LightAsset,Africa,HighTurnover,
comp_11954,,MidRevenue,LightAsset,Africa,HighTurnover,
comp_11955,,MidRevenue,LightAsset,Africa,HighTurnover,
comp_11956,,LowRevenue,LightAsset,Africa,MidTurnover,
comp_11957,,LowRevenue,LightAsset,Africa,MidTurnover,
comp_11958,,LowRevenue,LightAsset,Africa,MidTurnover,
comp_11959,,LowRevenue,LightAsset,Africa,LowTurnover,
comp_11960,,VeryLowRevenue,MicroAsset,Africa,LowTurnover,
comp_11961,,LowRevenue,MicroAsset,Africa,HighTurnover,
comp_11962,,LowRevenue,MicroAsset,Africa,MidTurnover,
comp_11963,,LowRevenue,MicroAsset,Africa,MidTurnover,
comp_11964,,VeryLowRevenue,MicroAsset,Africa,LowTurnover,
comp_11965,,MidRevenue,MicroAsset,Africa,HighTurnover,
comp_11966,,MidRevenue,MicroAsset,Africa,HighTurnover,
comp_11967,,MidRevenue,MicroAsset,Africa,HighTurnover,
comp_11968,,MidRevenue,MicroAsset,Africa,HighTurnover,
comp_11969,,LowRevenue,MicroAsset,Africa,HighTurnover,
comp_11970,,VeryLowRevenue,MicroAsset,Africa,LowTurnover,
comp_11971,,MidRevenue,MicroAsset,Africa,HighTurnover,
comp_11972,,,MicroAsset,Africa,,
comp_11973,,,MicroAsset,Africa,,
comp_11974,,LowRevenue,MicroAsset,Africa,HighTurnover,
comp_11975,,LowRevenue,MicroAsset,Africa,MidTurnover,
comp_11976,,LowRevenue,MicroAsset,Africa,MidTurnover,
comp_11977,,MidRevenue,MicroAsset,Africa,HighTurnover,
comp_11978,,LowRevenue,MicroAsset,Africa,HighTurnover,
comp_11979,,LowRevenue,MicroAsset,Africa,HighTurnover,
comp_11980,,LowRevenue,MicroAsset,Africa,HighTurnover,
comp_11981,,LowRevenue,MicroAsset,Africa,MidTurnover,
comp_11982,,LowRevenue,MicroAsset,Africa,MidTurnover,
comp_11983,,LowRevenue,MicroAsset,Africa,HighTurnover,
comp_11984,,LowRevenue,MicroAsset,Africa,HighTurnover,
comp_11985,,LowRevenue,MicroAsset,Africa,HighTurnover,
comp_11986,,LowRevenue,MicroAsset,Africa,HighTurnover,
comp_11987,,LowRevenue,MicroAsset,Africa,HighTurnover,
comp_11988,,LowRevenue,MicroAsset,Africa,HighTurnover,
comp_11989,,VeryLowRevenue,MicroAsset,Africa,LowTurnover,
comp_11990,,LowRevenue,MicroAsset,Africa,HighTurnover,
comp_11991,,VeryLowRevenue,MicroAsset,Africa,LowTurnover,
comp_11992,,VeryLowRevenue,MicroAsset,Africa,MidTurnover,
comp_11993,,VeryLowRevenue,MicroAsset,Africa,MidTurnover,
comp_11994,,VeryLowRevenue,MicroAsset,Africa,LowTurnover,
comp_11995,,VeryLowRevenue,MicroAsset,Africa,LowTurnover,
comp_11996,,,MicroAsset,Africa,,
comp_11997,,VeryLowRevenue,MicroAsset,Africa,MidTurnover,
comp_11998,,VeryLowRevenue,MicroAsset,Africa,LowTurnover,
comp_11999,,,MicroAsset,Africa,,
comp_12000,,,MicroAsset,Africa,,
comp_12001,,VeryLowRevenue,MicroAsset,Africa,LowTurnover,
comp_12002,,LowRevenue,MicroAsset,Africa,HighTurnover,
comp_12003,,LowRevenue,MicroAsset,Africa,HighTurnover,
comp_12004,,VeryLowRevenue,MicroAsset,Africa,LowTurnover,
comp_12005,,,MicroAsset,Africa,,
comp_12006,,VeryLowRevenue,MicroAsset,Africa,MidTurnover,
comp_12007,,,MicroAsset,Africa,,
comp_12008,,VeryLowRevenue,MicroAsset,Africa,LowTurnover,
comp_12009,,,MicroAsset,Africa,,
comp_12010,,,MicroAsset,Africa,,
comp_12011,,,MicroAsset,Africa,,
comp_12012,,,MicroAsset,Africa,,
comp_12013,,VeryLowRevenue,MicroAsset,Africa,HighTurnover,
comp_12014,,,MicroAsset,Africa,,
comp_12015,,VeryLowRevenue,MicroAsset,Africa,LowTurnover,
comp_12016,,,MicroAsset,Africa,,
comp_12017,,,MicroAsset,Africa,,
comp_12018,,,MicroAsset,Africa,,
comp_12019,,,MicroAsset,Africa,,
comp_12020,,VeryLowRevenue,,Africa,,
comp_12021,,VeryLowRevenue,,Africa,,
comp_12022,,HighRevenue,LargeAsset,Other_Regions,HighTurnover,
comp_12023,,UpperRevenue,MidAsset,Other_Regions,MidTurnover,
comp_12024,,UpperRevenue,MidAsset,Other_Regions,HighTurnover,
comp_12025,,UpperRevenue,MidAsset,Other_Regions,HighTurnover,
comp_12026,,MidRevenue,MidAsset,Other_Regions,MidTurnover,
comp_12027,,UpperRevenue,MidAsset,Other_Regions,HighTurnover,
comp_12028,,UpperRevenue,MidAsset,Other_Regions,HighTurnover,
comp_12029,,UpperRevenue,MidAsset,Other_Regions,HighTurnover,
comp_12030,,UpperRevenue,MidAsset,Other_Regions,HighTurnover,
comp_12031,,MidRevenue,MidAsset,Other_Regions,MidTurnover,
comp_12032,,VeryLowRevenue,MidAsset,Other_Regions,LowTurnover,
comp_12033,,MidRevenue,MidAsset,Other_Regions,MidTurnover,
comp_12034,,MidRevenue,MidAsset,Other_Regions,HighTurnover,
comp_12035,,MidRevenue,LightAsset,Other_Regions,MidTurnover,
comp_12036,,UpperRevenue,LightAsset,Other_Regions,HighTurnover,
comp_12037,,MidRevenue,LightAsset,Other_Regions,HighTurnover,
comp_12038,,MidRevenue,LightAsset,Other_Regions,HighTurnover,
comp_12039,,MidRevenue,LightAsset,Other_Regions,HighTurnover,
comp_12040,,MidRevenue,LightAsset,Other_Regions,HighTurnover,
comp_12041,,MidRevenue,LightAsset,Other_Regions,HighTurnover,
comp_12042,,MidRevenue,LightAsset,Other_Regions,MidTurnover,
comp_12043,,MidRevenue,LightAsset,Other_Regions,HighTurnover,
comp_12044,,MidRevenue,LightAsset,Other_Regions,HighTurnover,
comp_12045,,LowRevenue,LightAsset,Other_Regions,MidTurnover,
comp_12046,,LowRevenue,LightAsset,Other_Regions,MidTurnover,
comp_12047,,MidRevenue,LightAsset,Other_Regions,HighTurnover,
comp_12048,,MidRevenue,LightAsset,Other_Regions,HighTurnover,
comp_12049,,LowRevenue,LightAsset,Other_Regions,MidTurnover,
comp_12050,,MidRevenue,LightAsset,Other_Regions,HighTurnover,
comp_12051,,MidRevenue,LightAsset,Other_Regions,HighTurnover,
comp_12052,,MidRevenue,LightAsset,Other_Regions,HighTurnover,
comp_12053,,VeryLowRevenue,LightAsset,Other_Regions,LowTurnover,
comp_12054,,MidRevenue,LightAsset,Other_Regions,HighTurnover,
comp_12055,,LowRevenue,MicroAsset,Other_Regions,HighTurnover,
comp_12056,,VeryLowRevenue,MicroAsset,Other_Regions,LowTurnover,
comp_12057,,LowRevenue,MicroAsset,Other_Regions,MidTurnover,
comp_12058,,LowRevenue,MicroAsset,Other_Regions,MidTurnover,
comp_12059,,LowRevenue,MicroAsset,Other_Regions,LowTurnover,
comp_12060,,LowRevenue,MicroAsset,Other_Regions,LowTurnover,
comp_12061,,LowRevenue,MicroAsset,Other_Regions,HighTurnover,
comp_12062,,LowRevenue,MicroAsset,Other_Regions,HighTurnover,
comp_12063,,LowRevenue,MicroAsset,Other_Regions,MidTurnover,
comp_12064,,LowRevenue,MicroAsset,Other_Regions,HighTurnover,
comp_12065,,LowRevenue,MicroAsset,Other_Regions,MidTurnover,
comp_12066,,VeryLowRevenue,MicroAsset,Other_Regions,LowTurnover,
comp_12067,,LowRevenue,MicroAsset,Other_Regions,HighTurnover,
comp_12068,,LowRevenue,MicroAsset,Other_Regions,MidTurnover,
comp_12069,,LowRevenue,MicroAsset,Other_Regions,MidTurnover,
comp_12070,,MidRevenue,MicroAsset,Other_Regions,HighTurnover,
comp_12071,,VeryLowRevenue,MicroAsset,Other_Regions,LowTurnover,
comp_12072,,LowRevenue,MicroAsset,Other_Regions,MidTurnover,
comp_12073,,LowRevenue,MicroAsset,Other_Regions,MidTurnover,
comp_12074,,LowRevenue,MicroAsset,Other_Regions,HighTurnover,
comp_12075,,VeryLowRevenue,MicroAsset,Other_Regions,LowTurnover,
comp_12076,,LowRevenue,MicroAsset,Other_Regions,HighTurnover,
comp_12077,,VeryLowRevenue,MicroAsset,Other_Regions,MidTurnover,
comp_12078,,VeryLowRevenue,MicroAsset,Other_Regions,LowTurnover,
comp_12079,,,MicroAsset,Other_Regions,,
comp_12080,,LowRevenue,MicroAsset,Other_Regions,MidTurnover,
comp_12081,,LowRevenue,MicroAsset,Other_Regions,HighTurnover,
comp_12082,,VeryLowRevenue,MicroAsset,Other_Regions,MidTurnover,
comp_12083,,LowRevenue,MicroAsset,Other_Regions,HighTurnover,
comp_12084,,VeryLowRevenue,MicroAsset,Other_Regions,HighTurnover,
comp_12085,,VeryLowRevenue,MicroAsset,Other_Regions,LowTurnover,
comp_12086,,VeryLowRevenue,MicroAsset,Other_Regions,HighTurnover,
comp_12087,,,MicroAsset,Other_Regions,,
comp_12088,,UpperRevenue,,Other_Regions,,
comp_12089,,HighRevenue,HeavyAsset,South_America,LowTurnover,
comp_12090,,HighRevenue,LargeAsset,South_America,MidTurnover,
comp_12091,,HighRevenue,LargeAsset,South_America,HighTurnover,
comp_12092,,UpperRevenue,LargeAsset,South_America,MidTurnover,
comp_12093,,UpperRevenue,LargeAsset,South_America,MidTurnover,
comp_12094,,UpperRevenue,LargeAsset,South_America,LowTurnover,
comp_12095,,MidRevenue,MidAsset,South_America,LowTurnover,
comp_12096,,UpperRevenue,MidAsset,South_America,MidTurnover,
comp_12097,,UpperRevenue,MidAsset,South_America,HighTurnover,
comp_12098,,,MidAsset,South_America,,
comp_12099,,UpperRevenue,MidAsset,South_America,HighTurnover,
comp_12100,,UpperRevenue,MidAsset,South_America,MidTurnover,
comp_12101,,UpperRevenue,MidAsset,South_America,MidTurnover,
comp_12102,,UpperRevenue,MidAsset,South_America,MidTurnover,
comp_12103,,UpperRevenue,MidAsset,South_America,MidTurnover,
comp_12104,,UpperRevenue,MidAsset,South_America,MidTurnover,
comp_12105,,MidRevenue,MidAsset,South_America,LowTurnover,
comp_12106,,UpperRevenue,MidAsset,South_America,MidTurnover,
comp_12107,,MidRevenue,MidAsset,South_America,MidTurnover,
comp_12108,,MidRevenue,MidAsset,South_America,MidTurnover,
comp_12109,,MidRevenue,MidAsset,South_America,MidTurnover,
comp_12110,,UpperRevenue,MidAsset,South_America,HighTurnover,
comp_12111,,MidRevenue,MidAsset,South_America,LowTurnover,
comp_12112,,MidRevenue,MidAsset,South_America,MidTurnover,
comp_12113,,MidRevenue,MidAsset,South_America,MidTurnover,
comp_12114,,MidRevenue,MidAsset,South_America,MidTurnover,
comp_12115,,,LightAsset,South_America,,
comp_12116,,MidRevenue,LightAsset,South_America,MidTurnover,
comp_12117,,VeryLowRevenue,LightAsset,South_America,LowTurnover,
comp_12118,,MidRevenue,LightAsset,South_America,MidTurnover,
comp_12119,,LowRevenue,LightAsset,South_America,LowTurnover,
comp_12120,,LowRevenue,LightAsset,South_America,LowTurnover,
comp_12121,,MidRevenue,LightAsset,South_America,MidTurnover,
comp_12122,,MidRevenue,LightAsset,South_America,MidTurnover,
comp_12123,,UpperRevenue,LightAsset,South_America,HighTurnover,
comp_12124,,MidRevenue,LightAsset,South_America,MidTurnover,
comp_12125,,,LightAsset,South_America,,
comp_12126,,MidRevenue,LightAsset,South_America,MidTurnover,
comp_12127,,MidRevenue,LightAsset,South_America,MidTurnover,
comp_12128,,LowRevenue,LightAsset,South_America,LowTurnover,
comp_12129,,MidRevenue,LightAsset,South_America,LowTurnover,
comp_12130,,MidRevenue,LightAsset,South_America,HighTurnover,
comp_12131,,MidRevenue,LightAsset,South_America,MidTurnover,
comp_12132,,MidRevenue,LightAsset,South_America,LowTurnover,
comp_12133,,MidRevenue,LightAsset,South_America,HighTurnover,
comp_12134,,MidRevenue,LightAsset,South_America,HighTurnover,
comp_12135,,MidRevenue,LightAsset,South_America,MidTurnover,
comp_12136,,MidRevenue,LightAsset,South_America,MidTurnover,
comp_12137,,MidRevenue,LightAsset,South_America,MidTurnover,
comp_12138,,MidRevenue,LightAsset,South_America,HighTurnover,
comp_12139,,MidRevenue,LightAsset,South_America,HighTurnover,
comp_12140,,LowRevenue,LightAsset,South_America,LowTurnover,
comp_12141,,LowRevenue,LightAsset,South_America,LowTurnover,
comp_12142,,LowRevenue,LightAsset,South_America,LowTurnover,
comp_12143,,MidRevenue,LightAsset,South_America,HighTurnover,
comp_12144,,MidRevenue,LightAsset,South_America,HighTurnover,
comp_12145,,MidRevenue,LightAsset,South_America,HighTurnover,
comp_12146,,MidRevenue,LightAsset,South_America,MidTurnover,
comp_12147,,MidRevenue,LightAsset,South_America,HighTurnover,
comp_12148,,MidRevenue,LightAsset,South_America,HighTurnover,
comp_12149,,MidRevenue,LightAsset,South_America,HighTurnover,
comp_12150,,MidRevenue,LightAsset,South_America,MidTurnover,
comp_12151,,,LightAsset,South_America,,
comp_12152,,LowRevenue,LightAsset,South_America,LowTurnover,
comp_12153,,VeryLowRevenue,LightAsset,South_America,LowTurnover,
comp_12154,,MidRevenue,LightAsset,South_America,HighTurnover,
comp_12155,,MidRevenue,LightAsset,South_America,HighTurnover,
comp_12156,,MidRevenue,LightAsset,South_America,HighTurnover,
comp_12157,,MidRevenue,LightAsset,South_America,HighTurnover,
comp_12158,,MidRevenue,LightAsset,South_America,HighTurnover,
comp_12159,,MidRevenue,LightAsset,South_America,HighTurnover,
comp_12160,,MidRevenue,LightAsset,South_America,HighTurnover,
comp_12161,,LowRevenue,LightAsset,South_America,LowTurnover,
comp_12162,,MidRevenue,LightAsset,South_America,HighTurnover,
comp_12163,,VeryLowRevenue,LightAsset,South_America,LowTurnover,
comp_12164,,LowRevenue,LightAsset,South_America,MidTurnover,
comp_12165,,LowRevenue,LightAsset,South_America,LowTurnover,
comp_12166,,MidRevenue,LightAsset,South_America,HighTurnover,
comp_12167,,,LightAsset,South_America,,
comp_12168,,MidRevenue,LightAsset,South_America,HighTurnover,
comp_12169,,MidRevenue,LightAsset,South_America,HighTurnover,
comp_12170,,LowRevenue,LightAsset,South_America,MidTurnover,
comp_12171,,LowRevenue,LightAsset,South_America,LowTurnover,
comp_12172,,LowRevenue,MicroAsset,South_America,MidTurnover,
comp_12173,,MidRevenue,MicroAsset,South_America,HighTurnover,
comp_12174,,LowRevenue,MicroAsset,South_America,MidTurnover,
comp_12175,,VeryLowRevenue,MicroAsset,South_America,LowTurnover,
comp_12176,,,MicroAsset,South_America,,
comp_12177,,VeryLowRevenue,MicroAsset,South_America,LowTurnover,
comp_12178,,VeryLowRevenue,MicroAsset,South_America,LowTurnover,
comp_12179,,VeryLowRevenue,MicroAsset,South_America,LowTurnover,
comp_12180,,,MicroAsset,South_America,,
comp_12181,,VeryLowRevenue,MicroAsset,South_America,LowTurnover,
comp_12182,,VeryLowRevenue,MicroAsset,South_America,HighTurnover,
comp_12183,,,MicroAsset,South_America,,
comp_12184,,,MicroAsset,South_America,,
comp_12185,,HighRevenue,HeavyAsset,Europe,HighTurnover,
comp_12186,,HighRevenue,HeavyAsset,Other_Regions,HighTurnover,
comp_12187,,HighRevenue,HeavyAsset,South_America,MidTurnover,
comp_12188,,HighRevenue,HeavyAsset,Europe,MidTurnover,
comp_12189,,HighRevenue,HeavyAsset,Other_Regions,LowTurnover,
comp_12190,,HighRevenue,HeavyAsset,Other_Regions,HighTurnover,
comp_12191,,UpperRevenue,HeavyAsset,Other_Regions,LowTurnover,
comp_12192,,MidRevenue,LargeAsset,Other_Regions,LowTurnover,
comp_12193,,HighRevenue,LargeAsset,Other_Regions,MidTurnover,
comp_12194,,HighRevenue,LargeAsset,Europe,HighTurnover,
comp_12195,,HighRevenue,LargeAsset,Europe,HighTurnover,
comp_12196,,HighRevenue,LargeAsset,Europe,HighTurnover,
comp_12197,,HighRevenue,LargeAsset,Other_Regions,HighTurnover,
comp_12198,,HighRevenue,LargeAsset,Other_Regions,MidTurnover,
comp_12199,,HighRevenue,LargeAsset,Other_Regions,MidTurnover,
comp_12200,,HighRevenue,LargeAsset,Europe,HighTurnover,
comp_12201,,HighRevenue,LargeAsset,Other_Regions,MidTurnover,
comp_12202,,MidRevenue,LargeAsset,Other_Regions,LowTurnover,
comp_12203,,VeryLowRevenue,LargeAsset,Europe,LowTurnover,
comp_12204,,HighRevenue,LargeAsset,Europe,MidTurnover,
comp_12205,,HighRevenue,LargeAsset,Other_Regions,MidTurnover,
comp_12206,,HighRevenue,LargeAsset,Other_Regions,HighTurnover,
comp_12207,,HighRevenue,LargeAsset,Other_Regions,MidTurnover,
comp_12208,,HighRevenue,LargeAsset,Other_Regions,HighTurnover,
comp_12209,,UpperRevenue,LargeAsset,Europe,MidTurnover,
comp_12210,,UpperRevenue,LargeAsset,Asia,MidTurnover,
comp_12211,,UpperRevenue,LargeAsset,Europe,LowTurnover,
comp_12212,,UpperRevenue,LargeAsset,Other_Regions,MidTurnover,
comp_12213,,UpperRevenue,LargeAsset,Other_Regions,MidTurnover,
comp_12214,,UpperRevenue,LargeAsset,Europe,LowTurnover,
comp_12215,,UpperRevenue,LargeAsset,South_America,MidTurnover,
comp_12216,,UpperRevenue,LargeAsset,Other_Regions,MidTurnover,
comp_12217,,HighRevenue,LargeAsset,Other_Regions,HighTurnover,
comp_12218,,HighRevenue,LargeAsset,Europe,HighTurnover,
comp_12219,,HighRevenue,LargeAsset,Other_Regions,HighTurnover,
comp_12220,,HighRevenue,LargeAsset,Other_Regions,HighTurnover,
comp_12221,,UpperRevenue,LargeAsset,Europe,LowTurnover,
comp_12222,,UpperRevenue,LargeAsset,Europe,MidTurnover,
comp_12223,,UpperRevenue,LargeAsset,Europe,MidTurnover,
comp_12224,,UpperRevenue,LargeAsset,Europe,MidTurnover,
comp_12225,,HighRevenue,LargeAsset,Europe,HighTurnover,
comp_12226,,UpperRevenue,LargeAsset,Europe,LowTurnover,
comp_12227,,UpperRevenue,LargeAsset,Europe,HighTurnover,
comp_12228,,UpperRevenue,MidAsset,Other_Regions,HighTurnover,
comp_12229,,MidRevenue,MidAsset,Other_Regions,LowTurnover,
comp_12230,,UpperRevenue,MidAsset,Other_Regions,MidTurnover,
comp_12231,,UpperRevenue,MidAsset,Europe,LowTurnover,
comp_12232,,UpperRevenue,MidAsset,Other_Regions,MidTurnover,
comp_12233,,UpperRevenue,MidAsset,Other_Regions,MidTurnover,
comp_12234,,UpperRevenue,MidAsset,Other_Regions,HighTurnover,
comp_12235,,MidRevenue,MidAsset,Europe,LowTurnover,
comp_12236,,UpperRevenue,MidAsset,Europe,HighTurnover,
comp_12237,,UpperRevenue,MidAsset,Asia,MidTurnover,
comp_12238,,MidRevenue,MidAsset,Europe,LowTurnover,
comp_12239,,UpperRevenue,MidAsset,Asia,LowTurnover,
comp_12240,,UpperRevenue,MidAsset,Asia,LowTurnover,
comp_12241,,UpperRevenue,MidAsset,Other_Regions,MidTurnover,
comp_12242,,UpperRevenue,MidAsset,Europe,HighTurnover,
comp_12243,,UpperRevenue,MidAsset,Europe,MidTurnover,
comp_12244,,UpperRevenue,MidAsset,Asia,HighTurnover,
comp_12245,,UpperRevenue,MidAsset,Other_Regions,MidTurnover,
comp_12246,,UpperRevenue,MidAsset,Other_Regions,HighTurnover,
comp_12247,,UpperRevenue,MidAsset,Other_Regions,HighTurnover,
comp_12248,,UpperRevenue,MidAsset,Other_Regions,LowTurnover,
comp_12249,,UpperRevenue,MidAsset,Other_Regions,HighTurnover,
comp_12250,,HighRevenue,MidAsset,Europe,HighTurnover,
comp_12251,,UpperRevenue,MidAsset,Europe,LowTurnover,
comp_12252,,LowRevenue,MidAsset,Other_Regions,LowTurnover,
comp_12253,,UpperRevenue,MidAsset,Other_Regions,HighTurnover,
comp_12254,,UpperRevenue,MidAsset,Europe,HighTurnover,
comp_12255,,UpperRevenue,MidAsset,Other_Regions,HighTurnover,
comp_12256,,UpperRevenue,MidAsset,Other_Regions,HighTurnover,
comp_12257,,UpperRevenue,MidAsset,Other_Regions,HighTurnover,
comp_12258,,UpperRevenue,MidAsset,Other_Regions,MidTurnover,
comp_12259,,HighRevenue,MidAsset,Other_Regions,HighTurnover,
comp_12260,,UpperRevenue,MidAsset,Europe,HighTurnover,
comp_12261,,UpperRevenue,MidAsset,Europe,HighTurnover,
comp_12262,,UpperRevenue,MidAsset,Other_Regions,HighTurnover,
comp_12263,,UpperRevenue,MidAsset,Europe,LowTurnover,
comp_12264,,UpperRevenue,MidAsset,Europe,HighTurnover,
comp_12265,,UpperRevenue,MidAsset,Other_Regions,MidTurnover,
comp_12266,,UpperRevenue,MidAsset,Europe,HighTurnover,
comp_12267,,UpperRevenue,MidAsset,Europe,HighTurnover,
comp_12268,,UpperRevenue,MidAsset,Europe,HighTurnover,
comp_12269,,UpperRevenue,MidAsset,Europe,HighTurnover,
comp_12270,,UpperRevenue,MidAsset,Europe,MidTurnover,
comp_12271,,UpperRevenue,MidAsset,Other_Regions,MidTurnover,
comp_12272,,UpperRevenue,MidAsset,Asia,MidTurnover,
comp_12273,,UpperRevenue,MidAsset,Other_Regions,HighTurnover,
comp_12274,,UpperRevenue,MidAsset,Europe,MidTurnover,
comp_12275,,UpperRevenue,MidAsset,Asia,MidTurnover,
comp_12276,,UpperRevenue,MidAsset,Europe,MidTurnover,
comp_12277,,MidRevenue,MidAsset,Europe,LowTurnover,
comp_12278,,UpperRevenue,MidAsset,Other_Regions,HighTurnover,
comp_12279,,UpperRevenue,MidAsset,Europe,HighTurnover,
comp_12280,,MidRevenue,MidAsset,Europe,LowTurnover,
comp_12281,,UpperRevenue,MidAsset,Other_Regions,MidTurnover,
comp_12282,,UpperRevenue,MidAsset,Other_Regions,MidTurnover,
comp_12283,,MidRevenue,MidAsset,Asia,LowTurnover,
comp_12284,,UpperRevenue,MidAsset,Other_Regions,HighTurnover,
comp_12285,,UpperRevenue,MidAsset,Other_Regions,MidTurnover,
comp_12286,,UpperRevenue,MidAsset,Other_Regions,HighTurnover,
comp_12287,,UpperRevenue,MidAsset,Other_Regions,MidTurnover,
comp_12288,,LowRevenue,MidAsset,Europe,LowTurnover,
comp_12289,,UpperRevenue,MidAsset,Europe,HighTurnover,
comp_12290,,UpperRevenue,MidAsset,Other_Regions,HighTurnover,
comp_12291,,HighRevenue,MidAsset,Other_Regions,HighTurnover,
comp_12292,,UpperRevenue,MidAsset,Europe,HighTurnover,
comp_12293,,UpperRevenue,MidAsset,Other_Regions,HighTurnover,
comp_12294,,MidRevenue,MidAsset,Europe,LowTurnover,
comp_12295,,,MidAsset,Europe,,
comp_12296,,UpperRevenue,MidAsset,Other_Regions,MidTurnover,
comp_12297,,UpperRevenue,MidAsset,Europe,MidTurnover,
comp_12298,,UpperRevenue,MidAsset,Europe,MidTurnover,
comp_12299,,UpperRevenue,MidAsset,Other_Regions,HighTurnover,
comp_12300,,UpperRevenue,MidAsset,Other_Regions,HighTurnover,
comp_12301,,UpperRevenue,MidAsset,Other_Regions,MidTurnover,
comp_12302,,UpperRevenue,MidAsset,Other_Regions,HighTurnover,
comp_12303,,LowRevenue,MidAsset,Other_Regions,LowTurnover,
comp_12304,,UpperRevenue,MidAsset,Europe,HighTurnover,
comp_12305,,LowRevenue,MidAsset,Europe,LowTurnover,
comp_12306,,UpperRevenue,MidAsset,Other_Regions,MidTurnover,
comp_12307,,UpperRevenue,MidAsset,Other_Regions,MidTurnover,
comp_12308,,VeryLowRevenue,MidAsset,Other_Regions,LowTurnover,
comp_12309,,MidRevenue,MidAsset,Europe,LowTurnover,
comp_12310,,UpperRevenue,MidAsset,Europe,MidTurnover,
comp_12311,,UpperRevenue,MidAsset,Europe,HighTurnover,
comp_12312,,UpperRevenue,MidAsset,Europe,HighTurnover,
comp_12313,,UpperRevenue,MidAsset,Other_Regions,HighTurnover,
comp_12314,,UpperRevenue,MidAsset,Other_Regions,HighTurnover,
comp_12315,,UpperRevenue,MidAsset,Other_Regions,HighTurnover,
comp_12316,,UpperRevenue,MidAsset,Other_Regions,HighTurnover,
comp_12317,,UpperRevenue,MidAsset,Europe,HighTurnover,
comp_12318,,UpperRevenue,MidAsset,Other_Regions,MidTurnover,
comp_12319,,UpperRevenue,MidAsset,Europe,HighTurnover,
comp_12320,,UpperRevenue,MidAsset,Europe,HighTurnover,
comp_12321,,UpperRevenue,MidAsset,Europe,MidTurnover,
comp_12322,,UpperRevenue,MidAsset,Other_Regions,MidTurnover,
comp_12323,,MidRevenue,MidAsset,Europe,LowTurnover,
comp_12324,,,MidAsset,Other_Regions,,
comp_12325,,UpperRevenue,MidAsset,Europe,HighTurnover,
comp_12326,,UpperRevenue,MidAsset,Europe,HighTurnover,
comp_12327,,UpperRevenue,MidAsset,Europe,MidTurnover,
comp_12328,,UpperRevenue,MidAsset,Other_Regions,MidTurnover,
comp_12329,,UpperRevenue,MidAsset,Europe,HighTurnover,
comp_12330,,UpperRevenue,MidAsset,Europe,MidTurnover,
comp_12331,,UpperRevenue,MidAsset,Other_Regions,MidTurnover,
comp_12332,,UpperRevenue,MidAsset,Other_Regions,HighTurnover,
comp_12333,,MidRevenue,MidAsset,Other_Regions,MidTurnover,
comp_12334,,MidRevenue,MidAsset,Other_Regions,MidTurnover,
comp_12335,,UpperRevenue,MidAsset,Europe,HighTurnover,
comp_12336,,UpperRevenue,MidAsset,Other_Regions,MidTurnover,
comp_12337,,UpperRevenue,MidAsset,Asia,HighTurnover,
comp_12338,,UpperRevenue,MidAsset,Europe,HighTurnover,
comp_12339,,MidRevenue,MidAsset,Europe,LowTurnover,
comp_12340,,UpperRevenue,MidAsset,Europe,MidTurnover,
comp_12341,,,MidAsset,Europe,,
comp_12342,,UpperRevenue,MidAsset,Other_Regions,HighTurnover,
comp_12343,,UpperRevenue,MidAsset,Other_Regions,HighTurnover,
comp_12344,,MidRevenue,MidAsset,Other_Regions,LowTurnover,
comp_12345,,UpperRevenue,MidAsset,Europe,HighTurnover,
comp_12346,,UpperRevenue,MidAsset,Other_Regions,HighTurnover,
comp_12347,,UpperRevenue,MidAsset,Europe,MidTurnover,
comp_12348,,LowRevenue,MidAsset,Europe,LowTurnover,
comp_12349,,UpperRevenue,MidAsset,Other_Regions,HighTurnover,
comp_12350,,UpperRevenue,MidAsset,Europe,HighTurnover,
comp_12351,,UpperRevenue,MidAsset,Other_Regions,HighTurnover,
comp_12352,,UpperRevenue,MidAsset,Other_Regions,MidTurnover,
comp_12353,,UpperRevenue,MidAsset,Europe,HighTurnover,
comp_12354,,MidRevenue,MidAsset,Other_Regions,LowTurnover,
comp_12355,,UpperRevenue,MidAsset,Other_Regions,MidTurnover,
comp_12356,,UpperRevenue,MidAsset,Other_Regions,HighTurnover,
comp_12357,,UpperRevenue,MidAsset,Europe,HighTurnover,
comp_12358,,UpperRevenue,MidAsset,Asia,HighTurnover,
comp_12359,,VeryLowRevenue,MidAsset,Other_Regions,LowTurnover,
comp_12360,,UpperRevenue,MidAsset,Other_Regions,MidTurnover,
comp_12361,,UpperRevenue,MidAsset,Europe,HighTurnover,
comp_12362,,MidRevenue,MidAsset,Other_Regions,LowTurnover,
comp_12363,,UpperRevenue,MidAsset,Europe,HighTurnover,
comp_12364,,MidRevenue,MidAsset,Other_Regions,LowTurnover,
comp_12365,,MidRevenue,MidAsset,Other_Regions,LowTurnover,
comp_12366,,MidRevenue,MidAsset,Other_Regions,MidTurnover,
comp_12367,,MidRevenue,MidAsset,Other_Regions,LowTurnover,
comp_12368,,LowRevenue,MidAsset,Other_Regions,LowTurnover,
comp_12369,,MidRevenue,MidAsset,Other_Regions,MidTurnover,
comp_12370,,,MidAsset,Other_Regions,,
comp_12371,,UpperRevenue,MidAsset,Other_Regions,MidTurnover,
comp_12372,,UpperRevenue,MidAsset,Europe,MidTurnover,
comp_12373,,VeryLowRevenue,MidAsset,Other_Regions,LowTurnover,
comp_12374,,MidRevenue,MidAsset,Europe,LowTurnover,
comp_12375,,MidRevenue,MidAsset,Other_Regions,LowTurnover,
comp_12376,,UpperRevenue,MidAsset,Europe,MidTurnover,
comp_12377,,MidRevenue,MidAsset,Europe,MidTurnover,
comp_12378,,MidRevenue,MidAsset,Europe,LowTurnover,
comp_12379,,MidRevenue,MidAsset,Other_Regions,LowTurnover,
comp_12380,,UpperRevenue,MidAsset,Other_Regions,HighTurnover,
comp_12381,,UpperRevenue,MidAsset,Europe,HighTurnover,
comp_12382,,MidRevenue,MidAsset,Asia,MidTurnover,
comp_12383,,UpperRevenue,MidAsset,Europe,HighTurnover,
comp_12384,,MidRevenue,MidAsset,Other_Regions,MidTurnover,
comp_12385,,MidRevenue,MidAsset,Other_Regions,MidTurnover,
comp_12386,,UpperRevenue,MidAsset,Europe,HighTurnover,
comp_12387,,MidRevenue,MidAsset,Europe,MidTurnover,
comp_12388,,LowRevenue,MidAsset,Europe,LowTurnover,
comp_12389,,MidRevenue,MidAsset,Other_Regions,MidTurnover,
comp_12390,,MidRevenue,MidAsset,Europe,MidTurnover,
comp_12391,,UpperRevenue,MidAsset,Europe,HighTurnover,
comp_12392,,UpperRevenue,MidAsset,Other_Regions,HighTurnover,
comp_12393,,MidRevenue,MidAsset,Europe,MidTurnover,
comp_12394,,UpperRevenue,MidAsset,Europe,HighTurnover,
comp_12395,,LowRevenue,MidAsset,Europe,LowTurnover,
comp_12396,,MidRevenue,MidAsset,Other_Regions,LowTurnover,
comp_12397,,MidRevenue,MidAsset,Other_Regions,MidTurnover,
comp_12398,,UpperRevenue,MidAsset,Europe,HighTurnover,
comp_12399,,MidRevenue,MidAsset,Europe,MidTurnover,
comp_12400,,MidRevenue,MidAsset,Africa,MidTurnover,
comp_12401,,UpperRevenue,MidAsset,Europe,HighTurnover,
comp_12402,,UpperRevenue,MidAsset,Europe,MidTurnover,
comp_12403,,UpperRevenue,MidAsset,Other_Regions,HighTurnover,
comp_12404,,MidRevenue,MidAsset,Other_Regions,MidTurnover,
comp_12405,,UpperRevenue,MidAsset,South_America,HighTurnover,
comp_12406,,UpperRevenue,MidAsset,Other_Regions,HighTurnover,
comp_12407,,LowRevenue,MidAsset,Europe,LowTurnover,
comp_12408,,LowRevenue,MidAsset,Europe,LowTurnover,
comp_12409,,MidRevenue,MidAsset,Europe,MidTurnover,
comp_12410,,MidRevenue,MidAsset,Other_Regions,MidTurnover,
comp_12411,,UpperRevenue,MidAsset,Europe,HighTurnover,
comp_12412,,MidRevenue,MidAsset,Other_Regions,MidTurnover,
comp_12413,,UpperRevenue,MidAsset,Europe,MidTurnover,
comp_12414,,UpperRevenue,MidAsset,Europe,HighTurnover,
comp_12415,,UpperRevenue,MidAsset,Europe,HighTurnover,
comp_12416,,UpperRevenue,MidAsset,Other_Regions,HighTurnover,
comp_12417,,UpperRevenue,MidAsset,Other_Regions,HighTurnover,
comp_12418,,MidRevenue,MidAsset,Other_Regions,MidTurnover,
comp_12419,,LowRevenue,MidAsset,Europe,LowTurnover,
comp_12420,,MidRevenue,MidAsset,Europe,LowTurnover,
comp_12421,,UpperRevenue,MidAsset,Europe,HighTurnover,
comp_12422,,LowRevenue,MidAsset,Europe,LowTurnover,
comp_12423,,LowRevenue,MidAsset,Asia,LowTurnover,
comp_12424,,MidRevenue,MidAsset,Other_Regions,LowTurnover,
comp_12425,,UpperRevenue,MidAsset,Europe,HighTurnover,
comp_12426,,UpperRevenue,MidAsset,Europe,HighTurnover,
comp_12427,,MidRevenue,MidAsset,Other_Regions,MidTurnover,
comp_12428,,UpperRevenue,MidAsset,Other_Regions,HighTurnover,
comp_12429,,MidRevenue,MidAsset,Other_Regions,MidTurnover,
comp_12430,,LowRevenue,MidAsset,Other_Regions,LowTurnover,
comp_12431,,,MidAsset,Other_Regions,,
comp_12432,,UpperRevenue,MidAsset,Europe,HighTurnover,
comp_12433,,UpperRevenue,MidAsset,Other_Regions,HighTurnover,
comp_12434,,LowRevenue,MidAsset,Other_Regions,LowTurnover,
comp_12435,,UpperRevenue,MidAsset,Europe,HighTurnover,
comp_12436,,UpperRevenue,MidAsset,Europe,HighTurnover,
comp_12437,,LowRevenue,MidAsset,Europe,LowTurnover,
comp_12438,,MidRevenue,MidAsset,Other_Regions,MidTurnover,
comp_12439,,UpperRevenue,MidAsset,Other_Regions,HighTurnover,
comp_12440,,MidRevenue,MidAsset,Other_Regions,MidTurnover,
comp_12441,,UpperRevenue,MidAsset,Europe,HighTurnover,
comp_12442,,UpperRevenue,MidAsset,Other_Regions,HighTurnover,
comp_12443,,UpperRevenue,MidAsset,Europe,HighTurnover,
comp_12444,,MidRevenue,MidAsset,Other_Regions,MidTurnover,
comp_12445,,UpperRevenue,MidAsset,Europe,HighTurnover,
comp_12446,,UpperRevenue,MidAsset,Europe,HighTurnover,
comp_12447,,UpperRevenue,MidAsset,Europe,HighTurnover,
comp_12448,,UpperRevenue,MidAsset,Europe,HighTurnover,
comp_12449,,UpperRevenue,MidAsset,Europe,HighTurnover,
comp_12450,,UpperRevenue,MidAsset,Other_Regions,HighTurnover,
comp_12451,,MidRevenue,MidAsset,Europe,HighTurnover,
comp_12452,,UpperRevenue,MidAsset,Asia,HighTurnover,
comp_12453,,LowRevenue,MidAsset,Europe,LowTurnover,
comp_12454,,MidRevenue,MidAsset,Other_Regions,MidTurnover,
comp_12455,,UpperRevenue,MidAsset,Other_Regions,HighTurnover,
comp_12456,,UpperRevenue,MidAsset,Europe,HighTurnover,
comp_12457,,UpperRevenue,MidAsset,Europe,HighTurnover,
comp_12458,,VeryLowRevenue,MidAsset,Europe,LowTurnover,
comp_12459,,LowRevenue,MidAsset,Europe,LowTurnover,
comp_12460,,UpperRevenue,MidAsset,Europe,HighTurnover,
comp_12461,,LowRevenue,MidAsset,Europe,LowTurnover,
comp_12462,,MidRevenue,MidAsset,Other_Regions,MidTurnover,
comp_12463,,MidRevenue,MidAsset,South_America,MidTurnover,
comp_12464,,MidRevenue,MidAsset,Europe,HighTurnover,
comp_12465,,MidRevenue,MidAsset,Other_Regions,MidTurnover,
comp_12466,,LowRevenue,MidAsset,Europe,LowTurnover,
comp_12467,,MidRevenue,MidAsset,Europe,MidTurnover,
comp_12468,,MidRevenue,MidAsset,Other_Regions,MidTurnover,
comp_12469,,UpperRevenue,MidAsset,Europe,HighTurnover,
comp_12470,,MidRevenue,LightAsset,Other_Regions,LowTurnover,
comp_12471,,UpperRevenue,LightAsset,Europe,HighTurnover,
comp_12472,,UpperRevenue,LightAsset,Europe,HighTurnover,
comp_12473,,MidRevenue,LightAsset,Europe,HighTurnover,
comp_12474,,MidRevenue,LightAsset,Other_Regions,MidTurnover,
comp_12475,,LowRevenue,LightAsset,Other_Regions,LowTurnover,
comp_12476,,UpperRevenue,LightAsset,Europe,HighTurnover,
comp_12477,,MidRevenue,LightAsset,Asia,LowTurnover,
comp_12478,,MidRevenue,LightAsset,Europe,MidTurnover,
comp_12479,,UpperRevenue,LightAsset,Other_Regions,HighTurnover,
comp_12480,,MidRevenue,LightAsset,Other_Regions,HighTurnover,
comp_12481,,UpperRevenue,LightAsset,Other_Regions,HighTurnover,
comp_12482,,MidRevenue,LightAsset,Europe,HighTurnover,
comp_12483,,MidRevenue,LightAsset,Other_Regions,MidTurnover,
comp_12484,,MidRevenue,LightAsset,Europe,MidTurnover,
comp_12485,,UpperRevenue,LightAsset,Europe,HighTurnover,
comp_12486,,VeryLowRevenue,LightAsset,Other_Regions,LowTurnover,
comp_12487,,MidRevenue,LightAsset,Europe,LowTurnover,
comp_12488,,MidRevenue,LightAsset,Asia,LowTurnover,
comp_12489,,MidRevenue,LightAsset,Europe,HighTurnover,
comp_12490,,UpperRevenue,LightAsset,Other_Regions,HighTurnover,
comp_12491,,MidRevenue,LightAsset,Other_Regions,MidTurnover,
comp_12492,,MidRevenue,LightAsset,Other_Regions,MidTurnover,
comp_12493,,MidRevenue,LightAsset,Other_Regions,MidTurnover,
comp_12494,,MidRevenue,LightAsset,Europe,MidTurnover,
comp_12495,,MidRevenue,LightAsset,Other_Regions,MidTurnover,
comp_12496,,MidRevenue,LightAsset,Other_Regions,LowTurnover,
comp_12497,,,LightAsset,Europe,,
comp_12498,,UpperRevenue,LightAsset,Europe,HighTurnover,
comp_12499,,MidRevenue,LightAsset,Europe,LowTurnover,
comp_12500,,LowRevenue,LightAsset,Other_Regions,LowTurnover,
comp_12501,,UpperRevenue,LightAsset,Other_Regions,HighTurnover,
comp_12502,,MidRevenue,LightAsset,Other_Regions,MidTurnover,
comp_12503,,MidRevenue,LightAsset,Other_Regions,MidTurnover,
comp_12504,,MidRevenue,LightAsset,Asia,MidTurnover,
comp_12505,,MidRevenue,LightAsset,Other_Regions,HighTurnover,
comp_12506,,MidRevenue,LightAsset,Other_Regions,MidTurnover,
comp_12507,,,LightAsset,Other_Regions,,
comp_12508,,MidRevenue,LightAsset,Europe,MidTurnover,
comp_12509,,LowRevenue,LightAsset,Europe,LowTurnover,
comp_12510,,MidRevenue,LightAsset,Other_Regions,LowTurnover,
comp_12511,,UpperRevenue,LightAsset,Other_Regions,HighTurnover,
comp_12512,,MidRevenue,LightAsset,Other_Regions,MidTurnover,
comp_12513,,MidRevenue,LightAsset,Europe,MidTurnover,
comp_12514,,MidRevenue,LightAsset,Europe,HighTurnover,
comp_12515,,UpperRevenue,LightAsset,Other_Regions,HighTurnover,
comp_12516,,MidRevenue,LightAsset,Other_Regions,MidTurnover,
comp_12517,,MidRevenue,LightAsset,Europe,HighTurnover,
comp_12518,,MidRevenue,LightAsset,Europe,LowTurnover,
comp_12519,,MidRevenue,LightAsset,Other_Regions,MidTurnover,
comp_12520,,MidRevenue,LightAsset,Other_Regions,MidTurnover,
comp_12521,,MidRevenue,LightAsset,Europe,LowTurnover,
comp_12522,,MidRevenue,LightAsset,South_America,MidTurnover,
comp_12523,,MidRevenue,LightAsset,Europe,HighTurnover,
comp_12524,,MidRevenue,LightAsset,Other_Regions,MidTurnover,
comp_12525,,UpperRevenue,LightAsset,Europe,HighTurnover,
comp_12526,,MidRevenue,LightAsset,Other_Regions,HighTurnover,
comp_12527,,MidRevenue,LightAsset,Europe,HighTurnover,
comp_12528,,UpperRevenue,LightAsset,Europe,HighTurnover,
comp_12529,,MidRevenue,LightAsset,Europe,HighTurnover,
comp_12530,,MidRevenue,LightAsset,Other_Regions,MidTurnover,
comp_12531,,MidRevenue,LightAsset,Other_Regions,HighTurnover,
comp_12532,,MidRevenue,LightAsset,Europe,MidTurnover,
comp_12533,,LowRevenue,LightAsset,Europe,LowTurnover,
comp_12534,,MidRevenue,LightAsset,Other_Regions,LowTurnover,
comp_12535,,MidRevenue,LightAsset,Other_Regions,MidTurnover,
comp_12536,,MidRevenue,LightAsset,Europe,LowTurnover,
comp_12537,,MidRevenue,LightAsset,Other_Regions,MidTurnover,
comp_12538,,MidRevenue,LightAsset,Europe,LowTurnover,
comp_12539,,MidRevenue,LightAsset,Other_Regions,MidTurnover,
comp_12540,,MidRevenue,LightAsset,Europe,MidTurnover,
comp_12541,,LowRevenue,LightAsset,Other_Regions,LowTurnover,
comp_12542,,MidRevenue,LightAsset,Other_Regions,MidTurnover,
comp_12543,,MidRevenue,LightAsset,Other_Regions,HighTurnover,
comp_12544,,MidRevenue,LightAsset,Europe,HighTurnover,
comp_12545,,VeryLowRevenue,LightAsset,Other_Regions,LowTurnover,
comp_12546,,MidRevenue,LightAsset,Europe,HighTurnover,
comp_12547,,UpperRevenue,LightAsset,Other_Regions,HighTurnover,
comp_12548,,UpperRevenue,LightAsset,Europe,HighTurnover,
comp_12549,,LowRevenue,LightAsset,Europe,LowTurnover,
comp_12550,,MidRevenue,LightAsset,Europe,HighTurnover,
comp_12551,,MidRevenue,LightAsset,Other_Regions,MidTurnover,
comp_12552,,MidRevenue,LightAsset,Europe,HighTurnover,
comp_12553,,MidRevenue,LightAsset,Europe,MidTurnover,
comp_12554,,MidRevenue,LightAsset,Europe,LowTurnover,
comp_12555,,UpperRevenue,LightAsset,Europe,HighTurnover,
comp_12556,,MidRevenue,LightAsset,Europe,HighTurnover,
comp_12557,,LowRevenue,LightAsset,Asia,LowTurnover,
comp_12558,,MidRevenue,LightAsset,Other_Regions,MidTurnover,
comp_12559,,MidRevenue,LightAsset,Europe,MidTurnover,
comp_12560,,UpperRevenue,LightAsset,Other_Regions,HighTurnover,
comp_12561,,LowRevenue,LightAsset,Europe,LowTurnover,
comp_12562,,UpperRevenue,LightAsset,Europe,HighTurnover,
comp_12563,,LowRevenue,LightAsset,Other_Regions,LowTurnover,
comp_12564,,LowRevenue,LightAsset,Other_Regions,LowTurnover,
comp_12565,,UpperRevenue,LightAsset,Other_Regions,HighTurnover,
comp_12566,,MidRevenue,LightAsset,Europe,HighTurnover,
comp_12567,,MidRevenue,LightAsset,Europe,HighTurnover,
comp_12568,,UpperRevenue,LightAsset,Other_Regions,HighTurnover,
comp_12569,,MidRevenue,LightAsset,Other_Regions,LowTurnover,
comp_12570,,MidRevenue,LightAsset,Europe,HighTurnover,
comp_12571,,MidRevenue,LightAsset,Asia,MidTurnover,
comp_12572,,MidRevenue,LightAsset,Europe,MidTurnover,
comp_12573,,MidRevenue,LightAsset,Other_Regions,HighTurnover,
comp_12574,,MidRevenue,LightAsset,Other_Regions,MidTurnover,
comp_12575,,MidRevenue,LightAsset,Europe,MidTurnover,
comp_12576,,MidRevenue,LightAsset,Other_Regions,HighTurnover,
comp_12577,,MidRevenue,LightAsset,Other_Regions,HighTurnover,
comp_12578,,UpperRevenue,LightAsset,Europe,HighTurnover,
comp_12579,,MidRevenue,LightAsset,Other_Regions,MidTurnover,
comp_12580,,MidRevenue,LightAsset,Other_Regions,HighTurnover,
comp_12581,,UpperRevenue,LightAsset,Other_Regions,HighTurnover,
comp_12582,,UpperRevenue,LightAsset,Other_Regions,HighTurnover,
comp_12583,,UpperRevenue,LightAsset,Europe,HighTurnover,
comp_12584,,MidRevenue,LightAsset,Other_Regions,MidTurnover,
comp_12585,,,LightAsset,Europe,,
comp_12586,,MidRevenue,LightAsset,Other_Regions,LowTurnover,
comp_12587,,MidRevenue,LightAsset,Europe,MidTurnover,
comp_12588,,MidRevenue,LightAsset,Europe,HighTurnover,
comp_12589,,UpperRevenue,LightAsset,Europe,HighTurnover,
comp_12590,,LowRevenue,LightAsset,Europe,LowTurnover,
comp_12591,,LowRevenue,LightAsset,Europe,LowTurnover,
comp_12592,,MidRevenue,LightAsset,Asia,MidTurnover,
comp_12593,,MidRevenue,LightAsset,Europe,HighTurnover,
comp_12594,,MidRevenue,LightAsset,Europe,MidTurnover,
comp_12595,,MidRevenue,LightAsset,South_America,MidTurnover,
comp_12596,,LowRevenue,LightAsset,Other_Regions,LowTurnover,
comp_12597,,LowRevenue,LightAsset,Other_Regions,LowTurnover,
comp_12598,,MidRevenue,LightAsset,Other_Regions,MidTurnover,
comp_12599,,MidRevenue,LightAsset,Europe,HighTurnover,
comp_12600,,MidRevenue,LightAsset,Other_Regions,HighTurnover,
comp_12601,,MidRevenue,LightAsset,Other_Regions,MidTurnover,
comp_12602,,UpperRevenue,LightAsset,Other_Regions,HighTurnover,
comp_12603,,MidRevenue,LightAsset,Other_Regions,MidTurnover,
comp_12604,,LowRevenue,LightAsset,Asia,LowTurnover,
comp_12605,,MidRevenue,LightAsset,Europe,MidTurnover,
comp_12606,,UpperRevenue,LightAsset,Other_Regions,HighTurnover,
comp_12607,,MidRevenue,LightAsset,Other_Regions,MidTurnover,
comp_12608,,MidRevenue,LightAsset,Europe,MidTurnover,
comp_12609,,MidRevenue,LightAsset,Other_Regions,HighTurnover,
comp_12610,,MidRevenue,LightAsset,Other_Regions,MidTurnover,
comp_12611,,MidRevenue,LightAsset,Europe,LowTurnover,
comp_12612,,LowRevenue,LightAsset,Other_Regions,LowTurnover,
comp_12613,,MidRevenue,LightAsset,Other_Regions,HighTurnover,
comp_12614,,MidRevenue,LightAsset,Europe,MidTurnover,
comp_12615,,MidRevenue,LightAsset,Other_Regions,LowTurnover,
comp_12616,,MidRevenue,LightAsset,Europe,HighTurnover,
comp_12617,,LowRevenue,LightAsset,Europe,LowTurnover,
comp_12618,,MidRevenue,LightAsset,Europe,LowTurnover,
comp_12619,,LowRevenue,LightAsset,Other_Regions,LowTurnover,
comp_12620,,MidRevenue,LightAsset,Other_Regions,HighTurnover,
comp_12621,,MidRevenue,LightAsset,Other_Regions,MidTurnover,
comp_12622,,MidRevenue,LightAsset,Europe,LowTurnover,
comp_12623,,UpperRevenue,LightAsset,Other_Regions,HighTurnover,
comp_12624,,LowRevenue,LightAsset,Europe,LowTurnover,
comp_12625,,MidRevenue,LightAsset,Europe,HighTurnover,
comp_12626,,MidRevenue,LightAsset,Europe,MidTurnover,
comp_12627,,MidRevenue,LightAsset,Other_Regions,LowTurnover,
comp_12628,,LowRevenue,LightAsset,Europe,LowTurnover,
comp_12629,,MidRevenue,LightAsset,Other_Regions,LowTurnover,
comp_12630,,MidRevenue,LightAsset,Other_Regions,LowTurnover,
comp_12631,,LowRevenue,LightAsset,Europe,LowTurnover,
comp_12632,,MidRevenue,LightAsset,Europe,HighTurnover,
comp_12633,,LowRevenue,LightAsset,Other_Regions,LowTurnover,
comp_12634,,VeryLowRevenue,LightAsset,Other_Regions,LowTurnover,
comp_12635,,LowRevenue,LightAsset,Europe,LowTurnover,
comp_12636,,MidRevenue,LightAsset,Other_Regions,HighTurnover,
comp_12637,,MidRevenue,LightAsset,Other_Regions,MidTurnover,
comp_12638,,MidRevenue,LightAsset,Europe,HighTurnover,
comp_12639,,MidRevenue,LightAsset,Other_Regions,HighTurnover,
comp_12640,,MidRevenue,LightAsset,Europe,MidTurnover,
comp_12641,,MidRevenue,LightAsset,Other_Regions,HighTurnover,
comp_12642,,MidRevenue,LightAsset,Europe,HighTurnover,
comp_12643,,MidRevenue,LightAsset,Europe,HighTurnover,
comp_12644,,MidRevenue,LightAsset,Europe,MidTurnover,
comp_12645,,MidRevenue,LightAsset,Other_Regions,HighTurnover,
comp_12646,,MidRevenue,LightAsset,Europe,MidTurnover,
comp_12647,,MidRevenue,LightAsset,Europe,MidTurnover,
comp_12648,,MidRevenue,LightAsset,Europe,HighTurnover,
comp_12649,,MidRevenue,LightAsset,Other_Regions,LowTurnover,
comp_12650,,MidRevenue,LightAsset,Europe,HighTurnover,
comp_12651,,MidRevenue,LightAsset,Europe,HighTurnover,
comp_12652,,UpperRevenue,LightAsset,Europe,HighTurnover,
comp_12653,,MidRevenue,LightAsset,Other_Regions,MidTurnover,
comp_12654,,MidRevenue,LightAsset,Europe,HighTurnover,
comp_12655,,LowRevenue,LightAsset,Other_Regions,LowTurnover,
comp_12656,,MidRevenue,LightAsset,Europe,HighTurnover,
comp_12657,,MidRevenue,LightAsset,Europe,HighTurnover,
comp_12658,,MidRevenue,LightAsset,Europe,HighTurnover,
comp_12659,,MidRevenue,LightAsset,Europe,HighTurnover,
comp_12660,,MidRevenue,LightAsset,Europe,HighTurnover,
comp_12661,,MidRevenue,LightAsset,Other_Regions,HighTurnover,
comp_12662,,MidRevenue,LightAsset,Other_Regions,HighTurnover,
comp_12663,,MidRevenue,LightAsset,Europe,HighTurnover,
comp_12664,,MidRevenue,LightAsset,Europe,MidTurnover,
comp_12665,,UpperRevenue,LightAsset,Other_Regions,HighTurnover,
comp_12666,,MidRevenue,LightAsset,Europe,MidTurnover,
comp_12667,,MidRevenue,LightAsset,Other_Regions,MidTurnover,
comp_12668,,MidRevenue,LightAsset,Europe,HighTurnover,
comp_12669,,UpperRevenue,LightAsset,Other_Regions,HighTurnover,
comp_12670,,MidRevenue,LightAsset,Other_Regions,HighTurnover,
comp_12671,,MidRevenue,LightAsset,Europe,MidTurnover,
comp_12672,,LowRevenue,LightAsset,Europe,LowTurnover,
comp_12673,,MidRevenue,LightAsset,Europe,HighTurnover,
comp_12674,,MidRevenue,LightAsset,Europe,HighTurnover,
comp_12675,,MidRevenue,LightAsset,Europe,HighTurnover,
comp_12676,,LowRevenue,LightAsset,Europe,LowTurnover,
comp_12677,,MidRevenue,LightAsset,Other_Regions,HighTurnover,
comp_12678,,MidRevenue,LightAsset,Europe,HighTurnover,
comp_12679,,MidRevenue,LightAsset,Europe,HighTurnover,
comp_12680,,MidRevenue,LightAsset,Europe,HighTurnover,
comp_12681,,MidRevenue,LightAsset,Other_Regions,HighTurnover,
comp_12682,,MidRevenue,LightAsset,Europe,HighTurnover,
comp_12683,,MidRevenue,LightAsset,Europe,HighTurnover,
comp_12684,,MidRevenue,LightAsset,Other_Regions,HighTurnover,
comp_12685,,MidRevenue,LightAsset,Other_Regions,HighTurnover,
comp_12686,,MidRevenue,LightAsset,Other_Regions,HighTurnover,
comp_12687,,MidRevenue,LightAsset,Europe,MidTurnover,
comp_12688,,LowRevenue,LightAsset,Europe,LowTurnover,
comp_12689,,MidRevenue,LightAsset,Other_Regions,HighTurnover,
comp_12690,,MidRevenue,LightAsset,Europe,MidTurnover,
comp_12691,,,LightAsset,Other_Regions,,
comp_12692,,MidRevenue,LightAsset,Europe,MidTurnover,
comp_12693,,MidRevenue,LightAsset,Other_Regions,MidTurnover,
comp_12694,,MidRevenue,LightAsset,Asia,MidTurnover,
comp_12695,,LowRevenue,LightAsset,Europe,LowTurnover,
comp_12696,,MidRevenue,LightAsset,Europe,HighTurnover,
comp_12697,,MidRevenue,LightAsset,Europe,HighTurnover,
comp_12698,,MidRevenue,LightAsset,Other_Regions,HighTurnover,
comp_12699,,MidRevenue,LightAsset,Europe,LowTurnover,
comp_12700,,LowRevenue,LightAsset,Europe,LowTurnover,
comp_12701,,MidRevenue,LightAsset,Other_Regions,MidTurnover,
comp_12702,,MidRevenue,LightAsset,Europe,HighTurnover,
comp_12703,,MidRevenue,LightAsset,Other_Regions,HighTurnover,
comp_12704,,MidRevenue,LightAsset,Europe,MidTurnover,
comp_12705,,MidRevenue,LightAsset,Europe,HighTurnover,
comp_12706,,MidRevenue,LightAsset,Europe,HighTurnover,
comp_12707,,MidRevenue,LightAsset,Europe,LowTurnover,
comp_12708,,LowRevenue,LightAsset,Europe,LowTurnover,
comp_12709,,MidRevenue,LightAsset,Europe,HighTurnover,
comp_12710,,MidRevenue,LightAsset,Other_Regions,HighTurnover,
comp_12711,,VeryLowRevenue,LightAsset,Europe,LowTurnover,
comp_12712,,MidRevenue,LightAsset,Europe,HighTurnover,
comp_12713,,MidRevenue,LightAsset,Other_Regions,HighTurnover,
comp_12714,,MidRevenue,LightAsset,Other_Regions,MidTurnover,
comp_12715,,LowRevenue,LightAsset,Asia,LowTurnover,
comp_12716,,VeryLowRevenue,LightAsset,Europe,LowTurnover,
comp_12717,,LowRevenue,LightAsset,Europe,LowTurnover,
comp_12718,,VeryLowRevenue,LightAsset,Other_Regions,LowTurnover,
comp_12719,,MidRevenue,LightAsset,Europe,MidTurnover,
comp_12720,,MidRevenue,LightAsset,Other_Regions,HighTurnover,
comp_12721,,MidRevenue,LightAsset,Europe,MidTurnover,
comp_12722,,,LightAsset,Other_Regions,,
comp_12723,,MidRevenue,LightAsset,Other_Regions,MidTurnover,
comp_12724,,MidRevenue,LightAsset,Europe,MidTurnover,
comp_12725,,LowRevenue,LightAsset,Europe,LowTurnover,
comp_12726,,MidRevenue,LightAsset,Other_Regions,HighTurnover,
comp_12727,,MidRevenue,LightAsset,Europe,HighTurnover,
comp_12728,,MidRevenue,LightAsset,Other_Regions,HighTurnover,
comp_12729,,LowRevenue,LightAsset,Europe,LowTurnover,
comp_12730,,LowRevenue,LightAsset,Europe,LowTurnover,
comp_12731,,LowRevenue,LightAsset,Europe,LowTurnover,
comp_12732,,LowRevenue,LightAsset,Other_Regions,LowTurnover,
comp_12733,,LowRevenue,LightAsset,Europe,LowTurnover,
comp_12734,,MidRevenue,LightAsset,Europe,HighTurnover,
comp_12735,,LowRevenue,LightAsset,Other_Regions,LowTurnover,
comp_12736,,MidRevenue,LightAsset,Asia,HighTurnover,
comp_12737,,MidRevenue,LightAsset,Other_Regions,HighTurnover,
comp_12738,,LowRevenue,LightAsset,Other_Regions,LowTurnover,
comp_12739,,LowRevenue,LightAsset,Europe,LowTurnover,
comp_12740,,MidRevenue,LightAsset,Europe,HighTurnover,
comp_12741,,MidRevenue,LightAsset,Other_Regions,MidTurnover,
comp_12742,,MidRevenue,LightAsset,Europe,HighTurnover,
comp_12743,,MidRevenue,LightAsset,Europe,HighTurnover,
comp_12744,,MidRevenue,LightAsset,Europe,HighTurnover,
comp_12745,,LowRevenue,LightAsset,Europe,LowTurnover,
comp_12746,,MidRevenue,LightAsset,Other_Regions,MidTurnover,
comp_12747,,MidRevenue,LightAsset,Other_Regions,MidTurnover,
comp_12748,,MidRevenue,LightAsset,Europe,HighTurnover,
comp_12749,,LowRevenue,LightAsset,Europe,LowTurnover,
comp_12750,,MidRevenue,LightAsset,Europe,MidTurnover,
comp_12751,,MidRevenue,LightAsset,Other_Regions,MidTurnover,
comp_12752,,MidRevenue,LightAsset,Europe,MidTurnover,
comp_12753,,LowRevenue,LightAsset,Europe,LowTurnover,
comp_12754,,MidRevenue,LightAsset,Other_Regions,HighTurnover,
comp_12755,,LowRevenue,LightAsset,Europe,LowTurnover,
comp_12756,,MidRevenue,LightAsset,Europe,HighTurnover,
comp_12757,,LowRevenue,LightAsset,Europe,LowTurnover,
comp_12758,,LowRevenue,LightAsset,Europe,LowTurnover,
comp_12759,,MidRevenue,LightAsset,Asia,MidTurnover,
comp_12760,,MidRevenue,LightAsset,Europe,HighTurnover,
comp_12761,,MidRevenue,LightAsset,Other_Regions,HighTurnover,
comp_12762,,MidRevenue,LightAsset,Other_Regions,LowTurnover,
comp_12763,,MidRevenue,LightAsset,Europe,HighTurnover,
comp_12764,,LowRevenue,LightAsset,Europe,LowTurnover,
comp_12765,,MidRevenue,LightAsset,Other_Regions,HighTurnover,
comp_12766,,MidRevenue,LightAsset,Other_Regions,HighTurnover,
comp_12767,,MidRevenue,LightAsset,Asia,MidTurnover,
comp_12768,,MidRevenue,LightAsset,Other_Regions,HighTurnover,
comp_12769,,LowRevenue,LightAsset,Europe,LowTurnover,
comp_12770,,UpperRevenue,LightAsset,Europe,HighTurnover,
comp_12771,,LowRevenue,LightAsset,Europe,LowTurnover,
comp_12772,,MidRevenue,LightAsset,Other_Regions,HighTurnover,
comp_12773,,LowRevenue,LightAsset,Europe,LowTurnover,
comp_12774,,,LightAsset,Other_Regions,,
comp_12775,,,LightAsset,Europe,,
comp_12776,,LowRevenue,LightAsset,Europe,LowTurnover,
comp_12777,,MidRevenue,LightAsset,Other_Regions,HighTurnover,
comp_12778,,MidRevenue,LightAsset,Europe,HighTurnover,
comp_12779,,LowRevenue,LightAsset,Europe,LowTurnover,
comp_12780,,MidRevenue,LightAsset,Other_Regions,HighTurnover,
comp_12781,,MidRevenue,LightAsset,Other_Regions,MidTurnover,
comp_12782,,MidRevenue,LightAsset,Europe,HighTurnover,
comp_12783,,MidRevenue,LightAsset,Europe,HighTurnover,
comp_12784,,MidRevenue,LightAsset,Other_Regions,MidTurnover,
comp_12785,,MidRevenue,LightAsset,Other_Regions,HighTurnover,
comp_12786,,MidRevenue,LightAsset,Europe,HighTurnover,
comp_12787,,MidRevenue,LightAsset,Europe,HighTurnover,
comp_12788,,MidRevenue,LightAsset,Other_Regions,MidTurnover,
comp_12789,,MidRevenue,LightAsset,Europe,HighTurnover,
comp_12790,,MidRevenue,LightAsset,Other_Regions,HighTurnover,
comp_12791,,MidRevenue,LightAsset,Other_Regions,MidTurnover,
comp_12792,,MidRevenue,LightAsset,Other_Regions,HighTurnover,
comp_12793,,MidRevenue,LightAsset,Asia,MidTurnover,
comp_12794,,MidRevenue,LightAsset,Other_Regions,HighTurnover,
comp_12795,,MidRevenue,LightAsset,Europe,MidTurnover,
comp_12796,,VeryLowRevenue,LightAsset,Asia,LowTurnover,
comp_12797,,MidRevenue,LightAsset,Other_Regions,HighTurnover,
comp_12798,,MidRevenue,LightAsset,Other_Regions,HighTurnover,
comp_12799,,MidRevenue,LightAsset,Europe,HighTurnover,
comp_12800,,LowRevenue,LightAsset,Europe,LowTurnover,
comp_12801,,MidRevenue,LightAsset,Europe,HighTurnover,
comp_12802,,MidRevenue,LightAsset,Africa,MidTurnover,
comp_12803,,MidRevenue,LightAsset,Other_Regions,MidTurnover,
comp_12804,,VeryLowRevenue,LightAsset,Europe,LowTurnover,
comp_12805,,VeryLowRevenue,LightAsset,Europe,LowTurnover,
comp_12806,,MidRevenue,LightAsset,Europe,MidTurnover,
comp_12807,,LowRevenue,LightAsset,Other_Regions,LowTurnover,
comp_12808,,MidRevenue,LightAsset,Asia,MidTurnover,
comp_12809,,MidRevenue,LightAsset,Other_Regions,HighTurnover,
comp_12810,,MidRevenue,LightAsset,Other_Regions,HighTurnover,
comp_12811,,MidRevenue,LightAsset,Europe,MidTurnover,
comp_12812,,MidRevenue,LightAsset,Europe,HighTurnover,
comp_12813,,MidRevenue,LightAsset,Europe,HighTurnover,
comp_12814,,MidRevenue,LightAsset,Europe,HighTurnover,
comp_12815,,MidRevenue,LightAsset,Other_Regions,MidTurnover,
comp_12816,,,LightAsset,Europe,,
comp_12817,,MidRevenue,LightAsset,Europe,HighTurnover,
comp_12818,,LowRevenue,LightAsset,Other_Regions,LowTurnover,
comp_12819,,MidRevenue,LightAsset,Europe,MidTurnover,
comp_12820,,LowRevenue,LightAsset,Other_Regions,LowTurnover,
comp_12821,,MidRevenue,LightAsset,Europe,HighTurnover,
comp_12822,,MidRevenue,LightAsset,Europe,HighTurnover,
comp_12823,,UpperRevenue,LightAsset,Other_Regions,HighTurnover,
comp_12824,,MidRevenue,LightAsset,Other_Regions,HighTurnover,
comp_12825,,MidRevenue,LightAsset,Europe,MidTurnover,
comp_12826,,MidRevenue,LightAsset,Other_Regions,HighTurnover,
comp_12827,,MidRevenue,LightAsset,Europe,HighTurnover,
comp_12828,,MidRevenue,LightAsset,Europe,HighTurnover,
comp_12829,,MidRevenue,LightAsset,Other_Regions,HighTurnover,
comp_12830,,LowRevenue,LightAsset,Other_Regions,LowTurnover,
comp_12831,,MidRevenue,LightAsset,Europe,HighTurnover,
comp_12832,,UpperRevenue,LightAsset,Europe,HighTurnover,
comp_12833,,MidRevenue,LightAsset,Europe,HighTurnover,
comp_12834,,MidRevenue,LightAsset,Other_Regions,HighTurnover,
comp_12835,,MidRevenue,LightAsset,Europe,HighTurnover,
comp_12836,,MidRevenue,LightAsset,Europe,HighTurnover,
comp_12837,,LowRevenue,LightAsset,Europe,LowTurnover,
comp_12838,,MidRevenue,LightAsset,Europe,MidTurnover,
comp_12839,,LowRevenue,LightAsset,Europe,MidTurnover,
comp_12840,,MidRevenue,LightAsset,Europe,MidTurnover,
comp_12841,,MidRevenue,LightAsset,Asia,HighTurnover,
comp_12842,,MidRevenue,LightAsset,Other_Regions,HighTurnover,
comp_12843,,,LightAsset,Other_Regions,,
comp_12844,,MidRevenue,LightAsset,Other_Regions,HighTurnover,
comp_12845,,MidRevenue,LightAsset,Other_Regions,HighTurnover,
comp_12846,,LowRevenue,LightAsset,Other_Regions,LowTurnover,
comp_12847,,VeryLowRevenue,LightAsset,Other_Regions,LowTurnover,
comp_12848,,LowRevenue,LightAsset,Europe,MidTurnover,
comp_12849,,VeryLowRevenue,LightAsset,Asia,LowTurnover,
comp_12850,,MidRevenue,LightAsset,Europe,HighTurnover,
comp_12851,,MidRevenue,LightAsset,Other_Regions,HighTurnover,
comp_12852,,MidRevenue,LightAsset,Other_Regions,HighTurnover,
comp_12853,,MidRevenue,LightAsset,Europe,HighTurnover,
comp_12854,,MidRevenue,LightAsset,Europe,HighTurnover,
comp_12855,,UpperRevenue,LightAsset,Other_Regions,HighTurnover,
comp_12856,,MidRevenue,LightAsset,Europe,HighTurnover,
comp_12857,,,LightAsset,Other_Regions,,
comp_12858,,MidRevenue,LightAsset,Europe,HighTurnover,
comp_12859,,LowRevenue,LightAsset,South_America,LowTurnover,
comp_12860,,MidRevenue,LightAsset,Europe,HighTurnover,
comp_12861,,LowRevenue,LightAsset,Europe,LowTurnover,
comp_12862,,MidRevenue,LightAsset,Europe,MidTurnover,
comp_12863,,LowRevenue,LightAsset,Other_Regions,LowTurnover,
comp_12864,,MidRevenue,LightAsset,South_America,MidTurnover,
comp_12865,,LowRevenue,LightAsset,Europe,LowTurnover,
comp_12866,,MidRevenue,LightAsset,Other_Regions,MidTurnover,
comp_12867,,LowRevenue,LightAsset,Europe,MidTurnover,
comp_12868,,MidRevenue,LightAsset,Other_Regions,HighTurnover,
comp_12869,,MidRevenue,LightAsset,Other_Regions,MidTurnover,
comp_12870,,MidRevenue,LightAsset,Other_Regions,MidTurnover,
comp_12871,,MidRevenue,LightAsset,Europe,HighTurnover,
comp_12872,,MidRevenue,LightAsset,Other_Regions,HighTurnover,
comp_12873,,MidRevenue,LightAsset,Europe,MidTurnover,
comp_12874,,MidRevenue,LightAsset,Europe,HighTurnover,
comp_12875,,MidRevenue,LightAsset,Other_Regions,HighTurnover,
comp_12876,,MidRevenue,LightAsset,Other_Regions,MidTurnover,
comp_12877,,LowRevenue,LightAsset,Other_Regions,LowTurnover,
comp_12878,,LowRevenue,LightAsset,Europe,MidTurnover,
comp_12879,,LowRevenue,LightAsset,Other_Regions,LowTurnover,
comp_12880,,MidRevenue,LightAsset,Europe,HighTurnover,
comp_12881,,MidRevenue,LightAsset,Europe,HighTurnover,
comp_12882,,MidRevenue,LightAsset,Europe,MidTurnover,
comp_12883,,MidRevenue,LightAsset,Other_Regions,HighTurnover,
comp_12884,,MidRevenue,LightAsset,Europe,HighTurnover,
comp_12885,,MidRevenue,LightAsset,Other_Regions,HighTurnover,
comp_12886,,MidRevenue,LightAsset,Other_Regions,HighTurnover,
comp_12887,,MidRevenue,LightAsset,Other_Regions,HighTurnover,
comp_12888,,MidRevenue,LightAsset,Other_Regions,HighTurnover,
comp_12889,,MidRevenue,LightAsset,Other_Regions,HighTurnover,
comp_12890,,LowRevenue,LightAsset,Europe,LowTurnover,
comp_12891,,,LightAsset,Europe,,
comp_12892,,MidRevenue,LightAsset,Other_Regions,HighTurnover,
comp_12893,,MidRevenue,LightAsset,Other_Regions,MidTurnover,
comp_12894,,MidRevenue,LightAsset,South_America,HighTurnover,
comp_12895,,MidRevenue,LightAsset,Europe,MidTurnover,
comp_12896,,MidRevenue,LightAsset,Europe,HighTurnover,
comp_12897,,MidRevenue,LightAsset,Europe,HighTurnover,
comp_12898,,VeryLowRevenue,LightAsset,Asia,LowTurnover,
comp_12899,,MidRevenue,LightAsset,Europe,MidTurnover,
comp_12900,,LowRevenue,LightAsset,Other_Regions,LowTurnover,
comp_12901,,LowRevenue,LightAsset,Europe,LowTurnover,
comp_12902,,MidRevenue,LightAsset,Europe,HighTurnover,
comp_12903,,MidRevenue,LightAsset,Other_Regions,HighTurnover,
comp_12904,,LowRevenue,LightAsset,Other_Regions,LowTurnover,
comp_12905,,MidRevenue,LightAsset,Europe,HighTurnover,
comp_12906,,LowRevenue,LightAsset,Other_Regions,LowTurnover,
comp_12907,,MidRevenue,LightAsset,Europe,MidTurnover,
comp_12908,,MidRevenue,LightAsset,Europe,HighTurnover,
comp_12909,,MidRevenue,LightAsset,Europe,HighTurnover,
comp_12910,,MidRevenue,LightAsset,Europe,MidTurnover,
comp_12911,,MidRevenue,LightAsset,Other_Regions,MidTurnover,
comp_12912,,MidRevenue,LightAsset,Europe,MidTurnover,
comp_12913,,MidRevenue,LightAsset,Europe,MidTurnover,
comp_12914,,MidRevenue,LightAsset,Europe,HighTurnover,
comp_12915,,MidRevenue,LightAsset,Europe,MidTurnover,
comp_12916,,,LightAsset,Other_Regions,,
comp_12917,,MidRevenue,LightAsset,Other_Regions,HighTurnover,
comp_12918,,MidRevenue,LightAsset,Other_Regions,HighTurnover,
comp_12919,,MidRevenue,LightAsset,Europe,HighTurnover,
comp_12920,,MidRevenue,LightAsset,Other_Regions,HighTurnover,
comp_12921,,MidRevenue,LightAsset,Other_Regions,HighTurnover,
comp_12922,,LowRevenue,LightAsset,Other_Regions,LowTurnover,
comp_12923,,MidRevenue,LightAsset,Other_Regions,MidTurnover,
comp_12924,,MidRevenue,LightAsset,Other_Regions,HighTurnover,
comp_12925,,VeryLowRevenue,LightAsset,Asia,LowTurnover,
comp_12926,,MidRevenue,LightAsset,Europe,HighTurnover,
comp_12927,,MidRevenue,LightAsset,Other_Regions,MidTurnover,
comp_12928,,LowRevenue,LightAsset,Europe,LowTurnover,
comp_12929,,MidRevenue,LightAsset,Europe,HighTurnover,
comp_12930,,VeryLowRevenue,LightAsset,Europe,LowTurnover,
comp_12931,,MidRevenue,LightAsset,Europe,HighTurnover,
comp_12932,,MidRevenue,LightAsset,Europe,HighTurnover,
comp_12933,,MidRevenue,LightAsset,Europe,MidTurnover,
comp_12934,,MidRevenue,LightAsset,Europe,HighTurnover,
comp_12935,,MidRevenue,LightAsset,Other_Regions,HighTurnover,
comp_12936,,MidRevenue,LightAsset,Europe,HighTurnover,
comp_12937,,MidRevenue,LightAsset,Other_Regions,HighTurnover,
comp_12938,,MidRevenue,LightAsset,Other_Regions,HighTurnover,
comp_12939,,MidRevenue,LightAsset,Other_Regions,HighTurnover,
comp_12940,,VeryLowRevenue,LightAsset,Other_Regions,LowTurnover,
comp_12941,,,LightAsset,Europe,,
comp_12942,,MidRevenue,LightAsset,Other_Regions,HighTurnover,
comp_12943,,MidRevenue,LightAsset,Other_Regions,MidTurnover,
comp_12944,,MidRevenue,LightAsset,Europe,HighTurnover,
comp_12945,,MidRevenue,LightAsset,Europe,HighTurnover,
comp_12946,,MidRevenue,LightAsset,Europe,MidTurnover,
comp_12947,,MidRevenue,LightAsset,Other_Regions,HighTurnover,
comp_12948,,MidRevenue,LightAsset,Europe,MidTurnover,
comp_12949,,LowRevenue,LightAsset,Asia,LowTurnover,
comp_12950,,MidRevenue,LightAsset,Europe,HighTurnover,
comp_12951,,MidRevenue,LightAsset,Other_Regions,HighTurnover,
comp_12952,,LowRevenue,LightAsset,Europe,LowTurnover,
comp_12953,,MidRevenue,LightAsset,Other_Regions,MidTurnover,
comp_12954,,MidRevenue,LightAsset,Europe,HighTurnover,
comp_12955,,LowRevenue,LightAsset,Europe,MidTurnover,
comp_12956,,MidRevenue,LightAsset,Other_Regions,HighTurnover,
comp_12957,,UpperRevenue,LightAsset,Europe,HighTurnover,
comp_12958,,MidRevenue,LightAsset,Europe,HighTurnover,
comp_12959,,MidRevenue,LightAsset,Other_Regions,HighTurnover,
comp_12960,,MidRevenue,LightAsset,Europe,HighTurnover,
comp_12961,,MidRevenue,LightAsset,Europe,HighTurnover,
comp_12962,,MidRevenue,LightAsset,Europe,HighTurnover,
comp_12963,,MidRevenue,LightAsset,Other_Regions,MidTurnover,
comp_12964,,MidRevenue,LightAsset,Europe,HighTurnover,
comp_12965,,MidRevenue,LightAsset,Europe,MidTurnover,
comp_12966,,MidRevenue,LightAsset,Other_Regions,HighTurnover,
comp_12967,,MidRevenue,LightAsset,Europe,HighTurnover,
comp_12968,,,LightAsset,Europe,,
comp_12969,,MidRevenue,LightAsset,Europe,HighTurnover,
comp_12970,,MidRevenue,LightAsset,Europe,HighTurnover,
comp_12971,,LowRevenue,LightAsset,Europe,MidTurnover,
comp_12972,,VeryLowRevenue,LightAsset,Europe,LowTurnover,
comp_12973,,MidRevenue,LightAsset,Europe,HighTurnover,
comp_12974,,MidRevenue,LightAsset,Other_Regions,HighTurnover,
comp_12975,,MidRevenue,LightAsset,Europe,HighTurnover,
comp_12976,,MidRevenue,LightAsset,Europe,MidTurnover,
comp_12977,,VeryLowRevenue,LightAsset,Other_Regions,LowTurnover,
comp_12978,,MidRevenue,LightAsset,Other_Regions,HighTurnover,
comp_12979,,MidRevenue,LightAsset,Other_Regions,MidTurnover,
comp_12980,,MidRevenue,LightAsset,Other_Regions,HighTurnover,
comp_12981,,MidRevenue,LightAsset,Europe,HighTurnover,
comp_12982,,MidRevenue,LightAsset,Other_Regions,HighTurnover,
comp_12983,,MidRevenue,LightAsset,Other_Regions,HighTurnover,
comp_12984,,MidRevenue,LightAsset,Other_Regions,HighTurnover,
comp_12985,,LowRevenue,LightAsset,Europe,MidTurnover,
comp_12986,,MidRevenue,LightAsset,Europe,HighTurnover,
comp_12987,,MidRevenue,LightAsset,Other_Regions,MidTurnover,
comp_12988,,MidRevenue,LightAsset,Europe,HighTurnover,
comp_12989,,MidRevenue,LightAsset,Other_Regions,MidTurnover,
comp_12990,,MidRevenue,LightAsset,Europe,HighTurnover,
comp_12991,,MidRevenue,LightAsset,Europe,HighTurnover,
comp_12992,,MidRevenue,LightAsset,Other_Regions,HighTurnover,
comp_12993,,MidRevenue,LightAsset,Europe,MidTurnover,
comp_12994,,MidRevenue,LightAsset,Other_Regions,HighTurnover,
comp_12995,,VeryLowRevenue,LightAsset,South_America,LowTurnover,
comp_12996,,MidRevenue,LightAsset,Other_Regions,HighTurnover,
comp_12997,,MidRevenue,LightAsset,Europe,MidTurnover,
comp_12998,,LowRevenue,LightAsset,Other_Regions,LowTurnover,
comp_12999,,MidRevenue,LightAsset,Other_Regions,HighTurnover,
comp_13000,,MidRevenue,LightAsset,Europe,MidTurnover,
comp_13001,,MidRevenue,LightAsset,Other_Regions,HighTurnover,
comp_13002,,MidRevenue,LightAsset,Europe,HighTurnover,
comp_13003,,MidRevenue,LightAsset,Other_Regions,MidTurnover,
comp_13004,,MidRevenue,LightAsset,Other_Regions,HighTurnover,
comp_13005,,MidRevenue,LightAsset,Europe,HighTurnover,
comp_13006,,MidRevenue,LightAsset,Europe,HighTurnover,
comp_13007,,VeryLowRevenue,LightAsset,Europe,LowTurnover,
comp_13008,,MidRevenue,LightAsset,Europe,HighTurnover,
comp_13009,,MidRevenue,LightAsset,Europe,HighTurnover,
comp_13010,,MidRevenue,LightAsset,Other_Regions,MidTurnover,
comp_13011,,MidRevenue,LightAsset,Europe,HighTurnover,
comp_13012,,LowRevenue,LightAsset,Europe,LowTurnover,
comp_13013,,MidRevenue,LightAsset,Other_Regions,MidTurnover,
comp_13014,,MidRevenue,LightAsset,Europe,HighTurnover,
comp_13015,,LowRevenue,LightAsset,Other_Regions,LowTurnover,
comp_13016,,LowRevenue,LightAsset,Europe,LowTurnover,
comp_13017,,UpperRevenue,LightAsset,Other_Regions,HighTurnover,
comp_13018,,MidRevenue,LightAsset,Europe,HighTurnover,
comp_13019,,MidRevenue,LightAsset,Europe,HighTurnover,
comp_13020,,MidRevenue,LightAsset,Other_Regions,HighTurnover,
comp_13021,,MidRevenue,LightAsset,Other_Regions,HighTurnover,
comp_13022,,MidRevenue,LightAsset,Other_Regions,HighTurnover,
comp_13023,,MidRevenue,LightAsset,Europe,HighTurnover,
comp_13024,,MidRevenue,LightAsset,Other_Regions,HighTurnover,
comp_13025,,LowRevenue,LightAsset,Europe,MidTurnover,
comp_13026,,MidRevenue,LightAsset,Other_Regions,HighTurnover,
comp_13027,,MidRevenue,LightAsset,Other_Regions,HighTurnover,
comp_13028,,MidRevenue,LightAsset,Europe,HighTurnover,
comp_13029,,MidRevenue,LightAsset,Other_Regions,MidTurnover,
comp_13030,,MidRevenue,LightAsset,Europe,HighTurnover,
comp_13031,,MidRevenue,LightAsset,Europe,HighTurnover,
comp_13032,,MidRevenue,LightAsset,Europe,MidTurnover,
comp_13033,,LowRevenue,LightAsset,Asia,MidTurnover,
comp_13034,,MidRevenue,LightAsset,Europe,HighTurnover,
comp_13035,,MidRevenue,LightAsset,Other_Regions,HighTurnover,
comp_13036,,MidRevenue,LightAsset,Europe,MidTurnover,
comp_13037,,MidRevenue,LightAsset,Other_Regions,HighTurnover,
comp_13038,,MidRevenue,LightAsset,Other_Regions,HighTurnover,
comp_13039,,LowRevenue,LightAsset,Europe,MidTurnover,
comp_13040,,MidRevenue,LightAsset,Europe,HighTurnover,
comp_13041,,LowRevenue,LightAsset,Europe,LowTurnover,
comp_13042,,MidRevenue,LightAsset,Europe,MidTurnover,
comp_13043,,MidRevenue,LightAsset,Other_Regions,HighTurnover,
comp_13044,,MidRevenue,LightAsset,Europe,HighTurnover,
comp_13045,,MidRevenue,LightAsset,Europe,HighTurnover,
comp_13046,,MidRevenue,LightAsset,Europe,HighTurnover,
comp_13047,,MidRevenue,LightAsset,Europe,HighTurnover,
comp_13048,,MidRevenue,LightAsset,Other_Regions,HighTurnover,
comp_13049,,,LightAsset,Europe,,
comp_13050,,MidRevenue,LightAsset,Europe,HighTurnover,
comp_13051,,,LightAsset,Europe,,
comp_13052,,UpperRevenue,LightAsset,Europe,HighTurnover,
comp_13053,,MidRevenue,LightAsset,Europe,HighTurnover,
comp_13054,,MidRevenue,LightAsset,Europe,HighTurnover,
comp_13055,,MidRevenue,LightAsset,Other_Regions,MidTurnover,
comp_13056,,MidRevenue,LightAsset,Other_Regions,HighTurnover,
comp_13057,,MidRevenue,LightAsset,Other_Regions,HighTurnover,
comp_13058,,MidRevenue,LightAsset,Europe,HighTurnover,
comp_13059,,MidRevenue,LightAsset,Europe,HighTurnover,
comp_13060,,MidRevenue,LightAsset,Other_Regions,HighTurnover,
comp_13061,,LowRevenue,LightAsset,Europe,MidTurnover,
comp_13062,,,LightAsset,Other_Regions,,
comp_13063,,MidRevenue,LightAsset,Other_Regions,HighTurnover,
comp_13064,,MidRevenue,LightAsset,Other_Regions,HighTurnover,
comp_13065,,MidRevenue,LightAsset,Europe,HighTurnover,
comp_13066,,MidRevenue,LightAsset,Other_Regions,HighTurnover,
comp_13067,,MidRevenue,LightAsset,Europe,HighTurnover,
comp_13068,,LowRevenue,LightAsset,Other_Regions,LowTurnover,
comp_13069,,MidRevenue,LightAsset,Europe,HighTurnover,
comp_13070,,LowRevenue,LightAsset,Europe,MidTurnover,
comp_13071,,LowRevenue,LightAsset,Other_Regions,MidTurnover,
comp_13072,,MidRevenue,LightAsset,Europe,HighTurnover,
comp_13073,,MidRevenue,LightAsset,Other_Regions,HighTurnover,
comp_13074,,MidRevenue,LightAsset,Asia,MidTurnover,
comp_13075,,MidRevenue,LightAsset,Europe,HighTurnover,
comp_13076,,VeryLowRevenue,LightAsset,Other_Regions,LowTurnover,
comp_13077,,MidRevenue,LightAsset,Other_Regions,HighTurnover,
comp_13078,,LowRevenue,LightAsset,Other_Regions,MidTurnover,
comp_13079,,MidRevenue,LightAsset,Europe,HighTurnover,
comp_13080,,LowRevenue,LightAsset,Europe,MidTurnover,
comp_13081,,LowRevenue,LightAsset,Asia,MidTurnover,
comp_13082,,MidRevenue,LightAsset,Europe,MidTurnover,
comp_13083,,LowRevenue,LightAsset,Europe,LowTurnover,
comp_13084,,MidRevenue,LightAsset,Europe,HighTurnover,
comp_13085,,MidRevenue,LightAsset,Other_Regions,HighTurnover,
comp_13086,,MidRevenue,LightAsset,Europe,HighTurnover,
comp_13087,,LowRevenue,LightAsset,Europe,LowTurnover,
comp_13088,,MidRevenue,LightAsset,Europe,HighTurnover,
comp_13089,,MidRevenue,LightAsset,Other_Regions,HighTurnover,
comp_13090,,MidRevenue,LightAsset,Europe,HighTurnover,
comp_13091,,MidRevenue,LightAsset,Other_Regions,HighTurnover,
comp_13092,,MidRevenue,LightAsset,Europe,MidTurnover,
comp_13093,,MidRevenue,LightAsset,Europe,MidTurnover,
comp_13094,,MidRevenue,LightAsset,Europe,HighTurnover,
comp_13095,,MidRevenue,LightAsset,Europe,HighTurnover,
comp_13096,,MidRevenue,LightAsset,Europe,HighTurnover,
comp_13097,,MidRevenue,LightAsset,Other_Regions,HighTurnover,
comp_13098,,MidRevenue,LightAsset,Other_Regions,HighTurnover,
comp_13099,,MidRevenue,LightAsset,Europe,HighTurnover,
comp_13100,,MidRevenue,LightAsset,Europe,HighTurnover,
comp_13101,,MidRevenue,LightAsset,Europe,HighTurnover,
comp_13102,,MidRevenue,LightAsset,Other_Regions,HighTurnover,
comp_13103,,MidRevenue,LightAsset,Other_Regions,MidTurnover,
comp_13104,,VeryLowRevenue,LightAsset,Europe,LowTurnover,
comp_13105,,LowRevenue,LightAsset,Europe,MidTurnover,
comp_13106,,MidRevenue,LightAsset,Other_Regions,HighTurnover,
comp_13107,,MidRevenue,LightAsset,Other_Regions,HighTurnover,
comp_13108,,LowRevenue,LightAsset,Europe,MidTurnover,
comp_13109,,MidRevenue,LightAsset,Europe,MidTurnover,
comp_13110,,LowRevenue,LightAsset,Europe,MidTurnover,
comp_13111,,MidRevenue,LightAsset,Europe,MidTurnover,
comp_13112,,VeryLowRevenue,LightAsset,Other_Regions,LowTurnover,
comp_13113,,LowRevenue,LightAsset,Europe,LowTurnover,
comp_13114,,MidRevenue,LightAsset,Other_Regions,HighTurnover,
comp_13115,,MidRevenue,LightAsset,Europe,HighTurnover,
comp_13116,,LowRevenue,LightAsset,Europe,MidTurnover,
comp_13117,,LowRevenue,LightAsset,Europe,LowTurnover,
comp_13118,,MidRevenue,LightAsset,Europe,HighTurnover,
comp_13119,,LowRevenue,LightAsset,Europe,MidTurnover,
comp_13120,,MidRevenue,LightAsset,Europe,HighTurnover,
comp_13121,,VeryLowRevenue,LightAsset,Europe,LowTurnover,
comp_13122,,MidRevenue,LightAsset,Europe,HighTurnover,
comp_13123,,LowRevenue,LightAsset,Other_Regions,MidTurnover,
comp_13124,,LowRevenue,LightAsset,Europe,MidTurnover,
comp_13125,,MidRevenue,LightAsset,Other_Regions,HighTurnover,
comp_13126,,MidRevenue,LightAsset,Europe,HighTurnover,
comp_13127,,MidRevenue,LightAsset,Europe,MidTurnover,
comp_13128,,LowRevenue,LightAsset,Europe,LowTurnover,
comp_13129,,MidRevenue,LightAsset,Europe,HighTurnover,
comp_13130,,LowRevenue,LightAsset,Asia,LowTurnover,
comp_13131,,MidRevenue,LightAsset,Europe,HighTurnover,
comp_13132,,MidRevenue,LightAsset,Europe,MidTurnover,
comp_13133,,MidRevenue,LightAsset,Europe,HighTurnover,
comp_13134,,MidRevenue,LightAsset,Other_Regions,MidTurnover,
comp_13135,,LowRevenue,LightAsset,Europe,LowTurnover,
comp_13136,,MidRevenue,LightAsset,Europe,HighTurnover,
comp_13137,,LowRevenue,LightAsset,Europe,LowTurnover,
comp_13138,,LowRevenue,LightAsset,Other_Regions,LowTurnover,
comp_13139,,MidRevenue,LightAsset,Other_Regions,HighTurnover,
comp_13140,,,LightAsset,Europe,,
comp_13141,,MidRevenue,LightAsset,Other_Regions,HighTurnover,
comp_13142,,MidRevenue,LightAsset,Other_Regions,HighTurnover,
comp_13143,,LowRevenue,LightAsset,South_America,MidTurnover,
comp_13144,,LowRevenue,LightAsset,Europe,LowTurnover,
comp_13145,,MidRevenue,LightAsset,Europe,HighTurnover,
comp_13146,,MidRevenue,LightAsset,Europe,HighTurnover,
comp_13147,,MidRevenue,LightAsset,Europe,HighTurnover,
comp_13148,,VeryLowRevenue,LightAsset,Europe,LowTurnover,
comp_13149,,LowRevenue,LightAsset,Europe,MidTurnover,
comp_13150,,UpperRevenue,LightAsset,Other_Regions,HighTurnover,
comp_13151,,LowRevenue,LightAsset,Other_Regions,LowTurnover,
comp_13152,,MidRevenue,LightAsset,Europe,HighTurnover,
comp_13153,,LowRevenue,LightAsset,Europe,LowTurnover,
comp_13154,,MidRevenue,LightAsset,Europe,MidTurnover,
comp_13155,,MidRevenue,LightAsset,Europe,HighTurnover,
comp_13156,,LowRevenue,LightAsset,Asia,MidTurnover,
comp_13157,,MidRevenue,LightAsset,Europe,HighTurnover,
comp_13158,,VeryLowRevenue,LightAsset,Europe,LowTurnover,
comp_13159,,LowRevenue,LightAsset,Europe,LowTurnover,
comp_13160,,MidRevenue,LightAsset,Europe,HighTurnover,
comp_13161,,LowRevenue,LightAsset,Europe,LowTurnover,
comp_13162,,LowRevenue,LightAsset,Europe,LowTurnover,
comp_13163,,LowRevenue,LightAsset,Europe,MidTurnover,
comp_13164,,MidRevenue,LightAsset,Europe,HighTurnover,
comp_13165,,LowRevenue,LightAsset,Europe,MidTurnover,
comp_13166,,MidRevenue,LightAsset,Other_Regions,HighTurnover,
comp_13167,,LowRevenue,LightAsset,Other_Regions,MidTurnover,
comp_13168,,LowRevenue,LightAsset,Europe,LowTurnover,
comp_13169,,MidRevenue,LightAsset,Europe,HighTurnover,
comp_13170,,LowRevenue,LightAsset,Other_Regions,MidTurnover,
comp_13171,,MidRevenue,LightAsset,Other_Regions,HighTurnover,
comp_13172,,MidRevenue,LightAsset,Europe,HighTurnover,
comp_13173,,MidRevenue,LightAsset,Europe,HighTurnover,
comp_13174,,MidRevenue,LightAsset,Other_Regions,HighTurnover,
comp_13175,,MidRevenue,LightAsset,Europe,HighTurnover,
comp_13176,,VeryLowRevenue,LightAsset,Europe,LowTurnover,
comp_13177,,VeryLowRevenue,LightAsset,Other_Regions,LowTurnover,
comp_13178,,MidRevenue,LightAsset,Europe,HighTurnover,
comp_13179,,MidRevenue,LightAsset,Europe,HighTurnover,
comp_13180,,LowRevenue,LightAsset,Other_Regions,MidTurnover,
comp_13181,,MidRevenue,LightAsset,Europe,HighTurnover,
comp_13182,,LowRevenue,LightAsset,Europe,MidTurnover,
comp_13183,,MidRevenue,LightAsset,Europe,HighTurnover,
comp_13184,,MidRevenue,LightAsset,Europe,HighTurnover,
comp_13185,,MidRevenue,LightAsset,Other_Regions,HighTurnover,
comp_13186,,VeryLowRevenue,LightAsset,Other_Regions,LowTurnover,
comp_13187,,MidRevenue,LightAsset,Other_Regions,HighTurnover,
comp_13188,,MidRevenue,LightAsset,Other_Regions,MidTurnover,
comp_13189,,MidRevenue,LightAsset,Europe,HighTurnover,
comp_13190,,LowRevenue,LightAsset,Europe,MidTurnover,
comp_13191,,LowRevenue,LightAsset,Asia,LowTurnover,
comp_13192,,MidRevenue,LightAsset,Other_Regions,HighTurnover,
comp_13193,,MidRevenue,LightAsset,Other_Regions,HighTurnover,
comp_13194,,LowRevenue,LightAsset,Other_Regions,LowTurnover,
comp_13195,,LowRevenue,LightAsset,Europe,LowTurnover,
comp_13196,,MidRevenue,LightAsset,Europe,HighTurnover,
comp_13197,,LowRevenue,LightAsset,Asia,LowTurnover,
comp_13198,,LowRevenue,LightAsset,Other_Regions,MidTurnover,
comp_13199,,MidRevenue,LightAsset,Asia,HighTurnover,
comp_13200,,LowRevenue,LightAsset,Asia,LowTurnover,
comp_13201,,LowRevenue,LightAsset,Europe,MidTurnover,
comp_13202,,,LightAsset,South_America,,
comp_13203,,MidRevenue,LightAsset,Europe,HighTurnover,
comp_13204,,MidRevenue,LightAsset,Other_Regions,HighTurnover,
comp_13205,,MidRevenue,LightAsset,Europe,HighTurnover,
comp_13206,,MidRevenue,LightAsset,Other_Regions,HighTurnover,
comp_13207,,MidRevenue,LightAsset,Europe,HighTurnover,
comp_13208,,MidRevenue,LightAsset,Europe,HighTurnover,
comp_13209,,MidRevenue,LightAsset,Europe,HighTurnover,
comp_13210,,VeryLowRevenue,LightAsset,Other_Regions,LowTurnover,
comp_13211,,MidRevenue,LightAsset,Europe,HighTurnover,
comp_13212,,LowRevenue,LightAsset,Europe,MidTurnover,
comp_13213,,LowRevenue,LightAsset,Other_Regions,MidTurnover,
comp_13214,,MidRevenue,LightAsset,Europe,HighTurnover,
comp_13215,,LowRevenue,LightAsset,Europe,MidTurnover,
comp_13216,,MidRevenue,LightAsset,Europe,HighTurnover,
comp_13217,,VeryLowRevenue,LightAsset,Other_Regions,LowTurnover,
comp_13218,,MidRevenue,LightAsset,Europe,MidTurnover,
comp_13219,,MidRevenue,LightAsset,Europe,HighTurnover,
comp_13220,,LowRevenue,LightAsset,Other_Regions,MidTurnover,
comp_13221,,LowRevenue,LightAsset,Europe,LowTurnover,
comp_13222,,MidRevenue,LightAsset,Europe,HighTurnover,
comp_13223,,MidRevenue,LightAsset,Europe,HighTurnover,
comp_13224,,MidRevenue,LightAsset,Other_Regions,HighTurnover,
comp_13225,,MidRevenue,LightAsset,Other_Regions,HighTurnover,
comp_13226,,MidRevenue,LightAsset,Europe,HighTurnover,
comp_13227,,MidRevenue,LightAsset,Europe,HighTurnover,
comp_13228,,MidRevenue,LightAsset,Other_Regions,HighTurnover,
comp_13229,,MidRevenue,LightAsset,Europe,HighTurnover,
comp_13230,,LowRevenue,LightAsset,Asia,MidTurnover,
comp_13231,,MidRevenue,LightAsset,Europe,HighTurnover,
comp_13232,,MidRevenue,LightAsset,Europe,HighTurnover,
comp_13233,,LowRevenue,LightAsset,Other_Regions,MidTurnover,
comp_13234,,MidRevenue,LightAsset,Other_Regions,HighTurnover,
comp_13235,,MidRevenue,LightAsset,Europe,HighTurnover,
comp_13236,,LowRevenue,LightAsset,Other_Regions,LowTurnover,
comp_13237,,LowRevenue,LightAsset,Europe,LowTurnover,
comp_13238,,MidRevenue,LightAsset,Other_Regions,HighTurnover,
comp_13239,,MidRevenue,LightAsset,Europe,HighTurnover,
comp_13240,,MidRevenue,LightAsset,Europe,HighTurnover,
comp_13241,,LowRevenue,LightAsset,Europe,MidTurnover,
comp_13242,,LowRevenue,LightAsset,Europe,LowTurnover,
comp_13243,,MidRevenue,LightAsset,Europe,HighTurnover,
comp_13244,,MidRevenue,LightAsset,Europe,HighTurnover,
comp_13245,,MidRevenue,LightAsset,Europe,HighTurnover,
comp_13246,,LowRevenue,LightAsset,Other_Regions,LowTurnover,
comp_13247,,MidRevenue,LightAsset,Europe,HighTurnover,
comp_13248,,LowRevenue,LightAsset,Europe,LowTurnover,
comp_13249,,,LightAsset,Europe,,
comp_13250,,MidRevenue,LightAsset,Europe,HighTurnover,
comp_13251,,VeryLowRevenue,LightAsset,Other_Regions,LowTurnover,
comp_13252,,,LightAsset,Other_Regions,,
comp_13253,,MidRevenue,LightAsset,Europe,HighTurnover,
comp_13254,,MidRevenue,LightAsset,Europe,HighTurnover,
comp_13255,,MidRevenue,LightAsset,Europe,HighTurnover,
comp_13256,,MidRevenue,LightAsset,Other_Regions,HighTurnover,
comp_13257,,MidRevenue,LightAsset,Other_Regions,HighTurnover,
comp_13258,,LowRevenue,LightAsset,Other_Regions,MidTurnover,
comp_13259,,MidRevenue,LightAsset,Other_Regions,HighTurnover,
comp_13260,,MidRevenue,LightAsset,Europe,HighTurnover,
comp_13261,,LowRevenue,LightAsset,Europe,LowTurnover,
comp_13262,,MidRevenue,LightAsset,Other_Regions,HighTurnover,
comp_13263,,LowRevenue,LightAsset,Europe,LowTurnover,
comp_13264,,MidRevenue,LightAsset,Europe,HighTurnover,
comp_13265,,MidRevenue,LightAsset,Europe,HighTurnover,
comp_13266,,LowRevenue,LightAsset,Europe,MidTurnover,
comp_13267,,MidRevenue,LightAsset,Other_Regions,HighTurnover,
comp_13268,,MidRevenue,LightAsset,Europe,HighTurnover,
comp_13269,,MidRevenue,LightAsset,Other_Regions,HighTurnover,
comp_13270,,MidRevenue,LightAsset,Europe,HighTurnover,
comp_13271,,MidRevenue,LightAsset,Europe,HighTurnover,
comp_13272,,MidRevenue,LightAsset,Europe,HighTurnover,
comp_13273,,MidRevenue,LightAsset,Europe,HighTurnover,
comp_13274,,MidRevenue,LightAsset,Europe,HighTurnover,
comp_13275,,MidRevenue,LightAsset,Other_Regions,HighTurnover,
comp_13276,,LowRevenue,LightAsset,Europe,MidTurnover,
comp_13277,,MidRevenue,LightAsset,Europe,HighTurnover,
comp_13278,,LowRevenue,LightAsset,Europe,LowTurnover,
comp_13279,,LowRevenue,LightAsset,Other_Regions,LowTurnover,
comp_13280,,LowRevenue,LightAsset,Europe,LowTurnover,
comp_13281,,LowRevenue,LightAsset,Europe,MidTurnover,
comp_13282,,MidRevenue,LightAsset,Other_Regions,HighTurnover,
comp_13283,,MidRevenue,LightAsset,Europe,HighTurnover,
comp_13284,,LowRevenue,LightAsset,Other_Regions,MidTurnover,
comp_13285,,LowRevenue,LightAsset,Europe,MidTurnover,
comp_13286,,MidRevenue,LightAsset,Europe,HighTurnover,
comp_13287,,VeryLowRevenue,LightAsset,Other_Regions,LowTurnover,
comp_13288,,LowRevenue,LightAsset,Other_Regions,LowTurnover,
comp_13289,,MidRevenue,LightAsset,Europe,HighTurnover,
comp_13290,,VeryLowRevenue,LightAsset,Other_Regions,LowTurnover,
comp_13291,,MidRevenue,LightAsset,Europe,HighTurnover,
comp_13292,,LowRevenue,LightAsset,Other_Regions,LowTurnover,
comp_13293,,VeryLowRevenue,LightAsset,Other_Regions,LowTurnover,
comp_13294,,MidRevenue,LightAsset,Europe,HighTurnover,
comp_13295,,MidRevenue,LightAsset,Europe,HighTurnover,
comp_13296,,MidRevenue,LightAsset,Asia,HighTurnover,
comp_13297,,MidRevenue,LightAsset,Other_Regions,HighTurnover,
comp_13298,,MidRevenue,LightAsset,Other_Regions,HighTurnover,
comp_13299,,MidRevenue,LightAsset,Europe,HighTurnover,
comp_13300,,LowRevenue,LightAsset,Other_Regions,HighTurnover,
comp_13301,,LowRevenue,LightAsset,Asia,HighTurnover,
comp_13302,,LowRevenue,LightAsset,Europe,LowTurnover,
comp_13303,,LowRevenue,LightAsset,Other_Regions,MidTurnover,
comp_13304,,MidRevenue,LightAsset,Europe,HighTurnover,
comp_13305,,MidRevenue,LightAsset,Europe,HighTurnover,
comp_13306,,MidRevenue,LightAsset,Europe,HighTurnover,
comp_13307,,LowRevenue,LightAsset,Europe,MidTurnover,
comp_13308,,MidRevenue,LightAsset,Europe,HighTurnover,
comp_13309,,MidRevenue,LightAsset,Other_Regions,HighTurnover,
comp_13310,,MidRevenue,LightAsset,Other_Regions,HighTurnover,
comp_13311,,LowRevenue,LightAsset,Other_Regions,MidTurnover,
comp_13312,,MidRevenue,LightAsset,Other_Regions,HighTurnover,
comp_13313,,VeryLowRevenue,LightAsset,Other_Regions,LowTurnover,
comp_13314,,MidRevenue,LightAsset,Other_Regions,HighTurnover,
comp_13315,,MidRevenue,LightAsset,Europe,HighTurnover,
comp_13316,,MidRevenue,LightAsset,Europe,HighTurnover,
comp_13317,,MidRevenue,LightAsset,Europe,HighTurnover,
comp_13318,,MidRevenue,LightAsset,Other_Regions,HighTurnover,
comp_13319,,MidRevenue,LightAsset,Other_Regions,HighTurnover,
comp_13320,,LowRevenue,LightAsset,Other_Regions,MidTurnover,
comp_13321,,LowRevenue,LightAsset,Europe,LowTurnover,
comp_13322,,MidRevenue,LightAsset,Europe,HighTurnover,
comp_13323,,MidRevenue,LightAsset,Europe,HighTurnover,
comp_13324,,MidRevenue,LightAsset,Other_Regions,HighTurnover,
comp_13325,,LowRevenue,LightAsset,Other_Regions,LowTurnover,
comp_13326,,MidRevenue,LightAsset,Europe,HighTurnover,
comp_13327,,LowRevenue,LightAsset,Europe,MidTurnover,
comp_13328,,MidRevenue,LightAsset,Other_Regions,HighTurnover,
comp_13329,,LowRevenue,LightAsset,Europe,MidTurnover,
comp_13330,,LowRevenue,LightAsset,Europe,LowTurnover,
comp_13331,,LowRevenue,LightAsset,Europe,MidTurnover,
comp_13332,,MidRevenue,LightAsset,Other_Regions,HighTurnover,
comp_13333,,MidRevenue,LightAsset,Europe,HighTurnover,
comp_13334,,LowRevenue,LightAsset,Europe,HighTurnover,
comp_13335,,MidRevenue,LightAsset,Europe,HighTurnover,
comp_13336,,LowRevenue,LightAsset,Other_Regions,MidTurnover,
comp_13337,,VeryLowRevenue,LightAsset,Other_Regions,LowTurnover,
comp_13338,,MidRevenue,LightAsset,Europe,HighTurnover,
comp_13339,,VeryLowRevenue,LightAsset,Other_Regions,LowTurnover,
comp_13340,,,LightAsset,Other_Regions,,
comp_13341,,MidRevenue,LightAsset,South_America,HighTurnover,
comp_13342,,MidRevenue,LightAsset,Other_Regions,HighTurnover,
comp_13343,,LowRevenue,LightAsset,Europe,MidTurnover,
comp_13344,,LowRevenue,LightAsset,Europe,MidTurnover,
comp_13345,,MidRevenue,LightAsset,Europe,HighTurnover,
comp_13346,,MidRevenue,LightAsset,Other_Regions,HighTurnover,
comp_13347,,LowRevenue,LightAsset,Other_Regions,LowTurnover,
comp_13348,,MidRevenue,LightAsset,Other_Regions,HighTurnover,
comp_13349,,MidRevenue,LightAsset,Europe,HighTurnover,
comp_13350,,LowRevenue,LightAsset,Europe,LowTurnover,
comp_13351,,MidRevenue,LightAsset,Europe,HighTurnover,
comp_13352,,MidRevenue,LightAsset,Europe,HighTurnover,
comp_13353,,LowRevenue,LightAsset,Other_Regions,MidTurnover,
comp_13354,,MidRevenue,LightAsset,Europe,HighTurnover,
comp_13355,,VeryLowRevenue,LightAsset,Other_Regions,LowTurnover,
comp_13356,,MidRevenue,LightAsset,Other_Regions,HighTurnover,
comp_13357,,MidRevenue,LightAsset,Europe,HighTurnover,
comp_13358,,VeryLowRevenue,LightAsset,Other_Regions,LowTurnover,
comp_13359,,MidRevenue,LightAsset,Other_Regions,HighTurnover,
comp_13360,,LowRevenue,LightAsset,Europe,MidTurnover,
comp_13361,,VeryLowRevenue,LightAsset,Other_Regions,LowTurnover,
comp_13362,,MidRevenue,LightAsset,Europe,HighTurnover,
comp_13363,,MidRevenue,LightAsset,Other_Regions,HighTurnover,
comp_13364,,VeryLowRevenue,LightAsset,Other_Regions,LowTurnover,
comp_13365,,,LightAsset,Europe,,
comp_13366,,LowRevenue,LightAsset,Other_Regions,MidTurnover,
comp_13367,,MidRevenue,LightAsset,Europe,HighTurnover,
comp_13368,,MidRevenue,LightAsset,Other_Regions,HighTurnover,
comp_13369,,LowRevenue,LightAsset,Europe,HighTurnover,
comp_13370,,MidRevenue,LightAsset,South_America,HighTurnover,
comp_13371,,MidRevenue,LightAsset,Other_Regions,HighTurnover,
comp_13372,,VeryLowRevenue,LightAsset,Other_Regions,LowTurnover,
comp_13373,,MidRevenue,LightAsset,Europe,HighTurnover,
comp_13374,,LowRevenue,LightAsset,Other_Regions,HighTurnover,
comp_13375,,VeryLowRevenue,LightAsset,Europe,LowTurnover,
comp_13376,,MidRevenue,LightAsset,Other_Regions,HighTurnover,
comp_13377,,LowRevenue,LightAsset,Europe,MidTurnover,
comp_13378,,LowRevenue,LightAsset,Europe,MidTurnover,
comp_13379,,LowRevenue,LightAsset,Europe,MidTurnover,
comp_13380,,LowRevenue,LightAsset,Europe,HighTurnover,
comp_13381,,LowRevenue,LightAsset,Asia,HighTurnover,
comp_13382,,LowRevenue,LightAsset,Europe,HighTurnover,
comp_13383,,MidRevenue,LightAsset,Europe,HighTurnover,
comp_13384,,MidRevenue,LightAsset,Europe,HighTurnover,
comp_13385,,LowRevenue,LightAsset,Europe,MidTurnover,
comp_13386,,LowRevenue,LightAsset,Other_Regions,LowTurnover,
comp_13387,,LowRevenue,LightAsset,Other_Regions,HighTurnover,
comp_13388,,MidRevenue,LightAsset,Europe,HighTurnover,
comp_13389,,MidRevenue,LightAsset,Other_Regions,HighTurnover,
comp_13390,,MidRevenue,LightAsset,Europe,HighTurnover,
comp_13391,,MidRevenue,LightAsset,Other_Regions,HighTurnover,
comp_13392,,VeryLowRevenue,LightAsset,Other_Regions,LowTurnover,
comp_13393,,MidRevenue,LightAsset,Other_Regions,HighTurnover,
comp_13394,,MidRevenue,LightAsset,Europe,HighTurnover,
comp_13395,,MidRevenue,LightAsset,Europe,HighTurnover,
comp_13396,,MidRevenue,LightAsset,Other_Regions,HighTurnover,
comp_13397,,MidRevenue,LightAsset,Other_Regions,HighTurnover,
comp_13398,,MidRevenue,LightAsset,Europe,HighTurnover,
comp_13399,,VeryLowRevenue,LightAsset,Europe,LowTurnover,
comp_13400,,MidRevenue,LightAsset,Other_Regions,HighTurnover,
comp_13401,,MidRevenue,LightAsset,Europe,HighTurnover,
comp_13402,,MidRevenue,LightAsset,Other_Regions,HighTurnover,
comp_13403,,MidRevenue,LightAsset,Europe,HighTurnover,
comp_13404,,MidRevenue,LightAsset,Europe,HighTurnover,
comp_13405,,VeryLowRevenue,LightAsset,Other_Regions,LowTurnover,
comp_13406,,MidRevenue,LightAsset,Other_Regions,HighTurnover,
comp_13407,,LowRevenue,LightAsset,Europe,MidTurnover,
comp_13408,,MidRevenue,LightAsset,Other_Regions,HighTurnover,
comp_13409,,VeryLowRevenue,LightAsset,Other_Regions,LowTurnover,
comp_13410,,LowRevenue,LightAsset,Europe,HighTurnover,
comp_13411,,LowRevenue,LightAsset,Europe,LowTurnover,
comp_13412,,LowRevenue,LightAsset,Europe,MidTurnover,
comp_13413,,MidRevenue,LightAsset,Other_Regions,HighTurnover,
comp_13414,,LowRevenue,LightAsset,Europe,HighTurnover,
comp_13415,,VeryLowRevenue,LightAsset,Europe,LowTurnover,
comp_13416,,MidRevenue,LightAsset,Europe,HighTurnover,
comp_13417,,MidRevenue,LightAsset,Other_Regions,HighTurnover,
comp_13418,,LowRevenue,LightAsset,Other_Regions,MidTurnover,
comp_13419,,MidRevenue,LightAsset,Europe,HighTurnover,
comp_13420,,LowRevenue,LightAsset,Europe,MidTurnover,
comp_13421,,MidRevenue,LightAsset,Other_Regions,HighTurnover,
comp_13422,,LowRevenue,LightAsset,Europe,HighTurnover,
comp_13423,,LowRevenue,LightAsset,Europe,MidTurnover,
comp_13424,,LowRevenue,LightAsset,Europe,HighTurnover,
comp_13425,,LowRevenue,LightAsset,Other_Regions,HighTurnover,
comp_13426,,MidRevenue,LightAsset,Other_Regions,HighTurnover,
comp_13427,,MidRevenue,MicroAsset,Europe,HighTurnover,
comp_13428,,LowRevenue,MicroAsset,Europe,HighTurnover,
comp_13429,,LowRevenue,MicroAsset,Europe,LowTurnover,
comp_13430,,LowRevenue,MicroAsset,Europe,HighTurnover,
comp_13431,,MidRevenue,MicroAsset,Europe,HighTurnover,
comp_13432,,LowRevenue,MicroAsset,Europe,MidTurnover,
comp_13433,,LowRevenue,MicroAsset,Europe,HighTurnover,
comp_13434,,MidRevenue,MicroAsset,Europe,HighTurnover,
comp_13435,,VeryLowRevenue,MicroAsset,Europe,LowTurnover,
comp_13436,,LowRevenue,MicroAsset,Europe,MidTurnover,
comp_13437,,LowRevenue,MicroAsset,Europe,MidTurnover,
comp_13438,,VeryLowRevenue,MicroAsset,Europe,LowTurnover,
comp_13439,,LowRevenue,MicroAsset,Other_Regions,HighTurnover,
comp_13440,,LowRevenue,MicroAsset,Europe,MidTurnover,
comp_13441,,LowRevenue,MicroAsset,Other_Regions,MidTurnover,
comp_13442,,MidRevenue,MicroAsset,Europe,HighTurnover,
comp_13443,,VeryLowRevenue,MicroAsset,Europe,LowTurnover,
comp_13444,,MidRevenue,MicroAsset,Europe,HighTurnover,
comp_13445,,MidRevenue,MicroAsset,Europe,HighTurnover,
comp_13446,,LowRevenue,MicroAsset,Other_Regions,MidTurnover,
comp_13447,,,MicroAsset,Other_Regions,,
comp_13448,,LowRevenue,MicroAsset,Europe,MidTurnover,
comp_13449,,MidRevenue,MicroAsset,Europe,HighTurnover,
comp_13450,,LowRevenue,MicroAsset,Europe,MidTurnover,
comp_13451,,MidRevenue,MicroAsset,Europe,HighTurnover,
comp_13452,,LowRevenue,MicroAsset,Europe,MidTurnover,
comp_13453,,MidRevenue,MicroAsset,Europe,HighTurnover,
comp_13454,,MidRevenue,MicroAsset,Other_Regions,HighTurnover,
comp_13455,,LowRevenue,MicroAsset,Other_Regions,MidTurnover,
comp_13456,,LowRevenue,MicroAsset,Europe,HighTurnover,
comp_13457,,MidRevenue,MicroAsset,Other_Regions,HighTurnover,
comp_13458,,MidRevenue,MicroAsset,Europe,HighTurnover,
comp_13459,,MidRevenue,MicroAsset,Europe,HighTurnover,
comp_13460,,MidRevenue,MicroAsset,South_America,HighTurnover,
comp_13461,,LowRevenue,MicroAsset,Europe,MidTurnover,
comp_13462,,MidRevenue,MicroAsset,Other_Regions,HighTurnover,
comp_13463,,MidRevenue,MicroAsset,Other_Regions,HighTurnover,
comp_13464,,MidRevenue,MicroAsset,Europe,HighTurnover,
comp_13465,,LowRevenue,MicroAsset,Europe,LowTurnover,
comp_13466,,,MicroAsset,Europe,,
comp_13467,,LowRevenue,MicroAsset,Europe,MidTurnover,
comp_13468,,LowRevenue,MicroAsset,Europe,HighTurnover,
comp_13469,,LowRevenue,MicroAsset,Europe,MidTurnover,
comp_13470,,LowRevenue,MicroAsset,Europe,MidTurnover,
comp_13471,,MidRevenue,MicroAsset,Europe,HighTurnover,
comp_13472,,LowRevenue,MicroAsset,Europe,MidTurnover,
comp_13473,,MidRevenue,MicroAsset,Other_Regions,HighTurnover,
comp_13474,,LowRevenue,MicroAsset,Other_Regions,MidTurnover,
comp_13475,,LowRevenue,MicroAsset,Europe,LowTurnover,
comp_13476,,LowRevenue,MicroAsset,Europe,MidTurnover,
comp_13477,,LowRevenue,MicroAsset,Other_Regions,LowTurnover,
comp_13478,,MidRevenue,MicroAsset,Other_Regions,HighTurnover,
comp_13479,,LowRevenue,MicroAsset,Other_Regions,MidTurnover,
comp_13480,,LowRevenue,MicroAsset,Europe,LowTurnover,
comp_13481,,LowRevenue,MicroAsset,Other_Regions,LowTurnover,
comp_13482,,MidRevenue,MicroAsset,Other_Regions,HighTurnover,
comp_13483,,LowRevenue,MicroAsset,Europe,LowTurnover,
comp_13484,,MidRevenue,MicroAsset,Europe,HighTurnover,
comp_13485,,MidRevenue,MicroAsset,Europe,HighTurnover,
comp_13486,,LowRevenue,MicroAsset,Europe,HighTurnover,
comp_13487,,LowRevenue,MicroAsset,Other_Regions,MidTurnover,
comp_13488,,MidRevenue,MicroAsset,Other_Regions,HighTurnover,
comp_13489,,VeryLowRevenue,MicroAsset,Europe,LowTurnover,
comp_13490,,MidRevenue,MicroAsset,Europe,HighTurnover,
comp_13491,,LowRevenue,MicroAsset,Europe,HighTurnover,
comp_13492,,MidRevenue,MicroAsset,Europe,HighTurnover,
comp_13493,,MidRevenue,MicroAsset,Europe,HighTurnover,
comp_13494,,LowRevenue,MicroAsset,Asia,MidTurnover,
comp_13495,,LowRevenue,MicroAsset,Europe,HighTurnover,
comp_13496,,,MicroAsset,Europe,,
comp_13497,,MidRevenue,MicroAsset,Other_Regions,HighTurnover,
comp_13498,,MidRevenue,MicroAsset,Other_Regions,HighTurnover,
comp_13499,,LowRevenue,MicroAsset,Europe,MidTurnover,
comp_13500,,MidRevenue,MicroAsset,Other_Regions,HighTurnover,
comp_13501,,LowRevenue,MicroAsset,Europe,MidTurnover,
comp_13502,,MidRevenue,MicroAsset,Europe,HighTurnover,
comp_13503,,LowRevenue,MicroAsset,Other_Regions,MidTurnover,
comp_13504,,VeryLowRevenue,MicroAsset,Europe,LowTurnover,
comp_13505,,LowRevenue,MicroAsset,Other_Regions,MidTurnover,
comp_13506,,LowRevenue,MicroAsset,Europe,HighTurnover,
comp_13507,,MidRevenue,MicroAsset,Europe,HighTurnover,
comp_13508,,LowRevenue,MicroAsset,Europe,MidTurnover,
comp_13509,,LowRevenue,MicroAsset,Other_Regions,HighTurnover,
comp_13510,,MidRevenue,MicroAsset,South_America,HighTurnover,
comp_13511,,MidRevenue,MicroAsset,Europe,HighTurnover,
comp_13512,,MidRevenue,MicroAsset,Other_Regions,HighTurnover,
comp_13513,,LowRevenue,MicroAsset,Europe,MidTurnover,
comp_13514,,LowRevenue,MicroAsset,Europe,MidTurnover,
comp_13515,,VeryLowRevenue,MicroAsset,Europe,LowTurnover,
comp_13516,,VeryLowRevenue,MicroAsset,Europe,LowTurnover,
comp_13517,,LowRevenue,MicroAsset,Europe,HighTurnover,
comp_13518,,LowRevenue,MicroAsset,Europe,HighTurnover,
comp_13519,,VeryLowRevenue,MicroAsset,Europe,LowTurnover,
comp_13520,,LowRevenue,MicroAsset,Europe,MidTurnover,
comp_13521,,LowRevenue,MicroAsset,Europe,HighTurnover,
comp_13522,,LowRevenue,MicroAsset,Europe,HighTurnover,
comp_13523,,LowRevenue,MicroAsset,Other_Regions,MidTurnover,
comp_13524,,MidRevenue,MicroAsset,Europe,HighTurnover,
comp_13525,,MidRevenue,MicroAsset,Other_Regions,HighTurnover,
comp_13526,,MidRevenue,MicroAsset,Europe,HighTurnover,
comp_13527,,LowRevenue,MicroAsset,Other_Regions,MidTurnover,
comp_13528,,MidRevenue,MicroAsset,Other_Regions,HighTurnover,
comp_13529,,MidRevenue,MicroAsset,Europe,HighTurnover,
comp_13530,,MidRevenue,MicroAsset,Europe,HighTurnover,
comp_13531,,LowRevenue,MicroAsset,Europe,MidTurnover,
comp_13532,,LowRevenue,MicroAsset,Europe,HighTurnover,
comp_13533,,LowRevenue,MicroAsset,Europe,MidTurnover,
comp_13534,,LowRevenue,MicroAsset,Europe,MidTurnover,
comp_13535,,LowRevenue,MicroAsset,Other_Regions,MidTurnover,
comp_13536,,LowRevenue,MicroAsset,Other_Regions,HighTurnover,
comp_13537,,MidRevenue,MicroAsset,Other_Regions,HighTurnover,
comp_13538,,LowRevenue,MicroAsset,Asia,MidTurnover,
comp_13539,,MidRevenue,MicroAsset,Other_Regions,HighTurnover,
comp_13540,,VeryLowRevenue,MicroAsset,Asia,LowTurnover,
comp_13541,,LowRevenue,MicroAsset,Europe,HighTurnover,
comp_13542,,LowRevenue,MicroAsset,Other_Regions,LowTurnover,
comp_13543,,LowRevenue,MicroAsset,Europe,MidTurnover,
comp_13544,,MidRevenue,MicroAsset,Europe,HighTurnover,
comp_13545,,MidRevenue,MicroAsset,Europe,HighTurnover,
comp_13546,,LowRevenue,MicroAsset,Other_Regions,MidTurnover,
comp_13547,,LowRevenue,MicroAsset,Other_Regions,MidTurnover,
comp_13548,,LowRevenue,MicroAsset,Europe,HighTurnover,
comp_13549,,LowRevenue,MicroAsset,Other_Regions,HighTurnover,
comp_13550,,MidRevenue,MicroAsset,Other_Regions,HighTurnover,
comp_13551,,LowRevenue,MicroAsset,Europe,HighTurnover,
comp_13552,,LowRevenue,MicroAsset,Other_Regions,MidTurnover,
comp_13553,,LowRevenue,MicroAsset,Europe,MidTurnover,
comp_13554,,MidRevenue,MicroAsset,Europe,HighTurnover,
comp_13555,,VeryLowRevenue,MicroAsset,Other_Regions,LowTurnover,
comp_13556,,MidRevenue,MicroAsset,Other_Regions,HighTurnover,
comp_13557,,LowRevenue,MicroAsset,Europe,MidTurnover,
comp_13558,,LowRevenue,MicroAsset,Europe,LowTurnover,
comp_13559,,,MicroAsset,Europe,,
comp_13560,,VeryLowRevenue,MicroAsset,Europe,LowTurnover,
comp_13561,,MidRevenue,MicroAsset,Other_Regions,HighTurnover,
comp_13562,,LowRevenue,MicroAsset,Europe,LowTurnover,
comp_13563,,MidRevenue,MicroAsset,Europe,HighTurnover,
comp_13564,,,MicroAsset,Other_Regions,,
comp_13565,,MidRevenue,MicroAsset,Europe,HighTurnover,
comp_13566,,LowRevenue,MicroAsset,Europe,LowTurnover,
comp_13567,,LowRevenue,MicroAsset,Other_Regions,HighTurnover,
comp_13568,,MidRevenue,MicroAsset,Other_Regions,HighTurnover,
comp_13569,,MidRevenue,MicroAsset,Other_Regions,HighTurnover,
comp_13570,,MidRevenue,MicroAsset,Other_Regions,HighTurnover,
comp_13571,,,MicroAsset,Europe,,
comp_13572,,MidRevenue,MicroAsset,Other_Regions,HighTurnover,
comp_13573,,MidRevenue,MicroAsset,Other_Regions,HighTurnover,
comp_13574,,LowRevenue,MicroAsset,Other_Regions,HighTurnover,
comp_13575,,VeryLowRevenue,MicroAsset,Other_Regions,LowTurnover,
comp_13576,,MidRevenue,MicroAsset,Europe,HighTurnover,
comp_13577,,,MicroAsset,Other_Regions,,
comp_13578,,MidRevenue,MicroAsset,Europe,HighTurnover,
comp_13579,,LowRevenue,MicroAsset,Europe,HighTurnover,
comp_13580,,LowRevenue,MicroAsset,Europe,HighTurnover,
comp_13581,,VeryLowRevenue,MicroAsset,Other_Regions,LowTurnover,
comp_13582,,MidRevenue,MicroAsset,Europe,HighTurnover,
comp_13583,,VeryLowRevenue,MicroAsset,Europe,LowTurnover,
comp_13584,,LowRevenue,MicroAsset,Europe,MidTurnover,
comp_13585,,LowRevenue,MicroAsset,Europe,HighTurnover,
comp_13586,,LowRevenue,MicroAsset,Europe,HighTurnover,
comp_13587,,MidRevenue,MicroAsset,Europe,HighTurnover,
comp_13588,,MidRevenue,MicroAsset,Other_Regions,HighTurnover,
comp_13589,,VeryLowRevenue,MicroAsset,Europe,LowTurnover,
comp_13590,,MidRevenue,MicroAsset,Europe,HighTurnover,
comp_13591,,LowRevenue,MicroAsset,Other_Regions,MidTurnover,
comp_13592,,LowRevenue,MicroAsset,Europe,HighTurnover,
comp_13593,,LowRevenue,MicroAsset,Other_Regions,HighTurnover,
comp_13594,,,MicroAsset,Europe,,
comp_13595,,VeryLowRevenue,MicroAsset,Other_Regions,LowTurnover,
comp_13596,,MidRevenue,MicroAsset,Other_Regions,HighTurnover,
comp_13597,,MidRevenue,MicroAsset,Europe,HighTurnover,
comp_13598,,LowRevenue,MicroAsset,Europe,MidTurnover,
comp_13599,,LowRevenue,MicroAsset,Europe,HighTurnover,
comp_13600,,MidRevenue,MicroAsset,Other_Regions,HighTurnover,
comp_13601,,LowRevenue,MicroAsset,Europe,LowTurnover,
comp_13602,,MidRevenue,MicroAsset,Europe,HighTurnover,
comp_13603,,MidRevenue,MicroAsset,Other_Regions,HighTurnover,
comp_13604,,MidRevenue,MicroAsset,Europe,HighTurnover,
comp_13605,,LowRevenue,MicroAsset,Europe,HighTurnover,
comp_13606,,MidRevenue,MicroAsset,Europe,HighTurnover,
comp_13607,,LowRevenue,MicroAsset,Europe,MidTurnover,
comp_13608,,LowRevenue,MicroAsset,Europe,MidTurnover,
comp_13609,,LowRevenue,MicroAsset,Europe,HighTurnover,
comp_13610,,MidRevenue,MicroAsset,Europe,HighTurnover,
comp_13611,,MidRevenue,MicroAsset,Other_Regions,HighTurnover,
comp_13612,,LowRevenue,MicroAsset,Europe,MidTurnover,
comp_13613,,LowRevenue,MicroAsset,Europe,HighTurnover,
comp_13614,,LowRevenue,MicroAsset,Other_Regions,HighTurnover,
comp_13615,,LowRevenue,MicroAsset,Europe,HighTurnover,
comp_13616,,VeryLowRevenue,MicroAsset,South_America,LowTurnover,
comp_13617,,LowRevenue,MicroAsset,Europe,HighTurnover,
comp_13618,,LowRevenue,MicroAsset,Europe,MidTurnover,
comp_13619,,,MicroAsset,Other_Regions,,
comp_13620,,MidRevenue,MicroAsset,Other_Regions,HighTurnover,
comp_13621,,LowRevenue,MicroAsset,Other_Regions,HighTurnover,
comp_13622,,VeryLowRevenue,MicroAsset,Other_Regions,LowTurnover,
comp_13623,,LowRevenue,MicroAsset,Europe,LowTurnover,
comp_13624,,MidRevenue,MicroAsset,Europe,HighTurnover,
comp_13625,,LowRevenue,MicroAsset,Europe,MidTurnover,
comp_13626,,LowRevenue,MicroAsset,Other_Regions,MidTurnover,
comp_13627,,MidRevenue,MicroAsset,Other_Regions,HighTurnover,
comp_13628,,MidRevenue,MicroAsset,Other_Regions,HighTurnover,
comp_13629,,MidRevenue,MicroAsset,Other_Regions,HighTurnover,
comp_13630,,LowRevenue,MicroAsset,Europe,HighTurnover,
comp_13631,,MidRevenue,MicroAsset,Other_Regions,HighTurnover,
comp_13632,,LowRevenue,MicroAsset,Europe,MidTurnover,
comp_13633,,,MicroAsset,Other_Regions,,
comp_13634,,LowRevenue,MicroAsset,Europe,HighTurnover,
comp_13635,,MidRevenue,MicroAsset,Other_Regions,HighTurnover,
comp_13636,,LowRevenue,MicroAsset,Other_Regions,MidTurnover,
comp_13637,,MidRevenue,MicroAsset,Europe,HighTurnover,
comp_13638,,LowRevenue,MicroAsset,Europe,LowTurnover,
comp_13639,,MidRevenue,MicroAsset,Europe,HighTurnover,
comp_13640,,LowRevenue,MicroAsset,Other_Regions,HighTurnover,
comp_13641,,LowRevenue,MicroAsset,Europe,HighTurnover,
comp_13642,,LowRevenue,MicroAsset,Europe,HighTurnover,
comp_13643,,MidRevenue,MicroAsset,Europe,HighTurnover,
comp_13644,,LowRevenue,MicroAsset,Other_Regions,HighTurnover,
comp_13645,,LowRevenue,MicroAsset,Europe,HighTurnover,
comp_13646,,MidRevenue,MicroAsset,Other_Regions,HighTurnover,
comp_13647,,LowRevenue,MicroAsset,Europe,MidTurnover,
comp_13648,,LowRevenue,MicroAsset,Other_Regions,HighTurnover,
comp_13649,,LowRevenue,MicroAsset,Europe,LowTurnover,
comp_13650,,LowRevenue,MicroAsset,Europe,HighTurnover,
comp_13651,,LowRevenue,MicroAsset,Europe,HighTurnover,
comp_13652,,MidRevenue,MicroAsset,Other_Regions,HighTurnover,
comp_13653,,MidRevenue,MicroAsset,Europe,HighTurnover,
comp_13654,,MidRevenue,MicroAsset,Europe,HighTurnover,
comp_13655,,LowRevenue,MicroAsset,Asia,HighTurnover,
comp_13656,,MidRevenue,MicroAsset,Europe,HighTurnover,
comp_13657,,LowRevenue,MicroAsset,Europe,HighTurnover,
comp_13658,,VeryLowRevenue,MicroAsset,Other_Regions,LowTurnover,
comp_13659,,LowRevenue,MicroAsset,Europe,HighTurnover,
comp_13660,,MidRevenue,MicroAsset,Other_Regions,HighTurnover,
comp_13661,,LowRevenue,MicroAsset,Europe,HighTurnover,
comp_13662,,MidRevenue,MicroAsset,Other_Regions,HighTurnover,
comp_13663,,LowRevenue,MicroAsset,Europe,MidTurnover,
comp_13664,,MidRevenue,MicroAsset,Europe,HighTurnover,
comp_13665,,LowRevenue,MicroAsset,Europe,HighTurnover,
comp_13666,,LowRevenue,MicroAsset,Europe,MidTurnover,
comp_13667,,LowRevenue,MicroAsset,Other_Regions,MidTurnover,
comp_13668,,MidRevenue,MicroAsset,Europe,HighTurnover,
comp_13669,,MidRevenue,MicroAsset,Other_Regions,HighTurnover,
comp_13670,,LowRevenue,MicroAsset,Other_Regions,HighTurnover,
comp_13671,,,MicroAsset,Other_Regions,,
comp_13672,,LowRevenue,MicroAsset,Europe,HighTurnover,
comp_13673,,MidRevenue,MicroAsset,Europe,HighTurnover,
comp_13674,,LowRevenue,MicroAsset,Europe,MidTurnover,
comp_13675,,LowRevenue,MicroAsset,Europe,LowTurnover,
comp_13676,,MidRevenue,MicroAsset,Other_Regions,HighTurnover,
comp_13677,,LowRevenue,MicroAsset,Europe,HighTurnover,
comp_13678,,MidRevenue,MicroAsset,Europe,HighTurnover,
comp_13679,,VeryLowRevenue,MicroAsset,Asia,LowTurnover,
comp_13680,,LowRevenue,MicroAsset,Europe,MidTurnover,
comp_13681,,,MicroAsset,Other_Regions,,
comp_13682,,,MicroAsset,Europe,,
comp_13683,,LowRevenue,MicroAsset,Europe,MidTurnover,
comp_13684,,LowRevenue,MicroAsset,Europe,MidTurnover,
comp_13685,,LowRevenue,MicroAsset,Other_Regions,MidTurnover,
comp_13686,,VeryLowRevenue,MicroAsset,Other_Regions,LowTurnover,
comp_13687,,LowRevenue,MicroAsset,Europe,MidTurnover,
comp_13688,,MidRevenue,MicroAsset,Europe,HighTurnover,
comp_13689,,LowRevenue,MicroAsset,Europe,HighTurnover,
comp_13690,,LowRevenue,MicroAsset,Europe,HighTurnover,
comp_13691,,,MicroAsset,Asia,,
comp_13692,,LowRevenue,MicroAsset,Europe,HighTurnover,
comp_13693,,LowRevenue,MicroAsset,Other_Regions,MidTurnover,
comp_13694,,LowRevenue,MicroAsset,Europe,HighTurnover,
comp_13695,,LowRevenue,MicroAsset,Other_Regions,MidTurnover,
comp_13696,,LowRevenue,MicroAsset,Europe,MidTurnover,
comp_13697,,LowRevenue,MicroAsset,Europe,HighTurnover,
comp_13698,,LowRevenue,MicroAsset,Other_Regions,HighTurnover,
comp_13699,,LowRevenue,MicroAsset,Europe,MidTurnover,
comp_13700,,VeryLowRevenue,MicroAsset,Europe,LowTurnover,
comp_13701,,LowRevenue,MicroAsset,Europe,MidTurnover,
comp_13702,,MidRevenue,MicroAsset,Other_Regions,HighTurnover,
comp_13703,,MidRevenue,MicroAsset,Other_Regions,HighTurnover,
comp_13704,,LowRevenue,MicroAsset,Europe,MidTurnover,
comp_13705,,LowRevenue,MicroAsset,Other_Regions,HighTurnover,
comp_13706,,LowRevenue,MicroAsset,Other_Regions,MidTurnover,
comp_13707,,LowRevenue,MicroAsset,Europe,HighTurnover,
comp_13708,,MidRevenue,MicroAsset,Europe,HighTurnover,
comp_13709,,LowRevenue,MicroAsset,Europe,LowTurnover,
comp_13710,,LowRevenue,MicroAsset,Europe,HighTurnover,
comp_13711,,MidRevenue,MicroAsset,Other_Regions,HighTurnover,
comp_13712,,LowRevenue,MicroAsset,Other_Regions,MidTurnover,
comp_13713,,LowRevenue,MicroAsset,Europe,HighTurnover,
comp_13714,,MidRevenue,MicroAsset,Other_Regions,HighTurnover,
comp_13715,,MidRevenue,MicroAsset,Europe,HighTurnover,
comp_13716,,LowRevenue,MicroAsset,Other_Regions,MidTurnover,
comp_13717,,LowRevenue,MicroAsset,Europe,HighTurnover,
comp_13718,,VeryLowRevenue,MicroAsset,Other_Regions,LowTurnover,
comp_13719,,VeryLowRevenue,MicroAsset,Other_Regions,LowTurnover,
comp_13720,,LowRevenue,MicroAsset,Other_Regions,HighTurnover,
comp_13721,,LowRevenue,MicroAsset,Other_Regions,MidTurnover,
comp_13722,,VeryLowRevenue,MicroAsset,Europe,LowTurnover,
comp_13723,,LowRevenue,MicroAsset,Other_Regions,LowTurnover,
comp_13724,,VeryLowRevenue,MicroAsset,Europe,LowTurnover,
comp_13725,,LowRevenue,MicroAsset,Europe,MidTurnover,
comp_13726,,LowRevenue,MicroAsset,Asia,LowTurnover,
comp_13727,,LowRevenue,MicroAsset,Europe,HighTurnover,
comp_13728,,LowRevenue,MicroAsset,Europe,HighTurnover,
comp_13729,,LowRevenue,MicroAsset,Europe,HighTurnover,
comp_13730,,LowRevenue,MicroAsset,Europe,HighTurnover,
comp_13731,,LowRevenue,MicroAsset,Europe,HighTurnover,
comp_13732,,LowRevenue,MicroAsset,Europe,MidTurnover,
comp_13733,,MidRevenue,MicroAsset,Europe,HighTurnover,
comp_13734,,MidRevenue,MicroAsset,Europe,HighTurnover,
comp_13735,,MidRevenue,MicroAsset,Europe,HighTurnover,
comp_13736,,LowRevenue,MicroAsset,Europe,MidTurnover,
comp_13737,,LowRevenue,MicroAsset,Other_Regions,HighTurnover,
comp_13738,,LowRevenue,MicroAsset,Europe,HighTurnover,
comp_13739,,LowRevenue,MicroAsset,Other_Regions,HighTurnover,
comp_13740,,MidRevenue,MicroAsset,Europe,HighTurnover,
comp_13741,,MidRevenue,MicroAsset,Europe,HighTurnover,
comp_13742,,LowRevenue,MicroAsset,Other_Regions,HighTurnover,
comp_13743,,LowRevenue,MicroAsset,Europe,HighTurnover,
comp_13744,,MidRevenue,MicroAsset,Other_Regions,HighTurnover,
comp_13745,,LowRevenue,MicroAsset,Other_Regions,HighTurnover,
comp_13746,,VeryLowRevenue,MicroAsset,Asia,LowTurnover,
comp_13747,,LowRevenue,MicroAsset,Other_Regions,HighTurnover,
comp_13748,,MidRevenue,MicroAsset,Other_Regions,HighTurnover,
comp_13749,,LowRevenue,MicroAsset,Europe,MidTurnover,
comp_13750,,MidRevenue,MicroAsset,Europe,HighTurnover,
comp_13751,,LowRevenue,MicroAsset,Europe,HighTurnover,
comp_13752,,MidRevenue,MicroAsset,Other_Regions,HighTurnover,
comp_13753,,LowRevenue,MicroAsset,Europe,HighTurnover,
comp_13754,,LowRevenue,MicroAsset,Other_Regions,MidTurnover,
comp_13755,,LowRevenue,MicroAsset,Europe,HighTurnover,
comp_13756,,LowRevenue,MicroAsset,Other_Regions,HighTurnover,
comp_13757,,LowRevenue,MicroAsset,Europe,MidTurnover,
comp_13758,,LowRevenue,MicroAsset,Europe,HighTurnover,
comp_13759,,MidRevenue,MicroAsset,Other_Regions,HighTurnover,
comp_13760,,LowRevenue,MicroAsset,Other_Regions,MidTurnover,
comp_13761,,VeryLowRevenue,MicroAsset,Europe,LowTurnover,
comp_13762,,LowRevenue,MicroAsset,Other_Regions,HighTurnover,
comp_13763,,LowRevenue,MicroAsset,Other_Regions,MidTurnover,
comp_13764,,LowRevenue,MicroAsset,Europe,MidTurnover,
comp_13765,,MidRevenue,MicroAsset,Other_Regions,HighTurnover,
comp_13766,,,MicroAsset,Other_Regions,,
comp_13767,,LowRevenue,MicroAsset,Europe,MidTurnover,
comp_13768,,LowRevenue,MicroAsset,Other_Regions,HighTurnover,
comp_13769,,MidRevenue,MicroAsset,Other_Regions,HighTurnover,
comp_13770,,LowRevenue,MicroAsset,Europe,MidTurnover,
comp_13771,,MidRevenue,MicroAsset,Europe,HighTurnover,
comp_13772,,MidRevenue,MicroAsset,Other_Regions,HighTurnover,
comp_13773,,MidRevenue,MicroAsset,Europe,HighTurnover,
comp_13774,,LowRevenue,MicroAsset,Europe,HighTurnover,
comp_13775,,LowRevenue,MicroAsset,Other_Regions,HighTurnover,
comp_13776,,LowRevenue,MicroAsset,Europe,HighTurnover,
comp_13777,,LowRevenue,MicroAsset,Europe,HighTurnover,
comp_13778,,,MicroAsset,Europe,,
comp_13779,,LowRevenue,MicroAsset,Europe,HighTurnover,
comp_13780,,LowRevenue,MicroAsset,Europe,HighTurnover,
comp_13781,,LowRevenue,MicroAsset,Europe,HighTurnover,
comp_13782,,LowRevenue,MicroAsset,Other_Regions,MidTurnover,
comp_13783,,LowRevenue,MicroAsset,Other_Regions,HighTurnover,
comp_13784,,LowRevenue,MicroAsset,Other_Regions,HighTurnover,
comp_13785,,LowRevenue,MicroAsset,Europe,HighTurnover,
comp_13786,,MidRevenue,MicroAsset,Other_Regions,HighTurnover,
comp_13787,,MidRevenue,MicroAsset,Europe,HighTurnover,
comp_13788,,MidRevenue,MicroAsset,Other_Regions,HighTurnover,
comp_13789,,LowRevenue,MicroAsset,Other_Regions,MidTurnover,
comp_13790,,MidRevenue,MicroAsset,Europe,HighTurnover,
comp_13791,,LowRevenue,MicroAsset,Other_Regions,HighTurnover,
comp_13792,,LowRevenue,MicroAsset,Europe,MidTurnover,
comp_13793,,LowRevenue,MicroAsset,Europe,MidTurnover,
comp_13794,,LowRevenue,MicroAsset,Europe,HighTurnover,
comp_13795,,LowRevenue,MicroAsset,Europe,MidTurnover,
comp_13796,,LowRevenue,MicroAsset,Europe,HighTurnover,
comp_13797,,LowRevenue,MicroAsset,Asia,MidTurnover,
comp_13798,,LowRevenue,MicroAsset,Europe,HighTurnover,
comp_13799,,MidRevenue,MicroAsset,Other_Regions,HighTurnover,
comp_13800,,LowRevenue,MicroAsset,Europe,HighTurnover,
comp_13801,,MidRevenue,MicroAsset,Other_Regions,HighTurnover,
comp_13802,,MidRevenue,MicroAsset,Other_Regions,HighTurnover,
comp_13803,,MidRevenue,MicroAsset,Europe,HighTurnover,
comp_13804,,MidRevenue,MicroAsset,South_America,HighTurnover,
comp_13805,,LowRevenue,MicroAsset,Other_Regions,HighTurnover,
comp_13806,,LowRevenue,MicroAsset,Other_Regions,MidTurnover,
comp_13807,,LowRevenue,MicroAsset,Europe,MidTurnover,
comp_13808,,LowRevenue,MicroAsset,Europe,HighTurnover,
comp_13809,,LowRevenue,MicroAsset,Other_Regions,HighTurnover,
comp_13810,,VeryLowRevenue,MicroAsset,Asia,LowTurnover,
comp_13811,,MidRevenue,MicroAsset,Europe,HighTurnover,
comp_13812,,LowRevenue,MicroAsset,Europe,HighTurnover,
comp_13813,,MidRevenue,MicroAsset,Other_Regions,HighTurnover,
comp_13814,,MidRevenue,MicroAsset,Europe,HighTurnover,
comp_13815,,LowRevenue,MicroAsset,Other_Regions,MidTurnover,
comp_13816,,LowRevenue,MicroAsset,Other_Regions,MidTurnover,
comp_13817,,LowRevenue,MicroAsset,Other_Regions,HighTurnover,
comp_13818,,LowRevenue,MicroAsset,Europe,HighTurnover,
comp_13819,,MidRevenue,MicroAsset,Europe,HighTurnover,
comp_13820,,LowRevenue,MicroAsset,Europe,MidTurnover,
comp_13821,,MidRevenue,MicroAsset,Other_Regions,HighTurnover,
comp_13822,,LowRevenue,MicroAsset,Europe,MidTurnover,
comp_13823,,LowRevenue,MicroAsset,Europe,HighTurnover,
comp_13824,,LowRevenue,MicroAsset,Europe,MidTurnover,
comp_13825,,MidRevenue,MicroAsset,Other_Regions,HighTurnover,
comp_13826,,LowRevenue,MicroAsset,Europe,HighTurnover,
comp_13827,,LowRevenue,MicroAsset,Europe,MidTurnover,
comp_13828,,LowRevenue,MicroAsset,Other_Regions,HighTurnover,
comp_13829,,LowRevenue,MicroAsset,Europe,MidTurnover,
comp_13830,,LowRevenue,MicroAsset,Other_Regions,HighTurnover,
comp_13831,,LowRevenue,MicroAsset,Europe,HighTurnover,
comp_13832,,LowRevenue,MicroAsset,Europe,MidTurnover,
comp_13833,,LowRevenue,MicroAsset,Europe,MidTurnover,
comp_13834,,LowRevenue,MicroAsset,Europe,MidTurnover,
comp_13835,,VeryLowRevenue,MicroAsset,Asia,LowTurnover,
comp_13836,,LowRevenue,MicroAsset,Other_Regions,HighTurnover,
comp_13837,,LowRevenue,MicroAsset,Other_Regions,MidTurnover,
comp_13838,,LowRevenue,MicroAsset,Other_Regions,HighTurnover,
comp_13839,,LowRevenue,MicroAsset,Europe,HighTurnover,
comp_13840,,LowRevenue,MicroAsset,Other_Regions,HighTurnover,
comp_13841,,LowRevenue,MicroAsset,Other_Regions,HighTurnover,
comp_13842,,LowRevenue,MicroAsset,Other_Regions,HighTurnover,
comp_13843,,LowRevenue,MicroAsset,Other_Regions,MidTurnover,
comp_13844,,LowRevenue,MicroAsset,Other_Regions,MidTurnover,
comp_13845,,LowRevenue,MicroAsset,Other_Regions,HighTurnover,
comp_13846,,LowRevenue,MicroAsset,Other_Regions,MidTurnover,
comp_13847,,LowRevenue,MicroAsset,Asia,HighTurnover,
comp_13848,,LowRevenue,MicroAsset,Europe,MidTurnover,
comp_13849,,LowRevenue,MicroAsset,Europe,MidTurnover,
comp_13850,,LowRevenue,MicroAsset,Europe,MidTurnover,
comp_13851,,LowRevenue,MicroAsset,Other_Regions,MidTurnover,
comp_13852,,LowRevenue,MicroAsset,Other_Regions,HighTurnover,
comp_13853,,LowRevenue,MicroAsset,Other_Regions,MidTurnover,
comp_13854,,VeryLowRevenue,MicroAsset,Other_Regions,LowTurnover,
comp_13855,,VeryLowRevenue,MicroAsset,Europe,LowTurnover,
comp_13856,,MidRevenue,MicroAsset,Europe,HighTurnover,
comp_13857,,,MicroAsset,Other_Regions,,
comp_13858,,MidRevenue,MicroAsset,Europe,HighTurnover,
comp_13859,,LowRevenue,MicroAsset,Europe,MidTurnover,
comp_13860,,LowRevenue,MicroAsset,Europe,MidTurnover,
comp_13861,,VeryLowRevenue,MicroAsset,Other_Regions,LowTurnover,
comp_13862,,LowRevenue,MicroAsset,Other_Regions,HighTurnover,
comp_13863,,LowRevenue,MicroAsset,Europe,HighTurnover,
comp_13864,,MidRevenue,MicroAsset,Europe,HighTurnover,
comp_13865,,LowRevenue,MicroAsset,Asia,MidTurnover,
comp_13866,,MidRevenue,MicroAsset,Europe,HighTurnover,
comp_13867,,LowRevenue,MicroAsset,Europe,HighTurnover,
comp_13868,,LowRevenue,MicroAsset,Other_Regions,HighTurnover,
comp_13869,,LowRevenue,MicroAsset,Europe,MidTurnover,
comp_13870,,MidRevenue,MicroAsset,Europe,HighTurnover,
comp_13871,,LowRevenue,MicroAsset,Other_Regions,HighTurnover,
comp_13872,,LowRevenue,MicroAsset,Other_Regions,LowTurnover,
comp_13873,,LowRevenue,MicroAsset,Other_Regions,MidTurnover,
comp_13874,,LowRevenue,MicroAsset,Europe,HighTurnover,
comp_13875,,LowRevenue,MicroAsset,Europe,HighTurnover,
comp_13876,,LowRevenue,MicroAsset,Europe,HighTurnover,
comp_13877,,LowRevenue,MicroAsset,Other_Regions,MidTurnover,
comp_13878,,LowRevenue,MicroAsset,Europe,HighTurnover,
comp_13879,,MidRevenue,MicroAsset,Europe,HighTurnover,
comp_13880,,LowRevenue,MicroAsset,Other_Regions,MidTurnover,
comp_13881,,LowRevenue,MicroAsset,Other_Regions,HighTurnover,
comp_13882,,MidRevenue,MicroAsset,Europe,HighTurnover,
comp_13883,,LowRevenue,MicroAsset,Other_Regions,MidTurnover,
comp_13884,,LowRevenue,MicroAsset,Europe,HighTurnover,
comp_13885,,LowRevenue,MicroAsset,Other_Regions,MidTurnover,
comp_13886,,MidRevenue,MicroAsset,Other_Regions,HighTurnover,
comp_13887,,LowRevenue,MicroAsset,Other_Regions,LowTurnover,
comp_13888,,LowRevenue,MicroAsset,Europe,MidTurnover,
comp_13889,,LowRevenue,MicroAsset,Other_Regions,HighTurnover,
comp_13890,,,MicroAsset,Europe,,
comp_13891,,LowRevenue,MicroAsset,Other_Regions,LowTurnover,
comp_13892,,LowRevenue,MicroAsset,Europe,HighTurnover,
comp_13893,,LowRevenue,MicroAsset,Europe,HighTurnover,
comp_13894,,LowRevenue,MicroAsset,Europe,MidTurnover,
comp_13895,,MidRevenue,MicroAsset,Europe,HighTurnover,
comp_13896,,MidRevenue,MicroAsset,Other_Regions,HighTurnover,
comp_13897,,MidRevenue,MicroAsset,Europe,HighTurnover,
comp_13898,,MidRevenue,MicroAsset,Europe,HighTurnover,
comp_13899,,LowRevenue,MicroAsset,Europe,HighTurnover,
comp_13900,,LowRevenue,MicroAsset,Europe,MidTurnover,
comp_13901,,LowRevenue,MicroAsset,Europe,HighTurnover,
comp_13902,,MidRevenue,MicroAsset,Other_Regions,HighTurnover,
comp_13903,,MidRevenue,MicroAsset,Europe,HighTurnover,
comp_13904,,LowRevenue,MicroAsset,Europe,HighTurnover,
comp_13905,,LowRevenue,MicroAsset,Other_Regions,HighTurnover,
comp_13906,,,MicroAsset,Other_Regions,,
comp_13907,,LowRevenue,MicroAsset,Europe,MidTurnover,
comp_13908,,LowRevenue,MicroAsset,Europe,MidTurnover,
comp_13909,,MidRevenue,MicroAsset,Europe,HighTurnover,
comp_13910,,LowRevenue,MicroAsset,Europe,HighTurnover,
comp_13911,,MidRevenue,MicroAsset,Europe,HighTurnover,
comp_13912,,MidRevenue,MicroAsset,Other_Regions,HighTurnover,
comp_13913,,LowRevenue,MicroAsset,Europe,HighTurnover,
comp_13914,,LowRevenue,MicroAsset,Europe,MidTurnover,
comp_13915,,MidRevenue,MicroAsset,Europe,HighTurnover,
comp_13916,,VeryLowRevenue,MicroAsset,Other_Regions,LowTurnover,
comp_13917,,LowRevenue,MicroAsset,Europe,MidTurnover,
comp_13918,,LowRevenue,MicroAsset,Europe,MidTurnover,
comp_13919,,VeryLowRevenue,MicroAsset,Europe,LowTurnover,
comp_13920,,LowRevenue,MicroAsset,Europe,HighTurnover,
comp_13921,,LowRevenue,MicroAsset,Other_Regions,HighTurnover,
comp_13922,,LowRevenue,MicroAsset,Europe,HighTurnover,
comp_13923,,LowRevenue,MicroAsset,Europe,HighTurnover,
comp_13924,,LowRevenue,MicroAsset,Europe,HighTurnover,
comp_13925,,MidRevenue,MicroAsset,Other_Regions,HighTurnover,
comp_13926,,LowRevenue,MicroAsset,Asia,HighTurnover,
comp_13927,,LowRevenue,MicroAsset,Europe,HighTurnover,
comp_13928,,LowRevenue,MicroAsset,Other_Regions,HighTurnover,
comp_13929,,LowRevenue,MicroAsset,Europe,MidTurnover,
comp_13930,,MidRevenue,MicroAsset,Other_Regions,HighTurnover,
comp_13931,,MidRevenue,MicroAsset,Europe,HighTurnover,
comp_13932,,,MicroAsset,Other_Regions,,
comp_13933,,LowRevenue,MicroAsset,Europe,HighTurnover,
comp_13934,,MidRevenue,MicroAsset,Europe,HighTurnover,
comp_13935,,LowRevenue,MicroAsset,Europe,MidTurnover,
comp_13936,,LowRevenue,MicroAsset,Europe,HighTurnover,
comp_13937,,LowRevenue,MicroAsset,Other_Regions,HighTurnover,
comp_13938,,LowRevenue,MicroAsset,Europe,HighTurnover,
comp_13939,,LowRevenue,MicroAsset,Europe,HighTurnover,
comp_13940,,VeryLowRevenue,MicroAsset,Other_Regions,LowTurnover,
comp_13941,,LowRevenue,MicroAsset,Other_Regions,HighTurnover,
comp_13942,,LowRevenue,MicroAsset,Other_Regions,HighTurnover,
comp_13943,,MidRevenue,MicroAsset,Europe,HighTurnover,
comp_13944,,LowRevenue,MicroAsset,Other_Regions,LowTurnover,
comp_13945,,LowRevenue,MicroAsset,Other_Regions,MidTurnover,
comp_13946,,LowRevenue,MicroAsset,Europe,MidTurnover,
comp_13947,,LowRevenue,MicroAsset,Europe,HighTurnover,
comp_13948,,LowRevenue,MicroAsset,Europe,MidTurnover,
comp_13949,,VeryLowRevenue,MicroAsset,Other_Regions,LowTurnover,
comp_13950,,LowRevenue,MicroAsset,Europe,LowTurnover,
comp_13951,,VeryLowRevenue,MicroAsset,Europe,LowTurnover,
comp_13952,,MidRevenue,MicroAsset,Europe,HighTurnover,
comp_13953,,MidRevenue,MicroAsset,Europe,HighTurnover,
comp_13954,,LowRevenue,MicroAsset,Other_Regions,HighTurnover,
comp_13955,,LowRevenue,MicroAsset,Europe,HighTurnover,
comp_13956,,LowRevenue,MicroAsset,Europe,HighTurnover,
comp_13957,,VeryLowRevenue,MicroAsset,Other_Regions,LowTurnover,
comp_13958,,LowRevenue,MicroAsset,Europe,HighTurnover,
comp_13959,,LowRevenue,MicroAsset,Europe,HighTurnover,
comp_13960,,LowRevenue,MicroAsset,Other_Regions,MidTurnover,
comp_13961,,LowRevenue,MicroAsset,Europe,MidTurnover,
comp_13962,,LowRevenue,MicroAsset,Other_Regions,HighTurnover,
comp_13963,,LowRevenue,MicroAsset,Other_Regions,HighTurnover,
comp_13964,,LowRevenue,MicroAsset,Europe,HighTurnover,
comp_13965,,LowRevenue,MicroAsset,Europe,HighTurnover,
comp_13966,,VeryLowRevenue,MicroAsset,Europe,LowTurnover,
comp_13967,,LowRevenue,MicroAsset,Europe,HighTurnover,
comp_13968,,MidRevenue,MicroAsset,Europe,HighTurnover,
comp_13969,,MidRevenue,MicroAsset,Europe,HighTurnover,
comp_13970,,LowRevenue,MicroAsset,Europe,MidTurnover,
comp_13971,,VeryLowRevenue,MicroAsset,Asia,LowTurnover,
comp_13972,,VeryLowRevenue,MicroAsset,Europe,LowTurnover,
comp_13973,,MidRevenue,MicroAsset,Other_Regions,HighTurnover,
comp_13974,,VeryLowRevenue,MicroAsset,Other_Regions,LowTurnover,
comp_13975,,LowRevenue,MicroAsset,Europe,LowTurnover,
comp_13976,,MidRevenue,MicroAsset,Other_Regions,HighTurnover,
comp_13977,,LowRevenue,MicroAsset,Other_Regions,LowTurnover,
comp_13978,,LowRevenue,MicroAsset,Europe,MidTurnover,
comp_13979,,MidRevenue,MicroAsset,Europe,HighTurnover,
comp_13980,,LowRevenue,MicroAsset,Europe,MidTurnover,
comp_13981,,LowRevenue,MicroAsset,Other_Regions,HighTurnover,
comp_13982,,LowRevenue,MicroAsset,Europe,HighTurnover,
comp_13983,,MidRevenue,MicroAsset,Europe,HighTurnover,
comp_13984,,,MicroAsset,Other_Regions,,
comp_13985,,LowRevenue,MicroAsset,Europe,HighTurnover,
comp_13986,,MidRevenue,MicroAsset,Other_Regions,HighTurnover,
comp_13987,,LowRevenue,MicroAsset,Other_Regions,MidTurnover,
comp_13988,,MidRevenue,MicroAsset,Europe,HighTurnover,
comp_13989,,MidRevenue,MicroAsset,Europe,HighTurnover,
comp_13990,,LowRevenue,MicroAsset,Europe,HighTurnover,
comp_13991,,MidRevenue,MicroAsset,Other_Regions,HighTurnover,
comp_13992,,LowRevenue,MicroAsset,Europe,MidTurnover,
comp_13993,,LowRevenue,MicroAsset,Europe,LowTurnover,
comp_13994,,LowRevenue,MicroAsset,Other_Regions,LowTurnover,
comp_13995,,LowRevenue,MicroAsset,Asia,MidTurnover,
comp_13996,,LowRevenue,MicroAsset,Europe,HighTurnover,
comp_13997,,LowRevenue,MicroAsset,Other_Regions,MidTurnover,
comp_13998,,MidRevenue,MicroAsset,Other_Regions,HighTurnover,
comp_13999,,VeryLowRevenue,MicroAsset,Europe,LowTurnover,
comp_14000,,LowRevenue,MicroAsset,Europe,MidTurnover,
comp_14001,,MidRevenue,MicroAsset,Other_Regions,HighTurnover,
comp_14002,,MidRevenue,MicroAsset,Other_Regions,HighTurnover,
comp_14003,,LowRevenue,MicroAsset,Other_Regions,HighTurnover,
comp_14004,,MidRevenue,MicroAsset,Europe,HighTurnover,
comp_14005,,LowRevenue,MicroAsset,Europe,MidTurnover,
comp_14006,,LowRevenue,MicroAsset,Europe,MidTurnover,
comp_14007,,LowRevenue,MicroAsset,Other_Regions,MidTurnover,
comp_14008,,MidRevenue,MicroAsset,Other_Regions,HighTurnover,
comp_14009,,VeryLowRevenue,MicroAsset,Other_Regions,LowTurnover,
comp_14010,,LowRevenue,MicroAsset,Europe,MidTurnover,
comp_14011,,LowRevenue,MicroAsset,Other_Regions,HighTurnover,
comp_14012,,MidRevenue,MicroAsset,Europe,HighTurnover,
comp_14013,,LowRevenue,MicroAsset,Other_Regions,HighTurnover,
comp_14014,,LowRevenue,MicroAsset,Europe,HighTurnover,
comp_14015,,LowRevenue,MicroAsset,Europe,MidTurnover,
comp_14016,,LowRevenue,MicroAsset,Europe,HighTurnover,
comp_14017,,,MicroAsset,Europe,,
comp_14018,,,MicroAsset,Other_Regions,,
comp_14019,,LowRevenue,MicroAsset,Europe,HighTurnover,
comp_14020,,LowRevenue,MicroAsset,Europe,LowTurnover,
comp_14021,,MidRevenue,MicroAsset,Europe,HighTurnover,
comp_14022,,VeryLowRevenue,MicroAsset,Other_Regions,LowTurnover,
comp_14023,,LowRevenue,MicroAsset,Europe,HighTurnover,
comp_14024,,LowRevenue,MicroAsset,Europe,MidTurnover,
comp_14025,,,MicroAsset,Other_Regions,,
comp_14026,,LowRevenue,MicroAsset,Europe,HighTurnover,
comp_14027,,LowRevenue,MicroAsset,Other_Regions,MidTurnover,
comp_14028,,LowRevenue,MicroAsset,Europe,HighTurnover,
comp_14029,,LowRevenue,MicroAsset,Other_Regions,HighTurnover,
comp_14030,,VeryLowRevenue,MicroAsset,Europe,LowTurnover,
comp_14031,,LowRevenue,MicroAsset,Europe,MidTurnover,
comp_14032,,LowRevenue,MicroAsset,Europe,HighTurnover,
comp_14033,,LowRevenue,MicroAsset,Europe,HighTurnover,
comp_14034,,LowRevenue,MicroAsset,Other_Regions,LowTurnover,
comp_14035,,LowRevenue,MicroAsset,Europe,HighTurnover,
comp_14036,,,MicroAsset,Other_Regions,,
comp_14037,,LowRevenue,MicroAsset,Other_Regions,MidTurnover,
comp_14038,,LowRevenue,MicroAsset,Other_Regions,HighTurnover,
comp_14039,,LowRevenue,MicroAsset,Other_Regions,HighTurnover,
comp_14040,,LowRevenue,MicroAsset,Europe,MidTurnover,
comp_14041,,LowRevenue,MicroAsset,Other_Regions,HighTurnover,
comp_14042,,LowRevenue,MicroAsset,Other_Regions,HighTurnover,
comp_14043,,MidRevenue,MicroAsset,Other_Regions,HighTurnover,
comp_14044,,LowRevenue,MicroAsset,Other_Regions,MidTurnover,
comp_14045,,,MicroAsset,Europe,,
comp_14046,,LowRevenue,MicroAsset,Europe,LowTurnover,
comp_14047,,LowRevenue,MicroAsset,Europe,HighTurnover,
comp_14048,,LowRevenue,MicroAsset,Other_Regions,HighTurnover,
comp_14049,,LowRevenue,MicroAsset,Other_Regions,HighTurnover,
comp_14050,,LowRevenue,MicroAsset,Europe,MidTurnover,
comp_14051,,LowRevenue,MicroAsset,Europe,HighTurnover,
comp_14052,,LowRevenue,MicroAsset,Europe,MidTurnover,
comp_14053,,VeryLowRevenue,MicroAsset,Europe,LowTurnover,
comp_14054,,LowRevenue,MicroAsset,Other_Regions,MidTurnover,
comp_14055,,,MicroAsset,Europe,,
comp_14056,,LowRevenue,MicroAsset,Other_Regions,HighTurnover,
comp_14057,,LowRevenue,MicroAsset,Other_Regions,HighTurnover,
comp_14058,,LowRevenue,MicroAsset,Europe,HighTurnover,
comp_14059,,LowRevenue,MicroAsset,Europe,MidTurnover,
comp_14060,,LowRevenue,MicroAsset,Europe,HighTurnover,
comp_14061,,MidRevenue,MicroAsset,Europe,HighTurnover,
comp_14062,,LowRevenue,MicroAsset,Other_Regions,HighTurnover,
comp_14063,,LowRevenue,MicroAsset,Europe,HighTurnover,
comp_14064,,LowRevenue,MicroAsset,Europe,MidTurnover,
comp_14065,,LowRevenue,MicroAsset,Europe,HighTurnover,
comp_14066,,LowRevenue,MicroAsset,Europe,HighTurnover,
comp_14067,,LowRevenue,MicroAsset,Other_Regions,MidTurnover,
comp_14068,,MidRevenue,MicroAsset,Europe,HighTurnover,
comp_14069,,MidRevenue,MicroAsset,Other_Regions,HighTurnover,
comp_14070,,LowRevenue,MicroAsset,Europe,HighTurnover,
comp_14071,,LowRevenue,MicroAsset,Europe,HighTurnover,
comp_14072,,LowRevenue,MicroAsset,Other_Regions,MidTurnover,
comp_14073,,LowRevenue,MicroAsset,Europe,MidTurnover,
comp_14074,,LowRevenue,MicroAsset,Europe,HighTurnover,
comp_14075,,LowRevenue,MicroAsset,Europe,MidTurnover,
comp_14076,,LowRevenue,MicroAsset,Other_Regions,HighTurnover,
comp_14077,,LowRevenue,MicroAsset,Europe,MidTurnover,
comp_14078,,MidRevenue,MicroAsset,Other_Regions,HighTurnover,
comp_14079,,LowRevenue,MicroAsset,Europe,MidTurnover,
comp_14080,,LowRevenue,MicroAsset,Other_Regions,HighTurnover,
comp_14081,,LowRevenue,MicroAsset,Other_Regions,HighTurnover,
comp_14082,,VeryLowRevenue,MicroAsset,Europe,LowTurnover,
comp_14083,,LowRevenue,MicroAsset,Europe,HighTurnover,
comp_14084,,LowRevenue,MicroAsset,Europe,MidTurnover,
comp_14085,,,MicroAsset,Other_Regions,,
comp_14086,,,MicroAsset,Europe,,
comp_14087,,LowRevenue,MicroAsset,Europe,HighTurnover,
comp_14088,,LowRevenue,MicroAsset,Europe,MidTurnover,
comp_14089,,,MicroAsset,Other_Regions,,
comp_14090,,LowRevenue,MicroAsset,Europe,LowTurnover,
comp_14091,,VeryLowRevenue,MicroAsset,Asia,LowTurnover,
comp_14092,,LowRevenue,MicroAsset,Other_Regions,MidTurnover,
comp_14093,,LowRevenue,MicroAsset,Europe,HighTurnover,
comp_14094,,VeryLowRevenue,MicroAsset,Other_Regions,LowTurnover,
comp_14095,,VeryLowRevenue,MicroAsset,Other_Regions,LowTurnover,
comp_14096,,LowRevenue,MicroAsset,Other_Regions,MidTurnover,
comp_14097,,LowRevenue,MicroAsset,Europe,HighTurnover,
comp_14098,,LowRevenue,MicroAsset,Europe,HighTurnover,
comp_14099,,LowRevenue,MicroAsset,Other_Regions,HighTurnover,
comp_14100,,LowRevenue,MicroAsset,Europe,MidTurnover,
comp_14101,,LowRevenue,MicroAsset,Europe,HighTurnover,
comp_14102,,LowRevenue,MicroAsset,Europe,HighTurnover,
comp_14103,,LowRevenue,MicroAsset,Europe,HighTurnover,
comp_14104,,LowRevenue,MicroAsset,Other_Regions,MidTurnover,
comp_14105,,LowRevenue,MicroAsset,Other_Regions,HighTurnover,
comp_14106,,LowRevenue,MicroAsset,Other_Regions,HighTurnover,
comp_14107,,LowRevenue,MicroAsset,Europe,HighTurnover,
comp_14108,,LowRevenue,MicroAsset,Other_Regions,HighTurnover,
comp_14109,,LowRevenue,MicroAsset,Other_Regions,MidTurnover,
comp_14110,,LowRevenue,MicroAsset,Europe,HighTurnover,
comp_14111,,LowRevenue,MicroAsset,Europe,HighTurnover,
comp_14112,,LowRevenue,MicroAsset,Europe,MidTurnover,
comp_14113,,LowRevenue,MicroAsset,Europe,HighTurnover,
comp_14114,,LowRevenue,MicroAsset,Europe,HighTurnover,
comp_14115,,VeryLowRevenue,MicroAsset,Europe,LowTurnover,
comp_14116,,LowRevenue,MicroAsset,Other_Regions,HighTurnover,
comp_14117,,MidRevenue,MicroAsset,Europe,HighTurnover,
comp_14118,,LowRevenue,MicroAsset,Other_Regions,HighTurnover,
comp_14119,,LowRevenue,MicroAsset,Other_Regions,HighTurnover,
comp_14120,,LowRevenue,MicroAsset,Europe,MidTurnover,
comp_14121,,LowRevenue,MicroAsset,Other_Regions,HighTurnover,
comp_14122,,LowRevenue,MicroAsset,Europe,MidTurnover,
comp_14123,,MidRevenue,MicroAsset,Europe,HighTurnover,
comp_14124,,LowRevenue,MicroAsset,Asia,MidTurnover,
comp_14125,,MidRevenue,MicroAsset,Europe,HighTurnover,
comp_14126,,MidRevenue,MicroAsset,Other_Regions,HighTurnover,
comp_14127,,MidRevenue,MicroAsset,Europe,HighTurnover,
comp_14128,,LowRevenue,MicroAsset,Other_Regions,HighTurnover,
comp_14129,,LowRevenue,MicroAsset,Europe,MidTurnover,
comp_14130,,LowRevenue,MicroAsset,Europe,HighTurnover,
comp_14131,,VeryLowRevenue,MicroAsset,Asia,LowTurnover,
comp_14132,,LowRevenue,MicroAsset,Europe,MidTurnover,
comp_14133,,LowRevenue,MicroAsset,Europe,HighTurnover,
comp_14134,,LowRevenue,MicroAsset,Europe,HighTurnover,
comp_14135,,VeryLowRevenue,MicroAsset,Asia,LowTurnover,
comp_14136,,LowRevenue,MicroAsset,Other_Regions,MidTurnover,
comp_14137,,VeryLowRevenue,MicroAsset,Europe,LowTurnover,
comp_14138,,LowRevenue,MicroAsset,Other_Regions,HighTurnover,
comp_14139,,LowRevenue,MicroAsset,Other_Regions,HighTurnover,
comp_14140,,LowRevenue,MicroAsset,Other_Regions,MidTurnover,
comp_14141,,LowRevenue,MicroAsset,Asia,MidTurnover,
comp_14142,,MidRevenue,MicroAsset,Europe,HighTurnover,
comp_14143,,LowRevenue,MicroAsset,Europe,HighTurnover,
comp_14144,,LowRevenue,MicroAsset,Europe,HighTurnover,
comp_14145,,LowRevenue,MicroAsset,Other_Regions,HighTurnover,
comp_14146,,VeryLowRevenue,MicroAsset,Europe,LowTurnover,
comp_14147,,LowRevenue,MicroAsset,Europe,HighTurnover,
comp_14148,,LowRevenue,MicroAsset,Europe,HighTurnover,
comp_14149,,LowRevenue,MicroAsset,Europe,MidTurnover,
comp_14150,,LowRevenue,MicroAsset,Other_Regions,HighTurnover,
comp_14151,,LowRevenue,MicroAsset,Europe,MidTurnover,
comp_14152,,,MicroAsset,Other_Regions,,
comp_14153,,LowRevenue,MicroAsset,Europe,LowTurnover,
comp_14154,,LowRevenue,MicroAsset,Other_Regions,MidTurnover,
comp_14155,,LowRevenue,MicroAsset,Europe,HighTurnover,
comp_14156,,MidRevenue,MicroAsset,Europe,HighTurnover,
comp_14157,,LowRevenue,MicroAsset,Other_Regions,MidTurnover,
comp_14158,,LowRevenue,MicroAsset,Europe,HighTurnover,
comp_14159,,MidRevenue,MicroAsset,Europe,HighTurnover,
comp_14160,,MidRevenue,MicroAsset,Europe,HighTurnover,
comp_14161,,LowRevenue,MicroAsset,Other_Regions,HighTurnover,
comp_14162,,LowRevenue,MicroAsset,Other_Regions,MidTurnover,
comp_14163,,LowRevenue,MicroAsset,Europe,HighTurnover,
comp_14164,,LowRevenue,MicroAsset,Europe,HighTurnover,
comp_14165,,LowRevenue,MicroAsset,Other_Regions,MidTurnover,
comp_14166,,LowRevenue,MicroAsset,Europe,HighTurnover,
comp_14167,,LowRevenue,MicroAsset,Europe,MidTurnover,
comp_14168,,VeryLowRevenue,MicroAsset,Europe,LowTurnover,
comp_14169,,LowRevenue,MicroAsset,Europe,MidTurnover,
comp_14170,,LowRevenue,MicroAsset,Other_Regions,MidTurnover,
comp_14171,,LowRevenue,MicroAsset,Europe,MidTurnover,
comp_14172,,LowRevenue,MicroAsset,Europe,MidTurnover,
comp_14173,,LowRevenue,MicroAsset,Europe,HighTurnover,
comp_14174,,VeryLowRevenue,MicroAsset,Europe,LowTurnover,
comp_14175,,LowRevenue,MicroAsset,Europe,HighTurnover,
comp_14176,,LowRevenue,MicroAsset,Other_Regions,LowTurnover,
comp_14177,,LowRevenue,MicroAsset,Europe,MidTurnover,
comp_14178,,MidRevenue,MicroAsset,Europe,HighTurnover,
comp_14179,,VeryLowRevenue,MicroAsset,Europe,LowTurnover,
comp_14180,,LowRevenue,MicroAsset,Europe,MidTurnover,
comp_14181,,LowRevenue,MicroAsset,Europe,HighTurnover,
comp_14182,,LowRevenue,MicroAsset,Europe,MidTurnover,
comp_14183,,VeryLowRevenue,MicroAsset,Europe,LowTurnover,
comp_14184,,LowRevenue,MicroAsset,Europe,HighTurnover,
comp_14185,,LowRevenue,MicroAsset,Other_Regions,HighTurnover,
comp_14186,,LowRevenue,MicroAsset,Europe,HighTurnover,
comp_14187,,LowRevenue,MicroAsset,Europe,HighTurnover,
comp_14188,,LowRevenue,MicroAsset,Europe,HighTurnover,
comp_14189,,LowRevenue,MicroAsset,Europe,HighTurnover,
comp_14190,,LowRevenue,MicroAsset,Other_Regions,MidTurnover,
comp_14191,,VeryLowRevenue,MicroAsset,Other_Regions,LowTurnover,
comp_14192,,VeryLowRevenue,MicroAsset,Other_Regions,LowTurnover,
comp_14193,,LowRevenue,MicroAsset,Europe,HighTurnover,
comp_14194,,LowRevenue,MicroAsset,Europe,HighTurnover,
comp_14195,,LowRevenue,MicroAsset,Europe,HighTurnover,
comp_14196,,LowRevenue,MicroAsset,Europe,HighTurnover,
comp_14197,,LowRevenue,MicroAsset,Europe,MidTurnover,
comp_14198,,LowRevenue,MicroAsset,Asia,MidTurnover,
comp_14199,,LowRevenue,MicroAsset,Europe,MidTurnover,
comp_14200,,LowRevenue,MicroAsset,Europe,HighTurnover,
comp_14201,,LowRevenue,MicroAsset,Europe,MidTurnover,
comp_14202,,LowRevenue,MicroAsset,Other_Regions,HighTurnover,
comp_14203,,LowRevenue,MicroAsset,Europe,HighTurnover,
comp_14204,,LowRevenue,MicroAsset,Other_Regions,HighTurnover,
comp_14205,,LowRevenue,MicroAsset,Europe,HighTurnover,
comp_14206,,MidRevenue,MicroAsset,Europe,HighTurnover,
comp_14207,,VeryLowRevenue,MicroAsset,Other_Regions,LowTurnover,
comp_14208,,LowRevenue,MicroAsset,Other_Regions,MidTurnover,
comp_14209,,LowRevenue,MicroAsset,Other_Regions,MidTurnover,
comp_14210,,LowRevenue,MicroAsset,Asia,MidTurnover,
comp_14211,,LowRevenue,MicroAsset,Europe,HighTurnover,
comp_14212,,LowRevenue,MicroAsset,Europe,MidTurnover,
comp_14213,,MidRevenue,MicroAsset,Other_Regions,HighTurnover,
comp_14214,,LowRevenue,MicroAsset,Other_Regions,HighTurnover,
comp_14215,,LowRevenue,MicroAsset,Other_Regions,HighTurnover,
comp_14216,,LowRevenue,MicroAsset,Europe,HighTurnover,
comp_14217,,LowRevenue,MicroAsset,Europe,HighTurnover,
comp_14218,,MidRevenue,MicroAsset,Europe,HighTurnover,
comp_14219,,VeryLowRevenue,MicroAsset,Europe,LowTurnover,
comp_14220,,LowRevenue,MicroAsset,Other_Regions,HighTurnover,
comp_14221,,VeryLowRevenue,MicroAsset,Other_Regions,LowTurnover,
comp_14222,,LowRevenue,MicroAsset,Other_Regions,HighTurnover,
comp_14223,,LowRevenue,MicroAsset,Other_Regions,HighTurnover,
comp_14224,,MidRevenue,MicroAsset,Other_Regions,HighTurnover,
comp_14225,,LowRevenue,MicroAsset,Europe,HighTurnover,
comp_14226,,LowRevenue,MicroAsset,Europe,MidTurnover,
comp_14227,,VeryLowRevenue,MicroAsset,Europe,LowTurnover,
comp_14228,,LowRevenue,MicroAsset,Europe,HighTurnover,
comp_14229,,VeryLowRevenue,MicroAsset,Europe,LowTurnover,
comp_14230,,VeryLowRevenue,MicroAsset,Other_Regions,LowTurnover,
comp_14231,,LowRevenue,MicroAsset,Europe,HighTurnover,
comp_14232,,LowRevenue,MicroAsset,Other_Regions,MidTurnover,
comp_14233,,MidRevenue,MicroAsset,Europe,HighTurnover,
comp_14234,,LowRevenue,MicroAsset,Europe,HighTurnover,
comp_14235,,LowRevenue,MicroAsset,Other_Regions,HighTurnover,
comp_14236,,LowRevenue,MicroAsset,Other_Regions,HighTurnover,
comp_14237,,LowRevenue,MicroAsset,Europe,HighTurnover,
comp_14238,,LowRevenue,MicroAsset,Europe,HighTurnover,
comp_14239,,LowRevenue,MicroAsset,Other_Regions,HighTurnover,
comp_14240,,VeryLowRevenue,MicroAsset,Europe,LowTurnover,
comp_14241,,,MicroAsset,Other_Regions,,
comp_14242,,,MicroAsset,Other_Regions,,
comp_14243,,LowRevenue,MicroAsset,Europe,HighTurnover,
comp_14244,,LowRevenue,MicroAsset,Europe,MidTurnover,
comp_14245,,LowRevenue,MicroAsset,Europe,HighTurnover,
comp_14246,,VeryLowRevenue,MicroAsset,Other_Regions,LowTurnover,
comp_14247,,LowRevenue,MicroAsset,Other_Regions,MidTurnover,
comp_14248,,LowRevenue,MicroAsset,Europe,HighTurnover,
comp_14249,,MidRevenue,MicroAsset,Europe,HighTurnover,
comp_14250,,MidRevenue,MicroAsset,Other_Regions,HighTurnover,
comp_14251,,MidRevenue,MicroAsset,Europe,HighTurnover,
comp_14252,,LowRevenue,MicroAsset,Europe,MidTurnover,
comp_14253,,LowRevenue,MicroAsset,South_America,MidTurnover,
comp_14254,,VeryLowRevenue,MicroAsset,Europe,LowTurnover,
comp_14255,,LowRevenue,MicroAsset,Europe,HighTurnover,
comp_14256,,LowRevenue,MicroAsset,Europe,MidTurnover,
comp_14257,,LowRevenue,MicroAsset,Europe,MidTurnover,
comp_14258,,LowRevenue,MicroAsset,Other_Regions,HighTurnover,
comp_14259,,LowRevenue,MicroAsset,Other_Regions,LowTurnover,
comp_14260,,LowRevenue,MicroAsset,Europe,HighTurnover,
comp_14261,,MidRevenue,MicroAsset,Europe,HighTurnover,
comp_14262,,LowRevenue,MicroAsset,Other_Regions,MidTurnover,
comp_14263,,LowRevenue,MicroAsset,Europe,HighTurnover,
comp_14264,,LowRevenue,MicroAsset,Other_Regions,MidTurnover,
comp_14265,,LowRevenue,MicroAsset,Europe,HighTurnover,
comp_14266,,LowRevenue,MicroAsset,Europe,MidTurnover,
comp_14267,,LowRevenue,MicroAsset,Other_Regions,HighTurnover,
comp_14268,,LowRevenue,MicroAsset,Other_Regions,HighTurnover,
comp_14269,,MidRevenue,MicroAsset,Other_Regions,HighTurnover,
comp_14270,,LowRevenue,MicroAsset,Europe,HighTurnover,
comp_14271,,VeryLowRevenue,MicroAsset,Other_Regions,LowTurnover,
comp_14272,,LowRevenue,MicroAsset,Europe,HighTurnover,
comp_14273,,LowRevenue,MicroAsset,Europe,MidTurnover,
comp_14274,,VeryLowRevenue,MicroAsset,Europe,LowTurnover,
comp_14275,,LowRevenue,MicroAsset,Europe,MidTurnover,
comp_14276,,LowRevenue,MicroAsset,Europe,HighTurnover,
comp_14277,,VeryLowRevenue,MicroAsset,Europe,LowTurnover,
comp_14278,,LowRevenue,MicroAsset,Other_Regions,HighTurnover,
comp_14279,,LowRevenue,MicroAsset,Europe,HighTurnover,
comp_14280,,LowRevenue,MicroAsset,Europe,MidTurnover,
comp_14281,,LowRevenue,MicroAsset,Other_Regions,HighTurnover,
comp_14282,,LowRevenue,MicroAsset,Europe,HighTurnover,
comp_14283,,LowRevenue,MicroAsset,Europe,HighTurnover,
comp_14284,,LowRevenue,MicroAsset,Europe,HighTurnover,
comp_14285,,MidRevenue,MicroAsset,Europe,HighTurnover,
comp_14286,,VeryLowRevenue,MicroAsset,Europe,LowTurnover,
comp_14287,,LowRevenue,MicroAsset,Other_Regions,MidTurnover,
comp_14288,,LowRevenue,MicroAsset,Other_Regions,MidTurnover,
comp_14289,,LowRevenue,MicroAsset,Other_Regions,HighTurnover,
comp_14290,,LowRevenue,MicroAsset,Other_Regions,HighTurnover,
comp_14291,,LowRevenue,MicroAsset,Europe,HighTurnover,
comp_14292,,LowRevenue,MicroAsset,Europe,MidTurnover,
comp_14293,,LowRevenue,MicroAsset,Europe,HighTurnover,
comp_14294,,LowRevenue,MicroAsset,Other_Regions,HighTurnover,
comp_14295,,LowRevenue,MicroAsset,Other_Regions,HighTurnover,
comp_14296,,VeryLowRevenue,MicroAsset,Other_Regions,LowTurnover,
comp_14297,,LowRevenue,MicroAsset,Europe,MidTurnover,
comp_14298,,LowRevenue,MicroAsset,Europe,HighTurnover,
comp_14299,,LowRevenue,MicroAsset,Europe,HighTurnover,
comp_14300,,LowRevenue,MicroAsset,Europe,HighTurnover,
comp_14301,,LowRevenue,MicroAsset,Europe,MidTurnover,
comp_14302,,LowRevenue,MicroAsset,Other_Regions,HighTurnover,
comp_14303,,LowRevenue,MicroAsset,Europe,HighTurnover,
comp_14304,,LowRevenue,MicroAsset,Other_Regions,HighTurnover,
comp_14305,,VeryLowRevenue,MicroAsset,Europe,LowTurnover,
comp_14306,,,MicroAsset,Other_Regions,,
comp_14307,,LowRevenue,MicroAsset,Europe,MidTurnover,
comp_14308,,LowRevenue,MicroAsset,Europe,MidTurnover,
comp_14309,,LowRevenue,MicroAsset,Other_Regions,HighTurnover,
comp_14310,,LowRevenue,MicroAsset,Other_Regions,MidTurnover,
comp_14311,,LowRevenue,MicroAsset,Europe,HighTurnover,
comp_14312,,LowRevenue,MicroAsset,Europe,HighTurnover,
comp_14313,,LowRevenue,MicroAsset,Other_Regions,HighTurnover,
comp_14314,,LowRevenue,MicroAsset,Other_Regions,HighTurnover,
comp_14315,,LowRevenue,MicroAsset,Europe,MidTurnover,
comp_14316,,LowRevenue,MicroAsset,Other_Regions,HighTurnover,
comp_14317,,LowRevenue,MicroAsset,Europe,HighTurnover,
comp_14318,,LowRevenue,MicroAsset,Europe,HighTurnover,
comp_14319,,LowRevenue,MicroAsset,Europe,HighTurnover,
comp_14320,,LowRevenue,MicroAsset,Europe,HighTurnover,
comp_14321,,LowRevenue,MicroAsset,Other_Regions,HighTurnover,
comp_14322,,LowRevenue,MicroAsset,Other_Regions,HighTurnover,
comp_14323,,,MicroAsset,Other_Regions,,
comp_14324,,LowRevenue,MicroAsset,Other_Regions,MidTurnover,
comp_14325,,LowRevenue,MicroAsset,Europe,HighTurnover,
comp_14326,,LowRevenue,MicroAsset,Europe,HighTurnover,
comp_14327,,LowRevenue,MicroAsset,Europe,HighTurnover,
comp_14328,,MidRevenue,MicroAsset,Other_Regions,HighTurnover,
comp_14329,,MidRevenue,MicroAsset,Europe,HighTurnover,
comp_14330,,LowRevenue,MicroAsset,Other_Regions,HighTurnover,
comp_14331,,LowRevenue,MicroAsset,Europe,HighTurnover,
comp_14332,,VeryLowRevenue,MicroAsset,Europe,LowTurnover,
comp_14333,,LowRevenue,MicroAsset,Europe,HighTurnover,
comp_14334,,VeryLowRevenue,MicroAsset,Europe,LowTurnover,
comp_14335,,LowRevenue,MicroAsset,Other_Regions,HighTurnover,
comp_14336,,LowRevenue,MicroAsset,Europe,MidTurnover,
comp_14337,,LowRevenue,MicroAsset,South_America,MidTurnover,
comp_14338,,MidRevenue,MicroAsset,Other_Regions,HighTurnover,
comp_14339,,MidRevenue,MicroAsset,Other_Regions,HighTurnover,
comp_14340,,LowRevenue,MicroAsset,Europe,HighTurnover,
comp_14341,,LowRevenue,MicroAsset,Europe,MidTurnover,
comp_14342,,VeryLowRevenue,MicroAsset,Other_Regions,LowTurnover,
comp_14343,,LowRevenue,MicroAsset,Other_Regions,HighTurnover,
comp_14344,,LowRevenue,MicroAsset,Other_Regions,HighTurnover,
comp_14345,,VeryLowRevenue,MicroAsset,Europe,LowTurnover,
comp_14346,,LowRevenue,MicroAsset,Other_Regions,MidTurnover,
comp_14347,,MidRevenue,MicroAsset,Other_Regions,HighTurnover,
comp_14348,,LowRevenue,MicroAsset,Other_Regions,MidTurnover,
comp_14349,,LowRevenue,MicroAsset,Europe,HighTurnover,
comp_14350,,LowRevenue,MicroAsset,Europe,HighTurnover,
comp_14351,,LowRevenue,MicroAsset,Europe,MidTurnover,
comp_14352,,LowRevenue,MicroAsset,Europe,HighTurnover,
comp_14353,,VeryLowRevenue,MicroAsset,Europe,LowTurnover,
comp_14354,,LowRevenue,MicroAsset,Europe,MidTurnover,
comp_14355,,LowRevenue,MicroAsset,Europe,HighTurnover,
comp_14356,,LowRevenue,MicroAsset,Europe,HighTurnover,
comp_14357,,LowRevenue,MicroAsset,Other_Regions,HighTurnover,
comp_14358,,LowRevenue,MicroAsset,Europe,HighTurnover,
comp_14359,,MidRevenue,MicroAsset,Other_Regions,HighTurnover,
comp_14360,,LowRevenue,MicroAsset,Other_Regions,MidTurnover,
comp_14361,,LowRevenue,MicroAsset,Other_Regions,HighTurnover,
comp_14362,,VeryLowRevenue,MicroAsset,Europe,LowTurnover,
comp_14363,,LowRevenue,MicroAsset,Europe,MidTurnover,
comp_14364,,LowRevenue,MicroAsset,Other_Regions,HighTurnover,
comp_14365,,LowRevenue,MicroAsset,Europe,HighTurnover,
comp_14366,,LowRevenue,MicroAsset,Other_Regions,HighTurnover,
comp_14367,,LowRevenue,MicroAsset,Europe,LowTurnover,
comp_14368,,LowRevenue,MicroAsset,Other_Regions,HighTurnover,
comp_14369,,LowRevenue,MicroAsset,Other_Regions,MidTurnover,
comp_14370,,LowRevenue,MicroAsset,Europe,MidTurnover,
comp_14371,,LowRevenue,MicroAsset,Europe,MidTurnover,
comp_14372,,LowRevenue,MicroAsset,Europe,HighTurnover,
comp_14373,,LowRevenue,MicroAsset,Europe,HighTurnover,
comp_14374,,,MicroAsset,Other_Regions,,
comp_14375,,LowRevenue,MicroAsset,Europe,HighTurnover,
comp_14376,,LowRevenue,MicroAsset,Europe,MidTurnover,
comp_14377,,VeryLowRevenue,MicroAsset,Other_Regions,LowTurnover,
comp_14378,,LowRevenue,MicroAsset,Europe,HighTurnover,
comp_14379,,LowRevenue,MicroAsset,Europe,HighTurnover,
comp_14380,,VeryLowRevenue,MicroAsset,Europe,LowTurnover,
comp_14381,,LowRevenue,MicroAsset,Other_Regions,LowTurnover,
comp_14382,,LowRevenue,MicroAsset,Europe,MidTurnover,
comp_14383,,LowRevenue,MicroAsset,Europe,MidTurnover,
comp_14384,,LowRevenue,MicroAsset,Europe,HighTurnover,
comp_14385,,LowRevenue,MicroAsset,Europe,HighTurnover,
comp_14386,,LowRevenue,MicroAsset,Europe,HighTurnover,
comp_14387,,LowRevenue,MicroAsset,Europe,MidTurnover,
comp_14388,,LowRevenue,MicroAsset,Europe,MidTurnover,
comp_14389,,VeryLowRevenue,MicroAsset,Europe,LowTurnover,
comp_14390,,VeryLowRevenue,MicroAsset,Europe,LowTurnover,
comp_14391,,LowRevenue,MicroAsset,Europe,HighTurnover,
comp_14392,,,MicroAsset,Other_Regions,,
comp_14393,,LowRevenue,MicroAsset,Other_Regions,HighTurnover,
comp_14394,,MidRevenue,MicroAsset,Other_Regions,HighTurnover,
comp_14395,,MidRevenue,MicroAsset,Other_Regions,HighTurnover,
comp_14396,,LowRevenue,MicroAsset,Europe,MidTurnover,
comp_14397,,,MicroAsset,Other_Regions,,
comp_14398,,LowRevenue,MicroAsset,Europe,HighTurnover,
comp_14399,,LowRevenue,MicroAsset,Europe,HighTurnover,
comp_14400,,LowRevenue,MicroAsset,Europe,MidTurnover,
comp_14401,,MidRevenue,MicroAsset,Other_Regions,HighTurnover,
comp_14402,,LowRevenue,MicroAsset,Europe,HighTurnover,
comp_14403,,LowRevenue,MicroAsset,Europe,HighTurnover,
comp_14404,,LowRevenue,MicroAsset,Europe,HighTurnover,
comp_14405,,LowRevenue,MicroAsset,Other_Regions,MidTurnover,
comp_14406,,VeryLowRevenue,MicroAsset,Europe,LowTurnover,
comp_14407,,LowRevenue,MicroAsset,Europe,MidTurnover,
comp_14408,,VeryLowRevenue,MicroAsset,Europe,LowTurnover,
comp_14409,,LowRevenue,MicroAsset,Europe,MidTurnover,
comp_14410,,LowRevenue,MicroAsset,Europe,HighTurnover,
comp_14411,,LowRevenue,MicroAsset,Other_Regions,MidTurnover,
comp_14412,,MidRevenue,MicroAsset,Other_Regions,HighTurnover,
comp_14413,,LowRevenue,MicroAsset,Europe,MidTurnover,
comp_14414,,LowRevenue,MicroAsset,Other_Regions,HighTurnover,
comp_14415,,LowRevenue,MicroAsset,Europe,HighTurnover,
comp_14416,,LowRevenue,MicroAsset,Other_Regions,HighTurnover,
comp_14417,,LowRevenue,MicroAsset,Other_Regions,MidTurnover,
comp_14418,,LowRevenue,MicroAsset,Other_Regions,HighTurnover,
comp_14419,,LowRevenue,MicroAsset,Europe,HighTurnover,
comp_14420,,LowRevenue,MicroAsset,Europe,HighTurnover,
comp_14421,,LowRevenue,MicroAsset,Other_Regions,HighTurnover,
comp_14422,,LowRevenue,MicroAsset,Europe,MidTurnover,
comp_14423,,,MicroAsset,Other_Regions,,
comp_14424,,MidRevenue,MicroAsset,Europe,HighTurnover,
comp_14425,,LowRevenue,MicroAsset,Europe,HighTurnover,
comp_14426,,LowRevenue,MicroAsset,Europe,HighTurnover,
comp_14427,,LowRevenue,MicroAsset,Other_Regions,HighTurnover,
comp_14428,,LowRevenue,MicroAsset,Other_Regions,HighTurnover,
comp_14429,,LowRevenue,MicroAsset,Europe,HighTurnover,
comp_14430,,LowRevenue,MicroAsset,Europe,HighTurnover,
comp_14431,,LowRevenue,MicroAsset,Europe,MidTurnover,
comp_14432,,,MicroAsset,Europe,,
comp_14433,,LowRevenue,MicroAsset,Europe,MidTurnover,
comp_14434,,MidRevenue,MicroAsset,Europe,HighTurnover,
comp_14435,,LowRevenue,MicroAsset,Other_Regions,MidTurnover,
comp_14436,,LowRevenue,MicroAsset,Europe,HighTurnover,
comp_14437,,LowRevenue,MicroAsset,Other_Regions,HighTurnover,
comp_14438,,LowRevenue,MicroAsset,Europe,HighTurnover,
comp_14439,,LowRevenue,MicroAsset,Europe,MidTurnover,
comp_14440,,LowRevenue,MicroAsset,Europe,MidTurnover,
comp_14441,,VeryLowRevenue,MicroAsset,Other_Regions,LowTurnover,
comp_14442,,LowRevenue,MicroAsset,Europe,HighTurnover,
comp_14443,,VeryLowRevenue,MicroAsset,Other_Regions,LowTurnover,
comp_14444,,LowRevenue,MicroAsset,Europe,HighTurnover,
comp_14445,,LowRevenue,MicroAsset,Other_Regions,HighTurnover,
comp_14446,,LowRevenue,MicroAsset,Europe,HighTurnover,
comp_14447,,LowRevenue,MicroAsset,Europe,HighTurnover,
comp_14448,,LowRevenue,MicroAsset,Europe,HighTurnover,
comp_14449,,LowRevenue,MicroAsset,Europe,MidTurnover,
comp_14450,,LowRevenue,MicroAsset,Other_Regions,MidTurnover,
comp_14451,,LowRevenue,MicroAsset,Europe,HighTurnover,
comp_14452,,LowRevenue,MicroAsset,Europe,MidTurnover,
comp_14453,,LowRevenue,MicroAsset,Europe,HighTurnover,
comp_14454,,LowRevenue,MicroAsset,Europe,HighTurnover,
comp_14455,,,MicroAsset,Other_Regions,,
comp_14456,,LowRevenue,MicroAsset,Europe,HighTurnover,
comp_14457,,LowRevenue,MicroAsset,Europe,MidTurnover,
comp_14458,,LowRevenue,MicroAsset,Europe,MidTurnover,
comp_14459,,LowRevenue,MicroAsset,Other_Regions,HighTurnover,
comp_14460,,LowRevenue,MicroAsset,Europe,MidTurnover,
comp_14461,,LowRevenue,MicroAsset,Other_Regions,HighTurnover,
comp_14462,,MidRevenue,MicroAsset,Europe,HighTurnover,
comp_14463,,LowRevenue,MicroAsset,Other_Regions,MidTurnover,
comp_14464,,LowRevenue,MicroAsset,Europe,HighTurnover,
comp_14465,,VeryLowRevenue,MicroAsset,Europe,LowTurnover,
comp_14466,,LowRevenue,MicroAsset,Europe,HighTurnover,
comp_14467,,LowRevenue,MicroAsset,Europe,MidTurnover,
comp_14468,,LowRevenue,MicroAsset,Other_Regions,HighTurnover,
comp_14469,,LowRevenue,MicroAsset,Other_Regions,HighTurnover,
comp_14470,,LowRevenue,MicroAsset,Europe,HighTurnover,
comp_14471,,LowRevenue,MicroAsset,Europe,HighTurnover,
comp_14472,,,MicroAsset,Other_Regions,,
comp_14473,,LowRevenue,MicroAsset,Other_Regions,MidTurnover,
comp_14474,,LowRevenue,MicroAsset,Europe,HighTurnover,
comp_14475,,LowRevenue,MicroAsset,Europe,HighTurnover,
comp_14476,,MidRevenue,MicroAsset,Europe,HighTurnover,
comp_14477,,LowRevenue,MicroAsset,Europe,MidTurnover,
comp_14478,,VeryLowRevenue,MicroAsset,Other_Regions,LowTurnover,
comp_14479,,LowRevenue,MicroAsset,Europe,HighTurnover,
comp_14480,,VeryLowRevenue,MicroAsset,Other_Regions,LowTurnover,
comp_14481,,LowRevenue,MicroAsset,Europe,HighTurnover,
comp_14482,,LowRevenue,MicroAsset,Europe,MidTurnover,
comp_14483,,LowRevenue,MicroAsset,Europe,HighTurnover,
comp_14484,,LowRevenue,MicroAsset,Europe,HighTurnover,
comp_14485,,LowRevenue,MicroAsset,Europe,MidTurnover,
comp_14486,,LowRevenue,MicroAsset,Other_Regions,MidTurnover,
comp_14487,,LowRevenue,MicroAsset,Europe,HighTurnover,
comp_14488,,MidRevenue,MicroAsset,Europe,HighTurnover,
comp_14489,,LowRevenue,MicroAsset,Other_Regions,HighTurnover,
comp_14490,,LowRevenue,MicroAsset,Europe,MidTurnover,
comp_14491,,VeryLowRevenue,MicroAsset,Europe,LowTurnover,
comp_14492,,LowRevenue,MicroAsset,Europe,HighTurnover,
comp_14493,,LowRevenue,MicroAsset,Europe,HighTurnover,
comp_14494,,LowRevenue,MicroAsset,Europe,MidTurnover,
comp_14495,,VeryLowRevenue,MicroAsset,Other_Regions,LowTurnover,
comp_14496,,LowRevenue,MicroAsset,Europe,HighTurnover,
comp_14497,,LowRevenue,MicroAsset,Europe,HighTurnover,
comp_14498,,LowRevenue,MicroAsset,Europe,MidTurnover,
comp_14499,,LowRevenue,MicroAsset,Europe,HighTurnover,
comp_14500,,LowRevenue,MicroAsset,Europe,HighTurnover,
comp_14501,,LowRevenue,MicroAsset,Europe,HighTurnover,
comp_14502,,LowRevenue,MicroAsset,Europe,HighTurnover,
comp_14503,,LowRevenue,MicroAsset,Asia,HighTurnover,
comp_14504,,LowRevenue,MicroAsset,Other_Regions,MidTurnover,
comp_14505,,LowRevenue,MicroAsset,Europe,MidTurnover,
comp_14506,,LowRevenue,MicroAsset,Europe,MidTurnover,
comp_14507,,LowRevenue,MicroAsset,Europe,HighTurnover,
comp_14508,,LowRevenue,MicroAsset,Other_Regions,HighTurnover,
comp_14509,,LowRevenue,MicroAsset,Other_Regions,HighTurnover,
comp_14510,,LowRevenue,MicroAsset,Europe,MidTurnover,
comp_14511,,LowRevenue,MicroAsset,Europe,MidTurnover,
comp_14512,,MidRevenue,MicroAsset,Other_Regions,HighTurnover,
comp_14513,,LowRevenue,MicroAsset,Europe,HighTurnover,
comp_14514,,LowRevenue,MicroAsset,Europe,MidTurnover,
comp_14515,,LowRevenue,MicroAsset,Europe,HighTurnover,
comp_14516,,LowRevenue,MicroAsset,Europe,MidTurnover,
comp_14517,,LowRevenue,MicroAsset,Asia,HighTurnover,
comp_14518,,LowRevenue,MicroAsset,Europe,HighTurnover,
comp_14519,,LowRevenue,MicroAsset,Other_Regions,HighTurnover,
comp_14520,,LowRevenue,MicroAsset,Europe,HighTurnover,
comp_14521,,LowRevenue,MicroAsset,Other_Regions,HighTurnover,
comp_14522,,LowRevenue,MicroAsset,Europe,MidTurnover,
comp_14523,,LowRevenue,MicroAsset,Europe,HighTurnover,
comp_14524,,LowRevenue,MicroAsset,Europe,HighTurnover,
comp_14525,,LowRevenue,MicroAsset,Europe,HighTurnover,
comp_14526,,LowRevenue,MicroAsset,Other_Regions,HighTurnover,
comp_14527,,LowRevenue,MicroAsset,Other_Regions,HighTurnover,
comp_14528,,LowRevenue,MicroAsset,Other_Regions,HighTurnover,
comp_14529,,LowRevenue,MicroAsset,Europe,HighTurnover,
comp_14530,,LowRevenue,MicroAsset,Other_Regions,HighTurnover,
comp_14531,,LowRevenue,MicroAsset,Other_Regions,MidTurnover,
comp_14532,,LowRevenue,MicroAsset,Europe,HighTurnover,
comp_14533,,LowRevenue,MicroAsset,Europe,HighTurnover,
comp_14534,,,MicroAsset,Other_Regions,,
comp_14535,,LowRevenue,MicroAsset,Europe,HighTurnover,
comp_14536,,LowRevenue,MicroAsset,Other_Regions,MidTurnover,
comp_14537,,LowRevenue,MicroAsset,Other_Regions,HighTurnover,
comp_14538,,MidRevenue,MicroAsset,Other_Regions,HighTurnover,
comp_14539,,LowRevenue,MicroAsset,Europe,HighTurnover,
comp_14540,,LowRevenue,MicroAsset,Europe,MidTurnover,
comp_14541,,LowRevenue,MicroAsset,Europe,HighTurnover,
comp_14542,,VeryLowRevenue,MicroAsset,Europe,LowTurnover,
comp_14543,,LowRevenue,MicroAsset,Other_Regions,HighTurnover,
comp_14544,,LowRevenue,MicroAsset,Europe,MidTurnover,
comp_14545,,LowRevenue,MicroAsset,Other_Regions,HighTurnover,
comp_14546,,VeryLowRevenue,MicroAsset,Asia,LowTurnover,
comp_14547,,VeryLowRevenue,MicroAsset,Europe,LowTurnover,
comp_14548,,LowRevenue,MicroAsset,Europe,MidTurnover,
comp_14549,,,MicroAsset,Other_Regions,,
comp_14550,,LowRevenue,MicroAsset,Europe,HighTurnover,
comp_14551,,LowRevenue,MicroAsset,Europe,MidTurnover,
comp_14552,,LowRevenue,MicroAsset,Europe,HighTurnover,
comp_14553,,LowRevenue,MicroAsset,Other_Regions,HighTurnover,
comp_14554,,LowRevenue,MicroAsset,Europe,HighTurnover,
comp_14555,,LowRevenue,MicroAsset,Europe,MidTurnover,
comp_14556,,LowRevenue,MicroAsset,Asia,MidTurnover,
comp_14557,,LowRevenue,MicroAsset,Europe,HighTurnover,
comp_14558,,MidRevenue,MicroAsset,Europe,HighTurnover,
comp_14559,,LowRevenue,MicroAsset,Europe,HighTurnover,
comp_14560,,LowRevenue,MicroAsset,Europe,HighTurnover,
comp_14561,,LowRevenue,MicroAsset,Other_Regions,HighTurnover,
comp_14562,,LowRevenue,MicroAsset,Other_Regions,HighTurnover,
comp_14563,,VeryLowRevenue,MicroAsset,Europe,LowTurnover,
comp_14564,,LowRevenue,MicroAsset,Europe,HighTurnover,
comp_14565,,LowRevenue,MicroAsset,Other_Regions,HighTurnover,
comp_14566,,LowRevenue,MicroAsset,Europe,HighTurnover,
comp_14567,,LowRevenue,MicroAsset,Other_Regions,HighTurnover,
comp_14568,,LowRevenue,MicroAsset,Europe,HighTurnover,
comp_14569,,LowRevenue,MicroAsset,Europe,HighTurnover,
comp_14570,,LowRevenue,MicroAsset,Europe,MidTurnover,
comp_14571,,LowRevenue,MicroAsset,Europe,HighTurnover,
comp_14572,,VeryLowRevenue,MicroAsset,Other_Regions,LowTurnover,
comp_14573,,LowRevenue,MicroAsset,Europe,HighTurnover,
comp_14574,,VeryLowRevenue,MicroAsset,Europe,LowTurnover,
comp_14575,,LowRevenue,MicroAsset,Europe,HighTurnover,
comp_14576,,VeryLowRevenue,MicroAsset,Africa,LowTurnover,
comp_14577,,LowRevenue,MicroAsset,Europe,HighTurnover,
comp_14578,,,MicroAsset,Europe,,
comp_14579,,LowRevenue,MicroAsset,Europe,MidTurnover,
comp_14580,,LowRevenue,MicroAsset,Other_Regions,HighTurnover,
comp_14581,,LowRevenue,MicroAsset,Europe,HighTurnover,
comp_14582,,VeryLowRevenue,MicroAsset,Other_Regions,LowTurnover,
comp_14583,,MidRevenue,MicroAsset,Other_Regions,HighTurnover,
comp_14584,,LowRevenue,MicroAsset,Other_Regions,HighTurnover,
comp_14585,,,MicroAsset,Europe,,
comp_14586,,LowRevenue,MicroAsset,Europe,MidTurnover,
comp_14587,,LowRevenue,MicroAsset,Europe,HighTurnover,
comp_14588,,LowRevenue,MicroAsset,Other_Regions,HighTurnover,
comp_14589,,LowRevenue,MicroAsset,Other_Regions,MidTurnover,
comp_14590,,VeryLowRevenue,MicroAsset,Europe,LowTurnover,
comp_14591,,LowRevenue,MicroAsset,Europe,HighTurnover,
comp_14592,,LowRevenue,MicroAsset,Europe,HighTurnover,
comp_14593,,MidRevenue,MicroAsset,Other_Regions,HighTurnover,
comp_14594,,VeryLowRevenue,MicroAsset,Other_Regions,LowTurnover,
comp_14595,,LowRevenue,MicroAsset,Europe,HighTurnover,
comp_14596,,LowRevenue,MicroAsset,Other_Regions,HighTurnover,
comp_14597,,VeryLowRevenue,MicroAsset,Other_Regions,LowTurnover,
comp_14598,,LowRevenue,MicroAsset,Europe,MidTurnover,
comp_14599,,LowRevenue,MicroAsset,Europe,MidTurnover,
comp_14600,,LowRevenue,MicroAsset,Europe,MidTurnover,
comp_14601,,VeryLowRevenue,MicroAsset,Other_Regions,LowTurnover,
comp_14602,,LowRevenue,MicroAsset,Europe,HighTurnover,
comp_14603,,LowRevenue,MicroAsset,Europe,HighTurnover,
comp_14604,,LowRevenue,MicroAsset,Europe,MidTurnover,
comp_14605,,LowRevenue,MicroAsset,Other_Regions,HighTurnover,
comp_14606,,MidRevenue,MicroAsset,Other_Regions,HighTurnover,
comp_14607,,LowRevenue,MicroAsset,Other_Regions,HighTurnover,
comp_14608,,VeryLowRevenue,MicroAsset,Other_Regions,LowTurnover,
comp_14609,,,MicroAsset,Other_Regions,,
comp_14610,,LowRevenue,MicroAsset,Europe,HighTurnover,
comp_14611,,LowRevenue,MicroAsset,Europe,HighTurnover,
comp_14612,,LowRevenue,MicroAsset,Other_Regions,HighTurnover,
comp_14613,,LowRevenue,MicroAsset,Other_Regions,MidTurnover,
comp_14614,,LowRevenue,MicroAsset,Europe,HighTurnover,
comp_14615,,LowRevenue,MicroAsset,Europe,MidTurnover,
comp_14616,,LowRevenue,MicroAsset,Other_Regions,HighTurnover,
comp_14617,,LowRevenue,MicroAsset,Europe,MidTurnover,
comp_14618,,LowRevenue,MicroAsset,Europe,HighTurnover,
comp_14619,,LowRevenue,MicroAsset,Europe,HighTurnover,
comp_14620,,LowRevenue,MicroAsset,Other_Regions,MidTurnover,
comp_14621,,LowRevenue,MicroAsset,Europe,MidTurnover,
comp_14622,,VeryLowRevenue,MicroAsset,Europe,LowTurnover,
comp_14623,,VeryLowRevenue,MicroAsset,Europe,LowTurnover,
comp_14624,,LowRevenue,MicroAsset,Europe,HighTurnover,
comp_14625,,LowRevenue,MicroAsset,Europe,MidTurnover,
comp_14626,,LowRevenue,MicroAsset,Other_Regions,HighTurnover,
comp_14627,,VeryLowRevenue,MicroAsset,Other_Regions,LowTurnover,
comp_14628,,LowRevenue,MicroAsset,Other_Regions,HighTurnover,
comp_14629,,LowRevenue,MicroAsset,Europe,MidTurnover,
comp_14630,,LowRevenue,MicroAsset,Europe,HighTurnover,
comp_14631,,LowRevenue,MicroAsset,Europe,HighTurnover,
comp_14632,,LowRevenue,MicroAsset,Europe,HighTurnover,
comp_14633,,LowRevenue,MicroAsset,Europe,HighTurnover,
comp_14634,,,MicroAsset,Europe,,
comp_14635,,LowRevenue,MicroAsset,Other_Regions,HighTurnover,
comp_14636,,LowRevenue,MicroAsset,Europe,MidTurnover,
comp_14637,,LowRevenue,MicroAsset,Europe,HighTurnover,
comp_14638,,LowRevenue,MicroAsset,Europe,MidTurnover,
comp_14639,,LowRevenue,MicroAsset,South_America,HighTurnover,
comp_14640,,LowRevenue,MicroAsset,Europe,HighTurnover,
comp_14641,,,MicroAsset,Other_Regions,,
comp_14642,,LowRevenue,MicroAsset,Other_Regions,HighTurnover,
comp_14643,,LowRevenue,MicroAsset,Other_Regions,HighTurnover,
comp_14644,,LowRevenue,MicroAsset,Other_Regions,HighTurnover,
comp_14645,,VeryLowRevenue,MicroAsset,Other_Regions,LowTurnover,
comp_14646,,LowRevenue,MicroAsset,Europe,HighTurnover,
comp_14647,,VeryLowRevenue,MicroAsset,Other_Regions,LowTurnover,
comp_14648,,LowRevenue,MicroAsset,Europe,HighTurnover,
comp_14649,,LowRevenue,MicroAsset,Europe,HighTurnover,
comp_14650,,LowRevenue,MicroAsset,Other_Regions,HighTurnover,
comp_14651,,LowRevenue,MicroAsset,Europe,HighTurnover,
comp_14652,,LowRevenue,MicroAsset,Other_Regions,MidTurnover,
comp_14653,,LowRevenue,MicroAsset,Europe,HighTurnover,
comp_14654,,LowRevenue,MicroAsset,Other_Regions,MidTurnover,
comp_14655,,VeryLowRevenue,MicroAsset,Europe,LowTurnover,
comp_14656,,LowRevenue,MicroAsset,Europe,MidTurnover,
comp_14657,,LowRevenue,MicroAsset,Europe,HighTurnover,
comp_14658,,LowRevenue,MicroAsset,Europe,HighTurnover,
comp_14659,,LowRevenue,MicroAsset,Europe,MidTurnover,
comp_14660,,LowRevenue,MicroAsset,Europe,HighTurnover,
comp_14661,,LowRevenue,MicroAsset,Europe,MidTurnover,
comp_14662,,LowRevenue,MicroAsset,Other_Regions,HighTurnover,
comp_14663,,LowRevenue,MicroAsset,Europe,HighTurnover,
comp_14664,,LowRevenue,MicroAsset,Europe,HighTurnover,
comp_14665,,LowRevenue,MicroAsset,Europe,MidTurnover,
comp_14666,,VeryLowRevenue,MicroAsset,Other_Regions,LowTurnover,
comp_14667,,,MicroAsset,Other_Regions,,
comp_14668,,LowRevenue,MicroAsset,Other_Regions,HighTurnover,
comp_14669,,LowRevenue,MicroAsset,Europe,MidTurnover,
comp_14670,,LowRevenue,MicroAsset,Europe,HighTurnover,
comp_14671,,VeryLowRevenue,MicroAsset,Other_Regions,LowTurnover,
comp_14672,,LowRevenue,MicroAsset,Europe,HighTurnover,
comp_14673,,LowRevenue,MicroAsset,Europe,HighTurnover,
comp_14674,,LowRevenue,MicroAsset,Europe,HighTurnover,
comp_14675,,LowRevenue,MicroAsset,Europe,HighTurnover,
comp_14676,,LowRevenue,MicroAsset,Europe,HighTurnover,
comp_14677,,LowRevenue,MicroAsset,Europe,MidTurnover,
comp_14678,,VeryLowRevenue,MicroAsset,Europe,LowTurnover,
comp_14679,,LowRevenue,MicroAsset,Other_Regions,HighTurnover,
comp_14680,,LowRevenue,MicroAsset,Other_Regions,HighTurnover,
comp_14681,,LowRevenue,MicroAsset,Europe,HighTurnover,
comp_14682,,LowRevenue,MicroAsset,Europe,HighTurnover,
comp_14683,,LowRevenue,MicroAsset,Europe,HighTurnover,
comp_14684,,LowRevenue,MicroAsset,Other_Regions,MidTurnover,
comp_14685,,LowRevenue,MicroAsset,Europe,HighTurnover,
comp_14686,,LowRevenue,MicroAsset,Europe,MidTurnover,
comp_14687,,,MicroAsset,Other_Regions,,
comp_14688,,LowRevenue,MicroAsset,Europe,HighTurnover,
comp_14689,,LowRevenue,MicroAsset,Europe,HighTurnover,
comp_14690,,LowRevenue,MicroAsset,Europe,MidTurnover,
comp_14691,,LowRevenue,MicroAsset,Other_Regions,HighTurnover,
comp_14692,,LowRevenue,MicroAsset,Europe,HighTurnover,
comp_14693,,LowRevenue,MicroAsset,Other_Regions,HighTurnover,
comp_14694,,LowRevenue,MicroAsset,Other_Regions,HighTurnover,
comp_14695,,LowRevenue,MicroAsset,Europe,MidTurnover,
comp_14696,,LowRevenue,MicroAsset,Other_Regions,HighTurnover,
comp_14697,,LowRevenue,MicroAsset,Europe,HighTurnover,
comp_14698,,VeryLowRevenue,MicroAsset,Other_Regions,LowTurnover,
comp_14699,,LowRevenue,MicroAsset,Other_Regions,HighTurnover,
comp_14700,,LowRevenue,MicroAsset,Other_Regions,HighTurnover,
comp_14701,,LowRevenue,MicroAsset,Europe,HighTurnover,
comp_14702,,LowRevenue,MicroAsset,Europe,MidTurnover,
comp_14703,,LowRevenue,MicroAsset,Europe,HighTurnover,
comp_14704,,VeryLowRevenue,MicroAsset,Other_Regions,MidTurnover,
comp_14705,,LowRevenue,MicroAsset,Europe,MidTurnover,
comp_14706,,LowRevenue,MicroAsset,Europe,HighTurnover,
comp_14707,,LowRevenue,MicroAsset,Europe,HighTurnover,
comp_14708,,LowRevenue,MicroAsset,Europe,HighTurnover,
comp_14709,,LowRevenue,MicroAsset,Europe,HighTurnover,
comp_14710,,LowRevenue,MicroAsset,Other_Regions,HighTurnover,
comp_14711,,LowRevenue,MicroAsset,Europe,HighTurnover,
comp_14712,,LowRevenue,MicroAsset,Europe,HighTurnover,
comp_14713,,LowRevenue,MicroAsset,Europe,MidTurnover,
comp_14714,,LowRevenue,MicroAsset,Other_Regions,HighTurnover,
comp_14715,,LowRevenue,MicroAsset,Other_Regions,HighTurnover,
comp_14716,,LowRevenue,MicroAsset,Other_Regions,MidTurnover,
comp_14717,,MidRevenue,MicroAsset,Other_Regions,HighTurnover,
comp_14718,,LowRevenue,MicroAsset,Asia,MidTurnover,
comp_14719,,LowRevenue,MicroAsset,Europe,MidTurnover,
comp_14720,,VeryLowRevenue,MicroAsset,Other_Regions,LowTurnover,
comp_14721,,LowRevenue,MicroAsset,Europe,HighTurnover,
comp_14722,,LowRevenue,MicroAsset,Europe,HighTurnover,
comp_14723,,LowRevenue,MicroAsset,Europe,HighTurnover,
comp_14724,,LowRevenue,MicroAsset,Europe,MidTurnover,
comp_14725,,LowRevenue,MicroAsset,Europe,HighTurnover,
comp_14726,,LowRevenue,MicroAsset,Europe,HighTurnover,
comp_14727,,LowRevenue,MicroAsset,Other_Regions,HighTurnover,
comp_14728,,LowRevenue,MicroAsset,Europe,MidTurnover,
comp_14729,,LowRevenue,MicroAsset,Other_Regions,MidTurnover,
comp_14730,,LowRevenue,MicroAsset,Europe,HighTurnover,
comp_14731,,LowRevenue,MicroAsset,Other_Regions,HighTurnover,
comp_14732,,LowRevenue,MicroAsset,Europe,MidTurnover,
comp_14733,,LowRevenue,MicroAsset,Other_Regions,MidTurnover,
comp_14734,,LowRevenue,MicroAsset,Europe,MidTurnover,
comp_14735,,VeryLowRevenue,MicroAsset,Other_Regions,LowTurnover,
comp_14736,,LowRevenue,MicroAsset,Europe,MidTurnover,
comp_14737,,LowRevenue,MicroAsset,Other_Regions,HighTurnover,
comp_14738,,LowRevenue,MicroAsset,Europe,HighTurnover,
comp_14739,,LowRevenue,MicroAsset,Other_Regions,HighTurnover,
comp_14740,,LowRevenue,MicroAsset,Europe,HighTurnover,
comp_14741,,LowRevenue,MicroAsset,Europe,MidTurnover,
comp_14742,,LowRevenue,MicroAsset,Europe,MidTurnover,
comp_14743,,LowRevenue,MicroAsset,Europe,HighTurnover,
comp_14744,,LowRevenue,MicroAsset,Europe,HighTurnover,
comp_14745,,VeryLowRevenue,MicroAsset,Other_Regions,MidTurnover,
comp_14746,,LowRevenue,MicroAsset,Other_Regions,HighTurnover,
comp_14747,,VeryLowRevenue,MicroAsset,Europe,LowTurnover,
comp_14748,,VeryLowRevenue,MicroAsset,Europe,LowTurnover,
comp_14749,,LowRevenue,MicroAsset,Europe,HighTurnover,
comp_14750,,,MicroAsset,Europe,,
comp_14751,,VeryLowRevenue,MicroAsset,Other_Regions,LowTurnover,
comp_14752,,LowRevenue,MicroAsset,Europe,HighTurnover,
comp_14753,,LowRevenue,MicroAsset,Other_Regions,HighTurnover,
comp_14754,,LowRevenue,MicroAsset,Europe,MidTurnover,
comp_14755,,VeryLowRevenue,MicroAsset,Other_Regions,LowTurnover,
comp_14756,,LowRevenue,MicroAsset,Europe,HighTurnover,
comp_14757,,LowRevenue,MicroAsset,Europe,MidTurnover,
comp_14758,,LowRevenue,MicroAsset,Other_Regions,HighTurnover,
comp_14759,,LowRevenue,MicroAsset,Other_Regions,MidTurnover,
comp_14760,,VeryLowRevenue,MicroAsset,Other_Regions,LowTurnover,
comp_14761,,LowRevenue,MicroAsset,Other_Regions,HighTurnover,
comp_14762,,LowRevenue,MicroAsset,Europe,MidTurnover,
comp_14763,,LowRevenue,MicroAsset,Other_Regions,HighTurnover,
comp_14764,,LowRevenue,MicroAsset,Europe,HighTurnover,
comp_14765,,LowRevenue,MicroAsset,Other_Regions,HighTurnover,
comp_14766,,LowRevenue,MicroAsset,Europe,MidTurnover,
comp_14767,,LowRevenue,MicroAsset,Europe,HighTurnover,
comp_14768,,LowRevenue,MicroAsset,Europe,HighTurnover,
comp_14769,,LowRevenue,MicroAsset,Other_Regions,HighTurnover,
comp_14770,,LowRevenue,MicroAsset,Europe,HighTurnover,
comp_14771,,LowRevenue,MicroAsset,Europe,MidTurnover,
comp_14772,,,MicroAsset,Other_Regions,,
comp_14773,,LowRevenue,MicroAsset,Europe,MidTurnover,
comp_14774,,LowRevenue,MicroAsset,Europe,HighTurnover,
comp_14775,,LowRevenue,MicroAsset,Europe,HighTurnover,
comp_14776,,LowRevenue,MicroAsset,Other_Regions,HighTurnover,
comp_14777,,LowRevenue,MicroAsset,Other_Regions,HighTurnover,
comp_14778,,LowRevenue,MicroAsset,Other_Regions,HighTurnover,
comp_14779,,LowRevenue,MicroAsset,Europe,HighTurnover,
comp_14780,,VeryLowRevenue,MicroAsset,Europe,LowTurnover,
comp_14781,,LowRevenue,MicroAsset,Europe,MidTurnover,
comp_14782,,VeryLowRevenue,MicroAsset,Europe,LowTurnover,
comp_14783,,VeryLowRevenue,MicroAsset,Other_Regions,LowTurnover,
comp_14784,,,MicroAsset,Other_Regions,,
comp_14785,,LowRevenue,MicroAsset,Europe,HighTurnover,
comp_14786,,VeryLowRevenue,MicroAsset,Europe,MidTurnover,
comp_14787,,LowRevenue,MicroAsset,Other_Regions,HighTurnover,
comp_14788,,LowRevenue,MicroAsset,Europe,HighTurnover,
comp_14789,,LowRevenue,MicroAsset,Other_Regions,MidTurnover,
comp_14790,,LowRevenue,MicroAsset,Other_Regions,MidTurnover,
comp_14791,,LowRevenue,MicroAsset,Europe,HighTurnover,
comp_14792,,VeryLowRevenue,MicroAsset,Other_Regions,LowTurnover,
comp_14793,,LowRevenue,MicroAsset,Europe,HighTurnover,
comp_14794,,LowRevenue,MicroAsset,Europe,MidTurnover,
comp_14795,,LowRevenue,MicroAsset,Europe,HighTurnover,
comp_14796,,VeryLowRevenue,MicroAsset,Europe,LowTurnover,
comp_14797,,LowRevenue,MicroAsset,Other_Regions,HighTurnover,
comp_14798,,LowRevenue,MicroAsset,Other_Regions,HighTurnover,
comp_14799,,,MicroAsset,Europe,,
comp_14800,,LowRevenue,MicroAsset,Europe,HighTurnover,
comp_14801,,LowRevenue,MicroAsset,Europe,HighTurnover,
comp_14802,,LowRevenue,MicroAsset,Europe,HighTurnover,
comp_14803,,LowRevenue,MicroAsset,Other_Regions,HighTurnover,
comp_14804,,LowRevenue,MicroAsset,Europe,HighTurnover,
comp_14805,,VeryLowRevenue,MicroAsset,Europe,LowTurnover,
comp_14806,,LowRevenue,MicroAsset,Europe,HighTurnover,
comp_14807,,LowRevenue,MicroAsset,Europe,HighTurnover,
comp_14808,,LowRevenue,MicroAsset,Europe,HighTurnover,
comp_14809,,LowRevenue,MicroAsset,Europe,HighTurnover,
comp_14810,,LowRevenue,MicroAsset,Europe,HighTurnover,
comp_14811,,LowRevenue,MicroAsset,Other_Regions,HighTurnover,
comp_14812,,LowRevenue,MicroAsset,Europe,HighTurnover,
comp_14813,,VeryLowRevenue,MicroAsset,Other_Regions,LowTurnover,
comp_14814,,VeryLowRevenue,MicroAsset,Europe,LowTurnover,
comp_14815,,LowRevenue,MicroAsset,Europe,MidTurnover,
comp_14816,,LowRevenue,MicroAsset,Europe,HighTurnover,
comp_14817,,LowRevenue,MicroAsset,Other_Regions,HighTurnover,
comp_14818,,LowRevenue,MicroAsset,Europe,MidTurnover,
comp_14819,,LowRevenue,MicroAsset,Other_Regions,HighTurnover,
comp_14820,,LowRevenue,MicroAsset,Europe,HighTurnover,
comp_14821,,LowRevenue,MicroAsset,Europe,HighTurnover,
comp_14822,,VeryLowRevenue,MicroAsset,Other_Regions,LowTurnover,
comp_14823,,LowRevenue,MicroAsset,Asia,HighTurnover,
comp_14824,,VeryLowRevenue,MicroAsset,Europe,LowTurnover,
comp_14825,,LowRevenue,MicroAsset,Europe,HighTurnover,
comp_14826,,,MicroAsset,Europe,,
comp_14827,,LowRevenue,MicroAsset,Europe,HighTurnover,
comp_14828,,LowRevenue,MicroAsset,Other_Regions,HighTurnover,
comp_14829,,LowRevenue,MicroAsset,Europe,HighTurnover,
comp_14830,,LowRevenue,MicroAsset,Other_Regions,HighTurnover,
comp_14831,,LowRevenue,MicroAsset,Other_Regions,MidTurnover,
comp_14832,,LowRevenue,MicroAsset,Other_Regions,MidTurnover,
comp_14833,,LowRevenue,MicroAsset,Other_Regions,HighTurnover,
comp_14834,,LowRevenue,MicroAsset,Other_Regions,MidTurnover,
comp_14835,,VeryLowRevenue,MicroAsset,Other_Regions,LowTurnover,
comp_14836,,VeryLowRevenue,MicroAsset,Other_Regions,LowTurnover,
comp_14837,,LowRevenue,MicroAsset,Europe,HighTurnover,
comp_14838,,LowRevenue,MicroAsset,Other_Regions,HighTurnover,
comp_14839,,,MicroAsset,Europe,,
comp_14840,,,MicroAsset,Europe,,
comp_14841,,LowRevenue,MicroAsset,Other_Regions,MidTurnover,
comp_14842,,LowRevenue,MicroAsset,Europe,HighTurnover,
comp_14843,,LowRevenue,MicroAsset,Europe,HighTurnover,
comp_14844,,VeryLowRevenue,MicroAsset,Europe,LowTurnover,
comp_14845,,LowRevenue,MicroAsset,Other_Regions,HighTurnover,
comp_14846,,MidRevenue,MicroAsset,Europe,HighTurnover,
comp_14847,,LowRevenue,MicroAsset,Europe,MidTurnover,
comp_14848,,LowRevenue,MicroAsset,Europe,HighTurnover,
comp_14849,,LowRevenue,MicroAsset,Europe,HighTurnover,
comp_14850,,VeryLowRevenue,MicroAsset,Europe,MidTurnover,
comp_14851,,LowRevenue,MicroAsset,Other_Regions,HighTurnover,
comp_14852,,LowRevenue,MicroAsset,Europe,HighTurnover,
comp_14853,,LowRevenue,MicroAsset,Europe,HighTurnover,
comp_14854,,,MicroAsset,Europe,,
comp_14855,,LowRevenue,MicroAsset,Europe,HighTurnover,
comp_14856,,VeryLowRevenue,MicroAsset,Other_Regions,MidTurnover,
comp_14857,,LowRevenue,MicroAsset,Europe,HighTurnover,
comp_14858,,VeryLowRevenue,MicroAsset,Asia,LowTurnover,
comp_14859,,VeryLowRevenue,MicroAsset,Europe,LowTurnover,
comp_14860,,LowRevenue,MicroAsset,Other_Regions,HighTurnover,
comp_14861,,,MicroAsset,Other_Regions,,
comp_14862,,LowRevenue,MicroAsset,Europe,HighTurnover,
comp_14863,,LowRevenue,MicroAsset,Europe,HighTurnover,
comp_14864,,LowRevenue,MicroAsset,Europe,MidTurnover,
comp_14865,,LowRevenue,MicroAsset,Other_Regions,HighTurnover,
comp_14866,,LowRevenue,MicroAsset,Europe,MidTurnover,
comp_14867,,VeryLowRevenue,MicroAsset,Europe,LowTurnover,
comp_14868,,LowRevenue,MicroAsset,Europe,MidTurnover,
comp_14869,,VeryLowRevenue,MicroAsset,Europe,LowTurnover,
comp_14870,,LowRevenue,MicroAsset,Other_Regions,MidTurnover,
comp_14871,,VeryLowRevenue,MicroAsset,Other_Regions,LowTurnover,
comp_14872,,LowRevenue,MicroAsset,Other_Regions,HighTurnover,
comp_14873,,LowRevenue,MicroAsset,Europe,HighTurnover,
comp_14874,,LowRevenue,MicroAsset,Europe,MidTurnover,
comp_14875,,LowRevenue,MicroAsset,Other_Regions,HighTurnover,
comp_14876,,,MicroAsset,Other_Regions,,
comp_14877,,LowRevenue,MicroAsset,Other_Regions,HighTurnover,
comp_14878,,LowRevenue,MicroAsset,Other_Regions,HighTurnover,
comp_14879,,LowRevenue,MicroAsset,Europe,MidTurnover,
comp_14880,,LowRevenue,MicroAsset,Other_Regions,HighTurnover,
comp_14881,,LowRevenue,MicroAsset,Europe,HighTurnover,
comp_14882,,LowRevenue,MicroAsset,Other_Regions,HighTurnover,
comp_14883,,LowRevenue,MicroAsset,Europe,MidTurnover,
comp_14884,,VeryLowRevenue,MicroAsset,Europe,LowTurnover,
comp_14885,,LowRevenue,MicroAsset,Europe,MidTurnover,
comp_14886,,LowRevenue,MicroAsset,Europe,HighTurnover,
comp_14887,,LowRevenue,MicroAsset,Europe,HighTurnover,
comp_14888,,LowRevenue,MicroAsset,Other_Regions,HighTurnover,
comp_14889,,LowRevenue,MicroAsset,Other_Regions,HighTurnover,
comp_14890,,LowRevenue,MicroAsset,Other_Regions,MidTurnover,
comp_14891,,LowRevenue,MicroAsset,Europe,HighTurnover,
comp_14892,,VeryLowRevenue,MicroAsset,Other_Regions,LowTurnover,
comp_14893,,LowRevenue,MicroAsset,Other_Regions,HighTurnover,
comp_14894,,VeryLowRevenue,MicroAsset,Europe,LowTurnover,
comp_14895,,LowRevenue,MicroAsset,Europe,MidTurnover,
comp_14896,,LowRevenue,MicroAsset,Europe,MidTurnover,
comp_14897,,LowRevenue,MicroAsset,Other_Regions,HighTurnover,
comp_14898,,LowRevenue,MicroAsset,Europe,MidTurnover,
comp_14899,,LowRevenue,MicroAsset,Europe,HighTurnover,
comp_14900,,LowRevenue,MicroAsset,Other_Regions,HighTurnover,
comp_14901,,LowRevenue,MicroAsset,Other_Regions,HighTurnover,
comp_14902,,LowRevenue,MicroAsset,Europe,MidTurnover,
comp_14903,,LowRevenue,MicroAsset,Europe,HighTurnover,
comp_14904,,VeryLowRevenue,MicroAsset,Europe,LowTurnover,
comp_14905,,LowRevenue,MicroAsset,Other_Regions,HighTurnover,
comp_14906,,LowRevenue,MicroAsset,Europe,MidTurnover,
comp_14907,,LowRevenue,MicroAsset,Other_Regions,MidTurnover,
comp_14908,,LowRevenue,MicroAsset,Other_Regions,HighTurnover,
comp_14909,,LowRevenue,MicroAsset,Europe,HighTurnover,
comp_14910,,LowRevenue,MicroAsset,Other_Regions,MidTurnover,
comp_14911,,LowRevenue,MicroAsset,Other_Regions,HighTurnover,
comp_14912,,,MicroAsset,Europe,,
comp_14913,,LowRevenue,MicroAsset,Europe,HighTurnover,
comp_14914,,LowRevenue,MicroAsset,Europe,HighTurnover,
comp_14915,,LowRevenue,MicroAsset,Europe,MidTurnover,
comp_14916,,LowRevenue,MicroAsset,Europe,HighTurnover,
comp_14917,,LowRevenue,MicroAsset,Europe,HighTurnover,
comp_14918,,VeryLowRevenue,MicroAsset,Other_Regions,LowTurnover,
comp_14919,,LowRevenue,MicroAsset,Europe,HighTurnover,
comp_14920,,VeryLowRevenue,MicroAsset,Europe,LowTurnover,
comp_14921,,LowRevenue,MicroAsset,Other_Regions,HighTurnover,
comp_14922,,LowRevenue,MicroAsset,Europe,HighTurnover,
comp_14923,,LowRevenue,MicroAsset,Europe,MidTurnover,
comp_14924,,LowRevenue,MicroAsset,Europe,HighTurnover,
comp_14925,,,MicroAsset,Other_Regions,,
comp_14926,,LowRevenue,MicroAsset,Europe,HighTurnover,
comp_14927,,LowRevenue,MicroAsset,Europe,HighTurnover,
comp_14928,,LowRevenue,MicroAsset,Other_Regions,HighTurnover,
comp_14929,,LowRevenue,MicroAsset,Europe,HighTurnover,
comp_14930,,LowRevenue,MicroAsset,Europe,HighTurnover,
comp_14931,,LowRevenue,MicroAsset,Europe,HighTurnover,
comp_14932,,LowRevenue,MicroAsset,Other_Regions,MidTurnover,
comp_14933,,,MicroAsset,Europe,,
comp_14934,,,MicroAsset,Europe,,
comp_14935,,LowRevenue,MicroAsset,Europe,MidTurnover,
comp_14936,,,MicroAsset,Other_Regions,,
comp_14937,,LowRevenue,MicroAsset,Other_Regions,HighTurnover,
comp_14938,,LowRevenue,MicroAsset,Europe,HighTurnover,
comp_14939,,,MicroAsset,Europe,,
comp_14940,,LowRevenue,MicroAsset,Europe,HighTurnover,
comp_14941,,LowRevenue,MicroAsset,Europe,MidTurnover,
comp_14942,,LowRevenue,MicroAsset,Europe,HighTurnover,
comp_14943,,VeryLowRevenue,MicroAsset,Europe,LowTurnover,
comp_14944,,LowRevenue,MicroAsset,Europe,HighTurnover,
comp_14945,,LowRevenue,MicroAsset,Europe,HighTurnover,
comp_14946,,VeryLowRevenue,MicroAsset,Europe,LowTurnover,
comp_14947,,LowRevenue,MicroAsset,Europe,HighTurnover,
comp_14948,,LowRevenue,MicroAsset,Europe,HighTurnover,
comp_14949,,VeryLowRevenue,MicroAsset,Other_Regions,MidTurnover,
comp_14950,,LowRevenue,MicroAsset,Europe,MidTurnover,
comp_14951,,LowRevenue,MicroAsset,Other_Regions,HighTurnover,
comp_14952,,LowRevenue,MicroAsset,Other_Regions,HighTurnover,
comp_14953,,LowRevenue,MicroAsset,South_America,HighTurnover,
comp_14954,,VeryLowRevenue,MicroAsset,Europe,MidTurnover,
comp_14955,,LowRevenue,MicroAsset,Europe,MidTurnover,
comp_14956,,,MicroAsset,Other_Regions,,
comp_14957,,LowRevenue,MicroAsset,Europe,HighTurnover,
comp_14958,,LowRevenue,MicroAsset,Europe,HighTurnover,
comp_14959,,VeryLowRevenue,MicroAsset,Other_Regions,LowTurnover,
comp_14960,,,MicroAsset,Other_Regions,,
comp_14961,,LowRevenue,MicroAsset,Europe,MidTurnover,
comp_14962,,VeryLowRevenue,MicroAsset,Europe,LowTurnover,
comp_14963,,LowRevenue,MicroAsset,Europe,HighTurnover,
comp_14964,,LowRevenue,MicroAsset,Europe,HighTurnover,
comp_14965,,LowRevenue,MicroAsset,Europe,HighTurnover,
comp_14966,,,MicroAsset,Other_Regions,,
comp_14967,,LowRevenue,MicroAsset,Europe,HighTurnover,
comp_14968,,LowRevenue,MicroAsset,Other_Regions,HighTurnover,
comp_14969,,LowRevenue,MicroAsset,Europe,HighTurnover,
comp_14970,,LowRevenue,MicroAsset,Europe,HighTurnover,
comp_14971,,LowRevenue,MicroAsset,Europe,HighTurnover,
comp_14972,,LowRevenue,MicroAsset,Europe,MidTurnover,
comp_14973,,LowRevenue,MicroAsset,Europe,HighTurnover,
comp_14974,,LowRevenue,MicroAsset,Other_Regions,MidTurnover,
comp_14975,,VeryLowRevenue,MicroAsset,Europe,LowTurnover,
comp_14976,,LowRevenue,MicroAsset,Europe,MidTurnover,
comp_14977,,LowRevenue,MicroAsset,Europe,HighTurnover,
comp_14978,,LowRevenue,MicroAsset,Europe,HighTurnover,
comp_14979,,LowRevenue,MicroAsset,Europe,HighTurnover,
comp_14980,,,MicroAsset,Other_Regions,,
comp_14981,,,MicroAsset,South_America,,
comp_14982,,LowRevenue,MicroAsset,Europe,MidTurnover,
comp_14983,,LowRevenue,MicroAsset,Europe,HighTurnover,
comp_14984,,LowRevenue,MicroAsset,Europe,HighTurnover,
comp_14985,,LowRevenue,MicroAsset,Europe,HighTurnover,
comp_14986,,LowRevenue,MicroAsset,Other_Regions,MidTurnover,
comp_14987,,LowRevenue,MicroAsset,Europe,MidTurnover,
comp_14988,,LowRevenue,MicroAsset,Other_Regions,MidTurnover,
comp_14989,,VeryLowRevenue,MicroAsset,Europe,LowTurnover,
comp_14990,,LowRevenue,MicroAsset,Europe,HighTurnover,
comp_14991,,VeryLowRevenue,MicroAsset,Other_Regions,LowTurnover,
comp_14992,,VeryLowRevenue,MicroAsset,Europe,MidTurnover,
comp_14993,,LowRevenue,MicroAsset,Other_Regions,MidTurnover,
comp_14994,,LowRevenue,MicroAsset,Europe,HighTurnover,
comp_14995,,LowRevenue,MicroAsset,Europe,MidTurnover,
comp_14996,,VeryLowRevenue,MicroAsset,Europe,LowTurnover,
comp_14997,,LowRevenue,MicroAsset,Europe,HighTurnover,
comp_14998,,VeryLowRevenue,MicroAsset,Other_Regions,MidTurnover,
comp_14999,,LowRevenue,MicroAsset,Europe,HighTurnover,
comp_15000,,VeryLowRevenue,MicroAsset,Other_Regions,MidTurnover,
comp_15001,,LowRevenue,MicroAsset,Other_Regions,MidTurnover,
comp_15002,,LowRevenue,MicroAsset,Europe,HighTurnover,
comp_15003,,LowRevenue,MicroAsset,Europe,HighTurnover,
comp_15004,,VeryLowRevenue,MicroAsset,Other_Regions,LowTurnover,
comp_15005,,LowRevenue,MicroAsset,Europe,MidTurnover,
comp_15006,,LowRevenue,MicroAsset,Europe,HighTurnover,
comp_15007,,LowRevenue,MicroAsset,Other_Regions,HighTurnover,
comp_15008,,LowRevenue,MicroAsset,Europe,HighTurnover,
comp_15009,,LowRevenue,MicroAsset,Other_Regions,MidTurnover,
comp_15010,,LowRevenue,MicroAsset,Europe,MidTurnover,
comp_15011,,LowRevenue,MicroAsset,Other_Regions,HighTurnover,
comp_15012,,LowRevenue,MicroAsset,Other_Regions,HighTurnover,
comp_15013,,LowRevenue,MicroAsset,Europe,HighTurnover,
comp_15014,,VeryLowRevenue,MicroAsset,Europe,LowTurnover,
comp_15015,,LowRevenue,MicroAsset,Europe,HighTurnover,
comp_15016,,LowRevenue,MicroAsset,Europe,HighTurnover,
comp_15017,,VeryLowRevenue,MicroAsset,Europe,LowTurnover,
comp_15018,,VeryLowRevenue,MicroAsset,Other_Regions,LowTurnover,
comp_15019,,LowRevenue,MicroAsset,Other_Regions,HighTurnover,
comp_15020,,LowRevenue,MicroAsset,Europe,HighTurnover,
comp_15021,,LowRevenue,MicroAsset,Europe,HighTurnover,
comp_15022,,VeryLowRevenue,MicroAsset,Europe,MidTurnover,
comp_15023,,LowRevenue,MicroAsset,Other_Regions,HighTurnover,
comp_15024,,LowRevenue,MicroAsset,Europe,HighTurnover,
comp_15025,,LowRevenue,MicroAsset,Europe,HighTurnover,
comp_15026,,LowRevenue,MicroAsset,Europe,MidTurnover,
comp_15027,,LowRevenue,MicroAsset,Europe,MidTurnover,
comp_15028,,LowRevenue,MicroAsset,Europe,MidTurnover,
comp_15029,,LowRevenue,MicroAsset,Other_Regions,HighTurnover,
comp_15030,,LowRevenue,MicroAsset,Europe,HighTurnover,
comp_15031,,LowRevenue,MicroAsset,Other_Regions,HighTurnover,
comp_15032,,LowRevenue,MicroAsset,Europe,HighTurnover,
comp_15033,,LowRevenue,MicroAsset,Other_Regions,MidTurnover,
comp_15034,,LowRevenue,MicroAsset,Europe,HighTurnover,
comp_15035,,VeryLowRevenue,MicroAsset,Other_Regions,LowTurnover,
comp_15036,,LowRevenue,MicroAsset,Europe,MidTurnover,
comp_15037,,LowRevenue,MicroAsset,Other_Regions,MidTurnover,
comp_15038,,LowRevenue,MicroAsset,Other_Regions,HighTurnover,
comp_15039,,LowRevenue,MicroAsset,Europe,MidTurnover,
comp_15040,,LowRevenue,MicroAsset,Europe,MidTurnover,
comp_15041,,LowRevenue,MicroAsset,Europe,MidTurnover,
comp_15042,,,MicroAsset,Other_Regions,,
comp_15043,,LowRevenue,MicroAsset,Europe,MidTurnover,
comp_15044,,LowRevenue,MicroAsset,Europe,HighTurnover,
comp_15045,,LowRevenue,MicroAsset,Europe,MidTurnover,
comp_15046,,VeryLowRevenue,MicroAsset,Europe,MidTurnover,
comp_15047,,LowRevenue,MicroAsset,Other_Regions,MidTurnover,
comp_15048,,LowRevenue,MicroAsset,Other_Regions,HighTurnover,
comp_15049,,LowRevenue,MicroAsset,Other_Regions,HighTurnover,
comp_15050,,LowRevenue,MicroAsset,Other_Regions,HighTurnover,
comp_15051,,LowRevenue,MicroAsset,Europe,HighTurnover,
comp_15052,,VeryLowRevenue,MicroAsset,Other_Regions,MidTurnover,
comp_15053,,LowRevenue,MicroAsset,Other_Regions,MidTurnover,
comp_15054,,LowRevenue,MicroAsset,Other_Regions,HighTurnover,
comp_15055,,LowRevenue,MicroAsset,Europe,MidTurnover,
comp_15056,,LowRevenue,MicroAsset,Europe,MidTurnover,
comp_15057,,LowRevenue,MicroAsset,Europe,HighTurnover,
comp_15058,,LowRevenue,MicroAsset,Other_Regions,HighTurnover,
comp_15059,,LowRevenue,MicroAsset,Europe,HighTurnover,
comp_15060,,LowRevenue,MicroAsset,Other_Regions,HighTurnover,
comp_15061,,VeryLowRevenue,MicroAsset,Europe,LowTurnover,
comp_15062,,LowRevenue,MicroAsset,Europe,HighTurnover,
comp_15063,,LowRevenue,MicroAsset,Europe,HighTurnover,
comp_15064,,LowRevenue,MicroAsset,Europe,HighTurnover,
comp_15065,,LowRevenue,MicroAsset,Other_Regions,MidTurnover,
comp_15066,,,MicroAsset,Other_Regions,,
comp_15067,,LowRevenue,MicroAsset,Europe,HighTurnover,
comp_15068,,VeryLowRevenue,MicroAsset,Europe,LowTurnover,
comp_15069,,LowRevenue,MicroAsset,Other_Regions,MidTurnover,
comp_15070,,LowRevenue,MicroAsset,Europe,HighTurnover,
comp_15071,,LowRevenue,MicroAsset,Other_Regions,MidTurnover,
comp_15072,,,MicroAsset,Europe,,
comp_15073,,LowRevenue,MicroAsset,Other_Regions,MidTurnover,
comp_15074,,VeryLowRevenue,MicroAsset,Other_Regions,MidTurnover,
comp_15075,,VeryLowRevenue,MicroAsset,Europe,LowTurnover,
comp_15076,,LowRevenue,MicroAsset,Europe,HighTurnover,
comp_15077,,LowRevenue,MicroAsset,Europe,MidTurnover,
comp_15078,,LowRevenue,MicroAsset,Europe,HighTurnover,
comp_15079,,VeryLowRevenue,MicroAsset,Other_Regions,LowTurnover,
comp_15080,,LowRevenue,MicroAsset,Europe,HighTurnover,
comp_15081,,MidRevenue,MicroAsset,Europe,HighTurnover,
comp_15082,,LowRevenue,MicroAsset,Europe,MidTurnover,
comp_15083,,VeryLowRevenue,MicroAsset,Europe,MidTurnover,
comp_15084,,VeryLowRevenue,MicroAsset,Europe,LowTurnover,
comp_15085,,LowRevenue,MicroAsset,Europe,MidTurnover,
comp_15086,,LowRevenue,MicroAsset,Europe,HighTurnover,
comp_15087,,LowRevenue,MicroAsset,Europe,HighTurnover,
comp_15088,,LowRevenue,MicroAsset,Europe,HighTurnover,
comp_15089,,LowRevenue,MicroAsset,Europe,HighTurnover,
comp_15090,,LowRevenue,MicroAsset,Other_Regions,HighTurnover,
comp_15091,,LowRevenue,MicroAsset,Other_Regions,MidTurnover,
comp_15092,,LowRevenue,MicroAsset,Europe,HighTurnover,
comp_15093,,LowRevenue,MicroAsset,Europe,MidTurnover,
comp_15094,,LowRevenue,MicroAsset,Europe,MidTurnover,
comp_15095,,VeryLowRevenue,MicroAsset,Other_Regions,LowTurnover,
comp_15096,,LowRevenue,MicroAsset,Europe,MidTurnover,
comp_15097,,VeryLowRevenue,MicroAsset,Other_Regions,MidTurnover,
comp_15098,,,MicroAsset,Other_Regions,,
comp_15099,,LowRevenue,MicroAsset,Other_Regions,MidTurnover,
comp_15100,,LowRevenue,MicroAsset,Europe,HighTurnover,
comp_15101,,LowRevenue,MicroAsset,Other_Regions,HighTurnover,
comp_15102,,LowRevenue,MicroAsset,Europe,HighTurnover,
comp_15103,,,MicroAsset,Europe,,
comp_15104,,LowRevenue,MicroAsset,Europe,HighTurnover,
comp_15105,,,MicroAsset,Other_Regions,,
comp_15106,,LowRevenue,MicroAsset,South_America,HighTurnover,
comp_15107,,LowRevenue,MicroAsset,Europe,HighTurnover,
comp_15108,,,MicroAsset,Europe,,
comp_15109,,VeryLowRevenue,MicroAsset,Europe,MidTurnover,
comp_15110,,LowRevenue,MicroAsset,Europe,HighTurnover,
comp_15111,,LowRevenue,MicroAsset,Other_Regions,HighTurnover,
comp_15112,,LowRevenue,MicroAsset,Other_Regions,HighTurnover,
comp_15113,,LowRevenue,MicroAsset,Europe,MidTurnover,
comp_15114,,LowRevenue,MicroAsset,Other_Regions,HighTurnover,
comp_15115,,LowRevenue,MicroAsset,Europe,HighTurnover,
comp_15116,,VeryLowRevenue,MicroAsset,Other_Regions,MidTurnover,
comp_15117,,,MicroAsset,Other_Regions,,
comp_15118,,LowRevenue,MicroAsset,Asia,HighTurnover,
comp_15119,,LowRevenue,MicroAsset,Europe,HighTurnover,
comp_15120,,VeryLowRevenue,MicroAsset,Europe,LowTurnover,
comp_15121,,LowRevenue,MicroAsset,Europe,HighTurnover,
comp_15122,,LowRevenue,MicroAsset,Europe,HighTurnover,
comp_15123,,,MicroAsset,Europe,,
comp_15124,,LowRevenue,MicroAsset,Europe,HighTurnover,
comp_15125,,LowRevenue,MicroAsset,Europe,MidTurnover,
comp_15126,,VeryLowRevenue,MicroAsset,Europe,LowTurnover,
comp_15127,,LowRevenue,MicroAsset,Europe,HighTurnover,
comp_15128,,LowRevenue,MicroAsset,Europe,HighTurnover,
comp_15129,,LowRevenue,MicroAsset,Europe,MidTurnover,
comp_15130,,LowRevenue,MicroAsset,Europe,HighTurnover,
comp_15131,,LowRevenue,MicroAsset,Europe,HighTurnover,
comp_15132,,LowRevenue,MicroAsset,Europe,MidTurnover,
comp_15133,,LowRevenue,MicroAsset,Europe,HighTurnover,
comp_15134,,VeryLowRevenue,MicroAsset,Europe,LowTurnover,
comp_15135,,LowRevenue,MicroAsset,Other_Regions,HighTurnover,
comp_15136,,LowRevenue,MicroAsset,Europe,HighTurnover,
comp_15137,,LowRevenue,MicroAsset,Europe,HighTurnover,
comp_15138,,LowRevenue,MicroAsset,Europe,HighTurnover,
comp_15139,,LowRevenue,MicroAsset,Other_Regions,HighTurnover,
comp_15140,,VeryLowRevenue,MicroAsset,Other_Regions,MidTurnover,
comp_15141,,LowRevenue,MicroAsset,Other_Regions,MidTurnover,
comp_15142,,LowRevenue,MicroAsset,Other_Regions,MidTurnover,
comp_15143,,LowRevenue,MicroAsset,Europe,HighTurnover,
comp_15144,,LowRevenue,MicroAsset,Other_Regions,MidTurnover,
comp_15145,,LowRevenue,MicroAsset,Europe,HighTurnover,
comp_15146,,LowRevenue,MicroAsset,Europe,HighTurnover,
comp_15147,,LowRevenue,MicroAsset,Other_Regions,HighTurnover,
comp_15148,,VeryLowRevenue,MicroAsset,Europe,MidTurnover,
comp_15149,,VeryLowRevenue,MicroAsset,Europe,MidTurnover,
comp_15150,,LowRevenue,MicroAsset,Europe,HighTurnover,
comp_15151,,,MicroAsset,Europe,,
comp_15152,,LowRevenue,MicroAsset,Europe,HighTurnover,
comp_15153,,LowRevenue,MicroAsset,Other_Regions,HighTurnover,
comp_15154,,,MicroAsset,Other_Regions,,
comp_15155,,LowRevenue,MicroAsset,Other_Regions,HighTurnover,
comp_15156,,LowRevenue,MicroAsset,Europe,HighTurnover,
comp_15157,,LowRevenue,MicroAsset,Europe,HighTurnover,
comp_15158,,LowRevenue,MicroAsset,Other_Regions,HighTurnover,
comp_15159,,LowRevenue,MicroAsset,Other_Regions,MidTurnover,
comp_15160,,LowRevenue,MicroAsset,Other_Regions,MidTurnover,
comp_15161,,LowRevenue,MicroAsset,Europe,HighTurnover,
comp_15162,,LowRevenue,MicroAsset,Europe,MidTurnover,
comp_15163,,LowRevenue,MicroAsset,Europe,HighTurnover,
comp_15164,,VeryLowRevenue,MicroAsset,Europe,LowTurnover,
comp_15165,,LowRevenue,MicroAsset,Europe,HighTurnover,
comp_15166,,LowRevenue,MicroAsset,Europe,HighTurnover,
comp_15167,,LowRevenue,MicroAsset,Other_Regions,HighTurnover,
comp_15168,,VeryLowRevenue,MicroAsset,Other_Regions,MidTurnover,
comp_15169,,LowRevenue,MicroAsset,Europe,HighTurnover,
comp_15170,,LowRevenue,MicroAsset,Europe,HighTurnover,
comp_15171,,LowRevenue,MicroAsset,Europe,HighTurnover,
comp_15172,,LowRevenue,MicroAsset,Europe,MidTurnover,
comp_15173,,LowRevenue,MicroAsset,Europe,HighTurnover,
comp_15174,,VeryLowRevenue,MicroAsset,Europe,LowTurnover,
comp_15175,,LowRevenue,MicroAsset,Other_Regions,HighTurnover,
comp_15176,,LowRevenue,MicroAsset,Europe,MidTurnover,
comp_15177,,VeryLowRevenue,MicroAsset,Europe,LowTurnover,
comp_15178,,LowRevenue,MicroAsset,Other_Regions,HighTurnover,
comp_15179,,LowRevenue,MicroAsset,Europe,HighTurnover,
comp_15180,,LowRevenue,MicroAsset,Europe,MidTurnover,
comp_15181,,LowRevenue,MicroAsset,Europe,HighTurnover,
comp_15182,,LowRevenue,MicroAsset,Europe,HighTurnover,
comp_15183,,LowRevenue,MicroAsset,Europe,HighTurnover,
comp_15184,,LowRevenue,MicroAsset,Europe,HighTurnover,
comp_15185,,LowRevenue,MicroAsset,Europe,HighTurnover,
comp_15186,,LowRevenue,MicroAsset,Europe,HighTurnover,
comp_15187,,LowRevenue,MicroAsset,Europe,HighTurnover,
comp_15188,,LowRevenue,MicroAsset,Europe,HighTurnover,
comp_15189,,LowRevenue,MicroAsset,Other_Regions,HighTurnover,
comp_15190,,VeryLowRevenue,MicroAsset,Other_Regions,LowTurnover,
comp_15191,,VeryLowRevenue,MicroAsset,Other_Regions,LowTurnover,
comp_15192,,LowRevenue,MicroAsset,Other_Regions,HighTurnover,
comp_15193,,,MicroAsset,Other_Regions,,
comp_15194,,LowRevenue,MicroAsset,Europe,HighTurnover,
comp_15195,,LowRevenue,MicroAsset,Other_Regions,HighTurnover,
comp_15196,,LowRevenue,MicroAsset,Other_Regions,HighTurnover,
comp_15197,,VeryLowRevenue,MicroAsset,Other_Regions,LowTurnover,
comp_15198,,LowRevenue,MicroAsset,Other_Regions,MidTurnover,
comp_15199,,VeryLowRevenue,MicroAsset,Europe,MidTurnover,
comp_15200,,LowRevenue,MicroAsset,Europe,HighTurnover,
comp_15201,,LowRevenue,MicroAsset,Europe,HighTurnover,
comp_15202,,LowRevenue,MicroAsset,Europe,HighTurnover,
comp_15203,,LowRevenue,MicroAsset,Other_Regions,HighTurnover,
comp_15204,,,MicroAsset,Other_Regions,,
comp_15205,,LowRevenue,MicroAsset,Other_Regions,HighTurnover,
comp_15206,,VeryLowRevenue,MicroAsset,Europe,LowTurnover,
comp_15207,,LowRevenue,MicroAsset,Other_Regions,HighTurnover,
comp_15208,,,MicroAsset,Europe,,
comp_15209,,,MicroAsset,Europe,,
comp_15210,,,MicroAsset,Other_Regions,,
comp_15211,,LowRevenue,MicroAsset,Europe,HighTurnover,
comp_15212,,LowRevenue,MicroAsset,Europe,HighTurnover,
comp_15213,,VeryLowRevenue,MicroAsset,Other_Regions,LowTurnover,
comp_15214,,LowRevenue,MicroAsset,Europe,HighTurnover,
comp_15215,,,MicroAsset,Europe,,
comp_15216,,LowRevenue,MicroAsset,Other_Regions,HighTurnover,
comp_15217,,LowRevenue,MicroAsset,Other_Regions,HighTurnover,
comp_15218,,LowRevenue,MicroAsset,Other_Regions,HighTurnover,
comp_15219,,LowRevenue,MicroAsset,Europe,HighTurnover,
comp_15220,,VeryLowRevenue,MicroAsset,Other_Regions,LowTurnover,
comp_15221,,LowRevenue,MicroAsset,Europe,HighTurnover,
comp_15222,,LowRevenue,MicroAsset,Europe,HighTurnover,
comp_15223,,,MicroAsset,Other_Regions,,
comp_15224,,LowRevenue,MicroAsset,Other_Regions,HighTurnover,
comp_15225,,VeryLowRevenue,MicroAsset,Other_Regions,LowTurnover,
comp_15226,,LowRevenue,MicroAsset,Europe,HighTurnover,
comp_15227,,LowRevenue,MicroAsset,Other_Regions,HighTurnover,
comp_15228,,LowRevenue,MicroAsset,Other_Regions,MidTurnover,
comp_15229,,LowRevenue,MicroAsset,Europe,HighTurnover,
comp_15230,,VeryLowRevenue,MicroAsset,Other_Regions,LowTurnover,
comp_15231,,LowRevenue,MicroAsset,Other_Regions,HighTurnover,
comp_15232,,VeryLowRevenue,MicroAsset,Other_Regions,MidTurnover,
comp_15233,,LowRevenue,MicroAsset,Europe,HighTurnover,
comp_15234,,LowRevenue,MicroAsset,Europe,HighTurnover,
comp_15235,,LowRevenue,MicroAsset,Other_Regions,HighTurnover,
comp_15236,,LowRevenue,MicroAsset,Europe,HighTurnover,
comp_15237,,LowRevenue,MicroAsset,Other_Regions,HighTurnover,
comp_15238,,LowRevenue,MicroAsset,Europe,MidTurnover,
comp_15239,,LowRevenue,MicroAsset,Europe,HighTurnover,
comp_15240,,LowRevenue,MicroAsset,Other_Regions,HighTurnover,
comp_15241,,LowRevenue,MicroAsset,Other_Regions,HighTurnover,
comp_15242,,LowRevenue,MicroAsset,Europe,MidTurnover,
comp_15243,,LowRevenue,MicroAsset,Europe,MidTurnover,
comp_15244,,LowRevenue,MicroAsset,Europe,HighTurnover,
comp_15245,,LowRevenue,MicroAsset,Europe,HighTurnover,
comp_15246,,VeryLowRevenue,MicroAsset,Europe,LowTurnover,
comp_15247,,VeryLowRevenue,MicroAsset,Europe,MidTurnover,
comp_15248,,LowRevenue,MicroAsset,Other_Regions,HighTurnover,
comp_15249,,LowRevenue,MicroAsset,Asia,MidTurnover,
comp_15250,,,MicroAsset,Europe,,
comp_15251,,LowRevenue,MicroAsset,Europe,HighTurnover,
comp_15252,,VeryLowRevenue,MicroAsset,Other_Regions,MidTurnover,
comp_15253,,LowRevenue,MicroAsset,Europe,MidTurnover,
comp_15254,,LowRevenue,MicroAsset,Europe,MidTurnover,
comp_15255,,LowRevenue,MicroAsset,Other_Regions,HighTurnover,
comp_15256,,VeryLowRevenue,MicroAsset,Europe,MidTurnover,
comp_15257,,LowRevenue,MicroAsset,Europe,MidTurnover,
comp_15258,,LowRevenue,MicroAsset,Other_Regions,HighTurnover,
comp_15259,,LowRevenue,MicroAsset,Europe,HighTurnover,
comp_15260,,VeryLowRevenue,MicroAsset,Other_Regions,LowTurnover,
comp_15261,,VeryLowRevenue,MicroAsset,Other_Regions,LowTurnover,
comp_15262,,LowRevenue,MicroAsset,Other_Regions,HighTurnover,
comp_15263,,VeryLowRevenue,MicroAsset,Europe,MidTurnover,
comp_15264,,VeryLowRevenue,MicroAsset,Other_Regions,LowTurnover,
comp_15265,,LowRevenue,MicroAsset,Other_Regions,HighTurnover,
comp_15266,,LowRevenue,MicroAsset,Europe,HighTurnover,
comp_15267,,LowRevenue,MicroAsset,Europe,HighTurnover,
comp_15268,,LowRevenue,MicroAsset,Europe,HighTurnover,
comp_15269,,,MicroAsset,Europe,,
comp_15270,,LowRevenue,MicroAsset,Europe,HighTurnover,
comp_15271,,LowRevenue,MicroAsset,Europe,HighTurnover,
comp_15272,,LowRevenue,MicroAsset,Europe,HighTurnover,
comp_15273,,LowRevenue,MicroAsset,Other_Regions,HighTurnover,
comp_15274,,,MicroAsset,Other_Regions,,
comp_15275,,,MicroAsset,Europe,,
comp_15276,,LowRevenue,MicroAsset,Europe,MidTurnover,
comp_15277,,LowRevenue,MicroAsset,Europe,HighTurnover,
comp_15278,,LowRevenue,MicroAsset,Europe,HighTurnover,
comp_15279,,,MicroAsset,Other_Regions,,
comp_15280,,LowRevenue,MicroAsset,Europe,HighTurnover,
comp_15281,,LowRevenue,MicroAsset,Europe,HighTurnover,
comp_15282,,VeryLowRevenue,MicroAsset,Other_Regions,MidTurnover,
comp_15283,,,MicroAsset,Other_Regions,,
comp_15284,,LowRevenue,MicroAsset,Europe,HighTurnover,
comp_15285,,,MicroAsset,Other_Regions,,
comp_15286,,LowRevenue,MicroAsset,Europe,HighTurnover,
comp_15287,,LowRevenue,MicroAsset,Europe,HighTurnover,
comp_15288,,LowRevenue,MicroAsset,Other_Regions,HighTurnover,
comp_15289,,LowRevenue,MicroAsset,Europe,HighTurnover,
comp_15290,,,MicroAsset,Other_Regions,,
comp_15291,,LowRevenue,MicroAsset,Europe,MidTurnover,
comp_15292,,LowRevenue,MicroAsset,Other_Regions,HighTurnover,
comp_15293,,LowRevenue,MicroAsset,Europe,MidTurnover,
comp_15294,,VeryLowRevenue,MicroAsset,South_America,MidTurnover,
comp_15295,,LowRevenue,MicroAsset,Other_Regions,HighTurnover,
comp_15296,,LowRevenue,MicroAsset,Other_Regions,HighTurnover,
comp_15297,,LowRevenue,MicroAsset,Europe,HighTurnover,
comp_15298,,VeryLowRevenue,MicroAsset,Other_Regions,MidTurnover,
comp_15299,,,MicroAsset,Europe,,
comp_15300,,VeryLowRevenue,MicroAsset,Europe,MidTurnover,
comp_15301,,LowRevenue,MicroAsset,Europe,HighTurnover,
comp_15302,,,MicroAsset,Europe,,
comp_15303,,LowRevenue,MicroAsset,Europe,HighTurnover,
comp_15304,,LowRevenue,MicroAsset,Europe,HighTurnover,
comp_15305,,LowRevenue,MicroAsset,Europe,HighTurnover,
comp_15306,,VeryLowRevenue,MicroAsset,Europe,LowTurnover,
comp_15307,,LowRevenue,MicroAsset,Europe,HighTurnover,
comp_15308,,LowRevenue,MicroAsset,Other_Regions,HighTurnover,
comp_15309,,LowRevenue,MicroAsset,Other_Regions,HighTurnover,
comp_15310,,VeryLowRevenue,MicroAsset,Europe,LowTurnover,
comp_15311,,,MicroAsset,Europe,,
comp_15312,,LowRevenue,MicroAsset,Europe,HighTurnover,
comp_15313,,LowRevenue,MicroAsset,Europe,MidTurnover,
comp_15314,,VeryLowRevenue,MicroAsset,Other_Regions,MidTurnover,
comp_15315,,LowRevenue,MicroAsset,Europe,HighTurnover,
comp_15316,,LowRevenue,MicroAsset,Other_Regions,HighTurnover,
comp_15317,,LowRevenue,MicroAsset,Other_Regions,HighTurnover,
comp_15318,,LowRevenue,MicroAsset,Europe,HighTurnover,
comp_15319,,LowRevenue,MicroAsset,Other_Regions,HighTurnover,
comp_15320,,LowRevenue,MicroAsset,Other_Regions,HighTurnover,
comp_15321,,,MicroAsset,Other_Regions,,
comp_15322,,LowRevenue,MicroAsset,Europe,HighTurnover,
comp_15323,,LowRevenue,MicroAsset,Europe,HighTurnover,
comp_15324,,VeryLowRevenue,MicroAsset,Other_Regions,MidTurnover,
comp_15325,,LowRevenue,MicroAsset,Europe,HighTurnover,
comp_15326,,VeryLowRevenue,MicroAsset,Europe,LowTurnover,
comp_15327,,LowRevenue,MicroAsset,Other_Regions,HighTurnover,
comp_15328,,,MicroAsset,South_America,,
comp_15329,,VeryLowRevenue,MicroAsset,Europe,LowTurnover,
comp_15330,,LowRevenue,MicroAsset,Other_Regions,HighTurnover,
comp_15331,,LowRevenue,MicroAsset,Europe,HighTurnover,
comp_15332,,LowRevenue,MicroAsset,Europe,HighTurnover,
comp_15333,,VeryLowRevenue,MicroAsset,Other_Regions,LowTurnover,
comp_15334,,LowRevenue,MicroAsset,Europe,HighTurnover,
comp_15335,,LowRevenue,MicroAsset,Europe,MidTurnover,
comp_15336,,VeryLowRevenue,MicroAsset,Europe,LowTurnover,
comp_15337,,LowRevenue,MicroAsset,Other_Regions,MidTurnover,
comp_15338,,LowRevenue,MicroAsset,Other_Regions,HighTurnover,
comp_15339,,VeryLowRevenue,MicroAsset,Europe,LowTurnover,
comp_15340,,LowRevenue,MicroAsset,Europe,HighTurnover,
comp_15341,,LowRevenue,MicroAsset,Europe,MidTurnover,
comp_15342,,LowRevenue,MicroAsset,Other_Regions,HighTurnover,
comp_15343,,LowRevenue,MicroAsset,Other_Regions,HighTurnover,
comp_15344,,LowRevenue,MicroAsset,Europe,HighTurnover,
comp_15345,,LowRevenue,MicroAsset,Europe,HighTurnover,
comp_15346,,VeryLowRevenue,MicroAsset,Other_Regions,MidTurnover,
comp_15347,,LowRevenue,MicroAsset,Europe,HighTurnover,
comp_15348,,VeryLowRevenue,MicroAsset,Europe,MidTurnover,
comp_15349,,LowRevenue,MicroAsset,Europe,HighTurnover,
comp_15350,,LowRevenue,MicroAsset,Other_Regions,HighTurnover,
comp_15351,,LowRevenue,MicroAsset,Other_Regions,HighTurnover,
comp_15352,,LowRevenue,MicroAsset,Other_Regions,HighTurnover,
comp_15353,,VeryLowRevenue,MicroAsset,Other_Regions,LowTurnover,
comp_15354,,LowRevenue,MicroAsset,Europe,HighTurnover,
comp_15355,,LowRevenue,MicroAsset,Other_Regions,HighTurnover,
comp_15356,,LowRevenue,MicroAsset,Other_Regions,HighTurnover,
comp_15357,,LowRevenue,MicroAsset,Europe,HighTurnover,
comp_15358,,LowRevenue,MicroAsset,Europe,HighTurnover,
comp_15359,,VeryLowRevenue,MicroAsset,Other_Regions,LowTurnover,
comp_15360,,VeryLowRevenue,MicroAsset,Europe,MidTurnover,
comp_15361,,VeryLowRevenue,MicroAsset,Other_Regions,MidTurnover,
comp_15362,,VeryLowRevenue,MicroAsset,Europe,MidTurnover,
comp_15363,,LowRevenue,MicroAsset,Europe,MidTurnover,
comp_15364,,,MicroAsset,Other_Regions,,
comp_15365,,LowRevenue,MicroAsset,Other_Regions,HighTurnover,
comp_15366,,LowRevenue,MicroAsset,Europe,HighTurnover,
comp_15367,,LowRevenue,MicroAsset,Other_Regions,MidTurnover,
comp_15368,,LowRevenue,MicroAsset,Europe,HighTurnover,
comp_15369,,VeryLowRevenue,MicroAsset,Other_Regions,MidTurnover,
comp_15370,,LowRevenue,MicroAsset,Europe,MidTurnover,
comp_15371,,LowRevenue,MicroAsset,Other_Regions,HighTurnover,
comp_15372,,LowRevenue,MicroAsset,Other_Regions,HighTurnover,
comp_15373,,LowRevenue,MicroAsset,Europe,HighTurnover,
comp_15374,,LowRevenue,MicroAsset,Other_Regions,HighTurnover,
comp_15375,,LowRevenue,MicroAsset,Europe,HighTurnover,
comp_15376,,,MicroAsset,Europe,,
comp_15377,,VeryLowRevenue,MicroAsset,Europe,LowTurnover,
comp_15378,,VeryLowRevenue,MicroAsset,Other_Regions,MidTurnover,
comp_15379,,LowRevenue,MicroAsset,Europe,HighTurnover,
comp_15380,,VeryLowRevenue,MicroAsset,Asia,MidTurnover,
comp_15381,,LowRevenue,MicroAsset,Other_Regions,HighTurnover,
comp_15382,,LowRevenue,MicroAsset,Europe,HighTurnover,
comp_15383,,LowRevenue,MicroAsset,Europe,HighTurnover,
comp_15384,,LowRevenue,MicroAsset,Europe,HighTurnover,
comp_15385,,LowRevenue,MicroAsset,Europe,HighTurnover,
comp_15386,,LowRevenue,MicroAsset,Other_Regions,HighTurnover,
comp_15387,,LowRevenue,MicroAsset,Europe,MidTurnover,
comp_15388,,VeryLowRevenue,MicroAsset,Europe,MidTurnover,
comp_15389,,LowRevenue,MicroAsset,Europe,MidTurnover,
comp_15390,,LowRevenue,MicroAsset,Other_Regions,HighTurnover,
comp_15391,,VeryLowRevenue,MicroAsset,Europe,MidTurnover,
comp_15392,,LowRevenue,MicroAsset,Europe,HighTurnover,
comp_15393,,LowRevenue,MicroAsset,Europe,HighTurnover,
comp_15394,,LowRevenue,MicroAsset,Other_Regions,HighTurnover,
comp_15395,,VeryLowRevenue,MicroAsset,Other_Regions,MidTurnover,
comp_15396,,VeryLowRevenue,MicroAsset,Europe,LowTurnover,
comp_15397,,,MicroAsset,Europe,,
comp_15398,,LowRevenue,MicroAsset,Europe,HighTurnover,
comp_15399,,LowRevenue,MicroAsset,Other_Regions,HighTurnover,
comp_15400,,LowRevenue,MicroAsset,Other_Regions,HighTurnover,
comp_15401,,LowRevenue,MicroAsset,Other_Regions,HighTurnover,
comp_15402,,LowRevenue,MicroAsset,Europe,HighTurnover,
comp_15403,,VeryLowRevenue,MicroAsset,Europe,MidTurnover,
comp_15404,,LowRevenue,MicroAsset,Europe,HighTurnover,
comp_15405,,LowRevenue,MicroAsset,Europe,MidTurnover,
comp_15406,,LowRevenue,MicroAsset,Europe,HighTurnover,
comp_15407,,LowRevenue,MicroAsset,Other_Regions,HighTurnover,
comp_15408,,VeryLowRevenue,MicroAsset,Other_Regions,LowTurnover,
comp_15409,,LowRevenue,MicroAsset,Europe,HighTurnover,
comp_15410,,LowRevenue,MicroAsset,Europe,HighTurnover,
comp_15411,,VeryLowRevenue,MicroAsset,Europe,MidTurnover,
comp_15412,,LowRevenue,MicroAsset,Other_Regions,HighTurnover,
comp_15413,,LowRevenue,MicroAsset,Asia,HighTurnover,
comp_15414,,LowRevenue,MicroAsset,Europe,HighTurnover,
comp_15415,,LowRevenue,MicroAsset,Other_Regions,HighTurnover,
comp_15416,,LowRevenue,MicroAsset,Other_Regions,HighTurnover,
comp_15417,,LowRevenue,MicroAsset,Europe,HighTurnover,
comp_15418,,LowRevenue,MicroAsset,Europe,HighTurnover,
comp_15419,,LowRevenue,MicroAsset,Europe,HighTurnover,
comp_15420,,LowRevenue,MicroAsset,Europe,MidTurnover,
comp_15421,,LowRevenue,MicroAsset,Europe,HighTurnover,
comp_15422,,LowRevenue,MicroAsset,Other_Regions,MidTurnover,
comp_15423,,LowRevenue,MicroAsset,Europe,HighTurnover,
comp_15424,,LowRevenue,MicroAsset,Other_Regions,HighTurnover,
comp_15425,,LowRevenue,MicroAsset,Europe,HighTurnover,
comp_15426,,LowRevenue,MicroAsset,Europe,MidTurnover,
comp_15427,,LowRevenue,MicroAsset,Other_Regions,HighTurnover,
comp_15428,,LowRevenue,MicroAsset,Europe,MidTurnover,
comp_15429,,LowRevenue,MicroAsset,Europe,HighTurnover,
comp_15430,,LowRevenue,MicroAsset,Other_Regions,HighTurnover,
comp_15431,,LowRevenue,MicroAsset,Europe,HighTurnover,
comp_15432,,LowRevenue,MicroAsset,Other_Regions,HighTurnover,
comp_15433,,LowRevenue,MicroAsset,Europe,MidTurnover,
comp_15434,,LowRevenue,MicroAsset,Europe,HighTurnover,
comp_15435,,LowRevenue,MicroAsset,Other_Regions,HighTurnover,
comp_15436,,LowRevenue,MicroAsset,Other_Regions,HighTurnover,
comp_15437,,LowRevenue,MicroAsset,Europe,HighTurnover,
comp_15438,,LowRevenue,MicroAsset,Other_Regions,HighTurnover,
comp_15439,,LowRevenue,MicroAsset,Europe,MidTurnover,
comp_15440,,LowRevenue,MicroAsset,Europe,HighTurnover,
comp_15441,,LowRevenue,MicroAsset,Europe,MidTurnover,
comp_15442,,,MicroAsset,Other_Regions,,
comp_15443,,LowRevenue,MicroAsset,Europe,HighTurnover,
comp_15444,,LowRevenue,MicroAsset,Europe,HighTurnover,
comp_15445,,LowRevenue,MicroAsset,Other_Regions,HighTurnover,
comp_15446,,LowRevenue,MicroAsset,Europe,HighTurnover,
comp_15447,,VeryLowRevenue,MicroAsset,Other_Regions,LowTurnover,
comp_15448,,VeryLowRevenue,MicroAsset,Europe,LowTurnover,
comp_15449,,MidRevenue,MicroAsset,Other_Regions,HighTurnover,
comp_15450,,LowRevenue,MicroAsset,Europe,HighTurnover,
comp_15451,,LowRevenue,MicroAsset,Other_Regions,HighTurnover,
comp_15452,,LowRevenue,MicroAsset,Other_Regions,HighTurnover,
comp_15453,,LowRevenue,MicroAsset,Other_Regions,HighTurnover,
comp_15454,,LowRevenue,MicroAsset,Europe,HighTurnover,
comp_15455,,LowRevenue,MicroAsset,Other_Regions,HighTurnover,
comp_15456,,LowRevenue,MicroAsset,Other_Regions,HighTurnover,
comp_15457,,LowRevenue,MicroAsset,Other_Regions,HighTurnover,
comp_15458,,LowRevenue,MicroAsset,Europe,HighTurnover,
comp_15459,,LowRevenue,MicroAsset,Other_Regions,HighTurnover,
comp_15460,,LowRevenue,MicroAsset,Europe,HighTurnover,
comp_15461,,VeryLowRevenue,MicroAsset,Europe,MidTurnover,
comp_15462,,,MicroAsset,Europe,,
comp_15463,,LowRevenue,MicroAsset,Other_Regions,HighTurnover,
comp_15464,,,MicroAsset,Other_Regions,,
comp_15465,,LowRevenue,MicroAsset,Europe,MidTurnover,
comp_15466,,LowRevenue,MicroAsset,Other_Regions,HighTurnover,
comp_15467,,LowRevenue,MicroAsset,Other_Regions,HighTurnover,
comp_15468,,,MicroAsset,Europe,,
comp_15469,,LowRevenue,MicroAsset,Europe,MidTurnover,
comp_15470,,LowRevenue,MicroAsset,Europe,HighTurnover,
comp_15471,,LowRevenue,MicroAsset,Europe,HighTurnover,
comp_15472,,,MicroAsset,Other_Regions,,
comp_15473,,LowRevenue,MicroAsset,Europe,HighTurnover,
comp_15474,,LowRevenue,MicroAsset,Europe,HighTurnover,
comp_15475,,,MicroAsset,Other_Regions,,
comp_15476,,LowRevenue,MicroAsset,Europe,HighTurnover,
comp_15477,,LowRevenue,MicroAsset,Other_Regions,HighTurnover,
comp_15478,,LowRevenue,MicroAsset,Europe,HighTurnover,
comp_15479,,LowRevenue,MicroAsset,Europe,HighTurnover,
comp_15480,,VeryLowRevenue,MicroAsset,Other_Regions,LowTurnover,
comp_15481,,VeryLowRevenue,MicroAsset,Europe,LowTurnover,
comp_15482,,LowRevenue,MicroAsset,Other_Regions,HighTurnover,
comp_15483,,LowRevenue,MicroAsset,Europe,HighTurnover,
comp_15484,,VeryLowRevenue,MicroAsset,Europe,MidTurnover,
comp_15485,,LowRevenue,MicroAsset,Other_Regions,HighTurnover,
comp_15486,,LowRevenue,MicroAsset,Other_Regions,HighTurnover,
comp_15487,,LowRevenue,MicroAsset,Other_Regions,HighTurnover,
comp_15488,,LowRevenue,MicroAsset,Europe,HighTurnover,
comp_15489,,LowRevenue,MicroAsset,Europe,HighTurnover,
comp_15490,,LowRevenue,MicroAsset,Europe,HighTurnover,
comp_15491,,LowRevenue,MicroAsset,Other_Regions,MidTurnover,
comp_15492,,LowRevenue,MicroAsset,Europe,HighTurnover,
comp_15493,,VeryLowRevenue,MicroAsset,Europe,LowTurnover,
comp_15494,,VeryLowRevenue,MicroAsset,Europe,LowTurnover,
comp_15495,,VeryLowRevenue,MicroAsset,Other_Regions,LowTurnover,
comp_15496,,LowRevenue,MicroAsset,Europe,HighTurnover,
comp_15497,,,MicroAsset,Europe,,
comp_15498,,LowRevenue,MicroAsset,Other_Regions,HighTurnover,
comp_15499,,,MicroAsset,Europe,,
comp_15500,,LowRevenue,MicroAsset,Europe,MidTurnover,
comp_15501,,LowRevenue,MicroAsset,Europe,HighTurnover,
comp_15502,,LowRevenue,MicroAsset,Europe,HighTurnover,
comp_15503,,LowRevenue,MicroAsset,Europe,HighTurnover,
comp_15504,,VeryLowRevenue,MicroAsset,Other_Regions,LowTurnover,
comp_15505,,LowRevenue,MicroAsset,Europe,HighTurnover,
comp_15506,,LowRevenue,MicroAsset,Europe,HighTurnover,
comp_15507,,LowRevenue,MicroAsset,Europe,HighTurnover,
comp_15508,,LowRevenue,MicroAsset,Other_Regions,MidTurnover,
comp_15509,,LowRevenue,MicroAsset,Europe,HighTurnover,
comp_15510,,LowRevenue,MicroAsset,Other_Regions,HighTurnover,
comp_15511,,LowRevenue,MicroAsset,Europe,HighTurnover,
comp_15512,,VeryLowRevenue,MicroAsset,Europe,LowTurnover,
comp_15513,,LowRevenue,MicroAsset,Europe,HighTurnover,
comp_15514,,,MicroAsset,Europe,,
comp_15515,,VeryLowRevenue,MicroAsset,Other_Regions,MidTurnover,
comp_15516,,LowRevenue,MicroAsset,Other_Regions,HighTurnover,
comp_15517,,LowRevenue,MicroAsset,Other_Regions,HighTurnover,
comp_15518,,LowRevenue,MicroAsset,Other_Regions,HighTurnover,
comp_15519,,LowRevenue,MicroAsset,Europe,HighTurnover,
comp_15520,,VeryLowRevenue,MicroAsset,Europe,LowTurnover,
comp_15521,,LowRevenue,MicroAsset,Europe,HighTurnover,
comp_15522,,LowRevenue,MicroAsset,Europe,HighTurnover,
comp_15523,,VeryLowRevenue,MicroAsset,Europe,MidTurnover,
comp_15524,,LowRevenue,MicroAsset,Europe,HighTurnover,
comp_15525,,,MicroAsset,Europe,,
comp_15526,,VeryLowRevenue,MicroAsset,Other_Regions,MidTurnover,
comp_15527,,LowRevenue,MicroAsset,Other_Regions,HighTurnover,
comp_15528,,LowRevenue,MicroAsset,Other_Regions,HighTurnover,
comp_15529,,VeryLowRevenue,MicroAsset,Other_Regions,LowTurnover,
comp_15530,,LowRevenue,MicroAsset,Other_Regions,MidTurnover,
comp_15531,,LowRevenue,MicroAsset,Europe,HighTurnover,
comp_15532,,VeryLowRevenue,MicroAsset,Europe,MidTurnover,
comp_15533,,LowRevenue,MicroAsset,Europe,HighTurnover,
comp_15534,,LowRevenue,MicroAsset,Europe,HighTurnover,
comp_15535,,LowRevenue,MicroAsset,Europe,MidTurnover,
comp_15536,,LowRevenue,MicroAsset,Other_Regions,MidTurnover,
comp_15537,,LowRevenue,MicroAsset,Other_Regions,HighTurnover,
comp_15538,,LowRevenue,MicroAsset,Europe,HighTurnover,
comp_15539,,,MicroAsset,Other_Regions,,
comp_15540,,LowRevenue,MicroAsset,Europe,HighTurnover,
comp_15541,,LowRevenue,MicroAsset,Other_Regions,HighTurnover,
comp_15542,,LowRevenue,MicroAsset,Other_Regions,HighTurnover,
comp_15543,,LowRevenue,MicroAsset,Other_Regions,HighTurnover,
comp_15544,,VeryLowRevenue,MicroAsset,Other_Regions,LowTurnover,
comp_15545,,LowRevenue,MicroAsset,Other_Regions,HighTurnover,
comp_15546,,LowRevenue,MicroAsset,Europe,HighTurnover,
comp_15547,,LowRevenue,MicroAsset,Other_Regions,HighTurnover,
comp_15548,,LowRevenue,MicroAsset,Other_Regions,HighTurnover,
comp_15549,,LowRevenue,MicroAsset,Other_Regions,HighTurnover,
comp_15550,,LowRevenue,MicroAsset,Other_Regions,HighTurnover,
comp_15551,,,MicroAsset,Europe,,
comp_15552,,VeryLowRevenue,MicroAsset,Europe,MidTurnover,
comp_15553,,LowRevenue,MicroAsset,Europe,HighTurnover,
comp_15554,,LowRevenue,MicroAsset,Other_Regions,MidTurnover,
comp_15555,,LowRevenue,MicroAsset,Europe,MidTurnover,
comp_15556,,LowRevenue,MicroAsset,Other_Regions,MidTurnover,
comp_15557,,VeryLowRevenue,MicroAsset,Europe,MidTurnover,
comp_15558,,LowRevenue,MicroAsset,Other_Regions,HighTurnover,
comp_15559,,LowRevenue,MicroAsset,Europe,MidTurnover,
comp_15560,,VeryLowRevenue,MicroAsset,Europe,MidTurnover,
comp_15561,,LowRevenue,MicroAsset,Europe,MidTurnover,
comp_15562,,LowRevenue,MicroAsset,Europe,HighTurnover,
comp_15563,,LowRevenue,MicroAsset,Europe,MidTurnover,
comp_15564,,VeryLowRevenue,MicroAsset,Other_Regions,LowTurnover,
comp_15565,,VeryLowRevenue,MicroAsset,Other_Regions,LowTurnover,
comp_15566,,VeryLowRevenue,MicroAsset,Other_Regions,LowTurnover,
comp_15567,,LowRevenue,MicroAsset,Europe,MidTurnover,
comp_15568,,VeryLowRevenue,MicroAsset,Europe,MidTurnover,
comp_15569,,LowRevenue,MicroAsset,Other_Regions,HighTurnover,
comp_15570,,LowRevenue,MicroAsset,Other_Regions,HighTurnover,
comp_15571,,VeryLowRevenue,MicroAsset,Europe,LowTurnover,
comp_15572,,VeryLowRevenue,MicroAsset,Europe,MidTurnover,
comp_15573,,LowRevenue,MicroAsset,Europe,MidTurnover,
comp_15574,,LowRevenue,MicroAsset,Europe,HighTurnover,
comp_15575,,LowRevenue,MicroAsset,Europe,HighTurnover,
comp_15576,,LowRevenue,MicroAsset,Other_Regions,HighTurnover,
comp_15577,,LowRevenue,MicroAsset,Europe,HighTurnover,
comp_15578,,LowRevenue,MicroAsset,Europe,HighTurnover,
comp_15579,,MidRevenue,MicroAsset,Europe,HighTurnover,
comp_15580,,VeryLowRevenue,MicroAsset,Europe,LowTurnover,
comp_15581,,VeryLowRevenue,MicroAsset,Europe,MidTurnover,
comp_15582,,LowRevenue,MicroAsset,Other_Regions,HighTurnover,
comp_15583,,LowRevenue,MicroAsset,Other_Regions,HighTurnover,
comp_15584,,LowRevenue,MicroAsset,Europe,MidTurnover,
comp_15585,,LowRevenue,MicroAsset,Europe,HighTurnover,
comp_15586,,,MicroAsset,Other_Regions,,
comp_15587,,LowRevenue,MicroAsset,Europe,HighTurnover,
comp_15588,,LowRevenue,MicroAsset,Europe,HighTurnover,
comp_15589,,LowRevenue,MicroAsset,Europe,HighTurnover,
comp_15590,,LowRevenue,MicroAsset,Europe,HighTurnover,
comp_15591,,LowRevenue,MicroAsset,Europe,HighTurnover,
comp_15592,,LowRevenue,MicroAsset,Europe,MidTurnover,
comp_15593,,,MicroAsset,Other_Regions,,
comp_15594,,VeryLowRevenue,MicroAsset,Europe,MidTurnover,
comp_15595,,LowRevenue,MicroAsset,Other_Regions,HighTurnover,
comp_15596,,VeryLowRevenue,MicroAsset,Other_Regions,LowTurnover,
comp_15597,,LowRevenue,MicroAsset,Europe,HighTurnover,
comp_15598,,LowRevenue,MicroAsset,Europe,HighTurnover,
comp_15599,,LowRevenue,MicroAsset,Other_Regions,HighTurnover,
comp_15600,,,MicroAsset,Other_Regions,,
comp_15601,,VeryLowRevenue,MicroAsset,Other_Regions,MidTurnover,
comp_15602,,LowRevenue,MicroAsset,Other_Regions,HighTurnover,
comp_15603,,LowRevenue,MicroAsset,Europe,HighTurnover,
comp_15604,,LowRevenue,MicroAsset,Other_Regions,HighTurnover,
comp_15605,,LowRevenue,MicroAsset,Europe,MidTurnover,
comp_15606,,LowRevenue,MicroAsset,Europe,HighTurnover,
comp_15607,,VeryLowRevenue,MicroAsset,Europe,LowTurnover,
comp_15608,,,MicroAsset,Other_Regions,,
comp_15609,,VeryLowRevenue,MicroAsset,Europe,MidTurnover,
comp_15610,,LowRevenue,MicroAsset,Europe,HighTurnover,
comp_15611,,LowRevenue,MicroAsset,Europe,HighTurnover,
comp_15612,,LowRevenue,MicroAsset,Other_Regions,HighTurnover,
comp_15613,,VeryLowRevenue,MicroAsset,Other_Regions,LowTurnover,
comp_15614,,,MicroAsset,Europe,,
comp_15615,,LowRevenue,MicroAsset,Europe,HighTurnover,
comp_15616,,LowRevenue,MicroAsset,Europe,HighTurnover,
comp_15617,,VeryLowRevenue,MicroAsset,Europe,LowTurnover,
comp_15618,,,MicroAsset,Asia,,
comp_15619,,LowRevenue,MicroAsset,Europe,HighTurnover,
comp_15620,,LowRevenue,MicroAsset,Other_Regions,HighTurnover,
comp_15621,,LowRevenue,MicroAsset,Other_Regions,HighTurnover,
comp_15622,,,MicroAsset,Other_Regions,,
comp_15623,,LowRevenue,MicroAsset,Europe,HighTurnover,
comp_15624,,,MicroAsset,Europe,,
comp_15625,,VeryLowRevenue,MicroAsset,Other_Regions,MidTurnover,
comp_15626,,LowRevenue,MicroAsset,Europe,HighTurnover,
comp_15627,,,MicroAsset,Europe,,
comp_15628,,LowRevenue,MicroAsset,Other_Regions,HighTurnover,
comp_15629,,VeryLowRevenue,MicroAsset,Europe,MidTurnover,
comp_15630,,LowRevenue,MicroAsset,Europe,HighTurnover,
comp_15631,,LowRevenue,MicroAsset,Europe,HighTurnover,
comp_15632,,LowRevenue,MicroAsset,Asia,HighTurnover,
comp_15633,,LowRevenue,MicroAsset,Europe,HighTurnover,
comp_15634,,LowRevenue,MicroAsset,Europe,HighTurnover,
comp_15635,,LowRevenue,MicroAsset,Europe,HighTurnover,
comp_15636,,VeryLowRevenue,MicroAsset,Other_Regions,MidTurnover,
comp_15637,,LowRevenue,MicroAsset,Europe,HighTurnover,
comp_15638,,VeryLowRevenue,MicroAsset,Europe,MidTurnover,
comp_15639,,,MicroAsset,Europe,,
comp_15640,,LowRevenue,MicroAsset,Other_Regions,HighTurnover,
comp_15641,,LowRevenue,MicroAsset,Europe,HighTurnover,
comp_15642,,LowRevenue,MicroAsset,Europe,HighTurnover,
comp_15643,,LowRevenue,MicroAsset,Europe,HighTurnover,
comp_15644,,VeryLowRevenue,MicroAsset,Europe,MidTurnover,
comp_15645,,LowRevenue,MicroAsset,Europe,HighTurnover,
comp_15646,,LowRevenue,MicroAsset,Europe,HighTurnover,
comp_15647,,LowRevenue,MicroAsset,Europe,MidTurnover,
comp_15648,,LowRevenue,MicroAsset,Europe,HighTurnover,
comp_15649,,VeryLowRevenue,MicroAsset,Europe,MidTurnover,
comp_15650,,VeryLowRevenue,MicroAsset,Other_Regions,LowTurnover,
comp_15651,,LowRevenue,MicroAsset,Other_Regions,HighTurnover,
comp_15652,,LowRevenue,MicroAsset,Europe,HighTurnover,
comp_15653,,LowRevenue,MicroAsset,Europe,HighTurnover,
comp_15654,,LowRevenue,MicroAsset,Europe,HighTurnover,
comp_15655,,LowRevenue,MicroAsset,Europe,HighTurnover,
comp_15656,,VeryLowRevenue,MicroAsset,Asia,LowTurnover,
comp_15657,,LowRevenue,MicroAsset,Other_Regions,HighTurnover,
comp_15658,,LowRevenue,MicroAsset,Europe,HighTurnover,
comp_15659,,LowRevenue,MicroAsset,Other_Regions,HighTurnover,
comp_15660,,VeryLowRevenue,MicroAsset,Europe,MidTurnover,
comp_15661,,LowRevenue,MicroAsset,Europe,HighTurnover,
comp_15662,,VeryLowRevenue,MicroAsset,Europe,MidTurnover,
comp_15663,,LowRevenue,MicroAsset,Other_Regions,HighTurnover,
comp_15664,,,MicroAsset,Other_Regions,,
comp_15665,,LowRevenue,MicroAsset,Europe,HighTurnover,
comp_15666,,VeryLowRevenue,MicroAsset,Europe,MidTurnover,
comp_15667,,LowRevenue,MicroAsset,Other_Regions,HighTurnover,
comp_15668,,VeryLowRevenue,MicroAsset,Other_Regions,MidTurnover,
comp_15669,,LowRevenue,MicroAsset,Other_Regions,HighTurnover,
comp_15670,,LowRevenue,MicroAsset,Other_Regions,HighTurnover,
comp_15671,,LowRevenue,MicroAsset,Other_Regions,HighTurnover,
comp_15672,,VeryLowRevenue,MicroAsset,Other_Regions,LowTurnover,
comp_15673,,LowRevenue,MicroAsset,Europe,HighTurnover,
comp_15674,,LowRevenue,MicroAsset,Europe,HighTurnover,
comp_15675,,VeryLowRevenue,MicroAsset,Europe,LowTurnover,
comp_15676,,LowRevenue,MicroAsset,Europe,HighTurnover,
comp_15677,,VeryLowRevenue,MicroAsset,Europe,MidTurnover,
comp_15678,,LowRevenue,MicroAsset,Europe,HighTurnover,
comp_15679,,LowRevenue,MicroAsset,Other_Regions,HighTurnover,
comp_15680,,VeryLowRevenue,MicroAsset,Europe,LowTurnover,
comp_15681,,VeryLowRevenue,MicroAsset,Europe,LowTurnover,
comp_15682,,VeryLowRevenue,MicroAsset,Europe,LowTurnover,
comp_15683,,LowRevenue,MicroAsset,Other_Regions,HighTurnover,
comp_15684,,LowRevenue,MicroAsset,Europe,HighTurnover,
comp_15685,,LowRevenue,MicroAsset,Europe,HighTurnover,
comp_15686,,LowRevenue,MicroAsset,Other_Regions,HighTurnover,
comp_15687,,VeryLowRevenue,MicroAsset,Europe,MidTurnover,
comp_15688,,VeryLowRevenue,MicroAsset,Europe,LowTurnover,
comp_15689,,LowRevenue,MicroAsset,Other_Regions,HighTurnover,
comp_15690,,LowRevenue,MicroAsset,Europe,HighTurnover,
comp_15691,,LowRevenue,MicroAsset,Other_Regions,HighTurnover,
comp_15692,,LowRevenue,MicroAsset,Other_Regions,HighTurnover,
comp_15693,,VeryLowRevenue,MicroAsset,Europe,MidTurnover,
comp_15694,,LowRevenue,MicroAsset,Other_Regions,HighTurnover,
comp_15695,,LowRevenue,MicroAsset,Europe,HighTurnover,
comp_15696,,LowRevenue,MicroAsset,Other_Regions,HighTurnover,
comp_15697,,LowRevenue,MicroAsset,Europe,HighTurnover,
comp_15698,,VeryLowRevenue,MicroAsset,Europe,LowTurnover,
comp_15699,,LowRevenue,MicroAsset,Other_Regions,HighTurnover,
comp_15700,,VeryLowRevenue,MicroAsset,Other_Regions,LowTurnover,
comp_15701,,LowRevenue,MicroAsset,Other_Regions,HighTurnover,
comp_15702,,LowRevenue,MicroAsset,Europe,HighTurnover,
comp_15703,,LowRevenue,MicroAsset,Europe,HighTurnover,
comp_15704,,LowRevenue,MicroAsset,Other_Regions,HighTurnover,
comp_15705,,LowRevenue,MicroAsset,Europe,HighTurnover,
comp_15706,,,MicroAsset,Europe,,
comp_15707,,LowRevenue,MicroAsset,Other_Regions,HighTurnover,
comp_15708,,LowRevenue,MicroAsset,Europe,HighTurnover,
comp_15709,,VeryLowRevenue,MicroAsset,Europe,MidTurnover,
comp_15710,,VeryLowRevenue,MicroAsset,Europe,LowTurnover,
comp_15711,,LowRevenue,MicroAsset,Europe,HighTurnover,
comp_15712,,LowRevenue,MicroAsset,Other_Regions,HighTurnover,
comp_15713,,LowRevenue,MicroAsset,Other_Regions,HighTurnover,
comp_15714,,LowRevenue,MicroAsset,Other_Regions,HighTurnover,
comp_15715,,VeryLowRevenue,MicroAsset,Other_Regions,LowTurnover,
comp_15716,,LowRevenue,MicroAsset,Europe,MidTurnover,
comp_15717,,LowRevenue,MicroAsset,Other_Regions,HighTurnover,
comp_15718,,LowRevenue,MicroAsset,Europe,HighTurnover,
comp_15719,,LowRevenue,MicroAsset,Europe,HighTurnover,
comp_15720,,LowRevenue,MicroAsset,Europe,HighTurnover,
comp_15721,,LowRevenue,MicroAsset,Other_Regions,HighTurnover,
comp_15722,,VeryLowRevenue,MicroAsset,Europe,MidTurnover,
comp_15723,,VeryLowRevenue,MicroAsset,Europe,MidTurnover,
comp_15724,,,MicroAsset,Other_Regions,,
comp_15725,,LowRevenue,MicroAsset,Europe,HighTurnover,
comp_15726,,LowRevenue,MicroAsset,Europe,HighTurnover,
comp_15727,,LowRevenue,MicroAsset,Europe,HighTurnover,
comp_15728,,LowRevenue,MicroAsset,Other_Regions,HighTurnover,
comp_15729,,LowRevenue,MicroAsset,Other_Regions,HighTurnover,
comp_15730,,LowRevenue,MicroAsset,Europe,HighTurnover,
comp_15731,,VeryLowRevenue,MicroAsset,Europe,MidTurnover,
comp_15732,,LowRevenue,MicroAsset,Europe,MidTurnover,
comp_15733,,LowRevenue,MicroAsset,Europe,HighTurnover,
comp_15734,,LowRevenue,MicroAsset,Other_Regions,HighTurnover,
comp_15735,,VeryLowRevenue,MicroAsset,Other_Regions,MidTurnover,
comp_15736,,LowRevenue,MicroAsset,Europe,HighTurnover,
comp_15737,,LowRevenue,MicroAsset,Europe,HighTurnover,
comp_15738,,,MicroAsset,Europe,,
comp_15739,,,MicroAsset,Other_Regions,,
comp_15740,,LowRevenue,MicroAsset,Europe,HighTurnover,
comp_15741,,LowRevenue,MicroAsset,Other_Regions,HighTurnover,
comp_15742,,LowRevenue,MicroAsset,Other_Regions,HighTurnover,
comp_15743,,VeryLowRevenue,MicroAsset,Europe,MidTurnover,
comp_15744,,LowRevenue,MicroAsset,Europe,HighTurnover,
comp_15745,,VeryLowRevenue,MicroAsset,Europe,MidTurnover,
comp_15746,,VeryLowRevenue,MicroAsset,Other_Regions,LowTurnover,
comp_15747,,VeryLowRevenue,MicroAsset,Europe,LowTurnover,
comp_15748,,LowRevenue,MicroAsset,Europe,HighTurnover,
comp_15749,,LowRevenue,MicroAsset,Europe,HighTurnover,
comp_15750,,,MicroAsset,Europe,,
comp_15751,,LowRevenue,MicroAsset,Europe,HighTurnover,
comp_15752,,,MicroAsset,Europe,,
comp_15753,,VeryLowRevenue,MicroAsset,Other_Regions,MidTurnover,
comp_15754,,LowRevenue,MicroAsset,Europe,HighTurnover,
comp_15755,,VeryLowRevenue,MicroAsset,Europe,LowTurnover,
comp_15756,,LowRevenue,MicroAsset,Europe,HighTurnover,
comp_15757,,LowRevenue,MicroAsset,Europe,HighTurnover,
comp_15758,,VeryLowRevenue,MicroAsset,Asia,LowTurnover,
comp_15759,,VeryLowRevenue,MicroAsset,Europe,MidTurnover,
comp_15760,,LowRevenue,MicroAsset,Other_Regions,HighTurnover,
comp_15761,,LowRevenue,MicroAsset,Europe,HighTurnover,
comp_15762,,VeryLowRevenue,MicroAsset,Europe,MidTurnover,
comp_15763,,LowRevenue,MicroAsset,Europe,HighTurnover,
comp_15764,,LowRevenue,MicroAsset,Europe,HighTurnover,
comp_15765,,VeryLowRevenue,MicroAsset,Other_Regions,LowTurnover,
comp_15766,,LowRevenue,MicroAsset,Other_Regions,HighTurnover,
comp_15767,,LowRevenue,MicroAsset,Europe,HighTurnover,
comp_15768,,LowRevenue,MicroAsset,Other_Regions,HighTurnover,
comp_15769,,LowRevenue,MicroAsset,Europe,HighTurnover,
comp_15770,,LowRevenue,MicroAsset,Other_Regions,HighTurnover,
comp_15771,,VeryLowRevenue,MicroAsset,Other_Regions,MidTurnover,
comp_15772,,LowRevenue,MicroAsset,Europe,HighTurnover,
comp_15773,,VeryLowRevenue,MicroAsset,Other_Regions,LowTurnover,
comp_15774,,LowRevenue,MicroAsset,Europe,HighTurnover,
comp_15775,,LowRevenue,MicroAsset,Other_Regions,HighTurnover,
comp_15776,,LowRevenue,MicroAsset,Europe,HighTurnover,
comp_15777,,LowRevenue,MicroAsset,Europe,HighTurnover,
comp_15778,,VeryLowRevenue,MicroAsset,Europe,LowTurnover,
comp_15779,,VeryLowRevenue,MicroAsset,Other_Regions,MidTurnover,
comp_15780,,LowRevenue,MicroAsset,Europe,HighTurnover,
comp_15781,,,MicroAsset,Other_Regions,,
comp_15782,,,MicroAsset,Europe,,
comp_15783,,LowRevenue,MicroAsset,Europe,HighTurnover,
comp_15784,,VeryLowRevenue,MicroAsset,Europe,MidTurnover,
comp_15785,,LowRevenue,MicroAsset,Other_Regions,HighTurnover,
comp_15786,,LowRevenue,MicroAsset,Other_Regions,HighTurnover,
comp_15787,,LowRevenue,MicroAsset,Other_Regions,MidTurnover,
comp_15788,,LowRevenue,MicroAsset,Other_Regions,HighTurnover,
comp_15789,,LowRevenue,MicroAsset,Europe,HighTurnover,
comp_15790,,LowRevenue,MicroAsset,Europe,HighTurnover,
comp_15791,,LowRevenue,MicroAsset,Europe,HighTurnover,
comp_15792,,VeryLowRevenue,MicroAsset,Europe,LowTurnover,
comp_15793,,LowRevenue,MicroAsset,Other_Regions,HighTurnover,
comp_15794,,VeryLowRevenue,MicroAsset,Other_Regions,MidTurnover,
comp_15795,,LowRevenue,MicroAsset,Other_Regions,HighTurnover,
comp_15796,,LowRevenue,MicroAsset,Europe,HighTurnover,
comp_15797,,LowRevenue,MicroAsset,Europe,HighTurnover,
comp_15798,,LowRevenue,MicroAsset,Other_Regions,HighTurnover,
comp_15799,,,MicroAsset,Other_Regions,,
comp_15800,,LowRevenue,MicroAsset,Europe,HighTurnover,
comp_15801,,,MicroAsset,Other_Regions,,
comp_15802,,LowRevenue,MicroAsset,Europe,HighTurnover,
comp_15803,,LowRevenue,MicroAsset,Europe,HighTurnover,
comp_15804,,LowRevenue,MicroAsset,Other_Regions,HighTurnover,
comp_15805,,VeryLowRevenue,MicroAsset,Other_Regions,LowTurnover,
comp_15806,,,MicroAsset,Other_Regions,,
comp_15807,,LowRevenue,MicroAsset,Other_Regions,HighTurnover,
comp_15808,,LowRevenue,MicroAsset,Other_Regions,HighTurnover,
comp_15809,,LowRevenue,MicroAsset,Europe,HighTurnover,
comp_15810,,LowRevenue,MicroAsset,Europe,HighTurnover,
comp_15811,,,MicroAsset,Europe,,
comp_15812,,LowRevenue,MicroAsset,Other_Regions,HighTurnover,
comp_15813,,VeryLowRevenue,MicroAsset,Other_Regions,LowTurnover,
comp_15814,,VeryLowRevenue,MicroAsset,Europe,LowTurnover,
comp_15815,,VeryLowRevenue,MicroAsset,Other_Regions,LowTurnover,
comp_15816,,LowRevenue,MicroAsset,Other_Regions,HighTurnover,
comp_15817,,LowRevenue,MicroAsset,Europe,HighTurnover,
comp_15818,,LowRevenue,MicroAsset,Europe,HighTurnover,
comp_15819,,VeryLowRevenue,MicroAsset,Other_Regions,MidTurnover,
comp_15820,,LowRevenue,MicroAsset,Europe,HighTurnover,
comp_15821,,LowRevenue,MicroAsset,Other_Regions,HighTurnover,
comp_15822,,LowRevenue,MicroAsset,Europe,HighTurnover,
comp_15823,,LowRevenue,MicroAsset,Europe,MidTurnover,
comp_15824,,LowRevenue,MicroAsset,Europe,HighTurnover,
comp_15825,,LowRevenue,MicroAsset,Other_Regions,HighTurnover,
comp_15826,,LowRevenue,MicroAsset,Other_Regions,HighTurnover,
comp_15827,,LowRevenue,MicroAsset,Europe,HighTurnover,
comp_15828,,LowRevenue,MicroAsset,Europe,HighTurnover,
comp_15829,,VeryLowRevenue,MicroAsset,Other_Regions,MidTurnover,
comp_15830,,VeryLowRevenue,MicroAsset,Europe,LowTurnover,
comp_15831,,LowRevenue,MicroAsset,Europe,HighTurnover,
comp_15832,,VeryLowRevenue,MicroAsset,Europe,MidTurnover,
comp_15833,,LowRevenue,MicroAsset,Europe,HighTurnover,
comp_15834,,LowRevenue,MicroAsset,Other_Regions,HighTurnover,
comp_15835,,LowRevenue,MicroAsset,Europe,HighTurnover,
comp_15836,,LowRevenue,MicroAsset,Europe,HighTurnover,
comp_15837,,VeryLowRevenue,MicroAsset,Europe,MidTurnover,
comp_15838,,VeryLowRevenue,MicroAsset,Other_Regions,MidTurnover,
comp_15839,,VeryLowRevenue,MicroAsset,Europe,MidTurnover,
comp_15840,,LowRevenue,MicroAsset,Europe,HighTurnover,
comp_15841,,LowRevenue,MicroAsset,Other_Regions,HighTurnover,
comp_15842,,LowRevenue,MicroAsset,Europe,HighTurnover,
comp_15843,,LowRevenue,MicroAsset,Europe,HighTurnover,
comp_15844,,LowRevenue,MicroAsset,Europe,HighTurnover,
comp_15845,,VeryLowRevenue,MicroAsset,Europe,LowTurnover,
comp_15846,,LowRevenue,MicroAsset,Europe,HighTurnover,
comp_15847,,VeryLowRevenue,MicroAsset,Other_Regions,LowTurnover,
comp_15848,,LowRevenue,MicroAsset,Europe,HighTurnover,
comp_15849,,LowRevenue,MicroAsset,Other_Regions,HighTurnover,
comp_15850,,LowRevenue,MicroAsset,Other_Regions,HighTurnover,
comp_15851,,VeryLowRevenue,MicroAsset,Europe,LowTurnover,
comp_15852,,,MicroAsset,Europe,,
comp_15853,,VeryLowRevenue,MicroAsset,Other_Regions,MidTurnover,
comp_15854,,,MicroAsset,Other_Regions,,
comp_15855,,VeryLowRevenue,MicroAsset,Other_Regions,MidTurnover,
comp_15856,,LowRevenue,MicroAsset,Europe,HighTurnover,
comp_15857,,,MicroAsset,Other_Regions,,
comp_15858,,LowRevenue,MicroAsset,Europe,HighTurnover,
comp_15859,,VeryLowRevenue,MicroAsset,Other_Regions,MidTurnover,
comp_15860,,LowRevenue,MicroAsset,Europe,HighTurnover,
comp_15861,,LowRevenue,MicroAsset,Other_Regions,HighTurnover,
comp_15862,,LowRevenue,MicroAsset,Europe,HighTurnover,
comp_15863,,LowRevenue,MicroAsset,Other_Regions,HighTurnover,
comp_15864,,VeryLowRevenue,MicroAsset,Other_Regions,LowTurnover,
comp_15865,,LowRevenue,MicroAsset,Other_Regions,HighTurnover,
comp_15866,,VeryLowRevenue,MicroAsset,Europe,LowTurnover,
comp_15867,,LowRevenue,MicroAsset,Europe,HighTurnover,
comp_15868,,VeryLowRevenue,MicroAsset,Europe,MidTurnover,
comp_15869,,,MicroAsset,Europe,,
comp_15870,,LowRevenue,MicroAsset,Other_Regions,HighTurnover,
comp_15871,,LowRevenue,MicroAsset,Europe,HighTurnover,
comp_15872,,VeryLowRevenue,MicroAsset,Europe,MidTurnover,
comp_15873,,LowRevenue,MicroAsset,Europe,HighTurnover,
comp_15874,,LowRevenue,MicroAsset,Europe,HighTurnover,
comp_15875,,LowRevenue,MicroAsset,Other_Regions,HighTurnover,
comp_15876,,VeryLowRevenue,MicroAsset,Europe,MidTurnover,
comp_15877,,LowRevenue,MicroAsset,Europe,HighTurnover,
comp_15878,,VeryLowRevenue,MicroAsset,Other_Regions,LowTurnover,
comp_15879,,LowRevenue,MicroAsset,Europe,HighTurnover,
comp_15880,,LowRevenue,MicroAsset,Europe,HighTurnover,
comp_15881,,LowRevenue,MicroAsset,Europe,HighTurnover,
comp_15882,,VeryLowRevenue,MicroAsset,Europe,MidTurnover,
comp_15883,,VeryLowRevenue,MicroAsset,Europe,LowTurnover,
comp_15884,,LowRevenue,MicroAsset,Europe,HighTurnover,
comp_15885,,LowRevenue,MicroAsset,Europe,HighTurnover,
comp_15886,,LowRevenue,MicroAsset,Europe,HighTurnover,
comp_15887,,LowRevenue,MicroAsset,Europe,HighTurnover,
comp_15888,,LowRevenue,MicroAsset,Other_Regions,HighTurnover,
comp_15889,,LowRevenue,MicroAsset,Europe,HighTurnover,
comp_15890,,LowRevenue,MicroAsset,Europe,HighTurnover,
comp_15891,,LowRevenue,MicroAsset,Other_Regions,HighTurnover,
comp_15892,,LowRevenue,MicroAsset,Europe,HighTurnover,
comp_15893,,LowRevenue,MicroAsset,Other_Regions,HighTurnover,
comp_15894,,VeryLowRevenue,MicroAsset,Europe,MidTurnover,
comp_15895,,LowRevenue,MicroAsset,Other_Regions,HighTurnover,
comp_15896,,,MicroAsset,Europe,,
comp_15897,,LowRevenue,MicroAsset,Europe,HighTurnover,
comp_15898,,LowRevenue,MicroAsset,Europe,HighTurnover,
comp_15899,,LowRevenue,MicroAsset,Other_Regions,HighTurnover,
comp_15900,,,MicroAsset,Europe,,
comp_15901,,LowRevenue,MicroAsset,Other_Regions,HighTurnover,
comp_15902,,LowRevenue,MicroAsset,Europe,HighTurnover,
comp_15903,,LowRevenue,MicroAsset,Europe,HighTurnover,
comp_15904,,LowRevenue,MicroAsset,Other_Regions,HighTurnover,
comp_15905,,VeryLowRevenue,MicroAsset,Europe,MidTurnover,
comp_15906,,,MicroAsset,Other_Regions,,
comp_15907,,LowRevenue,MicroAsset,Europe,HighTurnover,
comp_15908,,VeryLowRevenue,MicroAsset,Other_Regions,LowTurnover,
comp_15909,,VeryLowRevenue,MicroAsset,Europe,MidTurnover,
comp_15910,,,MicroAsset,Other_Regions,,
comp_15911,,VeryLowRevenue,MicroAsset,Europe,MidTurnover,
comp_15912,,LowRevenue,MicroAsset,Other_Regions,HighTurnover,
comp_15913,,LowRevenue,MicroAsset,Other_Regions,HighTurnover,
comp_15914,,LowRevenue,MicroAsset,Other_Regions,HighTurnover,
comp_15915,,LowRevenue,MicroAsset,Europe,HighTurnover,
comp_15916,,LowRevenue,MicroAsset,Other_Regions,HighTurnover,
comp_15917,,LowRevenue,MicroAsset,Other_Regions,HighTurnover,
comp_15918,,LowRevenue,MicroAsset,Europe,HighTurnover,
comp_15919,,LowRevenue,MicroAsset,Europe,HighTurnover,
comp_15920,,VeryLowRevenue,MicroAsset,Other_Regions,MidTurnover,
comp_15921,,LowRevenue,MicroAsset,Europe,HighTurnover,
comp_15922,,VeryLowRevenue,MicroAsset,Europe,MidTurnover,
comp_15923,,VeryLowRevenue,MicroAsset,Asia,MidTurnover,
comp_15924,,LowRevenue,MicroAsset,Other_Regions,HighTurnover,
comp_15925,,LowRevenue,MicroAsset,Europe,HighTurnover,
comp_15926,,LowRevenue,MicroAsset,Europe,HighTurnover,
comp_15927,,VeryLowRevenue,MicroAsset,Other_Regions,MidTurnover,
comp_15928,,LowRevenue,MicroAsset,Europe,HighTurnover,
comp_15929,,LowRevenue,MicroAsset,Other_Regions,HighTurnover,
comp_15930,,VeryLowRevenue,MicroAsset,Other_Regions,LowTurnover,
comp_15931,,LowRevenue,MicroAsset,Europe,HighTurnover,
comp_15932,,LowRevenue,MicroAsset,Europe,HighTurnover,
comp_15933,,VeryLowRevenue,MicroAsset,Africa,LowTurnover,
comp_15934,,VeryLowRevenue,MicroAsset,Other_Regions,MidTurnover,
comp_15935,,LowRevenue,MicroAsset,Europe,HighTurnover,
comp_15936,,LowRevenue,MicroAsset,Other_Regions,HighTurnover,
comp_15937,,LowRevenue,MicroAsset,Europe,HighTurnover,
comp_15938,,,MicroAsset,Europe,,
comp_15939,,LowRevenue,MicroAsset,Other_Regions,HighTurnover,
comp_15940,,LowRevenue,MicroAsset,Other_Regions,HighTurnover,
comp_15941,,LowRevenue,MicroAsset,Europe,HighTurnover,
comp_15942,,LowRevenue,MicroAsset,Other_Regions,HighTurnover,
comp_15943,,VeryLowRevenue,MicroAsset,Europe,MidTurnover,
comp_15944,,VeryLowRevenue,MicroAsset,Other_Regions,LowTurnover,
comp_15945,,VeryLowRevenue,MicroAsset,Other_Regions,LowTurnover,
comp_15946,,VeryLowRevenue,MicroAsset,Europe,MidTurnover,
comp_15947,,LowRevenue,MicroAsset,Other_Regions,HighTurnover,
comp_15948,,LowRevenue,MicroAsset,Other_Regions,HighTurnover,
comp_15949,,,MicroAsset,South_America,,
comp_15950,,LowRevenue,MicroAsset,Other_Regions,HighTurnover,
comp_15951,,LowRevenue,MicroAsset,Other_Regions,HighTurnover,
comp_15952,,LowRevenue,MicroAsset,Europe,HighTurnover,
comp_15953,,VeryLowRevenue,MicroAsset,Europe,MidTurnover,
comp_15954,,LowRevenue,MicroAsset,Europe,HighTurnover,
comp_15955,,LowRevenue,MicroAsset,Europe,HighTurnover,
comp_15956,,LowRevenue,MicroAsset,Other_Regions,HighTurnover,
comp_15957,,VeryLowRevenue,MicroAsset,Europe,LowTurnover,
comp_15958,,VeryLowRevenue,MicroAsset,Europe,MidTurnover,
comp_15959,,LowRevenue,MicroAsset,Europe,HighTurnover,
comp_15960,,VeryLowRevenue,MicroAsset,Europe,LowTurnover,
comp_15961,,VeryLowRevenue,MicroAsset,Other_Regions,MidTurnover,
comp_15962,,VeryLowRevenue,MicroAsset,Other_Regions,MidTurnover,
comp_15963,,LowRevenue,MicroAsset,Europe,HighTurnover,
comp_15964,,VeryLowRevenue,MicroAsset,Other_Regions,MidTurnover,
comp_15965,,LowRevenue,MicroAsset,Other_Regions,HighTurnover,
comp_15966,,VeryLowRevenue,MicroAsset,Other_Regions,MidTurnover,
comp_15967,,LowRevenue,MicroAsset,Europe,HighTurnover,
comp_15968,,LowRevenue,MicroAsset,Europe,HighTurnover,
comp_15969,,,MicroAsset,Other_Regions,,
comp_15970,,LowRevenue,MicroAsset,Europe,HighTurnover,
comp_15971,,VeryLowRevenue,MicroAsset,Other_Regions,MidTurnover,
comp_15972,,LowRevenue,MicroAsset,Europe,HighTurnover,
comp_15973,,LowRevenue,MicroAsset,Other_Regions,HighTurnover,
comp_15974,,LowRevenue,MicroAsset,Other_Regions,HighTurnover,
comp_15975,,VeryLowRevenue,MicroAsset,Other_Regions,HighTurnover,
comp_15976,,LowRevenue,MicroAsset,Europe,HighTurnover,
comp_15977,,LowRevenue,MicroAsset,Europe,HighTurnover,
comp_15978,,VeryLowRevenue,MicroAsset,Europe,MidTurnover,
comp_15979,,LowRevenue,MicroAsset,Other_Regions,HighTurnover,
comp_15980,,LowRevenue,MicroAsset,Other_Regions,HighTurnover,
comp_15981,,VeryLowRevenue,MicroAsset,Other_Regions,MidTurnover,
comp_15982,,,MicroAsset,Other_Regions,,
comp_15983,,LowRevenue,MicroAsset,Europe,HighTurnover,
comp_15984,,LowRevenue,MicroAsset,Europe,HighTurnover,
comp_15985,,VeryLowRevenue,MicroAsset,Other_Regions,LowTurnover,
comp_15986,,LowRevenue,MicroAsset,Europe,HighTurnover,
comp_15987,,VeryLowRevenue,MicroAsset,Other_Regions,LowTurnover,
comp_15988,,LowRevenue,MicroAsset,Europe,HighTurnover,
comp_15989,,VeryLowRevenue,MicroAsset,Europe,MidTurnover,
comp_15990,,LowRevenue,MicroAsset,Europe,HighTurnover,
comp_15991,,LowRevenue,MicroAsset,Other_Regions,HighTurnover,
comp_15992,,LowRevenue,MicroAsset,Europe,HighTurnover,
comp_15993,,LowRevenue,MicroAsset,Other_Regions,HighTurnover,
comp_15994,,VeryLowRevenue,MicroAsset,Other_Regions,HighTurnover,
comp_15995,,LowRevenue,MicroAsset,Europe,HighTurnover,
comp_15996,,MidRevenue,MicroAsset,Europe,HighTurnover,
comp_15997,,LowRevenue,MicroAsset,Europe,HighTurnover,
comp_15998,,VeryLowRevenue,MicroAsset,Europe,HighTurnover,
comp_15999,,VeryLowRevenue,MicroAsset,Other_Regions,LowTurnover,
comp_16000,,LowRevenue,MicroAsset,Other_Regions,HighTurnover,
comp_16001,,LowRevenue,MicroAsset,Europe,HighTurnover,
comp_16002,,LowRevenue,MicroAsset,Europe,HighTurnover,
comp_16003,,LowRevenue,MicroAsset,Europe,HighTurnover,
comp_16004,,LowRevenue,MicroAsset,Other_Regions,HighTurnover,
comp_16005,,LowRevenue,MicroAsset,Europe,HighTurnover,
comp_16006,,VeryLowRevenue,MicroAsset,Other_Regions,LowTurnover,
comp_16007,,LowRevenue,MicroAsset,Europe,HighTurnover,
comp_16008,,,MicroAsset,Europe,,
comp_16009,,VeryLowRevenue,MicroAsset,Europe,MidTurnover,
comp_16010,,LowRevenue,MicroAsset,Europe,HighTurnover,
comp_16011,,VeryLowRevenue,MicroAsset,Europe,MidTurnover,
comp_16012,,LowRevenue,MicroAsset,Europe,HighTurnover,
comp_16013,,LowRevenue,MicroAsset,Other_Regions,HighTurnover,
comp_16014,,,MicroAsset,Other_Regions,,
comp_16015,,VeryLowRevenue,MicroAsset,Europe,LowTurnover,
comp_16016,,LowRevenue,MicroAsset,Other_Regions,HighTurnover,
comp_16017,,LowRevenue,MicroAsset,Europe,HighTurnover,
comp_16018,,VeryLowRevenue,MicroAsset,Europe,LowTurnover,
comp_16019,,VeryLowRevenue,MicroAsset,Other_Regions,MidTurnover,
comp_16020,,VeryLowRevenue,MicroAsset,Europe,MidTurnover,
comp_16021,,LowRevenue,MicroAsset,Europe,HighTurnover,
comp_16022,,LowRevenue,MicroAsset,Asia,HighTurnover,
comp_16023,,LowRevenue,MicroAsset,Other_Regions,HighTurnover,
comp_16024,,VeryLowRevenue,MicroAsset,Europe,LowTurnover,
comp_16025,,VeryLowRevenue,MicroAsset,Other_Regions,MidTurnover,
comp_16026,,LowRevenue,MicroAsset,Europe,HighTurnover,
comp_16027,,LowRevenue,MicroAsset,Other_Regions,HighTurnover,
comp_16028,,,MicroAsset,Europe,,
comp_16029,,LowRevenue,MicroAsset,Europe,HighTurnover,
comp_16030,,LowRevenue,MicroAsset,Europe,HighTurnover,
comp_16031,,LowRevenue,MicroAsset,Europe,HighTurnover,
comp_16032,,LowRevenue,MicroAsset,Other_Regions,HighTurnover,
comp_16033,,LowRevenue,MicroAsset,Europe,HighTurnover,
comp_16034,,VeryLowRevenue,MicroAsset,Europe,MidTurnover,
comp_16035,,LowRevenue,MicroAsset,Other_Regions,HighTurnover,
comp_16036,,LowRevenue,MicroAsset,Europe,HighTurnover,
comp_16037,,LowRevenue,MicroAsset,Europe,HighTurnover,
comp_16038,,LowRevenue,MicroAsset,Europe,HighTurnover,
comp_16039,,,MicroAsset,Other_Regions,,
comp_16040,,VeryLowRevenue,MicroAsset,Europe,LowTurnover,
comp_16041,,LowRevenue,MicroAsset,Europe,HighTurnover,
comp_16042,,VeryLowRevenue,MicroAsset,Other_Regions,MidTurnover,
comp_16043,,VeryLowRevenue,MicroAsset,Other_Regions,MidTurnover,
comp_16044,,VeryLowRevenue,MicroAsset,Europe,LowTurnover,
comp_16045,,LowRevenue,MicroAsset,Europe,HighTurnover,
comp_16046,,VeryLowRevenue,MicroAsset,Other_Regions,HighTurnover,
comp_16047,,LowRevenue,MicroAsset,Europe,HighTurnover,
comp_16048,,LowRevenue,MicroAsset,Other_Regions,HighTurnover,
comp_16049,,LowRevenue,MicroAsset,Europe,HighTurnover,
comp_16050,,LowRevenue,MicroAsset,Europe,HighTurnover,
comp_16051,,VeryLowRevenue,MicroAsset,Other_Regions,MidTurnover,
comp_16052,,,MicroAsset,Europe,,
comp_16053,,LowRevenue,MicroAsset,Other_Regions,HighTurnover,
comp_16054,,LowRevenue,MicroAsset,Europe,HighTurnover,
comp_16055,,LowRevenue,MicroAsset,Europe,HighTurnover,
comp_16056,,VeryLowRevenue,MicroAsset,Europe,MidTurnover,
comp_16057,,LowRevenue,MicroAsset,Other_Regions,HighTurnover,
comp_16058,,LowRevenue,MicroAsset,Europe,HighTurnover,
comp_16059,,VeryLowRevenue,MicroAsset,Europe,MidTurnover,
comp_16060,,LowRevenue,MicroAsset,Europe,HighTurnover,
comp_16061,,VeryLowRevenue,MicroAsset,Other_Regions,LowTurnover,
comp_16062,,VeryLowRevenue,MicroAsset,Europe,LowTurnover,
comp_16063,,LowRevenue,MicroAsset,Europe,HighTurnover,
comp_16064,,,MicroAsset,Other_Regions,,
comp_16065,,LowRevenue,MicroAsset,Europe,HighTurnover,
comp_16066,,LowRevenue,MicroAsset,Europe,HighTurnover,
comp_16067,,LowRevenue,MicroAsset,Europe,HighTurnover,
comp_16068,,LowRevenue,MicroAsset,Europe,HighTurnover,
comp_16069,,VeryLowRevenue,MicroAsset,Europe,MidTurnover,
comp_16070,,LowRevenue,MicroAsset,Europe,HighTurnover,
comp_16071,,LowRevenue,MicroAsset,Europe,HighTurnover,
comp_16072,,LowRevenue,MicroAsset,Europe,HighTurnover,
comp_16073,,LowRevenue,MicroAsset,Europe,HighTurnover,
comp_16074,,LowRevenue,MicroAsset,Europe,HighTurnover,
comp_16075,,VeryLowRevenue,MicroAsset,Other_Regions,LowTurnover,
comp_16076,,LowRevenue,MicroAsset,Other_Regions,HighTurnover,
comp_16077,,LowRevenue,MicroAsset,Europe,HighTurnover,
comp_16078,,VeryLowRevenue,MicroAsset,Other_Regions,MidTurnover,
comp_16079,,LowRevenue,MicroAsset,Europe,HighTurnover,
comp_16080,,VeryLowRevenue,MicroAsset,Europe,LowTurnover,
comp_16081,,LowRevenue,MicroAsset,Other_Regions,HighTurnover,
comp_16082,,VeryLowRevenue,MicroAsset,Other_Regions,MidTurnover,
comp_16083,,LowRevenue,MicroAsset,Europe,HighTurnover,
comp_16084,,LowRevenue,MicroAsset,Europe,HighTurnover,
comp_16085,,LowRevenue,MicroAsset,Europe,HighTurnover,
comp_16086,,LowRevenue,MicroAsset,Europe,HighTurnover,
comp_16087,,LowRevenue,MicroAsset,Europe,HighTurnover,
comp_16088,,LowRevenue,MicroAsset,Europe,HighTurnover,
comp_16089,,VeryLowRevenue,MicroAsset,Other_Regions,HighTurnover,
comp_16090,,LowRevenue,MicroAsset,Other_Regions,HighTurnover,
comp_16091,,VeryLowRevenue,MicroAsset,Europe,LowTurnover,
comp_16092,,LowRevenue,MicroAsset,Other_Regions,HighTurnover,
comp_16093,,VeryLowRevenue,MicroAsset,Europe,MidTurnover,
comp_16094,,LowRevenue,MicroAsset,Other_Regions,HighTurnover,
comp_16095,,VeryLowRevenue,MicroAsset,Europe,MidTurnover,
comp_16096,,VeryLowRevenue,MicroAsset,Other_Regions,MidTurnover,
comp_16097,,VeryLowRevenue,MicroAsset,Other_Regions,LowTurnover,
comp_16098,,LowRevenue,MicroAsset,Europe,HighTurnover,
comp_16099,,LowRevenue,MicroAsset,Europe,HighTurnover,
comp_16100,,,MicroAsset,Other_Regions,,
comp_16101,,LowRevenue,MicroAsset,Europe,HighTurnover,
comp_16102,,VeryLowRevenue,MicroAsset,Europe,MidTurnover,
comp_16103,,LowRevenue,MicroAsset,Europe,HighTurnover,
comp_16104,,VeryLowRevenue,MicroAsset,Europe,MidTurnover,
comp_16105,,LowRevenue,MicroAsset,Europe,HighTurnover,
comp_16106,,LowRevenue,MicroAsset,Europe,HighTurnover,
comp_16107,,LowRevenue,MicroAsset,Europe,HighTurnover,
comp_16108,,LowRevenue,MicroAsset,Europe,HighTurnover,
comp_16109,,LowRevenue,MicroAsset,Other_Regions,HighTurnover,
comp_16110,,,MicroAsset,Other_Regions,,
comp_16111,,LowRevenue,MicroAsset,Europe,HighTurnover,
comp_16112,,VeryLowRevenue,MicroAsset,Other_Regions,HighTurnover,
comp_16113,,LowRevenue,MicroAsset,Other_Regions,HighTurnover,
comp_16114,,LowRevenue,MicroAsset,Europe,HighTurnover,
comp_16115,,,MicroAsset,Europe,,
comp_16116,,LowRevenue,MicroAsset,Other_Regions,HighTurnover,
comp_16117,,LowRevenue,MicroAsset,Other_Regions,HighTurnover,
comp_16118,,,MicroAsset,Other_Regions,,
comp_16119,,VeryLowRevenue,MicroAsset,Other_Regions,HighTurnover,
comp_16120,,LowRevenue,MicroAsset,Other_Regions,HighTurnover,
comp_16121,,LowRevenue,MicroAsset,Europe,HighTurnover,
comp_16122,,LowRevenue,MicroAsset,Europe,HighTurnover,
comp_16123,,VeryLowRevenue,MicroAsset,Europe,LowTurnover,
comp_16124,,VeryLowRevenue,MicroAsset,Other_Regions,MidTurnover,
comp_16125,,VeryLowRevenue,MicroAsset,Other_Regions,MidTurnover,
comp_16126,,VeryLowRevenue,MicroAsset,Other_Regions,HighTurnover,
comp_16127,,LowRevenue,MicroAsset,Europe,HighTurnover,
comp_16128,,LowRevenue,MicroAsset,Europe,HighTurnover,
comp_16129,,VeryLowRevenue,MicroAsset,Europe,LowTurnover,
comp_16130,,LowRevenue,MicroAsset,Europe,HighTurnover,
comp_16131,,LowRevenue,MicroAsset,Europe,HighTurnover,
comp_16132,,LowRevenue,MicroAsset,Europe,HighTurnover,
comp_16133,,LowRevenue,MicroAsset,Europe,HighTurnover,
comp_16134,,,MicroAsset,Other_Regions,,
comp_16135,,LowRevenue,MicroAsset,Other_Regions,HighTurnover,
comp_16136,,LowRevenue,MicroAsset,Other_Regions,HighTurnover,
comp_16137,,VeryLowRevenue,MicroAsset,Other_Regions,LowTurnover,
comp_16138,,VeryLowRevenue,MicroAsset,Other_Regions,HighTurnover,
comp_16139,,LowRevenue,MicroAsset,Other_Regions,HighTurnover,
comp_16140,,LowRevenue,MicroAsset,Europe,HighTurnover,
comp_16141,,VeryLowRevenue,MicroAsset,Europe,LowTurnover,
comp_16142,,VeryLowRevenue,MicroAsset,Europe,MidTurnover,
comp_16143,,LowRevenue,MicroAsset,Europe,HighTurnover,
comp_16144,,VeryLowRevenue,MicroAsset,Europe,MidTurnover,
comp_16145,,LowRevenue,MicroAsset,Europe,HighTurnover,
comp_16146,,VeryLowRevenue,MicroAsset,Other_Regions,LowTurnover,
comp_16147,,VeryLowRevenue,MicroAsset,Europe,LowTurnover,
comp_16148,,LowRevenue,MicroAsset,Other_Regions,HighTurnover,
comp_16149,,LowRevenue,MicroAsset,Other_Regions,HighTurnover,
comp_16150,,LowRevenue,MicroAsset,Europe,HighTurnover,
comp_16151,,LowRevenue,MicroAsset,Europe,HighTurnover,
comp_16152,,,MicroAsset,Other_Regions,,
comp_16153,,LowRevenue,MicroAsset,Europe,HighTurnover,
comp_16154,,LowRevenue,MicroAsset,Europe,HighTurnover,
comp_16155,,,MicroAsset,Other_Regions,,
comp_16156,,VeryLowRevenue,MicroAsset,Other_Regions,LowTurnover,
comp_16157,,LowRevenue,MicroAsset,Other_Regions,HighTurnover,
comp_16158,,VeryLowRevenue,MicroAsset,Other_Regions,LowTurnover,
comp_16159,,LowRevenue,MicroAsset,Other_Regions,HighTurnover,
comp_16160,,LowRevenue,MicroAsset,Europe,HighTurnover,
comp_16161,,VeryLowRevenue,MicroAsset,Europe,LowTurnover,
comp_16162,,LowRevenue,MicroAsset,Other_Regions,HighTurnover,
comp_16163,,LowRevenue,MicroAsset,Other_Regions,HighTurnover,
comp_16164,,,MicroAsset,South_America,,
comp_16165,,,MicroAsset,Europe,,
comp_16166,,LowRevenue,MicroAsset,Europe,HighTurnover,
comp_16167,,LowRevenue,MicroAsset,Europe,HighTurnover,
comp_16168,,VeryLowRevenue,MicroAsset,Other_Regions,HighTurnover,
comp_16169,,LowRevenue,MicroAsset,Europe,HighTurnover,
comp_16170,,VeryLowRevenue,MicroAsset,Europe,MidTurnover,
comp_16171,,,MicroAsset,Europe,,
comp_16172,,VeryLowRevenue,MicroAsset,Europe,LowTurnover,
comp_16173,,VeryLowRevenue,MicroAsset,Other_Regions,LowTurnover,
comp_16174,,LowRevenue,MicroAsset,Europe,HighTurnover,
comp_16175,,LowRevenue,MicroAsset,Other_Regions,HighTurnover,
comp_16176,,,MicroAsset,Other_Regions,,
comp_16177,,LowRevenue,MicroAsset,Europe,HighTurnover,
comp_16178,,LowRevenue,MicroAsset,Other_Regions,HighTurnover,
comp_16179,,LowRevenue,MicroAsset,Asia,HighTurnover,
comp_16180,,LowRevenue,MicroAsset,Other_Regions,HighTurnover,
comp_16181,,,MicroAsset,Other_Regions,,
comp_16182,,,MicroAsset,Europe,,
comp_16183,,VeryLowRevenue,MicroAsset,Europe,LowTurnover,
comp_16184,,LowRevenue,MicroAsset,Europe,HighTurnover,
comp_16185,,VeryLowRevenue,MicroAsset,Other_Regions,MidTurnover,
comp_16186,,LowRevenue,MicroAsset,Europe,HighTurnover,
comp_16187,,VeryLowRevenue,MicroAsset,Other_Regions,HighTurnover,
comp_16188,,,MicroAsset,Other_Regions,,
comp_16189,,VeryLowRevenue,MicroAsset,Europe,MidTurnover,
comp_16190,,LowRevenue,MicroAsset,Other_Regions,HighTurnover,
comp_16191,,VeryLowRevenue,MicroAsset,Europe,LowTurnover,
comp_16192,,VeryLowRevenue,MicroAsset,Europe,HighTurnover,
comp_16193,,,MicroAsset,Other_Regions,,
comp_16194,,VeryLowRevenue,MicroAsset,Europe,HighTurnover,
comp_16195,,,MicroAsset,Europe,,
comp_16196,,LowRevenue,MicroAsset,Other_Regions,HighTurnover,
comp_16197,,VeryLowRevenue,MicroAsset,Europe,MidTurnover,
comp_16198,,VeryLowRevenue,MicroAsset,Europe,LowTurnover,
comp_16199,,VeryLowRevenue,MicroAsset,Other_Regions,HighTurnover,
comp_16200,,LowRevenue,MicroAsset,Europe,HighTurnover,
comp_16201,,LowRevenue,MicroAsset,Europe,HighTurnover,
comp_16202,,LowRevenue,MicroAsset,Europe,HighTurnover,
comp_16203,,VeryLowRevenue,MicroAsset,Asia,LowTurnover,
comp_16204,,VeryLowRevenue,MicroAsset,Other_Regions,LowTurnover,
comp_16205,,VeryLowRevenue,MicroAsset,Europe,LowTurnover,
comp_16206,,LowRevenue,MicroAsset,Europe,HighTurnover,
comp_16207,,LowRevenue,MicroAsset,Other_Regions,HighTurnover,
comp_16208,,LowRevenue,MicroAsset,Europe,HighTurnover,
comp_16209,,LowRevenue,MicroAsset,Europe,HighTurnover,
comp_16210,,VeryLowRevenue,MicroAsset,Europe,HighTurnover,
comp_16211,,,MicroAsset,Europe,,
comp_16212,,VeryLowRevenue,MicroAsset,Other_Regions,LowTurnover,
comp_16213,,LowRevenue,MicroAsset,Europe,HighTurnover,
comp_16214,,,MicroAsset,Europe,,
comp_16215,,LowRevenue,MicroAsset,Other_Regions,HighTurnover,
comp_16216,,VeryLowRevenue,MicroAsset,Europe,MidTurnover,
comp_16217,,LowRevenue,MicroAsset,Europe,HighTurnover,
comp_16218,,LowRevenue,MicroAsset,Other_Regions,HighTurnover,
comp_16219,,LowRevenue,MicroAsset,Europe,HighTurnover,
comp_16220,,LowRevenue,MicroAsset,Other_Regions,HighTurnover,
comp_16221,,LowRevenue,MicroAsset,Europe,HighTurnover,
comp_16222,,VeryLowRevenue,MicroAsset,Europe,HighTurnover,
comp_16223,,LowRevenue,MicroAsset,Europe,HighTurnover,
comp_16224,,,MicroAsset,Europe,,
comp_16225,,VeryLowRevenue,MicroAsset,Europe,MidTurnover,
comp_16226,,LowRevenue,MicroAsset,Other_Regions,HighTurnover,
comp_16227,,LowRevenue,MicroAsset,Europe,HighTurnover,
comp_16228,,VeryLowRevenue,MicroAsset,Europe,HighTurnover,
comp_16229,,LowRevenue,MicroAsset,Europe,HighTurnover,
comp_16230,,LowRevenue,MicroAsset,Other_Regions,HighTurnover,
comp_16231,,LowRevenue,MicroAsset,Other_Regions,HighTurnover,
comp_16232,,LowRevenue,MicroAsset,Other_Regions,HighTurnover,
comp_16233,,VeryLowRevenue,MicroAsset,Europe,HighTurnover,
comp_16234,,VeryLowRevenue,MicroAsset,Other_Regions,HighTurnover,
comp_16235,,VeryLowRevenue,MicroAsset,Europe,HighTurnover,
comp_16236,,LowRevenue,MicroAsset,Europe,HighTurnover,
comp_16237,,LowRevenue,MicroAsset,Europe,HighTurnover,
comp_16238,,VeryLowRevenue,MicroAsset,Other_Regions,MidTurnover,
comp_16239,,VeryLowRevenue,MicroAsset,Europe,MidTurnover,
comp_16240,,,MicroAsset,Other_Regions,,
comp_16241,,LowRevenue,MicroAsset,Europe,HighTurnover,
comp_16242,,VeryLowRevenue,MicroAsset,Other_Regions,MidTurnover,
comp_16243,,LowRevenue,MicroAsset,Other_Regions,HighTurnover,
comp_16244,,VeryLowRevenue,MicroAsset,Europe,HighTurnover,
comp_16245,,VeryLowRevenue,MicroAsset,Other_Regions,LowTurnover,
comp_16246,,MidRevenue,MicroAsset,Europe,HighTurnover,
comp_16247,,LowRevenue,MicroAsset,Other_Regions,HighTurnover,
comp_16248,,,MicroAsset,Other_Regions,,
comp_16249,,,MicroAsset,Europe,,
comp_16250,,LowRevenue,MicroAsset,Europe,HighTurnover,
comp_16251,,,MicroAsset,Europe,,
comp_16252,,VeryLowRevenue,MicroAsset,Other_Regions,LowTurnover,
comp_16253,,LowRevenue,MicroAsset,Europe,HighTurnover,
comp_16254,,LowRevenue,MicroAsset,Other_Regions,HighTurnover,
comp_16255,,,MicroAsset,Europe,,
comp_16256,,LowRevenue,MicroAsset,Other_Regions,HighTurnover,
comp_16257,,LowRevenue,MicroAsset,Europe,HighTurnover,
comp_16258,,LowRevenue,MicroAsset,Other_Regions,HighTurnover,
comp_16259,,VeryLowRevenue,MicroAsset,Europe,LowTurnover,
comp_16260,,LowRevenue,MicroAsset,Europe,HighTurnover,
comp_16261,,VeryLowRevenue,MicroAsset,Europe,HighTurnover,
comp_16262,,,MicroAsset,Other_Regions,,
comp_16263,,LowRevenue,MicroAsset,Europe,HighTurnover,
comp_16264,,VeryLowRevenue,MicroAsset,Europe,MidTurnover,
comp_16265,,LowRevenue,MicroAsset,Europe,HighTurnover,
comp_16266,,LowRevenue,MicroAsset,Other_Regions,HighTurnover,
comp_16267,,LowRevenue,MicroAsset,Other_Regions,HighTurnover,
comp_16268,,LowRevenue,MicroAsset,Europe,HighTurnover,
comp_16269,,VeryLowRevenue,MicroAsset,Other_Regions,MidTurnover,
comp_16270,,LowRevenue,MicroAsset,Other_Regions,HighTurnover,
comp_16271,,VeryLowRevenue,MicroAsset,Europe,HighTurnover,
comp_16272,,LowRevenue,MicroAsset,Europe,HighTurnover,
comp_16273,,VeryLowRevenue,MicroAsset,Europe,MidTurnover,
comp_16274,,LowRevenue,MicroAsset,Europe,HighTurnover,
comp_16275,,,MicroAsset,Other_Regions,,
comp_16276,,,MicroAsset,Europe,,
comp_16277,,VeryLowRevenue,MicroAsset,Other_Regions,HighTurnover,
comp_16278,,LowRevenue,MicroAsset,Other_Regions,HighTurnover,
comp_16279,,VeryLowRevenue,MicroAsset,Other_Regions,MidTurnover,
comp_16280,,LowRevenue,MicroAsset,Europe,HighTurnover,
comp_16281,,LowRevenue,MicroAsset,Europe,HighTurnover,
comp_16282,,LowRevenue,MicroAsset,Other_Regions,HighTurnover,
comp_16283,,LowRevenue,MicroAsset,Europe,HighTurnover,
comp_16284,,LowRevenue,MicroAsset,Europe,HighTurnover,
comp_16285,,LowRevenue,MicroAsset,Other_Regions,HighTurnover,
comp_16286,,LowRevenue,MicroAsset,Europe,HighTurnover,
comp_16287,,LowRevenue,MicroAsset,Europe,HighTurnover,
comp_16288,,VeryLowRevenue,MicroAsset,Europe,MidTurnover,
comp_16289,,,MicroAsset,Other_Regions,,
comp_16290,,VeryLowRevenue,MicroAsset,Other_Regions,MidTurnover,
comp_16291,,VeryLowRevenue,MicroAsset,Other_Regions,HighTurnover,
comp_16292,,VeryLowRevenue,MicroAsset,Europe,LowTurnover,
comp_16293,,LowRevenue,MicroAsset,Other_Regions,HighTurnover,
comp_16294,,LowRevenue,MicroAsset,Europe,HighTurnover,
comp_16295,,LowRevenue,MicroAsset,Other_Regions,HighTurnover,
comp_16296,,VeryLowRevenue,MicroAsset,Europe,HighTurnover,
comp_16297,,,MicroAsset,Europe,,
comp_16298,,VeryLowRevenue,MicroAsset,Other_Regions,LowTurnover,
comp_16299,,,MicroAsset,Europe,,
comp_16300,,,MicroAsset,Europe,,
comp_16301,,VeryLowRevenue,MicroAsset,Europe,HighTurnover,
comp_16302,,VeryLowRevenue,MicroAsset,Other_Regions,LowTurnover,
comp_16303,,,MicroAsset,Other_Regions,,
comp_16304,,LowRevenue,MicroAsset,Other_Regions,HighTurnover,
comp_16305,,LowRevenue,MicroAsset,Europe,HighTurnover,
comp_16306,,LowRevenue,MicroAsset,Europe,HighTurnover,
comp_16307,,LowRevenue,MicroAsset,Europe,HighTurnover,
comp_16308,,LowRevenue,MicroAsset,Other_Regions,HighTurnover,
comp_16309,,LowRevenue,MicroAsset,Europe,HighTurnover,
comp_16310,,,MicroAsset,Europe,,
comp_16311,,LowRevenue,MicroAsset,Other_Regions,HighTurnover,
comp_16312,,MidRevenue,MicroAsset,Other_Regions,HighTurnover,
comp_16313,,VeryLowRevenue,MicroAsset,Other_Regions,MidTurnover,
comp_16314,,VeryLowRevenue,MicroAsset,Other_Regions,LowTurnover,
comp_16315,,LowRevenue,MicroAsset,Europe,HighTurnover,
comp_16316,,LowRevenue,MicroAsset,Europe,HighTurnover,
comp_16317,,VeryLowRevenue,MicroAsset,Asia,MidTurnover,
comp_16318,,LowRevenue,MicroAsset,Europe,HighTurnover,
comp_16319,,LowRevenue,MicroAsset,Europe,HighTurnover,
comp_16320,,VeryLowRevenue,MicroAsset,Europe,MidTurnover,
comp_16321,,LowRevenue,MicroAsset,Other_Regions,HighTurnover,
comp_16322,,VeryLowRevenue,MicroAsset,Europe,MidTurnover,
comp_16323,,LowRevenue,MicroAsset,Other_Regions,HighTurnover,
comp_16324,,LowRevenue,MicroAsset,Europe,HighTurnover,
comp_16325,,LowRevenue,MicroAsset,Europe,HighTurnover,
comp_16326,,VeryLowRevenue,MicroAsset,Other_Regions,LowTurnover,
comp_16327,,VeryLowRevenue,MicroAsset,Europe,HighTurnover,
comp_16328,,LowRevenue,MicroAsset,Europe,HighTurnover,
comp_16329,,VeryLowRevenue,MicroAsset,Other_Regions,MidTurnover,
comp_16330,,VeryLowRevenue,MicroAsset,Asia,LowTurnover,
comp_16331,,VeryLowRevenue,MicroAsset,Other_Regions,LowTurnover,
comp_16332,,LowRevenue,MicroAsset,Europe,HighTurnover,
comp_16333,,VeryLowRevenue,MicroAsset,Europe,HighTurnover,
comp_16334,,VeryLowRevenue,MicroAsset,Europe,HighTurnover,
comp_16335,,LowRevenue,MicroAsset,Other_Regions,HighTurnover,
comp_16336,,VeryLowRevenue,MicroAsset,Other_Regions,HighTurnover,
comp_16337,,VeryLowRevenue,MicroAsset,Other_Regions,MidTurnover,
comp_16338,,VeryLowRevenue,MicroAsset,Europe,HighTurnover,
comp_16339,,VeryLowRevenue,MicroAsset,Other_Regions,LowTurnover,
comp_16340,,VeryLowRevenue,MicroAsset,Europe,HighTurnover,
comp_16341,,VeryLowRevenue,MicroAsset,Other_Regions,HighTurnover,
comp_16342,,LowRevenue,MicroAsset,Other_Regions,HighTurnover,
comp_16343,,LowRevenue,MicroAsset,Other_Regions,HighTurnover,
comp_16344,,LowRevenue,MicroAsset,Other_Regions,HighTurnover,
comp_16345,,VeryLowRevenue,MicroAsset,Other_Regions,LowTurnover,
comp_16346,,VeryLowRevenue,MicroAsset,Other_Regions,LowTurnover,
comp_16347,,LowRevenue,MicroAsset,Europe,HighTurnover,
comp_16348,,LowRevenue,MicroAsset,Europe,HighTurnover,
comp_16349,,LowRevenue,MicroAsset,Other_Regions,HighTurnover,
comp_16350,,VeryLowRevenue,MicroAsset,Europe,HighTurnover,
comp_16351,,LowRevenue,MicroAsset,Other_Regions,HighTurnover,
comp_16352,,VeryLowRevenue,MicroAsset,Other_Regions,HighTurnover,
comp_16353,,LowRevenue,MicroAsset,Europe,HighTurnover,
comp_16354,,VeryLowRevenue,MicroAsset,Other_Regions,MidTurnover,
comp_16355,,LowRevenue,MicroAsset,Other_Regions,HighTurnover,
comp_16356,,VeryLowRevenue,MicroAsset,Europe,LowTurnover,
comp_16357,,VeryLowRevenue,MicroAsset,Other_Regions,LowTurnover,
comp_16358,,VeryLowRevenue,MicroAsset,Europe,HighTurnover,
comp_16359,,LowRevenue,MicroAsset,Other_Regions,HighTurnover,
comp_16360,,LowRevenue,MicroAsset,Other_Regions,HighTurnover,
comp_16361,,VeryLowRevenue,MicroAsset,Other_Regions,HighTurnover,
comp_16362,,VeryLowRevenue,MicroAsset,Europe,LowTurnover,
comp_16363,,VeryLowRevenue,MicroAsset,Other_Regions,HighTurnover,
comp_16364,,,MicroAsset,Other_Regions,,
comp_16365,,VeryLowRevenue,MicroAsset,Europe,MidTurnover,
comp_16366,,LowRevenue,MicroAsset,Other_Regions,HighTurnover,
comp_16367,,VeryLowRevenue,MicroAsset,Europe,HighTurnover,
comp_16368,,VeryLowRevenue,MicroAsset,Europe,HighTurnover,
comp_16369,,VeryLowRevenue,MicroAsset,Europe,HighTurnover,
comp_16370,,LowRevenue,MicroAsset,Other_Regions,HighTurnover,
comp_16371,,VeryLowRevenue,MicroAsset,Europe,HighTurnover,
comp_16372,,VeryLowRevenue,MicroAsset,Europe,LowTurnover,
comp_16373,,LowRevenue,MicroAsset,Europe,HighTurnover,
comp_16374,,LowRevenue,MicroAsset,Europe,HighTurnover,
comp_16375,,LowRevenue,MicroAsset,Europe,HighTurnover,
comp_16376,,LowRevenue,MicroAsset,Europe,HighTurnover,
comp_16377,,VeryLowRevenue,MicroAsset,South_America,LowTurnover,
comp_16378,,LowRevenue,MicroAsset,Europe,HighTurnover,
comp_16379,,LowRevenue,MicroAsset,Other_Regions,HighTurnover,
comp_16380,,VeryLowRevenue,MicroAsset,Other_Regions,MidTurnover,
comp_16381,,,MicroAsset,Other_Regions,,
comp_16382,,LowRevenue,MicroAsset,Europe,HighTurnover,
comp_16383,,VeryLowRevenue,MicroAsset,Europe,HighTurnover,
comp_16384,,VeryLowRevenue,MicroAsset,Europe,HighTurnover,
comp_16385,,LowRevenue,MicroAsset,Europe,HighTurnover,
comp_16386,,VeryLowRevenue,MicroAsset,Other_Regions,HighTurnover,
comp_16387,,LowRevenue,MicroAsset,Other_Regions,HighTurnover,
comp_16388,,VeryLowRevenue,MicroAsset,Other_Regions,MidTurnover,
comp_16389,,VeryLowRevenue,MicroAsset,Other_Regions,HighTurnover,
comp_16390,,VeryLowRevenue,MicroAsset,Other_Regions,MidTurnover,
comp_16391,,VeryLowRevenue,MicroAsset,Europe,LowTurnover,
comp_16392,,LowRevenue,MicroAsset,Europe,HighTurnover,
comp_16393,,VeryLowRevenue,MicroAsset,Europe,HighTurnover,
comp_16394,,LowRevenue,MicroAsset,Europe,HighTurnover,
comp_16395,,VeryLowRevenue,MicroAsset,Asia,LowTurnover,
comp_16396,,VeryLowRevenue,MicroAsset,Other_Regions,MidTurnover,
comp_16397,,VeryLowRevenue,MicroAsset,Europe,HighTurnover,
comp_16398,,LowRevenue,MicroAsset,Europe,HighTurnover,
comp_16399,,VeryLowRevenue,MicroAsset,Other_Regions,HighTurnover,
comp_16400,,VeryLowRevenue,MicroAsset,Europe,HighTurnover,
comp_16401,,LowRevenue,MicroAsset,Other_Regions,HighTurnover,
comp_16402,,VeryLowRevenue,MicroAsset,Europe,MidTurnover,
comp_16403,,VeryLowRevenue,MicroAsset,Other_Regions,MidTurnover,
comp_16404,,LowRevenue,MicroAsset,Other_Regions,HighTurnover,
comp_16405,,LowRevenue,MicroAsset,Europe,HighTurnover,
comp_16406,,LowRevenue,MicroAsset,Other_Regions,HighTurnover,
comp_16407,,LowRevenue,MicroAsset,Europe,HighTurnover,
comp_16408,,VeryLowRevenue,MicroAsset,Europe,LowTurnover,
comp_16409,,VeryLowRevenue,MicroAsset,Europe,MidTurnover,
comp_16410,,VeryLowRevenue,MicroAsset,Other_Regions,HighTurnover,
comp_16411,,,MicroAsset,Other_Regions,,
comp_16412,,VeryLowRevenue,MicroAsset,Europe,HighTurnover,
comp_16413,,LowRevenue,MicroAsset,Europe,HighTurnover,
comp_16414,,VeryLowRevenue,MicroAsset,Europe,HighTurnover,
comp_16415,,VeryLowRevenue,MicroAsset,Other_Regions,LowTurnover,
comp_16416,,VeryLowRevenue,MicroAsset,Europe,HighTurnover,
comp_16417,,LowRevenue,MicroAsset,Other_Regions,HighTurnover,
comp_16418,,,MicroAsset,Other_Regions,,
comp_16419,,VeryLowRevenue,MicroAsset,Europe,LowTurnover,
comp_16420,,LowRevenue,MicroAsset,Europe,HighTurnover,
comp_16421,,VeryLowRevenue,MicroAsset,Asia,MidTurnover,
comp_16422,,VeryLowRevenue,MicroAsset,Other_Regions,HighTurnover,
comp_16423,,VeryLowRevenue,MicroAsset,Other_Regions,LowTurnover,
comp_16424,,VeryLowRevenue,MicroAsset,Europe,MidTurnover,
comp_16425,,LowRevenue,MicroAsset,Europe,HighTurnover,
comp_16426,,LowRevenue,MicroAsset,Europe,HighTurnover,
comp_16427,,VeryLowRevenue,MicroAsset,Europe,MidTurnover,
comp_16428,,VeryLowRevenue,MicroAsset,Europe,HighTurnover,
comp_16429,,LowRevenue,MicroAsset,Europe,HighTurnover,
comp_16430,,VeryLowRevenue,MicroAsset,Europe,HighTurnover,
comp_16431,,VeryLowRevenue,MicroAsset,Europe,HighTurnover,
comp_16432,,VeryLowRevenue,MicroAsset,Europe,MidTurnover,
comp_16433,,LowRevenue,MicroAsset,Europe,HighTurnover,
comp_16434,,VeryLowRevenue,MicroAsset,Other_Regions,HighTurnover,
comp_16435,,LowRevenue,MicroAsset,Other_Regions,HighTurnover,
comp_16436,,LowRevenue,MicroAsset,Europe,HighTurnover,
comp_16437,,LowRevenue,MicroAsset,Other_Regions,HighTurnover,
comp_16438,,VeryLowRevenue,MicroAsset,Europe,HighTurnover,
comp_16439,,VeryLowRevenue,MicroAsset,Europe,HighTurnover,
comp_16440,,,MicroAsset,Europe,,
comp_16441,,VeryLowRevenue,MicroAsset,Other_Regions,HighTurnover,
comp_16442,,VeryLowRevenue,MicroAsset,Europe,LowTurnover,
comp_16443,,LowRevenue,MicroAsset,Other_Regions,HighTurnover,
comp_16444,,VeryLowRevenue,MicroAsset,Europe,HighTurnover,
comp_16445,,LowRevenue,MicroAsset,Other_Regions,HighTurnover,
comp_16446,,VeryLowRevenue,MicroAsset,Europe,HighTurnover,
comp_16447,,VeryLowRevenue,MicroAsset,Europe,HighTurnover,
comp_16448,,LowRevenue,MicroAsset,Europe,HighTurnover,
comp_16449,,VeryLowRevenue,MicroAsset,Other_Regions,LowTurnover,
comp_16450,,LowRevenue,MicroAsset,Other_Regions,HighTurnover,
comp_16451,,VeryLowRevenue,MicroAsset,Other_Regions,LowTurnover,
comp_16452,,,MicroAsset,Other_Regions,,
comp_16453,,VeryLowRevenue,MicroAsset,Europe,HighTurnover,
comp_16454,,LowRevenue,MicroAsset,Europe,HighTurnover,
comp_16455,,LowRevenue,MicroAsset,Other_Regions,HighTurnover,
comp_16456,,VeryLowRevenue,MicroAsset,Other_Regions,MidTurnover,
comp_16457,,LowRevenue,MicroAsset,Europe,HighTurnover,
comp_16458,,LowRevenue,MicroAsset,Europe,HighTurnover,
comp_16459,,VeryLowRevenue,MicroAsset,Europe,LowTurnover,
comp_16460,,LowRevenue,MicroAsset,Europe,HighTurnover,
comp_16461,,VeryLowRevenue,MicroAsset,Europe,HighTurnover,
comp_16462,,,MicroAsset,Other_Regions,,
comp_16463,,VeryLowRevenue,MicroAsset,Europe,HighTurnover,
comp_16464,,VeryLowRevenue,MicroAsset,Other_Regions,MidTurnover,
comp_16465,,LowRevenue,MicroAsset,Other_Regions,HighTurnover,
comp_16466,,,MicroAsset,Other_Regions,,
comp_16467,,VeryLowRevenue,MicroAsset,Europe,LowTurnover,
comp_16468,,LowRevenue,MicroAsset,Europe,HighTurnover,
comp_16469,,LowRevenue,MicroAsset,Europe,HighTurnover,
comp_16470,,LowRevenue,MicroAsset,Europe,HighTurnover,
comp_16471,,,MicroAsset,Europe,,
comp_16472,,,MicroAsset,Europe,,
comp_16473,,VeryLowRevenue,MicroAsset,Other_Regions,HighTurnover,
comp_16474,,VeryLowRevenue,MicroAsset,Other_Regions,HighTurnover,
comp_16475,,LowRevenue,MicroAsset,Europe,HighTurnover,
comp_16476,,LowRevenue,MicroAsset,Other_Regions,HighTurnover,
comp_16477,,LowRevenue,MicroAsset,Europe,HighTurnover,
comp_16478,,VeryLowRevenue,MicroAsset,Other_Regions,HighTurnover,
comp_16479,,VeryLowRevenue,MicroAsset,Other_Regions,LowTurnover,
comp_16480,,LowRevenue,MicroAsset,Europe,HighTurnover,
comp_16481,,VeryLowRevenue,MicroAsset,Europe,HighTurnover,
comp_16482,,MidRevenue,MicroAsset,Other_Regions,HighTurnover,
comp_16483,,,MicroAsset,Other_Regions,,
comp_16484,,VeryLowRevenue,MicroAsset,Other_Regions,MidTurnover,
comp_16485,,LowRevenue,MicroAsset,Europe,HighTurnover,
comp_16486,,VeryLowRevenue,MicroAsset,Europe,LowTurnover,
comp_16487,,VeryLowRevenue,MicroAsset,Other_Regions,HighTurnover,
comp_16488,,LowRevenue,MicroAsset,Europe,HighTurnover,
comp_16489,,LowRevenue,MicroAsset,Other_Regions,HighTurnover,
comp_16490,,LowRevenue,MicroAsset,Europe,HighTurnover,
comp_16491,,LowRevenue,MicroAsset,Europe,HighTurnover,
comp_16492,,VeryLowRevenue,MicroAsset,Other_Regions,MidTurnover,
comp_16493,,VeryLowRevenue,MicroAsset,Europe,MidTurnover,
comp_16494,,VeryLowRevenue,MicroAsset,Other_Regions,HighTurnover,
comp_16495,,VeryLowRevenue,MicroAsset,Other_Regions,LowTurnover,
comp_16496,,LowRevenue,MicroAsset,Other_Regions,HighTurnover,
comp_16497,,LowRevenue,MicroAsset,Europe,HighTurnover,
comp_16498,,VeryLowRevenue,MicroAsset,Other_Regions,HighTurnover,
comp_16499,,,MicroAsset,Europe,,
comp_16500,,VeryLowRevenue,MicroAsset,Europe,HighTurnover,
comp_16501,,LowRevenue,MicroAsset,Europe,HighTurnover,
comp_16502,,LowRevenue,MicroAsset,Other_Regions,HighTurnover,
comp_16503,,LowRevenue,MicroAsset,Europe,HighTurnover,
comp_16504,,VeryLowRevenue,MicroAsset,Other_Regions,HighTurnover,
comp_16505,,LowRevenue,MicroAsset,Other_Regions,HighTurnover,
comp_16506,,VeryLowRevenue,MicroAsset,Other_Regions,LowTurnover,
comp_16507,,VeryLowRevenue,MicroAsset,Other_Regions,LowTurnover,
comp_16508,,,MicroAsset,Europe,,
comp_16509,,LowRevenue,MicroAsset,Europe,HighTurnover,
comp_16510,,VeryLowRevenue,MicroAsset,Europe,LowTurnover,
comp_16511,,,MicroAsset,Other_Regions,,
comp_16512,,LowRevenue,MicroAsset,Other_Regions,HighTurnover,
comp_16513,,LowRevenue,MicroAsset,Other_Regions,HighTurnover,
comp_16514,,VeryLowRevenue,MicroAsset,Other_Regions,MidTurnover,
comp_16515,,VeryLowRevenue,MicroAsset,Europe,MidTurnover,
comp_16516,,VeryLowRevenue,MicroAsset,Europe,HighTurnover,
comp_16517,,,MicroAsset,Other_Regions,,
comp_16518,,VeryLowRevenue,MicroAsset,Other_Regions,LowTurnover,
comp_16519,,VeryLowRevenue,MicroAsset,Other_Regions,LowTurnover,
comp_16520,,LowRevenue,MicroAsset,Other_Regions,HighTurnover,
comp_16521,,LowRevenue,MicroAsset,Europe,HighTurnover,
comp_16522,,VeryLowRevenue,MicroAsset,Europe,HighTurnover,
comp_16523,,LowRevenue,MicroAsset,Europe,HighTurnover,
comp_16524,,LowRevenue,MicroAsset,Other_Regions,HighTurnover,
comp_16525,,,MicroAsset,Europe,,
comp_16526,,VeryLowRevenue,MicroAsset,South_America,MidTurnover,
comp_16527,,,MicroAsset,Other_Regions,,
comp_16528,,VeryLowRevenue,MicroAsset,Other_Regions,MidTurnover,
comp_16529,,LowRevenue,MicroAsset,Other_Regions,HighTurnover,
comp_16530,,VeryLowRevenue,MicroAsset,Europe,HighTurnover,
comp_16531,,VeryLowRevenue,MicroAsset,Europe,LowTurnover,
comp_16532,,VeryLowRevenue,MicroAsset,Europe,HighTurnover,
comp_16533,,VeryLowRevenue,MicroAsset,Europe,HighTurnover,
comp_16534,,LowRevenue,MicroAsset,Other_Regions,HighTurnover,
comp_16535,,LowRevenue,MicroAsset,Europe,HighTurnover,
comp_16536,,LowRevenue,MicroAsset,Other_Regions,HighTurnover,
comp_16537,,LowRevenue,MicroAsset,Other_Regions,HighTurnover,
comp_16538,,LowRevenue,MicroAsset,Other_Regions,HighTurnover,
comp_16539,,VeryLowRevenue,MicroAsset,Other_Regions,LowTurnover,
comp_16540,,VeryLowRevenue,MicroAsset,Europe,LowTurnover,
comp_16541,,VeryLowRevenue,MicroAsset,Other_Regions,HighTurnover,
comp_16542,,LowRevenue,MicroAsset,Other_Regions,HighTurnover,
comp_16543,,VeryLowRevenue,MicroAsset,Other_Regions,LowTurnover,
comp_16544,,VeryLowRevenue,MicroAsset,Other_Regions,LowTurnover,
comp_16545,,LowRevenue,MicroAsset,Europe,HighTurnover,
comp_16546,,VeryLowRevenue,MicroAsset,Europe,MidTurnover,
comp_16547,,,MicroAsset,South_America,,
comp_16548,,LowRevenue,MicroAsset,Europe,HighTurnover,
comp_16549,,VeryLowRevenue,MicroAsset,Other_Regions,HighTurnover,
comp_16550,,VeryLowRevenue,MicroAsset,Other_Regions,HighTurnover,
comp_16551,,VeryLowRevenue,MicroAsset,Other_Regions,MidTurnover,
comp_16552,,VeryLowRevenue,MicroAsset,Other_Regions,HighTurnover,
comp_16553,,,MicroAsset,Europe,,
comp_16554,,VeryLowRevenue,MicroAsset,Other_Regions,HighTurnover,
comp_16555,,VeryLowRevenue,MicroAsset,Europe,HighTurnover,
comp_16556,,VeryLowRevenue,MicroAsset,Other_Regions,HighTurnover,
comp_16557,,LowRevenue,MicroAsset,Europe,HighTurnover,
comp_16558,,LowRevenue,MicroAsset,Other_Regions,HighTurnover,
comp_16559,,LowRevenue,MicroAsset,Other_Regions,HighTurnover,
comp_16560,,VeryLowRevenue,MicroAsset,Europe,HighTurnover,
comp_16561,,LowRevenue,MicroAsset,Europe,HighTurnover,
comp_16562,,LowRevenue,MicroAsset,Europe,HighTurnover,
comp_16563,,,MicroAsset,Other_Regions,,
comp_16564,,VeryLowRevenue,MicroAsset,Europe,MidTurnover,
comp_16565,,LowRevenue,MicroAsset,Europe,HighTurnover,
comp_16566,,,MicroAsset,Other_Regions,,
comp_16567,,VeryLowRevenue,MicroAsset,Europe,LowTurnover,
comp_16568,,VeryLowRevenue,MicroAsset,Other_Regions,HighTurnover,
comp_16569,,LowRevenue,MicroAsset,Other_Regions,HighTurnover,
comp_16570,,,MicroAsset,Other_Regions,,
comp_16571,,VeryLowRevenue,MicroAsset,Europe,MidTurnover,
comp_16572,,,MicroAsset,Other_Regions,,
comp_16573,,,MicroAsset,Europe,,
comp_16574,,VeryLowRevenue,MicroAsset,Europe,HighTurnover,
comp_16575,,LowRevenue,MicroAsset,Europe,HighTurnover,
comp_16576,,,MicroAsset,Other_Regions,,
comp_16577,,,MicroAsset,Europe,,
comp_16578,,VeryLowRevenue,MicroAsset,Other_Regions,HighTurnover,
comp_16579,,,MicroAsset,Other_Regions,,
comp_16580,,VeryLowRevenue,MicroAsset,Europe,HighTurnover,
comp_16581,,LowRevenue,MicroAsset,Europe,HighTurnover,
comp_16582,,VeryLowRevenue,MicroAsset,Europe,HighTurnover,
comp_16583,,,MicroAsset,Other_Regions,,
comp_16584,,LowRevenue,MicroAsset,Other_Regions,HighTurnover,
comp_16585,,LowRevenue,MicroAsset,Europe,HighTurnover,
comp_16586,,LowRevenue,MicroAsset,Other_Regions,HighTurnover,
comp_16587,,LowRevenue,MicroAsset,Other_Regions,HighTurnover,
comp_16588,,VeryLowRevenue,MicroAsset,Other_Regions,LowTurnover,
comp_16589,,,MicroAsset,Europe,,
comp_16590,,VeryLowRevenue,MicroAsset,Europe,MidTurnover,
comp_16591,,VeryLowRevenue,MicroAsset,Other_Regions,HighTurnover,
comp_16592,,,MicroAsset,Other_Regions,,
comp_16593,,VeryLowRevenue,MicroAsset,Other_Regions,HighTurnover,
comp_16594,,VeryLowRevenue,MicroAsset,Other_Regions,MidTurnover,
comp_16595,,,MicroAsset,Other_Regions,,
comp_16596,,VeryLowRevenue,MicroAsset,Europe,HighTurnover,
comp_16597,,LowRevenue,MicroAsset,Europe,HighTurnover,
comp_16598,,VeryLowRevenue,MicroAsset,Asia,HighTurnover,
comp_16599,,VeryLowRevenue,MicroAsset,Europe,MidTurnover,
comp_16600,,LowRevenue,MicroAsset,Europe,HighTurnover,
comp_16601,,VeryLowRevenue,MicroAsset,Other_Regions,HighTurnover,
comp_16602,,VeryLowRevenue,MicroAsset,Other_Regions,MidTurnover,
comp_16603,,LowRevenue,MicroAsset,Europe,HighTurnover,
comp_16604,,VeryLowRevenue,MicroAsset,Europe,HighTurnover,
comp_16605,,VeryLowRevenue,MicroAsset,Other_Regions,MidTurnover,
comp_16606,,VeryLowRevenue,MicroAsset,Europe,HighTurnover,
comp_16607,,LowRevenue,MicroAsset,Europe,HighTurnover,
comp_16608,,,MicroAsset,Europe,,
comp_16609,,VeryLowRevenue,MicroAsset,Europe,HighTurnover,
comp_16610,,VeryLowRevenue,MicroAsset,Europe,HighTurnover,
comp_16611,,,MicroAsset,Other_Regions,,
comp_16612,,VeryLowRevenue,MicroAsset,Europe,HighTurnover,
comp_16613,,VeryLowRevenue,MicroAsset,Other_Regions,LowTurnover,
comp_16614,,LowRevenue,MicroAsset,Europe,HighTurnover,
comp_16615,,VeryLowRevenue,MicroAsset,Other_Regions,MidTurnover,
comp_16616,,LowRevenue,MicroAsset,Europe,HighTurnover,
comp_16617,,VeryLowRevenue,MicroAsset,Europe,HighTurnover,
comp_16618,,,MicroAsset,Other_Regions,,
comp_16619,,,MicroAsset,Other_Regions,,
comp_16620,,VeryLowRevenue,MicroAsset,Europe,HighTurnover,
comp_16621,,LowRevenue,MicroAsset,Europe,HighTurnover,
comp_16622,,VeryLowRevenue,MicroAsset,Other_Regions,HighTurnover,
comp_16623,,LowRevenue,MicroAsset,Other_Regions,HighTurnover,
comp_16624,,LowRevenue,MicroAsset,Europe,HighTurnover,
comp_16625,,LowRevenue,MicroAsset,Europe,HighTurnover,
comp_16626,,,MicroAsset,Europe,,
comp_16627,,LowRevenue,MicroAsset,Europe,HighTurnover,
comp_16628,,,MicroAsset,Other_Regions,,
comp_16629,,VeryLowRevenue,MicroAsset,Europe,LowTurnover,
comp_16630,,,MicroAsset,Other_Regions,,
comp_16631,,LowRevenue,MicroAsset,Europe,HighTurnover,
comp_16632,,,MicroAsset,Other_Regions,,
comp_16633,,VeryLowRevenue,MicroAsset,Other_Regions,HighTurnover,
comp_16634,,,MicroAsset,Other_Regions,,
comp_16635,,VeryLowRevenue,MicroAsset,Other_Regions,HighTurnover,
comp_16636,,,MicroAsset,Other_Regions,,
comp_16637,,VeryLowRevenue,MicroAsset,Europe,LowTurnover,
comp_16638,,VeryLowRevenue,MicroAsset,Europe,MidTurnover,
comp_16639,,,MicroAsset,Other_Regions,,
comp_16640,,VeryLowRevenue,MicroAsset,Other_Regions,HighTurnover,
comp_16641,,VeryLowRevenue,MicroAsset,Europe,HighTurnover,
comp_16642,,LowRevenue,MicroAsset,Other_Regions,HighTurnover,
comp_16643,,,MicroAsset,Europe,,
comp_16644,,,MicroAsset,Other_Regions,,
comp_16645,,VeryLowRevenue,MicroAsset,Other_Regions,HighTurnover,
comp_16646,,VeryLowRevenue,MicroAsset,Asia,HighTurnover,
comp_16647,,VeryLowRevenue,MicroAsset,Europe,HighTurnover,
comp_16648,,VeryLowRevenue,MicroAsset,Other_Regions,MidTurnover,
comp_16649,,VeryLowRevenue,MicroAsset,Other_Regions,HighTurnover,
comp_16650,,LowRevenue,MicroAsset,Other_Regions,HighTurnover,
comp_16651,,VeryLowRevenue,MicroAsset,Other_Regions,LowTurnover,
comp_16652,,VeryLowRevenue,MicroAsset,Other_Regions,LowTurnover,
comp_16653,,LowRevenue,MicroAsset,Europe,HighTurnover,
comp_16654,,,MicroAsset,Other_Regions,,
comp_16655,,LowRevenue,MicroAsset,Other_Regions,HighTurnover,
comp_16656,,,MicroAsset,Europe,,
comp_16657,,,MicroAsset,Other_Regions,,
comp_16658,,,MicroAsset,Other_Regions,,
comp_16659,,VeryLowRevenue,MicroAsset,Other_Regions,MidTurnover,
comp_16660,,LowRevenue,MicroAsset,Europe,HighTurnover,
comp_16661,,,MicroAsset,Other_Regions,,
comp_16662,,VeryLowRevenue,MicroAsset,Other_Regions,LowTurnover,
comp_16663,,,MicroAsset,Other_Regions,,
comp_16664,,,MicroAsset,Europe,,
comp_16665,,VeryLowRevenue,MicroAsset,Europe,MidTurnover,
comp_16666,,VeryLowRevenue,MicroAsset,Europe,MidTurnover,
comp_16667,,LowRevenue,MicroAsset,Other_Regions,HighTurnover,
comp_16668,,VeryLowRevenue,MicroAsset,Other_Regions,HighTurnover,
comp_16669,,LowRevenue,MicroAsset,Europe,HighTurnover,
comp_16670,,VeryLowRevenue,MicroAsset,Other_Regions,HighTurnover,
comp_16671,,VeryLowRevenue,MicroAsset,Asia,MidTurnover,
comp_16672,,,MicroAsset,Other_Regions,,
comp_16673,,VeryLowRevenue,MicroAsset,Europe,HighTurnover,
comp_16674,,VeryLowRevenue,MicroAsset,Other_Regions,HighTurnover,
comp_16675,,VeryLowRevenue,MicroAsset,Europe,LowTurnover,
comp_16676,,VeryLowRevenue,MicroAsset,Europe,LowTurnover,
comp_16677,,LowRevenue,MicroAsset,Europe,HighTurnover,
comp_16678,,VeryLowRevenue,MicroAsset,Europe,HighTurnover,
comp_16679,,VeryLowRevenue,MicroAsset,Europe,MidTurnover,
comp_16680,,LowRevenue,MicroAsset,Europe,HighTurnover,
comp_16681,,VeryLowRevenue,MicroAsset,Europe,HighTurnover,
comp_16682,,,MicroAsset,Europe,,
comp_16683,,VeryLowRevenue,MicroAsset,Other_Regions,HighTurnover,
comp_16684,,LowRevenue,MicroAsset,Other_Regions,HighTurnover,
comp_16685,,,MicroAsset,Other_Regions,,
comp_16686,,LowRevenue,MicroAsset,Other_Regions,HighTurnover,
comp_16687,,VeryLowRevenue,MicroAsset,Europe,HighTurnover,
comp_16688,,VeryLowRevenue,MicroAsset,Other_Regions,MidTurnover,
comp_16689,,,MicroAsset,Europe,,
comp_16690,,,MicroAsset,Other_Regions,,
comp_16691,,VeryLowRevenue,MicroAsset,Other_Regions,LowTurnover,
comp_16692,,VeryLowRevenue,MicroAsset,Europe,HighTurnover,
comp_16693,,,MicroAsset,Other_Regions,,
comp_16694,,VeryLowRevenue,MicroAsset,Other_Regions,LowTurnover,
comp_16695,,VeryLowRevenue,MicroAsset,Europe,LowTurnover,
comp_16696,,VeryLowRevenue,MicroAsset,Europe,MidTurnover,
comp_16697,,,MicroAsset,Other_Regions,,
comp_16698,,,MicroAsset,Other_Regions,,
comp_16699,,,MicroAsset,Other_Regions,,
comp_16700,,LowRevenue,MicroAsset,Other_Regions,HighTurnover,
comp_16701,,LowRevenue,MicroAsset,Europe,HighTurnover,
comp_16702,,VeryLowRevenue,MicroAsset,Europe,LowTurnover,
comp_16703,,LowRevenue,MicroAsset,Europe,HighTurnover,
comp_16704,,VeryLowRevenue,MicroAsset,Asia,MidTurnover,
comp_16705,,VeryLowRevenue,MicroAsset,Other_Regions,LowTurnover,
comp_16706,,VeryLowRevenue,MicroAsset,Other_Regions,HighTurnover,
comp_16707,,VeryLowRevenue,MicroAsset,Europe,HighTurnover,
comp_16708,,LowRevenue,MicroAsset,Other_Regions,HighTurnover,
comp_16709,,VeryLowRevenue,MicroAsset,Europe,HighTurnover,
comp_16710,,VeryLowRevenue,MicroAsset,Europe,LowTurnover,
comp_16711,,LowRevenue,MicroAsset,Europe,HighTurnover,
comp_16712,,VeryLowRevenue,MicroAsset,Europe,LowTurnover,
comp_16713,,LowRevenue,MicroAsset,Other_Regions,HighTurnover,
comp_16714,,VeryLowRevenue,MicroAsset,Europe,HighTurnover,
comp_16715,,VeryLowRevenue,MicroAsset,Other_Regions,MidTurnover,
comp_16716,,LowRevenue,MicroAsset,Europe,HighTurnover,
comp_16717,,VeryLowRevenue,MicroAsset,Europe,HighTurnover,
comp_16718,,LowRevenue,MicroAsset,Other_Regions,HighTurnover,
comp_16719,,VeryLowRevenue,MicroAsset,Other_Regions,LowTurnover,
comp_16720,,LowRevenue,MicroAsset,Europe,HighTurnover,
comp_16721,,VeryLowRevenue,MicroAsset,Europe,LowTurnover,
comp_16722,,,MicroAsset,Other_Regions,,
comp_16723,,LowRevenue,MicroAsset,Europe,HighTurnover,
comp_16724,,VeryLowRevenue,MicroAsset,Other_Regions,HighTurnover,
comp_16725,,,MicroAsset,Europe,,
comp_16726,,LowRevenue,MicroAsset,Europe,HighTurnover,
comp_16727,,VeryLowRevenue,MicroAsset,Europe,LowTurnover,
comp_16728,,VeryLowRevenue,MicroAsset,Europe,LowTurnover,
comp_16729,,LowRevenue,MicroAsset,Other_Regions,HighTurnover,
comp_16730,,VeryLowRevenue,MicroAsset,Europe,HighTurnover,
comp_16731,,,MicroAsset,Other_Regions,,
comp_16732,,,MicroAsset,Other_Regions,,
comp_16733,,VeryLowRevenue,MicroAsset,Europe,HighTurnover,
comp_16734,,,MicroAsset,Other_Regions,,
comp_16735,,VeryLowRevenue,MicroAsset,Other_Regions,HighTurnover,
comp_16736,,VeryLowRevenue,MicroAsset,Europe,HighTurnover,
comp_16737,,,MicroAsset,Other_Regions,,
comp_16738,,VeryLowRevenue,MicroAsset,Europe,LowTurnover,
comp_16739,,,MicroAsset,Other_Regions,,
comp_16740,,,MicroAsset,Europe,,
comp_16741,,,MicroAsset,Other_Regions,,
comp_16742,,VeryLowRevenue,MicroAsset,Other_Regions,LowTurnover,
comp_16743,,VeryLowRevenue,MicroAsset,Europe,LowTurnover,
comp_16744,,VeryLowRevenue,MicroAsset,Europe,LowTurnover,
comp_16745,,VeryLowRevenue,MicroAsset,Other_Regions,LowTurnover,
comp_16746,,LowRevenue,MicroAsset,Europe,HighTurnover,
comp_16747,,VeryLowRevenue,MicroAsset,Other_Regions,MidTurnover,
comp_16748,,VeryLowRevenue,MicroAsset,Other_Regions,HighTurnover,
comp_16749,,VeryLowRevenue,MicroAsset,Europe,HighTurnover,
comp_16750,,VeryLowRevenue,MicroAsset,Europe,LowTurnover,
comp_16751,,LowRevenue,MicroAsset,Europe,HighTurnover,
comp_16752,,LowRevenue,MicroAsset,Europe,HighTurnover,
comp_16753,,VeryLowRevenue,MicroAsset,Europe,HighTurnover,
comp_16754,,VeryLowRevenue,MicroAsset,Other_Regions,MidTurnover,
comp_16755,,LowRevenue,MicroAsset,Europe,HighTurnover,
comp_16756,,,MicroAsset,Other_Regions,,
comp_16757,,,MicroAsset,Other_Regions,,
comp_16758,,VeryLowRevenue,MicroAsset,Other_Regions,HighTurnover,
comp_16759,,VeryLowRevenue,MicroAsset,Europe,MidTurnover,
comp_16760,,VeryLowRevenue,MicroAsset,Other_Regions,HighTurnover,
comp_16761,,VeryLowRevenue,MicroAsset,Europe,HighTurnover,
comp_16762,,VeryLowRevenue,MicroAsset,Europe,HighTurnover,
comp_16763,,,MicroAsset,Other_Regions,,
comp_16764,,VeryLowRevenue,MicroAsset,Europe,MidTurnover,
comp_16765,,VeryLowRevenue,MicroAsset,Other_Regions,LowTurnover,
comp_16766,,VeryLowRevenue,MicroAsset,Europe,LowTurnover,
comp_16767,,VeryLowRevenue,MicroAsset,Europe,HighTurnover,
comp_16768,,VeryLowRevenue,MicroAsset,Europe,HighTurnover,
comp_16769,,VeryLowRevenue,MicroAsset,Europe,LowTurnover,
comp_16770,,VeryLowRevenue,MicroAsset,Europe,HighTurnover,
comp_16771,,VeryLowRevenue,MicroAsset,Other_Regions,LowTurnover,
comp_16772,,,MicroAsset,Europe,,
comp_16773,,VeryLowRevenue,MicroAsset,Other_Regions,LowTurnover,
comp_16774,,,MicroAsset,Other_Regions,,
comp_16775,,,MicroAsset,Other_Regions,,
comp_16776,,VeryLowRevenue,MicroAsset,Europe,MidTurnover,
comp_16777,,VeryLowRevenue,MicroAsset,Other_Regions,MidTurnover,
comp_16778,,,MicroAsset,Other_Regions,,
comp_16779,,VeryLowRevenue,MicroAsset,Other_Regions,HighTurnover,
comp_16780,,VeryLowRevenue,MicroAsset,Other_Regions,LowTurnover,
comp_16781,,LowRevenue,MicroAsset,Europe,HighTurnover,
comp_16782,,VeryLowRevenue,MicroAsset,Europe,LowTurnover,
comp_16783,,,MicroAsset,South_America,,
comp_16784,,,MicroAsset,Other_Regions,,
comp_16785,,,MicroAsset,Other_Regions,,
comp_16786,,,MicroAsset,Asia,,
comp_16787,,VeryLowRevenue,MicroAsset,Other_Regions,LowTurnover,
comp_16788,,VeryLowRevenue,MicroAsset,Other_Regions,HighTurnover,
comp_16789,,VeryLowRevenue,MicroAsset,Europe,HighTurnover,
comp_16790,,LowRevenue,MicroAsset,Europe,HighTurnover,
comp_16791,,VeryLowRevenue,MicroAsset,Europe,HighTurnover,
comp_16792,,LowRevenue,MicroAsset,Other_Regions,HighTurnover,
comp_16793,,,MicroAsset,Other_Regions,,
comp_16794,,VeryLowRevenue,MicroAsset,Europe,MidTurnover,
comp_16795,,VeryLowRevenue,MicroAsset,Europe,HighTurnover,
comp_16796,,,MicroAsset,Europe,,
comp_16797,,,MicroAsset,Europe,,
comp_16798,,VeryLowRevenue,MicroAsset,Europe,LowTurnover,
comp_16799,,VeryLowRevenue,MicroAsset,Europe,LowTurnover,
comp_16800,,,MicroAsset,Other_Regions,,
comp_16801,,VeryLowRevenue,MicroAsset,Other_Regions,LowTurnover,
comp_16802,,,MicroAsset,Other_Regions,,
comp_16803,,VeryLowRevenue,MicroAsset,Europe,HighTurnover,
comp_16804,,VeryLowRevenue,MicroAsset,Other_Regions,HighTurnover,
comp_16805,,VeryLowRevenue,MicroAsset,Other_Regions,HighTurnover,
comp_16806,,VeryLowRevenue,MicroAsset,Asia,LowTurnover,
comp_16807,,LowRevenue,MicroAsset,Other_Regions,HighTurnover,
comp_16808,,,MicroAsset,Other_Regions,,
comp_16809,,VeryLowRevenue,MicroAsset,Other_Regions,LowTurnover,
comp_16810,,VeryLowRevenue,MicroAsset,Asia,LowTurnover,
comp_16811,,,MicroAsset,Europe,,
comp_16812,,VeryLowRevenue,MicroAsset,Europe,HighTurnover,
comp_16813,,,MicroAsset,Other_Regions,,
comp_16814,,VeryLowRevenue,MicroAsset,Europe,LowTurnover,
comp_16815,,VeryLowRevenue,MicroAsset,Other_Regions,HighTurnover,
comp_16816,,VeryLowRevenue,MicroAsset,Europe,HighTurnover,
comp_16817,,VeryLowRevenue,MicroAsset,Other_Regions,LowTurnover,
comp_16818,,,MicroAsset,Europe,,
comp_16819,,VeryLowRevenue,MicroAsset,Europe,HighTurnover,
comp_16820,,VeryLowRevenue,MicroAsset,Europe,HighTurnover,
comp_16821,,VeryLowRevenue,MicroAsset,Other_Regions,HighTurnover,
comp_16822,,,MicroAsset,Europe,,
comp_16823,,VeryLowRevenue,MicroAsset,Other_Regions,HighTurnover,
comp_16824,,LowRevenue,MicroAsset,Europe,HighTurnover,
comp_16825,,,MicroAsset,Europe,,
comp_16826,,VeryLowRevenue,MicroAsset,Other_Regions,MidTurnover,
comp_16827,,LowRevenue,MicroAsset,Other_Regions,HighTurnover,
comp_16828,,VeryLowRevenue,MicroAsset,Other_Regions,HighTurnover,
comp_16829,,VeryLowRevenue,MicroAsset,Other_Regions,LowTurnover,
comp_16830,,VeryLowRevenue,MicroAsset,Europe,HighTurnover,
comp_16831,,VeryLowRevenue,MicroAsset,Other_Regions,LowTurnover,
comp_16832,,VeryLowRevenue,MicroAsset,Other_Regions,LowTurnover,
comp_16833,,,MicroAsset,Other_Regions,,
comp_16834,,,MicroAsset,Other_Regions,,
comp_16835,,LowRevenue,MicroAsset,Europe,HighTurnover,
comp_16836,,VeryLowRevenue,MicroAsset,Other_Regions,HighTurnover,
comp_16837,,VeryLowRevenue,MicroAsset,Other_Regions,LowTurnover,
comp_16838,,VeryLowRevenue,MicroAsset,Other_Regions,LowTurnover,
comp_16839,,VeryLowRevenue,MicroAsset,Other_Regions,MidTurnover,
comp_16840,,VeryLowRevenue,MicroAsset,Europe,HighTurnover,
comp_16841,,VeryLowRevenue,MicroAsset,Other_Regions,HighTurnover,
comp_16842,,VeryLowRevenue,MicroAsset,Other_Regions,MidTurnover,
comp_16843,,VeryLowRevenue,MicroAsset,Europe,HighTurnover,
comp_16844,,VeryLowRevenue,MicroAsset,Other_Regions,HighTurnover,
comp_16845,,,MicroAsset,Other_Regions,,
comp_16846,,VeryLowRevenue,MicroAsset,Other_Regions,LowTurnover,
comp_16847,,,MicroAsset,Other_Regions,,
comp_16848,,VeryLowRevenue,MicroAsset,Other_Regions,HighTurnover,
comp_16849,,,MicroAsset,Europe,,
comp_16850,,VeryLowRevenue,MicroAsset,Other_Regions,MidTurnover,
comp_16851,,VeryLowRevenue,MicroAsset,Europe,LowTurnover,
comp_16852,,,MicroAsset,Europe,,
comp_16853,,VeryLowRevenue,MicroAsset,Other_Regions,HighTurnover,
comp_16854,,LowRevenue,MicroAsset,Europe,HighTurnover,
comp_16855,,VeryLowRevenue,MicroAsset,Europe,MidTurnover,
comp_16856,,VeryLowRevenue,MicroAsset,Other_Regions,HighTurnover,
comp_16857,,VeryLowRevenue,MicroAsset,Europe,HighTurnover,
comp_16858,,LowRevenue,MicroAsset,Other_Regions,HighTurnover,
comp_16859,,,MicroAsset,Europe,,
comp_16860,,VeryLowRevenue,MicroAsset,Europe,HighTurnover,
comp_16861,,VeryLowRevenue,MicroAsset,Europe,LowTurnover,
comp_16862,,VeryLowRevenue,MicroAsset,Europe,LowTurnover,
comp_16863,,VeryLowRevenue,MicroAsset,Other_Regions,LowTurnover,
comp_16864,,VeryLowRevenue,MicroAsset,Other_Regions,LowTurnover,
comp_16865,,VeryLowRevenue,MicroAsset,Europe,LowTurnover,
comp_16866,,VeryLowRevenue,MicroAsset,Europe,LowTurnover,
comp_16867,,VeryLowRevenue,MicroAsset,Other_Regions,HighTurnover,
comp_16868,,,MicroAsset,Other_Regions,,
comp_16869,,VeryLowRevenue,MicroAsset,Europe,LowTurnover,
comp_16870,,VeryLowRevenue,MicroAsset,Europe,HighTurnover,
comp_16871,,VeryLowRevenue,MicroAsset,Other_Regions,HighTurnover,
comp_16872,,,MicroAsset,Europe,,
comp_16873,,VeryLowRevenue,MicroAsset,Other_Regions,LowTurnover,
comp_16874,,VeryLowRevenue,MicroAsset,Europe,HighTurnover,
comp_16875,,,MicroAsset,Other_Regions,,
comp_16876,,VeryLowRevenue,MicroAsset,Europe,HighTurnover,
comp_16877,,VeryLowRevenue,MicroAsset,Other_Regions,LowTurnover,
comp_16878,,VeryLowRevenue,MicroAsset,Europe,LowTurnover,
comp_16879,,VeryLowRevenue,MicroAsset,Europe,HighTurnover,
comp_16880,,,MicroAsset,Other_Regions,,
comp_16881,,VeryLowRevenue,MicroAsset,Other_Regions,HighTurnover,
comp_16882,,VeryLowRevenue,MicroAsset,Other_Regions,HighTurnover,
comp_16883,,VeryLowRevenue,MicroAsset,Other_Regions,LowTurnover,
comp_16884,,,MicroAsset,Europe,,
comp_16885,,,MicroAsset,Other_Regions,,
comp_16886,,VeryLowRevenue,MicroAsset,Europe,HighTurnover,
comp_16887,,,MicroAsset,Europe,,
comp_16888,,VeryLowRevenue,MicroAsset,Other_Regions,HighTurnover,
comp_16889,,,MicroAsset,Europe,,
comp_16890,,,MicroAsset,Asia,,
comp_16891,,LowRevenue,MicroAsset,Other_Regions,HighTurnover,
comp_16892,,VeryLowRevenue,MicroAsset,Europe,LowTurnover,
comp_16893,,VeryLowRevenue,MicroAsset,Europe,MidTurnover,
comp_16894,,,MicroAsset,South_America,,
comp_16895,,VeryLowRevenue,MicroAsset,Europe,HighTurnover,
comp_16896,,VeryLowRevenue,MicroAsset,Other_Regions,HighTurnover,
comp_16897,,,MicroAsset,Europe,,
comp_16898,,VeryLowRevenue,MicroAsset,Europe,LowTurnover,
comp_16899,,VeryLowRevenue,MicroAsset,Other_Regions,HighTurnover,
comp_16900,,VeryLowRevenue,MicroAsset,Europe,LowTurnover,
comp_16901,,VeryLowRevenue,MicroAsset,Other_Regions,LowTurnover,
comp_16902,,VeryLowRevenue,MicroAsset,Europe,HighTurnover,
comp_16903,,VeryLowRevenue,MicroAsset,Other_Regions,MidTurnover,
comp_16904,,VeryLowRevenue,MicroAsset,Other_Regions,LowTurnover,
comp_16905,,VeryLowRevenue,MicroAsset,South_America,MidTurnover,
comp_16906,,VeryLowRevenue,MicroAsset,Europe,HighTurnover,
comp_16907,,VeryLowRevenue,MicroAsset,Other_Regions,HighTurnover,
comp_16908,,VeryLowRevenue,MicroAsset,Europe,HighTurnover,
comp_16909,,,MicroAsset,South_America,,
comp_16910,,,MicroAsset,Other_Regions,,
comp_16911,,VeryLowRevenue,MicroAsset,Other_Regions,HighTurnover,
comp_16912,,VeryLowRevenue,MicroAsset,Other_Regions,MidTurnover,
comp_16913,,,MicroAsset,Europe,,
comp_16914,,VeryLowRevenue,MicroAsset,Other_Regions,LowTurnover,
comp_16915,,VeryLowRevenue,MicroAsset,Europe,LowTurnover,
comp_16916,,VeryLowRevenue,MicroAsset,Other_Regions,HighTurnover,
comp_16917,,VeryLowRevenue,MicroAsset,Europe,MidTurnover,
comp_16918,,VeryLowRevenue,MicroAsset,Europe,LowTurnover,
comp_16919,,VeryLowRevenue,MicroAsset,Other_Regions,HighTurnover,
comp_16920,,VeryLowRevenue,MicroAsset,Other_Regions,LowTurnover,
comp_16921,,,MicroAsset,Europe,,
comp_16922,,VeryLowRevenue,MicroAsset,Other_Regions,HighTurnover,
comp_16923,,VeryLowRevenue,MicroAsset,Other_Regions,LowTurnover,
comp_16924,,,MicroAsset,Europe,,
comp_16925,,VeryLowRevenue,MicroAsset,Other_Regions,LowTurnover,
comp_16926,,,MicroAsset,Other_Regions,,
comp_16927,,VeryLowRevenue,MicroAsset,Other_Regions,HighTurnover,
comp_16928,,VeryLowRevenue,MicroAsset,Europe,MidTurnover,
comp_16929,,VeryLowRevenue,MicroAsset,Other_Regions,HighTurnover,
comp_16930,,,MicroAsset,South_America,,
comp_16931,,,MicroAsset,Other_Regions,,
comp_16932,,VeryLowRevenue,MicroAsset,Other_Regions,MidTurnover,
comp_16933,,,MicroAsset,Other_Regions,,
comp_16934,,VeryLowRevenue,MicroAsset,Europe,HighTurnover,
comp_16935,,,MicroAsset,Other_Regions,,
comp_16936,,VeryLowRevenue,MicroAsset,Other_Regions,MidTurnover,
comp_16937,,VeryLowRevenue,MicroAsset,Other_Regions,HighTurnover,
comp_16938,,LowRevenue,MicroAsset,Other_Regions,HighTurnover,
comp_16939,,VeryLowRevenue,MicroAsset,Europe,MidTurnover,
comp_16940,,,MicroAsset,Other_Regions,,
comp_16941,,LowRevenue,MicroAsset,Europe,HighTurnover,
comp_16942,,VeryLowRevenue,MicroAsset,Other_Regions,MidTurnover,
comp_16943,,,MicroAsset,Other_Regions,,
comp_16944,,VeryLowRevenue,MicroAsset,Other_Regions,MidTurnover,
comp_16945,,,MicroAsset,Other_Regions,,
comp_16946,,VeryLowRevenue,MicroAsset,Other_Regions,MidTurnover,
comp_16947,,,MicroAsset,Other_Regions,,
comp_16948,,VeryLowRevenue,MicroAsset,Europe,HighTurnover,
comp_16949,,,MicroAsset,Europe,,
comp_16950,,LowRevenue,MicroAsset,Other_Regions,HighTurnover,
comp_16951,,VeryLowRevenue,MicroAsset,Europe,HighTurnover,
comp_16952,,,MicroAsset,South_America,,
comp_16953,,VeryLowRevenue,MicroAsset,Other_Regions,HighTurnover,
comp_16954,,VeryLowRevenue,MicroAsset,Europe,HighTurnover,
comp_16955,,VeryLowRevenue,MicroAsset,Europe,HighTurnover,
comp_16956,,,MicroAsset,Europe,,
comp_16957,,VeryLowRevenue,MicroAsset,Other_Regions,HighTurnover,
comp_16958,,,MicroAsset,Other_Regions,,
comp_16959,,VeryLowRevenue,MicroAsset,Other_Regions,LowTurnover,
comp_16960,,VeryLowRevenue,MicroAsset,Other_Regions,HighTurnover,
comp_16961,,VeryLowRevenue,MicroAsset,Europe,HighTurnover,
comp_16962,,VeryLowRevenue,MicroAsset,Other_Regions,HighTurnover,
comp_16963,,VeryLowRevenue,MicroAsset,Other_Regions,MidTurnover,
comp_16964,,VeryLowRevenue,MicroAsset,Europe,LowTurnover,
comp_16965,,,MicroAsset,Other_Regions,,
comp_16966,,VeryLowRevenue,MicroAsset,Other_Regions,LowTurnover,
comp_16967,,,MicroAsset,Other_Regions,,
comp_16968,,VeryLowRevenue,MicroAsset,Europe,HighTurnover,
comp_16969,,VeryLowRevenue,MicroAsset,Other_Regions,LowTurnover,
comp_16970,,VeryLowRevenue,MicroAsset,Europe,MidTurnover,
comp_16971,,,MicroAsset,Europe,,
comp_16972,,,MicroAsset,Europe,,
comp_16973,,,MicroAsset,Europe,,
comp_16974,,,MicroAsset,Other_Regions,,
comp_16975,,,MicroAsset,Europe,,
comp_16976,,,MicroAsset,Other_Regions,,
comp_16977,,VeryLowRevenue,MicroAsset,Other_Regions,MidTurnover,
comp_16978,,VeryLowRevenue,MicroAsset,Other_Regions,LowTurnover,
comp_16979,,VeryLowRevenue,MicroAsset,Other_Regions,LowTurnover,
comp_16980,,,MicroAsset,Other_Regions,,
comp_16981,,VeryLowRevenue,MicroAsset,Europe,HighTurnover,
comp_16982,,,MicroAsset,Europe,,
comp_16983,,VeryLowRevenue,MicroAsset,Other_Regions,HighTurnover,
comp_16984,,,MicroAsset,Other_Regions,,
comp_16985,,VeryLowRevenue,MicroAsset,Other_Regions,HighTurnover,
comp_16986,,,MicroAsset,Other_Regions,,
comp_16987,,VeryLowRevenue,MicroAsset,Europe,LowTurnover,
comp_16988,,,MicroAsset,Other_Regions,,
comp_16989,,VeryLowRevenue,MicroAsset,Other_Regions,LowTurnover,
comp_16990,,VeryLowRevenue,MicroAsset,Other_Regions,LowTurnover,
comp_16991,,VeryLowRevenue,MicroAsset,Other_Regions,MidTurnover,
comp_16992,,,MicroAsset,Other_Regions,,
comp_16993,,VeryLowRevenue,MicroAsset,Other_Regions,HighTurnover,
comp_16994,,VeryLowRevenue,MicroAsset,Other_Regions,HighTurnover,
comp_16995,,VeryLowRevenue,MicroAsset,Other_Regions,LowTurnover,
comp_16996,,VeryLowRevenue,MicroAsset,Other_Regions,LowTurnover,
comp_16997,,VeryLowRevenue,MicroAsset,Other_Regions,MidTurnover,
comp_16998,,VeryLowRevenue,MicroAsset,Other_Regions,MidTurnover,
comp_16999,,VeryLowRevenue,MicroAsset,Europe,MidTurnover,
comp_17000,,,MicroAsset,Other_Regions,,
comp_17001,,,MicroAsset,Other_Regions,,
comp_17002,,VeryLowRevenue,MicroAsset,Asia,HighTurnover,
comp_17003,,VeryLowRevenue,MicroAsset,South_America,LowTurnover,
comp_17004,,VeryLowRevenue,MicroAsset,Other_Regions,MidTurnover,
comp_17005,,VeryLowRevenue,MicroAsset,Other_Regions,MidTurnover,
comp_17006,,VeryLowRevenue,MicroAsset,Other_Regions,LowTurnover,
comp_17007,,,MicroAsset,Other_Regions,,
comp_17008,,,MicroAsset,Europe,,
comp_17009,,VeryLowRevenue,MicroAsset,Other_Regions,LowTurnover,
comp_17010,,,MicroAsset,Other_Regions,,
comp_17011,,,MicroAsset,Europe,,
comp_17012,,VeryLowRevenue,MicroAsset,Other_Regions,LowTurnover,
comp_17013,,VeryLowRevenue,MicroAsset,Europe,MidTurnover,
comp_17014,,VeryLowRevenue,MicroAsset,Other_Regions,HighTurnover,
comp_17015,,LowRevenue,MicroAsset,Other_Regions,HighTurnover,
comp_17016,,VeryLowRevenue,MicroAsset,Other_Regions,MidTurnover,
comp_17017,,VeryLowRevenue,MicroAsset,South_America,LowTurnover,
comp_17018,,VeryLowRevenue,MicroAsset,Other_Regions,LowTurnover,
comp_17019,,,MicroAsset,Other_Regions,,
comp_17020,,,MicroAsset,Europe,,
comp_17021,,,MicroAsset,South_America,,
comp_17022,,VeryLowRevenue,MicroAsset,Other_Regions,MidTurnover,
comp_17023,,,MicroAsset,Other_Regions,,
comp_17024,,VeryLowRevenue,MicroAsset,Other_Regions,MidTurnover,
comp_17025,,,MicroAsset,Europe,,
comp_17026,,,MicroAsset,Other_Regions,,
comp_17027,,,MicroAsset,Other_Regions,,
comp_17028,,,MicroAsset,Europe,,
comp_17029,,,MicroAsset,Europe,,
comp_17030,,VeryLowRevenue,MicroAsset,Other_Regions,HighTurnover,
comp_17031,,,MicroAsset,Other_Regions,,
comp_17032,,VeryLowRevenue,MicroAsset,Europe,LowTurnover,
comp_17033,,VeryLowRevenue,MicroAsset,Other_Regions,LowTurnover,
comp_17034,,VeryLowRevenue,MicroAsset,Other_Regions,HighTurnover,
comp_17035,,VeryLowRevenue,MicroAsset,Other_Regions,HighTurnover,
comp_17036,,,MicroAsset,Other_Regions,,
comp_17037,,,MicroAsset,South_America,,
comp_17038,,VeryLowRevenue,MicroAsset,Other_Regions,HighTurnover,
comp_17039,,VeryLowRevenue,MicroAsset,Other_Regions,HighTurnover,
comp_17040,,VeryLowRevenue,MicroAsset,Other_Regions,MidTurnover,
comp_17041,,VeryLowRevenue,MicroAsset,Other_Regions,LowTurnover,
comp_17042,,,MicroAsset,Europe,,
comp_17043,,,MicroAsset,Europe,,
comp_17044,,LowRevenue,MicroAsset,Europe,HighTurnover,
comp_17045,,VeryLowRevenue,MicroAsset,Other_Regions,MidTurnover,
comp_17046,,,MicroAsset,Other_Regions,,
comp_17047,,,MicroAsset,Other_Regions,,
comp_17048,,,MicroAsset,Europe,,
comp_17049,,,MicroAsset,Other_Regions,,
comp_17050,,,MicroAsset,Other_Regions,,
comp_17051,,,MicroAsset,Europe,,
comp_17052,,LowRevenue,MicroAsset,Other_Regions,HighTurnover,
comp_17053,,,MicroAsset,Other_Regions,,
comp_17054,,,MicroAsset,Other_Regions,,
comp_17055,,,MicroAsset,Other_Regions,,
comp_17056,,VeryLowRevenue,MicroAsset,South_America,MidTurnover,
comp_17057,,,MicroAsset,Other_Regions,,
comp_17058,,VeryLowRevenue,MicroAsset,Europe,LowTurnover,
comp_17059,,,MicroAsset,Asia,,
comp_17060,,VeryLowRevenue,MicroAsset,Other_Regions,HighTurnover,
comp_17061,,VeryLowRevenue,MicroAsset,Asia,MidTurnover,
comp_17062,,,MicroAsset,Other_Regions,,
comp_17063,,,MicroAsset,Europe,,
comp_17064,,VeryLowRevenue,MicroAsset,Europe,LowTurnover,
comp_17065,,VeryLowRevenue,MicroAsset,Other_Regions,HighTurnover,
comp_17066,,,MicroAsset,Other_Regions,,
comp_17067,,VeryLowRevenue,MicroAsset,Other_Regions,HighTurnover,
comp_17068,,,MicroAsset,Europe,,
comp_17069,,VeryLowRevenue,MicroAsset,Other_Regions,HighTurnover,
comp_17070,,,MicroAsset,Europe,,
comp_17071,,VeryLowRevenue,MicroAsset,Europe,HighTurnover,
comp_17072,,,MicroAsset,Other_Regions,,
comp_17073,,,MicroAsset,Other_Regions,,
comp_17074,,,MicroAsset,Europe,,
comp_17075,,VeryLowRevenue,MicroAsset,Other_Regions,HighTurnover,
comp_17076,,VeryLowRevenue,MicroAsset,Other_Regions,MidTurnover,
comp_17077,,,MicroAsset,Other_Regions,,
comp_17078,,VeryLowRevenue,MicroAsset,Other_Regions,LowTurnover,
comp_17079,,,MicroAsset,Europe,,
comp_17080,,,MicroAsset,Europe,,
comp_17081,,,MicroAsset,Other_Regions,,
comp_17082,,,MicroAsset,Other_Regions,,
comp_17083,,,MicroAsset,Other_Regions,,
comp_17084,,,MicroAsset,Asia,,
comp_17085,,,MicroAsset,Other_Regions,,
comp_17086,,,MicroAsset,Asia,,
comp_17087,,,MicroAsset,Asia,,
comp_17088,,VeryLowRevenue,MicroAsset,Other_Regions,HighTurnover,
comp_17089,,,MicroAsset,Other_Regions,,
comp_17090,,,MicroAsset,Other_Regions,,
comp_17091,,,MicroAsset,Asia,,
comp_17092,,,MicroAsset,Other_Regions,,
comp_17093,,,MicroAsset,South_America,,
comp_17094,,,MicroAsset,Europe,,
comp_17095,,,MicroAsset,Other_Regions,,
comp_17096,,,MicroAsset,Other_Regions,,
comp_17097,,,MicroAsset,Other_Regions,,
comp_17098,,,MicroAsset,Other_Regions,,
comp_17099,,VeryLowRevenue,,Other_Regions,,
comp_17100,,LowRevenue,,Asia,,
comp_17101,,LowRevenue,,Other_Regions,,
comp_17102,,LowRevenue,,Other_Regions,,
comp_17103,,LowRevenue,,Europe,,
comp_17104,,LowRevenue,,Other_Regions,,
comp_17105,,VeryLowRevenue,,Other_Regions,,
comp_17106,,LowRevenue,,Other_Regions,,
comp_17107,,LowRevenue,,Other_Regions,,
comp_17108,,LowRevenue,,Europe,,
comp_17109,,VeryLowRevenue,,Other_Regions,,
comp_17110,,MidRevenue,,Other_Regions,,
comp_17111,,MidRevenue,,Other_Regions,,
