ENO,DEPOSIT_NAME,SYNONYMS,STATE,LONG_GDA94,LAT_GDA94,OPERATING_STATUS,COMMODITY_PRIMARY,COMMODITY_SECONDARY,COMMODITY_NAMES,COMPANIES,PROVINCES,GEOLOGIC_AGE,ENVIRONMENT,GROUP,TYPE,IGNEOUS,SEDIMENTARY,TECTONIC
333934,Emily Ann,,WA,120.4823,-32.1997,historic mine,"Ni, Co",,"Nickel, Cobalt","LionOre Australia (Nickel) Ltd, Poseidon Nickel Limited","Yilgarn Craton, Maggie Hays Nickel Metallogenic Province, Southern Cross Domain (Youanmi Terrane)",Archean,Magmatic,Komatiite,Komatiite nickel-copper-PGE,,,West Australian Element
333935,M1,South Murchison,WA,116.937,-28.8276,historic mine,"Au, Ag",,"Gold, Silver","Minjar Gold Pty Ltd, Warriedar Resources",Yilgarn Craton,,,,,,,West Australian Element
333940,Peyes Farm Dam (Jacques - Peyes),Binduli North Project,WA,121.3858,-30.6971,mineral deposit,Au,,Gold,Horizon Minerals Ltd.,Yilgarn Craton,Archean,,,,,,West Australian Element
333942,Windermere,,QLD,145.3128,-17.5644,historic mine,Sn,Fe,"Tin, (Iron)",Consolidated Tin Mines,"Mossman Orogen, Hodgkinson Province",,Magmatic hydrothermal,Skarn,Skarn tin ± copper ± Mo,,,Mossman Orogen
333947,Farleys Deposit,Fosterville Project,VIC,144.5113,-36.673,historic mine,Au,,Gold,"Newmarket Gold Inc, AuRico Gold Corporporation, Crocodile Gold Corporation",Lachlan Orogen,,,,,,,Bendigo Zone
333948,Ben Hur Panel 3,Binduli Project,WA,121.4138,-30.8593,historic mine,Au,,Gold,Norton Gold Fields Limited,Yilgarn Craton,Archean,,,,,Roe Paleovalley,West Australian Element
333950,Ivanhoe North,Ivanhoe No2,NSW,150.01,-33.3569,historic mine,Cbl,,Coal - black,"Banpu Public Company Limited, Centennial Coal Co Ltd",Sydney Basin,,,,,,Sydney Basin,Eastern Province
333951,Howley Ridge,Burnside Project,NT,131.3209,-13.4659,mineral deposit,Au,,Gold,Crocodile Gold Corporation,Pine Creek Orogen,Paleoproterozoic,,,,,,Pine Creek Orogen
333953,Lake Lindsay,Girrah,QLD,148.7596,-23.044,mineral deposit,Cbl,,Coal - black,Anglo Coal Australia Pty Ltd,Bowen Basin,,,,,,Bowen Basin,Anakie Province
333954,South Emu Feather,Gidgee Project,WA,119.4177,-27.2506,historic mine,Au,,Gold,Panoramic Resources Limited,Yilgarn Craton,Archean,,,,,Raeside Paleovalley,West Australian Element
333961,Collingwood (Coal Project),,QLD,150.0181,-25.9853,mineral deposit,Cbl,,Coal - black,"New Hope Coal, MITSUI & CO. (AUSTRALIA) LTD.",Surat Basin,Mesozoic,,,,,Surat Basin,Connors-Auburn Province
333962,Yarlarweelor,Grosvenor Gold Project,WA,118.3604,-25.3437,historic mine,Au,,Gold,"Westgold Resources Limited, Resource and Investment NL",Yilgarn Craton,Proterozoic,,,,Warakurna Large Igneous Province,Bryah Basin,West Australian Element
333963,The Mount,Mount Project,WA,121.5698,-31.5287,historic mine,Au,,Gold,Lukah Mining Pty Ltd,"Yilgarn Craton, Eastern Goldfields Province",Archean,,,,,,West Australian Element
333964,Western Queen,Western Queen Project,WA,117.1261,-27.5321,mineral deposit,Au,,Gold,Rumble Resources Ltd,"Yilgarn Craton, Murchison Province",Archean,,,,Warakurna Large Igneous Province,,West Australian Element
333966,Mountain of Light,Leigh Creek,SA,138.4513,-30.5789,care and maintenance,Cu,,Copper,Strategic Minerals Plc,Delamerian Orogen,Proterozoic,Magmatic hydrothermal,Replacement,,,,South Australian Element
333967,Lady Harriet,,WA,121.0316,-29.7251,historic mine,Au,,Gold,Brightstar Resources Ltd,Yilgarn Craton,,,,,,,West Australian Element
333968,Shearers,Nullagine Gold Project,WA,120.2106,-21.9164,historic mine,Au,,Gold,Millennium Minerals Limited,Pilbara Craton,Archean,Metamorphic hydrothermal,Orogenic,Mesozonal orogenic gold,Warakurna Large Igneous Province,,Pilbara Craton
333969,Admiral Bay,,WA,122.2636,-19.1904,mineral deposit,"Zn, Pb","Ag, Ba","Zinc, (Silver, Lead, Barium)",Kagara Limited,"Canning Basin, Broome Platform",,Basin hydrothermal,Mississippi Valley-type (MVT),MVT zinc-lead,Kalkarindji Igneous Province,Canning Basin,Central Australian Element
333970,Comet Vale,"Gladstone, Sand Queen",WA,121.131,-29.9549,operating mine,Au,,Gold,Labyrinth Resources Ltd,"Yilgarn Craton, Kalgoorlie Gold Metallogenic Province, Norseman-Wiluna Belt",Archean,,,,,,West Australian Element
333972,Goulds Dam,"Armchair, Armchair-Streitberg, Billeroo West, Streitberg",SA,139.95,-31.467,mineral deposit,U,U3O8,"Uranium, (Uranium oxide)",Uranium One Incorporated,"Lake Eyre Basin, Callabonna Sub-basin",Cenozoic,Infiltrational,Uranium,Sandstone uranium,,Billeroo Paleovalley,Curnamona Province
333975,Western Ridge,,WA,119.583,-23.3984,mineral deposit,FeOre,Fe,"Iron ore, (Iron)",BHP Group Limited,Hamersley Basin,Archean,,,,Warakurna Large Igneous Province,Hamersley Basin,Pilbara Craton
333982,Mungana,Chillagoe,QLD,144.3825,-17.0991,mineral deposit,"Zn, Cu, Au, Pb, Sb","Ag, Cd","Zinc, Copper, (Silver, Gold, Lead, Antimony, Cadmium)",Tartana Minerals,Hodgkinson Province,,Magmatic hydrothermal,Skarn,Skarn zinc-lead-silver,,,Mossman Orogen
333983,Waterloo,Ravenswood Consolidated,QLD,146.112,-20.3798,mineral deposit,"Zn, Cu, Pb","Au, Ag","Zinc, Copper, (Gold, Lead, Silver)",Sunshine Metals Ltd,"Charters Towers Province, Lolworth-Ravenswood Block, Thalanga Base Metal Metallogenic Province, Seventy Mile Range Subprovince",,Volcanic basin hydrothermal,Volcanogenic massive sulfide (VMS),Bimodal-mafic VMS,,,Charters Towers Province
333986,The Peak,"Cobar, Peak, Peak Mine, Peak Mines Project",NSW,145.8778,-31.5653,operating mine,"Cu, Au",,"Copper, Gold","Goldcorp, Rio Tinto Limited","Lachlan Orogen, Lachlan Orogen, Cobar Basin",,Metamorphic hydrothermal,Orogenic,Orogenic copper ± gold,,Cobar Basin,Central NSW - Omeo Province
333988,Mulline,Mulline Project,WA,120.5206,-29.7839,historic mine,Au,,Gold,Swan Gold Mining Limited,"Yilgarn Craton, Kalgoorlie Gold Metallogenic Province, Southern Cross Province",Archean,,,,,,West Australian Element
333989,Burton,"Burton Downs, Kerlong, Plumtree",QLD,148.1726,-21.5886,operating mine,Cbl,,Coal - black,"Bowen Coking Coal Ltd, Lenton Joint Venture",Bowen Basin,,,,,,Bowen Basin,Anakie Province
333991,Saraji,,QLD,148.2911,-22.3694,operating mine,Cbl,,Coal - black,"BHP Group Limited, Mitsubishi Corporation, Mitsubishi Corp",Bowen Basin,,,,,,Bowen Basin,Anakie Province
333994,Jubilee,Jubilee North,QLD,140.0072,-20.7946,historic mine,"Au, Cu",,"Gold, Copper",Hammer Metals Ltd,"Mount Isa Orogen, Mary Kathleen Zone",Proterozoic,,,,,,Mary Kathleen Domain
333998,Matilda Mine,Matilda Gold Project,WA,120.2149,-26.7575,operating mine,Au,,Gold,Blackham Resources Limited,"Yilgarn Craton, Kalgoorlie Terrane, Norseman-Wiluna Belt",Archean,Metamorphic hydrothermal,Orogenic,Mesozonal orogenic gold,,,West Australian Element
333999,Kalman,Mount Isa,QLD,139.967,-21.0459,mineral deposit,"Mo, Cu, Au","Ag, Re","Molybdenum, Copper, Gold, (Silver, Rhenium)",Hammer Metals Ltd,"Mount Isa Orogen, Kalkadoon-Leichhardt Domain, Mary Kathleen Zone",Proterozoic,Regional metasomatic,Alkali-calcic,Low Iron alkali-calcic,,,Mitakoodi Domain
334000,Greenmount,"McCabe, White Range",QLD,140.5309,-21.024,mineral deposit,"Cu, Co, Au, Brt","Ag, As","Copper, Cobalt, Gold, (Silver, Barite, Arsenic)",Fetch Metals,"Mount Isa Orogen, Selwyn Metallogenic Province, Cloncurry-Selwyn Zone",Proterozoic,Regional metasomatic,IOCG,,,,Marimo-Staveley Domain
334001,Maud Creek,"Gold Creek, Maud Creek Project",NT,132.454,-14.4431,historic mine,Au,,Gold,"Newmarket Gold Inc, PNX Metals Limited, Crocodile Gold Corporation",Pine Creek Orogen,Proterozoic,Metamorphic hydrothermal,Orogenic,Mesozonal orogenic gold,Kalkarindji Igneous Province,,Pine Creek Orogen
334002,King Vol,"Auctus Chillagoe, Walsh River",QLD,144.2496,-16.9363,care and maintenance,"Zn, Cu, Pb, As, Cd","Ag, Fe","Zinc, Copper, (Silver, Lead, Arsenic, Cadmium, Iron)",Aurora Metals Ltd,Hodgkinson Province,Paleozoic,Magmatic hydrothermal,Skarn,Skarn zinc-lead-silver,,,Mossman Orogen
334005,Ravensworth UG,"Nardell Colliery, Newpac Colliery",NSW,151.0375,-32.4366,care and maintenance,Cbl,,Coal - black,"POSCO, Marubeni Corporation, Glencore Plc",Sydney Basin,,,,,,Sydney Basin,Eastern Province
334006,Rix's Creek,,NSW,151.13,-32.5269,operating mine,Cbl,,Coal - black,Bloomfield Group,Sydney Basin,,,,,,Sydney Basin,Eastern Province
334007,Bald Hill,,WA,122.1811,-31.5133,closed,"Ta2O5, Li2O, Ta",,"Tantalum pentoxide, Lithium oxide, Tantalum","Alliance Resources Limited, Tawana Resources NL, Altura Mining Limited","Yilgarn Craton, Kalgoorlie Terrane",,Magmatic,Pegmatite,LCT pegmatite,,,West Australian Element
334010,Trough Well,,WA,118.9739,-30.6708,mineral deposit,Ni,"Co, Cu","Nickel, (Cobalt, Copper)",Golden Horse Minerals Ltd,"Yilgarn Craton, Forrestania Nickel Metallogenic Province, Southern Cross Province",Archean,,,,,,West Australian Element
334016,Anabama,,SA,140.2846,-32.7956,mineral deposit,Cu,,Copper,Adelaide Resources Limited,Delamerian Orogen,Proterozoic,,,,,,Delamerian Orogen
334019,Middlemount,,QLD,148.6316,-22.8481,operating mine,Cbl,,Coal - black,"Peabody Energy Corp., Yancoal Australia Limited",Bowen Basin,,,,,,Bowen Basin,Anakie Province
334020,Maddingley,,VIC,144.4402,-37.7043,operating mine,Cbr,,Coal - brown,Mantle Mining Corporation Ltd,Otway Basin,Cenozoic,,,,,Selwyn Province,Bendigo Zone
334021,McTavish,,WA,121.4606,-29.3323,mineral deposit,Au,,Gold,Arika Resources Ltd,Yilgarn Craton,Archean,,,,,,West Australian Element
334023,Meecharra,,WA,120.4043,-22.0766,mineral deposit,Mn,MnOre,"Manganese, (Manganese ore)",Mn Energy Ltd,,,,,,Warakurna Large Igneous Province,Fortescue Basin,Pilbara Craton
334024,Bandalup,,WA,120.3583,-33.6086,mineral deposit,"MgO, Mgs",,"Magnesia (magnesium oxide), Magnesite","Watts-Butler Denise Elaine, Ashbridge Holdings Pty Ltd",,,,,,,,Northern Foreland
334026,Ricciardo,Silverstone,WA,116.9502,-28.9033,historic mine,"Sb, Au",,"Antimony, Gold","Warriedar Resources, Minjar Gold Pty Ltd",Yilgarn Craton,,,,,,,West Australian Element
334035,Mount Margaret-E1 (Glencore),"E1, E1 East, E1 North, E1 South, Monakoff, Mt Margaret",QLD,140.7829,-20.4424,care and maintenance,"Cu, Au","U, U3O8","Copper, Gold, (Uranium, Uranium oxide)","Comet Resources Ltd, Glencore Plc",Mount Isa Orogen,Proterozoic,Regional metasomatic,IOCG,Magnetite-dominant IOCG,,Carpentaria Basin,Canobie Domain
334036,Buddadoo,,WA,116.4842,-28.7014,mineral deposit,"Fe, Rt, V, FeOre",V2O5,"Iron, Rutile, Vanadium, Iron ore, (Vanadium pentoxide)",CZR Resources Ltd,"Yilgarn Craton, Buddadoo Hills Vanadium Metallogenic Province",,,,,,,West Australian Element
334037,Trout,Plutonic Project,WA,119.5085,-25.3181,historic mine,Au,,Gold,"Northern Star Resources Limited, Barrick Gold Corporation",Yilgarn Craton,Archean,,,,Warakurna Large Igneous Province,,Marymia Dome
334038,Maryvale,"Maryvale Field, Maryvale L, Maryvale Y, includes Morwell Township",VIC,146.4,-38.197,mineral deposit,Cbr,,Coal - brown,"CLP Holdings, TRU Energy",Gippsland Basin,Cenozoic,,,,,Selwyn Province,Melbourne-Mathinna Zone
334039,Budgeree,,VIC,146.3426,-38.4142,mineral deposit,Cbr,,Coal - brown,Department of Primary Industries,Gippsland Basin,Cenozoic,,,,,Selwyn Province,Tasman Element
334041,West Olympus,,WA,117.8967,-23.4289,mineral deposit,Au,,Gold,Sipa Resources Ltd,,,,,,Warakurna Large Igneous Province,Ashburton Basin,Pilbara Craton
334042,Gibraltar - Yaloginda,Yaloginda Project,WA,118.4356,-26.6749,historic mine,Au,,Gold,"Reed Resources Limited, Westgold Resources Limited","Yilgarn Craton, Kalgoorlie Gold Metallogenic Province",Archean,,,,Warakurna Large Igneous Province,,West Australian Element
334043,Central Tanami,,NT,129.1739,-19.966,historic mine,Au,,Gold,"Northern Star Resources Limited, Tanami Gold NL",Tanami Orogen,Proterozoic,,,,Kalkarindji Igneous Province,,Tanami Orogen
334049,Dendrobium,,NSW,150.76,-34.3769,operating mine,Cbl,,Coal - black,"M Resources Pty Ltd, Golden Energy and Resources Limited",Sydney Basin,,,,,,Sydney Basin,Eastern Province
334052,Cooljarloo (IMAGE),,WA,115.4242,-30.6352,under development,"Zrn, Ilm, Rt","Leu, Grt","Zircon, Ilmenite, Rutile, (Leucoxene, Garnet)",Image Resources NL,,,Erosional,Placer,Heavy mineral sands,,Perth Basin,Pinjarra Orogen
334054,Hopelands East,,WA,115.9062,-32.3963,mineral deposit,"Zrn, Ilm","Leu, Rt","Zircon, Ilmenite, (Leucoxene, Rutile)",Tronox Limited,,,Erosional,Placer,Heavy mineral sands,,Mandurah Terrace,Pinjarra Orogen
333778,Golden Pig,"Haddon, Three Boys",WA,119.3208,-31.2303,historic mine,Au,,Gold,China Hanking Holdings Limited,"Yilgarn Craton, Bounty Gold Metallogenic Province, Southern Cross Province",Archean,Metamorphic hydrothermal,Orogenic,Mesozonal orogenic gold,,Deborah Paleovalley,West Australian Element
333779,Mammoth,"Esperanza, Gunpowder, Kabunga, Mt Gordon, North Portal",QLD,139.366,-19.6961,historic mine,Cu,,Copper,Aditya Birla Minerals Ltd,"Mount Isa Orogen, Lawn Hill Platform",Proterozoic,Metamorphic hydrothermal,Orogenic,Orogenic copper ± gold,,,Leichhardt River Domain
333780,Mount Cuthbert,"Leichhardt, Mt Cuthbert South, Mt Watson",QLD,139.914,-19.988,mineral deposit,"Cu, Ag, Au",,"Copper, Silver, Gold","Malaco Group, Cape Lambert Resources Ltd","Mount Isa Orogen, Kalkadoon-Leichhardt Belt",Proterozoic,Regional metasomatic,IOCG,,,,Kalkadoon-Leichhardt Domain
333781,Worsley,"Boddington Bauxite Mine, Mt Saddleback",WA,116.4559,-32.9292,operating mine,Bx,"Al2O3, Sic","Bauxite, (Alumina, Silica)","BHP Group Limited, Japan Alumina Associates (Australia) Pty Ltd, Sojitz Corporation","Yilgarn Craton, Southwest Terrane, Western Gneiss Terrane",Cenozoic,Supergene,Laterite,Bauxite,,,West Australian Element
333783,Viney Creek,,NSW,152.181,-32.6017,historic mine,"Ilm, Zrn, Mnz","Rt, Mnsd","Ilmenite, Zircon, (Rutile, Monazite, Mineral sands)",Mineral Deposits Ltd,New England Orogen,,,,,,,New England Orogen
333784,Warrego,,NT,133.8237,-19.4448,operating mine,"Au, Cu, Bi, FeOre, Ag",Fe,"Gold, Copper, Bismuth, Iron ore, Silver, (Iron)","Northern Iron Pty Ltd, Territory Resources Ltd","Tennant Creek Block, Warramunga Province, Warrego Metallogenic Province",Paleoproterozoic,Regional metasomatic,IOCG,Magnetite-dominant IOCG,Kalkarindji Igneous Province,Warramunga Province,North Australian Element
333785,Osborne,"Kulthor, Trough Tank",QLD,140.5736,-22.0939,closed,"Cu, Au",,"Copper, Gold","Chinova Resources, Shanxi Donghui","Mount Isa Orogen, Kuridala-Selwyn Domain, Selwyn Metallogenic Province, Cloncurry-Selwyn Zone",Mesoproterozoic,Regional metasomatic,IOCG,Magnetite-dominant IOCG,,Eromanga Basin,Kuridala-Selwyn Domain
333787,Carnilya,,WA,121.8636,-31.0533,historic mine,Ni,"Co, Cu","Nickel, (Cobalt, Copper)",MIncor Resources NL,"Yilgarn Craton, Eastern Goldfields Province, Kambalda Nickel Metallogenic Province",Archean,Magmatic,Komatiite,Komatiite nickel-copper-PGE,,,West Australian Element
333788,Tartana,,QLD,144.266,-16.93,operating mine,Cu,,Copper,Tartana Minerals,Hodgkinson Province,Paleozoic,,,,,,Mossman Orogen
333789,Kangiara,,NSW,148.7537,-34.6008,historic mine,"Zn, Pb, Au, Ag, Cu",,"Zinc, Lead, Gold, Silver, Copper",Heron Resources Limited,"Lachlan Orogen, Lachlan Orogen",,Volcanic basin hydrothermal,Volcanogenic massive sulfide (VMS),Bimodal felsic VMS,,,Eastern Province
333791,Integra (Glennies Creek),,NSW,151.135,-32.4688,closed,Cbl,,Coal - black,Glencore Plc,Sydney Basin,,,,,,Sydney Basin,Eastern Province
333792,Mitchells Flat,,NSW,151.3139,-32.5324,mineral deposit,Cbl,,Coal - black,"Glencore Plc, Marubeni Corporation, Xstrata plc",Sydney Basin,,,,,,Sydney Basin,Eastern Province
333799,Scott River,,WA,115.3346,-34.2601,mineral deposit,"Ilm, Zrn, Rt, Leu, Mnsd",,"Ilmenite, Zircon, Rutile, Leucoxene, Mineral sands",Tronox Limited,Perth Basin,,Erosional,Placer,Heavy mineral sands,,Bunbury Trough,Pinjarra Orogen
333800,Nim 3,"Jundee Gold Project, Nimary Three",WA,120.594,-26.374,historic mine,Au,,Gold,Northern Star Resources Limited,"Yilgarn Craton, Eastern Goldfields Province",Archean,Metamorphic hydrothermal,Orogenic,Mesozonal orogenic gold,Warakurna Large Igneous Province,,West Australian Element
333802,Angas,,SA,138.9159,-35.2511,care and maintenance,"Zn, Pb, Ag","Au, Cu","Zinc, Lead, (Gold, Silver, Copper)",Terramin Australia Limited,Kanmantoo Fold Belt,Paleozoic,Basin hydrothermal,Sediment-hosted,Siliciclastic-mafic zinc-lead,,,Delamerian Orogen
333803,Cosmos,Cosmos Deeps,WA,120.5777,-27.599,care and maintenance,"Ni, Pd, Pt, Au, Co","Cu, PGE","Nickel, (Copper, Palladium, Platinum, Gold, Cobalt, Platinum group elements)",IGO Ltd,"Yilgarn Craton, Eastern Goldfields Province, Mount Keith Nickel Metallogenic Province",Archean,Magmatic,Komatiite,Komatiite nickel-copper-PGE,,,West Australian Element
333804,Boomerang,Reedy's Project,WA,118.2887,-27.0444,historic mine,Au,,Gold,"Reed Resources Limited, Westgold Resources Limited",Yilgarn Craton,Archean,,,,Warakurna Large Igneous Province,Hope Paleovalley,West Australian Element
333806,Rand,Reedy's Project,WA,118.2702,-27.1215,historic mine,Au,,Gold,"Metals X Limited, Reed Resources Limited",Yilgarn Craton,Archean,,,,Warakurna Large Igneous Province,,West Australian Element
333808,Hornet,East Kundana JV,WA,121.264,-30.7497,mineral deposit,Au,,Gold,"Rand Mining Limited, Tribune Resources Limited, Northern Star Resources Limited, Barrick Gold Corporation","Yilgarn Craton, Kalgoorlie Terrane",Archean,Metamorphic hydrothermal,Orogenic,Mesozonal orogenic gold,,Roe Paleovalley,West Australian Element
333810,Mount Angelo,Halls Creek Copper-Zinc Project,WA,127.4902,-18.4375,mineral deposit,"Cu, Zn, Au, Pb, Ag",,"Copper, Zinc, Gold, Lead, Silver",Cazaly Resources Limited,Halls Creek Orogen - central zone,Proterozoic,Volcanic basin hydrothermal,Volcanogenic massive sulfide (VMS),Bimodal felsic VMS,Kalkarindji Igneous Province,,Halls Creek Orogen
333811,Beta Hunt,"Alpha, Beta Island",WA,121.6939,-31.2403,operating mine,"Au, Ni",,"Gold, Nickel",Westgold Resources Limited,"Yilgarn Craton, Eastern Goldfields Province",Archean,,,,,Lefroy Paleovalley,West Australian Element
333814,Bullant,"Carbine Project, Cross Lode, East Lode, Main Lode",WA,121.0578,-30.5275,mineral deposit,Au,,Gold,"Zijin Mining Group Company Ltd, Norton Gold Fields Limited",Yilgarn Craton,Archean,Metamorphic hydrothermal,Orogenic,Mesozonal orogenic gold,,Roe Paleovalley,West Australian Element
333775,Jericho,,WA,120.4456,-27.0402,mineral deposit,Ni,,Nickel,BHP Group Limited,"Yilgarn Craton, Eastern Goldfields Province",Archean,,,,,,West Australian Element
333817,South Walker Creek,Kemmis-Walker,QLD,148.4427,-21.7709,operating mine,Cbl,,Coal - black,Stanmore Resources Limited,Bowen Basin,,,,,,Bowen Basin,Connors-Auburn Province
333818,Minerva,Athena,QLD,148.0471,-23.9214,closed,Cbl,,Coal - black,"Sojitz Corporation, Felix Resources, Yancoal Australia Limited",Bowen Basin,,,,,,Bowen Basin,Anakie Province
333820,King Solomon - Coolgardie,Lindsays-Bayleys Project,WA,121.1741,-30.9532,historic mine,Au,,Gold,Focus Minerals Limited,Yilgarn Craton,Archean,,,,,,West Australian Element
333821,Roper Bar,"Area D, Area E, Area F, Gum Creek",NT,135.0907,-15.1487,operating mine,FeOre,Fe,"Iron ore, (Iron)",Nathan River Resources,McArthur Basin,,Basin chemical,Iron formation,Oolitic iron formation,,McArthur Basin,North Australian Element
333822,Bakers Flat,South Kalgoorlie Operations,WA,121.2687,-30.9694,mineral deposit,Au,,Gold,"Alacer Gold Corporation, Metals X Limited, Northern Star Resources Limited",Yilgarn Craton,Archean,,,,,Roe Paleovalley,West Australian Element
333823,Waite Kauri,,WA,121.7158,-28.6772,mineral deposit,"Ni, Co",,"Nickel, Cobalt",Alliance Nickel Ltd,"Yilgarn Craton, Eastern Goldfields Province",Cenozoic,,,,,,West Australian Element
333826,Paradigm,,WA,120.9383,-30.4749,mineral deposit,Au,,Gold,Evolution Mining Limited,,Archean,,,,,,West Australian Element
333832,Winchester,Batchelor,NT,131.05,-13.0472,mineral deposit,"Mgs, MgO",,"Magnesite, Magnesia (magnesium oxide)",Korab Resources Limited,,,,,,,,Pine Creek Orogen
333837,North Ironcap Group,,WA,119.69,-32.36,mineral deposit,Au,,Gold,Western Areas Limited,Yilgarn Craton,Archean,,,,,,West Australian Element
333840,Galileo,,VIC,142.428,-34.9608,mineral deposit,"Rt, Zrn, Ilm",Leu,"Rutile, Zircon, Ilmenite, (Leucoxene)",Tronox Limited,Murray Basin,,Erosional,Placer,Heavy mineral sands,,Murray Basin,Stawell Zone
333843,Peak Hill,Peak Hill Project,WA,118.7172,-25.6394,historic mine,Au,,Gold,"Montezuma Mining Limited, Westgold Resources Limited","Yilgarn Craton, Bryah Basin, Plutonic Gold Metallogenic Province",Proterozoic,,,,Warakurna Large Igneous Province,,Marymia Dome
333844,Rosevale,Westbury,TAS,146.9175,-41.403,mineral deposit,Cbr,,Coal - brown,Tasmanian Minerals Council,Gippsland Basin,,,,,,Tasmania Basin,Delamerian Orogen
333847,Highland Chief,,WA,116.968,-29.1697,historic mine,Au,,Gold,Minjar Gold Pty Ltd,Yilgarn Craton,Archean,Metamorphic hydrothermal,Orogenic,Mesozonal orogenic gold,,,West Australian Element
333848,Monaco,,WA,116.9589,-28.9387,historic mine,Au,,Gold,Minjar Gold Pty Ltd,Yilgarn Craton,,,,,,,West Australian Element
333849,Zeus - Ashburton,Ashburton Gold Project,WA,117.9112,-23.4375,historic mine,Au,,Gold,Northern Star Resources Limited,,Paleoproterozoic,,,,Warakurna Large Igneous Province,Ashburton Basin,Pilbara Craton
333850,New Morning/Daybreak,NMDB,WA,119.6801,-32.4504,mineral deposit,"Ni, Co",,"Nickel, Cobalt",IGO Ltd,"Yilgarn Craton, Forrestania Nickel Metallogenic Province, Southern Cross Province",Archean,,,,,,West Australian Element
333852,Melba Flats,,TAS,145.3833,-41.85,mineral deposit,"Cu, Ni",,"Copper, Nickel",Mallee Resources Ltd,Delamerian Orogen,Paleozoic,,,,,Thylacine Province,Delamerian Orogen
333855,Apache,Binduli Project,WA,121.4097,-30.8258,historic mine,Au,,Gold,"Zijin Mining Group Company Ltd, Norton Gold Fields Limited",Yilgarn Craton,Archean,,,,,,West Australian Element
333856,Junnagunna,,QLD,138.1412,-17.4756,mineral deposit,"U3O8, U",,"Uranium oxide, Uranium",Laramide Resources Limited,McArthur Basin,Proterozoic,Basin hydrothermal,Unconformity-related,Unconformity-related uranium,,McArthur Basin,North Australian Element
333860,West Rolleston,,QLD,148.069,-24.469,mineral deposit,Cbl,,Coal - black,Macarthur Coal,Bowen Basin,,,,,,Bowen Basin,Thomson Orogen
333862,Andamooka,,SA,137.17,-30.4471,operating mine,Opl,,Opal,"Argonaut Resources NL, Straits Resources Limited",Eromanga Basin,,,,,,Eromanga Basin,Olympic Domain
333863,Barbara - Surprise,"Barbara, South Kalgoorlie Operations, Surprise",WA,121.2482,-30.9641,historic mine,Au,,Gold,"Alacer Gold Corporation, Metals X Limited, Northern Star Resources Limited","Yilgarn Craton, Kalgoorlie Gold Metallogenic Province, Norseman-Wiluna Belt",Archean,Metamorphic hydrothermal,Orogenic,Mesozonal orogenic gold,,,West Australian Element
333865,Cape Flattery,,QLD,145.2722,-14.9385,mineral deposit,Sisd,,Silica sand,Diatreme Resources Limited,Hodgkinson Province,,,,,,,Mossman Orogen
333866,Galtee More,Mt Magnet Project,WA,117.8312,-28.0127,historic mine,Au,,Gold,Ramelius Resources Limited,"Yilgarn Craton, Big Bell Gold Metallogenic Province, Murchison Domain",Archean,,,,,,West Australian Element
333815,Quartz Circle,,WA,120.1874,-21.665,mineral deposit,Cu,Au,"Copper, (Gold)","Cazaly Resources Limited, Corazon Mining Limited",Pilbara Craton,Archean,,,,Warakurna Large Igneous Province,,Pilbara Craton
333869,Paradise South,Lady Annie,QLD,139.112,-19.7571,mineral deposit,Phos,P2O5,"Phosphate, (Phosphorus oxide)",Legend International Holdings Inc,Georgina Basin,,Basin chemical,Phosphorite,Phosphorite,,Georgina Basin,Mount Isa Orogen
333870,Lady Loretta,,QLD,139.0702,-19.7686,operating mine,"Zn, Pb",Ag,"Zinc, Lead, (Silver)",Glencore Plc,"Mount Isa Orogen, Century Domain, Lawn Hill Platform",Proterozoic,Basin hydrothermal,Sediment-hosted,Siliciclastic-carbonate zinc-lead,,,Mount Isa Orogen
333871,Marvel Loch,Southern Cross Operations,WA,119.4926,-31.4646,historic mine,Au,,Gold,"Shandong Tianye Real Estate, China Hanking Holdings Limited","Yilgarn Craton, Bounty Gold Metallogenic Province, Southern Cross Province, Southern Cross Domain (Youanmi Terrane)",Archean,Metamorphic hydrothermal,Orogenic,Mesozonal orogenic gold,,,West Australian Element
333872,Mertondale Project,Leonora - Mertondale Project,WA,121.545,-28.6656,historic mine,Au,,Gold,Patronus Resources,"Yilgarn Craton, Darlot Gold Metallogenic Province, Eastern Goldfields Province, Norseman-Wiluna Belt",Archean,,,,,,West Australian Element
333873,Mount Isa (Pb-Zn-Ag orebodies),Mt Isa,QLD,139.4756,-20.7159,operating mine,"Ag, Pb","Zn, Cu","Silver, (Zinc, Lead, Copper)",Glencore Xstrata plc,"Mount Isa Orogen, Leichhardt River Domain, Leichhardt River Fault Trough",Paleoproterozoic,Basin hydrothermal,Sediment-hosted,Siliciclastic-carbonate zinc-lead,,,Leichhardt River Domain
333874,Norseman Project,Norseman Project,WA,121.7941,-32.1964,operating mine,"Au, Ag",,"Gold, Silver","Pantoro Ltd, Tulla Resources PLC, Mineral Resources","Yilgarn Craton, Eastern Goldfields Province, Eastern Goldfields Superterrane, Kalgoorlie Gold Metallogenic Province, Kalgoorlie Terrane, Norseman-Wiluna Belt",Archean,Metamorphic hydrothermal,Orogenic,Mesozonal orogenic gold,,,West Australian Element
333876,Rosebery,,TAS,145.5431,-41.7723,operating mine,"Zn, Pb, Ag, Au, Bi, Cd","Cu, Sb","Zinc, Lead, Silver, Gold, (Copper, Bismuth, Cadmium, Antimony)",Minerals and Metals Group (MMG),"Delamerian Orogen, Dundas Trough, Mount Read Igneous Province, Rosebery Basemetal Metallogenic Province",,Volcanic basin hydrothermal,Volcanogenic massive sulfide (VMS),Felsic-siliciclastic VMS,,Thylacine Province,Delamerian Orogen
333880,Kanowna Belle,,WA,121.5761,-30.6101,operating mine,Au,,Gold,Northern Star Resources Limited,"Yilgarn Craton, Eastern Goldfields Province, Eastern Goldfields Superterrane, Kalgoorlie Gold Metallogenic Province, Kalgoorlie Terrane, Norseman-Wiluna Belt",Archean,Metamorphic hydrothermal,Orogenic,Mesozonal orogenic gold,,,West Australian Element
333883,Silvergrass (Rio),,WA,117.1852,-22.1833,operating mine,"FeOre, Hem, Fe",,"Iron ore, Hematite, Iron",Rio Tinto Limited,Hamersley Basin,Archean,,,,Warakurna Large Igneous Province,Hamersley Basin,Pilbara Craton
333889,Union Hill,"Maldon Project, Union Hill",VIC,144.0731,-36.9849,historic mine,"Au, Ag",,"Gold, Silver",Kaiser Reef Limited,"Lachlan Orogen, Lachlan Orogen, Bendigo Gold Metallogenic Province",,,,,,,Bendigo Zone
333890,Gossan Hill mine,Golden Grove,WA,116.9626,-28.7772,operating mine,"Cu, Zn, Au, Ag",Pb,"Copper, Zinc, Gold, Silver, (Lead)",29Metals Ltd,"Yilgarn Craton, Golden Grove Base Metal Metallogenic Province, Murchison Domain (Youanmi Terrane), Murchison Domain",Archean,Volcanic basin hydrothermal,Volcanogenic massive sulfide (VMS),Felsic-siliciclastic VMS,,,West Australian Element
333891,Pentland,"Lauderdale, Northern Galilee Project",QLD,145.1986,-20.6335,mineral deposit,Cbl,,Coal - black,"Unnamed Owner, Glencore Plc",Galilee Basin,,,,,,Galilee Basin,Charters Towers Province
333907,Hope Downs JV,includes Hope North and Hope South,WA,119.1229,-22.9469,operating mine,"Fe, FeOre",,"Iron, Iron ore","Hancock Prospecting Pty Ltd, Rio Tinto Limited",Hamersley Basin,,Basin chemical,Iron formation,Superior-type banded iron formation,Warakurna Large Igneous Province,Hamersley Basin,Pilbara Craton
333909,Broula King,,NSW,148.4394,-33.9159,mineral deposit,Au,,Gold,"Capital Mining Limited, Resource Base Limited",Lachlan Orogen,Paleozoic,,,,,,Eastern Province
333911,Eulogie,,QLD,150.4344,-23.8453,mineral deposit,"Fe, Ti, V2O5",,"Iron, Titanium, Vanadium pentoxide",Central Queensland Metals Pty Ltd.,New England Orogen,,Magmatic,Ultramafic and (or) mafic-layered intrusion,U-M layered intrusion iron-titanium-vanadium,,,Yarrol Province
333912,Oceana,,TAS,145.3314,-41.9155,historic mine,"Pb, Zn, Ag",,"Lead, Zinc, Silver",Creat Resources Holdings Limited,Delamerian Orogen,Paleozoic,Basin hydrothermal,Sediment-hosted,Irish-type sediment-hosted zinc-lead,,Thylacine Province,Delamerian Orogen
333913,Lucknow,,QLD,144.9555,-19.0254,mineral deposit,"Ni, Co, Sc",,"Nickel, Cobalt, Scandium",Australian Mines Ltd,Thomson Orogen,Cenozoic,Supergene,Laterite,Laterite nickel,,,Mossman Orogen
333915,Spargoville - Location 1a,,WA,121.4917,-31.3181,historic mine,Ni,,Nickel,Estrella Resources,"Yilgarn Craton, Eastern Goldfields Province, Kambalda Nickel Metallogenic Province",Archean,,,,,,West Australian Element
333916,Great Greta,,NSW,151.4197,-32.5275,closed,Cbl,,Coal - black,Yancoal Australia Limited,Sydney Basin,,,,,,Sydney Basin,New England Orogen
333921,Taabinga,Kingaroy Project,QLD,151.822,-26.5953,mineral deposit,Cbl,,Coal - black,Moreton Resources Limited,Tarong Basin,Mesozoic,,,,,,New England Orogen
333922,Cameby Downs,"50259, 50260, 50269, ML50258",QLD,150.2872,-26.5786,operating mine,Cbl,,Coal - black,Yankuang Group Corporation Limited,Surat Basin,Mesozoic,,,,,Surat Basin,Connors-Auburn Province
333923,Missouri,Siberia Project,WA,120.9536,-30.2203,mineral deposit,Au,,Gold,Ora Banda Mining Ltd,"Yilgarn Craton, Eastern Goldfields Province",Archean,,,,,,West Australian Element
333925,Golden Delicious,Sunrise Dam Project,WA,122.4593,-29.0136,mineral deposit,Au,,Gold,AngloGold Ashanti Limited,Yilgarn Craton,Archean,,,,,Carey Paleovalley,West Australian Element
333926,Argonaut,,WA,122.578,-31.21,mineral deposit,Au,,Gold,"Integra Mining Limited, Moto Goldmines Ltd.",Yilgarn Craton,,,,,,Lefroy Paleovalley,West Australian Element
333927,Vickers Laterite,Dalgaranga Gold Project,WA,117.302,-27.8159,mineral deposit,Au,,Gold,Gascoyne Resources Limited,"Yilgarn Craton, Murchison Province",,,,,,Moore-Monger Paleovalley,West Australian Element
333929,Ben Hur  - King of Creation,Brightstar Project,WA,122.3673,-28.1647,mineral deposit,Au,,Gold,A1 Minerals Limited,Yilgarn Craton,Archean,,,,,,West Australian Element
333930,Bugeye,,WA,116.9592,-28.9829,operating mine,Au,,Gold,"Warriedar Resources, Minjar Gold Pty Ltd",Yilgarn Craton,,,,,,,West Australian Element
333932,Walhalla (Carnegie),Davyhurst Project,WA,120.6502,-30.1502,operating mine,Au,,Gold,"Ora Banda Mining Ltd, Swan Gold Mining Limited",Yilgarn Craton,Archean,,,,,,West Australian Element
333933,Gormandale,,VIC,146.69,-38.287,mineral deposit,Cbr,,Coal - brown,"Department of Primary Industries, Loy Yang Power",Gippsland Basin,Cenozoic,,,,,Selwyn Province,Melbourne-Mathinna Zone
334055,Hellyer,,TAS,145.7221,-41.5746,feasibility,"Au, Zn, Pb, Cu, Bi","Ag, Sb","Gold, Zinc, Lead, (Silver, Copper, Bismuth, Antimony)",Munich Partners Ag,"Delamerian Orogen, Dundas Trough, Mount Read Igneous Province, Rosebery Basemetal Metallogenic Province",,Volcanic basin hydrothermal,Volcanogenic massive sulfide (VMS),Bimodal felsic VMS,,Thylacine Province,Delamerian Orogen
334056,Stradbroke,,VIC,146.84,-38.297,mineral deposit,Cbr,,Coal - brown,Department of Primary Industries,Gippsland Basin,Cenozoic,,,,,Gippsland Basin,Melbourne-Mathinna Zone
334057,Bogle South,Barnicoat Project,WA,122.4952,-28.6334,mineral deposit,Au,,Gold,Focus Minerals Limited,"Yilgarn Craton, Eastern Goldfields Province",Archean,,,,,,West Australian Element
334058,Leinster,"Agnew, Leinster, Perseverance, Rocky's Reward",WA,120.6972,-27.7889,care and maintenance,Ni,"Cu, Co","Nickel, (Copper, Cobalt)",BHP Group Limited,"Yilgarn Craton, Eastern Goldfields Province, Mount Keith Nickel Metallogenic Province, Norseman-Wiluna Belt",Archean,Magmatic,Komatiite,Komatiite nickel-copper-PGE,,,West Australian Element
334062,"Eucla Basin (Jacinth Ambrosia, Atacama, Typhoon, Sonoran, Tripitaka)","Ambrosia, Jacinth",SA,132.2203,-30.9076,operating mine,"Zrn, Ilm","Rt, Ti","Zircon, Ilmenite, (Rutile, Titanium)",Iluka Resources Limited,,,Erosional,Placer,Heavy mineral sands,,Eucla Basin,South Australian Element
334063,Camel 2,,WA,118.1474,-20.8998,mineral deposit,Au,,Gold,De Grey Mining Limited,Pilbara Craton,Archean,,,,Warakurna Large Igneous Province,,Pilbara Craton
334064,Mount Bowie,Burnakura Project,WA,118.4404,-27.0885,mineral deposit,Au,,Gold,"Monument Mining Limited, Kentor Gold Limited","Yilgarn Craton, Murchison Province",Archean,,,,Warakurna Large Igneous Province,,West Australian Element
334065,Mutooroo,"Mutooroo Consols, Mutooroo West, Trinity Mine",SA,140.938,-32.2496,pre-feasibility,"Cu, Co",Au,"Copper, Cobalt, (Gold)",Havilah Resources NL,Curnamona Province,Proterozoic,,,,,,Curnamona Province
334066,Westonia - Edna May,Edna May,WA,118.6998,-31.2912,mineral deposit,Au,,Gold,Ramelius Resources Limited,"Yilgarn Craton, Bounty Gold Metallogenic Province, Southern Cross Province",Archean,Metamorphic hydrothermal,Orogenic,Hypozonal orogenic gold,,Deborah Paleovalley,West Australian Element
334067,Agnew,Agnew Gold Project,WA,120.5081,-28.0007,operating mine,Au,,Gold,Gold Fields Limited,"Yilgarn Craton, Eastern Goldfields Province, Norseman-Wiluna Belt",Archean,Metamorphic hydrothermal,Orogenic,Mesozonal orogenic gold,,,West Australian Element
334068,Eneabba area (Iluka Mid West),Mid-West (Iluka),WA,115.3018,-29.8356,closed,"Ilm, Zrn, Rt",,"Ilmenite, Zircon, Rutile",Iluka Resources Limited,Perth Basin,,Erosional,Placer,Heavy mineral sands,,Perth Basin,Pinjarra Orogen
334069,Granny Smith,Granny Smith Project,WA,122.423,-28.812,operating mine,Au,,Gold,Gold Fields Limited,"Yilgarn Craton, Eastern Goldfields Province, Kurnalpi Terrane",Archean,Metamorphic hydrothermal,Orogenic,Epizonal orogenic gold,,,West Australian Element
334071,Hannan South,Kalgoorlie Project,WA,121.5526,-30.8834,historic mine,Au,,Gold,"Barrick Gold Corporation, Newmont Mining Corporation, Kalgoorlie Consolidated Gold Mines","Yilgarn Craton, Eastern Goldfields Province, Kalgoorlie Gold Metallogenic Province, Norseman-Wiluna Belt",Archean,Metamorphic hydrothermal,Orogenic,Mesozonal orogenic gold,,Roe Paleovalley,West Australian Element
334072,Mount Painter,"Armchair, Mt Gee, Radium Ridge, Streitberg",SA,139.37,-30.227,historic mine,"U, REE, U3O8",,"Uranium, Rare earth elements, Uranium oxide",Marathon Resources Ltd.,Mount Painter Block,Paleozoic,,,,,,Curnamona Province
334073,Peko,,NT,134.2835,-19.6751,care and maintenance,"Au, Cu, Bi, Co, Ag",,"Gold, Copper, Bismuth, Cobalt, Silver",Elmore Limited,"Tennant Creek Block, Warramunga Province, Warrego Metallogenic Province",Paleoproterozoic,Regional metasomatic,Metasomatic iron,Iron oxide gold,Kalkarindji Igneous Province,Warramunga Province,North Australian Element
334074,WIM 150,,VIC,142.3691,-36.8028,mineral deposit,"Zrn, Rt, Ilm, Ti, HM, Leu","Xen, Mnsd","Zircon, Rutile, Ilmenite, Titanium, Heavy minerals, (Xenotime, Leucoxene, Mineral sands)","Guangdong Orient Zirconic Industry Science & Technology Co, Limited, Australian Zircon NL",Murray Basin,Cenozoic,Erosional,Placer,Heavy mineral sands,,Murray Basin,Delamerian Orogen
334075,Hamersley Iron - Yandicoogina-Junction (Rio Tinto-HIYandi),"Junction, YandCRA, Yandicoogina",WA,119.2125,-22.761,operating mine,Fe,,Iron,"Rio Tinto Limited, HIsmelt",Hamersley Basin,Cenozoic,,,,Warakurna Large Igneous Province,Yandicoogina Paleovalley,Pilbara Craton
334077,Anchor,Blue Tier,TAS,148.0131,-41.2245,historic mine,"Sn, W, Cu",,"Tin, Tungsten, Copper",Minemakers Ltd (MAK),"Lachlan Orogen, Lachlan Orogen",,Magmatic hydrothermal,Greisen,Greisen tin ± W-Mo,,,Melbourne-Mathinna Zone
334081,Einasleigh,,QLD,144.0999,-18.5074,historic mine,Cu,"Au, Ag","Copper, (Gold, Silver)",Aurora Metals Ltd,"Etheridge Province, Georgetown Block",Proterozoic,Regional metasomatic,IOCG,Magnetite-dominant IOCG,,Etheridge Province,North Australian Element
334085,Chinese Howley,Burnside Project,NT,131.3575,-13.5099,historic mine,Au,,Gold,Crocodile Gold Corporation,"Pine Creek Orogen, Mount Todd Gold Metallogenic Province",Paleoproterozoic,,,,,,Pine Creek Orogen
334086,Queens Birthday - Dunolly,"Goldsborough Project, Queens Birthday",VIC,143.6722,-36.8271,historic mine,Au,,Gold,GBM Gold Limited,"Lachlan Orogen, Lachlan Orogen, Bendigo Gold Metallogenic Province",,,,,,,Bendigo Zone
334087,Blue Funnel,Broads Dam Project,WA,121.1259,-30.5837,historic mine,Au,,Gold,Evolution Mining Limited,"Yilgarn Craton, Eastern Goldfields Province, Kalgoorlie Gold Metallogenic Province, Norseman-Wiluna Belt",Archean,,,,,,West Australian Element
334089,Bengalla,,NSW,150.846,-32.2715,operating mine,Cbl,,Coal - black,"Taipower, New Hope Coal",Sydney Basin,,,,,,Sydney Basin,Eastern Province
334090,Rolleston,,QLD,148.4106,-24.4441,operating mine,Cbl,,Coal - black,"Glencore Plc, Itochu Corporation, Sumitomo Corporation",Bowen Basin,,,,,,Bowen Basin,Anakie Province
333570,Rocklea,Rocklea Limonites,WA,117.4647,-22.8234,mineral deposit,"Hem, FeOre, Fe",,"Hematite, Iron ore, Iron",Dragon Energy Limited,Pilbara Craton,,,,,Warakurna Large Igneous Province,Fortescue Basin,Pilbara Craton
333573,Hera,,NSW,146.3259,-32.1107,care and maintenance,"Zn, Pb, Au","Ag, Cu","Zinc, Lead, Gold, (Silver, Copper)","Aurelia Metals Limited, YTC Resources","Lachlan Orogen, Cobar Basin",Paleozoic,Metamorphic hydrothermal,Orogenic,Orogenic silver-lead-zinc-copper-antimony,,Kopyje Shelf,Central NSW - Omeo Province
333575,Python,Marda Project,WA,119.2709,-30.2015,mineral deposit,Au,,Gold,Ramelius Resources Limited,"Yilgarn Craton, Southern Cross Province",Archean,,,,,,West Australian Element
333577,Bellevue,"Paris, Sir Samuel, Westralia",WA,120.5606,-27.6297,operating mine,Au,,Gold,Bellevue Gold Ltd,"Yilgarn Craton, Eastern Goldfields Province, Norseman-Wiluna Belt",Archean,Metamorphic hydrothermal,Orogenic,Mesozonal orogenic gold,,,West Australian Element
333578,Big Bell,Big Bell Project,WA,117.6542,-27.3209,operating mine,Au,,Gold,Westgold Resources Limited,"Yilgarn Craton, Big Bell Gold Metallogenic Province, Murchison Province, Murchison Domain (Youanmi Terrane), Murchison Domain",Archean,Metamorphic hydrothermal,Orogenic,Hypozonal orogenic gold,Warakurna Large Igneous Province,,West Australian Element
333579,Carr Boyd,Carr Boyd Rocks,WA,121.6261,-30.0659,historic mine,"Cu, Ni",,"Copper, Nickel",Widgiemooltha North,"Yilgarn Craton, Carr Boyd Nickel Metallogenic Province, Eastern Goldfields Province, Norseman-Wiluna Belt",Archean,,,,,,West Australian Element
333580,Spinifex Ridge,"Coppin Gap, Nuggety Gully",WA,120.1118,-20.8875,mineral deposit,"Mo, Cu, Fe","Ag, FeOre","Molybdenum, Copper, Iron, (Silver, Iron ore)",Moly Mines Ltd,"Pilbara Craton, Coppin Gap Copper Molybdenum Metallogenic Province",Archean,Magmatic hydrothermal,Porphyry,Porphyry copper-molybdenum,,,Pilbara Craton
333581,Cobar CSA,CSA,NSW,145.7986,-31.408,operating mine,"Cu, Pb, Zn","Ag, Au","Copper, (Silver, Lead, Zinc, Gold)",MAC Copper Limited,"Lachlan Orogen, Lachlan Orogen, Cobar Basin, Darling Basin",,,,,,Cobar Basin,Central NSW - Omeo Province
333582,Round Dam,Davyhurst Project,WA,120.6523,-30.1551,historic mine,Au,,Gold,"Ora Banda Mining Ltd, Swan Gold Mining Limited","Yilgarn Craton, Eastern Goldfields Province",Archean,,,,,,West Australian Element
333585,Kunwarara,"KG1, KG2, Oldman North, Oldman South",QLD,150.1869,-22.8814,operating mine,"MgO, Mgs, Mg",,"Magnesia (magnesium oxide), Magnesite, Magnesium",QMAG Pty Ltd,Carpentaria Basin,Cenozoic,Infiltrational,Magnesite,Nodular magnesite,,,New England Orogen
333586,Lake Way,,WA,120.358,-26.6985,mineral deposit,U,"U3O8, V2O5","Uranium, (Uranium oxide, Vanadium pentoxide)",Toro Energy Limited,,Cenozoic,,,,,Carey Paleovalley,West Australian Element
333587,McArthur River,HYC,NT,136.0985,-16.436,operating mine,"Zn, Pb, Cu, Cd","Ag, Sb","Zinc, Lead, (Silver, Copper, Cadmium, Antimony)","Glencore Xstrata plc, McArthur River Mine",McArthur Basin,Paleoproterozoic,Basin hydrothermal,Sediment-hosted,Siliciclastic-carbonate zinc-lead,,McArthur Basin,North Australian Element
333589,New Celebration - Harmony (2006),South Kalgoorlie Operations,WA,121.6025,-31.0257,historic mine,Au,,Gold,Alacer Gold Corporation,"Yilgarn Craton, Eastern Goldfields Province, Eastern Goldfields Superterrane, Kalgoorlie Gold Metallogenic Province, Kalgoorlie Terrane, Norseman-Wiluna Belt",Archean,Metamorphic hydrothermal,Orogenic,Mesozonal orogenic gold,,,West Australian Element
333590,Oobagooma,,WA,123.997,-16.7582,mineral deposit,"U, U3O8",,"Uranium, Uranium oxide",Paladin Energy Limited,Canning Basin,Paleozoic,,,,Kalkarindji Igneous Province,Canning Basin,King Leopold Orogen
333591,Que River,,TAS,145.6999,-41.603,historic mine,"Zn, Cu, Pb, Ag",Au,"Zinc, Copper, Lead, Silver, (Gold)",Tasmania Data Infrastructure Pty Ltd,"Delamerian Orogen, Dundas Trough, Mount Read Igneous Province, Rosebery Basemetal Metallogenic Province",,Volcanic basin hydrothermal,Volcanogenic massive sulfide (VMS),Bimodal felsic VMS,,Thylacine Province,Delamerian Orogen
333593,Higginsville Gold Operations,Higginsville Gold Operations,WA,121.7377,-31.7303,operating mine,Au,,Gold,Westgold Resources Limited,"Yilgarn Craton, Eastern Goldfields Province, Eastern Goldfields Superterrane, Kalgoorlie Gold Metallogenic Province, Kalgoorlie Terrane, Norseman-Wiluna Belt",Archean,Metamorphic hydrothermal,Orogenic,Mesozonal orogenic gold,,,West Australian Element
333595,Savannah,Sally Malay,WA,128.029,-17.3512,care and maintenance,"Ni, Cu, Co, PGE",,"Nickel, Copper, Cobalt, Platinum group elements",Panoramic Resources Limited,"Halls Creek Orogen, Kimberley Basin, Sally Malay Nickel Metallogenic Province",Paleoproterozoic,Magmatic,Ultramafic and (or) mafic intrusion,U-M intrusion nickel-copper-PGE,Kalkarindji Igneous Province,,Halls Creek Orogen
333596,Mount Elliott,Mt Elliott,QLD,140.5017,-21.54,historic mine,"Cu, Au",U,"Copper, Gold, (Uranium)","Chinova Resources, Inova Resources, Ivanhoe Australia Limited","Mount Isa Orogen, Kuridala-Selwyn Domain, Selwyn Metallogenic Province, Cloncurry-Selwyn Zone",Mesoproterozoic,Regional metasomatic,IOCG,Magnetite-dominant IOCG,,,Kuridala-Selwyn Domain
333598,Watershed,,QLD,144.8818,-16.3378,feasibility,"W, WO3",,"Tungsten, Tungsten trioxide (wolframite)",Tungsten Mining NL,Hodgkinson Province,,Magmatic hydrothermal,Skarn,Skarn tungsten ± Mo,,,Mossman Orogen
333599,Kanmantoo,,SA,139.0054,-35.0919,under development,Cu,"Au, Ag","Copper, (Gold, Silver)",Hillgrove Resources Limited,"Kanmantoo Copper Gold Metallogenic Province, Kanmantoo Fold Belt",,Magmatic hydrothermal,Breccia pipe,Breccia pipe copper,,,Delamerian Orogen
333600,Huntly,Telegraph,VIC,144.3166,-36.657,historic mine,Au,,Gold,"Alcoa Incorporated, Alumina Limited","Lachlan Orogen, Lachlan Orogen",Cenozoic,,,,,,Bendigo Zone
333569,Sand George,Comet Vale,WA,121.1323,-29.9619,mineral deposit,Au,,Gold,Labyrinth Resources Ltd,"Yilgarn Craton, Eastern Goldfields Province",Archean,,,,,,West Australian Element
333605,Taronga,,NSW,151.5671,-29.4282,mineral deposit,Sn,"Cu, Ag","Tin, (Copper, Silver)",First Tin PLC,New England Orogen,,Magmatic hydrothermal,Vein,Vein tin,,,New England Orogen
333606,Hunter Valley Operations,"Carrington, Chestnut, Howick, Hunter Valley No 1 & No 2, Lemington, Riverview",NSW,150.992,-32.5104,operating mine,Cbl,,Coal - black,"Glencore Plc, Yancoal Australia Limited",Sydney Basin,,,,,,Sydney Basin,Eastern Province
333608,Horse Creek,,QLD,150.4856,-26.3684,mineral deposit,Cbl,,Coal - black,Peabody Energy Corp.,Surat Basin,,,,,,Surat Basin,Connors-Auburn Province
333618,Spring Hill,Spring Hill Gold Project,NT,131.7176,-13.608,historic mine,Au,,Gold,Thor Mining PLC,"Pine Creek Orogen, Mount Todd Gold Metallogenic Province",Proterozoic,,,,,,Pine Creek Orogen
333619,Britannia,St Ives Project,WA,121.7742,-31.3204,historic mine,Au,,Gold,Gold Fields Limited,"Yilgarn Craton, Kalgoorlie Gold Metallogenic Province, Norseman-Wiluna Belt",Archean,,,,,,West Australian Element
333620,Nim 4,"Jundee Gold Project, Nimary Four",WA,120.5892,-26.3811,historic mine,Au,,Gold,Northern Star Resources Limited,"Yilgarn Craton, Eastern Goldfields Province",Archean,,,,Warakurna Large Igneous Province,,West Australian Element
333621,Mud Tank,,NT,134.2655,-23.0081,closed,Vrm,,Vermiculite,Imdex Ltd,"Arunta Orogen, Aileron Province",Neoproterozoic,Supergene,Laterite,Carbonatite laterite REE,Kalkarindji Igneous Province,,Aileron Province
333625,Triton,Reedy's Project,WA,118.2677,-27.1334,historic mine,Au,,Gold,Reed Resources Limited,Yilgarn Craton,Archean,,,,Warakurna Large Igneous Province,,West Australian Element
333626,Mayfield,,NSW,149.7598,-35.2531,mineral deposit,"Au, Zn, Cu, Pb, FeOre","Ag, Fe","Gold, Zinc, Copper, (Silver, Lead, Iron ore, Iron)",Capital Mining Limited,Lachlan Orogen,Paleozoic,Magmatic hydrothermal,Skarn,,,,Eastern Province
333627,Pioneer,,WA,121.6431,-31.9697,mineral deposit,"Ni, Cu",,"Nickel, Copper",Galileo Mining Ltd,"Yilgarn Craton, Eastern Goldfields Province",Archean,,,,,,West Australian Element
333629,Suttor Creek,,QLD,147.9368,-21.3799,mineral deposit,Cbl,,Coal - black,Itochu Corporation,Bowen Basin,,,,,,Bowen Basin,Anakie Province
333631,Azurite,,NT,137.752,-17.1727,mineral deposit,Cu,,Copper,Redbank Copper Limited,McArthur Basin,Proterozoic,Regional metasomatic,Metasomatic iron,Iron sulfide polymetallic,,McArthur Basin,North Australian Element
333632,Golden Eagle (Davyhurst),Davyhurst Project,WA,120.6557,-30.049,operating mine,Au,,Gold,"Ora Banda Mining Ltd, Swan Gold Mining Limited",Yilgarn Craton,Archean,,,,,,West Australian Element
333634,Kunioon,includes SW Yarraman,QLD,151.8427,-26.7091,mineral deposit,Cbl,,Coal - black,Stanwell Corp Ltd,Tarong Basin,,,,,,,New England Orogen
333636,Michelangelo - Gullewa,Gullewa Project,WA,116.2846,-28.6837,historic mine,Au,,Gold,"Doray Minerals Limited, Mutiny Gold Limited",Yilgarn Craton,Archean,,,,,,West Australian Element
333642,Kestrel,Mount Ida Project,WA,120.5236,-29.0515,mineral deposit,Au,,Gold,Delta Lithium Ltd,Yilgarn Craton,Archean,,,,,,West Australian Element
333645,Perry Creek (Roburg) (Mount Perry),,QLD,145.3347,-18.7297,mineral deposit,"WO3, Pb, W, Bi, Sn, Zn",,"Tungsten trioxide (wolframite), Lead, Tungsten, Bismuth, Tin, Zinc",Lava Blue Pty Ltd,Mossman Orogen,,,,,,,Mossman Orogen
333647,Iron Bar,Yaloginda Project,WA,118.4196,-26.725,mineral deposit,Au,,Gold,Reed Resources Limited,Yilgarn Craton,Archean,,,,Warakurna Large Igneous Province,Hope Paleovalley,West Australian Element
333648,Golden Mountain,,VIC,145.88,-36.9335,mineral deposit,Au,,Gold,Minotaur Exploration Limited,"Lachlan Orogen, Melbourne-Mathinna Zone",,Magmatic hydrothermal,Skarn,Skarn gold ± copper ± tungsten,,Selwyn Province,Melbourne-Mathinna Zone
333649,Kunanalling,"Burgundy, Kunanalling Project, Rayjax",WA,121.0584,-30.6648,mineral deposit,Au,,Gold,Evolution Mining Limited,Yilgarn Craton,Archean,,,,,,West Australian Element
333652,Fortitude,Lake Carey Project,WA,122.5597,-29.3188,mineral deposit,Au,,Gold,Matsa Resources Limited,"Yilgarn Craton, Eastern Goldfields Province",Archean,,,,,Carey Paleovalley,West Australian Element
333653,Yarrie,"Cundaline, Nimingara, includes Cattle Gorge",WA,120.302,-20.6077,operating mine,FeOre,Fe,"Iron ore, (Iron)",BHP Group Limited,Pilbara Craton,,,,,,,Pilbara Craton
333654,Reads Deposit,Fosterville Project,VIC,144.5132,-36.6669,historic mine,Au,,Gold,"Newmarket Gold Inc, Crocodile Gold Corporation",Lachlan Orogen,,,,,,,Bendigo Zone
333659,Wolgan Road,,NSW,150.08,-33.3669,mineral deposit,Cbl,,Coal - black,"Banpu Public Company Limited, Centennial Coal Co Ltd",Sydney Basin,,,,,,Sydney Basin,Eastern Province
333660,Barton - Nullagine,Nullagine Gold Project,WA,120.2916,-21.8784,operating mine,"Au, Sb",,"Gold, Antimony",Millennium Minerals Limited,Pilbara Craton,Archean,Metamorphic hydrothermal,Orogenic,Mesozonal orogenic gold,Warakurna Large Igneous Province,,Pilbara Craton
333661,King Brown - Marda,Marda Project,WA,119.1163,-30.1198,mineral deposit,Au,,Gold,Ramelius Resources Limited,Yilgarn Craton,Archean,,,,,,West Australian Element
333604,Big Hill,Thackaringa,NSW,141.2207,-32.0887,mineral deposit,"Co, FeOre","Fe, Ni","Cobalt, (Iron, Iron ore, Nickel)",Cobalt Blue Holdings ltd,Curnamona Province,Proterozoic,,,,,,Curnamona Province
333664,Koolan Island (Mt Gibson),"Acacia, Barramundi, Eastern, Main, Mullet",WA,123.7402,-16.1275,operating mine,FeOre,Fe,"Iron ore, (Iron)",Mt Gibson Ltd,Kimberley Basin,Proterozoic,,,,Kalkarindji Igneous Province,Kimberley Basin,King Leopold Orogen
333665,Sandalwood Central,,WA,115.86,-33.1964,mineral deposit,"Ilm, Zrn, Leu, Rt",,"Ilmenite, Zircon, Leucoxene, Rutile",Cable Sands (WA) Pty Ltd,,,,,,,Mandurah Terrace,Pinjarra Element
333666,Flynn 1,,VIC,146.61,-38.24,mineral deposit,Cbr,,Coal - brown,Department of Primary Industries,Gippsland Basin,Cenozoic,,,,,Selwyn Province,Melbourne-Mathinna Zone
333671,West Cliff,,NSW,150.8244,-34.2175,closed,Cbl,,Coal - black,South32 Limited,Sydney Basin,,,,,,Sydney Basin,Eastern Province
333672,Gregory,Gregory-Crinum,QLD,148.3563,-23.1722,operating mine,Cbl,,Coal - black,Sojitz Corporation,Bowen Basin,,,,,,Bowen Basin,Anakie Province
333287,Cadjebut,"East Pillara, Pinnacles",WA,125.968,-18.7108,historic mine,"Zn, Pb, Ag",,"Zinc, Lead, Silver","Meridian Minerals Ltd, Teck Cominco Ltd","Canning Basin, Lennard Shelf",,Basin hydrothermal,Mississippi Valley-type (MVT),MVT zinc-lead,Kalkarindji Igneous Province,Canning Basin,King Leopold Orogen
333288,Honeymoon,,SA,140.6624,-31.741,operating mine,U,U3O8,"Uranium, (Uranium oxide)",Boss Resources Ltd,"Lake Eyre Basin, Callabonna Sub-basin",Cenozoic,Infiltrational,Uranium,Sandstone uranium,,Yarramba Paleovalley,Curnamona Province
333289,Hamersley Iron - Marandoo,,WA,118.1386,-22.6355,operating mine,"Fe, FeOre",,"Iron, Iron ore","Rio Tinto Limited, HIsmelt",Hamersley Basin,Archean,,,,Warakurna Large Igneous Province,Marandoo Paleovalley,Pilbara Craton
333290,Elizabeth Creek,"Cattle Grid, Elizabeth Creek, Emmie Bluff, Mount Gunson, Windabout",SA,137.172,-31.4499,historic mine,"Cu, Co",Ag,"Copper, Cobalt, (Silver)",Coda Minerals Ltd,Stuart Shelf,Neoproterozoic,Basin hydrothermal,Sediment-hosted,Sediment-hosted copper ± Co,,Cariewerloo Basin,Olympic Domain
333291,New Occidental,"Occidental, Peak Mines Project",NSW,145.864,-31.5403,operating mine,"Au, Cu",,"Gold, Copper","New Gold Incorporated, Goldcorp","Lachlan Orogen, Lachlan Orogen, Cobar Basin",,Metamorphic hydrothermal,Orogenic,Orogenic copper ± gold,,Cobar Basin,Central NSW - Omeo Province
333294,Randalls,Randalls Project,WA,122.2123,-31.0452,historic mine,Au,,Gold,Silver Lake Resources Limited,"Yilgarn Craton, Darlot Gold Metallogenic Province, Eastern Goldfields Province, Kalgoorlie Gold Metallogenic Province",Archean,Metamorphic hydrothermal,Orogenic,Mesozonal orogenic gold,,,West Australian Element
333296,Whim Creek,,WA,117.8306,-20.8437,care and maintenance,"Cu, Zn, Ag","Pb, Au","Copper, Zinc, (Lead, Silver, Gold)",ANAX Metals Limited,"Pilbara Craton, Mons Cupri Base Metal Metallogenic Province",Archean,Volcanic basin hydrothermal,Volcanogenic massive sulfide (VMS),Bimodal felsic VMS,Warakurna Large Igneous Province,,Pilbara Craton
333298,Mount Sholl,,WA,116.8861,-20.9168,mineral deposit,"Ni, Cu, PGE, Pd, Pt, Co, Ir",,"Nickel, Copper, Platinum group elements, Palladium, Platinum, Cobalt, Iridium","Raiden Resources Ltd, First Quantum Minerals",Pilbara Craton,Archean,Magmatic,Ultramafic and (or) mafic intrusion,U-M intrusion nickel-copper-PGE,Warakurna Large Igneous Province,,Pilbara Craton
333301,Liontown,"Mt Windsor, Ravenswood Consolidated",QLD,146.0678,-20.4095,historic mine,"Zn, Au, Pb, Cu",Ag,"Zinc, Gold, Lead, Copper, (Silver)",Sunshine Metals Ltd,"Charters Towers Province, Lolworth-Ravenswood Block, Thalanga Base Metal Metallogenic Province, Thalanga Province",,Volcanic basin hydrothermal,Volcanogenic massive sulfide (VMS),Bimodal felsic VMS,,,Charters Towers Province
333304,Goodall,,NT,131.3731,-13.2113,historic mine,Au,,Gold,Northern Gold,"Pine Creek Orogen, Mount Todd Gold Metallogenic Province",Paleoproterozoic,Metamorphic hydrothermal,Orogenic,Mesozonal orogenic gold,,,Pine Creek Orogen
333306,Myuna,,NSW,151.5687,-33.0601,operating mine,Cbl,,Coal - black,Banpu Public Company Limited,Sydney Basin,,,,,,Sydney Basin,Eastern Province
333307,Oaklands,Oaklands Joint Venture,NSW,146.2179,-35.4787,mineral deposit,Cbl,,Coal - black,Coal and Allied,Oaklands Basin,,,,,,Murray Basin,Central NSW - Omeo Province
333308,Jellinbah East,,QLD,148.9506,-23.4069,operating mine,Cbl,,Coal - black,"Sojitz Corporation, Anglo American Plc, Zashvin Pty. Ltd., Marubeni Corporation, Jellinbah Group Pty Ltd",Bowen Basin,,,,,,Bowen Basin,Anakie Province
333309,Kevins Corner,,QLD,146.4442,-23.0528,mineral deposit,Cbl,,Coal - black,"Hancock Prospecting Pty Ltd, GVK Power & Infrastructure, Hancock Coal",Galilee Basin,,,,,,Drummond Basin,Thomson Orogen
333310,Paradise North,Lady Jane,QLD,139.086,-19.5971,mineral deposit,Phos,P2O5,"Phosphate, (Phosphorus oxide)",Legend International Holdings Inc,Georgina Basin,,Basin chemical,Phosphorite,Phosphorite,,Georgina Basin,Mount Isa Orogen
333311,Wonarah,,NT,136.33,-19.8971,under development,Phos,P2O5,"Phosphate, (Phosphorus oxide)",Minemakers Ltd (MAK),Georgina Basin,,Basin chemical,Phosphorite,Phosphorite,Kalkarindji Igneous Province,Warramunga Province,North Australian Element
333318,Nolans,,QLD,146.883,-20.0969,closed,Au,,Gold,EMR Capital Group,"Lachlan Orogen, Ravenswood",,Magmatic hydrothermal,Intrusion-related,Reduced intrusion-related gold,,,Charters Towers Province
333319,Bulletin - Henry 5 - Woodley,Wiluna Project,WA,120.2467,-26.615,mineral deposit,Au,,Gold,"Apex Minerals NL, Blackham Resources Limited","Yilgarn Craton, Norseman-Wiluna Belt",Archean,,,,,,West Australian Element
333320,Wallaby,Granny Smith Project,WA,122.3055,-28.8518,operating mine,Au,,Gold,"Gold Fields Limited, Barrick Gold Corporation","Yilgarn Craton, Eastern Goldfields Alkaline Province, Eastern Goldfields Province, Kurnalpi Terrane",Archean,Metamorphic hydrothermal,Orogenic,Epizonal orogenic gold,,Carey Paleovalley,West Australian Element
333323,Iguana (South Ida Shear),Lady Ida Project,WA,120.6619,-30.495,historic mine,Au,,Gold,"Ora Banda Mining Ltd, Swan Gold Mining Limited","Yilgarn Craton, Eastern Goldfields Province",Archean,,,,,,West Australian Element
333324,Nicholas Downs,Balfour Downs,WA,120.8943,-22.7739,care and maintenance,MnOre,Mn,"Manganese ore, (Manganese)","Hancock Prospecting Pty Ltd, Mineral Resources",,,,,,Warakurna Large Igneous Province,Collier Basin,Pilbara Craton
333327,Kangaroo Bore,,WA,122.4647,-29.4361,mineral deposit,Au,,Gold,Legacy Iron Ore Limited,Yilgarn Craton,,unknown,unknown,unknown,,,West Australian Element
333330,Iron Duke - Norseman,Norseman Project,WA,121.8056,-32.2648,mineral deposit,Au,,Gold,Aditya Birla Minerals Ltd,Yilgarn Craton,Archean,,,,,,West Australian Element
333334,Charbon,,NSW,149.9777,-32.8964,closed,Cbl,,Coal - black,"SK Holdings Co. Ltd, Banpu Public Company Limited",Sydney Basin,,,,,,Sydney Basin,Eastern Province
333337,French Kiss,Aldiss Project,WA,122.5764,-31.2131,care and maintenance,Au,,Gold,Silver Lake Resources Limited,"Yilgarn Craton, Eastern Goldfields Province",Archean,,,,,Lefroy Paleovalley,West Australian Element
333338,East Lithgow,,NSW,150.16,-33.4569,mineral deposit,Cbl,,Coal - black,Vale S.A.,Sydney Basin,,,,,,Sydney Basin,Eastern Province
333340,Wonder North,Bundarra Gold Project,WA,121.1823,-28.3414,historic mine,Au,,Gold,"SR Mining Pty Ltd, Bligh Resources Limited",Yilgarn Craton,Archean,,,,,,West Australian Element
333343,Belvedere,Moura West,QLD,149.9371,-24.4842,mineral deposit,Cbl,,Coal - black,"Vale Australia, Vale S.A.",Bowen Basin,,,,,,Bowen Basin,Connors-Auburn Province
333344,John Galt,,WA,128.2013,-17.3458,mineral deposit,REO,,Rare earth oxides,Northern Minerals Limited,Tanami Orogen,,Basin hydrothermal,Unconformity-related,Unconformity-related REE,Kalkarindji Igneous Province,Red Rock Basin,Halls Creek Orogen
333345,Triple Crown,,QLD,145.0752,-17.6601,mineral deposit,Au,Ag,"Gold, (Silver)",New South Resources Limited,Mossman Orogen,,,,,,,Mossman Orogen
333346,Navajo Chief,"Binduli Project, Navajo North, Navajo South, Navajo West",WA,121.3919,-30.8256,historic mine,Au,,Gold,"Zijin Mining Group Company Ltd, Norton Gold Fields Limited",Yilgarn Craton,Archean,,,,,,West Australian Element
333348,Hazelwood-Yinnar,"Hazelwood South, Yinnar",VIC,146.34,-38.357,mineral deposit,Cbr,,Coal - brown,Department of Primary Industries,Gippsland Basin,Cenozoic,,,,,Selwyn Province,Melbourne-Mathinna Zone
333351,Ownaview,,QLD,151.251,-27.0425,mineral deposit,Cbl,,Coal - black,"Cockatoo Coal Limited, New Hope Coal",Surat Basin,Mesozoic,,,,,Clarence-Moreton Basin,Yarrol Province
333352,Abednego,,WA,121.8547,-28.7817,mineral deposit,"Ni, Co",,"Nickel, Cobalt",Mt Margaret project,Yilgarn Craton,,,,,,,West Australian Element
333354,Gallipoli,,NSW,142.3353,-33.4711,mineral deposit,"Zrn, Rt, Ilm",Leu,"Zircon, Rutile, Ilmenite, (Leucoxene)",Tronox Limited,Murray Basin,,Erosional,Placer,Heavy mineral sands,,Berri Basin,Delamerian Orogen
333356,Greenpatch Magnetite,,SA,135.7714,-34.5957,mineral deposit,Fe,FeOre,"Iron, (Iron ore)",Centrex Metals Limited,Gawler Craton,,,,,,,South Australian Element
333359,Hermes,"Hawkeye, Three Rivers Project (Troy Res), Trapper",WA,118.9098,-25.5845,care and maintenance,Au,,Gold,Catalyst Metals Ltd,Yilgarn Craton,,,,,Warakurna Large Igneous Province,,Marymia Dome
333360,Tower,,NSW,150.72,-34.1669,closed,Cbl,,Coal - black,Illawarra Coal,Sydney Basin,,,,,,Sydney Basin,Eastern Province
333362,Costerfield Mh Zone,Costerfield Project,VIC,144.801,-36.8936,historic mine,"Sb, Au",,"Antimony, Gold",Mandalay Resources Corporation,Lachlan Orogen,,,,,,Selwyn Province,Melbourne-Mathinna Zone
333363,Neubeck,"Neubeck, Neubeck's, Neubeck's Creek, Wolgan Road",NSW,150.05,-33.3469,mineral deposit,Cbl,,Coal - black,Banpu Public Company Limited,Sydney Basin,,,,,,Sydney Basin,Eastern Province
333364,Crusader - Wallbrook,Porphyry Project,WA,122.3103,-29.8581,mineral deposit,Au,,Gold,"Saracen Mineral Holdings Limited, Jackson Gold Limited","Yilgarn Craton, Darlot Gold Metallogenic Province, Eastern Goldfields Province",Archean,,,,,,West Australian Element
333366,East Leadingham,,QLD,145.1964,-16.9957,mineral deposit,Au,,Gold,Republic Gold Ltd.,Mossman Orogen,,,,,,,Mossman Orogen
333369,Ludlow,,WA,115.489,-33.5896,historic mine,"Ilm, Leu, Zrn",,"Ilmenite, Leucoxene, Zircon",BeMax Resources NL,,,,,,,Bunbury Trough,Pinjarra Orogen
333371,Wotonga,see Poitrel,QLD,148.1983,-22.0315,mineral deposit,Cbl,,Coal - black,BMA,Bowen Basin,,,,,,Bowen Basin,Anakie Province
333372,Harbour View North - Kundip,Great Southern Project,WA,120.1983,-33.6789,mineral deposit,"Cu, Au",,"Copper, Gold","ACH Global Pty Ltd, Silver Lake Resources Limited","Yilgarn Craton, Southern Cross Province",Archean,,,,,,Northern Foreland
333374,Coolup,,WA,115.9392,-32.769,mineral deposit,,,,Olympia Resources Limited,,,Erosional,Placer,Heavy mineral sands,,,Pinjarra Element
333376,Maria,Miranda JV,WA,120.561,-27.8194,mineral deposit,Au,,Gold,Gold Fields Limited,Yilgarn Craton,Archean,,,,,,West Australian Element
333377,Banderol,Burnakura Project,WA,118.4337,-27.0708,historic mine,Au,,Gold,"Monument Mining Limited, Kentor Gold Limited",Yilgarn Craton,Archean,,,,Warakurna Large Igneous Province,,West Australian Element
333378,Golden Rainbow,,WA,122.1566,-29.6817,mineral deposit,Au,,Gold,Legacy Iron Ore Limited,"Yilgarn Craton, Eastern Goldfields Province",Archean,,,,,,West Australian Element
333379,Bynoe,Finniss River,NT,130.7947,-12.67,historic mine,"Sn, Ta2O5, SnO2, Ta",,"Tin, Tantalum pentoxide, Tin oxide/cassiterite, Tantalum",Lithium Plus Minerals Ltd,Pine Creek Orogen,Proterozoic,Magmatic,Pegmatite,LCT pegmatite,,,Pine Creek Orogen
333335,Success - Mt McClure,Bronzewing Gold Project,WA,120.9409,-27.5148,historic mine,Au,,Gold,Navigator Resources Limited,Yilgarn Craton,Archean,,,,,,West Australian Element
333380,Cork Tree Well,Brightstar Project,WA,122.4044,-28.3386,historic mine,Au,,Gold,A1 Minerals Limited,"Yilgarn Craton, Eastern Goldfields Province",Archean,,,,,Carey Paleovalley,West Australian Element
333381,Pine Creek,"Czarina, Enterprise, Gandy's Hill, International, South Gandy",NT,131.8287,-13.8257,historic mine,Au,Ag,"Gold, (Silver)",Crocodile Gold Corporation,"Pine Creek Orogen, Mount Todd Gold Metallogenic Province",Proterozoic,unknown,unknown,unknown,,,Pine Creek Orogen
333386,Mount Carbine,Mt Carbine,QLD,145.1332,-16.5226,operating mine,"WO3, Sn, W",,"Tungsten trioxide (wolframite), Tin, Tungsten",EQ Resources Limited,Hodgkinson Province,,Magmatic hydrothermal,Vein,Vein tungsten,,,Mossman Orogen
333387,Munni Munni,,WA,116.8296,-21.117,mineral deposit,"PGE, Cu, Ni, Au, Pd, Pt, Rh",Cr,"Platinum group elements, Copper, Nickel, Gold, Palladium, Platinum, Rhodium, (Chromium)",Alien Metals Ltd,"Pilbara Craton, Munni Munni PGE-Ni Metallogenic Province",Archean,Magmatic,Ultramafic and (or) mafic-layered intrusion,U-M layered intrusion PGE,Warakurna Large Igneous Province,,Pilbara Craton
333388,Ranger,,NT,132.9185,-12.6735,closed,U,U3O8,"Uranium, (Uranium oxide)",Energy Resources of Australia Limited,Pine Creek Orogen,Proterozoic,Basin hydrothermal,Unconformity-related,Unconformity-related uranium,,,Pine Creek Orogen
333392,Tower Hill,Leonora Operations,WA,121.3228,-28.8976,historic mine,Au,Ag,"Gold, (Silver)",Genesis Minerals Ltd,"Yilgarn Craton, Eastern Goldfields Province, Norseman-Wiluna Belt",Archean,Metamorphic hydrothermal,Orogenic,Mesozonal orogenic gold,,,West Australian Element
333396,Tick Hill,,QLD,139.9256,-21.6489,historic mine,Au,,Gold,Carnaby Resources Ltd,"Mount Isa Orogen, Mary Kathleen Domain, Mary Kathleen Zone",Proterozoic,Metamorphic hydrothermal,Orogenic,Mesozonal orogenic gold,,,Mary Kathleen Domain
333400,"X41 Mine 500, 650, 1100 & 1900 Orebodies",Mt Isa,QLD,139.478,-20.7247,operating mine,Cu,,Copper,Glencore Plc,"Mount Isa Orogen, Leichhardt River Domain, Leichhardt River Fault Trough",Paleoproterozoic,Metamorphic hydrothermal,Orogenic,Orogenic copper ± gold,,,Leichhardt River Domain
333403,Lewis Ponds,,NSW,149.2672,-33.2613,mineral deposit,"Cu, Au, Pb, Ag, Zn",,"Copper, Gold, Lead, Silver, Zinc",TriAusMin Limited,"Lachlan Orogen, Lachlan Orogen, Hill End - Ngunnawal Province, Woodlawn Base Metal Metallogenic Province",,Volcanic basin hydrothermal,Volcanogenic massive sulfide (VMS),Felsic-siliciclastic VMS,,,Eastern Province
333404,Potosi,,NSW,141.5013,-31.9317,historic mine,"Zn, Pb","Ag, Au","Zinc, Lead, (Silver, Gold)",Perilya Limited,Curnamona Province,Paleoproterozoic,Basin hydrothermal,Sediment-hosted,Siliciclastic-mafic zinc-lead,,,Curnamona Province
333405,Peak Downs,"Caval Ridge, Isaac River",QLD,148.1731,-22.2199,operating mine,Cbl,,Coal - black,"BMA, Mitsubishi Corp, Mitsubishi Corporation",Bowen Basin,,,,,,Bowen Basin,Anakie Province
333410,Stuart,Stuart 186,QLD,140.472,-21.776,historic mine,"Cu, Au",Co,"Copper, Gold, (Cobalt)",Matrix metals,"Mount Isa Orogen, Cloncurry-Selwyn Zone",Proterozoic,Regional metasomatic,IOCG,,,,Kuridala-Selwyn Domain
333415,Massidon,,NSW,141.3444,-33.1306,mineral deposit,"Zrn, Ilm, Rt, Ti, HM, Xen","Leu, Mnsd","Zircon, Ilmenite, Rutile, Titanium, Heavy minerals, (Leucoxene, Xenotime, Mineral sands)",Tronox Limited,Murray Basin,,Erosional,Placer,Paleoplacer heavy mineral sands,,Berri Basin,Delamerian Orogen
333416,Skardon River,,QLD,142.0089,-11.8778,operating mine,Kln,,Kaolin,Minerals Corporation,Karumba Basin,Cenozoic,,,,,Carpentaria Basin,North Australian Element
333417,Tuckabianna Group,Tuckabianna Project,WA,118.1168,-27.4867,under development,Au,,Gold,Westgold Resources Limited,"Yilgarn Craton, Big Bell Gold Metallogenic Province, Murchison Province, Murchison Domain (Youanmi Terrane), Murchison Domain",Archean,Metamorphic hydrothermal,Orogenic,Mesozonal orogenic gold,,,West Australian Element
333418,Red October,Red October Project,WA,122.4141,-29.2166,care and maintenance,Au,,Gold,Matsa Resources Limited,"Yilgarn Craton, Eastern Goldfields Province, Kurnalpi Terrane",Archean,Metamorphic hydrothermal,Orogenic,,,Carey Paleovalley,West Australian Element
333419,Santa Ana,St Ives Project,WA,121.6853,-31.2598,historic mine,Au,,Gold,Gold Fields Limited,"Yilgarn Craton, Kalgoorlie Gold Metallogenic Province, Norseman-Wiluna Belt",Archean,,,,,Lefroy Paleovalley,West Australian Element
333420,Aphrodite,Leonora Operations,WA,121.2328,-30.1883,mineral deposit,Au,,Gold,Genesis Minerals Ltd,"Yilgarn Craton, Eastern Goldfields Province, Kalgoorlie Gold Metallogenic Province",Archean,,,,,,West Australian Element
333421,Angus Place,,NSW,150.199,-33.3492,care and maintenance,Cbl,,Coal - black,"Korea Resources Corporation, SK Holdings Co. Ltd, Banpu Public Company Limited",Sydney Basin,,,,,,Sydney Basin,Eastern Province
333422,Newstan,"Newstan Extension, Newstan Lochiel",NSW,151.5769,-32.9758,care and maintenance,Cbl,,Coal - black,Banpu Public Company Limited,Sydney Basin,,,,,,Sydney Basin,Eastern Province
333424,Murloocoppie,"Arckaringa, coal to methanol plant",SA,134.3409,-28.0111,mineral deposit,Cbl,,Coal - black,"Wintask Group Ltd, Altona Energy Plc, Sino-Aus Energy Group Ltd, Altona Mining Limited",Arckaringa Basin,,,,,,Arckaringa Basin,South Australian Element
333430,Georgetown,,QLD,143.5506,-18.2927,mineral deposit,Au,Ag,"Gold, (Silver)",Mega Uranium Limited,,,,,,,Etheridge Province,North Australian Element
333432,Harringtons Hill,Fosterville Project,VIC,144.5072,-36.7238,historic mine,Au,,Gold,"Newmarket Gold Inc, Crocodile Gold Corporation",Lachlan Orogen,,,,,,,Bendigo Zone
333435,Brimstone,Brimstone No1 and No2,NSW,150.4556,-33.9967,closed,Cbl,,Coal - black,Illawarra Coal,Sydney Basin,,,,,,Sydney Basin,Eastern Province
333436,Bloomfield,,NSW,151.567,-32.7922,operating mine,Cbl,,Coal - black,Bloomfield Group,Sydney Basin,,,,,,Sydney Basin,Eastern Province
333437,Speewah Valley,Windsor,WA,127.9782,-16.4041,pre-feasibility,"Fl, F",,"Fluorite, Fluorine",Tivan Limited,Speewah Basin,,Magmatic hydrothermal,Vein,Vein fluorite,Kalkarindji Igneous Province,Speewah Basin,Halls Creek Orogen
333438,Winchester South,,QLD,148.2691,-22.1134,mineral deposit,Cbl,,Coal - black,"Whitehaven Coal Limited, Rio Tinto Limited",Bowen Basin,,,,,,Bowen Basin,Anakie Province
333440,Leonardo,,WA,121.4194,-28.934,mineral deposit,Au,,Gold,Navigator Resources Limited,Yilgarn Craton,,,,,,Raeside Paleovalley,West Australian Element
333444,Empress,Tindals Project,WA,121.1707,-30.9895,historic mine,Au,,Gold,Focus Minerals Limited,Yilgarn Craton,Archean,,,,,,West Australian Element
333449,Golden Gate - Cuddingwarra,Cuddingwarra Project,WA,117.8015,-27.3686,historic mine,Au,,Gold,"Metals X Limited, Westgold Resources Limited",Yilgarn Craton,Archean,,,,,Austin Paleovalley,West Australian Element
333451,Specimen Hill,"Castlemaine Project, Specimin Hill - Mount Alexander Project",VIC,144.2638,-37.0292,historic mine,Au,,Gold,Lion Gold Corporation Limited,Lachlan Orogen,,,,,,,Bendigo Zone
333453,Explorer,,QLD,143.392,-19.7894,mineral deposit,Au,,Gold,Strategic Minerals Plc,,Paleozoic,,,,,Etheridge Province,North Australian Element
333456,Forster,,TAS,146.7345,-43.0446,mineral deposit,Au,,Gold,Sedimentary Holdings,Delamerian Orogen,,,,,,Tasmania Basin,Delamerian Orogen
333458,Giles,Mulline Project,WA,120.5285,-29.881,historic mine,Au,,Gold,Swan Gold Mining Limited,Yilgarn Craton,Archean,,,,,,West Australian Element
333459,Commonwealth,,WA,118.8184,-28.5937,mineral deposit,Au,,Gold,Apex Minerals NL,Yilgarn Craton,,,,,,,West Australian Element
333460,Sharkeys Open Pit,Fosterville Project,VIC,144.5097,-36.6669,historic mine,Au,,Gold,"Newmarket Gold Inc, AuRico Gold Corporporation, Crocodile Gold Corporation",Lachlan Orogen,,,,,,,Bendigo Zone
333463,Snook North,Gidgee Project,WA,119.3819,-27.0305,historic mine,Au,,Gold,Panoramic Resources Limited,Yilgarn Craton,Archean,,,,,,West Australian Element
333464,Heron South,Gidgee Project,WA,119.4626,-27.3797,historic mine,Au,,Gold,"Horizon Gold Limited, Panoramic Resources Limited",Yilgarn Craton,Archean,,,,,Raeside Paleovalley,West Australian Element
333466,Happy Valley South,,WA,115.704,-33.5714,mineral deposit,"Zrn, Ilm","Rt, Leu","Zircon, Ilmenite, (Rutile, Leucoxene)",Tronox Limited,,,Erosional,Placer,Heavy mineral sands,,Bunbury Trough,Pinjarra Orogen
333470,Miriam,,WA,121.0878,-31.0712,mineral deposit,"Cu, Ni",,"Copper, Nickel",Corazon Mining Limited,"Yilgarn Craton, Eastern Goldfields Province, Kambalda Nickel Metallogenic Province",Archean,,,,,,West Australian Element
333471,Lyell Comstock,,TAS,145.5897,-42.038,historic mine,"Cu, Au, Ag",,"Copper, Gold, Silver",Vedanta Resources PLC,"Dundas Trough, Mount Lyell Copper-Gold Metallogenic Province",,,,,,Thylacine Province,Delamerian Orogen
333472,Wandoan,"Austinvale, Burunga, Frank Creek, Glen Laurel, Summer Hill, Woleebee, Wubagul",QLD,149.9061,-26.0933,mineral deposit,Cbl,,Coal - black,"Glencore Plc, Itochu Corporation, Sumitomo Corporation",Surat Basin,,,,,,Surat Basin,Connors-Auburn Province
333474,Chinese South,Burnside Project,NT,131.3639,-13.5257,mineral deposit,Au,,Gold,Crocodile Gold Corporation,Pine Creek Orogen,Paleoproterozoic,,,,,,Pine Creek Orogen
333475,Moolart Well,Duketon Gold Project,WA,122.3479,-27.6112,mineral deposit,Au,,Gold,Regis Resources Limited,"Yilgarn Craton, Eastern Goldfields Province, Kurnalpi Terrane",Archean,Metamorphic hydrothermal,Orogenic,Mesozonal orogenic gold,,,West Australian Element
333476,Durack,Peak Hill Project,WA,118.7086,-25.7541,mineral deposit,Au,,Gold,"Montezuma Mining Limited, Westgold Resources Limited",Yilgarn Craton,Proterozoic,,,,Warakurna Large Igneous Province,Bryah Basin,West Australian Element
333477,Scotland Yet,,WA,122.4919,-28.1697,historic mine,Au,,Gold,Focus Minerals Limited,"Yilgarn Craton, Eastern Goldfields Province",Archean,,,,,,West Australian Element
333478,Juna Lockyer,,WA,118.5111,-22.5545,mineral deposit,FeOre,Fe,"Iron ore, (Iron)",Rio Tinto Limited,Pilbara Craton,,,,,Warakurna Large Igneous Province,Hamersley Basin,Pilbara Craton
333479,Harrybrandt,,QLD,148.3596,-21.9116,mineral deposit,Cbl,,Coal - black,"Yanzhou Coal Mining Company Limited, Felix Resources, Yancoal Australia Limited",Bowen Basin,,,,,,Bowen Basin,Anakie Province
333484,Browns Creek,"Blayney, Carcoar",NSW,149.1588,-33.5265,historic mine,"Cu, Au",,"Copper, Gold",Straits Resources Limited,"Lachlan Orogen, Browns Creek Gold Province",,Magmatic hydrothermal,Skarn,Skarn gold ± copper ± tungsten,,,Eastern Province
333485,Endeavor,Elura,NSW,145.6538,-31.1629,operating mine,"Cu, Ag, Zn, Au, Pb",,"Copper, Silver, Zinc, Gold, Lead",Polymetals Resources,"Lachlan Orogen, Lachlan Orogen, Cobar Basin",,Metamorphic hydrothermal,Orogenic,Orogenic silver-lead-zinc-copper-antimony,,Cobar Basin,Central NSW - Omeo Province
333486,Mount Morgan,,QLD,150.375,-23.6356,historic mine,"Au, Cu, Zn","Ag, Bi","Gold, Copper, Zinc, (Silver, Bismuth)",Norton Gold Fields Limited,"New England Orogen, Calliope Province, Mount Morgan base Metal Gold Metallogenic Province",,Volcanic basin hydrothermal,Volcanogenic massive sulfide (VMS),Bimodal felsic VMS,,,New England Orogen
333490,Wirralie,,QLD,147.27,-21.1169,historic mine,"Au, Ag",,"Gold, Silver",Ashburton Minerals,"Drummond Basin, Drummond Basin, Pajingo Metallogenic Province",,Magmatic hydrothermal,Epithermal,Low-sulfidation (LS) epithermal gold-silver,,Drummond Basin,Anakie Province
333497,Kempfield,"Bj, Mather, Mccarron, Mccarron West",NSW,149.261,-33.7783,historic mine,"Ag, Zn, Pb, Brt","Au, Asbr","Silver, Zinc, Lead, (Gold, Barite, Asbestos - crocidolite)",Argent Minerals Limited,"Lachlan Orogen, Lachlan Orogen, Woodlawn Base Metal Metallogenic Province, Hill End Trough",,Volcanic basin hydrothermal,Volcanogenic massive sulfide (VMS),Felsic-siliciclastic VMS,,,Eastern Province
333501,Vickery,Vickery Colliery,NSW,150.2,-30.7669,mineral deposit,Cbl,,Coal - black,Whitehaven Coal Limited,Gunnedah Basin,,,,,,Gunnedah Basin,Eastern Province
333502,Blackwater,"Stewarton, Tannyfoil, Taurus, Wilpeena",QLD,148.8074,-23.6856,operating mine,Cbl,,Coal - black,Whitehaven Coal Limited,Bowen Basin,,,,,,Bowen Basin,Anakie Province
333503,Greenbushes,,WA,116.0668,-33.8558,operating mine,"Nb, Kln, Ta2O5, Li2O, Nb2O5, Li","Sn, Ta","Niobium, Kaolin, Tantalum pentoxide, Lithium oxide, Niobium pentoxide, (Tin, Lithium, Tantalum)","IGO Ltd, Tianqi Lithium Corp, Albemarle Corporation","Yilgarn Craton, Southwest Terrane, Western Gneiss Terrane",Archean,Magmatic,Pegmatite,LCT pegmatite,,,West Australian Element
333504,Robbins Hill Open Pit,Fosterville Project,VIC,144.5088,-36.6734,historic mine,Au,,Gold,"Newmarket Gold Inc, Crocodile Gold Corporation","Lachlan Orogen, Lachlan Orogen, Bendigo Gold Metallogenic Province",,,,,,,Bendigo Zone
333455,Coolungoolun,,VIC,147.0,-38.2169,mineral deposit,Cbr,,Coal - brown,Department of Primary Industries,Gippsland Basin,,,,,,Gippsland Basin,Melbourne-Mathinna Zone
333506,Hidden Treasure,,QLD,139.8082,-19.6746,historic mine,Cu,,Copper,Matrix metals,"Mount Isa Orogen, Myally Shelf",Proterozoic,,,,,,Kalkadoon-Leichhardt Domain
333515,Nim 7,"Jundee Gold Project, Nimary Seven",WA,120.5865,-26.3702,mineral deposit,Au,,Gold,Northern Star Resources Limited,"Yilgarn Craton, Eastern Goldfields Province",Archean,,,,Warakurna Large Igneous Province,,West Australian Element
333516,Centurion,,WA,121.4035,-30.8361,historic mine,Au,,Gold,Norton Gold Fields Limited,"Yilgarn Craton, Kalgoorlie Gold Metallogenic Province, Kalgoorlie Terrane, Norseman-Wiluna Belt",Archean,Metamorphic hydrothermal,Orogenic,Mesozonal orogenic gold,,,West Australian Element
333518,Blythe River,,TAS,145.954,-41.1387,mineral deposit,Fe,,Iron,"Iron Mountain Mining Limited, Red River Resources",Delamerian Orogen,,,,,,Thylacine Province,Delamerian Orogen
333519,"Barnes Hill Nickel (Beaconsfield, Anderson Creek Ni)",,TAS,146.7789,-41.2156,mineral deposit,"Ni, Co, Mgs, MgO, FeOre","Asb, Fe","Nickel, Cobalt, (Asbestos, Magnesite, Magnesia (magnesium oxide), Iron ore, Iron)",Tasmania Energy Metals Pty Ltd,Delamerian Orogen,Cenozoic,,,,,Tasmania Basin,Delamerian Orogen
333522,Sunrise,Sunrise Dam Project,WA,122.4282,-29.074,historic mine,Au,,Gold,Barrick Gold Corporation,Yilgarn Craton,Archean,,,,,Carey Paleovalley,West Australian Element
333524,Nannine Mine,Nannine Project,WA,118.347,-26.8888,historic mine,Au,,Gold,Reed Resources Limited,Yilgarn Craton,Archean,,,,Warakurna Large Igneous Province,,West Australian Element
333525,Salt Creek,,WA,117.7045,-20.7571,mineral deposit,"Cu, Zn, Pb","Ag, Au","Copper, Zinc, Lead, (Silver, Gold)",Straits Resources Limited,"Pilbara Craton, Plumridge Lakes Chromium (prospective) Metallogenic Province",Archean,Volcanic basin hydrothermal,Volcanogenic massive sulfide (VMS),Bimodal-mafic VMS,Warakurna Large Igneous Province,,Pilbara Craton
333527,Spargoville - Location 5a,,WA,121.5059,-31.3506,historic mine,"Co, Ni, Cu",,"Cobalt, Nickel, Copper",Estrella Resources,"Yilgarn Craton, Eastern Goldfields Province, Kambalda Nickel Metallogenic Province",Archean,,,,,,West Australian Element
333530,Glen Wilga,,QLD,150.6288,-26.8008,mineral deposit,Cbl,,Coal - black,CS Energy Limited,Surat Basin,Mesozoic,,,,,Surat Basin,Connors-Auburn Province
333532,Anomaly 45,Bronzewing Gold Project,WA,120.9622,-27.4704,mineral deposit,Au,,Gold,Navigator Resources Limited,Yilgarn Craton,Archean,,,,,,West Australian Element
333537,Wim 100,,VIC,141.9258,-36.9572,mineral deposit,"Ilm, Rt, Zrn, Leu, Xen",Mnz,"Ilmenite, Rutile, Zircon, Leucoxene, Xenotime, (Monazite)",Iluka Resources Limited,Murray Basin,,Erosional,Placer,Heavy mineral sands,,Murray Basin,Delamerian Orogen
333541,Haystack Road,,QLD,150.8705,-26.8203,mineral deposit,Cbl,,Coal - black,CS Energy Limited,Surat Basin,Mesozoic,,,,,Surat Basin,Yarrol Province
333542,Bull Oak,,WA,119.3367,-28.0225,mineral deposit,Au,,Gold,Aurumin Limited,Yilgarn Craton,,,,,,,West Australian Element
333544,Soapspar,,QLD,143.3878,-19.7305,mineral deposit,Au,,Gold,Strategic Minerals Plc,,Paleozoic,,,,,Etheridge Province,North Australian Element
333545,Moorvale,,QLD,148.3536,-21.9955,operating mine,Cbl,,Coal - black,Peabody Energy Corp.,Bowen Basin,,,,,,Bowen Basin,Anakie Province
333546,Bronzewing Group,Bronzewing Gold Project,WA,121.0125,-27.3778,closed,Au,,Gold,Navigator Resources Limited,"Yilgarn Craton, Eastern Goldfields Province, Eastern Goldfields Superterrane, Kalgoorlie Terrane",Archean,Metamorphic hydrothermal,Orogenic,Mesozonal orogenic gold,,,West Australian Element
333547,Kestrel,"Gordonstone, Kestrel West, Ti Tree",QLD,148.3703,-23.242,operating mine,Cbl,,Coal - black,"MITSUI & CO. (AUSTRALIA) LTD., PT Adaro Energy Tbk, EMR Capital Group, Rio Tinto Limited",Bowen Basin,,,,,,Bowen Basin,Anakie Province
333548,Medcalf Vanadium,,WA,120.7946,-32.5326,mineral deposit,"V, Fe, Ti, V2O5, TiO2",,"Vanadium, Iron, Titanium, Vanadium pentoxide, Titanium dioxide",Audalia Resources Limited,Yilgarn Craton,,Magmatic,Ultramafic and (or) mafic-layered intrusion,U-M layered intrusion iron-titanium-vanadium,,,West Australian Element
333551,Huarabagoo,,QLD,138.1182,-17.5026,mineral deposit,,,,Laramide Resources Limited,McArthur Basin,Proterozoic,,,,,McArthur Basin,North Australian Element
333552,Clermont,,QLD,147.6308,-22.6892,operating mine,Cbl,,Coal - black,"Japan Coal Development Co. Ltd, Mitsubishi Corporation, Electric Power Development Co., Glencore Plc, Sumitomo Corporation",Bowen Basin,,,,,,,Anakie Province
333553,Missing Link,Reedy's Project,WA,118.2654,-27.1127,historic mine,Au,,Gold,Reed Resources Limited,Yilgarn Craton,Archean,,,,Warakurna Large Igneous Province,,West Australian Element
333554,Howards - Gum Creek,"Gidgee Project, Howard's Prospect",WA,119.5709,-27.4517,mineral deposit,Au,,Gold,"Horizon Gold Limited, Panoramic Resources Limited",Yilgarn Craton,Archean,,,,,Raeside Paleovalley,West Australian Element
333555,Winchester,,NSW,142.31,-33.34,mineral deposit,"Rt, Ilm, Zrn, Leu",,"Rutile, Ilmenite, Zircon, Leucoxene",Tronox Limited,Murray Basin,,Erosional,Placer,Heavy mineral sands,,Berri Basin,Delamerian Orogen
333558,Happy Valley North,,WA,115.7162,-33.5499,mineral deposit,"Zrn, Ilm","Leu, Rt","Zircon, Ilmenite, (Leucoxene, Rutile)",Tronox Limited,,,Erosional,Placer,Heavy mineral sands,,Bunbury Trough,Pinjarra Orogen
333560,Widgie 3,,WA,121.5875,-31.5191,historic mine,"Ni, Co, Cu",,"Nickel, Cobalt, Copper",Widgie Nickel Ltd,"Yilgarn Craton, Eastern Goldfields Province",Archean,,,,,,West Australian Element
333564,Murrin Murrin,,WA,121.893,-28.7668,operating mine,"Ni, Co",Mg,"Nickel, Cobalt, (Magnesium)",Glencore Plc,"Yilgarn Craton, Eastern Goldfields Province, Murrin Domain",Cenozoic,Supergene,Laterite,Laterite nickel,,,West Australian Element
333514,K1 OP,Plutonic Dome Project,WA,119.7465,-25.1024,historic mine,Au,,Gold,"Vango Mining Ltd, Dampier Gold Limited","Yilgarn Craton, Marymia Inlier, Plutonic Gold Metallogenic Province",,,,,Warakurna Large Igneous Province,,Marymia Dome
333566,Baralaba,Dawson Valley,QLD,149.8032,-24.1649,operating mine,Cbl,,Coal - black,Baralaba Coal Company Limited,Bowen Basin,,,,,,Bowen Basin,Connors-Auburn Province
333567,Jacks,Barnicoat Project,WA,122.4944,-28.6314,mineral deposit,Au,,Gold,Focus Minerals Limited,"Yilgarn Craton, Eastern Goldfields Province",Archean,,,,,,West Australian Element
335475,Goonyella Riverside,"Broadmeadow, Cleanskin, Eureka, Goonyella-Riverside, Isaac, Redhill, Riverside",QLD,147.962,-21.7923,operating mine,Cbl,,Coal - black,"BMA, BHP Group Limited, Mitsubishi Corp, Mitsubishi Corporation",Bowen Basin,,,,,,Drummond Basin,Anakie Province
335479,Bedford,"Bedford North, Roseby Project",QLD,140.1866,-20.1864,mineral deposit,"Cu, Au",,"Copper, Gold",Altona Mining Limited,"Mount Isa Orogen, Quamby-Malbon Zone",Proterozoic,Regional metasomatic,IOCG,Magnetite-dominant IOCG,,,Mary Kathleen Domain
335481,Lady Fanny Group,"Brightlights, Burke and Wills, Greater Duchess Project, Juno, Lady Fanny, Lady Fanny North",QLD,139.7852,-21.2496,mineral deposit,"Au, Cu",,"Gold, Copper",Carnaby Resources Ltd,"Mount Isa Orogen, Kalkadoon-Leichhardt Belt",Proterozoic,,,,,,Mary Kathleen Domain
335485,Weedina,,SA,135.5,-28.3971,mineral deposit,Cbl,,Coal - black,SAPEX Ltd,Arckaringa Basin,,,,,,Arckaringa Basin,South Australian Element
335486,Coppabella,Johnson Pit,QLD,148.4272,-21.8446,operating mine,Cbl,,Coal - black,Peabody Energy Corp.,Bowen Basin,,,,,,Bowen Basin,Connors-Auburn Province
335487,A1 Gold Mine (Gaffneys Creek),,VIC,146.1997,-37.5051,operating mine,Au,,Gold,Kaiser Reef Limited,Lachlan Orogen,Paleozoic,,,,,Selwyn Province,Melbourne-Mathinna Zone
335490,Munda,,WA,121.5286,-31.4983,mineral deposit,"Ni, Cu",,"Nickel, Copper",Widgie Nickel Ltd,"Yilgarn Craton, Eastern Goldfields Province, Kambalda Nickel Metallogenic Province",Archean,,,,,,West Australian Element
335492,Ravensthorpe (First Quantum Minerals),,WA,120.3963,-33.6421,care and maintenance,"Ni, Co",,"Nickel, Cobalt",First Quantum Minerals,Southern Cross Province,Cenozoic,,,,,,Northern Foreland
335493,Hillside - Coolgardie,Lindsays-Bayleys Project,WA,121.1746,-30.947,historic mine,Au,,Gold,Focus Minerals Limited,Yilgarn Craton,Archean,,,,,,West Australian Element
335496,Bluff,,QLD,149.0649,-23.519,care and maintenance,Cbl,,Coal - black,Bowen Coking Coal Ltd,Bowen Basin,,,,,,Bowen Basin,Anakie Province
335497,Rothsay,,WA,116.8659,-29.2821,under development,Au,,Gold,Vault Minerals,"Yilgarn Craton, Big Bell Gold Metallogenic Province, Murchison Province",Archean,,,,,,West Australian Element
335498,Salmon,Plutonic Project,WA,119.5334,-25.2948,historic mine,Au,,Gold,"Northern Star Resources Limited, Barrick Gold Corporation",Yilgarn Craton,Archean,,,,Warakurna Large Igneous Province,Gascoyne Paleovalley,Marymia Dome
335500,Central Ellesmere,Fosterville Project,VIC,144.5036,-36.7164,historic mine,Au,,Gold,"Newmarket Gold Inc, AuRico Gold Corporporation, Crocodile Gold Corporation",Lachlan Orogen,,,,,,,Bendigo Zone
335503,Telegraph - Lancefield,Lancefield Project,WA,122.3842,-28.5529,mineral deposit,Au,,Gold,Focus Minerals Limited,Yilgarn Craton,Archean,,,,,,West Australian Element
335507,Yerilla,Edjudina,WA,121.905,-29.4849,mineral deposit,"Ni, Co",,"Nickel, Cobalt","Ardea Resources Limited, Heron Resources Limited","Yilgarn Craton, Eastern Goldfields Province",Cenozoic,,,,,,West Australian Element
335512,Emmie Bluff,Mount Gunson Project,SA,137.1544,-31.1051,mineral deposit,"Co, Ag, Cu, Fe, U, Au, Zn",,"Cobalt, Silver, Copper, Iron, Uranium, Gold, Zinc",Coda Minerals Ltd,"Gawler Craton, Olympic Domain",Proterozoic,unknown,unknown,unknown,,Cariewerloo Basin,Olympic Domain
335515,New Oakleigh,"Oakleigh Colliery, Rosewood",QLD,152.5748,-27.6117,closed,Cbl,,Coal - black,New Hope Coal,Clarence-Moreton Basin,Mesozoic,,,,,Clarence-Moreton Basin,New England Orogen
335519,Southdown,Wellstead,WA,118.5018,-34.5369,mineral deposit,FeOre,Fe,"Iron ore, (Iron)","Grange Resources Ltd, Kobe Steel Group, Sojitz Corporation",,,,,,,Bremer Paleovalley,Biranup Zone
335522,Duck Hill,,WA,122.2718,-29.5159,mineral deposit,"Ni, Co",,"Nickel, Cobalt",Murchison Metals Ltd,"Yilgarn Craton, Eastern Goldfields Province",Cenozoic,,,,,Raeside Paleovalley,West Australian Element
335523,Yabbie,,NSW,142.5,-33.52,mineral deposit,"Rt, Zrn, Ilm, Leu",,"Rutile, Zircon, Ilmenite, Leucoxene",Tronox Limited,Murray Basin,,Erosional,Placer,Heavy mineral sands,,Berri Basin,Delamerian Orogen
335524,Mangoola,"Anvil Hill, Great Northern, Hunter Great Northern",NSW,150.67,-32.2968,operating mine,Cbl,,Coal - black,Glencore Plc,Sydney Basin,,,,,,Sydney Basin,Eastern Province
335526,Bendigo - Kangaroo Flat,Bendigo Project,VIC,144.2606,-36.7948,under development,Au,,Gold,"GBM Gold Limited, Unity Mining Limited",Lachlan Orogen,,,,,,,Bendigo Zone
335527,Rising Tide,Burnside Project,NT,131.4252,-13.4491,mineral deposit,Au,,Gold,"Crocodile Gold Corporation, PNX Metals Limited",Pine Creek Orogen,Paleoproterozoic,,,,,,Pine Creek Orogen
335530,Flynns Creek,,VIC,146.65,-38.24,mineral deposit,Cbr,,Coal - brown,Department of Primary Industries,Gippsland Basin,Cenozoic,,,,,Selwyn Province,Melbourne-Mathinna Zone
335531,Hummock Hill Island,Wild Cattle Island,QLD,151.5,-24.0268,mineral deposit,"Rt, Zrn, Ilm",,"Rutile, Zircon, Ilmenite",Department of Natural Resources and Mines,New England Orogen,,,,,,,New England Orogen
335532,Maxwell (Drayton),Saddlers Creek,NSW,150.9113,-32.3473,care and maintenance,Cbl,,Coal - black,"Anglo American Plc, Malabar Coal Limited",Sydney Basin,,,,,,Sydney Basin,Eastern Province
335534,Anglesea,"Angahook, Jan Juc",VIC,144.17,-38.3918,closed,Cbr,,Coal - brown,"Alcoa, Department of Primary Industries",Otway Basin,Cenozoic,,,,,Otway Basin,Melbourne-Mathinna Zone
335535,OK Decline,Norseman Project,WA,121.7849,-32.2186,mineral deposit,Au,,Gold,Norseman Gold PLC,"Yilgarn Craton, Kalgoorlie Gold Metallogenic Province",Archean,,,,,,West Australian Element
335536,Wilkie Creek,"Braemar, Macalister, Tarcoola",QLD,150.9608,-27.0423,closed,Cbl,,Coal - black,Peabody Energy Corp.,Surat Basin,,,,,,Surat Basin,Yarrol Province
335537,Zoe,,WA,117.9177,-23.4371,mineral deposit,Au,,Gold,Sipa Resources Ltd,,,,,,Warakurna Large Igneous Province,Ashburton Basin,Pilbara Craton
335539,Tunkillia,,SA,134.7598,-31.2285,mineral deposit,"Au, Ag",,"Gold, Silver",Barton Gold Holdings Ltd,Gawler Craton,Proterozoic,Metamorphic hydrothermal,Orogenic,Mesozonal orogenic gold,,,South Australian Element
335540,Flag - Kundip,Great Southern Project,WA,120.2002,-33.685,historic mine,"Au, Cu, Ag",,"Gold, Copper, Silver",Medallion Metals Limited,"Yilgarn Craton, Southern Cross Province",Archean,,,,,,Northern Foreland
335541,Callies,Grosvenor Gold Project,WA,118.3551,-25.3388,mineral deposit,Au,,Gold,"Westgold Resources Limited, Resource and Investment NL",Yilgarn Craton,Proterozoic,,,,Warakurna Large Igneous Province,Bryah Basin,West Australian Element
335542,Cundaline Gap,,WA,120.2333,-20.5833,mineral deposit,FeOre,Fe,"Iron ore, (Iron)",Itochu Corporation,Pilbara Craton,,,,,,,Pilbara Craton
335546,Genesis,Lawlers Project,WA,120.497,-27.9784,historic mine,Au,,Gold,Gold Fields Limited,"Yilgarn Craton, Eastern Goldfields Province",Archean,Metamorphic hydrothermal,Orogenic,Mesozonal orogenic gold,,,West Australian Element
335548,Weld Range Nickel,"Parks Reef, Range Well",WA,117.741,-26.8199,mineral deposit,"Ni, Co, Fe, Au, Pt, Pd, PGE, Cr",,"Nickel, Cobalt, Iron, Gold, Platinum, Palladium, Platinum group elements, Chromium",Podium Minerals Ltd,"Yilgarn Craton, Murchison Province, Weld Range PGE Metallogenic Province",Archean,,,,Warakurna Large Igneous Province,,West Australian Element
335549,Marsden,,NSW,147.5428,-33.7374,mineral deposit,"Cu, Au",,"Copper, Gold",Evolution Mining Limited,Lachlan Orogen,Paleozoic,Magmatic hydrothermal,Porphyry,Porphyry copper ± gold,,,Eastern Province
335550,Mandilla,,WA,121.5184,-31.3748,mineral deposit,Au,,Gold,Astral Resources NL,"Yilgarn Craton, Eastern Goldfields Province",Archean,,,,,,West Australian Element
335551,Roe,,WA,118.1567,-20.8994,mineral deposit,Au,,Gold,De Grey Mining Limited,Pilbara Craton,Archean,,,,Warakurna Large Igneous Province,,Pilbara Craton
335553,Eneabba,Central West,WA,115.2265,-29.9236,mineral deposit,"Cbl, Zrn, Ti",,"Coal - black, Zircon, Titanium","Westgen Pty Ltd, Aviva Corporation Ltd",Perth Basin,,,,,,Perth Basin,Pinjarra Orogen
335554,Broken Hill,"1130, Henry George, North Mine, Southern Operations",NSW,141.465,-31.9665,operating mine,"Zn, Pb, Cu","Ag, Au","Zinc, Lead, (Silver, Copper, Gold)",Perilya Limited,Curnamona Province,Paleoproterozoic,Basin hydrothermal,Sediment-hosted,Siliciclastic-mafic zinc-lead,,,Curnamona Province
335555,Golden Mile - associated deposits,,WA,121.5105,-30.784,historic mine,Au,,Gold,"Barrick Gold Corporation, Newmont Mining Corporation","Yilgarn Craton, Kalgoorlie Gold Metallogenic Province, Norseman-Wiluna Belt",Archean,,,,,,West Australian Element
335556,Mount Fisher Au,Mount Fisher Project,WA,121.4855,-26.846,historic mine,Au,,Gold,Rox Resources Limited,"Yilgarn Craton, Eastern Goldfields Province",Archean,,,,,,West Australian Element
335557,Mount Weld,,WA,122.5475,-28.86,operating mine,"REO, Y, Zrn, Ta2O5, P2O5, Y2O3, TiO2, Nb2O5, Ti, ZrO2, Phos, P, Ta","Nb, REE","Rare earth oxides, Yttrium, Zircon, (Niobium, Tantalum pentoxide, Phosphorus oxide, Yttrium oxide, Titanium dioxide, Niobium pentoxide, Titanium, Zirconia, Phosphate, Phosphorus, Tantalum, Rare earth elements)",Lynas Corporation Limited,"Yilgarn Craton, Eastern Goldfields Province",Paleoproterozoic,Supergene,Laterite,Carbonatite laterite REE,,Carey Paleovalley,West Australian Element
335559,Yakabindie,"Goliath, Six Mile",WA,120.5775,-27.4555,care and maintenance,"Ni, PGE","Cu, Co","Nickel, (Copper, Platinum group elements, Cobalt)",BHP Group Limited,"Yilgarn Craton, Eastern Goldfields Province, Mount Keith Nickel Metallogenic Province",Archean,Magmatic,Komatiite,Komatiite nickel-copper-PGE,,,West Australian Element
335560,Zeehan Mineral Field,"Montana (Sn), Oceana, Oonah, Queen Hill (Sn), Severn, Spray, Zeehan Slag Dumps",TAS,145.326,-41.872,historic mine,"Zn, In, Pb, Sb, Cu","Ag, Sn","Zinc, Indium, Lead, (Silver, Antimony, Copper, Tin)",Tartana Resources Ltd,"Delamerian Orogen, Dundas Trough",,Magmatic hydrothermal,Vein,Vein polymetallic,,Thylacine Province,Delamerian Orogen
335562,Cannington,,QLD,140.9199,-21.8658,operating mine,"Pb, Ag, Zn, Bi","Sb, Au","Lead, Silver, Zinc, (Antimony, Bismuth, Gold)",South32 Limited,"Mount Isa Orogen, Soldiers Cap Domain, Cloncurry-Selwyn Zone",Paleoproterozoic,Basin hydrothermal,Sediment-hosted,Siliciclastic-mafic zinc-lead,,Eromanga Basin,Kuridala-Selwyn Domain
335565,Shepherd and Murphy,,TAS,146.0829,-41.4853,historic mine,"W, Sn, WO3, Bi",,"Tungsten, Tin, Tungsten trioxide (wolframite), Bismuth",Mazel Resources,Delamerian Orogen,,Magmatic hydrothermal,Skarn,Skarn tungsten ± Mo,,Thylacine Province,Delamerian Orogen
335571,Alpha (Hancock),Tad's Corner,QLD,146.4239,-23.217,mineral deposit,Cbl,,Coal - black,"Hancock Prospecting Pty Ltd, GVK Power & Infrastructure, Hancock Coal",Galilee Basin,,,,,,Drummond Basin,Thomson Orogen
335572,Golden Plateau,Cracow,QLD,150.2931,-25.2821,historic mine,Au,,Gold,Aeris Resources Limited,Cracow Metallogenic Province,,,,,,Bowen Basin,Connors-Auburn Province
335573,Wards Well-Lancewood,,QLD,147.9211,-21.5382,mineral deposit,Cbl,,Coal - black,"MITSUI & CO. (AUSTRALIA) LTD., BHP Group Limited",Bowen Basin,,,,,,Bowen Basin,Anakie Province
335574,Monakoff,"Mount Margaret, Mt Margaret, Tinboll",QLD,140.6885,-20.625,care and maintenance,"Cu, Au, Co","U, Ag","Copper, Gold, (Uranium, Cobalt, Silver)","Comet Resources Ltd, Glencore Plc, Exco Resources Limited","Mount Isa Orogen, Cloncurry-Selwyn Zone",Proterozoic,Regional metasomatic,IOCG,Magnetite-dominant IOCG,,,Soldiers Cap Domain
335579,Nifty,,WA,121.5709,-21.6549,under development,Cu,,Copper,Cyprium Metals Ltd,"Paterson Orogen, Yeneena Basin",Proterozoic,Basin hydrothermal,Sediment-hosted,Sediment-hosted copper ± Co,Kalkarindji Igneous Province,Canning Basin,Rudall Province
335584,Golden Ant,Camel Creek Mine (Golden Ant),QLD,145.5625,-18.8169,historic mine,"Au, Sb, Ag",,"Gold, Antimony, Silver",Great Northern Minerals Limited,"Lachlan Orogen, Camel Creek Metallogenic Province",,,,,,,Mossman Orogen
335585,Glencoe,Burnside project,NT,131.504,-13.4397,historic mine,Au,,Gold,Patronus Resources,"Pine Creek Orogen, Mount Todd Gold Metallogenic Province",Proterozoic,Metamorphic hydrothermal,Orogenic,Mesozonal orogenic gold,,,Pine Creek Orogen
333673,Gambier Lass,Leonora - Mertondale Project,WA,121.464,-28.75,mineral deposit,Au,,Gold,Navigator Resources Limited,"Yilgarn Craton, Darlot Gold Metallogenic Province, Eastern Goldfields Province",Archean,,,,,,West Australian Element
333675,Prominent Hill,Mt Woods,SA,135.5749,-29.72,operating mine,"Cu, Au",Ag,"Copper, Gold, (Silver)",BHP Group Limited,"Gawler Craton, Mount Woods Domain",Proterozoic,Regional metasomatic,Metasomatic iron,Iron oxide gold,,Arckaringa Basin,South Australian Element
333676,Grafters,Kalgoorlie North Project,WA,121.2173,-30.1898,mineral deposit,Au,,Gold,Genesis Minerals Ltd,Yilgarn Craton,Archean,,,,,,West Australian Element
333678,Puwanapi,Rainamatta Beach,NT,130.07,-11.74,mineral deposit,,,,MZI Resources Limited,,,Erosional,Placer,Heavy mineral sands,,Money Shoal Basin,Pine Creek Orogen
333679,Jasper Queen,Tuckabianna Project,WA,118.1179,-27.4063,historic mine,Au,,Gold,"Musgrave Minerals Ltd, Silver Lake Resources Limited",Yilgarn Craton,Archean,,,,,,West Australian Element
333680,Lewis - Reward,Burnakura Project,WA,118.4583,-27.0504,historic mine,Au,,Gold,"Monument Mining Limited, Kentor Gold Limited",Yilgarn Craton,Archean,,,,Warakurna Large Igneous Province,,West Australian Element
333681,Tuckabianna (West),Tuckabianna Project,WA,118.1168,-27.4867,historic mine,Au,,Gold,Silver Lake Resources Limited,Yilgarn Craton,Archean,,,,,,West Australian Element
333682,Ballarat Gold Project,Ballarat Gold Project,VIC,143.8597,-37.5897,operating mine,Au,,Gold,Shen Yao Holdings Limited,"Hume Superprovince, Lachlan Orogen, Lachlan Orogen, Bendigo Gold Metallogenic Province, Bendigo Zone",,Metamorphic hydrothermal,Orogenic,Mesozonal orogenic gold,,,Bendigo Zone
333683,Ben Lomond,,QLD,146.3,-19.377,historic mine,U,"Mo, U3O8","Uranium, (Molybdenum, Uranium oxide)",IsoEnergy Ltd,"Lachlan Orogen, Charters Towers Province",,Magmatic hydrothermal,Epithermal,Epithermal uranium,,,Charters Towers Province
333684,Captains Flat,Lake George,NSW,149.4346,-35.5862,historic mine,"Zn, Pb, Au, Ag, Cu, S",,"Zinc, Lead, Gold, Silver, Copper, Sulphur",Ironbark Gold Limited,"Lachlan Orogen, Lachlan Orogen, Hill End - Ngunnawal Province, Woodlawn Base Metal Metallogenic Province, Captains Flat - Goulburn Trough",,Volcanic basin hydrothermal,Volcanogenic massive sulfide (VMS),Bimodal felsic VMS,,,Eastern Province
333687,Harbour Lights,Leonora Operations,WA,121.322,-28.8737,historic mine,Au,,Gold,Genesis Minerals Ltd,"Yilgarn Craton, Eastern Goldfields Province, Norseman-Wiluna Belt",Archean,Metamorphic hydrothermal,Orogenic,Mesozonal orogenic gold,,,West Australian Element
333688,George Fisher,"Hilton, North Hilton",QLD,139.472,-20.5711,operating mine,"Zn, Pb","Ag, Cu","Zinc, Lead, (Silver, Copper)",Glencore Xstrata plc,"Mount Isa Orogen, Leichhardt River Domain, Leichhardt River Fault Trough",Paleoproterozoic,Basin hydrothermal,Sediment-hosted,Siliciclastic-carbonate zinc-lead,,,Leichhardt River Domain
333690,Mount Martin (gold),South Kalgoorlie Operations,WA,121.6825,-31.0128,historic mine,Au,,Gold,"Alacer Gold Corporation, Metals X Limited","Yilgarn Craton, Eastern Goldfields Province, Norseman-Wiluna Belt",Archean,,,,,,West Australian Element
333691,Paddington,Paddington Project,WA,121.3437,-30.485,operating mine,Au,,Gold,"Zijin Mining Group Company Ltd, Norton Gold Fields Limited","Yilgarn Craton, Eastern Goldfields Province, Eastern Goldfields Superterrane, Kalgoorlie Gold Metallogenic Province, Kalgoorlie Terrane, Norseman-Wiluna Belt",Archean,Metamorphic hydrothermal,Orogenic,Mesozonal orogenic gold,,,West Australian Element
333693,Surveyor 1,,QLD,144.697,-18.7801,mineral deposit,"Pb, Au, Ag, Zn","Cu, Zeol","Lead, Gold, Silver, (Copper, Zinc, Zeolite)",Kagara Limited,"Balcooma Base Metal Metallogenic Province, Georgetown Block, Greenvale Province, Balcooma Subprovince",,,,,,,Thomson Orogen
333696,Huntly,,WA,116.1665,-32.5558,operating mine,Bx,"Al2O3, Sic","Bauxite, (Alumina, Silica)","Alcoa, Alcoa Incorporated, Alumina Limited","Yilgarn Craton, Southwest Terrane, Western Gneiss Terrane",Cenozoic,Supergene,Laterite,Bauxite,,,West Australian Element
333697,Skal,,QLD,139.462,-20.4331,mineral deposit,U,U3O8,"Uranium, (Uranium oxide)",Paladin Energy Limited,"Mount Isa Orogen, Leichhardt River Fault Trough",Proterozoic,Regional metasomatic,Alkali-calcic,Albitite-hosted uranium,,,Leichhardt River Domain
333703,Aurukun,,QLD,141.8333,-13.3637,mineral deposit,Bx,Al2O3,"Bauxite, (Alumina)",Glencore Plc,Carpentaria Basin,Cenozoic,Supergene,Laterite,Bauxite,,Carpentaria Basin,North Australian Element
333704,Wild Cattle Creek,"Achillies, Biesldown, Lone Pine Workings, Lower Bielsdown",NSW,152.7203,-30.2256,mineral deposit,Au,"W, Sb","Gold, (Tungsten, Antimony)",Trigg Mining Limited,"New England Orogen, Coffs Harbour Province",,Metamorphic hydrothermal,Orogenic,Epizonal orogenic antimony ± gold,,,New England Orogen
333705,Maules Creek,,NSW,150.1298,-30.5535,operating mine,Cbl,,Coal - black,Whitehaven Coal Limited,Gunnedah Basin,,,,,,Gunnedah Basin,Eastern Province
333706,Felton,"Felton East, Felton West",QLD,151.6182,-27.7942,mineral deposit,Cbl,,Coal - black,Newmont Mining Corporation,Clarence-Moreton Basin,,,,,,Clarence-Moreton Basin,New England Orogen
333707,Cleveland,includes Foley Zone,TAS,145.385,-41.477,historic mine,"Sn, Cu, Mo, Bi","WO3, W","Tin, Copper, (Tungsten trioxide (wolframite), Molybdenum, Bismuth, Tungsten)",Elementos Limited,"Delamerian Orogen, Dundas Trough",,Magmatic hydrothermal,Skarn,Skarn tin ± copper ± Mo,,Thylacine Province,Delamerian Orogen
333708,Eureka - Bardoc,,WA,121.2546,-30.3269,under development,Au,,Gold,Javelin Minerals Limited,"Yilgarn Craton, Eastern Goldfields Province, Norseman-Wiluna Belt",Archean,,,,,,West Australian Element
333709,Channar JV,,WA,117.7886,-23.2994,operating mine,"Fe, FeOre",,"Iron, Iron ore","Sinosteel Ocean Capital Pty Ltd, Rio Tinto Limited, HIsmelt",Hamersley Basin,Archean,,,,Warakurna Large Igneous Province,Hamersley Basin,Pilbara Craton
333715,Bannockburn,Thunderbox Project,WA,120.8934,-28.4587,historic mine,Au,,Gold,Saracen Mineral Holdings Limited,"Yilgarn Craton, Eastern Goldfields Province",Archean,unknown,unknown,unknown,,Raeside Paleovalley,West Australian Element
333717,Smith Creek,,QLD,145.0286,-17.6213,historic mine,"W, Sn, Cu",,"Tungsten, Tin, Copper",MGT Resources Limited,Hodgkinson Province,,,,,,,Mossman Orogen
333718,Jundee Gold Project,"Nimary, Nimone",WA,120.6041,-26.3725,operating mine,Au,,Gold,"Northern Star Resources Limited, Newmont Mining Corporation","Yilgarn Craton, Eastern Goldfields Province, Eastern Goldfields Superterrane, Kalgoorlie Terrane",Archean,Metamorphic hydrothermal,Orogenic,Mesozonal orogenic gold,Warakurna Large Igneous Province,Carnegie Paleovalley,West Australian Element
333719,Redeemer,Agnew Gold Project,WA,120.4847,-28.0627,historic mine,Au,,Gold,Gold Fields Limited,"Yilgarn Craton, Eastern Goldfields Province, Eastern Goldfields Superterrane, Kalgoorlie Terrane",Archean,Metamorphic hydrothermal,Orogenic,Mesozonal orogenic gold,,,West Australian Element
333720,Westfield,"Arckaringa, coal to methanol plant",SA,134.0333,-28.2471,mineral deposit,Cbl,,Coal - black,"Altona Energy Plc, Altona Mining Limited",Arckaringa Basin,,,,,,Arckaringa Basin,South Australian Element
333721,Claude Hills,Central Musgrave,SA,129.1756,-26.011,mineral deposit,"Ni, Co, Fe",,"Nickel, Cobalt, Iron",NICO Resources Ltd,,Cenozoic,unknown,unknown,unknown,Warakurna Large Igneous Province,,Musgrave Province
333727,Rand North,Reedy's Project,WA,118.2709,-27.1177,historic mine,Au,,Gold,Reed Resources Limited,Yilgarn Craton,Archean,,,,Warakurna Large Igneous Province,,West Australian Element
333728,Winchester,see Poitrel,QLD,148.2122,-22.1287,mineral deposit,Cbl,,Coal - black,BMA,Bowen Basin,,,,,,Bowen Basin,Anakie Province
333732,Dargues Reef,Majors Creek Gold Project,NSW,149.7472,-35.5382,operating mine,Au,Ag,"Gold, (Silver)",Aurelia Metals Limited,Lachlan Orogen,,Magmatic hydrothermal,Intrusion-related,Reduced intrusion-related gold,,,Eastern Province
333735,Janet Ivy,Binduli Project,WA,121.3834,-30.7745,operating mine,Au,,Gold,"Zijin Mining Group Company Ltd, Norton Gold Fields Limited","Yilgarn Craton, Eastern Goldfields Province",Archean,,,,,,West Australian Element
333737,Mount Playfair,,SA,138.2124,-30.398,mineral deposit,"Mgs, MgO, Mg",,"Magnesite, Magnesia (magnesium oxide), Magnesium",Archer Exlporation Limited,,,Basin evaporative,Evaporite,Marine evaporite magnesite,,,South Australian Element
333738,Red Hill - Kanowna,,WA,121.3181,-30.6128,mineral deposit,Au,,Gold,Barrick Gold Corporation,Yilgarn Craton,,,,,,Roe Paleovalley,West Australian Element
333741,Muswellbrook,Sandy Creek,NSW,150.9414,-32.245,closed,Cbl,,Coal - black,"Idemitsu Kosan Co Ltd, Idemitsu Australia Resources",Sydney Basin,,,,,,Sydney Basin,Eastern Province
333747,Havilah Camp,,WA,119.4853,-28.1686,mineral deposit,Au,,Gold,Aurumin Limited,Yilgarn Craton,,,,,,,West Australian Element
333748,Hepi,,WA,121.7956,-28.8597,mineral deposit,"Ni, Co",,"Nickel, Cobalt",Alliance Nickel Ltd,"Yilgarn Craton, Eastern Goldfields Province",Cenozoic,,,,,,West Australian Element
333749,Western Queen,Western Queen Project,WA,117.1304,-27.5228,historic mine,Au,,Gold,Ramelius Resources Limited,Yilgarn Craton,Archean,,,,Warakurna Large Igneous Province,,West Australian Element
333753,Minotaur,"Tanami Project, Windy Hill",NT,130.5456,-20.3524,mineral deposit,Au,,Gold,Newmont Mining Corporation,Tanami Orogen,Paleoproterozoic,Metamorphic hydrothermal,Orogenic,Mesozonal orogenic gold,Kalkarindji Igneous Province,,Tanami Orogen
333754,Celtic,Bundarra Gold Project,WA,121.1616,-28.3486,historic mine,Au,,Gold,"SR Mining Pty Ltd, Bligh Resources Limited, Terrain Minerals Limited",Yilgarn Craton,Archean,Metamorphic hydrothermal,Orogenic,Mesozonal orogenic gold,,,West Australian Element
333757,Waugh,Ashburton Gold Project,WA,117.9291,-23.4206,historic mine,Au,,Gold,Northern Star Resources Limited,,Paleoproterozoic,,,,Warakurna Large Igneous Province,Ashburton Basin,Pilbara Craton
333758,Friendship,Tindals Project,WA,121.1876,-30.9822,mineral deposit,Au,,Gold,Focus Minerals Limited,Yilgarn Craton,Archean,,,,,,West Australian Element
333759,NOA,Burnakura Project,WA,118.472,-27.02,mineral deposit,Au,,Gold,"Monument Mining Limited, Kentor Gold Limited",Yilgarn Craton,Archean,,,,Warakurna Large Igneous Province,,West Australian Element
333760,Psi,Gidgee Project,WA,119.3803,-26.853,historic mine,Au,,Gold,Horizon Gold Limited,Yilgarn Craton,Archean,,,,,,West Australian Element
333763,Mineral Patch Hill,,WA,122.9846,-29.0369,mineral deposit,"Ni, Co",,"Nickel, Cobalt",Panther Metals Ltd,,,,,,,Carey Paleovalley,West Australian Element
333764,Boundary - Coolgardie,,WA,121.2017,-30.984,historic mine,Au,,Gold,Focus Minerals Limited,Yilgarn Craton,Archean,,,,,,West Australian Element
333766,Mount Boppy,"Canbelego, Mount Boppy Gold Project",NSW,146.3161,-31.5618,care and maintenance,Au,,Gold,Manuka Resources ltd.,"Lachlan Orogen, Girilambone Zone",Paleozoic,Metamorphic hydrothermal,Orogenic,,,Canbelego - Mineral Hill Rift Zone,Central NSW - Omeo Province
333767,Jaguar,"Jaguar Operation, Teutonic Bore group",WA,121.1551,-28.4446,care and maintenance,"Pb, Ag, Zn, Cu",,"Lead, Silver, Zinc, Copper",Independence Group NL,"Yilgarn Craton, Eastern Goldfields Province",Archean,,,,,,West Australian Element
333768,Black Rabbit,Siberia Project,WA,120.8763,-30.3349,mineral deposit,Au,,Gold,Ora Banda Mining Ltd,"Yilgarn Craton, Eastern Goldfields Province",Archean,,,,,,West Australian Element
333769,Millennium and Mavis,West Poitrel,QLD,148.213,-22.025,operating mine,Cbl,,Coal - black,"M Resources Pty Ltd, Stanmore Coal Limited",Bowen Basin,,,,,,Bowen Basin,Anakie Province
333770,Shes Right West,Barnicoat Project,WA,122.4904,-28.6063,historic mine,Au,,Gold,Focus Minerals Limited,"Yilgarn Craton, Eastern Goldfields Province",Archean,,,,,,West Australian Element
333772,Burkes Flat,,VIC,143.5536,-36.6535,mineral deposit,Au,,Gold,Matrix Gold Limited,Lachlan Orogen,,,,,,,Bendigo Zone
333774,White Dam - Olary,"Drew Hill, White Dam Project",SA,140.5793,-32.0955,operating mine,Au,,Gold,GBM Resources Limited,Curnamona Province,Proterozoic,unknown,unknown,unknown,,,Curnamona Province
335341,Kangaroo Caves,"Panorama, Pilbara Copper-Zinc Project",WA,119.2383,-21.2035,mineral deposit,"Zn, Cu, Ag","Pb, Au","Zinc, Copper, (Lead, Silver, Gold)","Develop Global Ltd, CBH Resources Limited, Sipa Resources Ltd",Pilbara Craton,Archean,Volcanic basin hydrothermal,Volcanogenic massive sulfide (VMS),Bimodal-mafic VMS,Warakurna Large Igneous Province,,Pilbara Craton
335342,Cliffs,Has also been known as Cliffs Nickel ; and Mt Keith-Cliffs Charterhall,WA,120.5478,-27.3039,care and maintenance,"Ni, Co, Cu",PGE,"Nickel, Cobalt, Copper, (Platinum group elements)",BHP Group Limited,"Yilgarn Craton, Eastern Goldfields Province, Mount Keith Nickel Metallogenic Province",Archean,Magmatic,Komatiite,Komatiite nickel-copper-PGE,,,West Australian Element
335347,Broken Hill - Rasp Mine,"Broken Hill - CML7 (CBH), Pinnacle",NSW,141.4513,-31.9655,operating mine,"Zn, Pb, Ag",Cu,"Zinc, Lead, Silver, (Copper)",Broken Hill Mines Pty Ltd,Curnamona Province,Proterozoic,,,,,,Curnamona Province
335350,Gala,South Kalgoorlie Operations,WA,121.2329,-30.9845,historic mine,Au,,Gold,Alacer Gold Corporation,Yilgarn Craton,Archean,,,,,,West Australian Element
335351,Sandpiper,"Bald Hill operations, Western Tanami Project",WA,128.8645,-19.587,historic mine,Au,,Gold,"Northern Star Resources Limited, Tanami Gold NL",Tanami Orogen,Proterozoic,Metamorphic hydrothermal,Orogenic,Mesozonal orogenic gold,Kalkarindji Igneous Province,,Tanami Orogen
335352,Prairie Downs,,WA,119.275,-23.7048,mineral deposit,"Zn, Pb",Ag,"Zinc, Lead, (Silver)",Prairie Downs Metals Ltd,"Bangemall Basin, Capricorn Basin",Proterozoic,Metamorphic hydrothermal,Orogenic,Orogenic silver-lead-zinc-copper-antimony,Warakurna Large Igneous Province,Fortescue Basin,Pilbara Craton
335353,Marriott,,WA,120.9915,-28.4491,mineral deposit,Ni,,Nickel,Norwest Minerals Ltd,"Yilgarn Craton, Eastern Goldfields Province, Mount Keith Nickel Metallogenic Province",Archean,Magmatic,Komatiite,Komatiite nickel-copper-PGE,,,West Australian Element
335355,Rocglen,Belmont,NSW,150.2718,-30.7619,closed,Cbl,,Coal - black,Whitehaven Coal Limited,Gunnedah Basin,,,,,,Gunnedah Basin,Eastern Province
335356,Beatons Creek,,WA,120.101,-21.8706,mineral deposit,Au,,Gold,Novo Resources Corp,Pilbara Craton,,Erosional,Placer,Paleoplacer gold ± uranium,Warakurna Large Igneous Province,Fortescue Basin,Pilbara Craton
335358,Attila Trend,Yamarna Project,WA,123.658,-28.1572,mineral deposit,Au,,Gold,Gold Road Resources Limited,"Yilgarn Craton, Eastern Goldfields Province, Yamarna Terrane",Archean,Metamorphic hydrothermal,Orogenic,Mesozonal orogenic gold,,,West Australian Element
335360,Sandalwood,,WA,115.8598,-33.2027,mineral deposit,"Ilm, Zrn, Leu, Rt",,"Ilmenite, Zircon, Leucoxene, Rutile",Cable Sands (WA) Pty Ltd,,,,,,,Mandurah Terrace,Pinjarra Element
335361,Sandalwood-Westover,,WA,115.8695,-33.1658,mineral deposit,"Ilm, Zrn, Leu, Rt",,"Ilmenite, Zircon, Leucoxene, Rutile",Cable Sands (WA) Pty Ltd,,,,,,,Mandurah Terrace,Pinjarra Element
335362,Northparkes,"Goonumbla, NPM",NSW,148.0498,-32.9135,operating mine,"Cu, Au",,"Copper, Gold","Sumitomo Metal Mining Co Ltd, Evolution Mining Limited","Lachlan Orogen, Lachlan Orogen, Cadia Porphyry Copper Gold Metallogenic Province, Macquarie Igneous Province, Junee - Narromine Igneous Subprovince",,Magmatic hydrothermal,Porphyry,Porphyry copper ± gold,,,Eastern Province
335364,Dreadnought,Tindals Project,WA,121.1715,-30.9965,historic mine,Au,,Gold,Focus Minerals Limited,"Yilgarn Craton, Eastern Goldfields Province",Archean,,,,,,West Australian Element
335366,Theil Well,"Siberia Project, Thiel Well",WA,120.9077,-30.3444,historic mine,Au,,Gold,"Ora Banda Mining Ltd, Swan Gold Mining Limited","Yilgarn Craton, Eastern Goldfields Province",Archean,,,,,,West Australian Element
335368,Black Angel,,NT,133.8968,-19.4874,mineral deposit,Au,,Gold,Emmerson Resources Limited,Warramunga Province,Proterozoic,Regional metasomatic,Metasomatic iron,Iron oxide gold,Kalkarindji Igneous Province,Warramunga Province,North Australian Element
335369,Campaspe,,NSW,143.3413,-33.7921,operating mine,"Zrn, Rt, Ilm",Leu,"Zircon, Rutile, Ilmenite, (Leucoxene)",Tronox Limited,Murray Basin,,Erosional,Placer,Heavy mineral sands,,Murray Basin,Stawell Zone
335370,Cooloola,,QLD,153.0,-26.1268,mineral deposit,"Rt, Zrn, Ilm, Mnz, Mnsd",,"Rutile, Zircon, Ilmenite, Monazite, Mineral sands",Department of Natural Resources and Mines,Maryborough Basin,,Erosional,Placer,Heavy mineral sands,,Nambour Basin,New England Orogen
335371,Curtis Island (IA),,QLD,151.17,-23.6269,mineral deposit,"Rt, Zrn, Ilm",,"Rutile, Zircon, Ilmenite",Department of Natural Resources and Mines,New England Orogen,,,,,,,New England Orogen
335372,Inskip Point (IA),Cooloola,QLD,153.0,-25.8168,mineral deposit,"Rt, Zrn, Ilm, Mnz, Mnsd",,"Rutile, Zircon, Ilmenite, Monazite, Mineral sands",Department of Natural Resources and Mines,Maryborough Basin,,Erosional,Placer,Heavy mineral sands,,Nambour Basin,New England Orogen
335373,Labouchere,Deep South,WA,118.2701,-25.2658,historic mine,Au,,Gold,"Westgold Resources Limited, Gleneagle Gold Limited, Resource and Investment NL",Padbury Basin,Proterozoic,Metamorphic hydrothermal,Orogenic,Mesozonal orogenic gold,Warakurna Large Igneous Province,Padbury Basin,West Australian Element
335374,Mount Bonnie,,NT,131.549,-13.5417,historic mine,"Zn, Ag, Au, Pb",Cu,"Zinc, Silver, Gold, Lead, (Copper)",Northern Gold,"Pine Creek Orogen, Mount Todd Gold Metallogenic Province",Proterozoic,Volcanic basin hydrothermal,Volcanogenic massive sulfide (VMS),Felsic-siliciclastic VMS,,,Pine Creek Orogen
335375,Hamersley Iron - Paraburdoo,"Paraburdoo 4 East, Paraburdoo 4 west",WA,117.579,-23.2292,operating mine,"FeOre, Fe",,"Iron ore, Iron","Rio Tinto Limited, HIsmelt",Hamersley Basin,Archean,,,,Warakurna Large Igneous Province,Hamersley Basin,Pilbara Craton
335376,Stawell Project,Stawell Project,VIC,142.8002,-37.0589,operating mine,Au,,Gold,Arete Capital Partners,"Hume Superprovince, Lachlan Orogen, Lachlan Orogen, Bendigo Gold Metallogenic Province, Stawell Zone",,Metamorphic hydrothermal,Orogenic,Mesozonal orogenic gold,,,Stawell Zone
335378,Century,,QLD,138.625,-18.7381,operating mine,Zn,"Ag, Pb","Zinc, (Silver, Lead)",Sibanye Stillwater,"Mount Isa Orogen, Century Domain, Lawn Hill Platform",Mesoproterozoic,Basin hydrothermal,Sediment-hosted,Siliciclastic-carbonate zinc-lead,,Georgina Basin,Century Domain
335383,Baal Gammon,"UNA, Watsonville",QLD,145.3269,-17.3775,care and maintenance,"Cu, In, Sn, Ag",,"Copper, Indium, Tin, Silver","Kagara Limited, Monto Minerals NL",Hodgkinson Province,,Magmatic hydrothermal,Vein,Vein tin polymetallic,,,Mossman Orogen
335390,Torrington,,NSW,151.682,-29.2632,historic mine,"W, WO3, Toz, Bi, Sn",,"Tungsten, Tungsten trioxide (wolframite), Topaz, Bismuth, Tin",Green Critical Minerals Ltd,New England Orogen,,,,,,,New England Orogen
335394,Cloncurry Copper Project,"Cloncurry Copper-Gold Restart Project, Paddock Lode",QLD,140.5105,-20.7206,under development,"Cu, Au, Co",,"Copper, Gold, Cobalt",True North Copper Ltd,"Mount Isa Orogen, Mary Kathleen Zone",Proterozoic,Regional metasomatic,IOCG,Magnetite-dominant IOCG,,,Doherty - Fig Tree Gully Domain
335395,Kangaroo Rat,Wallace,QLD,140.755,-20.837,historic mine,Cu,"Au, Co","Copper, (Gold, Cobalt)",True North Copper Ltd,"Mount Isa Orogen, Cloncurry-Selwyn Zone",Proterozoic,,,,,,Soldiers Cap Domain
335396,McCabe,Mt McCabe,QLD,140.4906,-21.0658,historic mine,"Cu, Co",,"Copper, Cobalt",Fetch Metals,"Mount Isa Orogen, Quamby-Malbon Zone",Proterozoic,,,,,,Marimo-Staveley Domain
335399,Crown Lyell,"Crown Lyell 1, Crown Lyell 2, Crown Lyell 3",TAS,145.588,-42.0499,historic mine,"Au, Cu, Ag, Zn, Pb",,"Gold, Copper, Silver, Zinc, Lead",Vedanta Resources PLC,"Delamerian Orogen, Dundas Trough, Mount Lyell Copper-Gold Metallogenic Province",,Volcanic basin hydrothermal,Volcanogenic massive sulfide (VMS),Bimodal felsic VMS,,Thylacine Province,Delamerian Orogen
335402,Dead Bullock Soak,"Colliwobble Ridge, Dead Bullock Ridge, Fumarole, Tanami Project, Villa",NT,129.9336,-20.5256,historic mine,Au,,Gold,Newmont Mining Corporation,"Callie, The Granites-Tanami Block",Paleoproterozoic,Metamorphic hydrothermal,Orogenic,Mesozonal orogenic gold,Kalkarindji Igneous Province,,Tanami Orogen
335405,Rustlers Roost,Mt Bundy Project,NT,131.4984,-12.917,historic mine,Au,,Gold,China Hanking Holdings Limited,"Pine Creek Orogen, Mount Todd Gold Metallogenic Province",Proterozoic,Metamorphic hydrothermal,Orogenic,Mesozonal orogenic gold,,,Pine Creek Orogen
335406,Hope Downs 4,"Coondiner, East Angelas, Kalgan, Kalgan West-Parmelia",WA,119.5788,-23.1459,mineral deposit,"FeOre, Fe",,"Iron ore, Iron","Hancock Prospecting Pty Ltd, Rio Tinto Limited",Hamersley Basin,Archean,,,,Warakurna Large Igneous Province,Hamersley Basin,Pilbara Craton
335407,Cargo,,NSW,148.7957,-33.4339,mineral deposit,"Au, Cu",,"Gold, Copper",Golden Cross Resources Limited,"Lachlan Orogen, Macquarie Igneous Province, Molong - Sofala Igneous Subprovince",Paleozoic,Magmatic hydrothermal,Porphyry,Porphyry copper ± gold,,,Eastern Province
335408,Aladdin,Nannine Project,WA,118.3472,-26.8695,historic mine,Au,,Gold,Reed Resources Limited,Yilgarn Craton,Archean,,,,Warakurna Large Igneous Province,,West Australian Element
335411,Brilliant - Coolgardie,Tindals Project,WA,121.1828,-30.9695,historic mine,Au,,Gold,Focus Minerals Limited,Yilgarn Craton,Archean,,,,,,West Australian Element
335414,Lawlers Project,"Fairyland, Great Eastern, Hidden Secret, Lawlers Project, New Holland",WA,120.5357,-28.0789,mineral deposit,Au,,Gold,Gold Fields Limited,"Yilgarn Craton, Eastern Goldfields Province",Archean,Metamorphic hydrothermal,Orogenic,Mesozonal orogenic gold,,,West Australian Element
335416,Pug Hill,,SA,138.1136,-30.3094,mineral deposit,"Mgs, MgO, Mg",,"Magnesite, Magnesia (magnesium oxide), Magnesium",Archer Exlporation Limited,,,Basin evaporative,Evaporite,Marine evaporite magnesite,,,South Australian Element
335420,Boundary Hill,includes Kilburnie,QLD,150.4941,-24.1994,mineral deposit,Cbl,,Coal - black,Anglo Coal Australia Pty Ltd,Callide Basin,,,,,,,Yarrol Province
335421,Boundary - Dingo Range,,WA,121.437,-27.3667,mineral deposit,Au,,Gold,Bullseye Mining Ltd,"Yilgarn Craton, Eastern Goldfields Province",Archean,,,,,,West Australian Element
335423,Mount Margaret (Including Marshall Pool),,WA,120.9861,-28.3119,mineral deposit,"Ni, Co",,"Nickel, Cobalt",Glencore Plc,"Yilgarn Craton, Eastern Goldfields Province",Cenozoic,,,,,,West Australian Element
335424,Ridgeway,Cadia Valley,NSW,148.9759,-33.4353,care and maintenance,"Cu, Au, Mo","Ag, As","Copper, Gold, (Silver, Molybdenum, Arsenic)",Newcrest Mining Limited,"Lachlan Orogen, Lachlan Orogen, Cadia Porphyry Copper Gold Metallogenic Province",,Magmatic hydrothermal,Epithermal,Low-sulfidation (LS) epithermal gold-silver,,,Eastern Province
335430,Ellendale 9,,WA,124.8562,-17.562,mineral deposit,"Dmd, Dmdi, Dmdg",,"Diamond - undifferentiated, Diamond - industrial, Diamond - gem and cheap gem",Gem Diamonds Limited,,,Magmatic,Kimberlite,Kimberlite diamond,Kalkarindji Igneous Province,Oscar Range Province,King Leopold Orogen
335431,Golf Bore,,SA,134.0194,-29.5815,mineral deposit,Au,,Gold,"Dominion Mining Ltd, Southern Gold Limited",Gawler Craton,Proterozoic,,,,,Garford Paleovalley,Christie Domain
335432,Mindarie,Mercunda Project,SA,140.2075,-34.795,operating mine,"Zrn, Rt, Ilm, Leu, Ti",,"Zircon, Rutile, Ilmenite, Leucoxene, Titanium",Murray Zircon Pty Ltd,Murray Basin,,Erosional,Placer,Paleoplacer heavy mineral sands,,Murray Basin,Delamerian Orogen
335434,Orion,Gidgee Project,WA,119.3189,-26.9296,mineral deposit,Au,,Gold,Horizon Gold Limited,Yilgarn Craton,Archean,,,,,Hope Paleovalley,West Australian Element
335435,Eagle,Gidgee Project,WA,119.4125,-27.2649,historic mine,Au,,Gold,Horizon Gold Limited,Yilgarn Craton,Archean,,,,,Raeside Paleovalley,West Australian Element
335438,Black Cat - Dunnsville,,WA,120.91,-30.7065,mineral deposit,Au,,Gold,Ramelius Resources Limited,"Yilgarn Craton, Eastern Goldfields Province",Archean,,,,,,West Australian Element
335440,Toedter,Gidgee Project,WA,119.3451,-26.8221,historic mine,Au,,Gold,"Horizon Gold Limited, Panoramic Resources Limited",Yilgarn Craton,Archean,,,,,,West Australian Element
335441,Anchor,,WA,122.345,-27.6719,mineral deposit,Au,,Gold,Regis Resources Limited,"Yilgarn Craton, Eastern Goldfields Province",Archean,,,,,,West Australian Element
335444,Atric Zone,,QLD,144.3528,-16.513,mineral deposit,Au,,Gold,Republic Gold Ltd.,Mossman Orogen,Paleozoic,,,,,,Mossman Orogen
335446,Raleigh - Kundana,East Kundana JV,WA,121.2432,-30.7276,operating mine,Au,,Gold,"Rand Mining Limited, Tribune Resources Limited, Northern Star Resources Limited","Yilgarn Craton, Eastern Goldfields Province",Archean,,,,,Roe Paleovalley,West Australian Element
335447,British King,,WA,121.2437,-27.9404,care and maintenance,Au,,Gold,"Central Iron Ore Ltd, BK Gold Mines Pty Ltd",Yilgarn Craton,Archean,,,,,,West Australian Element
335448,Santa,Randalls Project,WA,122.2028,-31.0456,operating mine,Au,,Gold,Silver Lake Resources Limited,Yilgarn Craton,Archean,,,,,,West Australian Element
335449,Caustons,Tuckabianna Project,WA,118.1393,-27.4568,historic mine,Au,,Gold,Silver Lake Resources Limited,Yilgarn Craton,Archean,,,,,,West Australian Element
335451,Brockman-Hastings,Brockman,WA,127.785,-18.3195,mineral deposit,"REO, Nb2O5, Y2O3, Ga, HfO2, Ta2O5, Hf, Nb, U, Ta, Y, Zr, REE","ZrO2, Zrn","Rare earth oxides, (Zirconia, Niobium pentoxide, Yttrium oxide, Gallium, Hafnium oxide, Tantalum pentoxide, Hafnium, Niobium, Uranium, Tantalum, Yttrium, Zirconium, Rare earth elements, Zircon)",Hastings Rare Metals Limited,"Halls Creek Orogen, Lamboo Province",Paleoproterozoic,Magmatic,Peralkaline igneous,Peralkaline igneous HFSE-REE,Kalkarindji Igneous Province,,Halls Creek Orogen
335452,Croydon,,QLD,142.2315,-18.182,historic mine,Au,,Gold,Chase Mining Corporation Limited,"Croydon Gold Metallogenic Province, Croydon Igneous Province, Croydon Province, Georgetown Block",,Metamorphic hydrothermal,Orogenic,Epizonal orogenic gold,Croydon Province,,North Australian Element
335453,East Kalkaroo,Yarramba,SA,140.6756,-31.7409,mineral deposit,"U, U3O8",,"Uranium, Uranium oxide",Boss Resources Ltd,Lake Eyre Basin,Cenozoic,,,,,Yarramba Paleovalley,Curnamona Province
335454,Forest Reefs,,NSW,149.0766,-33.4581,historic mine,Au,,Gold,Newcrest Mining Limited,"Lachlan Orogen, Lachlan Orogen, Hill End",,,,,,,Eastern Province
335456,Kintyre,,WA,122.0722,-22.3374,mineral deposit,U,U3O8,"Uranium, (Uranium oxide)","CAMECO, Cameco Corporation","Paterson Orogen, Rudall PGE (prospective) Metallogenic Province, Rudall Province",Proterozoic,Basin hydrothermal,Unconformity-related,Unconformity-related uranium,Kalkarindji Igneous Province,,Rudall Province
335457,Mount Bischoff,,TAS,145.5264,-41.4269,care and maintenance,"Sn, Cu",,"Tin, Copper","Metals X Limited, Yunnan Tin Group","Delamerian Orogen, Dundas Trough",,Magmatic hydrothermal,Skarn,Skarn tin ± copper ± Mo,,Thylacine Province,Delamerian Orogen
335458,Starra,Selwyn,QLD,140.4744,-21.6784,historic mine,"Cu, Au",,"Copper, Gold",Inova Resources,"Mount Isa Orogen, Selwyn Metallogenic Province, Cloncurry-Selwyn Zone",Paleoproterozoic,Regional metasomatic,IOCG,Magnetite-dominant IOCG,,,Marimo-Staveley Domain
335459,Sherlock Bay,,WA,117.5406,-20.8112,mineral deposit,Ni,"Co, Cu","Nickel, (Cobalt, Copper)","Sherlock Investors Pty Ltd, Sabre Resources Ltd","Pilbara Craton, Sherlock Bay Nickel Metallogenic Province",Archean,,,,Warakurna Large Igneous Province,,Pilbara Craton
335460,Wolfram Camp,,QLD,144.9705,-17.083,historic mine,"Mo, MoS2, Bi","WO3, W","Molybdenum, (Tungsten trioxide (wolframite), Molybdenite, Bismuth, Tungsten)",EQ Resources Limited,"Hodgkinson Province, North Queensland Igneous Province",,Magmatic hydrothermal,Greisen,Greisen tin ± W-Mo,,,Mossman Orogen
335462,Youanmi,,WA,118.8401,-28.6078,historic mine,Au,,Gold,Rox Resources Limited,"Yilgarn Craton, Bounty Gold Metallogenic Province, Southern Cross Province, Southern Cross Domain (Youanmi Terrane)",Archean,Metamorphic hydrothermal,Orogenic,Mesozonal orogenic gold,,,West Australian Element
335463,Jimblebar (BHP),"Ferro Gully, McCameys, McCameys Monster, Wheelarra Hill",WA,120.1391,-23.3793,operating mine,FeOre,Fe,"Iron ore, (Iron)",Itochu Corporation,Hamersley Basin,Archean,Basin chemical,Iron formation,Superior-type banded iron formation,Warakurna Large Igneous Province,Hamersley Basin,Pilbara Craton
335464,Devon,"Linden, Olympic-Devon",WA,122.4482,-29.2847,care and maintenance,Au,,Gold,Matsa Resources Limited,"Yilgarn Craton, Eastern Goldfields Province",Archean,unknown,unknown,unknown,,Carey Paleovalley,West Australian Element
335465,Willowdale,,WA,116.0618,-32.8451,operating mine,"Bx, Al2O3",,"Bauxite, Alumina",Alcoa,"Yilgarn Craton, Southwest Terrane, Western Gneiss Terrane",Cenozoic,Supergene,Laterite,Bauxite,,,West Australian Element
335466,Dianne Project,,QLD,138.8179,-18.7956,mineral deposit,"Cu, Ag",,"Copper, Silver",Revolver Resources Ltd,Hodgkinson Province,,Basin hydrothermal,Sediment-hosted,Siliciclastic-carbonate zinc-lead,,,Century Domain
335470,Walhalla-Wood's Point Goldfield,Walhalla Gold Project,VIC,146.45,-37.947,historic mine,Au,,Gold,Orion Gold NL,"Lachlan Orogen, Lachlan Orogen, Walhalla-Wood's Point Gold Metallogenic Province",,,,,,Selwyn Province,Melbourne-Mathinna Zone
335472,Radio Hill,,WA,116.8648,-20.9825,care and maintenance,"Ni, Cu, Co",Au,"Nickel, Copper, Cobalt, (Gold)",Artemis Resources Limited,"Pilbara Craton, Radio Hill Nickel Metallogenic Province",Archean,Magmatic,Ultramafic and (or) mafic intrusion,U-M intrusion nickel-copper-PGE,Warakurna Large Igneous Province,,Pilbara Craton
335473,Cowal,"Endeavour 42, Lake Cowal",NSW,147.4067,-33.6369,operating mine,Au,Ag,"Gold, (Silver)",Evolution Mining Limited,"Lachlan Orogen, Lachlan Orogen, Cadia Porphyry Copper Gold Metallogenic Province, Junee - Narromine Igneous Subprovince",,Magmatic hydrothermal,Epithermal,Low-sulfidation (LS) epithermal gold-silver,,,Eastern Province
335474,Callide,includes EPC188 & Boundary Hill,QLD,150.6222,-24.3109,operating mine,Cbl,,Coal - black,Batchfire Resources Pty Ltd,Callide Basin,,,,,,Mulgildie Basin,Yarrol Province
335587,Kingfisher,Gidgee Project,WA,119.4272,-27.2856,historic mine,Au,,Gold,"Horizon Gold Limited, Panoramic Resources Limited","Yilgarn Craton, Bounty Gold Metallogenic Province, Murchison Domain",Archean,,,,,Raeside Paleovalley,West Australian Element
335588,Bullen,Norseman Project,WA,121.7987,-32.1979,historic mine,Au,,Gold,Norseman Gold PLC,"Yilgarn Craton, Kalgoorlie Gold Metallogenic Province",Archean,,,,,,West Australian Element
335590,Batman,Mt Todd,NT,132.101,-14.1387,mineral deposit,Au,,Gold,Vista Gold Corporation,Pine Creek Orogen,,Metamorphic hydrothermal,Orogenic,Mesozonal orogenic gold,Kalkarindji Igneous Province,,Pine Creek Orogen
335593,Transvaal (Mt Morgans),Mount Morgans Gold Project,WA,122.0766,-28.7495,mineral deposit,Au,,Gold,"Dacian Gold Limited, Range River Gold Limited",Yilgarn Craton,Archean,,,,,,West Australian Element
335595,Windarling,"W1, W2, W3, W4, W5, Windarling Peak",WA,119.2645,-30.0122,mineral deposit,"FeOre, Fe",,"Iron ore, Iron",Cliffs Natural Resources,Yilgarn Craton,,Volcanic basin hydrothermal,Volcanogenic,Algoma-type banded iron formation,,,West Australian Element
335596,Westside,,NSW,151.57,-32.9468,historic mine,Cbl,,Coal - black,"Marubeni Corporation, Xstrata plc",Sydney Basin,,,,,,Sydney Basin,Eastern Province
335597,Baal Bone,,NSW,150.05,-33.2669,closed,Cbl,,Coal - black,Glencore Plc,Sydney Basin,,,,,,Sydney Basin,Eastern Province
335599,Duncan,Blackwood Mt Nicholas,TAS,148.1105,-41.5552,historic mine,Cbl,,Coal - black,Cornwall Coal Company NL,Tasmania Basin,,,,,,Tasmania Basin,Melbourne-Mathinna Zone
335601,Michaelangelo West,Gullewa Project,WA,116.2812,-28.6868,mineral deposit,Au,,Gold,Doray Minerals Limited,Yilgarn Craton,Archean,,,,,,West Australian Element
335602,Trojan,South Kalgoorlie Operations,WA,122.0453,-30.8969,mineral deposit,Au,,Gold,"Alacer Gold Corporation, Metals X Limited, Northern Star Resources Limited",Yilgarn Craton,Archean,,,,,,West Australian Element
335604,Harry's Hill,Aldiss Project,WA,122.5562,-31.0465,care and maintenance,Au,,Gold,"Integra Mining Limited, Silver Lake Resources Limited","Yilgarn Craton, Eastern Goldfields Province",Archean,,,,,,West Australian Element
335605,Anna,,SA,139.3847,-34.429,mineral deposit,Cbr,,Coal - brown,Anglo Coal Australia Pty Ltd,Murray Basin,,,,,,Murray Basin,Delamerian Orogen
335609,Seagull,,WA,119.7376,-32.5543,mineral deposit,Ni,Co,"Nickel, (Cobalt)",IGO Ltd,"Yilgarn Craton, Southern Cross Province",Archean,,,,,,West Australian Element
335616,Goongarrie,,WA,121.1476,-30.0086,mineral deposit,"Ni, Co, Fe, Al2O3, Cr","Sc, Mn","Nickel, Cobalt, (Scandium, Iron, Alumina, Chromium, Manganese)","Ardea Resources Limited, Heron Resources Limited","Yilgarn Craton, Eastern Goldfields Province",Cenozoic,,,,,Rebecca Paleovalley,West Australian Element
335617,Magazine-Grants,Paddy's Flat Project,WA,118.485,-26.6122,historic mine,Au,,Gold,"Westgold Resources Limited, Reed Resources Limited",Yilgarn Craton,Archean,,,,Warakurna Large Igneous Province,,West Australian Element
335618,Mount Deans,,WA,121.7851,-32.3045,mineral deposit,"Sn, Ta2O5, Ta, Li, Nb, Nb2O5",,"Tin, Tantalum pentoxide, Tantalum, Lithium, Niobium, Niobium pentoxide",Aruma Resources Ltd,Yilgarn Craton,,,,,,,West Australian Element
335619,Gunga West,Coolgardie,WA,121.215,-30.9097,mineral deposit,Au,,Gold,FMR Investments Pty Ltd,Yilgarn Craton,,,,,,,West Australian Element
335620,Mount Pleasant (MACH Energy Pty Limited),,NSW,150.84,-32.2368,operating mine,Cbl,,Coal - black,"Mach Energy Pty Limited, Rio Tinto Limited",Sydney Basin,,,,,,Sydney Basin,Eastern Province
335621,Rehe's,Fosterville Project,VIC,144.4925,-36.6774,historic mine,Au,,Gold,"Crocodile Gold Corporation, Newmarket Gold Inc",Lachlan Orogen,,,,,,,Bendigo Zone
335622,Chamellion,,WA,120.4951,-30.9845,historic mine,Au,,Gold,Croesus Mining,Yilgarn Craton,,,,,,,West Australian Element
335623,Blue Vein,Mt Holland Gold Project,WA,119.758,-32.1461,historic mine,Au,,Gold,Convergent Minerals Limited,Yilgarn Craton,Archean,Metamorphic hydrothermal,Orogenic,Mesozonal orogenic gold,,,West Australian Element
335624,Ethel,,QLD,145.1982,-17.0089,mineral deposit,Au,,Gold,Republic Gold Ltd.,Mossman Orogen,,,,,,,Mossman Orogen
335628,Byfield,Bayfield,QLD,150.7,-22.7969,mineral deposit,"Rt, Zrn, Ilm, Mnz, Mnsd",,"Rutile, Zircon, Ilmenite, Monazite, Mineral sands",RZM Pty Ltd,New England Orogen,,Erosional,Placer,Heavy mineral sands,,,New England Orogen
335631,Maroochydore,,WA,122.3141,-22.1991,mineral deposit,"Cu, Co",,"Copper, Cobalt",Cyprium Metals Ltd,"Paterson Orogen, Yeneena Basin",Proterozoic,Basin hydrothermal,Sediment-hosted,Sediment-hosted copper ± Co,Kalkarindji Igneous Province,Canning Basin,Paterson Orogen
335634,Wilpinjong,,NSW,149.885,-32.332,operating mine,Cbl,,Coal - black,Peabody Energy Corp.,Sydney Basin,,,,,,Sydney Basin,Eastern Province
335635,Bymount,,QLD,148.6594,-25.5134,mineral deposit,Cbl,,Coal - black,"Bunji Corporation Ltd, Baralaba Coal Company Limited",Surat Basin,Mesozoic,,,,,Surat Basin,Anakie Province
335636,Pamelia HD6,East Angelas,WA,119.5208,-23.227,mineral deposit,FeOre,Fe,"Iron ore, (Iron)","Rio Tinto Limited, Hancock Prospecting Pty Ltd",Pilbara Craton,,,,,Warakurna Large Igneous Province,Hamersley Basin,Pilbara Craton
335640,Grand Slam,St Ives Project,WA,121.7725,-31.325,historic mine,Au,,Gold,Gold Fields Limited,"Yilgarn Craton, Eastern Goldfields Province",Archean,,,,,,West Australian Element
335641,Lord Nelson,Sandstone Project,WA,119.5064,-28.1481,historic mine,Au,,Gold,Aurumin Limited,"Yilgarn Craton, Southern Cross Province",Archean,,,,,,West Australian Element
334914,White Foil,Mungari East Project,WA,121.2506,-30.7738,operating mine,Au,,Gold,"Evolution Mining Limited, Weather Investments II S.ar.l, La Mancha Resources Inc","Yilgarn Craton, Eastern Goldfields Province, Kalgoorlie Gold Metallogenic Province",Archean,,,,,Roe Paleovalley,West Australian Element
335141,Peak Hill (Mn),"Millidie, Mt Padbury",WA,118.605,-25.4572,mineral deposit,MnOre,Mn,"Manganese ore, (Manganese)",Mineral Resources,Bryah Basin,Cenozoic,,,,Warakurna Large Igneous Province,Bryah Basin,West Australian Element
335154,Mount Dimer,,WA,119.8281,-30.3934,historic mine,"Au, Ag",,"Gold, Silver",Beacon Minerals Limited,"Yilgarn Craton, Southern Cross Province",Archean,,,,,,West Australian Element
335155,Mount Hutton,SAMAG Project,SA,138.302,-30.489,mineral deposit,"Mgs, Mg",MgO,"Magnesite, Magnesium, (Magnesia (magnesium oxide))",Archer Exlporation Limited,Delamerian Orogen,Neoproterozoic,Basin evaporative,Evaporite,Marine evaporite magnesite,,,South Australian Element
335156,Tritton,,NSW,146.7216,-31.3956,operating mine,"Cu, Ag","Au, Co","Copper, (Gold, Silver, Cobalt)","Aeris Resources Limited, Straits Resources Limited","Lachlan Orogen, Lachlan Orogen, Girilambone Base Metal Metallogenic Province, Girilambone Zone",Paleozoic,Volcanic basin hydrothermal,Volcanogenic massive sulfide (VMS),Mafic-siliciclastic VMS,,,Central NSW - Omeo Province
335157,Golden Grove,"Gossan Hill, Scuddles",WA,116.9848,-28.7629,operating mine,"Cu, Zn, Pb, Ag, Au",,"Copper, Zinc, Lead, Silver, Gold",29Metals Ltd,"Yilgarn Craton, Murchison Province",Archean,,,,,,West Australian Element
335164,Rywung,MDL 247,QLD,150.4677,-26.6786,mineral deposit,Cbl,,Coal - black,"Chandail Pty Ltd, Ecarlate Pty Ltd, Yanzhou Coal Mining Company Limited",Surat Basin,Mesozoic,,,,,Surat Basin,Connors-Auburn Province
335165,Weld Range,"Beebyn W7 to W12, Madoonga W14, Wilgie Mia",WA,117.7014,-26.8295,mineral deposit,FeOre,Fe,"Iron ore, (Iron)","Mount Ridley Mines Ltd, Midwest Corporation Limited, Sinosteel Midwest Corporation","Pilbara Craton, Yilgarn Craton, Weld Range PGE Metallogenic Province",,,,,Warakurna Large Igneous Province,,West Australian Element
335166,Ruth Well,,WA,116.8655,-20.8684,mineral deposit,"Ni, Cu, Co, Pd",,"Nickel, Copper, Cobalt, Palladium",GreenTech Metals Ltd,"Pilbara Craton, Ruth Well Nickel Metallogenic Province",Proterozoic,Magmatic,Ultramafic and (or) mafic-layered intrusion,U-M layered intrusion iron-titanium-vanadium,Warakurna Large Igneous Province,,Pilbara Craton
335169,South Slopeaway,,QLD,149.8344,-22.9287,mineral deposit,"Ni, Co",,"Nickel, Cobalt",Gladstone Pacific Nickel Ltd,New England Orogen,Cenozoic,,,,,,New England Orogen
335172,Mount Freda,,QLD,140.7379,-20.9786,mineral deposit,"Co, Au",,"Cobalt, Gold",Tombola Gold Ltd,Mount Isa Orogen,,,,,,,Soldiers Cap Domain
335173,Gunnedah,,NSW,150.18,-31.0168,closed,Cbl,,Coal - black,Whitehaven Coal Limited,Gunnedah Basin,,,,,,,Eastern Province
335175,Crossroads (Kanowna North West),,WA,121.4666,-30.5703,mineral deposit,Au,,Gold,"Jackson Gold Limited, Jackson Minerals Limited, Northern Star Resources Limited","Yilgarn Craton, Eastern Goldfields Province",Archean,,,,,Roe Paleovalley,West Australian Element
335176,Hail Creek West,Lake Elphinstone,QLD,148.2608,-21.4882,mineral deposit,Cbl,,Coal - black,"Glencore Plc, Marubeni Corporation, Nippon Steel Australia Pty Ltd, Rio Tinto Limited, Sumitomo Corporation",Bowen Basin,,,,,,Bowen Basin,Connors-Auburn Province
335177,Happy Jack - Coolgardie,Tindals Project,WA,121.1746,-30.9712,mineral deposit,Au,,Gold,Focus Minerals Limited,Yilgarn Craton,Archean,,,,,,West Australian Element
335179,Italia-Argonaut,"Aldiss Project, Italia/Argonaut",WA,122.5802,-31.217,mineral deposit,Au,,Gold,Silver Lake Resources Limited,Yilgarn Craton,Archean,,,,,Lefroy Paleovalley,West Australian Element
335180,Boyup Basin,,WA,116.2512,-33.7688,mineral deposit,Cbl,,Coal - black,Griffin Coal,Boyup Basin,,,,,,,West Australian Element
335182,Willung,,VIC,146.76,-38.257,mineral deposit,Cbr,,Coal - brown,Department of Primary Industries,Gippsland Basin,Cenozoic,,,,,Selwyn Province,Melbourne-Mathinna Zone
335184,Mount Marion,,WA,121.4611,-31.0738,operating mine,"Li, Li2O",,"Lithium, Lithium oxide","Jiangxi Ganfeng Lithium Co. Ltd, Mineral Resources","Yilgarn Craton, Kalgoorlie Terrane",,Magmatic,Pegmatite,LCT pegmatite,,,West Australian Element
335186,Niobe,Dalgaranga-Niobe,WA,117.2184,-27.7098,mineral deposit,"Ta, Ta2O5, Li, Rb",,"Tantalum, Tantalum pentoxide, Lithium, Rubidium",Aldoro Resources Ltd,"Yilgarn Craton, Murchison Domain (Youanmi Terrane)",,Magmatic,Pegmatite,LCT pegmatite,,,West Australian Element
335189,Jubilee - Granny Smith,Granny Smith Project,WA,122.4836,-29.042,historic mine,Au,,Gold,Gold Fields Limited,"Yilgarn Craton, Kurnalpi Terrane",Archean,Metamorphic hydrothermal,Orogenic,Mesozonal orogenic gold,,,West Australian Element
335190,Cylinder,,NSW,143.0801,-34.1419,mineral deposit,"Zrn, Rt, Ilm",Leu,"Zircon, Rutile, Ilmenite, (Leucoxene)",Tronox Limited,Murray Basin,,Erosional,Placer,Heavy mineral sands,,Murray Basin,Stawell Zone
335191,Larkin Find,,WA,122.2577,-29.4663,mineral deposit,"Ni, Co",,"Nickel, Cobalt",Solstice Minerals Ltd,"Yilgarn Craton, Eastern Goldfields Province",Cenozoic,,,,,Raeside Paleovalley,West Australian Element
335193,Cobia,Gidgee Project,WA,119.3825,-27.0187,historic mine,Au,,Gold,Panoramic Resources Limited,Yilgarn Craton,Archean,,,,,,West Australian Element
335196,Ambergate,,WA,115.3063,-33.7114,mineral deposit,,,,Strategic Energy Resources,,,Erosional,Placer,Heavy mineral sands,,Bunbury Trough,Pinjarra Orogen
335197,Maidment,,WA,115.5176,-33.5596,historic mine,"Ilm, Zrn, Leu, Rt",,"Ilmenite, Zircon, Leucoxene, Rutile",Cable Sands (WA) Pty Ltd,,,,,,,Bunbury Trough,Pinjarra Orogen
335198,Windanya-Blue Dam,,WA,121.2538,-30.38,mineral deposit,"Co, Ni",,"Cobalt, Nickel",Heron Resources Limited,,,,,,,,West Australian Element
335199,Wilsons,Gidgee Project,WA,119.4709,-27.1347,historic mine,Au,,Gold,"Horizon Gold Limited, Panoramic Resources Limited",Yilgarn Craton,Archean,,,,,,West Australian Element
335200,Willunga,includes Vermont East,QLD,148.459,-22.487,mineral deposit,Cbl,,Coal - black,"Macarthur Coal, Pembroke Resources Pty Ltd",Bowen Basin,,,,,,Bowen Basin,Anakie Province
335201,Cardiff Borehole,,NSW,151.651,-32.932,closed,Cbl,,Coal - black,"JFE Holdings Inc, Marubeni Corporation, Glencore Plc",Sydney Basin,,,,,,Sydney Basin,Eastern Province
335202,Hillsborough,Great Southern Project,WA,120.198,-33.6748,mineral deposit,"Au, Cu",,"Gold, Copper","ACH Global Pty Ltd, Phillips River Mining NL, Silver Lake Resources Limited","Yilgarn Craton, Southern Cross Province",Archean,,,,,,Northern Foreland
335203,Laverton West,Central Laverton Project,WA,122.3759,-28.6325,historic mine,Au,,Gold,Focus Minerals Limited,"Yilgarn Craton, Eastern Goldfields Province",Archean,,,,,,West Australian Element
335204,Mount Charlotte,Kalgoorlie Project,WA,121.4809,-30.7464,historic mine,Au,,Gold,"Barrick Gold Corporation, Newmont Mining Corporation, Kalgoorlie Consolidated Gold Mines","Yilgarn Craton, Eastern Goldfields Province, Eastern Goldfields Superterrane, Kalgoorlie Gold Metallogenic Province, Kalgoorlie Terrane, Norseman-Wiluna Belt",Archean,Metamorphic hydrothermal,Orogenic,Mesozonal orogenic gold,,,West Australian Element
335207,Granite Castle,,QLD,145.2789,-17.5571,mineral deposit,"Au, Ag",,"Gold, Silver",Maroon Gold Pty Ltd,Mossman Orogen,,unknown,unknown,unknown,,,Mossman Orogen
335208,Tiwi,,NT,130.83,-11.36,historic mine,"Zrn, Rt, Ilm, Leu",,"Zircon, Rutile, Ilmenite, Leucoxene","MZI Resources Limited, Matilda Minerals Ltd",,,Erosional,Placer,Heavy mineral sands,,Money Shoal Basin,Pine Creek Orogen
335209,Wilga,"Benambra, Stockman",VIC,147.8834,-37.0037,historic mine,"Cu, Zn, Ag","Au, Pb","Copper, Zinc, (Gold, Silver, Lead)",Aeris Resources Limited,"Lachlan Orogen, Lachlan Orogen, Benambra Base Metal Metallogenic Province, Enano Province",,Volcanic basin hydrothermal,Volcanogenic massive sulfide (VMS),Bimodal felsic VMS,,,Eastern Province
335210,Dobroyde,"Junee Reefs, Junee Reefs Gold Project",NSW,147.6514,-34.7618,mineral deposit,Au,,Gold,New South Resources Limited,"Lachlan Orogen, Lachlan Orogen, Lachlan Orogen, Gidginbung Metallogenic Province",,unknown,unknown,unknown,,,Eastern Province
335211,Ellendale,"Ellendale 4, Ellendale 9",WA,124.858,-17.5632,closed,Dmd,,Diamond - undifferentiated,Gibb River Diamonds,"Canning Basin, Lennard Shelf",,Magmatic,Kimberlite,Kimberlite diamond,Kalkarindji Igneous Province,Oscar Range Province,King Leopold Orogen
335212,Karonie - Main Zone,Aldiss Project,WA,122.56,-31.034,mineral deposit,Au,,Gold,Silver Lake Resources Limited,"Yilgarn Craton, Eastern Goldfields Province, Kalgoorlie Gold Metallogenic Province",Archean,Metamorphic hydrothermal,Orogenic,Mesozonal orogenic gold,,,West Australian Element
335214,West Angelas,,WA,118.7883,-23.1885,operating mine,"FeOre, Fe",,"Iron ore, Iron",Rio Tinto Limited,Hamersley Basin,Archean,,,,Warakurna Large Igneous Province,Hamersley Basin,Pilbara Craton
335215,Edwards Find,Southern Cross Operations; Sunshine Reward,WA,119.3853,-31.5659,mineral deposit,Au,,Gold,"Shandong Tianye Real Estate, China Hanking Holdings Limited","Yilgarn Craton, Bounty Gold Metallogenic Province, Southern Cross Province",Archean,,,,,,West Australian Element
335217,Valhalla,,QLD,139.369,-20.3861,mineral deposit,U,U3O8,"Uranium, (Uranium oxide)",Paladin Energy Limited,"Mount Isa Orogen, Leichhardt River Fault Trough",Proterozoic,Regional metasomatic,Alkali-calcic,Albitite-hosted uranium,,,Leichhardt River Domain
335219,Butcher Well,Red October Project,WA,122.3187,-29.2451,mineral deposit,Au,,Gold,"Northern Star Resources Limited, AngloGold Ashanti Limited","Yilgarn Craton, Eastern Goldfields Province",Archean,,,,,,West Australian Element
335220,Mulwarrie,,WA,120.5544,-29.9892,historic mine,Au,,Gold,Gorilla Gold Mines Limited,"Yilgarn Craton, Kalgoorlie Gold Metallogenic Province",Archean,,,,,,West Australian Element
335221,South Blackwater,"Humboldt, Kenmare, Kennedy, Laleham No1, Terang, Togara",QLD,148.75,-23.9469,historic mine,Cbl,,Coal - black,BMA,Bowen Basin,,,,,,Bowen Basin,Anakie Province
335224,Little Wonder Group,"Cosmopolitan, Little Wonder, Mussolini, Trump",QLD,139.9962,-19.9356,historic mine,Cu,,Copper,Matrix metals,"Mount Isa Orogen, Kalkadoon-Leichhardt Belt",Proterozoic,,,,,,Mary Kathleen Domain
335232,Dawson South,Theodore North,QLD,150.0307,-24.8766,mineral deposit,Cbl,,Coal - black,Anglo Coal Australia Pty Ltd,Bowen Basin,,,,,,Bowen Basin,Connors-Auburn Province
335234,Cawse Extended,,WA,121.146,-30.3684,mineral deposit,"Co, Ni",,"Cobalt, Nickel",Wingstar Investments Pty Ltd,"Yilgarn Craton, Eastern Goldfields Province",Cenozoic,,,,,Rebecca Paleovalley,West Australian Element
335235,Railway Flat,,QLD,144.07,-18.529,mineral deposit,"Zn, Cu, Ag, Pb",,"Zinc, Copper, Silver, Lead",Copper Strike Limited,"Etheridge Province, Georgetown Block",Proterozoic,Basin hydrothermal,Sediment-hosted,Siliciclastic-mafic zinc-lead,,Etheridge Province,North Australian Element
335237,Geko,,WA,120.9,-30.8641,operating mine,Au,,Gold,Beacon Minerals Limited,"Yilgarn Craton, Eastern Goldfields Province, Kalgoorlie Gold Metallogenic Province",,,,,,Roe Paleovalley,West Australian Element
335240,Kundana,,WA,121.2311,-30.7111,operating mine,Au,,Gold,"Evolution Mining Limited, Northern Star Resources Limited","Yilgarn Craton, Eastern Goldfields Province, Kalgoorlie Gold Metallogenic Province",Archean,,,,,Roe Paleovalley,West Australian Element
335243,Cumnock,Cumnock No1,NSW,150.9986,-32.403,closed,Cbl,,Coal - black,"Glencore Plc, Xstrata plc",Sydney Basin,,,,,,Sydney Basin,Eastern Province
335244,Mystery,Yaloginda Project,WA,118.4319,-26.6901,historic mine,Au,,Gold,Reed Resources Limited,Yilgarn Craton,Archean,,,,Warakurna Large Igneous Province,,West Australian Element
335246,Yangibana,,WA,116.1893,-23.8956,under development,"REO, Dy, Eu, Pr, Nd2O3, Dy2O3, Eu2O3","Nd, Pr2O3","Rare earth oxides, (Neodymium, Dysprosium, Europium, Praseodymium, Neodymium(III) oxide, Dysprosium(III) oxide, Europium(III) oxide, Praseodymium(III) oxide)",Hastings Rare Metals Limited,,,Magmatic,Carbonatite,Carbonatite REE,Warakurna Large Igneous Province,,West Australian Element
334915,Springfield,,NSW,149.5423,-32.444,mineral deposit,Au,,Gold,"Pacifico Minerals Limited, Stonewall Resources Limited, Jaguar Minerals Limited, Meridien Resources Limited",Lachlan Orogen,Paleozoic,,,,,,Eastern Province
334918,Claytons Hammer,"Chichester Ranges, The Hammer",WA,120.4139,-22.61,mineral deposit,FeOre,Fe,"Iron ore, (Iron)",Fortescue Metals Group Limited,Pilbara Craton,,,,,Warakurna Large Igneous Province,Fortescue Basin,Pilbara Craton
334920,Cracow,Cracow Project,QLD,150.2703,-25.2893,operating mine,Au,"Cu, Ag","Gold, (Copper, Silver)",Aeris Resources Limited,"New England Orogen, Connors-Auburn Province",Paleozoic,Magmatic hydrothermal,Epithermal,Low-sulfidation (LS) epithermal gold-silver,,Bowen Basin,Connors-Auburn Province
334921,Cockburn Yandal,Bronzewing Gold Project,WA,120.9403,-27.4228,mineral deposit,Au,,Gold,Northern Star Resources Limited,Yilgarn Craton,Archean,unknown,unknown,unknown,,,West Australian Element
334922,Mount York (Lynas Find),,WA,118.9219,-21.0703,historic mine,Au,,Gold,Kairos Minerals Ltd,Pilbara Craton,Archean,,,,Warakurna Large Igneous Province,,Pilbara Craton
334924,Mount Carrington Central Leases,"Drake, Mt Carrington Project",NSW,152.3702,-28.9112,historic mine,"Au, Pb, Zn","Ag, Cu","Gold, (Silver, Lead, Zinc, Copper)",White Rock Minerals,New England Orogen,,,,,,,New England Orogen
334925,Gidgee Project,"Jonesville, Montague",WA,119.4158,-27.2555,historic mine,Au,,Gold,"Panoramic Resources Limited, Horizon Gold Limited, Legend Mining","Yilgarn Craton, Bounty Gold Metallogenic Province, Southern Cross Province",Archean,,,,,Raeside Paleovalley,West Australian Element
334928,Mount Pleasant Group,Paddington - Mt Pleasant Project,WA,121.232,-30.5466,historic mine,Au,,Gold,"Zijin Mining Group Company Ltd, Norton Gold Fields Limited","Yilgarn Craton, Kalgoorlie Gold Metallogenic Province, Norseman-Wiluna Belt",Archean,,,,,Roe Paleovalley,West Australian Element
334930,Reward,Waterloo,QLD,146.2,-20.3669,historic mine,"Ag, Au, Pb, Zn, Cu",,"Silver, Gold, Lead, Zinc, Copper",Kagara Limited,"Charters Towers Province, Lolworth-Ravenswood Block, Thalanga Base Metal Metallogenic Province, Seventy Mile Range Subprovince",,,,,,,Charters Towers Province
334931,Orlando,Tennant Creek,NT,134.0281,-19.4387,historic mine,"Cu, Au, Ag",Bi,"Copper, Gold, Silver, (Bismuth)",CuFe Ltd,"Tennant Creek Block, Warramunga Province, Warrego Metallogenic Province",Paleoproterozoic,Regional metasomatic,Metasomatic iron,Iron oxide gold,Kalkarindji Igneous Province,Warramunga Province,North Australian Element
334933,Mount Percy,Kalgoorlie Project,WA,121.4778,-30.7309,historic mine,Au,,Gold,"Barrick Gold Corporation, Newmont Mining Corporation, Kalgoorlie Consolidated Gold Mines","Yilgarn Craton, Eastern Goldfields Province, Kalgoorlie Gold Metallogenic Province, Norseman-Wiluna Belt",Archean,,,,,,West Australian Element
334934,Minindi Creek,Mooloo Downs,WA,116.2314,-24.8162,mineral deposit,"U, U3O8",,"Uranium, Uranium oxide",Minindi Creek,,Cenozoic,,,,Warakurna Large Igneous Province,Gascoyne Paleovalley,West Australian Element
334935,Prince Lyell,"A lens, Prince Lyell",TAS,145.5848,-42.0637,historic mine,"Cu, Ag, Au",,"Copper, Silver, Gold",Vedanta Resources PLC,"Dundas Trough, Mount Lyell Copper-Gold Metallogenic Province",,,,,,Thylacine Province,Delamerian Orogen
334936,Silver King,Century,QLD,138.589,-18.7441,historic mine,"Pb, Ag, Zn",,"Lead, Silver, Zinc",New Century Resources Ltd,"Mount Isa Orogen, Lawn Hill Platform",Paleoproterozoic,Basin hydrothermal,Sediment-hosted,Siliciclastic-carbonate zinc-lead,,,Century Domain
334940,Cooljarloo (TRONOX),,WA,115.3607,-30.5933,operating mine,"Ilm, Zrn, Rt, Leu, Mnsd",,"Ilmenite, Zircon, Rutile, Leucoxene, Mineral sands",Tronox Limited,Perth Basin,,Erosional,Placer,Heavy mineral sands,,Perth Basin,Pinjarra Orogen
334942,Mariners,,WA,121.6613,-31.6278,care and maintenance,"Ni, Cu, Co",,"Nickel, Copper, Cobalt",MIncor Resources NL,"Yilgarn Craton, Eastern Goldfields Province, Kambalda Nickel Metallogenic Province, Norseman-Wiluna Belt",Archean,,,,,Lefroy Paleovalley,West Australian Element
334943,Blue Star,"Blue Star 2, Blue Star Extended, Double F",QLD,139.9012,-20.6036,historic mine,"Au, Cu",,"Gold, Copper",Syndicated Metals Limited,"Mount Isa Orogen, Kalkadoon-Leichhardt Belt",Proterozoic,,,,,,Mary Kathleen Domain
334949,Muja,,WA,116.3095,-33.4205,closed,Cbl,,Coal - black,Griffin Coal,Collie Basin,,,,,,Collie Basin,West Australian Element
334950,Chloe - Jackson,Mt Misery,QLD,143.993,-18.609,mineral deposit,"Zn, Pb, Ag",Cu,"Zinc, Lead, Silver, (Copper)",Copper Strike Limited,"Etheridge Province, Georgetown Block",Proterozoic,Basin hydrothermal,Sediment-hosted,Siliciclastic-mafic zinc-lead,,Etheridge Province,North Australian Element
334951,Gullewa - Batavia Mining (2000),,WA,116.317,-28.6475,historic mine,"Cu, Au",,"Copper, Gold",Batavia Mining Limited,"Yilgarn Craton, Big Bell Gold Metallogenic Province, Murchison Province",Archean,,,,,,West Australian Element
334953,Intrepide,St Ives Project,WA,121.7023,-31.2528,historic mine,Au,,Gold,Gold Fields Limited,"Yilgarn Craton, Kalgoorlie Gold Metallogenic Province, Norseman-Wiluna Belt",Archean,Metamorphic hydrothermal,Orogenic,Mesozonal orogenic gold,,Lefroy Paleovalley,West Australian Element
334954,Wemen,,VIC,142.7,-34.8137,historic mine,"Rt, Zrn, Ilm",Mnsd,"Rutile, Zircon, Ilmenite, (Mineral sands)",Cable Sands (WA) Pty Ltd,Murray Basin,,Erosional,Placer,Heavy mineral sands,,Murray Basin,Stawell Zone
334955,Golden Camel (Cornella),Golden Camel Project,VIC,144.7371,-36.6462,under development,Au,,Gold,Catalyst Metals Ltd,Lachlan Orogen,,,,,,,Bendigo Zone
334956,Karara - Blue Hills,"Blue Hills North, Terapod, Terapod West",WA,116.8348,-29.1629,closed,FeOre,Fe,"Iron ore, (Iron)","Karara Mining Ltd, Gindalbie Metals Ltd, Midwest Corporation Limited, Sinosteel Midwest Corporation",Yilgarn Craton,,,,,,,West Australian Element
334957,Lyndhurst,"Leigh Creek, Lorna Doone, Lynda, Mt Lyndhurst",SA,138.6013,-30.1956,mineral deposit,Cu,,Copper,Phoenix Copper Limited,Delamerian Orogen,Proterozoic,Supergene,Supergene,Supergene copper,,,South Australian Element
334961,Golden Eagle - Nullagine,Nullagine Gold Project,WA,120.1205,-21.9671,operating mine,Au,,Gold,Millennium Minerals Limited,Pilbara Craton,Archean,Metamorphic hydrothermal,Orogenic,Mesozonal orogenic gold,Warakurna Large Igneous Province,,Pilbara Craton
334963,Cordeaux,,NSW,150.7617,-34.3153,historic mine,Cbl,,Coal - black,South32 Limited,Sydney Basin,,,,,,Sydney Basin,Eastern Province
334966,Mount Cannindah East,Mount Cannindah Project,QLD,151.2779,-24.669,mineral deposit,Au,,Gold,Drummond Gold Limited,New England Orogen,,,,,,,Yarrol Province
334967,Wards Well-Lancewood,Wards Well-Lancewood,QLD,147.8927,-21.4204,mineral deposit,Cbl,,Coal - black,Stanmore Resources Limited,Bowen Basin,,,,,,Bowen Basin,Anakie Province
334968,Nebo West,MDL 235,QLD,148.515,-21.787,mineral deposit,Cbl,,Coal - black,Stanmore Resources Limited,Bowen Basin,,,,,,Bowen Basin,Connors-Auburn Province
334969,Sandstone Stockpiles (Herald Res),,WA,119.2569,-28.09,mineral deposit,Au,,Gold,"Southern Cross Goldfields Limited, Troy Resources NL","Yilgarn Craton, Bounty Gold Metallogenic Province",,,,,,,West Australian Element
334971,Chieftain-Discovery,,WA,117.817,-27.3833,historic mine,Au,,Gold,"Metals X Limited, Westgold Resources Limited",Yilgarn Craton,Archean,,,,,Austin Paleovalley,West Australian Element
334972,Daunia,,QLD,148.2885,-22.044,operating mine,Cbl,,Coal - black,Whitehaven Coal Limited,Bowen Basin,,,,,,Bowen Basin,Anakie Province
334973,Jack Ryan,Reedy's Project,WA,118.2785,-27.0996,mineral deposit,Au,,Gold,"Metals X Limited, Reed Resources Limited",Yilgarn Craton,Archean,,,,Warakurna Large Igneous Province,,West Australian Element
334974,Jeebropilly,"7 Mile, Jeebropilly North, Jeebropilly West, Smithfield, Thagoona, West Moreton",QLD,152.6594,-27.623,closed,Cbl,,Coal - black,New Hope Coal,Clarence-Moreton Basin,Mesozoic,,,,,Clarence-Moreton Basin,New England Orogen
334975,Rocksteady (Au),Gullewa Project,WA,116.2746,-28.6928,historic mine,Au,,Gold,Doray Minerals Limited,Yilgarn Craton,Archean,,,,,,West Australian Element
334976,Moyagee Group,Moyagee Project,WA,117.83,-27.705,historic mine,Au,,Gold,Silver Lake Resources Limited,"Yilgarn Craton, Murchison Province",Archean,,,,,,West Australian Element
334977,Lorena,,QLD,140.6487,-20.7187,care and maintenance,Au,Cu,"Gold, (Copper)",Malachite Resources Limited,Mount Isa Orogen,Proterozoic,Regional metasomatic,IOCG,Magnetite-dominant IOCG,,,Soldiers Cap Domain
334978,Cawse Historic Ni Mine (Central and Extended),,WA,121.1485,-30.3689,care and maintenance,"Ni, Co",Cu,"Nickel, Cobalt, (Copper)",Wingstar Investments Pty Ltd,"Yilgarn Craton, Eastern Goldfields Province",Cenozoic,,,,,Rebecca Paleovalley,West Australian Element
334980,Heemskirk,Heemskirk,TAS,145.3214,-41.8786,mineral deposit,"Sn, Ag, Cu, Zn","Pb, W","Tin, (Lead, Silver, Copper, Zinc, Tungsten)",Stellar Resources Limited,Delamerian Orogen,Paleozoic,Magmatic hydrothermal,Greisen,Greisen tin ± W-Mo,,Thylacine Province,Delamerian Orogen
334981,Forrestania Nickel  Project,Forrestania deposit,WA,119.8115,-32.7174,historic mine,"Co, Ni",,"Cobalt, Nickel",Western Areas Limited,"Yilgarn Craton, Forrestania Nickel Metallogenic Province, Southern Cross Province",Archean,,,,,,West Australian Element
334984,Comet Group,Comet Project,WA,118.0436,-27.5401,mineral deposit,Au,,Gold,"Westgold Resources Limited, Silver Lake Resources Limited",Yilgarn Craton,Archean,,,,,,West Australian Element
334985,Minjar Project,,WA,116.9357,-28.8703,historic mine,Au,,Gold,"Golden Stallion Resources, Minjar Gold Pty Ltd","Yilgarn Craton, Murchison Province",Archean,,,,,,West Australian Element
334986,Walhalla - Cohen's,Walhalla Gold Project,VIC,146.4513,-37.9486,historic mine,Au,,Gold,Orion Gold NL,"Lachlan Orogen, Melbourne-Mathinna Zone",Paleozoic,Metamorphic hydrothermal,Orogenic,Mesozonal orogenic gold,,Selwyn Province,Melbourne-Mathinna Zone
334987,Rosemont,Duketon Gold Project,WA,122.2753,-27.8397,operating mine,Au,,Gold,Regis Resources Limited,"Yilgarn Craton, Eastern Goldfields Province, Kurnalpi Terrane",Archean,Metamorphic hydrothermal,Orogenic,,,,West Australian Element
334991,Montana,,TAS,145.3261,-41.876,mineral deposit,"Sn, Zn, Cu, Ag, Pb",,"Tin, Zinc, Copper, Silver, Lead",Stellar Resources Limited,Delamerian Orogen,Paleozoic,,,,,Thylacine Province,Delamerian Orogen
334993,Mount King,Marda Project,WA,119.4005,-29.9653,mineral deposit,Au,,Gold,Ramelius Resources Limited,Yilgarn Craton,Archean,,,,,,West Australian Element
334994,Ernest Henry,Mt Fort Constantine,QLD,140.7058,-20.4447,operating mine,"Cu, Au, Fe","Mag, FeOre","Copper, Gold, (Magnetite, Iron, Iron ore)",Evolution Mining Limited,"Mount Isa Inlier, Mount Isa Orogen, Canobie Domain, Selwyn Metallogenic Province",Mesoproterozoic,Regional metasomatic,IOCG,Magnetite-dominant IOCG,,Carpentaria Basin,Canobie Domain
334995,Christmas Island,,IOT,105.65,-10.4917,operating mine,Phos,,Phosphate,CI Resources Limited,,,,,,,,
334996,Diggers Area,"Digger Rocks South, Digger Rocks Underground",WA,119.8104,-32.7158,historic mine,Ni,"Co, Cu","Nickel, (Cobalt, Copper)",IGO Ltd,"Yilgarn Craton, Forrestania Nickel Metallogenic Province, Southern Cross Province",Archean,,,,,,West Australian Element
334997,The Loop,,WA,115.9416,-32.6567,mineral deposit,"Zrn, Rt","Ilm, Leu","Zircon, Rutile, (Ilmenite, Leucoxene)",Olympia Resources Limited,,,Erosional,Placer,Heavy mineral sands,,Mandurah Terrace,Pinjarra Orogen
334998,Paulsens,Paulsens Project,WA,116.2426,-22.5794,care and maintenance,Au,,Gold,Black Cat Syndicate ltd,"Fortescue Basin, Paulsens",Proterozoic,Metamorphic hydrothermal,Orogenic,Mesozonal orogenic gold,Warakurna Large Igneous Province,Fortescue Basin,Pilbara Craton
335000,Nicolson's Find,"Nicolson's Project, Nicolsons",WA,127.3567,-18.4096,operating mine,Au,,Gold,Pantoro Ltd,Halls Creek Orogen - central zone,Proterozoic,Metamorphic hydrothermal,Orogenic,Mesozonal orogenic gold,Kalkarindji Igneous Province,,Halls Creek Orogen
335002,Aspacia,,WA,121.0128,-29.6906,historic mine,Au,,Gold,Rox Resources Limited,Yilgarn Craton,,,,,,,West Australian Element
335003,Castaway,Barnicoat Project,WA,122.4657,-28.5353,mineral deposit,Au,,Gold,Focus Minerals Limited,"Yilgarn Craton, Eastern Goldfields Province",Archean,,,,,,West Australian Element
335004,Katanning Project,Katanning Project,WA,117.9065,-33.549,mineral deposit,Au,,Gold,Ausgold Ltd,"Yilgarn Craton, Griffins Find Gold Metallogenic Province, Western Gneiss Terrane",Archean,,,,,,West Australian Element
335006,Dugald River,,QLD,140.1558,-20.2545,operating mine,"Zn, Pb, Ag","Cu, Au","Zinc, Lead, (Copper, Silver, Gold)",Minerals and Metals Group (MMG),"Mount Isa Orogen, Mary Kathleen Domain, Mary Kathleen Zone",Paleoproterozoic,Regional metasomatic,Metasomatic iron,Iron sulfide polymetallic,,,Mary Kathleen Domain
335007,Far Fanning,,QLD,146.3736,-19.6624,historic mine,Au,,Gold,Maroon Gold Pty Ltd,"Lachlan Orogen, Mount Leyshon Gold Metallogenic Province",,,,,,,Charters Towers Province
335008,Hamersley Iron - Mount Tom Price,Section 6,WA,117.7714,-22.7635,operating mine,"FeOre, Fe",,"Iron ore, Iron","Rio Tinto Limited, HIsmelt",Hamersley Basin,Archean,,,,Warakurna Large Igneous Province,Hamersley Basin,Pilbara Craton
335010,White Devil,Eldorado,NT,133.9023,-19.486,historic mine,"Au, Se, Bi, Cu",,"Gold, Selenium, Bismuth, Copper",Emmerson Resources Limited,"Tennant Creek Block, Warramunga Province",Paleoproterozoic,Regional metasomatic,IOCG,Magnetite-dominant IOCG,Kalkarindji Igneous Province,Warramunga Province,North Australian Element
335014,Kapunda,,SA,138.9183,-34.3515,historic mine,Cu,,Copper,Terramin Australia Limited,Delamerian Orogen,Proterozoic,Basin hydrothermal,Sediment-hosted,Sediment-hosted copper ± Co,,,South Australian Element
335016,Morning Star - Woods Point,Woods Point Gold Project,VIC,146.2456,-37.5686,operating mine,Au,,Gold,Morning Star Gold NL,"Lachlan Orogen, Lachlan Orogen, Bendigo Zone, Walhalla-Wood's Point Gold Metallogenic Province",,Metamorphic hydrothermal,Orogenic,Mesozonal orogenic gold,,Selwyn Province,Melbourne-Mathinna Zone
335017,Fosterville,Fosterville Project,VIC,144.5036,-36.7163,operating mine,Au,,Gold,Agnico Eagle Mines Ltd,"Lachlan Orogen, Lachlan Orogen, Bendigo Gold Metallogenic Province, Bendigo Zone",,Metamorphic hydrothermal,Orogenic,Mesozonal orogenic gold,,,Bendigo Zone
335018,Manindi,"Freddie Well, Pincher Well",WA,118.6788,-28.7471,mineral deposit,"Zn, Cu, Au",Ag,"Zinc, Copper, Gold, (Silver)","Metals Australia Ltd, Pan Pacific Petroleum NL","Yilgarn Craton, Freddie Well, Southern Cross Province, Murchison Domain (Youanmi Terrane)",Archean,Volcanic basin hydrothermal,Volcanogenic massive sulfide (VMS),Bimodal-mafic VMS,,,West Australian Element
335020,Mount Rove,,WA,120.7985,-22.0404,mineral deposit,Fe,,Iron,Fortescue Metals Group Limited,Hamersley Basin,Archean,,,,Warakurna Large Igneous Province,Fortescue Basin,Pilbara Craton
335024,Yeoval,Goodrich,NSW,148.642,-32.7299,historic mine,"Cu, Ag, Mo, Au",,"Copper, Silver, Molybdenum, Gold",Godolphin Resources Ltd,"Lachlan Orogen, Lachlan Orogen, Cadia Porphyry Copper Gold Metallogenic Province",,Magmatic hydrothermal,Porphyry,Porphyry copper ± gold,,,Eastern Province
335025,Bulga,"Beltana, Saxonvale, South Bulga",NSW,151.11,-32.6868,operating mine,Cbl,,Coal - black,Glencore Plc,Sydney Basin,,,,,,Sydney Basin,Eastern Province
335026,Nepean,,WA,121.0857,-31.1637,historic mine,"Ni, Co, PGE, Cu",,"Nickel, Cobalt, Platinum group elements, Copper",Rocktivity Pty Ltd,"Yilgarn Craton, Eastern Goldfields Province, Kambalda Nickel Metallogenic Province",Archean,Magmatic,Komatiite,Komatiite nickel-copper-PGE,,,West Australian Element
335028,Nil Desperandum,"Greater Duchess Project, Nil Desperamdum 2, Nil Desperandum 3",QLD,139.779,-21.28,mineral deposit,"Au, Cu",,"Gold, Copper","Latitude 66 Ltd, Carnaby Resources Ltd","Mount Isa Orogen, Kalkadoon-Leichhardt Belt",Proterozoic,,,,,,Mary Kathleen Domain
335030,Leigh Creek,"Copley Basin (Lobe A&E), North Field (Lobe C&D), Telford Basin (Lobe B)",SA,138.4166,-30.4804,historic mine,Cbl,,Coal - black,Leigh Creek Energy Ltd,Leigh Creek Basin,,,,,,,South Australian Element
335032,Kaiser Bill,,QLD,144.0354,-18.5282,mineral deposit,Cu,"Ag, Au","Copper, (Silver, Gold)",Copper Strike Limited,"Etheridge Province, Georgetown Block",Proterozoic,Regional metasomatic,IOCG,Magnetite-dominant IOCG,,Etheridge Province,North Australian Element
335033,Mount McClure Group,Bronzewing Gold Project,WA,120.9666,-27.5678,operating mine,Au,,Gold,Yandal Resources Limited,"Yilgarn Craton, Eastern Goldfields Province, Eastern Goldfields Superterrane, Kalgoorlie Terrane",Archean,Metamorphic hydrothermal,Orogenic,Mesozonal orogenic gold,,,West Australian Element
335034,Hazelwood Mine,"Morwell, South East Field, West Field",VIC,146.391,-38.269,historic mine,Cbr,,Coal - brown,"Energy Brix Australia Corporation, Hazelwood Power Corporation",Gippsland Basin,Cenozoic,,,,,Selwyn Province,Melbourne-Mathinna Zone
335035,Cornishman,"Southern Cross Operations; Double 'O', Triple 'O'",WA,119.3613,-31.2785,closed,Au,,Gold,"Shandong Tianye Real Estate, China Hanking Holdings Limited","Yilgarn Craton, Bounty Gold Metallogenic Province, Eastern Goldfields Province, Southern Cross Province",Archean,,,,,,West Australian Element
335036,Birthday Gift,Twelve Mile,NSW,142.9037,-33.4838,mineral deposit,"Zrn, Rt, Ilm","Mnsd, Leu","Zircon, Rutile, Ilmenite, (Mineral sands, Leucoxene)",Tronox Limited,Murray Basin,,Erosional,Placer,Heavy mineral sands,,Murray Basin,Stawell Zone
335037,Giffen Well,,SA,134.7611,-30.3056,mineral deposit,Fe,,Iron,Maosen Australia Pty Ltd,Gawler Craton,Paleoproterozoic,Basin chemical,Iron formation,Superior-type banded iron formation,,,South Australian Element
335039,Bootu Creek,"Chugga, Gogo, Shekuma, Tourag, Xhosa",NT,134.1258,-18.6998,care and maintenance,MnOre,Mn,"Manganese ore, (Manganese)",OM Holdings Limited,Tomkinson Province,,Basin chemical,Manganese,Sedimentary manganese,Kalkarindji Igneous Province,Tomkinson Province,North Australian Element
335041,Eclipse - Garden Well,Chatterbox Shear Project,WA,122.3261,-28.64,mineral deposit,Au,,Gold,Focus Minerals Limited,"Yilgarn Craton, Eastern Goldfields Province",Archean,,,,,,West Australian Element
335042,Koonenberry,"Grasmere, Peveril",NSW,142.7139,-31.2998,mineral deposit,"Cu, Au","Zn, Ag","Copper, (Zinc, Gold, Silver)","Ausmon Resources Limited, Black Range Minerals Ltd",Delamerian Orogen,Proterozoic,,,,,,Delamerian Orogen
335043,Beyondie,,WA,120.5527,-23.1174,mineral deposit,Mn,MnOre,"Manganese, (Manganese ore)",Element 25 Limited,,,,,,Warakurna Large Igneous Province,Collier Basin,Pilbara Craton
335047,Elimatta,,QLD,149.6094,-26.0453,mineral deposit,Cbl,,Coal - black,New Hope Coal,Surat Basin,Mesozoic,,,,,Surat Basin,Anakie Province
335048,White Hope,South Kalgoorlie Operations,WA,121.6406,-31.0834,mineral deposit,Au,,Gold,"Alacer Gold Corporation, Metals X Limited, Northern Star Resources Limited",Yilgarn Craton,Archean,,,,,,West Australian Element
335049,Royal Arthur Bore,Leonora Operations,WA,121.1139,-28.4353,mineral deposit,Au,,Gold,St Barbara Limited,Yilgarn Craton,Archean,,,,,,West Australian Element
335050,Dubbo Project,"DZP, Dubbo, Dubbo Zirconia, Toongi",NSW,148.6246,-32.4627,under development,"REO, Zrn, Y2O3, ZrO2, Ta2O5, Nb2O5, HfO2, Hf, U3O8, Nb, Ta","U, Y","Rare earth oxides, Zircon, (Uranium, Yttrium oxide, Zirconia, Tantalum pentoxide, Niobium pentoxide, Hafnium oxide, Hafnium, Uranium oxide, Niobium, Tantalum, Yttrium)",Australian Strategic Materials Ltd,"Lachlan Orogen, Dubbo alkaline province",Paleozoic,Magmatic,Peralkaline igneous,Peralkaline igneous HFSE-REE,,Gunnedah Basin,Eastern Province
335052,Pony Plains,,QLD,149.2711,-26.0786,mineral deposit,Cbl,,Coal - black,Glencore Plc,Surat Basin,Mesozoic,,,,,Surat Basin,Anakie Province
335054,Moonlight - Wiluna,Wiluna Project,WA,120.2381,-26.6112,historic mine,Au,,Gold,"Apex Minerals NL, Blackham Resources Limited",Yilgarn Craton,Archean,,,,,,West Australian Element
335055,Wim 200 (Jackson EL4432),Jackson,VIC,142.6462,-36.6679,mineral deposit,"Ilm, Rt, Zrn",,"Ilmenite, Rutile, Zircon",Astron Corporation Limited,Murray Basin,,Erosional,Placer,Heavy mineral sands,,Murray Basin,Stawell Zone
335057,Duralie,"Gloucester, Wards River",NSW,151.9491,-32.2914,closed,Cbl,,Coal - black,Yancoal Australia Limited,Gloucester Basin,,,,,,Gloucester Basin,New England Orogen
335059,Great Britain,,QLD,146.2312,-20.0571,mineral deposit,Au,,Gold,Maroon Gold Pty Ltd,,Paleozoic,,,,,,Charters Towers Province
335060,Mls119-133,"Central Tanami Project, Tanami Mine JV",NT,129.7088,-19.9725,historic mine,Au,,Gold,"Acacia Resources Limited, Otter Gold Mines Limited",,Paleoproterozoic,,,,Kalkarindji Igneous Province,,Tanami Orogen
335064,Ridges,"Argyle, Matsu, Pompeys Pillar, Sam, Tony",WA,128.2624,-16.6304,operating mine,FeOre,Fe,"Iron ore, (Iron)",Kimberley Metals Group,,,,,,Kalkarindji Igneous Province,Carr Boyd Basin,Halls Creek Orogen
335066,Mount Olympus,Ashburton Gold Project,WA,117.9,-23.432,historic mine,"Au, Cu",,"Gold, Copper","Northern Star Resources Limited, Sipa Resources Ltd",Ashburton Basin,Paleoproterozoic,Metamorphic hydrothermal,Orogenic,Mesozonal orogenic gold,Warakurna Large Igneous Province,Ashburton Basin,Pilbara Craton
335069,MLS153,"Bouncer, Bumper, Central Tanami Project, Hurricane, Miracle, Repulse",NT,129.7166,-19.9613,mineral deposit,Au,,Gold,Tanami Gold NL,Tanami Orogen,Proterozoic,unknown,unknown,unknown,Kalkarindji Igneous Province,,Tanami Orogen
335071,Lindsays - Coolgardie,Lindsays-Bayleys Project,WA,121.1716,-30.9425,historic mine,Au,,Gold,Focus Minerals Limited,Yilgarn Craton,Archean,,,,,,West Australian Element
335075,Springvale,Lamberts Gully,NSW,150.1056,-33.4006,operating mine,Cbl,,Coal - black,Banpu Public Company Limited,Sydney Basin,,,,,,Sydney Basin,Eastern Province
335077,Barambah,,QLD,151.7773,-25.7484,mineral deposit,"Ag, Au",,"Silver, Gold",ActivEX Limited,,,,,,,,New England Orogen
335079,Oroya,,WA,119.3111,-27.9878,mineral deposit,Au,,Gold,Aurumin Limited,Yilgarn Craton,Archean,,,,,,West Australian Element
335081,Mount Paynter,,NSW,147.6301,-35.9004,mineral deposit,"Sn, Au, As, W",,"Tin, Gold, Arsenic, Tungsten","Silver Metal Group, Private Interest",Lachlan Orogen,,,,,,,Central NSW - Omeo Province
335082,Cockatoo Island Iron Ore,,WA,123.6071,-16.095,care and maintenance,"FeOre, Fe",,"Iron ore, Iron","Cockatoo Island Mining Pty Ltd, Cliffs Natural Resources, Cockatoo Iron NL, Pluton Resources",Kimberley Basin,Proterozoic,,,,Kalkarindji Igneous Province,Kimberley Basin,King Leopold Orogen
335083,Titan,,VIC,142.4132,-34.969,mineral deposit,"Rt, Zrn, Ilm",Leu,"Rutile, Zircon, Ilmenite, (Leucoxene)",Tronox Limited,Murray Basin,,Erosional,Placer,Heavy mineral sands,,Murray Basin,Stawell Zone
335086,Yan Yan Gurt,,VIC,143.9,-38.35,mineral deposit,Cbr,,Coal - brown,Department of Primary Industries,Otway Basin,Cenozoic,,,,,Otway Basin,Bendigo Zone
335087,Maureen,Georgetown,QLD,143.427,-18.003,mineral deposit,"U, Mo, F, Fl, U3O8",,"Uranium, Molybdenum, Fluorine, Fluorite, Uranium oxide",Mega Uranium Limited,"Etheridge Province, Georgetown Block",,Magmatic hydrothermal,Epithermal,Epithermal uranium,,Etheridge Province,North Australian Element
335089,Lake Vermont,Vermont,QLD,148.4152,-22.4556,operating mine,Cbl,,Coal - black,"AMCI Inc, Sojitz Corporation, Anglo American Plc, Zashvin Pty. Ltd., Marubeni Corporation, Jellinbah Group Pty Ltd, Lake Vermont Coal",Bowen Basin,,,,,,Bowen Basin,Anakie Province
335091,Apollo - Whisper,Chatterbox Shear Project,WA,122.3196,-28.6512,historic mine,Au,,Gold,Focus Minerals Limited,"Yilgarn Craton, Eastern Goldfields Province",Archean,,,,,,West Australian Element
335092,Morambah,see Poitrel,QLD,148.1705,-21.9454,mineral deposit,Cbl,,Coal - black,BMA,Bowen Basin,,,,,,Bowen Basin,Anakie Province
335093,Norris - Coolgardie,Norris Project,WA,121.052,-31.0582,historic mine,Au,,Gold,Focus Minerals Limited,"Yilgarn Craton, Eastern Goldfields Province",Archean,,,,,,West Australian Element
335095,Foxleigh South,,QLD,148.82,-23.01,mineral deposit,Cbl,,Coal - black,Anglo American Plc,Bowen Basin,,,,,,Bowen Basin,Anakie Province
335096,Toms and Sams - Fortnum,Grosvenor Gold Project,WA,118.3643,-25.3283,historic mine,Au,,Gold,"Westgold Resources Limited, Resource and Investment NL",Yilgarn Craton,Proterozoic,,,,Warakurna Large Igneous Province,Bryah Basin,West Australian Element
335097,Shes Right East,Barnicoat Project,WA,122.4927,-28.6059,historic mine,Au,,Gold,Focus Minerals Limited,"Yilgarn Craton, Eastern Goldfields Province",Archean,,,,,,West Australian Element
335100,Princhester,,QLD,149.977,-22.862,mineral deposit,"Cr, Mgs, MgO",,"Chromium, Magnesite, Magnesia (magnesium oxide)",Lachlan Star Ltd,"New England Orogen, Marlborough Province",,,,,,,New England Orogen
335104,Invincible,,NSW,150.03,-33.3269,care and maintenance,Cbl,,Coal - black,"Shoalhaven Coal Pty Ltd, Coalpac Pty Ltd",Sydney Basin,,,,,,Sydney Basin,Eastern Province
335105,Perseverance,Peak Mines Project,NSW,145.8824,-31.5715,operating mine,"Au, Cu",,"Gold, Copper","New Gold Incorporated, Goldcorp","Lachlan Orogen, Cobar Basin",Paleozoic,,,,,Cobar Basin,Central NSW - Omeo Province
335106,West Lynn (Girilambone),"EL8631, Girilambone, Westlynn/Summervale",NSW,147.0391,-31.4982,mineral deposit,"Al2O3, Ti, FeOre, Ni, Co, Au, K2O, TiO2, Fe, Pt","Al, Sc","Alumina, Titanium, (Aluminium, Iron ore, Nickel, Cobalt, Gold, Potash, Titanium dioxide, Iron, Platinum, Scandium)","Develop Global Ltd, Alchemy Resources Limited",Lachlan Orogen,Cenozoic,,,,,,Central NSW - Omeo Province
335107,Dugite,Marda Project,WA,119.2656,-30.1898,mineral deposit,Au,,Gold,Ramelius Resources Limited,"Yilgarn Craton, Southern Cross Province",Archean,,,,,,West Australian Element
335108,Federal City,Burnakura Project,WA,118.451,-27.0652,historic mine,Au,,Gold,"Monument Mining Limited, Kentor Gold Limited",Yilgarn Craton,Archean,,,,Warakurna Large Igneous Province,,West Australian Element
335109,Treeton,,WA,115.2126,-33.8892,mineral deposit,Cbl,,Coal - black,"Core Resources, Tiaro Coal Limited, Vasse Coal Management",Perth Basin,,,,,,Perth Basin,Pinjarra Orogen
335111,Boddington,"Hedges, Wandoo",WA,116.3581,-32.7509,operating mine,"Au, Cu",,"Gold, Copper",Newmont Mining Corporation,"Yilgarn Craton, Boddington Gold Metallogenic Province, Southwest Terrane, Western Gneiss Terrane",Archean,Magmatic hydrothermal,Porphyry,Porphyry copper ± gold,,,West Australian Element
335112,Galwadgere,"Dawn of Galwadgere, Wellington Project",NSW,149.0511,-32.6651,mineral deposit,"Cu, Au",,"Copper, Gold",Sky Metals Ltd,"Lachlan Orogen, Lachlan Orogen, Woodlawn Base Metal Metallogenic Province, Hill End Trough",Paleozoic,Volcanic basin hydrothermal,Volcanogenic massive sulfide (VMS),Felsic-siliciclastic VMS,,,Eastern Province
335113,Gympie,,QLD,152.6886,-26.2139,historic mine,Au,,Gold,Fe Limited,"New England Orogen, Gympie Gold Province, Gympie Province",,Metamorphic hydrothermal,Orogenic,Mesozonal orogenic gold,,,New England Orogen
335114,Hill 50,Mt Magnet Project,WA,117.7972,-28.0336,mineral deposit,Au,,Gold,Ramelius Resources Limited,"Yilgarn Craton, Big Bell Gold Metallogenic Province, Murchison Domain",Archean,Metamorphic hydrothermal,Orogenic,Hypozonal orogenic gold,,,West Australian Element
335115,Hill End,Tambaroora,NSW,149.465,-32.8678,mineral deposit,Au,,Gold,Vertex Minerals Limited,"Lachlan Orogen, Lachlan Orogen, Hill End, Hill End - Ngunnawal Province",,,,,,,Eastern Province
335116,Horn Island,,QLD,142.3177,-10.6056,historic mine,Au,,Gold,Alice Queen Limited,"Cape York - Oriomo Province, Cape York-Oriomo Inlier, Horn Island",,Metamorphic hydrothermal,Orogenic,Mesozonal orogenic gold,,,Cape York - Oriomo Province
335118,Koala,Koala,QLD,147.3527,-21.4027,historic mine,Au,,Gold,GBM Resources Limited,"Drummond Basin, Drummond Basin, Pajingo Metallogenic Province",,Magmatic hydrothermal,Epithermal,Low-sulfidation (LS) epithermal gold-silver,,Drummond Basin,Anakie Province
335119,Rodds Peninsula (IA),,QLD,151.7,-24.0269,mineral deposit,"Rt, Zrn, Ilm, Mnz",,"Rutile, Zircon, Ilmenite, Monazite",Department of Natural Resources and Mines,New England Orogen,,Erosional,Placer,Heavy mineral sands,,,New England Orogen
335120,Sorby Hills,"Bonaparte Basin, Sandy Creek",WA,128.9827,-15.4494,feasibility,"Pb, Ag",Zn,"Lead, Silver, (Zinc)",Boab Minerals Ltd,Bonaparte Basin,,Basin hydrothermal,Mississippi Valley-type (MVT),MVT zinc-lead,Kalkarindji Igneous Province,Ord Paleovalley,Halls Creek Orogen
335122,Burtville,Burtville Project,WA,122.6402,-28.7649,historic mine,Au,,Gold,Focus Minerals Limited,"Yilgarn Craton, Eastern Goldfields Province",Archean,,,,,,West Australian Element
335124,Minnamoolka,,QLD,145.1167,-18.1803,mineral deposit,Ni,Co,"Nickel, (Cobalt)",Australian Mines Ltd,Georgetown Block,Cenozoic,,,,,,Thomson Orogen
335125,Quigleys,"Edith North, New Mt Todd",NT,132.1249,-14.1119,mineral deposit,Au,,Gold,Vista Gold Corporation,Mount Todd Gold Metallogenic Province,Paleoproterozoic,,,,Kalkarindji Igneous Province,,Pine Creek Orogen
335126,Zapopan,,NT,131.4376,-13.4756,historic mine,"Ag, Au, Pb",,"Silver, Gold, Lead",Northern Gold,"Pine Creek Orogen, Mount Todd Gold Metallogenic Province",Proterozoic,,,,,,Pine Creek Orogen
335133,Conrad,"Allwell, King Conrad",NSW,151.0244,-29.9549,historic mine,"Ag, Sn, In, Zn, Cu, Pb",,"Silver, Tin, Indium, Zinc, Copper, Lead","Thomson Resources Ltd, Malachite Resources Limited, Silver Mines Limited",New England Orogen,,Magmatic hydrothermal,Vein,Vein polymetallic,,,New England Orogen
335134,Peelwood Project,"Aurora, Central Hill, John Fardy Lode",NSW,149.4216,-34.1135,historic mine,"Zn, Cu, Ag","Pb, Au","Zinc, Copper, (Lead, Silver, Gold)",Balamara Resources Limited,"Lachlan Orogen, Lachlan Orogen, Hill End - Ngunnawal Province",,Volcanic basin hydrothermal,Volcanogenic massive sulfide (VMS),Felsic-siliciclastic VMS,,,Eastern Province
335136,Lancefield Project,Lancefield Project,WA,122.3845,-28.5545,historic mine,Au,,Gold,Focus Minerals Limited,"Yilgarn Craton, Eastern Goldfields Province, Eastern Goldfields Superterrane, Kalgoorlie Terrane",Archean,Metamorphic hydrothermal,Orogenic,Mesozonal orogenic gold,,,West Australian Element
335138,Liddell,Liddell State,NSW,150.9999,-32.3916,closed,Cbl,,Coal - black,"Mitsui Matsushima Co. Ltd, Glencore Plc, Liddell Coal",Sydney Basin,,,,,,Sydney Basin,Eastern Province
335140,Yellow Aster,,WA,120.5703,-27.5106,historic mine,Au,,Gold,Ramelius Resources Limited,"Yilgarn Craton, Norseman-Wiluna Belt",Archean,,,,,,West Australian Element
362716,South Miitel,New South Miitel,WA,121.6563,-31.5912,mineral deposit,"Cu, Co, Ni",,"Copper, Cobalt, Nickel",,"Yilgarn Craton, Eastern Goldfields Province",Archean,,,,,Lefroy Paleovalley,West Australian Element
334352,Wonbindi,,QLD,149.622,-24.022,mineral deposit,Cbl,,Coal - black,,Bowen Basin,,,,,,Bowen Basin,Anakie Province
335328,Harefield,,TAS,148.1824,-41.6085,mineral deposit,Cbl,,Coal - black,,Tasmania Basin,,,,,,Tasmania Basin,Melbourne-Mathinna Zone
335684,Toolleen,,VIC,144.6846,-36.7121,mineral deposit,Au,,Gold,,Lachlan Orogen,,,,,,,Bendigo Zone
335824,Sheahan-Grants,Junction Reefs,NSW,148.98,-33.6169,historic mine,Au,,Gold,,"Lachlan Orogen, Lachlan Orogen, Cadia Porphyry Copper Gold Metallogenic Province, Hill End, Macquarie Igneous Province, Molong - Sofala Igneous Subprovince",,Magmatic hydrothermal,Skarn,Skarn gold ± copper ± tungsten,,,Eastern Province
640832,Four Pits,,WA,118.8386,-28.609,historic mine,Au,,Gold,,,,,,,,,West Australian Element
335957,Bronzewing Western,"Bronzewing, West Zone",WA,120.9903,-27.3115,historic mine,Au,,Gold,,"Yilgarn Craton, Eastern Goldfields Province",Archean,,,,,Carey Paleovalley,West Australian Element
334051,Lowmead,,QLD,151.6677,-24.4318,mineral deposit,Osh,,Oil shale,,,,,,,,,New England Orogen
333836,Wellington Alluvials,,NSW,148.9512,-32.5453,mineral deposit,Au,,Gold,,Lachlan Orogen,,,,,,,Eastern Province
333910,Greenvale,,QLD,144.8311,-18.9755,historic mine,"Ni, Co",,"Nickel, Cobalt",,Greenvale Province,,,,,,,Thomson Orogen
334848,Prince of Wales,,QLD,139.9542,-20.9516,historic mine,Cu,,Copper,,"Mount Isa Orogen, Mary Kathleen Zone",Proterozoic,,,,,,Mary Kathleen Domain
333809,Turtle,,WA,125.3118,-17.4136,mineral deposit,"Au, Pb, Zn, Ag, Cu",,"Gold, Lead, Zinc, Silver, Copper",,,Proterozoic,,,,Kalkarindji Igneous Province,,King Leopold Orogen
335270,Karridale,,WA,115.1412,-34.1519,mineral deposit,"Ilm, Leu, Zrn, Rt",,"Ilmenite, Leucoxene, Zircon, Rutile",,,,,,,,Vasse Shelf,Leeuwin Province
627215,Boolgeeda CID,,WA,116.7657,-22.6147,mineral deposit,"FeOre, Fe",,"Iron ore, Iron",,,,,,,Warakurna Large Igneous Province,Hamersley Basin,Pilbara Craton
523780,Klondyke King,,WA,119.8923,-21.3355,mineral deposit,Au,,Gold,,Pilbara Craton,,,,,Warakurna Large Igneous Province,,Pilbara Craton
335606,Blacks Creek,Nymbool Porphyry,QLD,144.9678,-17.6818,mineral deposit,Au,,Gold,,,,,,,,,Mossman Orogen
861608,Comedy King,,,119.9549,-26.7621,mineral deposit,Au,,Gold,,,,,,,,,West Australian Element
333752,Friendly Beaches,,TAS,148.2813,-42.0084,mineral deposit,Zrn,,Zircon,,,,,,,,Tasmania Basin,Melbourne-Mathinna Zone
335417,Scott River,,WA,115.3332,-34.2601,mineral deposit,Fe,,Iron,,,,,,,,Bunbury Trough,Pinjarra Orogen
334112,Pipeline,Collinsville,QLD,147.8669,-20.6385,mineral deposit,Cbl,,Coal - black,,Bowen Basin,,,,,,Bowen Basin,Connors-Auburn Province
334106,Cowley Hills,,NSW,149.7178,-34.7453,mineral deposit,"Cu, Zn, Au, Ag, Pb",,"Copper, Zinc, Gold, Silver, Lead",,Lachlan Orogen,Paleozoic,,,,,,Eastern Province
334749,Rosebud Extended,Rosebud 2,QLD,139.9732,-20.8286,historic mine,Cu,,Copper,,"Mount Isa Orogen, Kalkadoon-Leichhardt Belt",Proterozoic,,,,,,Mary Kathleen Domain
333798,Radium Hill,,SA,140.6353,-32.3426,historic mine,"U3O8, U",,"Uranium oxide, Uranium",,Curnamona Province,Proterozoic,Regional metasomatic,Metasomatic iron,Iron oxide uranium,,,Curnamona Province
806901,Winchelsea Island,,NT,136.508,-13.769,mineral deposit,MnOre,Mn,"Manganese ore, (Manganese)",,,,,,,,McArthur Basin,Arnhem Province
529937,Caroona,,NSW,150.4346,-31.3985,mineral deposit,Cbl,,Coal - black,,Gunnedah Basin,,,,,,Gunnedah Basin,Eastern Province
600503,Syerston (Jervois),,NSW,147.4196,-32.7567,mineral deposit,Sc,,Scandium,,,,,,,,,Central NSW - Omeo Province
336144,Burnt Creek,,VIC,143.7013,-36.8288,mineral deposit,Au,,Gold,,Lachlan Orogen,,,,,,,Bendigo Zone
335881,Mount Gould,,WA,117.3376,-25.7986,mineral deposit,Fe,,Iron,,Yilgarn Craton,,,,,Warakurna Large Igneous Province,Murchison Paleovalley,West Australian Element
336290,Rocky River,,TAS,145.1847,-41.6289,mineral deposit,FeOre,"Fe, Phos","Iron ore, (Iron, Phosphate)",,Delamerian Orogen,,,,,,Thylacine Province,Delamerian Orogen
336165,Ios,,NT,131.3199,-13.4016,mineral deposit,Au,,Gold,,Pine Creek Orogen,,,,,,,Pine Creek Orogen
333945,Fullerton Cove Extension,,NSW,152.183,-32.7,historic mine,"Ilm, Zrn, Rt",,"Ilmenite, Zircon, Rutile",,,,,,,,,New England Orogen
334281,Lucknow,Wentworth,NSW,149.1649,-33.3473,historic mine,Au,,Gold,,"Lachlan Orogen, Lachlan Orogen, Hill End, Macquarie Igneous Province, Molong - Sofala Igneous Subprovince",,unknown,unknown,unknown,,,Eastern Province
336250,Surface Ridge,,NSW,149.7039,-33.1059,mineral deposit,Au,,Gold,,Lachlan Orogen,,,,,,,Eastern Province
334093,Lady Rose,"Jola Rose, Rose",QLD,139.9732,-20.9016,historic mine,"Au, Cu",,"Gold, Copper",,"Mount Isa Orogen, Kalkadoon-Leichhardt Belt",Proterozoic,,,,,,Mary Kathleen Domain
335836,Mount Burton,,NT,130.9636,-12.977,historic mine,"Cu, U, U3O8",,"Copper, Uranium, Uranium oxide",,Pine Creek Orogen,Proterozoic,,,,,,Pine Creek Orogen
334047,Warroo,,QLD,151.4415,-28.5955,mineral deposit,Au,,Gold,,New England Orogen,,,,,,,New England Orogen
334643,Yalwal,,NSW,150.383,-34.9299,historic mine,"Ag, Au",,"Silver, Gold",,"Lachlan Orogen, Lachlan Orogen, Yalwal Gold Metallogenic Province, Eden-Comerong-Yalwal Rift",,Magmatic hydrothermal,Epithermal,Low-sulfidation (LS) epithermal gold-silver,,,Eastern Province
455538,Arrowie Gorge,,SA,139.232,-30.7123,mineral deposit,Mn,,Manganese,,Delamerian Orogen,,,,,,Arrowie Basin,South Australian Element
333572,Star of Kimberley,,WA,127.9301,-17.8366,mineral deposit,Au,,Gold,,,Proterozoic,,,,Kalkarindji Igneous Province,,Halls Creek Orogen
333938,Joyners Find,Wiluna West,WA,119.9525,-26.7775,mineral deposit,FeOre,Fe,"Iron ore, (Iron)",,Yilgarn Craton,,,,,,,West Australian Element
336227,Wheal Ellen,,SA,138.9272,-35.1894,historic mine,"Pb, Au, Ag, Zn",,"Lead, Gold, Silver, Zinc",,Kanmantoo Fold Belt,Paleozoic,Basin hydrothermal,Sediment-hosted,Siliciclastic-mafic zinc-lead,,,Delamerian Orogen
654478,Strathfield ,,WA,121.78,-30.7332,mineral deposit,Au,,Gold,,,,,,,,,West Australian Element
335728,"Watchem ""A"" Strand",,VIC,142.8956,-36.0711,mineral deposit,"Rt, Ilm, Zrn, Leu",,"Rutile, Ilmenite, Zircon, Leucoxene",,Murray Basin,,Erosional,Placer,Heavy mineral sands,,Murray Basin,Stawell Zone
336072,Mount Tracey,,QLD,144.1,-17.5,mineral deposit,Zn,,Zinc,,,Paleozoic,,,,,Etheridge Province,North Australian Element
334356,Everton,,VIC,146.5786,-36.4079,historic mine,Mo,,Molybdenum,,"Lachlan Orogen, Tabberabbera Zone",,Magmatic hydrothermal,Vein,,,,Lachlan Orogen
334970,Bungarra,,WA,121.4675,-27.3958,mineral deposit,Au,,Gold,,"Yilgarn Craton, Eastern Goldfields Province",Archean,,,,,,West Australian Element
335461,Wombat,"Lambing Flat, Young",NSW,148.2629,-34.4431,historic mine,Au,,Gold,,"Lachlan Orogen, Lachlan Orogen, Nerrigundah",,,,,,,Eastern Province
336028,Handcuff,,QLD,146.2125,-20.3531,mineral deposit,"Zn, Cu, Ag, Pb, Au",,"Zinc, Copper, Silver, Lead, Gold",,"Charters Towers Province, Lolworth-Ravenswood Block, Thalanga Base Metal Metallogenic Province",,Volcanic basin hydrothermal,Volcanogenic massive sulfide (VMS),Bimodal felsic VMS,,,Charters Towers Province
335185,Mud Creek,,QLD,149.811,-26.0479,mineral deposit,Cbl,,Coal - black,,Surat Basin,,,,,,Surat Basin,Anakie Province
333445,Alice River,,QLD,143.2927,-15.4463,mineral deposit,Au,,Gold,,,Paleozoic,,,,,Savannah Province,North Australian Element
896639,Sovereign,,,121.9447,-30.9006,mineral deposit,Au,,Gold,,,,,,,,,West Australian Element
335638,Annan River,,QLD,145.27,-15.5272,historic mine,Sn,,Tin,,Hodgkinson Province,,,,,,,Mossman Orogen
335469,Yudnamutana,North Flinders Ranges,SA,139.3167,-30.23,historic mine,Cu,,Copper,,Delamerian Orogen,Proterozoic,,,,,,Curnamona Province
336026,Tarnagulla Goldfield,,VIC,143.8362,-36.7461,historic mine,Au,,Gold,,"Lachlan Orogen, Lachlan Orogen, Bendigo Gold Metallogenic Province, Bendigo Zone",,Metamorphic hydrothermal,Orogenic,Mesozonal orogenic gold,,,Bendigo Zone
335073,Warrell Creek,,NSW,152.9875,-30.6789,mineral deposit,"Zrn, Rt","Ilm, Leu","Zircon, (Ilmenite, Rutile, Leucoxene)",,,,,,,,,New England Orogen
533379,Three Shafts,,WA,117.0542,-28.9402,mineral deposit,Au,,Gold,,Yilgarn Craton,,,,,,,West Australian Element
333879,Northampton,"Galena, Prothero",WA,114.6348,-28.3463,historic mine,"Pb, Cu, Ag, Zn",,"Lead, Copper, Silver, Zinc",,Northampton Province,Proterozoic,,,,,,Pinjarra Orogen
334475,White Range,Arltunga,NT,134.766,-23.4631,historic mine,Au,,Gold,,"Arunta Orogen, Arltunga Gold Metallogenic Province, Georgina Basin",Paleozoic,Metamorphic hydrothermal,Orogenic,Mesozonal orogenic gold,Warakurna Large Igneous Province,,Aileron Province
334833,Gurrunda,,NSW,149.483,-34.6781,historic mine,Brt,,Barite,,"Lachlan Orogen, Lachlan Orogen, Woodlawn Base Metal Metallogenic Province",,,,,,,Eastern Province
628403,Boonanarring IA,,WA,115.8346,-31.2237,mineral deposit,"Zrn, Rt, Mnz, Leu","Ilm, Th","Zircon, (Ilmenite, Rutile, Monazite, Leucoxene, Thorium)",,,,,,,,Beermullah Trough,Pinjarra Orogen
335437,Mickey's Find Southern,,WA,119.3633,-21.0953,mineral deposit,"Ag, Au",,"Silver, Gold",,Pilbara Craton,,,,,Warakurna Large Igneous Province,,Pilbara Craton
333500,Denman,,NSW,150.7784,-32.4158,mineral deposit,Cbl,,Coal - black,,Sydney Basin,,,,,,Sydney Basin,Eastern Province
334127,Talisker,,WA,115.3181,-26.6462,mineral deposit,Cbl,,Coal - black,,Perth Basin,,,,,,Perth Basin,Pinjarra Orogen
335598,Moranbah,,QLD,147.9927,-21.8732,mineral deposit,Cbl,,Coal - black,,Bowen Basin,,,,,,Bowen Basin,Anakie Province
334422,Moe Swamp Basin,Gippsland Lignite Project,VIC,146.18,-38.167,mineral deposit,Cbr,,Coal - brown,,Gippsland Basin,,,,,,Selwyn Province,Melbourne-Mathinna Zone
335442,Uralla,Rocky River,NSW,151.5008,-30.6517,historic mine,"Au, Ag, Sb",,"Gold, Silver, Antimony",,"New England Orogen, Hillgrove Gold Metallogenic Province",Cenozoic,,,,,,New England Orogen
333426,Goulburn,"Bangalore Creek, Jerrara Creek, Taylors Sinding, Tirrana, includes Joppa Creek",NSW,149.7178,-34.7453,mineral deposit,Fe,,Iron,,Lachlan Orogen,,,,,,,Eastern Province
335528,Jinkas Hill,Katanning Project,WA,117.9081,-33.5434,historic mine,Au,,Gold,,Yilgarn Craton,Archean,,,,,,West Australian Element
333700,Woodside,,SA,138.8867,-34.9906,historic mine,"Au, Ag",,"Gold, Silver",,Waukaringa,,Metamorphic hydrothermal,Orogenic,Mesozonal orogenic gold,,,South Australian Element
519425,Blue Tank,,WA,120.9135,-28.455,historic mine,Au,,Gold,,Yilgarn Craton,,,,,,,West Australian Element
336115,Gindalbie,,WA,121.7546,-30.3186,historic mine,Au,,Gold,,"Yilgarn Craton, Eastern Goldfields Province, Kalgoorlie Gold Metallogenic Province",Archean,,,,,,West Australian Element
567552,East Galah Creek,,QLD,138.1334,-19.7569,mineral deposit,"Phos, P2O5",,"Phosphate, Phosphorus oxide",,Georgina Basin,,,,,Kalkarindji Igneous Province,Georgina Basin,Camooweal-Murphy Domain
334381,Finney's Hill,,QLD,152.8,-27.4968,historic mine,"Ag, Pb",,"Silver, Lead",,New England Orogen,,,,,,,New England Orogen
335569,Blackwood-Trentham Goldfield,"Barrys Reef, Rogers Big Hill, Simmons Reef, Sultan",VIC,144.294,-37.4476,historic mine,Au,,Gold,,"Lachlan Orogen, Lachlan Orogen, Bendigo Gold Metallogenic Province",,,,,,,Bendigo Zone
334324,Hargreaves Zinc,,WA,128.6518,-15.3705,mineral deposit,"Pb, Zn","Ag, Cu","Lead, (Silver, Zinc, Copper)",,,Paleozoic,,,,Kalkarindji Igneous Province,Petrel Sub-basin,Halls Creek Orogen
334392,Inheritance,Inherited,QLD,139.9042,-21.4776,mineral deposit,"Au, Cu",,"Gold, Copper",,"Mount Isa Orogen, Mary Kathleen Zone",Proterozoic,,,,,,Mary Kathleen Domain
334687,Murray Basin,,VIC,142.1847,-36.6789,mineral deposit,Cbr,,Coal - brown,,Murray Basin,Cenozoic,,,,,Murray Basin,Lachlan Orogen
335589,Three Springs,"Coodawa, Coodewa",WA,115.8606,-29.5022,operating mine,Tlc,,Talc,,Yilgarn Craton,Proterozoic,,,,,Moore-Monger Paleovalley,West Australian Element
333394,Round Hill,,TAS,146.1521,-41.4801,historic mine,"Pb, Au, Ag",,"Lead, Gold, Silver",,Delamerian Orogen,,,,,,Thylacine Province,Delamerian Orogen
334659,Mount Metallic,,QLD,139.9272,-20.1876,historic mine,Cu,,Copper,,"Mount Isa Orogen, Kalkadoon-Leichhardt Belt",Proterozoic,,,,,,Mary Kathleen Domain
334131,New Hill,,QLD,152.8321,-27.6202,historic mine,Cbl,,Coal - black,,Ipswich Basin,,,,,,Clarence-Moreton Basin,New England Orogen
334419,Woleebee,,QLD,149.8844,-26.1286,mineral deposit,Cbl,,Coal - black,,Surat Basin,,,,,,Surat Basin,Anakie Province
334097,Ballarat West,,VIC,143.8479,-37.5501,historic mine,Au,,Gold,,"Lachlan Orogen, Lachlan Orogen",,,,,,,Bendigo Zone
335839,Shannon-Zillmanton,,QLD,144.4774,-17.1356,historic mine,"Cu, Pb, Ag",,"Copper, Lead, Silver",,Hodgkinson Province,,,,,,,Mossman Orogen
336122,Umberumberka,,NSW,141.1913,-31.8892,historic mine,"Pb, Ag",,"Lead, Silver",,Curnamona Province,Proterozoic,,,,,,Curnamona Province
334014,Shamrock,,QLD,152.2743,-26.2189,mineral deposit,Au,,Gold,,New England Orogen,,,,,,,New England Orogen
335673,Coen,Great Northern Mine,QLD,143.2059,-13.9433,historic mine,Au,,Gold,,"Coen Block, Coen Metallogenic Province, Etheridge Province",Paleozoic,,,,,Etheridge Province,North Australian Element
573764,Duck Creek Mesa4 (Brockman Mining Ltd),,WA,116.6422,-22.5873,mineral deposit,"FeOre, Fe",,"Iron ore, Iron",,,,,,,Warakurna Large Igneous Province,Hamersley Basin,Pilbara Craton
333827,Alligator Anticline,,WA,118.6314,-23.0461,mineral deposit,FeOre,Fe,"Iron ore, (Iron)",,Hamersley Basin,,,,,Warakurna Large Igneous Province,Hamersley Basin,Pilbara Craton
334193,Shuttleton,"Commonwealth, Crowl Creek, South Shuttleton",NSW,146.0714,-32.1269,historic mine,Cu,,Copper,,"Lachlan Orogen, Lachlan Orogen",,,,,,Cobar Basin,Central NSW - Omeo Province
335998,Cane River,,WA,115.6541,-22.1737,mineral deposit,FeOre,Fe,"Iron ore, (Iron)",,Pilbara Craton,,,,,Warakurna Large Igneous Province,Ashburton Basin,West Australian Element
455545,Etna,,SA,138.3682,-32.0712,historic mine,Mn,,Manganese,,Delamerian Orogen,,,,,,,South Australian Element
333601,Maramungee,,QLD,140.9102,-21.5725,mineral deposit,Zn,,Zinc,,"Mount Isa Orogen, Cloncurry-Selwyn Zone",Proterozoic,Magmatic hydrothermal,Skarn,Skarn zinc-lead-silver,,,Soldiers Cap Domain
335249,Hamersley Iron - Hamersley Undeveloped,,WA,117.5758,-23.213,mineral deposit,"FeOre, Fe",,"Iron ore, Iron","Rio Tinto Limited, Hamersley Iron - Home Page",Hamersley Basin,,,,,Warakurna Large Igneous Province,Fortescue Basin,Pilbara Craton
335250,Ben Hur Panel 2,Navajo Chief Project - Binduli,WA,121.4108,-30.8521,historic mine,Au,,Gold,Norton Gold Fields Limited,Yilgarn Craton,Archean,,,,,Roe Paleovalley,West Australian Element
335252,Cleo,Sunrise Dam Project,WA,122.4198,-29.0773,mineral deposit,Au,,Gold,AngloGold Ashanti Limited,Yilgarn Craton,Archean,,,,,Carey Paleovalley,West Australian Element
335257,Fernbank,,VIC,146.61,-38.267,mineral deposit,Cbr,,Coal - brown,Department of Primary Industries,Gippsland Basin,Cenozoic,,,,,Selwyn Province,Melbourne-Mathinna Zone
335259,Flynn Railway Station,,VIC,146.69,-38.177,mineral deposit,Cbr,,Coal - brown,Department of Primary Industries,Gippsland Basin,Cenozoic,,,,,Selwyn Province,Melbourne-Mathinna Zone
335261,Batavia - Meekatharra,Yaloginda Project,WA,118.4204,-26.6606,closed,Au,,Gold,"Reed Resources Limited, Westgold Resources Limited",Yilgarn Craton,Archean,,,,Warakurna Large Igneous Province,,West Australian Element
335262,Leven Star,Malmsbury Project,VIC,144.3394,-37.1944,mineral deposit,Au,,Gold,Novo Resources Corp,Lachlan Orogen,,,,,,,Bendigo Zone
335264,Bidaminna,,WA,115.6034,-31.1005,under development,"Ilm, Zrn, Rt, Leu",,"Ilmenite, Zircon, Rutile, Leucoxene",Image Resources NL,,,Erosional,Placer,Heavy mineral sands,,Beermullah Trough,Pinjarra Orogen
335266,Koolyanobbing,"B, C, D, E, F& K, Includes Deposits A",WA,119.538,-30.8336,care and maintenance,FeOre,Fe,"Iron ore, (Iron)","Mineral Resources, Cliffs Natural Resources","Yilgarn Craton, Western Gneiss Terrane",Archean,Volcanic basin hydrothermal,Volcanogenic,Algoma-type banded iron formation,,,West Australian Element
335267,Ashton,,NSW,151.0667,-32.4667,operating mine,Cbl,,Coal - black,"Yancoal Australia Limited, Ashton Coal",Sydney Basin,,,,,,Sydney Basin,Eastern Province
335268,Van Uden,Mt Holland Gold Project,WA,119.6512,-32.1507,historic mine,Au,,Gold,Convergent Minerals Limited,Yilgarn Craton,Archean,,,,,,West Australian Element
335271,Four Acres,,WA,115.5724,-34.3074,mineral deposit,"Ilm, Zrn","Rt, Leu","Ilmenite, Zircon, (Rutile, Leucoxene)",Tronox Limited,,,Erosional,Placer,Heavy mineral sands,,Bunbury Trough,Pinjarra Orogen
335275,Quest 29,Mount Bundy Project,NT,131.5876,-12.9569,historic mine,Au,,Gold,China Hanking Holdings Limited,Pine Creek Orogen,Proterozoic,Metamorphic hydrothermal,Orogenic,Mesozonal orogenic gold,,,Pine Creek Orogen
335276,Wannaway,,WA,121.5212,-31.6037,historic mine,Ni,"Co, Cu","Nickel, (Cobalt, Copper)",MIncor Resources NL,"Yilgarn Craton, Eastern Goldfields Province, Kambalda Nickel Metallogenic Province",Archean,,,,,,West Australian Element
335278,Big Cadia,"Iron Duke, Little Cadia",NSW,148.9895,-33.4396,mineral deposit,"Au, Cu, Fe, Ag",,"Gold, Copper, Iron, Silver",Newcrest Mining Limited,"Lachlan Orogen, Lachlan Orogen",,Magmatic hydrothermal,Skarn,Skarn copper,,,Eastern Province
335281,Craiggiemore,Central Laverton Project,WA,122.3982,-28.6581,historic mine,Au,,Gold,Focus Minerals Limited,"Yilgarn Craton, Eastern Goldfields Province",Archean,,,,,,West Australian Element
335282,Freshwater,Plutonic Project,WA,119.5454,-25.2993,historic mine,Au,,Gold,"Northern Star Resources Limited, Barrick Gold Corporation",Yilgarn Craton,Archean,,,,Warakurna Large Igneous Province,Gascoyne Paleovalley,Marymia Dome
335283,Gilbeys,Dalgaranga Gold Project,WA,117.2653,-27.8462,historic mine,Au,,Gold,Gascoyne Resources Limited,Yilgarn Craton,Archean,,,,,,West Australian Element
335286,Moolarben,,NSW,149.785,-32.29,operating mine,Cbl,,Coal - black,Yancoal Australia Limited,Sydney Basin,,,,,,Sydney Basin,Eastern Province
335287,Authaal,Burnakura Project,WA,118.4568,-27.0598,historic mine,Au,,Gold,"Monument Mining Limited, Kentor Gold Limited",Yilgarn Craton,Archean,,,,Warakurna Large Igneous Province,,West Australian Element
335288,Barrambie,Bay Cove,WA,119.1225,-27.432,mineral deposit,"FeOre, V, Ti, TiO2","Fe, V2O5","Iron ore, Vanadium, Titanium, Titanium dioxide, (Iron, Vanadium pentoxide)",Neometals Ltd,"Yilgarn Craton, Barrambie Vanadium Metallogenic Province, Murchison Domain",Archean,Magmatic,Ultramafic and (or) mafic-layered intrusion,U-M layered intrusion iron-titanium-vanadium,,,West Australian Element
335289,Beverley,,SA,139.6051,-30.1904,care and maintenance,"U3O8, U",,"Uranium oxide, Uranium",Heathgate Resources Proprietary Limited,"Lake Eyre Basin, Callabonna Sub-basin",Cenozoic,Infiltrational,Uranium,Sandstone uranium,,Lake Eyre Basin,Curnamona Province
335290,Bluebird - South Junction,"Bluebird, South Junction, Yaloginda Project",WA,118.4251,-26.7162,mineral deposit,Au,,Gold,"Reed Resources Limited, Westgold Resources Limited","Yilgarn Craton, Big Bell Gold Metallogenic Province, Murchison Domain (Youanmi Terrane), Murchison Domain",Archean,Metamorphic hydrothermal,Orogenic,Mesozonal orogenic gold,Warakurna Large Igneous Province,Hope Paleovalley,West Australian Element
335292,Tom's Gully,Mount Bundy Project,NT,131.5608,-12.831,historic mine,Au,,Gold,China Hanking Holdings Limited,"Pine Creek Orogen, Mount Todd Gold Metallogenic Province",Proterozoic,Metamorphic hydrothermal,Orogenic,Mesozonal orogenic gold,,,Pine Creek Orogen
335294,Gabanitha,Australian Vanadium Project,WA,118.6463,-26.9676,feasibility,"V, V2O5, TiO2, Fe, FeOre, Co, Ni","Ti, Cu","Vanadium, Vanadium pentoxide, Titanium dioxide, Iron, Iron ore, (Titanium, Cobalt, Nickel, Copper)",Australian Vanadium Ltd,"Yilgarn Craton, Big Bell Gold Metallogenic Province, Gabanintha-Yarrabubba Vanadium Metallogenic Province, Murchison Domain",Archean,Magmatic,Ultramafic and (or) mafic-layered intrusion,U-M layered intrusion iron-titanium-vanadium,Warakurna Large Igneous Province,,West Australian Element
335297,Many Peaks,,QLD,151.33,-24.5268,historic mine,"Cu, Au",,"Copper, Gold","Carbine Resources, Norton Gold Fields Limited, Rimfire Pacific Mining NL",New England Orogen,,,,,,,Yarrol Province
335299,Doradilla,Doradilla-Midway,NSW,146.3218,-30.3411,mineral deposit,Sn,,Tin,"Straits Resources Limited, YTC Resources","Lachlan Orogen, Lachlan Orogen",,Magmatic hydrothermal,Skarn,Skarn tin ± copper ± Mo,,,Central NSW - Omeo Province
335300,Pyrite Hill (CobaltBlue Holdings),Pine Ridge,NSW,141.1951,-32.0915,mineral deposit,Co,"Fe, Ni","Cobalt, (Iron, Nickel)",Cobalt Blue Holdings ltd,Curnamona Province,Proterozoic,,,,,,Curnamona Province
335301,Redross,,WA,121.6472,-31.6832,historic mine,Ni,"Co, Cu","Nickel, (Cobalt, Copper)",MIncor Resources NL,"Yilgarn Craton, Eastern Goldfields Province, Kambalda Nickel Metallogenic Province",Archean,,,,,,West Australian Element
335302,Cook and Cook North,Leichardt Colliery,QLD,148.9147,-23.7092,operating mine,Cbl,,Coal - black,"QCoal Pty Ltd, Bounty Mining Limited, Caledon Resources plc",Bowen Basin,,,,,,Bowen Basin,Anakie Province
335304,Duchess,Greater Duchess Project,QLD,139.8623,-21.3612,mineral deposit,"Ag, Au, Cu",,"Silver, Gold, Copper","Latitude 66 Ltd, Carnaby Resources Ltd","Mount Isa Orogen, Mary Kathleen Zone",Proterozoic,,,,,,Mary Kathleen Domain
335308,Capricorn Copper,"Esperanza, Esperanza South, Gunpowder, Mammoth",QLD,139.3632,-19.6949,care and maintenance,"Cu, Ag",Co,"Copper, Silver, (Cobalt)",29Metals Ltd,"Mount Isa Orogen, Lawn Hill Platform",Proterozoic,Metamorphic hydrothermal,Orogenic,Orogenic copper ± gold,,,Leichhardt River Domain
335310,King of the Hills - Tarmoola,"Leonora Operations, Tarmoola",WA,121.163,-28.6715,operating mine,Au,,Gold,Vault Minerals,"Yilgarn Craton, Eastern Goldfields Province, Burtville Terrane",Archean,Metamorphic hydrothermal,Orogenic,Mesozonal orogenic gold,,,West Australian Element
335313,Maggie Hays (Lake Johnston),Lake Johnston,WA,120.5059,-32.2324,care and maintenance,Ni,Co,"Nickel, (Cobalt)",Horizon Minerals Ltd.,"Yilgarn Craton, Maggie Hays Nickel Metallogenic Province, Southern Cross Domain (Youanmi Terrane)",Archean,Magmatic,Komatiite,Komatiite nickel-copper-PGE,,,West Australian Element
335315,Nelson's Fleet,St Ives Project,WA,121.8,-31.2974,mineral deposit,Au,,Gold,Gold Fields Limited,"Yilgarn Craton, Eastern Goldfields Province, Kalgoorlie Gold Metallogenic Province",Archean,,,,,Lefroy Paleovalley,West Australian Element
335316,Liberty - Beasley Creek,Chatterbox Shear Project,WA,122.3265,-28.575,historic mine,Au,,Gold,Focus Minerals Limited,"Yilgarn Craton, Eastern Goldfields Province",Archean,,,,,Carey Paleovalley,West Australian Element
335317,Cloncurry,,QLD,140.1992,-20.5806,feasibility,Cu,,Copper,ActivEX Limited,Mount Isa Orogen,Proterozoic,,,,,,Tommy Creek Domain
335318,Boorara,Boorara Project,WA,121.6402,-30.8057,operating mine,Au,,Gold,Horizon Minerals Ltd.,Yilgarn Craton,Archean,,,,,,West Australian Element
335320,Renner West,Renner Springs,NT,133.6545,-18.3373,mineral deposit,"Mn, MnOre",,"Manganese, Manganese ore",OM Holdings Limited,Tomkinson Province,,,,,Kalkarindji Igneous Province,Tomkinson Province,North Australian Element
335323,O'Dwyers,Fosterville Project,VIC,144.5112,-36.6861,historic mine,Au,,Gold,"Newmarket Gold Inc, AuRico Gold Corporporation, Crocodile Gold Corporation",Lachlan Orogen,,,,,,,Bendigo Zone
335326,Riverside,Goonyella-Riverside,QLD,147.9144,-21.6518,closed,Cbl,,Coal - black,BMA,Bowen Basin,,,,,,Drummond Basin,Anakie Province
335327,Western Arm,Burnside Project,NT,131.2993,-13.4097,mineral deposit,Au,,Gold,"Crocodile Gold Corporation, PNX Metals Limited",Pine Creek Orogen,Paleoproterozoic,Metamorphic hydrothermal,Orogenic,Mesozonal orogenic gold,,,Pine Creek Orogen
335329,Manakado,Gidgee Project,WA,119.4582,-27.4276,historic mine,Au,,Gold,Horizon Gold Limited,Yilgarn Craton,Archean,,,,,,West Australian Element
335330,Bailey Island East,Nannine Project,WA,118.3568,-26.9145,mineral deposit,Au,,Gold,Reed Resources Limited,Yilgarn Craton,Archean,,,,Warakurna Large Igneous Province,Hope Paleovalley,West Australian Element
335335,Lotus North - Mt McClure,Bronzewing Gold Project,WA,120.9286,-27.4037,historic mine,Au,,Gold,Navigator Resources Limited,Yilgarn Craton,Archean,,,,,,West Australian Element
335338,Connemarra,,WA,118.8187,-28.5912,mineral deposit,Au,,Gold,Apex Minerals NL,Yilgarn Craton,,,,,,,West Australian Element
335339,Hillalong (MDL 324),,QLD,148.2838,-21.3676,feasibility,Cbl,,Coal - black,"Shandong Energy, Rocklands Richfield Ltd",Bowen Basin,,,,,,Bowen Basin,Connors-Auburn Province
335340,Triangle,,NSW,142.9275,-33.4663,mineral deposit,"Zrn, Rt, Ilm",Leu,"Zircon, Rutile, Ilmenite, (Leucoxene)",Tronox Limited,Murray Basin,,Erosional,Placer,Heavy mineral sands,,Murray Basin,Stawell Zone
334937,Westmoreland,"Jack Garee, Junnagunna, Langi, Outcamp, Sue",QLD,138.0833,-17.5137,mineral deposit,U,U3O8,"Uranium, (Uranium oxide)",,McArthur Basin,Neoproterozoic,Infiltrational,Uranium,Sandstone uranium,,McArthur Basin,North Australian Element
335837,Ranger 68,Barote Springs,NT,132.854,-12.5122,mineral deposit,"U, U3O8",,"Uranium, Uranium oxide",,Pine Creek Orogen,Proterozoic,Basin hydrothermal,Unconformity-related,Unconformity-related uranium,,,Pine Creek Orogen
333517,Cardross,,QLD,144.1178,-17.0288,mineral deposit,Cu,,Copper,,,Proterozoic,,,,,Etheridge Province,Tasman Element
334770,Styx,Central Queensland Coal,QLD,149.6594,-22.5926,mineral deposit,Cbl,,Coal - black,,Styx Basin,Mesozoic,,,,,Styx Basin,Connors-Auburn Province
333819,Silver Star,,QLD,145.1857,-17.345,mineral deposit,"Zn, Au, Pb, Cu, Ag",,"Zinc, Gold, Lead, Copper, Silver",,Mossman Orogen,Paleozoic,,,,,,Mossman Orogen
333423,Lochiel,,SA,138.1897,-33.8554,mineral deposit,Cbr,,Coal - brown,,St Vincent Basin,Cenozoic,,,,,,South Australian Element
335227,Winston Churchill,,QLD,139.9752,-20.5636,historic mine,Cu,,Copper,,"Mount Isa Orogen, Kalkadoon-Leichhardt Belt",Proterozoic,Regional metasomatic,Alkali-calcic,Albitite-hosted uranium,,,Mary Kathleen Domain
570025,Barton West,,SA,132.3946,-30.3398,mineral deposit,"Zrn, Ilm, Rt, Leu, Mnsd, Grt",,"Zircon, Ilmenite, Rutile, Leucoxene, Mineral sands, Garnet",,Gawler Craton,,,,,,Eucla Basin,Christie Domain
599453,Latrobe River,,VIC,146.3975,-38.1696,mineral deposit,Cbr,,Coal - brown,,Gippsland Basin,,,,,,Selwyn Province,Melbourne-Mathinna Zone
333771,"Watchem ""B"" Strand",,VIC,142.8956,-36.0711,mineral deposit,"Rt, Ilm, Zrn, Leu",,"Rutile, Ilmenite, Zircon, Leucoxene",,Murray Basin,,Erosional,Placer,Heavy mineral sands,,Murray Basin,Stawell Zone
336172,Lamboo,,WA,127.3427,-18.3141,mineral deposit,"Zn, Pb, Ag, Cu",,"Zinc, Lead, Silver, Copper",,Lamboo Nickel Metallogenic Province,Proterozoic,,,,Kalkarindji Igneous Province,,Halls Creek Orogen
336173,South Barite Gossan,,NSW,149.4298,-34.1931,mineral deposit,"Zn, Ag, Pb",,"Zinc, Silver, Lead",,Lachlan Orogen,Paleozoic,,,,,,Eastern Province
870309,Flying Horse,,,139.0452,-19.7731,mineral deposit,"Cu, Mg",,"Copper, Magnesium",,,,,,,,,Mount Isa Orogen
408602,Jailor Bore,,WA,115.275,-23.768,mineral deposit,"U, U3O8",,"Uranium, Uranium oxide",,,Cenozoic,,,,Warakurna Large Igneous Province,,West Australian Element
333510,Surprise,Surprise North,QLD,140.0002,-20.1616,historic mine,"Cu, Au",,"Copper, Gold",,"Mount Isa Orogen, Mary Kathleen Zone",Proterozoic,,,,,,Mary Kathleen Domain
333726,Tarago,,NSW,149.6512,-35.062,mineral deposit,Fe,,Iron,,Lachlan Orogen,,,,,,,Eastern Province
336198,Highland Plains,,QLD,138.014,-18.6101,mineral deposit,"Phos, P2O5, P",,"Phosphate, Phosphorus oxide, Phosphorus",,Georgina Basin,,,,,Kalkarindji Igneous Province,Georgina Basin,Camooweal-Murphy Domain
455076,Bungobine,,QLD,147.2034,-21.1596,mineral deposit,Osh,,Oil shale,,,,,,,,Drummond Basin,Anakie Province
334168,Araluen - Majors Creek,,NSW,149.828,-35.6708,historic mine,Au,,Gold,,"Lachlan Orogen, Lachlan Orogen",,,,,,,Eastern Province
599431,Driffield East,,VIC,146.3355,-38.2581,mineral deposit,Cbr,,Coal - brown,,Gippsland Basin,,,,,,Selwyn Province,Melbourne-Mathinna Zone
334285,Nundle,Fogartys,NSW,151.1361,-31.4553,historic mine,Au,,Gold,,"New England Orogen, Hillgrove Gold Metallogenic Province",Paleozoic,,,,,,New England Orogen
333336,Hurricane,,QLD,144.6049,-16.5768,mineral deposit,Au,,Gold,,Mossman Orogen,,,,,,,Mossman Orogen
431028,Calisi 2,,WA,116.0454,-27.9581,mineral deposit,Au,,Gold,,Yilgarn Craton,,,,,Warakurna Large Igneous Province,Yallbewong Paleovalley,West Australian Element
334155,Breens,,WA,119.3702,-21.099,mineral deposit,"Cu, Ag, Au",,"Copper, Silver, Gold",,Pilbara Craton,Archean,,,,Warakurna Large Igneous Province,,Pilbara Craton
429716,Weednanna,,,136.4767,-32.7785,mineral deposit,Au,,Gold,,"Gawler Craton, Nuyts Domain",,Magmatic hydrothermal,Skarn,Skarn gold ± copper ± tungsten,,,South Australian Element
334737,Eaglehawk,Eaglehawk Consol,VIC,144.25,-37.08,historic mine,Au,,Gold,,"Lachlan Orogen, Lachlan Orogen, Bendigo Gold Metallogenic Province, Bendigo Zone",,Metamorphic hydrothermal,Orogenic,Mesozonal orogenic gold,,,Bendigo Zone
334141,Scotia,,TAS,147.9988,-40.9485,mineral deposit,"Sn, Rt, Zrn, Au, SnO2",,"Tin, Rutile, Zircon, Gold, Tin oxide/cassiterite",,Lachlan Orogen,,,,,,Bass Basin,Melbourne-Mathinna Zone
334395,Revenue Extended,"Revenue, Revenue Extended 3, Revenue North",QLD,139.8352,-21.2736,historic mine,"Au, Cu",,"Gold, Copper",,"Mount Isa Orogen, Mary Kathleen Zone",Proterozoic,,,,,,Mary Kathleen Domain
336194,Triple Chance,,NSW,141.1402,-32.1482,operating mine,Fel,,Feldspar,,Curnamona Province,,,,,,,Curnamona Province
364403,Bag Farm,,WA,121.4003,-30.5937,mineral deposit,Au,,Gold,,Yilgarn Craton,,,,,,Roe Paleovalley,West Australian Element
334149,Bullant-Karridale,,WA,115.1348,-34.1458,mineral deposit,"Ilm, Zrn",Rt,"Ilmenite, Zircon, (Rutile)",,,,Erosional,Placer,Heavy mineral sands,,,Leeuwin Province
533493,Copenhagen,,WA,119.8122,-21.3057,historic mine,Au,,Gold,,Pilbara Craton,,,,,Warakurna Large Igneous Province,,Pilbara Craton
334456,Teetulpa,,SA,139.6936,-32.2642,historic mine,Au,,Gold,,Delamerian Orogen,Proterozoic,Erosional,Placer,Fluvial placer gold,,,South Australian Element
335027,Megaphone,The Belfast,QLD,139.8942,-20.6566,historic mine,Cu,,Copper,,"Mount Isa Orogen, Kalkadoon-Leichhardt Belt",Proterozoic,,,,,,Mary Kathleen Domain
336228,Mount Success,Golden Valley,QLD,146.4711,-19.7866,historic mine,Au,,Gold,,"Lolworth-Ravenswood Block, Mount Leyshon Gold Metallogenic Province",,,,,,,Charters Towers Province
334488,True Blue,,QLD,139.9302,-21.7586,historic mine,Cu,,Copper,,"Mount Isa Orogen, Mary Kathleen Zone",Proterozoic,,,,,Georgina Basin,Mary Kathleen Domain
431044,1080,,WA,116.0444,-27.9554,mineral deposit,Au,,Gold,,Yilgarn Craton,,,,,Warakurna Large Igneous Province,Yallbewong Paleovalley,West Australian Element
466209,Wagerup,,WA,115.9237,-32.8985,historic mine,"Ilm, Rt, Zrn, Leu, Al2O3",,"Ilmenite, Rutile, Zircon, Leucoxene, Alumina",,Southwest Terrane,,Erosional,Placer,Heavy mineral sands,,Mandurah Terrace,Pinjarra Orogen
336215,Dyson's,,NT,131.0169,-12.982,historic mine,"U, U3O8",,"Uranium, Uranium oxide",,Pine Creek Orogen,Proterozoic,Basin hydrothermal,Unconformity-related,Unconformity-related uranium,,,Pine Creek Orogen
336164,Clinton,,SA,138.068,-34.129,mineral deposit,Cbr,,Coal - brown,,St Vincent Basin,,,,,,Stansbury Basin,South Australian Element
335117,Mount Bundey,,NT,131.593,-12.8462,historic mine,FeOre,Fe,"Iron ore, (Iron)",,Pine Creek Orogen,Proterozoic,,,,,,Pine Creek Orogen
333312,Copper Blonde,,QLD,140.068,-20.473,historic mine,Cu,,Copper,,"Mount Isa Orogen, Mary Kathleen Zone",Proterozoic,,,,,,Mary Kathleen Domain
648277,Big Four (Gold),,WA,121.1775,-30.1427,mineral deposit,Au,,Gold,,,,,,,,,West Australian Element
558980,Eneabba IPL Norh (Iluka),,WA,115.2758,-29.8312,mineral deposit,"Ilm, Rt, Zrn, Leu",,"Ilmenite, Rutile, Zircon, Leucoxene",,,,,,,,Perth Basin,Pinjarra Orogen
335150,Killi Killi Hills No.1,,WA,128.9741,-19.775,mineral deposit,"REE, U",,"Rare earth elements, Uranium",,Tanami Orogen,,Basin hydrothermal,Unconformity-related,Unconformity-related REE,Kalkarindji Igneous Province,,Tanami Orogen
599443,Flynn,,VIC,146.6563,-38.234,mineral deposit,Cbr,,Coal - brown,,Gippsland Basin,,,,,,Selwyn Province,Melbourne-Mathinna Zone
334563,Daisy,,QLD,140.276,-20.962,historic mine,Cu,,Copper,,"Mount Isa Orogen, Quamby-Malbon Zone",Proterozoic,,,,,,Mitakoodi Domain
334871,Canteen,,QLD,140.7492,-20.9836,mineral deposit,"Ag, Cu",,"Silver, Copper",,Mount Isa Orogen,Proterozoic,Regional metasomatic,IOCG,Magnetite-dominant IOCG,,,Soldiers Cap Domain
648275,Jacques Find,,WA,121.3837,-30.6981,mineral deposit,Au,,Gold,,,,,,,,,West Australian Element
599487,Princess Royal,,SA,139.0069,-33.7688,mineral deposit,Cu,,Copper,,,,,,,,,South Australian Element
335023,Upper Hunter,"Bluey Reef, Fullers Reef, Martin Creek, New Royal Standard",NSW,151.2878,-31.9626,historic mine,Au,,Gold,,"New England Orogen, Hillgrove Gold Metallogenic Province",,,,,,,New England Orogen
334497,Devonshire,,VIC,144.269,-36.7309,historic mine,Au,,Gold,,Lachlan Orogen,,,,,,,Bendigo Zone
336056,Paddys River,,ACT,148.9512,-35.3287,mineral deposit,Fe,,Iron,,Lachlan Orogen,,,,,,,Eastern Province
333583,Gulgong,,NSW,149.5629,-32.3987,historic mine,Au,,Gold,,"Lachlan Orogen, Lachlan Orogen, Hill End, Hill End Trough",,Erosional,Placer,Paleoplacer gold ± uranium,,,Eastern Province
334113,South Digger Rocks,,WA,119.8115,-32.7174,historic mine,"Ni, Co",,"Nickel, Cobalt",,Yilgarn Craton,,,,,,,West Australian Element
334960,Ravensthorpe,,WA,120.3626,-33.6074,mineral deposit,"Ag, Au",,"Silver, Gold",,,,,,,,,Northern Foreland
336004,Young Australia,,NSW,145.8629,-31.5324,historic mine,"Au, Cu",,"Gold, Copper",,Lachlan Orogen,Paleozoic,,,,,Cobar Basin,Central NSW - Omeo Province
334179,Kanowna,White Feather,WA,121.6162,-30.5931,historic mine,Au,,Gold,,"Yilgarn Craton, Eastern Goldfields Province, Kalgoorlie Gold Metallogenic Province",Archean,,,,,,West Australian Element
335810,Gower East,,VIC,143.318,-36.7122,mineral deposit,Au,,Gold,,Lachlan Orogen,,,,,,,Stawell Zone
335887,Cardinia (Mount Edon),,WA,121.6014,-28.7961,mineral deposit,Au,,Gold,,Yilgarn Craton,,,,,,,West Australian Element
334182,Herberton Hill Group,,QLD,145.3963,-17.3785,historic mine,Sn,,Tin,,Hodgkinson Province,,,,,,,Mossman Orogen
334508,Mavis Downs,see Poitrel,QLD,148.251,-22.0009,mineral deposit,Cbl,,Coal - black,,Bowen Basin,,,,,,Bowen Basin,Anakie Province
336038,Double Oxide,New Chum,QLD,140.3642,-20.6796,historic mine,Cu,,Copper,,"Mount Isa Orogen, Quamby-Malbon Zone",Proterozoic,,,,,,Mitakoodi Domain
335679,Cassowary,,QLD,145.3345,-17.4372,mineral deposit,"Pb, Cu","Ag, Zn","Lead, (Silver, Copper, Zinc)",,Mossman Orogen,Paleozoic,,,,,,Mossman Orogen
335194,Jubuk,,WA,117.6931,-32.4154,mineral deposit,Kln,,Kaolin,,Yilgarn Craton,,,,,,,West Australian Element
333722,Black Creek,,QLD,145.0011,-17.6621,mineral deposit,Fe,,Iron,,Mossman Orogen,,,,,,,Mossman Orogen
335242,Victoria-Mount Albion,,QLD,144.4275,-17.0771,mineral deposit,"Pb, Sn, Zn, Ag",,"Lead, Tin, Zinc, Silver",,Mossman Orogen,Paleozoic,,,,,,Mossman Orogen
334188,Streaky Bay,Eyre Penunsula,SA,134.2514,-32.7457,mineral deposit,Gp,,Gypsum,,Gawler Craton,,,,,,Eucla Basin,South Australian Element
333795,Kohinoor,,QLD,140.0062,-19.7566,historic mine,"Cu, Au",,"Copper, Gold",,"Mount Isa Orogen, Kalkadoon-Leichhardt Belt",Proterozoic,,,,,,Mary Kathleen Domain
335491,Ravensthorpe,,WA,120.3626,-33.6074,mineral deposit,"Li, Li2O",,"Lithium, Lithium oxide",,,,,,,,,Northern Foreland
335771,Mount Kalkadoon,,QLD,140.7122,-21.2095,historic mine,Cu,,Copper,,"Mount Isa Orogen, Cloncurry-Selwyn Zone",Proterozoic,,,,,,Soldiers Cap Domain
333886,St Dizier,,TAS,145.1352,-41.8239,mineral deposit,"Sn, WO3, Fe, Zn, Cu","Bi, W","Tin, (Bismuth, Tungsten trioxide (wolframite), Iron, Zinc, Copper, Tungsten)",,Dundas Trough,,,,,,Thylacine Province,Delamerian Orogen
334480,Duke and Main,,VIC,143.733,-37.047,historic mine,Au,,Gold,,"Lachlan Orogen, Lachlan Orogen",Cenozoic,,,,,,Bendigo Zone
334203,Maria Dell,IXL,QLD,140.6925,-20.8353,historic mine,"Cu, Au",,"Copper, Gold",,"Mount Isa Orogen, Cloncurry-Selwyn Zone",Proterozoic,,,,,,Soldiers Cap Domain
334491,Jacks Tank (Spring Hill),"Jacks Tank, Jacks Tank North, Jacks Tank South, Spring Hill",NSW,143.3,-33.1553,mineral deposit,"Zrn, Rt, Ilm, Mnsd, Ti, HM",Leu,"Zircon, Rutile, Ilmenite, Mineral sands, Titanium, Heavy minerals, (Leucoxene)",,Murray Basin,,Erosional,Placer,Paleoplacer heavy mineral sands,,Murray Basin,Stawell Zone
335563,Rothsay,British Queen,WA,116.8737,-29.2888,historic mine,Au,,Gold,,"Yilgarn Craton, Murchison Domain",Archean,,,,,,West Australian Element
333550,Sunrise Hill,,WA,120.0574,-20.459,historic mine,"Fe, FeOre",,"Iron, Iron ore",,Pilbara Craton,,,,,,,Pilbara Craton
334767,Warda Warra,,WA,117.1276,-27.632,mineral deposit,Au,,Gold,,Yilgarn Craton,,,,,,,West Australian Element
570872,Pinnacles,,,122.3715,-30.2866,mineral deposit,,,,,,,,,,,,West Australian Element
335123,Mount Jackson,,WA,119.05,-30.1875,historic mine,"Ag, Au",,"Silver, Gold",,"Yilgarn Craton, Bounty Gold Metallogenic Province, Southern Cross Province",Archean,,,,,Deborah Paleovalley,West Australian Element
335513,Mikado,,WA,122.6442,-28.8368,mineral deposit,Au,,Gold,,"Yilgarn Craton, Eastern Goldfields Province",Archean,,,,,,West Australian Element
335683,Mudgee,"Eurundury, includes Wyaldra",NSW,149.5845,-32.5953,mineral deposit,Fe,,Iron,,Lachlan Orogen,,,,,,,Eastern Province
455566,McLeans,,NT,131.2585,-13.5469,mineral deposit,Mn,,Manganese,,,,,,,,Carpentaria Basin,Pine Creek Orogen
334717,Cornish Co,,VIC,143.862,-37.5716,historic mine,Au,,Gold,,Lachlan Orogen,Paleozoic,,,,,,Bendigo Zone
333302,Blinman,,SA,138.6758,-31.0861,historic mine,Cu,,Copper,,Delamerian Orogen,Proterozoic,Supergene,Supergene,Supergene copper,,,South Australian Element
335577,Mount Devencourt,Kangaroo,QLD,140.381,-21.305,historic mine,Cu,,Copper,,"Mount Isa Orogen, Quamby-Malbon Zone",Proterozoic,,,,,,Mitakoodi Domain
333878,Northern Star,Tennant Creek,NT,134.1466,-19.3156,historic mine,Au,,Gold,,"Tennant Creek Block, Warramunga Province, Warrego Metallogenic Province",Paleoproterozoic,Regional metasomatic,Metasomatic iron,Iron oxide gold,Kalkarindji Igneous Province,Warramunga Province,North Australian Element
333993,Jessie,,QLD,140.4982,-20.7176,historic mine,Cu,,Copper,,"Mount Isa Orogen, Quamby-Malbon Zone",Proterozoic,,,,,,Canobie Domain
334204,Mount Mascotte,,QLD,139.8562,-21.1766,historic mine,"Au, Cu",,"Gold, Copper",,"Mount Isa Orogen, Mary Kathleen Zone",Proterozoic,,,,,,Mary Kathleen Domain
333489,Waroona Shoreline,,WA,115.9386,-32.8265,historic mine,"Ilm, Zrn, Leu, Mnsd",,"Ilmenite, Zircon, Leucoxene, Mineral sands",,Perth Basin,,,,,,,Pinjarra Element
334579,Swamp Creek,,NSW,151.0717,-32.3956,historic mine,Cbl,,Coal - black,,Sydney Basin,,,,,,Sydney Basin,Eastern Province
335001,Scott-Cindy,Part of Pajingo project,QLD,146.4505,-20.5268,historic mine,Au,,Gold,,Drummond Basin,Paleozoic,Magmatic hydrothermal,Epithermal,Low-sulfidation (LS) epithermal gold-silver,,Drummond Basin,Charters Towers Province
335331,Cardiff Castle,,WA,121.5938,-31.5107,mineral deposit,Au,,Gold,,Yilgarn Craton,,,,,,,West Australian Element
333971,East Jimblebar,,WA,120.17,-23.3273,mineral deposit,Fe,,Iron,,Hamersley Basin,Archean,,,,Warakurna Large Igneous Province,Hamersley Basin,Pilbara Craton
869691,Goonyella Complex,,,147.962,-21.7923,mineral deposit,Cbl,,Coal - black,,Bowen Basin,,,,,,Drummond Basin,Anakie Province
925048,Montreal Goldfields,,,150.07,-36.3856,historic mine,,,,,,,Erosional,Placer,Paleoplacer gold ± uranium,,,Mallacoota Zone
333861,Agricola,Kenilworth,QLD,152.6167,-26.6968,historic mine,Au,,Gold,,"New England Orogen, Gympie Gold Province",,,,,,,New England Orogen
334632,Great Victoria,Burbridge,WA,119.5645,-31.5467,historic mine,Au,,Gold,,"Yilgarn Craton, Bounty Gold Metallogenic Province, Southern Cross Province",Archean,Metamorphic hydrothermal,Orogenic,Mesozonal orogenic gold,,,West Australian Element
335142,Weebo Bore,,WA,120.821,-28.0504,mineral deposit,Ni,,Nickel,,"Yilgarn Craton, Eastern Goldfields Province, Mount Keith Nickel Metallogenic Province",Archean,,,,,,West Australian Element
333607,Phantom Hills,,QLD,138.6025,-18.6828,mineral deposit,"Phos, P, P2O5",,"Phosphate, Phosphorus, Phosphorus oxide",,Georgina Basin,,Basin chemical,Phosphorite,Phosphorite,,Georgina Basin,Century Domain
364196,Calyerup Creek,,WA,119.0729,-33.9473,mineral deposit,Au,,Gold,,,,,,,,,Northern Foreland
335413,Jellinbah Station,"Caledonia, Curragh North, Pisces",QLD,148.8566,-23.362,mineral deposit,Cbl,,Coal - black,,Bowen Basin,,,,,,Bowen Basin,Anakie Province
456361,Tutunup Iluka,,WA,115.5647,-33.6811,mineral deposit,"Ilm, Leu, Zrn, Rt",,"Ilmenite, Leucoxene, Zircon, Rutile",,,,Erosional,Placer,Heavy mineral sands,,Bunbury Trough,Pinjarra Orogen
333367,McAuliffe Well,,WA,121.9234,-29.4947,mineral deposit,Au,,Gold,,"Yilgarn Craton, Darlot Gold Metallogenic Province, Eastern Goldfields Province",Archean,,,,,,West Australian Element
865432,Glendale,,,149.003,-33.5866,historic mine,Au,,Gold,,,,Magmatic hydrothermal,Porphyry,Porphyry copper ± gold,,,Eastern Province
333657,Mickeys Find East,,WA,119.04,-21.3273,mineral deposit,"Ag, Au",,"Silver, Gold",,Pilbara Craton,,,,,Warakurna Large Igneous Province,,Pilbara Craton
335699,Tyers South,,VIC,146.47,-38.167,mineral deposit,Cbr,,Coal - brown,,Gippsland Basin,Cenozoic,,,,,Selwyn Province,Melbourne-Mathinna Zone
519263,Silverstar,,WA,121.2212,-30.909,historic mine,Au,,Gold,,Yilgarn Craton,,,,,,,West Australian Element
533497,The Unknown,,WA,121.0334,-29.7145,mineral deposit,Au,,Gold,,Yilgarn Craton,,,,,,,West Australian Element
452100,Woodline Well (Ni),,WA,122.1667,-28.55,mineral deposit,Ni,,Nickel,,Yilgarn Craton,,,,,,Carey Paleovalley,West Australian Element
599425,Churchill North,,VIC,146.462,-38.2676,mineral deposit,Cbr,,Coal - brown,,Gippsland Basin,,,,,,Selwyn Province,Melbourne-Mathinna Zone
334528,Shamrock,,NSW,142.52,-33.51,mineral deposit,"Rt, Zrn, Ilm, Leu",,"Rutile, Zircon, Ilmenite, Leucoxene",,Murray Basin,,Erosional,Placer,Heavy mineral sands,,Berri Basin,Delamerian Orogen
334867,Redcastle,,VIC,144.7822,-36.9067,mineral deposit,Au,,Gold,,Lachlan Orogen,,,,,,Selwyn Province,Melbourne-Mathinna Zone
335419,Spargoville - Location 2,Spargoville-Location 5B,WA,121.5053,-31.3645,mineral deposit,Ni,,Nickel,,"Yilgarn Craton, Kambalda Nickel Metallogenic Province",,,,,,,West Australian Element
354871,Alice Queen,Part of Alice River project,QLD,143.2842,-15.4322,mineral deposit,Au,,Gold,,,,,,,,Savannah Province,North Australian Element
334079,El Sherana,,NT,132.5203,-13.5057,historic mine,"Au, U3O8, U",,"Gold, Uranium oxide, Uranium",,Pine Creek Orogen,Proterozoic,Basin hydrothermal,Unconformity-related,Unconformity-related uranium,,,Pine Creek Orogen
533819,Viking,,WA,121.0761,-28.4834,mineral deposit,Au,,Gold,,Yilgarn Craton,,,,,,,West Australian Element
454696,Lawlers (magnesite),,WA,120.6405,-28.0967,mineral deposit,"Mg, Mgs",,"Magnesium, Magnesite",,,,,,,,,West Australian Element
335478,Mount Nicholas,,WA,120.5327,-22.6606,historic mine,FeOre,Fe,"Iron ore, (Iron)",,Hamersley Basin,Cenozoic,,,,Warakurna Large Igneous Province,Fortescue Basin,Pilbara Craton
640823,Monsoon,,SA,133.428,-30.2019,mineral deposit,,,,,,,,,,,,Christie Domain
467178,Sellheim,,QLD,147.0853,-20.8753,mineral deposit,Au,,Gold,,,,,,,,Drummond Basin,Anakie Province
333794,King Edward,King Edward VII,QLD,140.6552,-20.7166,historic mine,"Cu, Au",,"Copper, Gold",,"Mount Isa Orogen, Cloncurry-Selwyn Zone",Proterozoic,,,,,,Soldiers Cap Domain
334518,Bluebird Extension,,WA,118.425,-26.7155,mineral deposit,Au,,Gold,,Yilgarn Craton,,,,,Warakurna Large Igneous Province,Hope Paleovalley,West Australian Element
334394,P.A.,,QLD,139.2642,-19.8786,historic mine,Cu,,Copper,,"Mount Isa Orogen, Lawn Hill Platform",Proterozoic,,,,,,Mount Isa Orogen
453891,Canegrass,,WA,120.9849,-30.2046,mineral deposit,"Co, Ni",,"Cobalt, Nickel",,Yilgarn Craton,,,,,,,West Australian Element
333831,Feldmast Proposal,now called Cullen Valley,NSW,150.0162,-33.2693,mineral deposit,Cbl,,Coal - black,,Sydney Basin,,,,,,Sydney Basin,Eastern Province
333523,Wilgena Hill,,SA,134.718,-30.6957,mineral deposit,Fe,,Iron,,Gawler Craton,,,,,,,South Australian Element
361298,Star of Mangaroon,,WA,115.7473,-23.8684,historic mine,Au,,Gold,,,,,,,Warakurna Large Igneous Province,,West Australian Element
334369,Clermont,,QLD,147.5833,-22.6469,historic mine,Au,,Gold,,"Belyando Gold Province, Bowen Basin",,,,,,Bowen Basin,Anakie Province
335990,Busselton East,,WA,115.39,-33.6666,mineral deposit,"Ilm, Zrn, Leu, Rt",,"Ilmenite, Zircon, Leucoxene, Rutile",,,,,,,,Bunbury Trough,Pinjarra Orogen
333776,Deloraine Goldfield,,SA,138.8944,-34.7246,historic mine,Au,,Gold,,Delamerian Orogen,Proterozoic,Metamorphic hydrothermal,Orogenic,Mesozonal orogenic gold,,,South Australian Element
364690,Calzoni,,WA,119.0142,-31.9524,mineral deposit,Au,,Gold,,Yilgarn Craton,,,,,,,West Australian Element
606528,Lady Brenda,,QLD,139.0409,-19.7793,mineral deposit,Cu,Mg,"Copper, (Magnesium)",,,,,,,,,Mount Isa Orogen
463921,Weabers Find,,NT,134.3017,-19.7162,mineral deposit,Au,,Gold,,Warramunga Province,,unknown,unknown,unknown,Kalkarindji Igneous Province,Warramunga Province,North Australian Element
334053,Rover Range-Glenarty Creek,,WA,115.1884,-34.2037,mineral deposit,"Ilm, Zrn","Leu, Rt","Ilmenite, Zircon, (Leucoxene, Rutile)",,,,,,,,Vasse Shelf,Leeuwin Province
449191,Elise,,WA,122.1701,-29.1826,mineral deposit,Au,,Gold,,Yilgarn Craton,,,,,,,West Australian Element
455539,Auckland Hill,,QLD,151.2534,-23.8338,historic mine,Mn,,Manganese,,New England Orogen,,,,,,,New England Orogen
547112,Smoke Creek,"Argyle Smoke Creek, Smoke Creek",WA,128.5452,-16.5163,mineral deposit,Dmd,,Diamond - undifferentiated,,,,,,,Kalkarindji Igneous Province,Wolfe Basin,Halls Creek Orogen
335357,Nagoorin,,QLD,151.3344,-24.3818,mineral deposit,Osh,,Oil shale,,,,,,,,,New England Orogen
334944,Celestial,Telegraph,QLD,140.2732,-20.9946,historic mine,Cu,,Copper,,"Mount Isa Orogen, Quamby-Malbon Zone",Proterozoic,,,,,,Mitakoodi Domain
567550,Steamboat-Blazan Creek,,QLD,139.1334,-21.8629,mineral deposit,"Phos, P2O5",,"Phosphate, Phosphorus oxide",,Georgina Basin,,,,,,Georgina Basin,Mount Isa Orogen
334739,Currawang,Currawong,NSW,149.5032,-34.984,historic mine,"Cu, Pb, Au, Ag, Zn",,"Copper, Lead, Gold, Silver, Zinc",,"Lachlan Orogen, Lachlan Orogen, Captains Flat - Goulburn Trough",,Volcanic basin hydrothermal,Volcanogenic massive sulfide (VMS),Bimodal-mafic VMS,,,Eastern Province
335070,Star River,,QLD,146.1177,-19.2954,historic mine,Sn,,Tin,,,,,,,,,Charters Towers Province
336036,Orebody 30,Mt Newman,WA,119.6611,-23.3789,historic mine,Fe,,Iron,,Hamersley Basin,Archean,,,,Warakurna Large Igneous Province,Hamersley Basin,Pilbara Craton
333434,Maybelle North,Tuckanarra Project,WA,118.0803,-27.105,mineral deposit,Au,,Gold,,Yilgarn Craton,Archean,,,,Warakurna Large Igneous Province,,West Australian Element
335248,Callina Creek,,WA,119.5097,-21.2793,mineral deposit,Au,,Gold,,,,,,,Warakurna Large Igneous Province,Fortescue Basin,Pilbara Craton
533419,Baron Rothschild,,WA,117.4304,-29.0722,mineral deposit,Au,,Gold,,Yilgarn Craton,,,,,,Moore-Monger Paleovalley,West Australian Element
333526,South Bulli,,NSW,150.8892,-34.3497,historic mine,Cbl,,Coal - black,,Sydney Basin,,,,,,Sydney Basin,Eastern Province
533513,Pinnacles - Lawlers,,WA,120.4481,-28.1857,mineral deposit,Au,,Gold,,Yilgarn Craton,,,,,,Raeside Paleovalley,West Australian Element
881812,Eastern Zone,,,141.7906,-32.0564,mineral deposit,"Co, Cu",,"Cobalt, Copper",,,,,,,,,Curnamona Province
577498,Saturn,,WA,117.7974,-28.0406,mineral deposit,Au,,Gold,,,Archean,,,,,,West Australian Element
334396,Timberoo,,QLD,140.3122,-20.8696,historic mine,Cu,,Copper,,"Mount Isa Orogen, Quamby-Malbon Zone",Proterozoic,,,,,,Mitakoodi Domain
455553,Kanyaka,,SA,138.1011,-32.04,historic mine,Mn,,Manganese,,Delamerian Orogen,,,,,,,South Australian Element
448838,Coonega,,WA,121.1152,-29.9453,mineral deposit,Au,,Gold,,"Yilgarn Craton, Eastern Goldfields Province",Archean,,,,,,West Australian Element
334293,Ravensthorpe,Copper Mine Creek,WA,120.14,-33.5835,historic mine,Mn,,Manganese,,"Yilgarn Craton, Southern Cross Province",Archean,,,,,,Yilgarn Craton
336137,McKinnons,,NSW,145.7,-31.7799,historic mine,"Ag, Au",,"Silver, Gold",,"Lachlan Orogen, Lachlan Orogen, Cobar Basin",,Magmatic hydrothermal,Epithermal,Low-sulfidation (LS) epithermal gold-silver,,Cobar Basin,Central NSW - Omeo Province
335296,North Arm,,QLD,152.95,-26.5168,historic mine,Au,,Gold,,New England Orogen,,,,,,,New England Orogen
569246,Yalyirimbi Iron,,NT,132.2955,-22.3452,mineral deposit,"FeOre, Fe",,"Iron ore, Iron",,,,,,,,,Aileron Province
333899,Tom Cat,,QLD,140.0172,-20.7026,historic mine,Cu,,Copper,,"Mount Isa Orogen, Mary Kathleen Zone",Proterozoic,,,,,,Mary Kathleen Domain
335872,Goliath North (Yakabindie),,WA,120.5892,-27.443,mineral deposit,"Ni, Co",,"Nickel, Cobalt",,Yilgarn Craton,,,,,,,West Australian Element
334909,Mugs Luck,,WA,117.005,-29.1032,mineral deposit,Au,,Gold,,Yilgarn Craton,,,,,,,West Australian Element
334357,Pera Head,,QLD,141.64,-12.977,mineral deposit,Bx,,Bauxite,,Karumba Basin,Cenozoic,,,,,Carpentaria Basin,North Australian Element
334565,Perseverence,,QLD,139.81,-21.194,historic mine,"Cu, Au",,"Copper, Gold",,"Mount Isa Orogen, Kalkadoon-Leichhardt Belt",Proterozoic,,,,,,Mary Kathleen Domain
599076,Lal Lal (Brown Coal),,VIC,144.0329,-37.6885,historic mine,Cbr,,Coal - brown,,Otway Basin,,,,,,,Bendigo Zone
815895,Broadmeadow,,QLD,148.1514,-21.8091,operating mine,Cbl,,Coal - black,,Bowen Basin,,,,,,Bowen Basin,Anakie Province
334850,Adventure,Great Adventure,QLD,145.1477,-17.4395,historic mine,Sn,,Tin,,Hodgkinson Province,,,,,,,Mossman Orogen
333370,Norris,,NT,137.8532,-17.6736,historic mine,Cu,,Copper,,"Mount Isa Orogen, Murphy Inlier",Proterozoic,,,,,,Camooweal-Murphy Domain
364094,Hercules,,WA,119.5573,-31.5352,historic mine,Au,,Gold,,Yilgarn Craton,,,,,,,West Australian Element
444261,Kulwin North,,VIC,142.5697,-34.9886,mineral deposit,"Zrn, Rt, Leu, Ilm",,"Zircon, Rutile, Leucoxene, Ilmenite",,Murray Basin,,Erosional,Placer,Heavy mineral sands,,Murray Basin,Stawell Zone
431031,Royal Standard,,WA,116.1699,-27.9356,mineral deposit,Au,,Gold,,Yilgarn Craton,Archean,,,,Warakurna Large Igneous Province,,West Australian Element
455554,Martins Well 1,,SA,139.1788,-31.5795,historic mine,Mn,,Manganese,,Delamerian Orogen,,,,,,,South Australian Element
334278,Coober Pedy,,SA,134.7508,-28.9906,operating mine,Opl,,Opal,,Eromanga Basin,,,,,,Arckaringa Basin,South Australian Element
335854,Just In Time,,QLD,140.2722,-21.0776,historic mine,"Au, Cu",,"Gold, Copper",,"Mount Isa Orogen, Quamby-Malbon Zone",Proterozoic,,,,,,Mitakoodi Domain
334161,Great Cobar,,NSW,145.8422,-31.5001,historic mine,"Cu, Au, Ag",,"Copper, Gold, Silver",,"Lachlan Orogen, Lachlan Orogen, Cobar Basin",,Metamorphic hydrothermal,Orogenic,Orogenic copper ± gold,,Cobar Basin,Central NSW - Omeo Province
334750,Volga,"Late Volga, Volga North",QLD,140.0662,-20.4076,historic mine,"Au, Cu",,"Gold, Copper",,"Mount Isa Orogen, Kalkadoon-Leichhardt Belt",Proterozoic,,,,,,Mary Kathleen Domain
335170,Mount Edwards 26N,also known as 26N,WA,121.5393,-31.4829,mineral deposit,Ni,,Nickel,,"Yilgarn Craton, Eastern Goldfields Province, Kambalda Nickel Metallogenic Province",Archean,Magmatic,Komatiite,Komatiite nickel-copper-PGE,,,West Australian Element
333898,Pioneer,,QLD,140.2712,-20.9836,historic mine,"Au, Cu",,"Gold, Copper",,"Mount Isa Orogen, Quamby-Malbon Zone",Proterozoic,,,,,,Mitakoodi Domain
454815,Sandy Creek,,QLD,143.5221,-18.3254,mineral deposit,Au,,Gold,,,,,,,,Etheridge Province,North Australian Element
334180,White's,,NT,131.008,-12.9849,historic mine,"U, Cu, U3O8, Pb, Co",,"Uranium, Copper, Uranium oxide, Lead, Cobalt",,"Pine Creek Orogen, Mount Todd Gold Metallogenic Province",Proterozoic,Basin hydrothermal,Unconformity-related,Unconformity-related uranium,,,Pine Creek Orogen
333981,Ruddygore,,QLD,144.5489,-17.1292,historic mine,"Cu, Ag",,"Copper, Silver",,Hodgkinson Province,,,,,,,Mossman Orogen
335935,Peak Downs,,QLD,147.616,-22.3469,historic mine,Cu,,Copper,,Bowen Basin,,,,,,,Anakie Province
334132,Two Crows,,WA,121.2045,-30.999,mineral deposit,Au,,Gold,,Yilgarn Craton,,,,,,,West Australian Element
333730,Bluebird East,,WA,118.4383,-26.7166,historic mine,Au,,Gold,,Yilgarn Craton,Archean,,,,Warakurna Large Igneous Province,Hope Paleovalley,West Australian Element
333543,Dales Gorge,,WA,118.6344,-22.4782,mineral deposit,Asb,,Asbestos,,Hamersley Basin,,,,,Warakurna Large Igneous Province,Dales Gorge Paleovalley,Pilbara Craton
333918,Manning Range,,WA,119.5014,-30.2462,mineral deposit,Fe,FeOre,"Iron, (Iron ore)",,Yilgarn Craton,,,,,,,West Australian Element
334209,Beasley River,,WA,117.2856,-22.7108,mineral deposit,Fe,,Iron,,Hamersley Basin,Cenozoic,,,,Warakurna Large Igneous Province,Fortescue Basin,Pilbara Craton
335646,Mount Fitton,,SA,139.4465,-29.91,closed,Tlc,,Talc,,Delamerian Orogen,Paleozoic,,,,,,Curnamona Province
573842,Evanston,,WA,119.2807,-29.8452,mineral deposit,FeOre,,Iron ore,,,,,,,,,West Australian Element
335258,Cadia Far East,,NSW,149.0156,-33.4605,mineral deposit,"Cu, Au",,"Copper, Gold",,"Lachlan Orogen, Lachlan Orogen, Cadia Porphyry Copper Gold Metallogenic Province",,Magmatic hydrothermal,Porphyry,Porphyry copper ± gold,,,Eastern Province
333839,Goliath,,NSW,142.9757,-34.2797,mineral deposit,"Rt, Zrn, Ilm, Leu",,"Rutile, Zircon, Ilmenite, Leucoxene",,Murray Basin,,Erosional,Placer,Heavy mineral sands,,Murray Basin,Stawell Zone
333743,Mount Walton,,WA,120.1681,-30.4962,mineral deposit,Fe,,Iron,,Yilgarn Craton,,,,,,,West Australian Element
333493,Yeppoon,,QLD,150.6937,-22.9981,mineral deposit,"Cu, Mo",,"Copper, Molybdenum",,New England Orogen,,,,,,,New England Orogen
333936,Copes Creek,,NSW,151.1979,-29.9577,historic mine,Sn,,Tin,,New England Orogen,,,,,,,New England Orogen
335285,Aclare,,SA,138.9924,-35.1196,historic mine,Au,,Gold,,Delamerian Orogen,Paleozoic,,,,,,Delamerian Orogen
333980,Struck Oil,,QLD,150.4578,-23.6081,mineral deposit,"Mo, Cu",,"Molybdenum, Copper",,New England Orogen,,,,,,,New England Orogen
335807,Cadia Quarry,,NSW,148.9918,-33.4475,mineral deposit,"Au, Cu",,"Gold, Copper",,"Lachlan Orogen, Cadia Porphyry Copper Gold Metallogenic Province",,,,,,,Eastern Province
335251,Endeavour,Newvale No2,NSW,151.5622,-33.2272,historic mine,Cbl,,Coal - black,,Sydney Basin,,,,,,Sydney Basin,Eastern Province
333480,Kadina,,SA,137.7268,-33.9526,mineral deposit,Cu,,Copper,,Gawler Craton,Proterozoic,,,,,Stansbury Basin,Olympic Domain
896582,Fingals East,,,121.8989,-30.9692,mineral deposit,Au,,Gold,,,,,,,,,West Australian Element
335029,Success,Varie's Success,QLD,140.3072,-20.8706,historic mine,"Cu, Co, Ag, Au",,"Copper, Cobalt, Silver, Gold",,"Mount Isa Orogen, Quamby-Malbon Zone",Proterozoic,,,,,,Mitakoodi Domain
333397,Mount Perry,,QLD,151.706,-25.1845,historic mine,"Cu, Ag, Au",,"Copper, Silver, Gold",,"New England Orogen, Mount Rawdon Copper Gold Province",,,,,,,New England Orogen
334601,Shrike North,Gidgee Project,WA,119.4172,-27.2576,historic mine,Au,,Gold,Panoramic Resources Limited,Yilgarn Craton,Archean,,,,,Raeside Paleovalley,West Australian Element
334602,Two Gum Dam,Davyhurst Project,WA,120.6409,-30.2826,mineral deposit,Au,,Gold,"Ora Banda Mining Ltd, Swan Gold Mining Limited",Yilgarn Craton,Archean,,,,,,West Australian Element
334603,Siberia  (Anaconda),,WA,120.9883,-30.1931,mineral deposit,"Ni, Co",,"Nickel, Cobalt",Mt Margaret project,Yilgarn Craton,,,,,,,West Australian Element
334607,Pilgangoora (Altura),Pilgangoora (Altura Mining),WA,118.9197,-20.9924,operating mine,"Li2O, Li, Sn, Ta",,"Lithium oxide, Lithium, Tin, Tantalum",Pilbara Minerals Limited,Pilbara Craton,Archean,Magmatic,Pegmatite,LCT pegmatite,Warakurna Large Igneous Province,,Pilbara Craton
334608,Billy Boy,,NT,134.3979,-19.5964,mineral deposit,Au,,Gold,A1 Minerals Limited,"Tennant Creek Block, Warramunga Province",Proterozoic,Regional metasomatic,Metasomatic iron,Iron oxide gold,Kalkarindji Igneous Province,Warramunga Province,North Australian Element
334609,Kurnalpi,,WA,122.085,-30.5348,mineral deposit,"Co, Ni",,"Cobalt, Nickel",Heron Resources Limited,"Yilgarn Craton, Eastern Goldfields Province",Cenozoic,,,,,,West Australian Element
334610,Jangardup South,,WA,115.6525,-34.396,mineral deposit,"Zrn, Ilm","Rt, Leu","Zircon, Ilmenite, (Rutile, Leucoxene)",Governor Broome Sands Pty ltd,,,Erosional,Placer,Heavy mineral sands,,Bunbury Trough,Pinjarra Orogen
334613,Yarloop,,WA,115.9178,-32.9659,historic mine,"Leu, Rt, Zrn, Ilm",,"Leucoxene, Rutile, Zircon, Ilmenite",Cable Sands (WA) Pty Ltd,,,,,,,,Pinjarra Element
334614,Sandalwood-Benger Central,,WA,115.8648,-33.1799,mineral deposit,"Ilm, Zrn, Leu, Rt",,"Ilmenite, Zircon, Leucoxene, Rutile",Cable Sands (WA) Pty Ltd,,,,,,,Mandurah Terrace,Pinjarra Element
334615,Prowse,,WA,115.5337,-33.5622,mineral deposit,"Ilm, Zrn, Leu, Rt",,"Ilmenite, Zircon, Leucoxene, Rutile",Cable Sands (WA) Pty Ltd,,,,,,,Bunbury Trough,Pinjarra Orogen
334616,Admiral Hill,Barnicoat Project,WA,122.4778,-28.5473,historic mine,Au,,Gold,Focus Minerals Limited,"Yilgarn Craton, Eastern Goldfields Province",Archean,,,,,,West Australian Element
334618,North Cliff,,NSW,150.8603,-34.1956,historic mine,Cbl,,Coal - black,Illawarra Coal,Sydney Basin,,,,,,Sydney Basin,Eastern Province
334619,Wattle Dam,,WA,121.4945,-31.3801,historic mine,Au,,Gold,Maximus Resources Limited,"Yilgarn Craton, Eastern Goldfields Province",Archean,,,,,,West Australian Element
334620,Nathans,Grosvenor Gold Project,WA,118.31,-25.3201,historic mine,Au,,Gold,"Westgold Resources Limited, Resource and Investment NL",Yilgarn Craton,Proterozoic,Metamorphic hydrothermal,Orogenic,Mesozonal orogenic gold,Warakurna Large Igneous Province,Bryah Basin,West Australian Element
334621,Euro - Laverton,Central Laverton Project,WA,122.3967,-28.7274,mineral deposit,Au,,Gold,Focus Minerals Limited,"Yilgarn Craton, Eastern Goldfields Province",Archean,,,,,,West Australian Element
334622,Karridale,,WA,122.648,-28.7854,mineral deposit,Au,,Gold,Focus Minerals Limited,"Yilgarn Craton, Eastern Goldfields Province",Archean,,,,,,West Australian Element
334623,Lilly Pond Well,Barnicoat Project,WA,122.5147,-28.8092,mineral deposit,Au,,Gold,Focus Minerals Limited,"Yilgarn Craton, Eastern Goldfields Province",Archean,,,,,,West Australian Element
334624,Kalgan Creek East,"East Angelas, Kalgan Creek",WA,119.7766,-23.1614,mineral deposit,FeOre,Fe,"Iron ore, (Iron)",Hancock Prospecting Pty Ltd,Pilbara Craton,,,,,Warakurna Large Igneous Province,Hamersley Basin,Pilbara Craton
334625,Red Hill,,QLD,148.05,-21.7469,mineral deposit,Cbl,,Coal - black,"BHP Group Limited, Mitsubishi Corporation, Mitsubishi Corp",Bowen Basin,,,,,,Bowen Basin,Anakie Province
334581,Butterfly,North Kookynie Project,WA,121.3804,-29.198,closed,Au,,Gold,Genesis Minerals Ltd,Yilgarn Craton,Archean,,,,,,West Australian Element
334628,Whicher Scarp,,WA,115.549,-33.7199,mineral deposit,"Zrn, Ilm",Rt,"Zircon, Ilmenite, (Rutile)",Tronox Limited,,,Erosional,Placer,Heavy mineral sands,,Bunbury Trough,Pinjarra Orogen
334629,Abra,Mulgul,WA,118.5873,-24.6431,under development,"Pb, Cu, Au, Zn","Ag, Brt","Lead, (Silver, Copper, Gold, Zinc, Barite)","Toho Zinc Company Ltd, Galena Mining Ltd, Abra Mining Limited",Edmund Basin,Proterozoic,Basin hydrothermal,Sediment-hosted,Siliciclastic-mafic zinc-lead,Warakurna Large Igneous Province,Edmund Basin,West Australian Element
334630,Tasmania Mine (Beaconsfield),Beaconsfield,TAS,146.8156,-41.2021,historic mine,Au,"Ag, Cu","Gold, (Silver, Copper)",BCD Resources NL,"Lachlan Orogen, Beaconsfield Metallogenic Province",,Metamorphic hydrothermal,Orogenic,Mesozonal orogenic gold,,Tasmania Basin,Delamerian Orogen
334631,Bigrlyi,Ngalia Basin,NT,131.0445,-22.2188,mineral deposit,"U, V2O5","V, U3O8","Uranium, (Vanadium, Vanadium pentoxide, Uranium oxide)",Energy Metals Limited,Ngalia Basin,Paleozoic,Infiltrational,Uranium,Sandstone uranium,,Ngalia Basin,Aileron Province
334633,Hannans North,Kalgoorlie Project,WA,121.4706,-30.7279,historic mine,Au,,Gold,"Newmont Mining Corporation, Barrick Gold Corporation, Kalgoorlie Consolidated Gold Mines","Yilgarn Craton, Kalgoorlie Gold Metallogenic Province, Norseman-Wiluna Belt",Archean,,,,,,West Australian Element
334634,Lady Bountiful Extended,Lady Bountiful Project,WA,121.2159,-30.499,historic mine,Au,,Gold,"Zijin Mining Group Company Ltd, Norton Gold Fields Limited","Yilgarn Craton, Kalgoorlie Gold Metallogenic Province, Norseman-Wiluna Belt",,,,,,,West Australian Element
334635,Manyingee,,WA,115.183,-22.4094,mineral deposit,U,U3O8,"Uranium, (Uranium oxide)",Paladin Energy Limited,Northern Carnarvon Basin,,,,,Warakurna Large Igneous Province,Northern Carnarvon Basin,West Australian Element
334636,Mary Kathleen,,QLD,140.013,-20.746,historic mine,"REO, U, U3O8",,"Rare earth oxides, Uranium, Uranium oxide",Hammer Metals Ltd,"Mount Isa Orogen, Mary Kathleen Domain, Mary Kathleen Zone",Paleoproterozoic,Magmatic hydrothermal,Skarn,Skarn uranium-REE,,,Mary Kathleen Domain
334638,Savage River (Grange Resources),"Centre Pit, North Pit, South Pit",TAS,145.203,-41.4895,operating mine,"FeOre, V","Fe, V2O5","Iron ore, (Iron, Vanadium, Vanadium pentoxide)",Grange Resources Ltd,"Delamerian Orogen, Dundas Trough",Neoproterozoic,Regional metasomatic,IOA,Magnetite-dominant IOA,,Thylacine Province,Delamerian Orogen
334640,Gwalia operations,Leonora Operations,WA,121.334,-28.9185,operating mine,Au,,Gold,Genesis Minerals Ltd,"Yilgarn Craton, Eastern Goldfields Province, Norseman-Wiluna Belt",Archean,Metamorphic hydrothermal,Orogenic,Mesozonal orogenic gold,,,West Australian Element
334641,Tindals,Tindals Project,WA,121.1741,-30.9882,historic mine,Au,,Gold,Focus Minerals Limited,"Yilgarn Craton, Kalgoorlie Gold Metallogenic Province, Kalgoorlie Terrane, Norseman-Wiluna Belt",Archean,Metamorphic hydrothermal,Orogenic,,,,West Australian Element
334644,Saint George,Mt Magnet Project,WA,117.8329,-28.0651,historic mine,Au,,Gold,Ramelius Resources Limited,"Yilgarn Craton, Big Bell Gold Metallogenic Province, Murchison Domain",Archean,,,,,,West Australian Element
334646,Mount Mulcahy,,WA,117.697,-27.0534,mineral deposit,"Cu, Co, Zn, Au","Ag, Pb","Copper, Cobalt, Zinc, (Silver, Gold, Lead)",Scorpion Minerals Limited,"Yilgarn Craton, Mount Mulcahy Base Metal Metallogenic Province, Murchison Province, Murchison Domain (Youanmi Terrane), Murchison Domain",Archean,Volcanic basin hydrothermal,Volcanogenic massive sulfide (VMS),,Warakurna Large Igneous Province,,West Australian Element
334648,Mount Philp,,QLD,139.5652,-20.5801,mineral deposit,Fe,,Iron,Hammer Metals Ltd,"Mount Isa Orogen, Mary Kathleen Zone",Proterozoic,Regional metasomatic,Metasomatic iron,,,,Leichhardt River Domain
334649,Black Swan,,WA,121.652,-30.3934,care and maintenance,"Ni, PGE, Cu, As, Fe, MgO","Co, S","Nickel, (Cobalt, Platinum group elements, Copper, Arsenic, Iron, Magnesia (magnesium oxide), Sulphur)",Horizon Minerals Ltd.,"Yilgarn Craton, Eastern Goldfields Province, Kambalda Nickel Metallogenic Province",Archean,Magmatic,Komatiite,Komatiite nickel-copper-PGE,,,West Australian Element
334652,Appin,Douglas,NSW,150.7918,-34.2078,mineral deposit,Cbl,,Coal - black,South32 Limited,Sydney Basin,,,,,,Sydney Basin,Eastern Province
334653,United,Wambo open-cut,NSW,151.01,-32.5568,operating mine,Cbl,,Coal - black,"Glencore Plc, Peabody Energy Corp., CFMEU, Xstrata plc",Sydney Basin,,,,,,Sydney Basin,Eastern Province
334654,Wambo,"Homestead, Wambo Complex, Wollemi",NSW,150.9981,-32.5782,operating mine,Cbl,,Coal - black,Peabody Energy Corp.,Sydney Basin,,,,,,Sydney Basin,Eastern Province
334655,Brilliant,Brilliant Extended,QLD,140.6252,-20.8316,historic mine,"Au, Cu",,"Gold, Copper",Carrick Gold Limited,"Mount Isa Orogen, Cloncurry-Selwyn Zone",Proterozoic,,,,,,Soldiers Cap Domain
334660,Overlander,"Overlander 1, Overlander 4",QLD,139.9062,-21.0446,historic mine,"Cu, Co",,"Copper, Cobalt",Hammer Metals Ltd,"Mount Isa Orogen, Mary Kathleen Zone",Proterozoic,unknown,unknown,unknown,,,Mary Kathleen Domain
334663,Develin Creek,,QLD,149.8629,-23.4531,mineral deposit,"Cu, Au, Ag, Zn",,"Copper, Gold, Silver, Zinc",QMines Ltd,New England Orogen,,,,,,,Yarrol Province
334665,Loy Yang,Loy Yang Extended,VIC,146.564,-38.2347,mineral deposit,Cbr,,Coal - brown,"Loy Yang Power, PowerWorks",Gippsland Basin,Cenozoic,,,,,Selwyn Province,Melbourne-Mathinna Zone
334666,Bronzewing Central,Bronzewing Gold Project,WA,121.0012,-27.382,closed,Au,,Gold,Northern Star Resources Limited,"Yilgarn Craton, Eastern Goldfields Province",Archean,Metamorphic hydrothermal,Orogenic,Mesozonal orogenic gold,,Carey Paleovalley,West Australian Element
334667,Harlequin,Norseman Project,WA,121.7924,-32.1134,mineral deposit,Au,,Gold,Norseman Gold PLC,"Yilgarn Craton, Kalgoorlie Gold Metallogenic Province",Archean,Metamorphic hydrothermal,Orogenic,Mesozonal orogenic gold,,Cowan Paleovalley,West Australian Element
334668,Premier,"Collie Operations, Premier",WA,116.2865,-33.3917,operating mine,Cbl,,Coal - black,Yanzhou Coal Mining Company Limited,Collie Basin,,,,,,Collie Basin,West Australian Element
334672,Mount Clement Polymetallic,,WA,116.118,-22.829,mineral deposit,"Au, Sb","Ag, Pb","Gold, (Silver, Antimony, Lead)",Black Cat Syndicate ltd,,Proterozoic,,,,Warakurna Large Igneous Province,Ashburton Basin,Pilbara Craton
334673,Ringarooma Bay,,TAS,147.8347,-40.8288,mineral deposit,Sn,,Tin,TNT Mines Limited,Lachlan Orogen,,,,,,Bass Basin,Melbourne-Mathinna Zone
334674,Teralba,,NSW,151.6,-32.9568,closed,Cbl,,Coal - black,"Glencore Plc, Marubeni Corporation",Sydney Basin,,,,,,Sydney Basin,Eastern Province
334675,Thaduna and Green Dragon Project,,WA,119.7147,-25.5036,mineral deposit,"Cu, Pb","Ag, Zn","Copper, (Silver, Lead, Zinc)","Ventnor Resources limited, Sandfire Resources NL",Yilgarn Craton,Proterozoic,,,,Warakurna Large Igneous Province,Yerrida Basin,West Australian Element
334676,RAV8,RAV 8,WA,120.3006,-33.6042,historic mine,Ni,"Cu, Co","Nickel, (Copper, Cobalt)",NickelSearch Ltd,"Ravensthorpe Nickel Metallogenic Province, Southern Cross Province",Archean,,,,,,Northern Foreland
334677,West Orient,Herberton,QLD,145.1841,-17.3455,mineral deposit,"Zn, In, Pb, Ag",,"Zinc, Indium, Lead, Silver",Iltani Resources Ltd,Mossman Orogen,Paleozoic,,,,,,Mossman Orogen
334679,Yarrabee,Yarrabee North,QLD,149.0264,-23.3177,operating mine,Cbl,,Coal - black,Yancoal Australia Limited,Bowen Basin,,,,,,Bowen Basin,Anakie Province
334680,Liveringa,,WA,124.0143,-18.0856,mineral deposit,Cbl,,Coal - black,Rey Resources Ltd,Canning Basin,,,,,Kalkarindji Igneous Province,Canning Basin,North Australian Element
334683,Yanneri Ridge,"Butcherbird Project, Yanneri Pool",WA,119.7058,-24.4117,operating mine,Mn,,Manganese,Element 25 Limited,Collier Basin,,,,,Warakurna Large Igneous Province,Collier Basin,West Australian Element
334685,Scaddan,Esperance,WA,121.8459,-33.349,mineral deposit,Cbr,,Coal - brown,"Blackham Resources Limited, Wesfarmers Limited",Eucla Basin,,,,,,Bremer Paleovalley,Biranup Zone
334689,Samphire,South Kalgoorlie Operations,WA,121.5316,-31.0707,historic mine,Au,,Gold,"Alacer Gold Corporation, Metals X Limited, Northern Star Resources Limited",Yilgarn Craton,Archean,,,,,,West Australian Element
335923,Brandy Hill,,WA,116.4128,-28.814,historic mine,Au,,Gold,,Yilgarn Craton,,,,,,,West Australian Element
335997,Mindy Mindy,,WA,119.4255,-22.9745,mineral deposit,FeOre,Fe,"Iron ore, (Iron)",,Pilbara Craton,,,,,Warakurna Large Igneous Province,Hamersley Basin,Pilbara Craton
335784,Mount Mort,,QLD,152.4283,-27.8079,mineral deposit,Cbl,,Coal - black,,Clarence-Moreton Basin,Mesozoic,,,,,Clarence-Moreton Basin,Yarrol Province
335062,Beaconsfield - Iron,,TAS,146.8113,-41.2055,mineral deposit,Fe,,Iron,,Delamerian Orogen,,,,,,Tasmania Basin,Delamerian Orogen
601263,Moe-Yarragon,,VIC,146.1154,-38.1974,mineral deposit,Cbr,,Coal - brown,,Gippsland Basin,,,,,,Selwyn Province,Melbourne-Mathinna Zone
335966,Wild River,,QLD,145.3177,-17.5788,mineral deposit,Fe,,Iron,,Mossman Orogen,,,,,,,Mossman Orogen
334926,Kiandra,,NSW,148.4898,-35.8626,historic mine,Au,,Gold,,"Lachlan Orogen, Lachlan Orogen, Nerrigundah",Paleozoic,,,,,,Eastern Province
335757,Mount Hogan,,QLD,143.817,-19.172,historic mine,Au,,Gold,,"Etheridge Province, Georgetown Block",,Metamorphic hydrothermal,Orogenic,Mesozonal orogenic gold,,Etheridge Province,North Australian Element
334959,Peeralilla Hill,,SA,138.618,-35.4623,mineral deposit,Fe,,Iron,,Delamerian Orogen,,,,,,,South Australian Element
456020,Julia Creek Oil Shale,,QLD,141.8178,-20.4622,mineral deposit,Osh,,Oil shale,,,,,,,,Eromanga Basin,Soldiers Cap Domain
333609,Cue,"Light of Asia, Main Line",WA,117.9208,-27.4004,operating mine,Au,,Gold,,"Yilgarn Craton, Big Bell Gold Metallogenic Province, Murchison Domain",Archean,,,,,,West Australian Element
334797,Alexander Bridge,,WA,115.2159,-34.1024,mineral deposit,"Ilm, Leu, Zrn, Rt",,"Ilmenite, Leucoxene, Zircon, Rutile",,,,,,,,Vasse Shelf,Pinjarra Orogen
455084,Alpha,,QLD,146.8286,-24.1223,mineral deposit,Osh,,Oil shale,,,,,,,,Drummond Basin,Thomson Orogen
335382,Ediacara,"Ediacara Consols, New Ediacara",SA,138.133,-30.7801,historic mine,"Pb, Cu, Ag",,"Lead, Copper, Silver",,Delamerian Orogen,Paleozoic,,,,,,Olympic Domain
335225,Malbon,,QLD,140.2692,-21.0806,historic mine,"Au, Cu",,"Gold, Copper",,"Mount Isa Orogen, Quamby-Malbon Zone",Proterozoic,,,,,,Mitakoodi Domain
335965,Avenmore,,NSW,147.3512,-32.2287,mineral deposit,Au,,Gold,,Lachlan Orogen,Paleozoic,,,,,,Central NSW - Omeo Province
336171,Wellington Springs,,QLD,146.7287,-20.1291,mineral deposit,"Cu, Au",,"Copper, Gold",,,Paleozoic,,,,,,Charters Towers Province
333807,Ord Range,,WA,119.1512,-20.2884,mineral deposit,Fe,,Iron,,Pilbara Craton,,,,,,,Pilbara Craton
335520,Glen Eden,,NSW,151.7333,-29.5468,mineral deposit,Mo,"Sn, W","Molybdenum, (Tin, Tungsten)",,New England Orogen,,,,,,,New England Orogen
550655,Snaefell,,SA,135.035,-29.3906,mineral deposit,Fe,,Iron,,"Gawler Craton, Mount Woods Domain",,Magmatic hydrothermal,Skarn,Skarn iron,,Eromanga Basin,South Australian Element
335855,Little Beauty,"Little Beauty 2, McMillans",QLD,139.9732,-20.5996,historic mine,Cu,,Copper,,"Mount Isa Orogen, Kalkadoon-Leichhardt Belt",Proterozoic,,,,,,Mary Kathleen Domain
519272,Toorakville,,WA,121.6955,-28.6996,mineral deposit,Au,,Gold,,Yilgarn Craton,,,,,,,West Australian Element
527953,Caledonian,,NSW,149.5091,-32.3828,mineral deposit,Au,,Gold,,Lachlan Orogen,,,,,,,Eastern Province
336177,Jumna,,QLD,145.2238,-17.401,historic mine,Sn,,Tin,,Mossman Orogen,,,,,,,Mossman Orogen
334526,Granite Creek,,QLD,144.5103,-16.2633,historic mine,"Sn, SnO2",,"Tin, Tin oxide/cassiterite",,Mossman Orogen,,,,,,,Mossman Orogen
536038,Celia,,NT,131.0649,-13.0316,mineral deposit,"Mgs, MgO",,"Magnesite, Magnesia (magnesium oxide)",,,,,,,,,Pine Creek Orogen
455563,Yackandandah,,VIC,146.7882,-36.3128,mineral deposit,Mn,,Manganese,,Lachlan Orogen,,,,,,,Lachlan Orogen
336133,Mike,,QLD,139.5932,-21.1236,historic mine,Cu,,Copper,,"Mount Isa Orogen, Kalkadoon-Leichhardt Belt",Proterozoic,,,,,,Leichhardt River Domain
335691,Browns Tunnel,,TAS,145.5314,-41.676,mineral deposit,"Au, Zn, Cu, Pb, Ag",,"Gold, Zinc, Copper, Lead, Silver",,Delamerian Orogen,Paleozoic,,,,,Thylacine Province,Delamerian Orogen
336111,Mount McDonald,,NSW,148.9469,-33.8963,historic mine,Au,,Gold,,"Lachlan Orogen, Lachlan Orogen, Hill End",Paleozoic,,,,,,Eastern Province
335063,Jims Area,,NT,129.6203,-20.1556,mineral deposit,Au,,Gold,,Tanami Orogen,,,,,Kalkarindji Igneous Province,,Tanami Orogen
333825,Peacemaker,,QLD,145.2581,-17.3522,mineral deposit,"Sn, W, Cu",,"Tin, Tungsten, Copper",,Mossman Orogen,,,,,,,Mossman Orogen
334384,Ottery,,NSW,151.6625,-29.4027,historic mine,"As, Sn",,"Arsenic, Tin",,New England Orogen,,unknown,unknown,unknown,,,New England Orogen
334275,Great Banjo,,WA,122.3353,-29.7154,historic mine,Au,,Gold,,Yilgarn Craton,,,,,,,West Australian Element
335260,Jackpot,,WA,121.2038,-30.9097,historic mine,Au,,Gold,,Yilgarn Craton,,,,,,,West Australian Element
519266,Red White and  Blue,,WA,121.8031,-30.909,historic mine,Au,,Gold,,Yilgarn Craton,,,,,,,West Australian Element
334721,Rishton,"Cornishman, Disraeli, Joes Delight",QLD,146.5331,-20.1254,historic mine,Au,,Gold,,"Charters Towers Gold Metallogenic Province, Lolworth-Ravenswood Block",,,,,,,Charters Towers Province
335013,Rex Hill,Mt Rex Mine,TAS,147.6655,-41.7099,historic mine,Sn,,Tin,,Lachlan Orogen,,,,,,Tasmania Basin,Melbourne-Mathinna Zone
636001,Flemington,,NSW,147.3926,-32.7431,mineral deposit,"Ni, Co",Sc,"Nickel, Cobalt, (Scandium)",,,,,,,,,Central NSW - Omeo Province
599374,Loy Yang Extended,,VIC,146.564,-38.2347,mineral deposit,Cbr,,Coal - brown,,Gippsland Basin,,,,,,Selwyn Province,Melbourne-Mathinna Zone
335349,Eurundury,,NSW,149.6461,-32.5063,mineral deposit,"Fe, Mn",,"Iron, Manganese",,Lachlan Orogen,,,,,,,Eastern Province
335305,Inkerman,,QLD,139.9322,-20.8686,historic mine,Cu,,Copper,,"Mount Isa Orogen, Kalkadoon-Leichhardt Belt",Proterozoic,,,,,,Mary Kathleen Domain
557289,Lake Chandler Potash,,WA,118.4394,-31.1062,mineral deposit,"K2SO4, K2O",,"Potassium sulfate, Potash",,,,,,,,Deborah Paleovalley,West Australian Element
526752,Pepegoona,Beverley North,SA,139.5513,-30.1152,mineral deposit,"U, U3O8",,"Uranium, Uranium oxide",,Curnamona Province,,,,,,Lake Eyre Basin,Curnamona Province
333633,Round Hill Head/Deepwater (IA),,QLD,151.8915,-24.1837,mineral deposit,"Rt, Zrn, Ilm, Mnz",,"Rutile, Zircon, Ilmenite, Monazite",,,,Erosional,Placer,Heavy mineral sands,,,New England Orogen
334045,Bellbird,,NSW,151.34,-32.8969,mineral deposit,Cbl,,Coal - black,,Sydney Basin,,,,,,Sydney Basin,Eastern Province
334025,Two Up,,QLD,149.7163,-25.7314,mineral deposit,Cbl,,Coal - black,,Surat Basin,Mesozoic,,,,,Surat Basin,Anakie Province
334727,West Wyalong,Wyalong,NSW,147.2098,-33.9234,historic mine,Au,,Gold,,"Lachlan Orogen, Lachlan Orogen, Hill End",Paleozoic,Metamorphic hydrothermal,Orogenic,Mesozonal orogenic gold,,,Central NSW - Omeo Province
335796,Garrawalt Creek,,QLD,145.7686,-18.6332,historic mine,Sn,,Tin,,Mossman Orogen,,,,,,,Mossman Orogen
335501,Nickos Reward,,QLD,151.6041,-25.1281,mineral deposit,Au,,Gold,,New England Orogen,,,,,,,New England Orogen
334982,Wyo Well,,WA,122.3402,-30.5066,mineral deposit,"Ni, Co",,"Nickel, Cobalt",,Yilgarn Craton,,,,,,,West Australian Element
333368,Oldfield Inlet,,WA,120.7906,-33.8729,mineral deposit,"Ilm, Grt, Zrn",,"Ilmenite, Garnet, Zircon",,,,,,,,Bremer Paleovalley,Albany-Fraser Orogen
335795,Reedy 8A,,QLD,144.3542,-16.2196,mineral deposit,Au,,Gold,,Mossman Orogen,Paleozoic,,,,,,Mossman Orogen
335890,Prospect Creek,,QLD,144.8341,-16.1455,historic mine,"SnO2, Sn",,"Tin oxide/cassiterite, Tin",,Mossman Orogen,,,,,,,Mossman Orogen
333796,Lady Vera,,QLD,140.0942,-20.7596,historic mine,Cu,,Copper,,"Mount Isa Orogen, Mary Kathleen Zone",Proterozoic,,,,,,Mary Kathleen Domain
333531,Bookara,,WA,114.9015,-29.0463,mineral deposit,Cbl,,Coal - black,,Perth Basin,,,,,,Perth Basin,Pinjarra Orogen
468263,Thorntonia,,QLD,138.9613,-19.5578,mineral deposit,"Phos, P2O5",,"Phosphate, Phosphorus oxide",,Georgina Basin,,,,,,Georgina Basin,Mount Isa Orogen
334870,Whalans Hill,,NSW,149.6964,-33.1095,mineral deposit,Au,,Gold,,Lachlan Orogen,,,,,,,Eastern Province
335127,Highway,Reward,QLD,146.2015,-20.3633,historic mine,"Au, Cu, Ag",,"Gold, Copper, Silver",,"Charters Towers Province, Lolworth-Ravenswood Block, Thalanga Base Metal Metallogenic Province",,Volcanic basin hydrothermal,Volcanogenic massive sulfide (VMS),Bimodal felsic VMS,,,Charters Towers Province
335509,Unaly Hill,,WA,118.9484,-28.373,mineral deposit,"Fe, Rt, V",V2O5,"Iron, Rutile, Vanadium, (Vanadium pentoxide)",,Yilgarn Craton,,,,,,,West Australian Element
334345,Marble Bar,Halleys Comet,WA,119.76,-21.2216,historic mine,Au,,Gold,,"Pilbara Craton, Bamboo Creek Gold Metallogenic Province",Archean,,,,,,Pilbara Craton
333786,Waukaringa,"Alma Extended Mines, Alma-Victoria",SA,139.4456,-32.283,historic mine,Au,,Gold,,"Delamerian Orogen, Waukaringa",,Metamorphic hydrothermal,Orogenic,Mesozonal orogenic gold,,,South Australian Element
333643,Dog Leg Grid,,NSW,149.9022,-34.9772,mineral deposit,"Co, Ni, Cu",,"Cobalt, Nickel, Copper",,Lachlan Orogen,,,,,,,Eastern Province
333812,Yulgilbar-Lionsville,,NSW,152.501,-29.1952,mineral deposit,Fe,,Iron,,New England Orogen,,,,,,,New England Orogen
557972,Millipede,,WA,120.3555,-26.8506,mineral deposit,"U3O8, U",,"Uranium oxide, Uranium",,,,,,,,Carey Paleovalley,West Australian Element
335160,King Of Creation,,WA,122.395,-28.1542,mineral deposit,Au,,Gold,,Yilgarn Craton,,unknown,unknown,unknown,,,West Australian Element
335655,Iron Range,,QLD,143.2967,-12.7127,mineral deposit,FeOre,Fe,"Iron ore, (Iron)",,"Coen Block, Iron Range Province",Proterozoic,Basin chemical,Iron formation,Oolitic iron formation,,,Iron Range Province
336252,Comet Valley,,NSW,151.9427,-30.3897,mineral deposit,"Sb, Au",,"Antimony, Gold",,New England Orogen,,,,,,,New England Orogen
335711,Seymour,,TAS,148.2901,-41.7451,mineral deposit,"Zrn, F, Toz",,"Zircon, Fluorine, Topaz",,,,,,,,,Melbourne-Mathinna Zone
334768,Maybelle,Tuckanarra Project,WA,118.077,-27.1103,historic mine,Au,,Gold,,Yilgarn Craton,Archean,,,,Warakurna Large Igneous Province,,West Australian Element
333939,Laverton - Barnicoat SOG (2001),,WA,122.502,-28.623,historic mine,Au,,Gold,,Yilgarn Craton,Archean,,,,,,West Australian Element
335159,Barraba,,NSW,150.6016,-30.2908,historic mine,Asb,,Asbestos,,New England Orogen,,,,,,,New England Orogen
455567,Walcha,,NSW,151.5917,-30.9662,historic mine,Mn,,Manganese,,New England Orogen,,,,,,,New England Orogen
334524,Soldiers Cap,Strathfield,QLD,141.0445,-21.3317,mineral deposit,"Au, Cu",,"Gold, Copper",,Mount Isa Orogen,Proterozoic,,,,,Eromanga Basin,Soldiers Cap Domain
335147,Pindora 1,Pindora 2,QLD,139.9962,-21.0586,historic mine,"Au, Cu",,"Gold, Copper",,"Mount Isa Orogen, Quamby-Malbon Zone",Proterozoic,,,,,,Mitakoodi Domain
334459,Angela,,NT,133.92,-23.9171,mineral deposit,"U, U3O8",,"Uranium, Uranium oxide",,Amadeus Basin,,Infiltrational,Uranium,Sandstone uranium,Warakurna Large Igneous Province,Amadeus Basin,Warumpi Province
335363,Gloucester,,NSW,151.678,-32.0418,mineral deposit,"Corr, Cors, Cor",,"Corundum - ruby, Corundum - sapphire, Corundum - undifferentiated",,,,,,,,,New England Orogen
519416,Gold Hill,,WA,121.6826,-28.6815,historic mine,Au,,Gold,,Yilgarn Craton,,,,,,,West Australian Element
533827,Missing Link - Melita,,WA,121.4222,-29.3776,mineral deposit,Au,,Gold,,Yilgarn Craton,,,,,,,West Australian Element
334584,Burgowan,,QLD,152.5649,-25.3119,historic mine,Cbl,,Coal - black,,Maryborough Basin,,,,,,Maryborough Basin,Tasman Element
335740,Fifield,,NSW,147.4516,-32.7955,historic mine,"Pt, Sc, Co, Ni, Au, Mgs, PGE, Pd, Cu",,"Platinum, Scandium, Cobalt, Nickel, Gold, Magnesite, Platinum group elements, Palladium, Copper",,"Lachlan Orogen, Lachlan Orogen, Girilambone Zone",Cenozoic,Magmatic,Ultramafic and (or) mafic-layered intrusion,U-M layered intrusion nickel-copper-PGE,,,Central NSW - Omeo Province
335146,Native Companion,,QLD,140.1712,-20.4296,historic mine,"Au, Cu",,"Gold, Copper",,"Mount Isa Orogen, Mary Kathleen Zone",Proterozoic,,,,,,Mary Kathleen Domain
333716,Highland Mary - Caledonia,,QLD,142.2526,-18.2174,historic mine,Au,,Gold,,"Croydon Gold Metallogenic Province, Croydon Province, Georgetown Block",,,,,Croydon Province,,North Australian Element
333710,Great Central,Grand Central,QLD,139.9432,-20.9136,historic mine,Cu,,Copper,,"Mount Isa Orogen, Kalkadoon-Leichhardt Belt",Proterozoic,,,,,,Mary Kathleen Domain
334746,Chinaman,,QLD,140.2872,-20.9936,historic mine,Cu,,Copper,,"Mount Isa Orogen, Quamby-Malbon Zone",Proterozoic,,,,,,Mitakoodi Domain
336206,Minnie Moxham,,QLD,145.2119,-16.9702,historic mine,Au,,Gold,,"Mossman Orogen, Hodgkinson Province",Paleozoic,Metamorphic hydrothermal,Orogenic,Epizonal orogenic antimony ± gold,,,Mossman Orogen
334477,Cannibal Creek,,QLD,144.4128,-16.2037,historic mine,Sn,,Tin,,Hodgkinson Province,,,,,,,Mossman Orogen
335359,Bunker Bay,,WA,115.044,-33.5457,mineral deposit,"Ilm, Zrn, Leu",,"Ilmenite, Zircon, Leucoxene",,,,Erosional,Placer,Heavy mineral sands,,,Leeuwin Province
335324,Victor Shoot,,WA,121.6833,-31.1878,historic mine,Ni,,Nickel,,"Yilgarn Craton, Eastern Goldfields Province, Kambalda Nickel Metallogenic Province",Archean,Magmatic,Komatiite,Komatiite nickel-copper-PGE,,,West Australian Element
335803,Ipswich,,QLD,152.7843,-27.5619,mineral deposit,Cbl,,Coal - black,,Ipswich Basin,Mesozoic,,,,,,New England Orogen
568958,Irwin River,,WA,115.5993,-29.0531,mineral deposit,Cbl,,Coal - black,,Perth Basin,,,,,,Perth Basin,Pinjarra Orogen
335600,Mount Bessemer,,SA,138.868,-34.6956,mineral deposit,Fe,,Iron,,Delamerian Orogen,,,,,,,South Australian Element
335779,Tommy Burns,,QLD,144.8709,-17.4021,historic mine,"Sn, W, WO3",,"Tin, Tungsten, Tungsten trioxide (wolframite)",,Hodgkinson Province,,Magmatic hydrothermal,Vein,Vein tin polymetallic,,,Mossman Orogen
922674,Mount Paddy,,,144.992,-17.6727,mineral deposit,,,,,,,,,,,,Mossman Orogen
334538,Smiths Beach,Yallingup Prospect,WA,115.0212,-33.6657,mineral deposit,"Ilm, Rt, Mnz, Leu, Zrn",,"Ilmenite, Rutile, Monazite, Leucoxene, Zircon",,,,,,,,,Leeuwin Province
334146,Keronima,,WA,116.9517,-29.1073,mineral deposit,Au,,Gold,,Yilgarn Craton,,,,,,,West Australian Element
334948,Stannary Hills Group,,QLD,145.2138,-17.294,historic mine,"Cu, Sn",,"Copper, Tin",,Hodgkinson Province,,,,,,,Mossman Orogen
334479,Walwa Tin Field,"Mt Alwa, The Bounce",VIC,147.7087,-35.9513,mineral deposit,Sn,,Tin,,"Lachlan Orogen, Lachlan Orogen",Paleozoic,Magmatic,Pegmatite,LCT pegmatite,,,Central NSW - Omeo Province
334865,Six Mile (Yakabindie),,WA,120.577,-27.4255,mineral deposit,"Ni, Co",,"Nickel, Cobalt",,Yilgarn Craton,,Magmatic,Komatiite,Komatiite nickel-copper-PGE,,,West Australian Element
335689,Shaw River Mining Centre,,WA,119.4214,-21.4994,mineral deposit,"Ta2O5, Ta, Sn",,"Tantalum pentoxide, Tantalum, Tin",,Pilbara Craton,,,,,Warakurna Large Igneous Province,,Pilbara Craton
335952,Ivanhoe,Tennant Creek,NT,134.0588,-19.5535,historic mine,"Au, Bi, Cu",,"Gold, Bismuth, Copper",,"Tennant Creek Block, Warramunga Province, Warrego Metallogenic Province",Paleoproterozoic,Regional metasomatic,Metasomatic iron,Iron oxide gold,Kalkarindji Igneous Province,Warramunga Province,North Australian Element
333314,Springs,Springs Extended,QLD,140.0062,-20.8786,historic mine,Cu,,Copper,,"Mount Isa Orogen, Mary Kathleen Zone",Proterozoic,,,,,,Mary Kathleen Domain
334583,Meentheena,,WA,120.4742,-21.2368,mineral deposit,"F, Fl",,"Fluorine, Fluorite",,Fortescue Basin,,Magmatic hydrothermal,Vein,Vein fluorite,,Fortescue Basin,Pilbara Craton
335056,Moonee,,NSW,151.6317,-33.1397,closed,Cbl,,Coal - black,,Sydney Basin,,,,,,Sydney Basin,Eastern Province
335401,Wild Irishman,,QLD,145.4001,-17.3799,historic mine,Sn,,Tin,,Hodgkinson Province,,,,,,,Mossman Orogen
333920,Melon Prospect,,WA,120.7335,-27.8609,mineral deposit,Ni,,Nickel,,"Yilgarn Craton, Eastern Goldfields Province",Archean,,,,,,West Australian Element
334702,Naracoopa,,TAS,144.1059,-39.9073,operating mine,"Rt, Zrn, Ilm, Sn",,"Rutile, Zircon, Ilmenite, Tin",,,,Erosional,Placer,Heavy mineral sands,,Thylacine Province,Delamerian Orogen
333382,Forbes,Lachlan,NSW,148.016,-33.3799,historic mine,Au,,Gold,,"Lachlan Orogen, Lachlan Orogen, Cadia Porphyry Copper Gold Metallogenic Province, Junee - Narromine Igneous Subprovince",Paleozoic,Metamorphic hydrothermal,Orogenic,Mesozonal orogenic gold,,,Eastern Province
335718,Yaamba,,QLD,150.3344,-23.1318,mineral deposit,Osh,,Oil shale,,,,,,,,,Yarrol Province
519268,Lady Susan,,WA,121.8278,-28.7489,mineral deposit,Au,,Gold,,Yilgarn Craton,,,,,,,West Australian Element
335121,Williamstown,"Mt Crawford, Reservoir, Springfield, Warren",SA,138.9273,-34.6937,historic mine,"Ky, Cy, Kln, Mica",,"Kyanite, Clay, Kaolin, Mica",,Delamerian Orogen,,,,,,,South Australian Element
333824,Saint George,,QLD,143.5541,-18.2895,mineral deposit,Sb,,Antimony,,,,unknown,unknown,unknown,,Etheridge Province,North Australian Element
335392,Quita Creek,,QLD,139.05,-21.977,mineral deposit,"Phos, P, P2O5",,"Phosphate, Phosphorus, Phosphorus oxide",,Georgina Basin,,Basin chemical,Phosphorite,Phosphorite,,Georgina Basin,Aileron Province
364695,Maori Lass,,WA,119.3201,-31.2468,historic mine,Au,,Gold,,Yilgarn Craton,,,,,,Deborah Paleovalley,West Australian Element
334591,Tomalla,Pigna Barney,NSW,151.5143,-31.767,mineral deposit,Fe,,Iron,,New England Orogen,,,,,,,New England Orogen
335664,Mount McNamara,,QLD,140.4212,-20.9186,historic mine,"Au, Cu",,"Gold, Copper",,"Mount Isa Orogen, Quamby-Malbon Zone",Proterozoic,,,,,,Marimo-Staveley Domain
569177,West Pilbara - Anthiby Well -  (Atlas),,WA,116.769,-22.8428,mineral deposit,"FeOre, Fe",,"Iron ore, Iron",,Hamersley Basin,,,,,Warakurna Large Igneous Province,Ashburton Basin,Pilbara Craton
334241,Gubberah Gossan,,NT,131.9521,-13.3106,mineral deposit,"Pb, Zn",,"Lead, Zinc",,Pine Creek Orogen,Proterozoic,,,,,,Pine Creek Orogen
455310,Riverside,,TAS,147.9648,-41.0235,historic mine,Sn,,Tin,,Lachlan Orogen,,,,,,,Melbourne-Mathinna Zone
334377,Havelock,,QLD,143.6028,-18.6044,historic mine,"Cu, Ag, Au",,"Copper, Silver, Gold",,"Etheridge Gold Metallogenic Province, Etheridge Province, Georgetown Block",Paleozoic,Metamorphic hydrothermal,Orogenic,,,Etheridge Province,North Australian Element
333467,Forrest Beach,,WA,115.4606,-33.5755,mineral deposit,"Ilm, Zrn, Leu, Rt",,"Ilmenite, Zircon, Leucoxene, Rutile",,,,,,,,Bunbury Trough,Pinjarra Orogen
334015,Surprise,,QLD,140.0177,-20.0774,historic mine,"Au, Cu",,"Gold, Copper",,Mount Isa Orogen,Proterozoic,,,,,,Mary Kathleen Domain
336132,Eclipse,Eclipse West,QLD,140.229,-19.756,historic mine,"Au, Cu",,"Gold, Copper",,"Mount Isa Orogen, Quamby-Malbon Zone",Proterozoic,,,,,,Mary Kathleen Domain
573766,Duck Creek Mesa 5 (Brockman Mining Ltd),,WA,116.6557,-22.5949,mineral deposit,"Fe, FeOre",,"Iron, Iron ore",,,,,,,Warakurna Large Igneous Province,Hamersley Basin,Pilbara Craton
336046,Blockade,"Argylla, Blockade North, Blockade South",QLD,139.8782,-20.6176,historic mine,Cu,,Copper,,"Mount Isa Orogen, Kalkadoon-Leichhardt Belt",Proterozoic,,,,,,Mary Kathleen Domain
334520,Tarawi North,,NSW,141.168,-33.4287,mineral deposit,"Zrn, Ilm, Rt, Th, Leu",,"Zircon, Ilmenite, Rutile, Thorium, Leucoxene",,Murray Basin,,Erosional,Placer,Heavy mineral sands,,Berri Basin,Delamerian Orogen
334530,Fingal,Duncan,TAS,148.0155,-41.6396,historic mine,Cbl,,Coal - black,,Tasmania Basin,,,,,,Tasmania Basin,Melbourne-Mathinna Zone
336068,Green Head,Hill,WA,114.9765,-30.0714,mineral deposit,Cbl,,Coal - black,,Perth Basin,,,,,,Beagle Ridge,Pinjarra Orogen
336176,Doubloon North,,NSW,142.6939,-33.7469,mineral deposit,"Ilm, Rt, Zrn",Leu,"Ilmenite, Rutile, Zircon, (Leucoxene)",,Murray Basin,,Erosional,Placer,Heavy mineral sands,,Murray Basin,Stawell Zone
557283,Lake Disappointment Potash,,WA,122.8156,-23.3145,mineral deposit,"K2O, K2SO4",,"Potash, Potassium sulfate",,,,,,,Kalkarindji Igneous Province,Disappointment Paleovalley,West Australian Element
335769,Kings Cross,,QLD,139.9112,-20.7406,historic mine,"Cu, Au",,"Copper, Gold",,"Mount Isa Orogen, Kalkadoon-Leichhardt Belt",Proterozoic,Metamorphic hydrothermal,Orogenic,Mesozonal orogenic gold,,,Mary Kathleen Domain
333473,Carcoar,,NSW,149.1471,-33.6184,historic mine,Fe,,Iron,,Lachlan Orogen,,,,,,,Eastern Province
334412,Argent Tunnel,,TAS,145.4154,-41.8268,mineral deposit,Asb,,Asbestos,,Delamerian Orogen,,,,,,Thylacine Province,Delamerian Orogen
648473,Rogetta North,,TAS,145.8404,-41.3105,mineral deposit,"FeOre, Zn, TiO2, W, Fe, P2O5, Mag, Al2O3, Ti, Sr, Mn, WO3, SnO2, K2O","Sn, P","Iron ore, (Tin, Zinc, Titanium dioxide, Tungsten, Iron, Phosphorus oxide, Magnetite, Alumina, Titanium, Strontium, Manganese, Tungsten trioxide (wolframite), Tin oxide/cassiterite, Potash, Phosphorus)",,,,,,,,Thylacine Province,Tasman Element
334962,Wittenoom Gorge,,WA,118.3014,-22.296,historic mine,Asb,,Asbestos,,Hamersley Basin,,,,,Warakurna Large Igneous Province,Hamersley Basin,Pilbara Craton
335067,Kutarta (Prices Creek),,WA,125.9,-18.5972,mineral deposit,Zn,"Ag, Pb","Zinc, (Silver, Lead)",,Lennard Shelf,Paleozoic,Basin hydrothermal,Mississippi Valley-type (MVT),MVT zinc-lead,Kalkarindji Igneous Province,Canning Basin,King Leopold Orogen
333742,Gibraltar East,,WA,120.9945,-31.0545,mineral deposit,Au,,Gold,,Yilgarn Craton,,,,,,,West Australian Element
449201,Shannon,,WA,122.1723,-29.1537,mineral deposit,Au,,Gold,,Yilgarn Craton,,,,,,,West Australian Element
335818,Talisker,,SA,138.1537,-35.6201,historic mine,"Ag, Pb, As",,"Silver, Lead, Arsenic",,Kanmantoo Fold Belt,Paleozoic,,,,,,South Australian Element
336008,Xanadu,,WA,117.8258,-23.4445,historic mine,Au,,Gold,,,,,,,Warakurna Large Igneous Province,Ashburton Basin,Pilbara Craton
455558,Mount Arden,,SA,138.0359,-32.1566,mineral deposit,Mn,,Manganese,,Delamerian Orogen,,,,,,Arrowie Basin,South Australian Element
558133,Gippsland EL4500,Moe Swamp,VIC,146.2,-38.133,mineral deposit,Cbr,,Coal - brown,,Gippsland Basin,,,,,,Selwyn Province,Melbourne-Mathinna Zone
335561,Orebody 29,Mt Newman,WA,119.7038,-23.3823,operating mine,Fe,,Iron,,Hamersley Basin,Archean,,,,Warakurna Large Igneous Province,Fortescue Basin,Pilbara Craton
336129,Argo,"Explorer 46, Tennant Creek",NT,134.22,-19.6671,historic mine,"Au, Bi, Cu",,"Gold, Bismuth, Copper",,"Tennant Creek Block, Warramunga Province, Warrego Metallogenic Province",Paleoproterozoic,Regional metasomatic,Metasomatic iron,Iron oxide gold,Kalkarindji Igneous Province,Warramunga Province,North Australian Element
333853,Hang Dog,,WA,119.7376,-32.6019,mineral deposit,Ni,,Nickel,,Yilgarn Craton,,,,,,,West Australian Element
641096,Pitkin - State Forest,,NSW,152.8326,-31.5206,mineral deposit,"Co, Ni, Sc",,"Cobalt, Nickel, Scandium",,,,,,,,Lorne Basin,New England Orogen
599078,Benwerrin,,VIC,143.9488,-38.4549,historic mine,Cbr,,Coal - brown,,Otway Basin,,,,,,Otway Basin,Melbourne-Mathinna Zone
335129,Kitticoola,"Great Wheal Orford, New Reedy Creek, Old Reedy Creek, Reedy Creek, Tungkillo",SA,139.1522,-34.8737,historic mine,"Cu, Au",,"Copper, Gold",,"Kanmantoo Copper Gold Metallogenic Province, Kanmantoo Fold Belt",,,,,,,Delamerian Orogen
517757,Mary Springs,Northampton,WA,114.6775,-27.7692,mineral deposit,Pb,,Lead,,,,,,,,,Pinjarra Orogen
335564,Limonite Hill,Bajool,QLD,150.63,-23.6869,mineral deposit,Cu,,Copper,,New England Orogen,,,,,,,Yarrol Province
860615,Fisher East,,,121.5541,-26.8103,mineral deposit,Ni,,Nickel,,,,,,,,Carnegie Paleovalley,West Australian Element
333611,Mons Cupri,,WA,117.8091,-20.8771,mineral deposit,"Cu, Zn, Pb","Ag, Au","Copper, Zinc, (Silver, Lead, Gold)",,"Pilbara Craton, Mons Cupri Base Metal Metallogenic Province",Archean,Volcanic basin hydrothermal,Volcanogenic massive sulfide (VMS),Bimodal felsic VMS,Warakurna Large Igneous Province,,Pilbara Craton
533399,Butterfly North,North Kookynie Project,WA,121.3772,-29.1951,mineral deposit,Au,,Gold,,Yilgarn Craton,,,,,,,West Australian Element
333391,TC8,,NT,134.15,-19.6271,historic mine,"Cu, Ag, Au",,"Copper, Silver, Gold",,"Tennant Creek Block, Warramunga Province",Paleoproterozoic,Regional metasomatic,IOCG,Magnetite-dominant IOCG,Kalkarindji Igneous Province,Warramunga Province,North Australian Element
334999,Iron King,,SA,138.6846,-31.9123,mineral deposit,Fe,,Iron,,Delamerian Orogen,,,,,,,South Australian Element
577532,Balmoral South,,WA,116.1115,-21.1509,mineral deposit,FeOre,Fe,"Iron ore, (Iron)",,,,,,,Warakurna Large Igneous Province,Hamersley Basin,West Australian Element
334571,Perseverance,,SA,138.643,-35.0227,mineral deposit,Au,,Gold,,"Gawler Craton, Tarcoola",,,,,,,South Australian Element
334032,New Wallsend No2,Gretley,NSW,151.6783,-32.9164,historic mine,Cbl,,Coal - black,,Sydney Basin,,,,,,Sydney Basin,Eastern Province
336019,Weipa,,QLD,141.9025,-12.6596,historic mine,Kln,,Kaolin,,Karumba Basin,Cenozoic,,,,,Carpentaria Basin,North Australian Element
334349,Governor Norman,Kelly Norman,QLD,145.2235,-17.4268,historic mine,Sn,,Tin,,Hodgkinson Province,,,,,,,Mossman Orogen
336024,Storeys Creek,,TAS,147.73,-41.6336,historic mine,"W, Sn",,"Tungsten, Tin",,"Lachlan Orogen, Lachlan Orogen",,,,,,,Melbourne-Mathinna Zone
334882,Just In Case,,WA,122.3074,-28.8445,mineral deposit,Au,,Gold,,Yilgarn Craton,,,,,,,West Australian Element
334819,Mount Goldsworthy,,WA,119.5361,-20.3504,historic mine,Fe,FeOre,"Iron, (Iron ore)",,Pilbara Craton,Archean,Basin chemical,Iron formation,Superior-type banded iron formation,,,Pilbara Craton
333745,Yuraygir N.P.,,NSW,153.2691,-29.8134,mineral deposit,"Ilm, Rt",Zrn,"Ilmenite, Rutile, (Zircon)",,,,Erosional,Placer,Heavy mineral sands,,,New England Orogen
429072,Fosters Marsh,,TAS,147.9379,-40.8993,mineral deposit,Zrn,,Zircon,,,,,,,,Bass Basin,Melbourne-Mathinna Zone
866026,Nile Road,,,147.4378,-41.7129,mineral deposit,"Bx, Al2O3",,"Bauxite, Alumina",,,,,,,,Tasmania Basin,Melbourne-Mathinna Zone
333494,Royal George,,TAS,147.8865,-41.8291,historic mine,Sn,,Tin,,"Lachlan Orogen, Lachlan Orogen",,,,,,Tasmania Basin,Melbourne-Mathinna Zone
333509,Selwyn,,QLD,140.508,-21.523,historic mine,Cu,,Copper,,"Mount Isa Orogen, Kuridala-Selwyn Domain, Cloncurry-Selwyn Zone",Proterozoic,,,,,Eromanga Basin,Kuridala-Selwyn Domain
455547,Scrubby Hill,,QLD,143.1809,-12.4983,historic mine,Mn,,Manganese,,,,,,,,,Iron Range Province
335058,Redback Area,,NT,129.0761,-20.0356,mineral deposit,Au,,Gold,,Tanami Orogen,,,,,Kalkarindji Igneous Province,,Tanami Orogen
333536,Saint Kilda,,VIC,144.2698,-36.8119,mineral deposit,Au,,Gold,,Lachlan Orogen,,,,,,,Bendigo Zone
527992,Browns,,VIC,144.8201,-36.8761,mineral deposit,Au,,Gold,,Lachlan Orogen,,,,,,Selwyn Province,Melbourne-Mathinna Zone
336219,Mount Farrell,"New North Mt Farrell, North Mt Farrell",TAS,145.6283,-41.7253,historic mine,"Zn, Pb","Ag, Cu","Zinc, Lead, (Silver, Copper)",,"Delamerian Orogen, Dundas Trough",,Basin hydrothermal,Sediment-hosted,,,Thylacine Province,Delamerian Orogen
335969,Victoria North,,QLD,140.4738,-21.7735,mineral deposit,"Au, Cu",,"Gold, Copper",,Mount Isa Orogen,Proterozoic,,,,,,Kuridala-Selwyn Domain
628041,McIvor,,NSW,142.6053,-32.9781,mineral deposit,"Rt, Zrn, Ilm",,"Rutile, Zircon, Ilmenite",,,,,,,,Berri Basin,Delamerian Orogen
334647,Razorback,,TAS,145.424,-41.865,historic mine,Sn,,Tin,,Delamerian Orogen,,Magmatic hydrothermal,Replacement,Replacement tin,,Thylacine Province,Delamerian Orogen
336065,Rylstone-Cudgegong,,NSW,149.9678,-32.7953,mineral deposit,Fe,,Iron,,Lachlan Orogen,,,,,,Sydney Basin,Eastern Province
335471,Homebush,Avoca,VIC,143.0166,-37.0136,historic mine,Au,,Gold,,"Lachlan Orogen, Lachlan Orogen",Cenozoic,,,,,,Stawell Zone
334808,Mount Pleasant,,NSW,145.8628,-31.5312,historic mine,"Cu, Au",,"Copper, Gold",,Lachlan Orogen,Paleozoic,,,,,Cobar Basin,Central NSW - Omeo Province
334671,Perseverance,,QLD,144.6526,-17.247,mineral deposit,"Fl, F",,"Fluorite, Fluorine",,Mossman Orogen,,,,,,,Mossman Orogen
335813,Somme,,NSW,142.32,-33.35,mineral deposit,"Rt, Zrn","Ilm, Leu","Rutile, Zircon, (Ilmenite, Leucoxene)",,Murray Basin,,Erosional,Placer,Heavy mineral sands,,Berri Basin,Delamerian Orogen
359168,Gordon Sirdar,,WA,121.5945,-30.4504,historic mine,Au,,Gold,,Yilgarn Craton,,unknown,unknown,unknown,,,West Australian Element
335183,Londonderry,,WA,121.7513,-31.357,closed,"Li2O, Ta, Li, Nb, Sn",,"Lithium oxide, Tantalum, Lithium, Niobium, Tin",,,,Magmatic,Pegmatite,LCT pegmatite,,,West Australian Element
601269,Traralgon Creek,,VIC,146.4887,-38.2385,mineral deposit,Cbr,,Coal - brown,,Gippsland Basin,,,,,,Selwyn Province,Melbourne-Mathinna Zone
336221,White Cliffs,,NSW,143.09,-30.8386,operating mine,Opl,,Opal,,Eromanga Basin,Cenozoic,,,,,Lake Eyre Basin,Delamerian Orogen
335971,Kookynie Project - Pacmin 2000,,WA,121.495,-29.315,mineral deposit,Au,,Gold,,Yilgarn Craton,,,,,,,West Australian Element
333917,Mount Wyatt,,QLD,147.3177,-20.8787,mineral deposit,Fe,,Iron,,,,,,,,,Anakie Province
334205,Trafalgar,,QLD,140.0022,-20.8896,historic mine,"Au, Cu",,"Gold, Copper",,"Mount Isa Orogen, Mary Kathleen Zone",Proterozoic,,,,,,Mary Kathleen Domain
870310,Mount Clarke,,,139.0452,-19.7731,mineral deposit,Cu,,Copper,,,,,,,,,Mount Isa Orogen
334104,Cattle Gorge,,WA,120.2408,-20.5399,mineral deposit,FeOre,Fe,"Iron ore, (Iron)",,Pilbara Craton,,,,,,,Pilbara Craton
600565,Oxley,J04414,WA,115.77,-29.21,mineral deposit,K2O,,Potash,,,,,,,,,West Australian Element
364692,Learys Lament,,WA,119.002,-31.9187,historic mine,Au,,Gold,,Yilgarn Craton,,,,,,,West Australian Element
860627,King,,,121.3774,-29.2023,mineral deposit,Au,,Gold,,,,,,,,,West Australian Element
334681,Currawang East,,NSW,149.5028,-34.9838,mineral deposit,"Zn, Cu, Au, Ag, Pb",,"Zinc, Copper, Gold, Silver, Lead",,Lachlan Orogen,Paleozoic,,,,,,Eastern Province
334013,Beaufort Alluvials,,VIC,143.4419,-37.4067,mineral deposit,Au,,Gold,,"Lachlan Orogen, Stawell Zone",,Erosional,Placer,,,,Stawell Zone
429068,Endurance,,TAS,147.974,-41.0027,mineral deposit,,,,,,,,,,,,Melbourne-Mathinna Zone
335960,Florida,,NSW,146.3512,-31.5287,mineral deposit,Au,,Gold,,Lachlan Orogen,,,,,,,Central NSW - Omeo Province
336022,Narra Tarra,Narra Tarra East,WA,114.7487,-28.5046,historic mine,"Cu, Au, Ag",,"Copper, Gold, Silver",,Northampton Province,Proterozoic,,,,,,Pinjarra Orogen
335205,Rocky Home,,QLD,139.8862,-20.5366,historic mine,Cu,,Copper,,"Mount Isa Orogen, Kalkadoon-Leichhardt Belt",Proterozoic,,,,,,Mary Kathleen Domain
333685,D-Tree,,QLD,138.83,-19.6671,mineral deposit,"Phos, P, P2O5",,"Phosphate, Phosphorus, Phosphorus oxide",,Georgina Basin,,Basin chemical,Phosphorite,Phosphorite,,Georgina Basin,Mount Isa Orogen
335488,Edna Beryl,,NT,134.2054,-19.3085,mineral deposit,Au,,Gold,,Warramunga Province,Proterozoic,Regional metasomatic,Metasomatic iron,Iron oxide gold,Kalkarindji Igneous Province,Warramunga Province,North Australian Element
333300,O.K.,,QLD,144.2461,-16.6016,historic mine,"Ag, Cu, Au",,"Silver, Copper, Gold",,Hodgkinson Province,,,,,,,Mossman Orogen
333644,Copperflower,,NT,132.8086,-14.2186,mineral deposit,"Au, Cu",,"Gold, Copper",,Pine Creek Orogen,Proterozoic,,,,,,Pine Creek Orogen
333505,Boomerang,"Lady Maggie, Matlock, Mt Maggie",QLD,139.1132,-19.9906,historic mine,Cu,,Copper,,Lawn Hill Platform,Proterozoic,Basin hydrothermal,Sediment-hosted,Sediment-hosted copper ± Co,,,Mount Isa Orogen
408603,Napperby,,NT,132.65,-22.917,mineral deposit,"U, U3O8",,"Uranium, Uranium oxide",,Aileron Province,Cenozoic,Infiltrational,Uranium,Calcrete uranium,,Lake Lewis Paleovalley,Aileron Province
455340,Washpool,,QLD,148.763,-23.474,feasibility,Cbl,,Coal - black,,Bowen Basin,,,,,,Bowen Basin,Anakie Province
335611,Salt Creek,"Agricola North, Agricola South",SA,139.648,-36.127,operating mine,"Mgs, MgO",,"Magnesite, Magnesia (magnesium oxide)",,,,,,,,Murray Basin,Delamerian Orogen
549966,Gunnedah (CCL701),,NSW,150.141,-31.0187,mineral deposit,Cbl,,Coal - black,,Gunnedah Basin,,,,,,Gunnedah Basin,Eastern Province
335858,Sunset,"Sunset North, Sunset South",QLD,139.9742,-20.7606,historic mine,"Au, Cu",,"Gold, Copper",,"Mount Isa Orogen, Kalkadoon-Leichhardt Belt",Proterozoic,,,,,,Mary Kathleen Domain
896641,Crown,,,121.9269,-30.9102,mineral deposit,Au,,Gold,,,,,,,,,West Australian Element
334886,Jarvis,,WA,121.791,-30.7509,mineral deposit,Au,,Gold,,Yilgarn Craton,,unknown,unknown,unknown,,,West Australian Element
557924,Wonnerup North,,WA,115.4506,-33.6538,mineral deposit,"Rt, Zrn, Ilm, Leu",,"Rutile, Zircon, Ilmenite, Leucoxene",,,,Erosional,Placer,Heavy mineral sands,,Bunbury Trough,Pinjarra Orogen
449197,Lord Cardigan,,WA,122.1618,-29.1806,mineral deposit,Au,,Gold,,Yilgarn Craton,,,,,,,West Australian Element
333559,Mickeys Find,,WA,119.3639,-21.0938,mineral deposit,"Ag, Au",,"Silver, Gold",,Pilbara Craton,,,,,,,Pilbara Craton
335878,Mulgul Station,,WA,118.3638,-24.6541,mineral deposit,Mn,,Manganese,,,,,,,Warakurna Large Igneous Province,Edmund Basin,West Australian Element
334502,Kohinoor,,WA,118.185,-27.0181,mineral deposit,Au,,Gold,,Yilgarn Craton,,,,,Warakurna Large Igneous Province,,West Australian Element
334805,Newbridge,Newbridge-Blayney-Orange,NSW,149.3696,-33.5787,mineral deposit,"FeOre, Fe",,"Iron ore, Iron",,Lachlan Orogen,,,,,,,Eastern Province
335632,Bungonia,,NSW,149.8714,-34.7977,mineral deposit,"Co, Pb",,"Cobalt, Lead",,Lachlan Orogen,,,,,,,Eastern Province
334947,Non Pariel,,QLD,139.8902,-20.9906,historic mine,Cu,,Copper,,"Mount Isa Orogen, Kalkadoon-Leichhardt Belt",Proterozoic,,,,,,Mary Kathleen Domain
335429,Austinvale,,QLD,149.9011,-26.0953,mineral deposit,Cbl,,Coal - black,,Surat Basin,,,,,,Surat Basin,Connors-Auburn Province
335731,Maude and Yellow Girl,,VIC,147.4734,-36.8595,historic mine,Au,,Gold,,Lachlan Orogen,Paleozoic,,,,,,Central NSW - Omeo Province
519580,Norris K Zone,,WA,121.0562,-31.0552,historic mine,Au,,Gold,,Yilgarn Craton,,,,,,,West Australian Element
335174,Dial Range,,TAS,146.0553,-41.1816,mineral deposit,Mn,MnOre,"Manganese, (Manganese ore)",,Delamerian Orogen,,,,,,Thylacine Province,Delamerian Orogen
334682,Kamarga,,QLD,138.8179,-18.7956,mineral deposit,"Zn, Pb, Ag",,"Zinc, Lead, Silver",,Mount Isa Orogen,,Basin hydrothermal,Sediment-hosted,Siliciclastic-carbonate zinc-lead,,,Century Domain
335889,Mount Solar,,NSW,145.9114,-32.9158,mineral deposit,Au,,Gold,,Lachlan Orogen,,,,,,Mount Hope Trough,Central NSW - Omeo Province
408594,Radium Ridge,,SA,139.315,-30.223,mineral deposit,"U, U3O8",,"Uranium, Uranium oxide",,Curnamona Province,Paleozoic,,,,,,Curnamona Province
334585,Bacchus Marsh,,VIC,144.441,-37.7033,mineral deposit,Cbr,,Coal - brown,"Department of Primary Industries, Exergen",Otway Basin,Cenozoic,,,,,Selwyn Province,Bendigo Zone
334586,Perch,Plutonic Project,WA,119.4891,-25.321,mineral deposit,Au,,Gold,"Northern Star Resources Limited, Barrick Gold Corporation",Yilgarn Craton,Archean,,,,Warakurna Large Igneous Province,,Marymia Dome
334589,Beaver,,WA,121.3956,-30.8292,historic mine,Au,,Gold,Norton Gold Fields Limited,Yilgarn Craton,,,,,,,West Australian Element
334590,Sutton Forest,Belanglo,NSW,150.2376,-34.5353,mineral deposit,Cbl,,Coal - black,"Anglo Coal Australia Pty Ltd, Illawarra Coal, POSCO",Sydney Basin,,,,,,Sydney Basin,Eastern Province
334595,Williams United,Bendigo Project,VIC,144.2434,-36.7198,historic mine,Au,,Gold,"Unity Mining Limited, Bendigo Mining",Lachlan Orogen,,,,,,,Bendigo Zone
334596,APM Mill,,VIC,146.44,-38.197,mineral deposit,Cbr,,Coal - brown,Department of Primary Industries,Gippsland Basin,Cenozoic,,,,,Selwyn Province,Melbourne-Mathinna Zone
334600,Yarawindah Brook,,WA,116.2609,-31.0908,mineral deposit,"PGE, Pt, Pd",,"Platinum group elements, Platinum, Palladium","Private Interest, Caspin Resources Ltd",Yilgarn Craton,,,,,,,West Australian Element
334163,Jack Hills,Saddle,WA,117.2414,-26.0523,care and maintenance,FeOre,Fe,"Iron ore, (Iron)",Murchison Metals Ltd,Yilgarn Craton,,,,,Warakurna Large Igneous Province,,West Australian Element
334164,Cock-Eyed Bob,Randalls Project,WA,122.1761,-31.0895,operating mine,Au,,Gold,Silver Lake Resources Limited,Yilgarn Craton,Archean,,,,,,West Australian Element
334165,FCL3,Burnakura Project,WA,118.4501,-27.0759,mineral deposit,Au,,Gold,"Monument Mining Limited, Kentor Gold Limited","Yilgarn Craton, Murchison Province",Archean,,,,Warakurna Large Igneous Province,,West Australian Element
334169,Ardlethan,,NSW,146.85,-34.3169,operating mine,Sn,,Tin,Australia Oriental Minerals NL,"Lachlan Orogen, Lachlan Orogen",,Magmatic hydrothermal,Greisen,Greisen tin ± W-Mo,,,Central NSW - Omeo Province
334170,Charters Towers,,QLD,146.2666,-20.0757,care and maintenance,Au,Ag,"Gold, (Silver)",Citigold Corporation Limited,"Charters Towers Gold Metallogenic Province, Charters Towers Province, Lolworth-Ravenswood Block, Pama Igneous Province, Ravenswood Igneous Subprovince",,Metamorphic hydrothermal,Orogenic,Mesozonal orogenic gold,,,Charters Towers Province
334171,Christmas Gift,"Cootamundra, Cullinga, Cullinga Extended, Democrat, Venables",NSW,148.1988,-34.619,historic mine,Au,,Gold,Cotona Resources Ltd.,"Lachlan Orogen, Lachlan Orogen, Nerrigundah",,,,,,,Eastern Province
334172,Goongarrie,,WA,121.1678,-30.0327,historic mine,Au,,Gold,Brightstar Resources Ltd,"Yilgarn Craton, Kalgoorlie Gold Metallogenic Province, Norseman-Wiluna Belt",Archean,,,,,Rebecca Paleovalley,West Australian Element
334173,Juno,,NT,134.2407,-19.7033,historic mine,"Au, Ag","Cu, Bi","Gold, Silver, (Copper, Bismuth)","Gold Valley Holdings Pty Ltd., Australia","Tennant Creek Block, Warramunga Province, Warrego Metallogenic Province",Paleoproterozoic,Regional metasomatic,Metasomatic iron,Iron oxide gold,Kalkarindji Igneous Province,Warramunga Province,North Australian Element
334174,Koongarra,,NT,132.84,-12.8672,mineral deposit,"U, Au, U3O8",,"Uranium, Gold, Uranium oxide",Areva,Pine Creek Orogen,Proterozoic,Basin hydrothermal,Unconformity-related,Unconformity-related uranium,,McArthur Basin,Pine Creek Orogen
334175,Nagambie,"Bailieston, Hill 158",VIC,145.2217,-36.7961,historic mine,Au,Sb,"Gold, (Antimony)",Nagambie Resources Limited,"Lachlan Orogen, Lachlan Orogen, Walhalla-Wood's Point Gold Metallogenic Province",Paleozoic,,,,,Murray Basin,Melbourne-Mathinna Zone
334177,Million Dollar,"Porphyry Project; Edjudina, Yarri",WA,122.2858,-29.7997,historic mine,Au,,Gold,Saracen Mineral Holdings Limited,"Yilgarn Craton, Darlot Gold Metallogenic Province, Eastern Goldfields Province",Archean,,,,,,West Australian Element
334178,Weipa,"Andoom, Ely",QLD,141.8732,-12.6637,operating mine,Bx,"Al2O3, Sic","Bauxite, (Alumina, Silica)","Comalco Ltd, Rio Tinto Limited",Carpentaria Basin,Cenozoic,Supergene,Laterite,Bauxite,,Carpentaria Basin,North Australian Element
334181,Teutonic Bore,Jaguar Operation,WA,121.1478,-28.409,historic mine,"Cu, Zn, Ag","Au, Pb","Copper, Zinc, Silver, (Gold, Lead)","Independence Group NL, Jabiru Metals Ltd","Yilgarn Craton, Eastern Goldfields Province, Teutonic Bore Base Metal Metallogenic Province, Kurnalpi Terrane",Archean,Volcanic basin hydrothermal,Volcanogenic massive sulfide (VMS),Bimodal-mafic VMS,,,West Australian Element
334190,Tabba Tabba,,WA,118.922,-20.6662,mineral deposit,"Ta, Ta2O5",,"Tantalum, Tantalum pentoxide",Pilbara Minerals Limited,Pilbara Craton,Archean,Magmatic,Pegmatite,LCT pegmatite,,,Pilbara Craton
334195,Warkworth,Warkworth No.1,NSW,151.0902,-32.607,operating mine,Cbl,,Coal - black,"Yancoal Australia Limited, Mitsubishi Corporation, Rio Tinto Limited",Sydney Basin,,,,,,Sydney Basin,Eastern Province
334196,Capcoal underground,"Aquila, Bundoora, German Creek, Grasstrees, Oak Park, Southern Colliery",QLD,148.551,-22.9026,operating mine,Cbl,,Coal - black,"MITSUI & CO. (AUSTRALIA) LTD., Anglo American Plc",Bowen Basin,,,,,,Bowen Basin,Anakie Province
334197,Blair Athol,,QLD,147.527,-22.6905,operating mine,Cbl,,Coal - black,TerraCom Limited,Bowen Basin,,,,,,Bowen Basin,Anakie Province
334198,Hillgrove Project,"Black Lode, Freehold, Garibaldi-Eleanora, Sunlight, West Sunlight",NSW,151.9009,-30.5745,under development,"Au, WO3","W, Sb","Gold, (Tungsten, Tungsten trioxide (wolframite), Antimony)",Larvotto Resources Limited,"New England Orogen, Hillgrove Gold Metallogenic Province",,Metamorphic hydrothermal,Orogenic,Epizonal orogenic antimony ± gold,,,New England Orogen
334199,North Stradbroke Island,"Amity, Bayside, Gordon",QLD,153.4435,-27.4768,historic mine,"Zrn, Rt, Ilm, Ti",,"Zircon, Rutile, Ilmenite, Titanium",Department of Mines and Energy Queensland,New England Orogen,,Erosional,Placer,Heavy mineral sands,,Nambour Basin,New England Orogen
334202,Little Eva,"Cabbage Tree, Roseby Project",QLD,140.1453,-20.1455,feasibility,Cu,Au,"Copper, (Gold)",Copper Mountain Mining Corporation,"Mount Isa Orogen, Mary Kathleen Zone",Proterozoic,Regional metasomatic,IOCG,Magnetite-dominant IOCG,,Karumba Basin,Mary Kathleen Domain
334210,Bronzewing - Discovery,Bronzewing Gold Project,WA,121.0016,-27.3875,historic mine,Au,,Gold,Navigator Resources Limited,"Yilgarn Craton, Eastern Goldfields Province",Archean,Metamorphic hydrothermal,Orogenic,Mesozonal orogenic gold,,Carey Paleovalley,West Australian Element
334211,Kirkalocka Mine,"Curara Well, Kirkalocka Gold Project",WA,117.762,-28.675,operating mine,Au,,Gold,Adaman Resources Pty Ltd,"Yilgarn Craton, Big Bell Gold Metallogenic Province, Murchison Province",Archean,,,,,Moore-Monger Paleovalley,West Australian Element
334212,Aurora - Inuendo,Chatterbox Shear Project,WA,122.3243,-28.6304,mineral deposit,Au,,Gold,Focus Minerals Limited,"Yilgarn Craton, Eastern Goldfields Province",Archean,,,,,,West Australian Element
334213,Vasse River,Vasse Shelf,WA,115.2,-33.8424,mineral deposit,Cbl,,Coal - black,Fitzroy Mining Operations Pty Ltd,Perth Basin,,,,,,Perth Basin,Pinjarra Orogen
334215,Razorback Iron (Magnetite Mines),,SA,139.7123,-32.9566,mineral deposit,FeOre,Fe,"Iron ore, (Iron)","Magnetite Mines, Royal Resources Limited",Delamerian Orogen,,Basin chemical,Iron formation,,,,South Australian Element
334218,Consols,,WA,121.5942,-30.5919,mineral deposit,Au,,Gold,Barrick Gold Corporation,Yilgarn Craton,,,,,,,West Australian Element
334219,RAV5,,WA,120.2432,-33.5942,historic mine,"Ni, Co",,"Nickel, Cobalt",NickelSearch Ltd,"Yilgarn Craton, Ravensthorpe Nickel Metallogenic Province, Southern Cross Province",Archean,,,,,,Northern Foreland
334220,Avon,,NSW,150.7056,-34.4804,closed,Cbl,,Coal - black,"Illawarra Coal, Yancoal Australia Limited",Sydney Basin,,,,,,Sydney Basin,Eastern Province
334222,Kimbolton,"Hamilton, Langloh",TAS,146.8103,-42.5341,mineral deposit,Cbl,,Coal - black,Tasmanian Minerals Council,Tasmania Basin,,,,,,Tasmania Basin,Delamerian Orogen
334226,Clean TeQ Sunrise,"Sunrise, Syerston",NSW,147.4196,-32.7567,under development,"Ni, Co, Cr, Sc","Pt, PGE","Nickel, Cobalt, (Platinum, Chromium, Scandium, Platinum group elements)",Sunrise Energy Metals Ltd,Lachlan Orogen,Cenozoic,,,,,,Central NSW - Omeo Province
334227,Grosvenor,Moranbah,QLD,147.9927,-21.8732,operating mine,Cbl,,Coal - black,Anglo American Plc,Bowen Basin,,,,,,Bowen Basin,Anakie Province
334228,Sirius Creek,see South Blackwater,QLD,148.8816,-23.9092,mineral deposit,Cbl,,Coal - black,BMA,Bowen Basin,,,,,,Bowen Basin,Anakie Province
334230,Cullen Valley,Feldmast,NSW,150.0162,-33.2693,under development,Cbl,,Coal - black,Coalpac Pty Ltd,Sydney Basin,,,,,,Sydney Basin,Eastern Province
334231,Rowes Find,Aldiss Project,WA,122.8387,-30.8391,mineral deposit,Au,,Gold,Silver Lake Resources Limited,Yilgarn Craton,Archean,,,,,,West Australian Element
334232,Cookes,Tindals Project,WA,121.1854,-30.9798,historic mine,Au,,Gold,Focus Minerals Limited,Yilgarn Craton,Archean,,,,,,West Australian Element
334233,Plum Pudding,,WA,119.2519,-28.0923,historic mine,Au,,Gold,Aurumin Limited,Yilgarn Craton,,unknown,unknown,unknown,,,West Australian Element
334235,Kuridala,,QLD,140.506,-21.2751,mineral deposit,"Cu, Co",Au,"Copper, Cobalt, (Gold)",Fetch Metals,Mount Isa Orogen,Proterozoic,Regional metasomatic,IOCG,,,,Kuridala-Selwyn Domain
334236,Portia,,SA,140.4511,-31.4339,care and maintenance,"Cu, Au, Mo",Co,"Copper, Gold, Molybdenum, (Cobalt)",Consolidated Mining & Civil Pty Ltd,Curnamona Province,Proterozoic,,,,,Yarramba Paleovalley,Curnamona Province
334238,Daleys Hill Deposit,Fosterville Project,VIC,144.5127,-36.7407,historic mine,Au,,Gold,"Newmarket Gold Inc, AuRico Gold Corporporation, Crocodile Gold Corporation",Lachlan Orogen,,,,,,,Bendigo Zone
334239,Jakarta,Golden Cities Project,WA,121.4043,-30.4288,mineral deposit,Au,,Gold,"Zijin Mining Group Company Ltd, Norton Gold Fields Limited",Yilgarn Craton,Archean,,,,,,West Australian Element
334240,Wiluna Nickel,Wilconi Nickel,WA,120.1965,-26.6,mineral deposit,"Ni, Co, MgO",Mgs,"Nickel, Cobalt, Magnesia (magnesium oxide), (Magnesite)",A-Cap Energy Ltd,"Yilgarn Craton, Eastern Goldfields Province",Cenozoic,,,,,Carey Paleovalley,West Australian Element
334242,Kalgoorlie (Super Pit),Golden Mile,WA,121.505,-30.7781,operating mine,Au,,Gold,Northern Star Resources Limited,"Yilgarn Craton, Eastern Goldfields Province",Archean,Metamorphic hydrothermal,Orogenic,Epizonal orogenic gold,,,West Australian Element
334244,Indee (Hester),,WA,117.8791,-20.9749,mineral deposit,Au,,Gold,"De Grey Mining Limited, Range River Gold Limited, Red 5 Limited","Pilbara Craton, Indee PGE (prospective) Metallogenic Province",Archean,,,,Warakurna Large Igneous Province,,Pilbara Craton
334247,Napier Range,"Carpentaria, Chedda Cliffs, Wagon Pass",WA,124.9769,-17.4401,mineral deposit,"Zn, Ag, Cu, Pb",,"Zinc, Silver, Copper, Lead","CBH Resources Limited, Teck Cominco Ltd",,Paleozoic,,,,Kalkarindji Igneous Province,Canning Basin,King Leopold Orogen
334250,NOA 7/8,Burnakura Project,WA,118.4667,-27.0149,historic mine,Au,,Gold,"Monument Mining Limited, Kentor Gold Limited",Yilgarn Craton,Archean,,,,Warakurna Large Igneous Province,,West Australian Element
334251,Tampia,,WA,118.4517,-32.1624,operating mine,Au,,Gold,Ramelius Resources Limited,"Yilgarn Craton, Southern Cross Province",Archean,,,,,,West Australian Element
334252,Zabel,384N,WA,121.5125,-31.388,mineral deposit,Ni,,Nickel,Widgie Nickel Ltd,"Yilgarn Craton, Eastern Goldfields Province",Archean,Magmatic,Komatiite,Komatiite nickel-copper-PGE,,,West Australian Element
334253,Gwindinup North,,WA,115.731,-33.5125,historic mine,"Ilm, Zrn","Rt, Leu","Ilmenite, Zircon, (Rutile, Leucoxene)",Cable Sands (WA) Pty Ltd,,,Erosional,Placer,Heavy mineral sands,,Bunbury Trough,Pinjarra Orogen
334254,Frances Creek,"2, 3, 4, 5, 6/7, 9, Elizabeth Marion, Extended, Helene 1, Rosemary, Thelma",NT,131.85,-13.5642,care and maintenance,FeOre,Fe,"Iron ore, (Iron)","Linecrest Pty Ltd, Territory Resources Ltd",Pine Creek Orogen,Proterozoic,Basin chemical,Iron formation,,,,Pine Creek Orogen
334255,Pyke Hill,,WA,122.1529,-29.0521,mineral deposit,"Ni, Co",,"Nickel, Cobalt","Admiralty Resources NL, Cougar Metals NL","Yilgarn Craton, Eastern Goldfields Province, Kurnalpi North Nickel (prospective) Metallogenic Province",Cenozoic,,,,,,West Australian Element
334256,Bridge Creek,Burnside Project,NT,131.3195,-13.4403,historic mine,Au,,Gold,Crocodile Gold Corporation,"Pine Creek Orogen, Mount Todd Gold Metallogenic Province",Paleoproterozoic,Metamorphic hydrothermal,Orogenic,Mesozonal orogenic gold,,,Pine Creek Orogen
334258,Ulan,"Ulan No.2, Ulan West",NSW,149.75,-32.2469,operating mine,Cbl,,Coal - black,Glencore Plc,Sydney Basin,,,,,,Sydney Basin,Eastern Province
334259,Kogan Creek,"Brigalow, Kogan",QLD,150.7726,-26.8957,operating mine,Cbl,,Coal - black,CS Energy Limited,Surat Basin,,,,,,Surat Basin,Connors-Auburn Province
334263,Dohertys,,WA,119.1695,-27.4796,historic mine,Au,,Gold,"Classic Minerals Limited, Golden West Resources Ltd","Yilgarn Craton, Southern Cross Province",Archean,,,,,,West Australian Element
334692,Avebury,,TAS,145.2485,-41.9203,operating mine,"Co, Ni",,"Cobalt, Nickel",Mallee Resources Ltd,"Delamerian Orogen, Avebury Nickel Metallogenic Province",Paleozoic,Magmatic hydrothermal,Vein,Vein ± replacement nickel,,Thylacine Province,Delamerian Orogen
334699,Kara,,NSW,143.0473,-34.1392,mineral deposit,"Zrn, Rt, Ilm, Ti, HM",Leu,"Zircon, Rutile, Ilmenite, Titanium, Heavy minerals, (Leucoxene)",Tronox Limited,Murray Basin,,Erosional,Placer,Paleoplacer heavy mineral sands,,Murray Basin,Stawell Zone
334700,Fullerton,,NSW,152.183,-32.667,historic mine,"Ilm, Zrn, Rt",,"Ilmenite, Zircon, Rutile",Mineral Deposits Ltd,,,,,,,,New England Orogen
334703,Lukes Junction,Yaloginda Project,WA,118.4264,-26.6987,historic mine,Au,,Gold,"Reed Resources Limited, Westgold Resources Limited",Yilgarn Craton,Archean,,,,Warakurna Large Igneous Province,,West Australian Element
334705,Carlow Castle,Carlow Castle South,WA,117.0665,-20.8108,mineral deposit,"Cu, Au, Ag, Co",,"Copper, Gold, Silver, Cobalt",Artemis Resources Limited,Pilbara Craton,Archean,unknown,unknown,unknown,Warakurna Large Igneous Province,,Pilbara Craton
334706,Laburnum,,NSW,142.2769,-33.3387,mineral deposit,"Rt, Zrn, Ilm",Leu,"Rutile, Zircon, Ilmenite, (Leucoxene)",Tronox Limited,Murray Basin,,Erosional,Placer,Heavy mineral sands,,Berri Basin,Delamerian Orogen
334707,Airly,Airly Mountain,NSW,150.0148,-33.0978,operating mine,Cbl,,Coal - black,Banpu Public Company Limited,Sydney Basin,,,,,,Sydney Basin,Eastern Province
334708,Dawson,"Dawson Complex, Moura",QLD,150.0592,-24.6168,operating mine,Cbl,,Coal - black,"MITSUI & CO. (AUSTRALIA) LTD., Anglo American Plc",Bowen Basin,,,,,,Bowen Basin,Connors-Auburn Province
334709,Josh Tails,,WA,121.5356,-30.8162,historic mine,Au,,Gold,Norton Gold Fields Limited,Yilgarn Craton,,,,,,Roe Paleovalley,West Australian Element
334711,Waroona,,WA,115.9292,-32.876,historic mine,"Ilm, Zrn, Leu, Rt",,"Ilmenite, Zircon, Leucoxene, Rutile",ISK Minerals Pty Ltd,,,,,,,,Pinjarra Element
334713,Mount Owen,"Glendell, Ravensworth East",NSW,151.1,-32.3868,operating mine,Cbl,,Coal - black,Glencore Plc,Sydney Basin,,,,,,Sydney Basin,Eastern Province
334714,Grouse,Barnicoat Project,WA,122.5001,-28.6152,mineral deposit,Au,,Gold,Focus Minerals Limited,"Yilgarn Craton, Eastern Goldfields Province",Archean,,,,,,West Australian Element
334715,Nolans Bore,Nolans,NT,133.2399,-22.5821,mineral deposit,"REO, Phos, P2O5, Th, U3O8","U, REE","Rare earth oxides, (Uranium, Phosphate, Phosphorus oxide, Thorium, Uranium oxide, Rare earth elements)",Arafura Resources Limited,"Arunta Orogen, Aileron Province",Proterozoic,Magmatic,Apatite intrusion,Apatite intrusion REE,,,Aileron Province
334720,Bonnie Vale,,WA,121.1559,-30.864,historic mine,Au,,Gold,Focus Minerals Limited,"Yilgarn Craton, Kalgoorlie Gold Metallogenic Province, Norseman-Wiluna Belt",Archean,,,,,,West Australian Element
334722,Golden Crown - Cue,Day Dawn Project,WA,117.8528,-27.4656,historic mine,Au,,Gold,"Westgold Resources Limited, Metals X Limited","Yilgarn Craton, Big Bell Gold Metallogenic Province, Murchison Province, Murchison Domain",Archean,,,,,,West Australian Element
334723,Jeannie River,,QLD,144.7342,-14.7843,mineral deposit,Sn,,Tin,Aurora Metals Ltd,Hodgkinson Province,,Magmatic hydrothermal,Vein,Vein tin polymetallic,,,Mossman Orogen
334724,Mount Rawdon,Mt Rawdon Project,QLD,151.7641,-25.2713,operating mine,Au,Ag,"Gold, (Silver)",Evolution Mining Limited,"New England Orogen, Mount Rawdon Copper Gold Province",,Magmatic hydrothermal,Epithermal,Low-sulfidation (LS) epithermal gold-silver,,,New England Orogen
334726,Union Reefs,Union Reefs Project,NT,131.7905,-13.714,care and maintenance,Au,Ag,"Gold, (Silver)",Crocodile Gold Corporation,"Pine Creek Orogen, Mount Todd Gold Metallogenic Province",Proterozoic,Metamorphic hydrothermal,Orogenic,Mesozonal orogenic gold,,,Pine Creek Orogen
334729,Kara Mine (Tasmania Mines),Kara No.1,TAS,145.776,-41.3082,operating mine,"WO3, W, FeOre, Sn","Mag, Fe","Tungsten trioxide (wolframite), Tungsten, Iron ore, Tin, (Magnetite, Iron)",Tasmania Mines Limited,"Delamerian Orogen, Dundas Trough",,Magmatic hydrothermal,Skarn,Skarn iron,,Thylacine Province,Delamerian Orogen
334730,Yilgangi (Queen),Yilgangi Queen,WA,122.1624,-29.7143,historic mine,Au,,Gold,Jindalee Resources Ltd,"Yilgarn Craton, Eastern Goldfields Province",Archean,,,,,,West Australian Element
334733,Bamford Hill,,QLD,144.9265,-17.306,historic mine,"W, Bi, Mo, WO3",,"Tungsten, Bismuth, Molybdenum, Tungsten trioxide (wolframite)",Deutsche Rohstoff AG,Hodgkinson Province,,Magmatic hydrothermal,Greisen,Greisen tin ± W-Mo,,,Mossman Orogen
334734,Beltana,"Aroona, Flinders Project, Puttapa",SA,138.4344,-30.6752,historic mine,Zn,Pb,"Zinc, (Lead)",Perilya Limited,Delamerian Orogen,,Basin hydrothermal,Non-sulfide,Non-sulfide zinc-lead ± Mn,,Arrowie Basin,South Australian Element
334736,Broads Dam,Broads Dam Project,WA,121.1049,-30.5642,historic mine,Au,,Gold,Evolution Mining Limited,"Yilgarn Craton, Eastern Goldfields Province, Kalgoorlie Gold Metallogenic Province",Archean,,,,,Roe Paleovalley,West Australian Element
334738,Plutonic,Plutonic Project,WA,119.4437,-25.3171,operating mine,Au,,Gold,Catalyst Metals Ltd,"Yilgarn Craton, Marymia Inlier, Plutonic Gold Metallogenic Province",Archean,Metamorphic hydrothermal,Orogenic,Mesozonal orogenic gold,Warakurna Large Igneous Province,,Marymia Dome
334740,Bylong,,NSW,150.11,-32.4068,mineral deposit,Cbl,,Coal - black,"Anglo Coal Australia Pty Ltd, Korea Electric Power Corp",Sydney Basin,,,,,,Sydney Basin,Eastern Province
334741,Dartbrook,Kayuga,NSW,150.8402,-32.183,operating mine,Cbl,,Coal - black,Australian Pacific Coal Ltd,Sydney Basin,,,,,,Sydney Basin,Eastern Province
334743,Lady Annie,Flying Pig,QLD,139.044,-19.7731,operating mine,Cu,,Copper,Austral Resources,"Mount Isa Orogen, Mount Oxide Domain, Lawn Hill Platform",Proterozoic,Metamorphic hydrothermal,Orogenic,Orogenic copper ± gold,,,Mount Isa Orogen
334753,Young Australian,"Monitor, Young Australia",QLD,140.4067,-21.3378,historic mine,"Cu, Ag","Co, Au","Copper, (Cobalt, Silver, Gold)",Fetch Metals,"Mount Isa Orogen, Quamby-Malbon Zone",Proterozoic,,,,,,Marimo-Staveley Domain
334758,Phillipson,"Corner Gate, Ingomar, Lake Phillipson, Penrhyn",SA,134.5,-29.3971,feasibility,Cbl,,Coal - black,White Energy Company Ltd,Arckaringa Basin,,,,,,Arckaringa Basin,Christie Domain
334759,Victory-Defiance,St Ives Project,WA,121.7711,-31.3243,historic mine,Au,,Gold,Gold Fields Limited,"Yilgarn Craton, Kalgoorlie Gold Metallogenic Province, Norseman-Wiluna Belt",Archean,Metamorphic hydrothermal,Orogenic,Mesozonal orogenic gold,,,West Australian Element
334760,Barton - Jundee Main Underground,Jundee,WA,120.6041,-26.3725,historic mine,Au,,Gold,Northern Star Resources Limited,"Yilgarn Craton, Eastern Goldfields Province",Archean,,,,Warakurna Large Igneous Province,Carnegie Paleovalley,West Australian Element
334762,Reward,"Jervois Project, Marshall-Reward, Reward",NT,136.268,-22.6513,mineral deposit,"Cu, Ag, Pb","Au, Zn","Copper, Silver, (Gold, Lead, Zinc)","KGL Resources Limited, Kentor Gold Limited, Reward Minerals Ltd - Jervois Range project",Aileron Province,Proterozoic,Basin hydrothermal,Sediment-hosted,Siliciclastic-mafic zinc-lead,Kalkarindji Igneous Province,,Aileron Province
334769,Munmorah,,NSW,151.52,-33.2068,closed,Cbl,,Coal - black,"Banpu Public Company Limited, Centennial Coal Co Ltd",Sydney Basin,,,,,,Sydney Basin,Eastern Province
334771,Apollo Hill,Apollo Hil Project,WA,121.6761,-29.1545,mineral deposit,Au,,Gold,Saturn Metals Ltd,Yilgarn Craton,Archean,,,,,Raeside Paleovalley,West Australian Element
334772,Wilga Basin,,WA,116.3284,-33.6675,mineral deposit,Cbl,,Coal - black,"Wesfarmers Limited, Yanzhou Coal Mining Company Limited",Wilga Basin,,,,,,,West Australian Element
334773,Culgowie,,QLD,149.9544,-25.9837,mineral deposit,Cbl,,Coal - black,Gregory JV,Surat Basin,Mesozoic,,,,,Surat Basin,Connors-Auburn Province
334780,Wim 250 (Donald EL4433),Donald,VIC,142.7815,-36.4992,under development,"Ilm, Rt, Zrn, Leu",,"Ilmenite, Rutile, Zircon, Leucoxene",Astron Corporation Limited,Murray Basin,,Erosional,Placer,Heavy mineral sands,,Murray Basin,Stawell Zone
334781,Golden Stream,Gullewa Project,WA,116.3916,-28.6482,mineral deposit,Au,,Gold,Doray Minerals Limited,Yilgarn Craton,Archean,,,,,Moore-Monger Paleovalley,West Australian Element
334782,Salmon Gums (Carnegie),Davyhurst Project,WA,120.6545,-30.1837,mineral deposit,Au,,Gold,"Ora Banda Mining Ltd, Swan Gold Mining Limited",Yilgarn Craton,Archean,,,,,Rebecca Paleovalley,West Australian Element
334783,Ghost Rocks,,WA,120.8713,-29.5275,mineral deposit,"Ni, Co",,"Nickel, Cobalt",Ardea Resources Limited,"Yilgarn Craton, Eastern Goldfields Province",Cenozoic,unknown,unknown,unknown,,,West Australian Element
334784,Gillian,,QLD,145.0558,-17.7074,mineral deposit,"Sn, Fe","F, Fl","Tin, (Fluorine, Iron, Fluorite)",Tablelands Mining Group Pty Ltd,"Mossman Orogen, Hodgkinson Province",,Magmatic hydrothermal,Skarn,Skarn tin ± copper ± Mo,,,Mossman Orogen
334788,Camel Flat,,SA,138.3703,-30.5649,mineral deposit,"Mgs, MgO",,"Magnesite, Magnesia (magnesium oxide)",Copar Resources Pty Ltd,,,,,,,,South Australian Element
334789,Commonwealth Hill,,SA,134.2841,-29.8828,mineral deposit,FeOre,Fe,"Iron ore, (Iron)",Apollo Minerals Ltd,Gawler Craton,,,,,,,Christie Domain
334792,Trilogy,Great Southern Project,WA,120.2084,-33.7546,mineral deposit,"Cu, Pb, Zn, Au",Ag,"Copper, Lead, Zinc, Gold, (Silver)",Medallion Metals Limited,Albany-Fraser Orogen,Proterozoic,,,,,,Northern Foreland
334794,All Nations,Nullagine Gold Project,WA,120.3052,-21.8661,historic mine,Au,,Gold,Millennium Minerals Limited,Pilbara Craton,Archean,,,,Warakurna Large Igneous Province,,Pilbara Craton
334799,Sandalwood South,,WA,115.8599,-33.2053,mineral deposit,"Ilm, Zrn, Leu, Rt",,"Ilmenite, Zircon, Leucoxene, Rutile",Cable Sands (WA) Pty Ltd,,,,,,,Mandurah Terrace,Pinjarra Element
334801,Metropolitan,,NSW,150.9966,-34.1849,operating mine,Cbl,,Coal - black,Peabody Energy Corp.,Sydney Basin,,,,,,Sydney Basin,Eastern Province
334802,Eastern Creek,,WA,116.9518,-28.9104,operating mine,Au,,Gold,Minjar Gold Pty Ltd,Yilgarn Craton,,,,,,,West Australian Element
334803,Mount Porter,,NT,131.821,-13.634,under development,Au,,Gold,Arafura Resources Limited,Pine Creek Orogen,Proterozoic,Metamorphic hydrothermal,Orogenic,Mesozonal orogenic gold,,,Pine Creek Orogen
334804,Linger and Die,Redcliffe,WA,121.3189,-28.6284,historic mine,Au,,Gold,Pacrim Energy Limited,"Yilgarn Craton, Darlot Gold Metallogenic Province, Eastern Goldfields Province",Archean,,,,,,West Australian Element
334806,Long Tunnel Extended,Walhalla Gold Project,VIC,146.449,-37.9389,historic mine,Au,,Gold,Orion Gold NL,Lachlan Orogen,Paleozoic,,,,,Selwyn Province,Melbourne-Mathinna Zone
334809,Atriedes,"Aldiss Project, Tank/Atriedes",WA,122.5564,-31.063,mineral deposit,Au,,Gold,Silver Lake Resources Limited,Yilgarn Craton,Archean,,,,,,West Australian Element
334810,Isaac Plains,,QLD,148.108,-21.992,operating mine,Cbl,,Coal - black,Stanmore Coal Limited,Bowen Basin,,,,,,Bowen Basin,Anakie Province
334811,Agate Creek,"Agate Creek Project, Sherwood, Sherwood South, Sherwood West",QLD,143.5486,-18.9942,operating mine,Au,,Gold,Savannah Goldfields Limited,Etheridge Province,Paleozoic,Magmatic hydrothermal,Epithermal,Low-sulfidation (LS) epithermal gold-silver,,Etheridge Province,North Australian Element
334812,Lord Henry,Sandstone Project,WA,119.5127,-28.1757,historic mine,Au,,Gold,Aurumin Limited,"Yilgarn Craton, Southern Cross Province",Archean,,,,,,West Australian Element
334813,FCL2,Burnakura Project,WA,118.4337,-27.078,mineral deposit,Au,,Gold,"Monument Mining Limited, Kentor Gold Limited","Yilgarn Craton, Murchison Province",Archean,,,,Warakurna Large Igneous Province,,West Australian Element
334814,Gilt Edge,Tuckabianna Project,WA,118.1209,-27.4039,historic mine,Au,,Gold,"Musgrave Minerals Ltd, Silver Lake Resources Limited",Yilgarn Craton,Archean,,,,,,West Australian Element
334815,Bribie Island (IA),,QLD,153.17,-27.0468,mineral deposit,"Rt, Zrn, Ilm, Mnz, Mnsd",,"Rutile, Zircon, Ilmenite, Monazite, Mineral sands",Department of Natural Resources and Mines,New England Orogen,,Erosional,Placer,Heavy mineral sands,,Nambour Basin,New England Orogen
334816,Gibraltar - Bullabulling,Bullabulling Project,WA,120.9582,-31.0497,historic mine,Au,,Gold,"Zijin Mining Group Company Ltd, Auzex Resources Limited, Bullabulling Gold Limited, Norton Gold Fields Limited","Yilgarn Craton, Norseman-Wiluna Belt",Archean,,,,,,West Australian Element
334817,Jabiluka,"North Ranger 1, North Ranger 2, Ranger North",NT,132.9029,-12.4994,mineral deposit,"U, Au",U3O8,"Uranium, Gold, (Uranium oxide)",Energy Resources of Australia Limited,"Pine Creek Orogen, Nimbuwah Domain",Proterozoic,Basin hydrothermal,Unconformity-related,Unconformity-related uranium,,McArthur Basin,Pine Creek Orogen
334818,Mount Fitch,,NT,130.9483,-12.9468,historic mine,"Ni, Cu, Co, U, U3O8",,"Nickel, Copper, Cobalt, Uranium, Uranium oxide",Private Interest,Pine Creek Orogen,Proterozoic,Basin hydrothermal,Unconformity-related,Unconformity-related uranium,,,Pine Creek Orogen
334820,Reedy's,Reedy Project,WA,118.35,-27.07,historic mine,Au,,Gold,Westgold Resources Limited,"Yilgarn Craton, Big Bell Gold Metallogenic Province, Murchison Province, Murchison Domain",Archean,,,,Warakurna Large Igneous Province,,West Australian Element
334825,Mount Wright,Ravenswood,QLD,146.832,-20.0404,care and maintenance,Au,,Gold,"EMR Capital Group, PT Sinar Mas","Charters Towers Province, Lolworth-Ravenswood Block, Mount Leyshon Gold Metallogenic Province",,Magmatic hydrothermal,Intrusion-related,Oxidized intrusion-related gold,,,Charters Towers Province
334831,Ripon Hills,,WA,120.7434,-21.2118,mineral deposit,"Fe, Mn","FeOre, MnOre","Iron, Manganese, (Iron ore, Manganese ore)",Private Interest,Hamersley Basin,Cenozoic,,,,,Hamersley Basin,Pilbara Craton
334832,Chesney,Peak Mines Project,NSW,145.8578,-31.5212,operating mine,"Pb, Au, Cu, Zn, Ag",,"Lead, Gold, Copper, Zinc, Silver",New Gold Incorporated,"Lachlan Orogen, Lachlan Orogen, Cobar Basin",,Metamorphic hydrothermal,Orogenic,Orogenic copper ± gold,,Cobar Basin,Central NSW - Omeo Province
334834,Murrawombie,Girilambone,NSW,146.8719,-31.2586,operating mine,"Cu, Ag","Au, Co","Copper, (Gold, Silver, Cobalt)",Aeris Resources Limited,"Lachlan Orogen, Lachlan Orogen, Girilambone Base Metal Metallogenic Province, Girilambone Zone",Paleozoic,Volcanic basin hydrothermal,Volcanogenic massive sulfide (VMS),Mafic-siliciclastic VMS,,,Central NSW - Omeo Province
334836,Nattai,,NSW,150.4221,-34.0642,historic mine,Cbl,,Coal - black,Illawarra Coal,Sydney Basin,,,,,,Sydney Basin,Eastern Province
334837,"Newlands, Suttor, Eastern (RCM), Newlands OC",Eastern Creek,QLD,147.901,-21.2544,operating mine,Cbl,,Coal - black,"Glencore Plc, Itochu Corporation, Sumitomo Corporation",Bowen Basin,,,,,,Bowen Basin,Anakie Province
334838,Valeria,Capella,QLD,147.8933,-23.2086,mineral deposit,Cbl,,Coal - black,"Glencore Plc, Rio Tinto Limited",Bowen Basin,,,,,,Bowen Basin,Anakie Province
334839,Groote Eylandt,,NT,136.4455,-13.9922,operating mine,MnOre,Mn,"Manganese ore, (Manganese)",South32 Limited,Carpentaria Basin,,Basin chemical,Manganese,Sedimentary manganese,,Carpentaria Basin,Arnhem Province
334840,Greenfields,Three Mile Hill Project,WA,121.2009,-30.9328,historic mine,Au,,Gold,Focus Minerals Limited,"Yilgarn Craton, Eastern Goldfields Province, Kalgoorlie Gold Metallogenic Province, Norseman-Wiluna Belt",Archean,,,,,,West Australian Element
334841,Bold Head,King Island,TAS,144.0682,-40.0245,historic mine,"Mo, WO3, W",,"Molybdenum, Tungsten trioxide (wolframite), Tungsten",King Island Scheelite Ltd,Rocky Cape Block,,Magmatic hydrothermal,Skarn,Skarn tungsten ± Mo,,Thylacine Province,Delamerian Orogen
334842,Warwai,Watta,QLD,139.4582,-20.1656,mineral deposit,"U, U3O8, Cu",,"Uranium, Uranium oxide, Copper",Paladin Energy Limited,Mount Isa Orogen,Proterozoic,Regional metasomatic,Alkali-calcic,Albitite-hosted uranium,,,Leichhardt River Domain
334852,Twin Hills 309,,QLD,147.0534,-21.9231,mineral deposit,Au,Ag,"Gold, (Silver)",GBM Resources Limited,"Drummond Basin, Drummond Basin",,Magmatic hydrothermal,Epithermal,Low-sulfidation (LS) epithermal gold-silver,,Drummond Basin,Thomson Orogen
334853,Raeside Group,Leonora - Raeside Project,WA,121.4126,-28.929,mineral deposit,Au,,Gold,Genesis Minerals Ltd,Yilgarn Craton,Archean,,,,,Raeside Paleovalley,West Australian Element
334856,Centenary,Darlot Project,WA,121.2868,-27.8884,operating mine,Au,,Gold,"Red 5 Limited, Gold Fields Limited","Yilgarn Craton, Eastern Goldfields Province",Archean,,,,,,West Australian Element
334857,Argo,St Ives Project,WA,121.7781,-31.3948,operating mine,Au,,Gold,Gold Fields Limited,"Yilgarn Craton, Kalgoorlie Gold Metallogenic Province, Norseman-Wiluna Belt",Archean,Metamorphic hydrothermal,Orogenic,Mesozonal orogenic gold,,Lefroy Paleovalley,West Australian Element
334858,Tarong (Meandu),Tarong,QLD,151.9115,-26.8135,operating mine,Cbl,,Coal - black,Stanwell Corp Ltd,Tarong Basin,,,,,,,New England Orogen
334859,Hawks Nest (Peak Iron),,SA,135.1514,-30.008,mineral deposit,FeOre,Fe,"Iron ore, (Iron)",Arrium Ltd,Gawler Craton,Paleoproterozoic,,,,,Eromanga Basin,South Australian Element
334860,Nimbus,Nimbus Project,WA,121.6479,-30.7887,historic mine,"Ag, Zn, Hg","Au, Pb","Silver, Zinc, (Gold, Mercury, Lead)",Horizon Minerals Ltd.,"Yilgarn Craton, Eastern Goldfields Province, Eastern Goldfields Superterrane, Kalgoorlie Gold Metallogenic Province, Nimbus, Kalgoorlie Terrane",Archean,Volcanic basin hydrothermal,Volcanogenic massive sulfide (VMS),Bimodal felsic VMS,,,West Australian Element
334861,Broula,,NSW,148.5015,-33.8726,historic mine,FeOre,Fe,"Iron ore, (Iron)",Somerset Mining,Lachlan Orogen,,,,,,,Eastern Province
334862,Mount Mackenzie,,QLD,149.4348,-22.8609,mineral deposit,Au,Ag,"Gold, (Silver)",QMines Ltd,New England Orogen,,,,,,,Connors-Auburn Province
334863,Roy Hill,,WA,120.0578,-22.5622,operating mine,FeOre,Fe,"Iron ore, (Iron)","POSCO, Marubeni Corporation, Hancock Prospecting Pty Ltd, China Steel Corporation",Pilbara Craton,,,,,Warakurna Large Igneous Province,Hamersley Basin,Pilbara Craton
334866,Two Mile Hill,Sandstone Project,WA,119.2697,-28.0737,historic mine,Au,,Gold,Aurumin Limited,Yilgarn Craton,Archean,,,,,,West Australian Element
334868,Lady Hampden,"Mt Carrington Project, White Rock",NSW,152.3866,-28.9104,historic mine,"Ag, Au",,"Silver, Gold",White Rock Minerals,New England Orogen,,,,,,,New England Orogen
334869,Beautiful Sunday,,WA,119.6701,-32.3459,mineral deposit,Ni,Co,"Nickel, (Cobalt)",IGO Ltd,Yilgarn Craton,,,,,,,West Australian Element
334875,Slopeaway (Marlborough),,QLD,149.8306,-22.9385,mineral deposit,"Ni, Co",,"Nickel, Cobalt",Gladstone Pacific Nickel Ltd,New England Orogen,Cenozoic,,,,,,New England Orogen
334877,Grand Central,,QLD,143.3953,-19.7872,mineral deposit,Au,,Gold,Strategic Minerals Plc,,,,,,,Etheridge Province,North Australian Element
334878,Corboys Find TC 8,Bronzewing Gold Project,WA,120.9679,-27.078,mineral deposit,Au,,Gold,Navigator Resources Limited,Yilgarn Craton,Archean,,,,,,West Australian Element
334880,Poitrel,"Mavis Downs, Wotoga and Morambah, includes Winchester",QLD,148.2344,-22.0412,operating mine,Cbl,,Coal - black,"MITSUI & CO. (AUSTRALIA) LTD., BHP Group Limited, Mitsubishi Corp",Bowen Basin,,,,,,Bowen Basin,Anakie Province
334888,Kazi,Burnside Project,NT,131.3351,-13.3455,mineral deposit,Au,,Gold,"Crocodile Gold Corporation, PNX Metals Limited",Pine Creek Orogen,Paleoproterozoic,Metamorphic hydrothermal,Orogenic,Mesozonal orogenic gold,,,Pine Creek Orogen
334889,Surprise - Yaloginda,"Surprise 2007, Yaloginda Project",WA,118.4365,-26.7046,operating mine,Au,,Gold,"Reed Resources Limited, Westgold Resources Limited",Yilgarn Craton,Archean,,,,Warakurna Large Igneous Province,Hope Paleovalley,West Australian Element
334890,Tallawang,"Tallawang North, Tallawang South, Tallawang-Puggong",NSW,149.4511,-32.1953,care and maintenance,FeOre,Fe,"Iron ore, (Iron)",Unimin Australia Ltd,Lachlan Orogen,,Magmatic hydrothermal,Skarn,Skarn iron,,,Eastern Province
334891,Mindarra Springs,,WA,115.9704,-31.0815,mineral deposit,"Ilm, Zrn, Rt","Leu, Mnz","Ilmenite, Zircon, Rutile, (Leucoxene, Monazite)",Image Resources NL,,,Erosional,Placer,Heavy mineral sands,,Perth Basin,Pinjarra Orogen
334892,Mulgarrie,"Mulgarrie Project, Palm pit",WA,121.5142,-30.3832,historic mine,Au,,Gold,"Zijin Mining Group Company Ltd, Norton Gold Fields Limited","Yilgarn Craton, Eastern Goldfields Province, Kalgoorlie Gold Metallogenic Province",Archean,,,,,,West Australian Element
334894,Shillington,Sandstone Project,WA,119.2697,-28.0759,historic mine,Au,,Gold,Aurumin Limited,Yilgarn Craton,Archean,,,,,,West Australian Element
334895,Pelican (Anaconda),,WA,122.5753,-28.7789,mineral deposit,"Ni, Co",,"Nickel, Cobalt",Gold Fields Limited,"Yilgarn Craton, Eastern Goldfields Province",Cenozoic,,,,,,West Australian Element
334896,Dongara Project,,WA,115.1443,-29.4303,mineral deposit,"Ilm, Zrn, Rt, Leu",,"Ilmenite, Zircon, Rutile, Leucoxene",Tronox Limited,,,Erosional,Placer,Heavy mineral sands,,Perth Basin,Pinjarra Orogen
334897,Startrek Central,East Kundana JV,WA,121.2592,-30.7323,mineral deposit,Au,,Gold,"Rand Mining Limited, Tribune Resources Limited, Northern Star Resources Limited, Barrick Gold Corporation",Yilgarn Craton,Archean,,,,,Roe Paleovalley,West Australian Element
334898,Three Sisters,Nannine Project,WA,118.3553,-26.8832,mineral deposit,Au,,Gold,Reed Resources Limited,Yilgarn Craton,Archean,,,,Warakurna Large Igneous Province,,West Australian Element
334900,Winddine Well,,WA,116.9362,-28.8741,operating mine,Au,,Gold,"Warriedar Resources, Minjar Gold Pty Ltd",Yilgarn Craton,,,,,,,West Australian Element
334901,Boulder,,NSW,150.07,-33.34,mineral deposit,Cbl,,Coal - black,Tanwind Pty Ltd,Sydney Basin,,,,,,Sydney Basin,Eastern Province
334902,Victor,,WA,121.6784,-31.1389,care and maintenance,"Ni, Co, PGE, Cu",,"Nickel, Cobalt, Platinum group elements, Copper",Independence Group NL,"Yilgarn Craton, Eastern Goldfields Province",Archean,Magmatic,Komatiite,Komatiite nickel-copper-PGE,,,West Australian Element
334903,Cullenswood,,TAS,148.1523,-41.6178,care and maintenance,Cbl,,Coal - black,Cornwall Coal Company NL,Tasmania Basin,,,,,,Tasmania Basin,Melbourne-Mathinna Zone
334907,Dordie Rocks North,North Dordie Rocks,WA,121.6362,-31.5847,historic mine,"Co, Cu, Ni",,"Cobalt, Copper, Nickel",MIncor Resources NL,"Yilgarn Craton, Eastern Goldfields Province",Archean,,,,,Lefroy Paleovalley,West Australian Element
334908,Lord Bob,Tindals Project,WA,121.1045,-31.0284,historic mine,Au,,Gold,Focus Minerals Limited,"Yilgarn Craton, Eastern Goldfields Province",Archean,,,,,,West Australian Element
334911,Codrilla,,QLD,148.467,-22.069,mineral deposit,Cbl,,Coal - black,"Macarthur Coal, Peabody Energy Corp.",Bowen Basin,,,,,,Bowen Basin,Anakie Province
334912,Foxleigh,includes Foxleigh East,QLD,148.8039,-22.9978,operating mine,Cbl,,Coal - black,"POSCO, QMetco Limited, Nippon Steel Australia Pty Ltd, Realm Resources Ltd., Unnamed Owner",Bowen Basin,,,,,,Bowen Basin,Anakie Province
334091,Eva,Pandanus Creek,NT,137.8196,-17.681,historic mine,"U, Au",U3O8,"Uranium, Gold, (Uranium oxide)",Nupower Resources Limited,"Mount Isa Orogen, Murphy Inlier",,Basin hydrothermal,Unconformity-related,Unconformity-related uranium,,,Camooweal-Murphy Domain
334092,Pile,Bikini,QLD,139.4402,-20.4116,mineral deposit,U,U3O8,"Uranium, (Uranium oxide)",Paladin Energy Limited,Mount Isa Orogen,Proterozoic,Regional metasomatic,Alkali-calcic,Albitite-hosted uranium,,,Leichhardt River Domain
334099,Koongie Park,"Onedin, Sandiego",WA,127.5394,-18.3193,mineral deposit,"Cu, Zn, Au","Pb, Ag","Copper, Zinc, (Lead, Gold, Silver)","Astral Resources NL, AuKing Mining Ltd","Halls Creek Orogen, Koongie Park Base Metal Metallogenic Province, Lamboo Province",Paleoproterozoic,,,,Kalkarindji Igneous Province,,Halls Creek Orogen
334100,Alford West,Poona,SA,137.583,-34.0641,mineral deposit,"Au, Cu",,"Gold, Copper","Andromeda Metals Ltd, Thor Mining PLC","Gawler Craton, Olympic Copper Gold Metallogenic Province, Olympic Domain",Proterozoic,,,,,Stansbury Basin,Olympic Domain
334102,Carosue Dam Group - 2003 (SOG),,WA,122.3384,-30.1489,historic mine,Au,,Gold,Sons Of Gwalia Limited,"Yilgarn Craton, Darlot Gold Metallogenic Province, Eastern Goldfields Province, Norseman-Wiluna Belt",Archean,,,,,,West Australian Element
334107,Wynberg,Cloncurry,QLD,140.743,-20.7559,operating mine,Au,,Gold,True North Copper Ltd,Mount Isa Orogen,,,,,,Karumba Basin,Soldiers Cap Domain
334108,Sarsfield,,QLD,146.8979,-20.1046,historic mine,Au,,Gold,"EMR Capital Group, PT Sinar Mas",,Paleozoic,,,,,,Charters Towers Province
334109,Anglo Saxon,Trouser Leg JV,WA,122.732,-30.0767,mineral deposit,Au,,Gold,Hawthorn Resources Limited,Yilgarn Craton,Archean,,,,,,West Australian Element
334110,West Wallsend,includes Lachlan proposal,NSW,151.6048,-32.9479,closed,Cbl,,Coal - black,"Glencore Plc, Marubeni Corporation",Sydney Basin,,,,,,Sydney Basin,Eastern Province
334114,Green Parrot,Jervois Project,NT,136.267,-22.6594,mineral deposit,"Cu, Zn, Pb, Ag",,"Copper, Zinc, Lead, Silver",Kentor Gold Limited,Arunta Orogen,Proterozoic,,,,Kalkarindji Igneous Province,,Aileron Province
334115,Rugby,Diamond Creek,QLD,147.7775,-22.1232,mineral deposit,Cbl,,Coal - black,QCoal Pty Ltd,Bowen Basin,,,,,,Drummond Basin,Anakie Province
334117,Zanthus,Balladonia,WA,123.6681,-31.7794,mineral deposit,Cbr,,Coal - brown,Blackham Resources Limited,Eucla Basin,,,,,,Eucla Basin,Nornalup Zone
334118,Minyango,,QLD,148.9147,-23.6326,feasibility,Cbl,,Coal - black,"QCoal Pty Ltd, Bounty Mining Limited, Caledon Resources plc",Bowen Basin,,,,,,Bowen Basin,Anakie Province
334119,Corboys Find TC 11,Bronzewing Gold Project,WA,120.9715,-27.0845,mineral deposit,Au,,Gold,Navigator Resources Limited,Yilgarn Craton,Archean,,,,,,West Australian Element
334120,Palmerston-Camperdown,Siberia Project,WA,120.9626,-30.2065,mineral deposit,Au,,Gold,Ora Banda Mining Ltd,"Yilgarn Craton, Eastern Goldfields Province",Archean,,,,,,West Australian Element
334121,Gelliondale,South Gippsland,VIC,146.6119,-38.6136,mineral deposit,Cbr,,Coal - brown,Department of Primary Industries,Gippsland Basin,Cenozoic,,,,,Selwyn Province,Melbourne-Mathinna Zone
334122,Rubicon - Kundana,East Kundana JV,WA,121.2602,-30.7436,mineral deposit,Au,,Gold,"Rand Mining Limited, Tribune Resources Limited, Northern Star Resources Limited, Barrick Gold Corporation",Yilgarn Craton,Archean,,,,,Roe Paleovalley,West Australian Element
334125,Magh-1,Temora Project,NSW,147.4447,-34.3052,mineral deposit,Au,,Gold,Straits Resources Limited,Lachlan Orogen,,,,,,,Central NSW - Omeo Province
334126,Mount Steadman,,QLD,151.816,-25.4486,mineral deposit,Au,,Gold,MGT Resources Limited,New England Orogen,,,,,,,New England Orogen
334129,Driffield-Narracan,,VIC,146.33,-38.227,mineral deposit,Cbr,,Coal - brown,"Department of Primary Industries, HRL Ltd",Gippsland Basin,Cenozoic,,,,,Selwyn Province,Melbourne-Mathinna Zone
334135,Mandalong,"Cooranbong Extension, Mandalong South",NSW,151.45,-33.1268,operating mine,Cbl,,Coal - black,Banpu Public Company Limited,Sydney Basin,,,,,,Sydney Basin,Eastern Province
334136,Klondyke,,QLD,150.6751,-25.6969,mineral deposit,"Au, Ag",,"Gold, Silver",Sedimentary Holdings,New England Orogen,Paleozoic,,,,,,Connors-Auburn Province
334139,Canyon Mine,Whitehaven,NSW,150.1698,-30.7338,closed,Cbl,,Coal - black,Whitehaven Coal Limited,Gunnedah Basin,,,,,,Gunnedah Basin,Eastern Province
334140,Empress North,,WA,121.1705,-30.9887,mineral deposit,Au,,Gold,Austminex,Yilgarn Craton,,,,,,,West Australian Element
334142,Bon's Rush,Burnside Project,NT,131.2345,-13.3241,mineral deposit,Au,,Gold,"Crocodile Gold Corporation, PNX Metals Limited",Pine Creek Orogen,Paleoproterozoic,Metamorphic hydrothermal,Orogenic,Mesozonal orogenic gold,,,Pine Creek Orogen
334143,Tough Go,,WA,118.3686,-27.1003,mineral deposit,Au,,Gold,Extract Resources,"Yilgarn Craton, Murchison Province",Archean,,,,Warakurna Large Igneous Province,,West Australian Element
334144,Murrin North,,WA,121.867,-28.7793,mineral deposit,"Ni, Co",,"Nickel, Cobalt",Alliance Nickel Ltd,"Yilgarn Craton, Eastern Goldfields Province",Cenozoic,,,,,,West Australian Element
334147,Windarra,,WA,122.2385,-28.4868,mineral deposit,"Cu, Co, PGE","Ni, Au","Copper, (Nickel, Cobalt, Platinum group elements, Gold)",Poseidon Nickel Limited,Yilgarn Craton,Archean,Magmatic,Komatiite,Komatiite nickel-copper-PGE,,,West Australian Element
334148,Russell Vale (NRE 1),"Balgownie No1, Bellambi West, Bellpac No1, Gibsons, Russell Vale, South Bulli",NSW,150.87,-34.3468,operating mine,Cbl,,Coal - black,"Wollongong Coal Ltd, Gujarat NRE, Illawarra Coal",Sydney Basin,,,,,,Sydney Basin,Eastern Province
334151,Tutunup (Bemax),Tutunup South/Bemax,WA,115.5235,-33.7117,historic mine,"Zrn, Leu, Ilm",,"Zircon, Leucoxene, Ilmenite","BeMax Resources NL, Falcon Minerals Limited",,,,,,,Bunbury Trough,Pinjarra Orogen
334152,Alberton East,South Gippsland,VIC,146.66,-38.61,mineral deposit,Cbr,,Coal - brown,Department of Primary Industries,Gippsland Basin,Cenozoic,,,,,Selwyn Province,Melbourne-Mathinna Zone
334153,Bottle Creek Project,Bottle Creek Project,WA,120.4542,-29.175,historic mine,Au,Ag,"Gold, (Silver)",Aurene Group Mining,"Yilgarn Craton, Norseman-Wiluna Belt",Archean,unknown,unknown,unknown,,,West Australian Element
334154,Redbrook - Wallbrook,Porphyry Project,WA,122.3173,-29.8704,historic mine,Au,,Gold,"Saracen Mineral Holdings Limited, Jackson Gold Limited","Yilgarn Craton, Eastern Goldfields Province",Archean,unknown,unknown,unknown,,,West Australian Element
334156,Harbour View - Kundip,Great Southern Project,WA,120.1964,-33.6818,historic mine,"Au, Ag, Cu",,"Gold, Silver, Copper",Medallion Metals Limited,"Yilgarn Craton, Southern Cross Province",Archean,,,,,,Northern Foreland
334157,Fish,Jasper Hills Project,WA,123.117,-29.0995,mineral deposit,Au,,Gold,Focus Minerals Limited,"Yilgarn Craton, Eastern Goldfields Province",Archean,,,,,,West Australian Element
334158,Long Tunnel,Walhalla Gold Project,VIC,146.4479,-37.9416,historic mine,Au,,Gold,Orion Gold NL,Lachlan Orogen,,,,,,Selwyn Province,Melbourne-Mathinna Zone
334162,Admiral Hill North - Armstrong,Barnicoat Project,WA,122.4752,-28.5437,mineral deposit,Au,,Gold,Focus Minerals Limited,"Yilgarn Craton, Eastern Goldfields Province",Archean,,,,,,West Australian Element
334264,May Day - Kundip,Great Southern Project,WA,120.1932,-33.679,mineral deposit,"Au, Cu",,"Gold, Copper","ACH Global Pty Ltd, Silver Lake Resources Limited","Yilgarn Craton, Southern Cross Province",Archean,,,,,,Northern Foreland
334265,Two Boys - Kundip,Great Southern Project,WA,120.202,-33.6726,historic mine,Au,,Gold,"ACH Global Pty Ltd, Silver Lake Resources Limited","Yilgarn Craton, Southern Cross Province",Archean,,,,,,Northern Foreland
334266,Regent - Fortnum,Grosvenor Gold Project,WA,118.2712,-25.2882,historic mine,Au,,Gold,"Westgold Resources Limited, Resource and Investment NL",Yilgarn Craton,Proterozoic,,,,Warakurna Large Igneous Province,Padbury Basin,West Australian Element
334267,Brocks Creek,Burnside Project,NT,131.4379,-13.4765,historic mine,"Au, Ag",,"Gold, Silver",Crocodile Gold Corporation,"Pine Creek Orogen, Mount Todd Gold Metallogenic Province",Proterozoic,Metamorphic hydrothermal,Orogenic,,,,Pine Creek Orogen
334268,Callop,Plutonic Project,WA,119.5055,-25.3046,mineral deposit,Au,,Gold,"Northern Star Resources Limited, Barrick Gold Corporation",Yilgarn Craton,Archean,,,,Warakurna Large Igneous Province,,Marymia Dome
334269,Coondiner HD4 East,East Angelas,WA,119.5788,-23.1459,mineral deposit,FeOre,Fe,"Iron ore, (Iron)","Rio Tinto Limited, Hancock Prospecting Pty Ltd",Pilbara Craton,,,,,Warakurna Large Igneous Province,Hamersley Basin,Pilbara Craton
334270,Hampton,Kalpini,WA,122.0392,-30.4663,mineral deposit,"Ni, Co",,"Nickel, Cobalt","Ardea Resources Limited, Heron Resources Limited","Yilgarn Craton, Eastern Goldfields Province",Cenozoic,,,,,,West Australian Element
334271,Cat's Whiskers,,NT,134.2026,-19.7005,mineral deposit,Au,,Gold,Emmerson Resources Limited,Warramunga Province,Proterozoic,Regional metasomatic,Metasomatic iron,Iron oxide gold,Kalkarindji Igneous Province,Warramunga Province,North Australian Element
334272,Lucky Break (Verde Tinto),Verde Tinto,QLD,145.6907,-19.4796,mineral deposit,"Ni, Co",,"Nickel, Cobalt",Australian Mines Ltd,,Cenozoic,,,,,,Charters Towers Province
334273,Lindsay's Find,"Lindsays, Parrot Feathers, Richfield, Trial Pit",WA,121.6917,-30.3275,care and maintenance,Au,,Gold,KalNorth Gold Mines Limited,"Yilgarn Craton, Eastern Goldfields Province",Archean,,,,,,West Australian Element
334276,Red Dome,Mungana,QLD,144.4047,-17.1187,historic mine,"Au, Cu, Zn","Ag, Pb","Gold, Copper, (Silver, Zinc, Lead)",Aurora Metals Ltd,"Hodgkinson Province, Red Dome",,Magmatic hydrothermal,Skarn,Skarn gold ± copper ± tungsten,,,Mossman Orogen
334277,Blue Spec,"Blue Spec Shear, Nullagine Project",WA,120.2747,-21.8212,historic mine,Au,Sb,"Gold, (Antimony)",Calidus Resources Ltd,"Pilbara Craton, Lynas Find Gold Metallogenic Province",Archean,Metamorphic hydrothermal,Orogenic,Mesozonal orogenic gold,Warakurna Large Igneous Province,,Pilbara Craton
334279,Gecko,K44,NT,134.0661,-19.4354,historic mine,Cu,"Au, Bi","Copper, (Gold, Bismuth)",Emmerson Resources Limited,"Tennant Creek Block, Warramunga Province, Warrego Metallogenic Province",Paleoproterozoic,Regional metasomatic,IOCG,Magnetite-dominant IOCG,Kalkarindji Igneous Province,Warramunga Province,North Australian Element
334280,Jubilee -New Celebration - Harmony (2006),"Feysville, Location 48, South Kalgoorlie Operations",WA,121.6056,-31.0331,historic mine,Au,,Gold,Alacer Gold Corporation,"Yilgarn Craton, Eastern Goldfields Province, Kalgoorlie Gold Metallogenic Province, Norseman-Wiluna Belt",Archean,,,,,,West Australian Element
334282,Menninnie Dam,,SA,136.415,-32.6441,mineral deposit,"Zn, Ag, Pb",,"Zinc, Silver, Lead",Terramin Australia Limited,Gawler Craton,Mesoproterozoic,unknown,unknown,unknown,,,South Australian Element
334283,Menzies,Lady Shenton-Crusoe,WA,121.0525,-29.753,historic mine,Au,,Gold,Brightstar Resources Ltd,"Yilgarn Craton, Eastern Goldfields Province, Kalgoorlie Gold Metallogenic Province",Archean,,,,,,West Australian Element
334284,Moreton Island,,QLD,153.4,-27.0768,mineral deposit,"Rt, Zrn, Ilm, Mnz, Mnsd",,"Rutile, Zircon, Ilmenite, Monazite, Mineral sands",Department of Natural Resources and Mines,New England Orogen,,Erosional,Placer,Heavy mineral sands,,Nambour Basin,New England Orogen
334286,Tanami (Central),Central Tanami Project,NT,129.7122,-19.9679,historic mine,"Au, Ag",,"Gold, Silver",Tanami Gold NL,"Callie, The Granites-Tanami Block",Proterozoic,,,,Kalkarindji Igneous Province,,Tanami Orogen
334287,Darlot Project,Darlot Project,WA,121.2689,-27.8875,operating mine,Au,,Gold,"Vault Minerals, PanAust Ltd, Unnamed Owner","Yilgarn Craton, Darlot Gold Metallogenic Province, Eastern Goldfields Province",Archean,,,,,,West Australian Element
334290,Howley,Burnside Project,NT,131.3455,-13.498,care and maintenance,Au,,Gold,"Newmarket Gold Inc, Crocodile Gold Corporation","Pine Creek Orogen, Mount Todd Gold Metallogenic Province",Paleoproterozoic,Metamorphic hydrothermal,Orogenic,Mesozonal orogenic gold,,,Pine Creek Orogen
334291,Fountain Head,Burnside Project,NT,131.5061,-13.4667,historic mine,Au,,Gold,"Patronus Resources, Crocodile Gold Corporation",Pine Creek Orogen,Proterozoic,,,,,,Pine Creek Orogen
334296,Sand King,Siberia Project,WA,120.9624,-30.2111,operating mine,Au,,Gold,Ora Banda Mining Ltd,"Yilgarn Craton, Eastern Goldfields Province, Kalgoorlie Gold Metallogenic Province, Norseman-Wiluna Belt",Archean,Metamorphic hydrothermal,Orogenic,Mesozonal orogenic gold,,,West Australian Element
334297,Mount Kelly,"Flying Horse, Mt Clarke, Mt Kelly",QLD,139.144,-19.8941,historic mine,Cu,Au,"Copper, (Gold)","CST Mining Group Limited, CopperCo, Pegmont Mines Ltd","Mount Isa Orogen, Lawn Hill Platform",Proterozoic,,,,,,Mount Isa Orogen
334298,Mount Minde,,QLD,140.3102,-20.8716,historic mine,Cu,,Copper,"Altura Mining Limited, Apollo Minerals Ltd, Emmerson Resources Limited, Exco Resources Limited, Rio Tinto Limited, Shenhua Group","Mount Isa Orogen, Quamby-Malbon Zone",Proterozoic,,,,,,Mitakoodi Domain
334494,Lincoln,,QLD,144.3905,-16.4914,mineral deposit,Sb,,Antimony,,Mossman Orogen,,,,,,,Mossman Orogen
334564,Lady Agnes,,QLD,139.4892,-20.4096,historic mine,Cu,,Copper,,"Mount Isa Orogen, Leichhardt River Fault Trough",Proterozoic,,,,,,Leichhardt River Domain
334533,Oakleigh Colliery,New Oakleigh,QLD,152.5854,-27.6134,historic mine,Cbl,,Coal - black,,Clarence-Moreton Basin,,,,,,Clarence-Moreton Basin,New England Orogen
335467,Mount Miller,,QLD,151.1758,-23.8894,historic mine,Mn,,Manganese,,New England Orogen,Cenozoic,,,,,,New England Orogen
334587,French Kiss South,,WA,122.5808,-31.2226,mineral deposit,Au,,Gold,,Yilgarn Craton,,,,,,Lefroy Paleovalley,West Australian Element
334446,Cavalier,,NSW,142.7217,-33.8319,mineral deposit,"Zrn, Rt, Ilm, Leu",,"Zircon, Rutile, Ilmenite, Leucoxene",,Murray Basin,,Erosional,Placer,Heavy mineral sands,,Murray Basin,Stawell Zone
335427,Coppermine Creek,,WA,119.5972,-34.0642,mineral deposit,Mn,MnOre,"Manganese, (Manganese ore)",,,,,,,,Eucla Basin,Northern Foreland
335777,Jasper Block,,QLD,140.5143,-20.6883,mineral deposit,"Cu, Co",,"Copper, Cobalt",,"Mount Isa Orogen, Cloncurry-Selwyn Zone",Proterozoic,,,,,,Canobie Domain
335677,Lake Macdonnell,,SA,133.0469,-32.0293,operating mine,Gp,,Gypsum,,Gawler Craton,,,,,,Eucla Basin,South Australian Element
334248,Preston Extended,,NSW,150.1997,-31.0897,historic mine,Cbl,,Coal - black,,Gunnedah Basin,,,,,,,Eastern Province
333447,Magpie,,QLD,149.8785,-22.9825,mineral deposit,"Ni, Co",,"Nickel, Cobalt",,New England Orogen,Cenozoic,,,,,,New England Orogen
333990,Lily Creek,,QLD,138.67,-20.3471,mineral deposit,"Phos, P, P2O5",,"Phosphate, Phosphorus, Phosphorus oxide",,Georgina Basin,,Basin chemical,Phosphorite,Phosphorite,,Georgina Basin,Mount Isa Orogen
455543,East Depot Springs,,SA,138.7523,-30.4457,historic mine,Mn,,Manganese,,Delamerian Orogen,,,,,,,South Australian Element
467212,Tally Ho,,QLD,148.8209,-21.3974,mineral deposit,"Ag, Zn, Pb, Au, Cu",,"Silver, Zinc, Lead, Gold, Copper",,New England Orogen,,,,,,,Connors-Auburn Province
333686,Griffins Find,,WA,118.3187,-33.0675,historic mine,Au,,Gold,,"Yilgarn Craton, Griffins Find Gold Metallogenic Province, Western Gneiss Terrane",Archean,Metamorphic hydrothermal,Orogenic,Hypozonal orogenic gold,,,West Australian Element
335397,St George,,QLD,139.8712,-21.3736,historic mine,Cu,,Copper,,"Mount Isa Orogen, Mary Kathleen Zone",Proterozoic,,,,,,Mary Kathleen Domain
335101,McPhail,Florence,QLD,140.373,-21.171,historic mine,"Au, Cu",,"Gold, Copper",,"Mount Isa Orogen, Quamby-Malbon Zone",Proterozoic,,,,,,Mitakoodi Domain
334778,Kings Plains,,QLD,145.1536,-15.6808,historic mine,"Sn, SnO2",,"Tin, Tin oxide/cassiterite",,Mossman Orogen,,,,,,,Mossman Orogen
334800,Waroona North,,WA,115.9287,-32.8168,historic mine,"Ilm, Rt, Leu, Zrn",,"Ilmenite, Rutile, Leucoxene, Zircon",,,,,,,,Mandurah Terrace,Pinjarra Orogen
628604,Sinclair Caesium,,WA,121.6223,-31.8834,mineral deposit,Cs,,Cesium,,,,,,,,,West Australian Element
556521,Hercules - Wodgina (Atlas Iron),,WA,118.6509,-21.1801,mineral deposit,"FeOre, Fe",,"Iron ore, Iron",,Pilbara Craton,,,,,Warakurna Large Igneous Province,,Pilbara Craton
335222,Dobbyn,"Dobbyn North, Dobbyn South",QLD,139.9982,-19.7946,historic mine,"Au, Cu",,"Gold, Copper",,"Mount Isa Orogen, Kalkadoon-Leichhardt Belt",Proterozoic,,,,,,Mary Kathleen Domain
333894,Lady Ethleen,,QLD,139.962,-20.927,historic mine,Cu,,Copper,,"Mount Isa Orogen, Kalkadoon-Leichhardt Belt",Proterozoic,,,,,,Mary Kathleen Domain
334510,Poverty Reef,,VIC,143.8352,-36.7688,historic mine,Au,,Gold,,Lachlan Orogen,,,,,,,Bendigo Zone
334678,Mudderwearie,,WA,118.65,-25.6059,mineral deposit,Mn,MnOre,"Manganese, (Manganese ore)",,Yilgarn Craton,,,,,Warakurna Large Igneous Province,Bryah Basin,West Australian Element
334560,Stockholm Cross,Comstock,QLD,146.22,-20.1218,historic mine,Au,,Gold,,"Charters Towers Gold Metallogenic Province, Lolworth-Ravenswood Block",Paleozoic,,,,,,Charters Towers Province
334611,Israelite Bay,,WA,123.8692,-33.6009,mineral deposit,"Ilm, Zrn, Leu",,"Ilmenite, Zircon, Leucoxene",,Albany-Fraser Orogen,,Erosional,Placer,Heavy mineral sands,,,Nornalup Zone
335687,Harrow Creek,,QLD,148.1852,-22.2359,historic mine,Cbl,,Coal - black,,Bowen Basin,,,,,,Bowen Basin,Anakie Province
334418,Hill River,"Brazier, Cadda, Cowla, Gairdner Main, Jurien, Mintaja, Mt Lesuer, Wongonderrah",WA,115.2195,-30.1639,mineral deposit,Cbl,,Coal - black,,Perth Basin,,,,,,Perth Basin,Pinjarra Orogen
599450,Greenmount (Brown Coal),,VIC,146.675,-38.5379,mineral deposit,Cbr,,Coal - brown,,Gippsland Basin,,,,,,Selwyn Province,Melbourne-Mathinna Zone
336238,St Mungo,,QLD,139.8502,-21.6226,historic mine,Cu,,Copper,,"Mount Isa Orogen, Kalkadoon-Leichhardt Belt",Proterozoic,,,,,,Mary Kathleen Domain
558871,Kilimiraka,,NT,130.1432,-11.8212,mineral deposit,"Rt, Ilm, Zrn, Leu, HM, Ti",,"Rutile, Ilmenite, Zircon, Leucoxene, Heavy minerals, Titanium",,Money Shoal Basin,,Erosional,Placer,Heavy mineral sands,,Money Shoal Basin,Pine Creek Orogen
335314,Robinsons,Golden Feather,WA,121.6003,-30.59,mineral deposit,Au,,Gold,,"Yilgarn Craton, Eastern Goldfields Province, Kalgoorlie Gold Metallogenic Province",Archean,,,,,,West Australian Element
335857,Robur,Robur 3,QLD,140.5742,-20.9406,historic mine,Cu,,Copper,,"Mount Isa Orogen, Quamby-Malbon Zone",Proterozoic,,,,,,Doherty - Fig Tree Gully Domain
335955,Edjudina,Mt Edon,WA,122.4917,-29.7746,mineral deposit,Au,,Gold,,"Yilgarn Craton, Eastern Goldfields Province",Archean,,,,,,West Australian Element
333884,Ben Mohr,,QLD,148.8679,-21.2656,mineral deposit,Cu,,Copper,,New England Orogen,,,,,,,Connors-Auburn Province
334599,Empire,,WA,118.8426,-28.6137,mineral deposit,Au,,Gold,,Yilgarn Craton,,,,,,,West Australian Element
336021,Kooline,,WA,116.4318,-23.0891,historic mine,"Ag, Pb",,"Silver, Lead",,Ashburton Basin,Mesoproterozoic,,,,Warakurna Large Igneous Province,Ashburton Basin,Pilbara Craton
336199,Pup,,QLD,139.9782,-20.7446,historic mine,Cu,,Copper,,"Mount Isa Orogen, Kalkadoon-Leichhardt Belt",Proterozoic,,,,,,Mary Kathleen Domain
335226,Orphan,,QLD,140.0232,-19.7836,historic mine,"Cu, Ag, Au",,"Copper, Silver, Gold",,"Mount Isa Orogen, Kalkadoon-Leichhardt Belt",Proterozoic,,,,,,Mary Kathleen Domain
334050,West Quest,,WA,119.7711,-32.2541,mineral deposit,Au,,Gold,,Yilgarn Craton,,,,,,,West Australian Element
333984,Willi Willi,,NSW,152.3878,-30.9625,mineral deposit,"Sn, Cu, Ag",,"Tin, Copper, Silver",,New England Orogen,,,,,,,New England Orogen
335783,Mount Torrens,,SA,139.0051,-34.8838,mineral deposit,"Pb, Ag, Zn",,"Lead, Silver, Zinc",,Kanmantoo Fold Belt,Paleozoic,Basin hydrothermal,Sediment-hosted,,,,Delamerian Orogen
599428,Corridor,,VIC,146.357,-38.2321,mineral deposit,Cbr,,Coal - brown,,Gippsland Basin,,,,,,Selwyn Province,Melbourne-Mathinna Zone
334318,Moonford,,QLD,151.0182,-24.7559,mineral deposit,Fe,FeOre,"Iron, (Iron ore)",,New England Orogen,,,,,,Mulgildie Basin,Yarrol Province
334355,Uaroo,"Rainbow, Silver King, Silver Star",WA,115.3597,-22.7715,historic mine,"Ag, Pb",,"Silver, Lead",,Ashburton Basin,Proterozoic,,,,Warakurna Large Igneous Province,,West Australian Element
334754,International,,QLD,143.4931,-18.3745,historic mine,"Ag, Pb, Au",,"Silver, Lead, Gold",,"Etheridge Gold Metallogenic Province, Etheridge Province, Georgetown Block",,Magmatic hydrothermal,Vein,Vein polymetallic,,Etheridge Province,North Australian Element
334669,Comstock,,TAS,145.2814,-41.8885,mineral deposit,Fe,,Iron,,Delamerian Orogen,,,,,,Thylacine Province,Delamerian Orogen
569272,Constance Range-Deposit D,,QLD,138.3845,-18.5366,mineral deposit,"FeOre, Fe",,"Iron ore, Iron",,Delamerian Orogen,,,,,,South Nicholson Basin,Camooweal-Murphy Domain
333574,Mathinna,,TAS,147.8938,-41.488,mineral deposit,Au,,Gold,,Lachlan Orogen,,Metamorphic hydrothermal,Orogenic,Mesozonal orogenic gold,,,Melbourne-Mathinna Zone
333624,Casterton,,VIC,141.4014,-37.5956,mineral deposit,Fe,,Iron,,Delamerian Orogen,,,,,,,Delamerian Orogen
333433,Mount Hale,,WA,117.2397,-26.054,mineral deposit,FeOre,Fe,"Iron ore, (Iron)",,Yilgarn Craton,,,,,Warakurna Large Igneous Province,,West Australian Element
334744,Bald Hills,,QLD,139.3044,-21.4808,historic mine,Cu,,Copper,,"Mount Isa Orogen, Leichhardt River Fault Trough",Proterozoic,,,,,,Sybella Domain
334088,May Day,Anomaly 3,NSW,145.9917,-32.4246,historic mine,"Au, Ag, Cu, Zn, Pb",,"Gold, Silver, Copper, Zinc, Lead",,"Lachlan Orogen, Lachlan Orogen, Cobar Basin",,Volcanic basin hydrothermal,Volcanogenic massive sulfide (VMS),Felsic-siliciclastic VMS,,Mount Hope Trough,Central NSW - Omeo Province
335038,Extension Hill (Mt Gibson Iron),"Iron Hill, Mt Gibson",WA,117.1883,-29.5958,closed,FeOre,Fe,"Iron ore, (Iron)",,Yilgarn Craton,,,,,,,West Australian Element
335544,Wittenoom,Karijini,WA,118.3683,-22.773,mineral deposit,Fe,,Iron,,Hamersley Basin,Archean,,,,Warakurna Large Igneous Province,Hamersley Basin,Pilbara Craton
335543,Robinson Range,,WA,118.9977,-25.7183,mineral deposit,FeOre,Fe,"Iron ore, (Iron)",,Yilgarn Craton,,,,,Warakurna Large Igneous Province,Bryah Basin,West Australian Element
429157,Boonal North,,QLD,148.96,-23.39,mineral deposit,Cbl,,Coal - black,,Bowen Basin,,,,,,Bowen Basin,Anakie Province
551583,Jandowae,,QLD,151.1117,-26.7817,mineral deposit,Cbl,,Coal - black,,Clarence-Moreton Basin,,,,,,Clarence-Moreton Basin,Yarrol Province
364388,Jones Find,,WA,121.9497,-30.8951,mineral deposit,Au,,Gold,,Yilgarn Craton,,,,,,,West Australian Element
335076,Lal Lal (Fe),,VIC,144.0114,-37.6785,mineral deposit,Fe,,Iron,,Lachlan Orogen,,,,,,,Bendigo Zone
335877,Dogbolter Area,,NT,129.6666,-20.0541,mineral deposit,Au,,Gold,,Tanami Orogen,,Metamorphic hydrothermal,Orogenic,Epizonal orogenic gold,Kalkarindji Igneous Province,,Tanami Orogen
335103,New Bendigo,,VIC,143.2123,-36.5929,historic mine,Au,,Gold,,Lachlan Orogen,Paleozoic,,,,,,Stawell Zone
336119,Harrietville Goldfield,Bright,VIC,147.066,-36.8799,historic mine,Au,,Gold,,"Lachlan Orogen, Lachlan Orogen, Adelong Gold Metallogenic Province, Tabberabbera Zone",,Metamorphic hydrothermal,Orogenic,Mesozonal orogenic gold,,,Lachlan Orogen
333534,China Camp,,QLD,145.3011,-16.2785,historic mine,"Sn, SnO2",,"Tin, Tin oxide/cassiterite",,Mossman Orogen,,,,,,,Mossman Orogen
333746,Enacheddong Creek,,WA,121.1978,-22.1312,mineral deposit,Mn,MnOre,"Manganese, (Manganese ore)",,,,,,,Warakurna Large Igneous Province,Collier Basin,Pilbara Craton
336257,Airstrip,,WA,118.8426,-28.6137,mineral deposit,Au,,Gold,,Yilgarn Craton,,,,,,,West Australian Element
336107,Queenslander,,QLD,143.574,-18.5634,historic mine,"Au, Cu, Pb, Ag",,"Gold, Copper, Lead, Silver",,"Etheridge Gold Metallogenic Province, Etheridge Province, Georgetown Block",,Metamorphic hydrothermal,Orogenic,,,Etheridge Province,North Australian Element
333995,Lakeview,Lakeview No. 1,QLD,140.0262,-20.8296,historic mine,Cu,,Copper,,"Mount Isa Orogen, Mary Kathleen Zone",Proterozoic,,,,,,Mary Kathleen Domain
334128,Cemetery,,WA,121.5995,-30.5916,mineral deposit,Au,,Gold,,Yilgarn Craton,,,,,,,West Australian Element
334018,Pilbara,,WA,119.42,-21.4977,mineral deposit,"Sn, Ta, SnO2, Ta2O5",,"Tin, Tantalum, Tin oxide/cassiterite, Tantalum pentoxide",,Pilbara Craton,,,,,Warakurna Large Igneous Province,,Pilbara Craton
335162,Yellow Mountain,,NSW,146.8224,-32.4581,mineral deposit,"Zn, Cu, Au, Ag, Pb",,"Zinc, Copper, Gold, Silver, Lead",,"Lachlan Orogen, Cobar Basin",Paleozoic,Metamorphic hydrothermal,Orogenic,Orogenic silver-lead-zinc-copper-antimony,,Canbelego - Mineral Hill Rift Zone,Central NSW - Omeo Province
570027,Chandala HMS,,WA,115.968,-31.492,mineral deposit,"Mnsd, Ilm, Mnz, Leu, Zrn, Rt",,"Mineral sands, Ilmenite, Monazite, Leucoxene, Zircon, Rutile",,,,,,,,Beermullah Trough,Pinjarra Orogen
518250,Bull Terrier,,WA,121.9245,-29.4895,mineral deposit,Au,,Gold,,Yilgarn Craton,,,,,,,West Australian Element
334690,Jinka Plains,,NT,135.8846,-22.729,mineral deposit,"F, Fl",,"Fluorine, Fluorite",,,,,,,Kalkarindji Igneous Province,,Aileron Province
452424,Bluebush Line,Kambalda,WA,121.7648,-31.5832,mineral deposit,"Cu, Pd, Co, Pt, Ni",,"Copper, Palladium, Cobalt, Platinum, Nickel",,Yilgarn Craton,,,,,,,West Australian Element
333407,Edna May,"Edna May West, Edna May West Extended, Willsburgh",QLD,139.8398,-20.8184,historic mine,Cu,,Copper,,"Mount Isa Orogen, Kalkadoon-Leichhardt Belt",Proterozoic,,,,,,Mary Kathleen Domain
333355,Station Creek,,QLD,145.2247,-16.6077,historic mine,"SnO2, W, Sn",,"Tin oxide/cassiterite, Tungsten, Tin",,Mossman Orogen,,Erosional,Placer,Fluvial placer tin,,,Mossman Orogen
334874,Sikonos,,NT,131.3198,-13.3833,mineral deposit,Au,,Gold,,Pine Creek Orogen,,,,,,,Pine Creek Orogen
334964,Hematite Range,,QLD,139.6512,-19.8956,mineral deposit,"Fe, Mag",,"Iron, Magnetite",,Mount Isa Orogen,,,,,,,Leichhardt River Domain
334160,Toombon,,VIC,146.403,-37.7362,historic mine,Au,,Gold,,Lachlan Orogen,Paleozoic,,,,,Selwyn Province,Melbourne-Mathinna Zone
333944,Smithfield,part of Jeebropilly,QLD,152.5977,-27.658,historic mine,Cbl,,Coal - black,,Clarence-Moreton Basin,Mesozoic,,,,,Clarence-Moreton Basin,New England Orogen
456497,Alec Mairs,,WA,120.5707,-27.6067,mineral deposit,Ni,,Nickel,,Yilgarn Craton,,,,,,,West Australian Element
531506,Wilson River A,,TAS,145.3793,-41.6845,mineral deposit,"Cr, Os, PGE, Au",,"Chromium, Osmium, Platinum group elements, Gold",,Delamerian Orogen,,,,,,Thylacine Province,Delamerian Orogen
333401,Lauriston Goldfield,"Drummond North, Taradale",VIC,144.366,-37.247,historic mine,Au,,Gold,,"Lachlan Orogen, Lachlan Orogen, Bendigo Zone",,Metamorphic hydrothermal,Orogenic,Mesozonal orogenic gold,,,Bendigo Zone
333329,York and Durham,,VIC,144.2513,-36.7288,mineral deposit,Au,,Gold,,Lachlan Orogen,,,,,,,Bendigo Zone
333762,Iluka South West Province (Capel North),,WA,115.5857,-33.5204,mineral deposit,"Zrn, Rt, Leu, Ilm",,"Zircon, Rutile, Leucoxene, Ilmenite",,,,Erosional,Placer,Heavy mineral sands,,Bunbury Trough,Pinjarra Orogen
455562,Muttabee,,SA,138.4043,-32.5021,historic mine,Mn,,Manganese,,Delamerian Orogen,,,,,,,South Australian Element
333692,Sebastopol-Junee Reefs,,NSW,147.5263,-34.5865,historic mine,Au,,Gold,,"Lachlan Orogen, Lachlan Orogen, Adelong Gold Metallogenic Province",Paleozoic,,,,,,Central NSW - Omeo Province
334791,"White Engine (Cadia, Old Cadia)",,NSW,148.9855,-33.4464,mineral deposit,"Cu, Au",,"Copper, Gold",,Lachlan Orogen,,,,,,,Eastern Province
334303,Yilgarn Star,Southern Cross Operations;,WA,119.6785,-31.5335,historic mine,Au,,Gold,"Shandong Tianye Real Estate, China Hanking Holdings Limited","Yilgarn Craton, Bounty Gold Metallogenic Province, Southern Cross Province",Archean,Metamorphic hydrothermal,Orogenic,Mesozonal orogenic gold,,Deborah Paleovalley,West Australian Element
334304,Chalice,Higginsville Gold Operations,WA,121.5148,-31.8159,mineral deposit,Au,,Gold,"Karora Resources Inc, Metals X Limited, RNC Minerals","Yilgarn Craton, Eastern Goldfields Province, Eastern Goldfields Superterrane, Kalgoorlie Gold Metallogenic Province, Kalgoorlie Terrane",Archean,Metamorphic hydrothermal,Orogenic,Mesozonal orogenic gold,,,West Australian Element
334305,Jangardup,,WA,115.6287,-34.3596,historic mine,"Ilm, Zrn, Rt, Leu, Mnsd",,"Ilmenite, Zircon, Rutile, Leucoxene, Mineral sands",Cable Sands (WA) Pty Ltd,Perth Basin,,Erosional,Placer,Heavy mineral sands,,Bunbury Trough,Pinjarra Orogen
334306,Lake Innes,,NSW,152.8709,-31.4762,mineral deposit,"Ni, Sc, Fe, Cr, Co, Tlc",,"Nickel, Scandium, Iron, Chromium, Cobalt, Talc",Jervois Mining Limited,New England Orogen,Cenozoic,,,,,,New England Orogen
334308,Omega,Gidgee Project,WA,119.3801,-26.855,historic mine,Au,,Gold,Horizon Gold Limited,"Yilgarn Craton, Bounty Gold Metallogenic Province, Southern Cross Province",Archean,,,,,,West Australian Element
334309,Wintinna,"Arckaringa, coal to methanol plant",SA,134.75,-27.9304,mineral deposit,Cbl,,Coal - black,"Wintask Group Ltd, Altona Energy Plc, Sino-Aus Energy Group Ltd, Altona Mining Limited",Arckaringa Basin,,,,,,Arckaringa Basin,South Australian Element
334310,Magellan,"Paroo Station, Wiluna",WA,119.9419,-26.5179,care and maintenance,Pb,,Lead,Ivernia Inc.,Earaheedy Basin,Paleoproterozoic,Basin hydrothermal,Mississippi Valley-type (MVT),MVT zinc-lead,Warakurna Large Igneous Province,Earaheedy Basin,West Australian Element
334311,Jurien,,WA,115.1788,-30.3435,historic mine,"Ilm, Zrn, Rt, Leu",,"Ilmenite, Zircon, Rutile, Leucoxene",Tronox Limited,,,Erosional,Placer,Heavy mineral sands,,Beagle Ridge,Pinjarra Orogen
334313,Victory,"Cloncurry Project, Flagship",QLD,140.7818,-20.9322,mineral deposit,Cu,"Au, Co","Copper, (Gold, Cobalt)",Exco Resources Limited,Mount Isa Orogen,Proterozoic,,,,,,Soldiers Cap Domain
334316,Walsh North,Binduli Project,WA,121.3962,-30.8062,mineral deposit,Au,,Gold,"Zijin Mining Group Company Ltd, Norton Gold Fields Limited",Yilgarn Craton,Archean,,,,,,West Australian Element
334317,Bremer View,"Bremer View East, Bremer View West",QLD,152.5777,-27.6675,mineral deposit,Cbl,,Coal - black,Energy Future Holdings,Clarence-Moreton Basin,Mesozoic,,,,,Clarence-Moreton Basin,New England Orogen
334323,Oberon,Tanami Project,NT,129.9944,-20.2862,mineral deposit,Au,,Gold,Newmont Mining Corporation,Tanami Orogen,Paleoproterozoic,Metamorphic hydrothermal,Orogenic,Mesozonal orogenic gold,Kalkarindji Igneous Province,Rabbit Flat Paleovalley,Tanami Orogen
334326,Eleanora,Hillgrove Proj,NSW,151.9009,-30.5745,mineral deposit,"As, Sb, Au",,"Arsenic, Antimony, Gold",Straits Resources Limited,New England Orogen,,,,,,,New England Orogen
334333,West 45,,QLD,145.7538,-20.3303,mineral deposit,"Zn, Pb, Cu","Ag, Au","Zinc, Lead, Copper, (Silver, Gold)",Kagara Limited,,Paleozoic,,,,,,Charters Towers Province
334338,Mannering,"Wyee, Wyee State",NSW,151.5342,-33.2078,care and maintenance,Cbl,,Coal - black,Banpu Public Company Limited,Sydney Basin,,,,,,Sydney Basin,Eastern Province
334339,Olive Downs,,QLD,148.363,-22.1524,mineral deposit,Cbl,,Coal - black,Peabody Energy Corp.,Bowen Basin,,,,,,Bowen Basin,Anakie Province
334340,Collinsville,"McNaughton, Wollombi",QLD,147.7686,-20.5676,operating mine,Cbl,,Coal - black,"Glencore Plc, Itochu Corporation",Bowen Basin,,,,,,Bowen Basin,Connors-Auburn Province
334341,Golden Orb,Marda Project,WA,119.1823,-30.2856,mineral deposit,Au,,Gold,Ramelius Resources Limited,Yilgarn Craton,Archean,,,,,,West Australian Element
334343,Melville,,WA,116.7554,-28.1875,mineral deposit,Au,,Gold,Spartan Resources Ltd,"Yilgarn Craton, Murchison Province",Archean,,,,,,West Australian Element
334344,Widgie Townsite,,WA,121.5748,-31.5029,feasibility,"Ni, Cu","Co, Fe","Nickel, (Cobalt, Copper, Iron)",Widgie Nickel Ltd,"Yilgarn Craton, Eastern Goldfields Province",Archean,,,,,,West Australian Element
334350,Sedan,,SA,139.318,-34.3623,mineral deposit,Cbr,,Coal - brown,Anglo Coal Australia Pty Ltd,Murray Basin,,,,,,Murray Basin,Delamerian Orogen
334351,Spargoville - Location 3,Spargoville 5D,WA,121.5,-31.3547,historic mine,Ni,,Nickel,Estrella Resources,"Yilgarn Craton, Kambalda Nickel Metallogenic Province",,,,,,,West Australian Element
334353,Bells,Barnicoat Project,WA,122.496,-28.6597,mineral deposit,Au,,Gold,Focus Minerals Limited,"Yilgarn Craton, Eastern Goldfields Province",Archean,,,,,,West Australian Element
334358,Maranui,Yaloginda Project,WA,118.4427,-26.6838,historic mine,Au,,Gold,Reed Resources Limited,Yilgarn Craton,Archean,,,,Warakurna Large Igneous Province,,West Australian Element
334367,Bayleys,"Bayleys Reward, Lindsays-Bayleys Project",WA,121.1813,-30.9467,historic mine,Au,,Gold,Focus Minerals Limited,"Yilgarn Craton, Kalgoorlie Gold Metallogenic Province, Norseman-Wiluna Belt",Archean,unknown,unknown,unknown,,,West Australian Element
334368,Canbelego,Mt Boppy,NSW,146.3082,-31.6229,feasibility,"Au, Cu",,"Gold, Copper",Helix Resources Limited,"Lachlan Orogen, Lachlan Orogen, Girilambone Base Metal Metallogenic Province, Mineral Hill Metallogenic Province",,,,,,,Central NSW - Omeo Province
334371,Lucky Draw,Burraga,NSW,149.5724,-33.9158,historic mine,Au,"Ag, Fe","Gold, (Silver, Iron)","Meridien Resources Limited, Republic Gold Ltd.","Lachlan Orogen, Lachlan Orogen, Lucky Draw, Macquarie Igneous Province, Molong - Sofala Igneous Subprovince",,Magmatic hydrothermal,Skarn,Skarn gold ± copper ± tungsten,,,Eastern Province
334372,Molyhil,,NT,135.7515,-22.7575,under development,"Mo, MoS2, W, WO3","Cu, Fe","Molybdenum, (Copper, Molybdenite, Tungsten, Tungsten trioxide (wolframite), Iron)","Thor Mining PLC, Investigator Resources Limited","Arunta Orogen, Aileron Province",Proterozoic,Magmatic hydrothermal,Skarn,Skarn tungsten ± Mo,Kalkarindji Igneous Province,,Aileron Province
334373,Morning Star,Mt Magnet Project,WA,117.8247,-28.0442,mineral deposit,Au,,Gold,Ramelius Resources Limited,"Yilgarn Craton, Big Bell Gold Metallogenic Province, Murchison Domain",Archean,,,,,,West Australian Element
334374,New Cobar,"Fort Bourke, Peak Mines Project",NSW,145.8551,-31.5161,operating mine,"Cu, Au",,"Copper, Gold",New Gold Incorporated,"Lachlan Orogen, Lachlan Orogen, Cobar Basin",,Metamorphic hydrothermal,Orogenic,Orogenic copper ± gold,,Cobar Basin,Central NSW - Omeo Province
334375,Rhodes Ridge JV,,WA,119.3772,-23.094,mineral deposit,FeOre,"Fe, Hem","Iron ore, (Iron, Hematite)","Rio Tinto Limited, Wright Prospecting Pty Ltd",Hamersley Basin,Archean,,,,Warakurna Large Igneous Province,Hamersley Basin,Pilbara Craton
334378,Wingellina (NICO Resources),Central Musgrave,WA,128.9406,-26.0382,mineral deposit,"Ni, Co, Fe","Pt, Pd","Nickel, Cobalt, (Platinum, Iron, Palladium)",NICO Resources Ltd,"Musgrave Province, Nebo-Babel Nickel Metallogenic Province, Wingellina",Cenozoic,,,,Warakurna Large Igneous Province,,Musgrave Province
334379,Henty,,TAS,145.5574,-41.8664,operating mine,Au,Ag,"Gold, (Silver)",Catalyst Metals Ltd,"Delamerian Orogen, Dundas Trough, Mount Lyell Copper-Gold Metallogenic Province, Mount Read Igneous Province",,Volcanic basin hydrothermal,Volcanogenic massive sulfide (VMS),Bimodal felsic VMS,,Thylacine Province,Delamerian Orogen
334380,Andersons Lode,Counter,QLD,139.6122,-20.6614,mineral deposit,U,U3O8,"Uranium, (Uranium oxide)","Paladin Energy Limited, Summit Resources Limited","Mount Isa Orogen, Leichhardt River Fault Trough",Proterozoic,Regional metasomatic,Alkali-calcic,Albitite-hosted uranium,,,Leichhardt River Domain
334386,Callion,Davyhurst Project,WA,120.5829,-30.1169,historic mine,Au,,Gold,"Ora Banda Mining Ltd, Swan Gold Mining Limited","Yilgarn Craton, Kalgoorlie Gold Metallogenic Province, Norseman-Wiluna Belt",Archean,,,,,,West Australian Element
334388,Woodie Woodie,"Bells Leases, Mike, consists of over 30 deposits",WA,121.2355,-21.6388,operating mine,"MnOre, Fe, V2O5",Mn,"Manganese ore, Iron, Vanadium pentoxide, (Manganese)","Consolidated Minerals Limited, Mineral Resources",Oakover Paleovalley,Archean,Supergene,Supergene,Supergene manganese,,Hamersley Basin,Pilbara Craton
334389,Whundo,"Ayshia, West Whundo, Yannery",WA,116.9275,-21.0788,mineral deposit,"Cu, Zn",Ag,"Copper, Zinc, (Silver)",GreenTech Metals Ltd,"Pilbara Craton, Whundo Base Metal Metallogenic Province",Archean,Volcanic basin hydrothermal,Volcanogenic massive sulfide (VMS),,Warakurna Large Igneous Province,,Pilbara Craton
334393,Mighty Atom,Mighty Atom South,QLD,139.989,-19.943,mineral deposit,"Cu, Au",,"Copper, Gold",Matrix metals,"Mount Isa Orogen, Kalkadoon-Leichhardt Belt",Proterozoic,,,,,,Mary Kathleen Domain
334397,Cape Horn,Mt Lyell Project,TAS,145.5786,-42.0441,historic mine,"Ag, Cu, Au",,"Silver, Copper, Gold",Vedanta Resources PLC,"Dundas Trough, Mount Lyell Copper-Gold Metallogenic Province",,,,,,Thylacine Province,Delamerian Orogen
334400,Mount Colin,,QLD,140.0445,-20.7759,operating mine,Cu,Au,"Copper, (Gold)",Aeris Resources Limited,"Mount Isa Orogen, Mary Kathleen Zone",Proterozoic,Regional metasomatic,Metasomatic iron,Iron sulfide polymetallic,,,Mary Kathleen Domain
334401,Nim 6,"Jundee Gold Project, Nimary Six",WA,120.5889,-26.3674,mineral deposit,Au,,Gold,Northern Star Resources Limited,"Yilgarn Craton, Eastern Goldfields Province",Archean,Metamorphic hydrothermal,Orogenic,Mesozonal orogenic gold,Warakurna Large Igneous Province,,West Australian Element
334402,Crinum,,QLD,148.371,-23.2101,care and maintenance,Cbl,,Coal - black,Sojitz Corporation,Bowen Basin,,,,,,Bowen Basin,Anakie Province
334403,Peculiar Knob,,SA,135.3826,-29.5868,operating mine,FeOre,Fe,"Iron ore, (Iron)",Peak Iron Mines Pty Ltd,"Gawler Craton, Olympic Copper Gold Metallogenic Province",Paleoproterozoic,Basin chemical,Iron formation,Superior-type banded iron formation,,Eromanga Basin,South Australian Element
334407,Nowa Nowa,,VIC,148.117,-37.6609,feasibility,Fe,,Iron,"Eastern Iron Ltd, Gulf Mines Ltd",Lachlan Orogen,,,,,,,Lachlan Orogen
334409,Enterprise - Ora Banda,Ora Banda Project,WA,121.089,-30.3719,operating mine,Au,,Gold,"Zijin Mining Group Company Ltd, Norton Gold Fields Limited",Yilgarn Craton,Archean,unknown,unknown,unknown,,,West Australian Element
334410,Acra,,WA,122.085,-30.5322,mineral deposit,"Co, Ni",,"Cobalt, Nickel",Heron Resources Limited,Yilgarn Craton,,,,,,,West Australian Element
334411,Berrima,Medway Colliery,NSW,150.2657,-34.4652,closed,Cbl,,Coal - black,"Boral Ltd, DeltaSBD, Illawarra Coal",Sydney Basin,,,,,,Sydney Basin,Eastern Province
334414,Ladybird,,WA,119.4539,-28.1167,mineral deposit,Au,,Gold,Aurumin Limited,Yilgarn Craton,,,,,,,West Australian Element
334365,Cams,Miranda JV,WA,120.5412,-27.731,historic mine,Au,,Gold,Gold Fields Limited,Yilgarn Craton,Archean,,,,,Carey Paleovalley,West Australian Element
334416,Orazabah,,QLD,149.8844,-25.8369,mineral deposit,Cbl,,Coal - black,Glencore Plc,Surat Basin,Mesozoic,,,,,Surat Basin,Connors-Auburn Province
334417,Wim 050,,VIC,141.8897,-37.0695,mineral deposit,"Ilm, Rt, Zrn, Xen, Leu",Mnz,"Ilmenite, Rutile, Zircon, Xenotime, Leucoxene, (Monazite)",Iluka Resources Limited,Murray Basin,,Erosional,Placer,Heavy mineral sands,,Murray Basin,Delamerian Orogen
334423,Stratford,Bowens Road North,NSW,151.9747,-32.1161,closed,Cbl,,Coal - black,Yancoal Australia Limited,Gloucester Basin,,,,,,Gloucester Basin,New England Orogen
334425,Lizard (Carnegie),Lady Ida Area Project,WA,120.6933,-30.5543,historic mine,Au,,Gold,"Ora Banda Mining Ltd, Swan Gold Mining Limited","Yilgarn Craton, Eastern Goldfields Province",Archean,Metamorphic hydrothermal,Orogenic,Mesozonal orogenic gold,,,West Australian Element
334426,Yaamba,,QLD,150.301,-23.0786,mineral deposit,"MgO, Mgs",,"Magnesia (magnesium oxide), Magnesite",QMAG Pty Ltd,,,,,,,,New England Orogen
334429,Pinnacles,,QLD,145.1711,-17.7021,mineral deposit,"Sn, Fe, F, Ag, Zn","Fl, Pb","Tin, (Fluorite, Iron, Fluorine, Silver, Zinc, Lead)",DevEx Resources Ltd,"Mossman Orogen, Hodgkinson Province",,Basin hydrothermal,Sediment-hosted,Siliciclastic-mafic zinc-lead,,,Mossman Orogen
334430,Kayuga,Dartbrook,NSW,150.8386,-32.2008,mineral deposit,Cbl,,Coal - black,Anglo Coal Australia Pty Ltd,Sydney Basin,,,,,,Sydney Basin,Eastern Province
334432,Highway (also known as Menzies),Menzies,WA,121.0775,-29.833,mineral deposit,"Ni, Co",,"Nickel, Cobalt",Menzies project,Yilgarn Craton,,,,,,,West Australian Element
334433,Swift - Mount Martin,South Kalgoorlie Operations,WA,121.6786,-31.0187,mineral deposit,Au,,Gold,"Alacer Gold Corporation, Northern Star Resources Limited",Yilgarn Craton,Archean,,,,,,West Australian Element
334434,Siberia Tank,,WA,120.9706,-30.255,mineral deposit,"Ni, Co",,"Nickel, Cobalt","Heron Resources Limited, Impress Energy  Limited",Yilgarn Craton,,,,,,,West Australian Element
334437,Ginkgo,,NSW,142.226,-33.3644,closed,"Zrn, Rt, Ilm, Ti","Leu, HM","Zircon, Rutile, Ilmenite, (Leucoxene, Titanium, Heavy minerals)",Tronox Limited,Murray Basin,,Erosional,Placer,Heavy mineral sands,,Berri Basin,Delamerian Orogen
334438,Tasman,O'Donnell,NSW,151.54,-32.8868,care and maintenance,Cbl,,Coal - black,"Ellemby Resources, Yancoal Australia Limited",Sydney Basin,,,,,,Sydney Basin,Eastern Province
334439,Crayfish,,NSW,142.347,-33.4084,operating mine,"Rt, Zrn, Ilm, Leu",,"Rutile, Zircon, Ilmenite, Leucoxene",Tronox Limited,Murray Basin,,Erosional,Placer,Heavy mineral sands,,Berri Basin,Delamerian Orogen
334441,Mount Thorley,,NSW,151.1086,-32.6374,operating mine,Cbl,,Coal - black,"POSCO, Yancoal Australia Limited, Rio Tinto Limited",Sydney Basin,,,,,,Sydney Basin,Eastern Province
334442,Waihi (Carnegie),Davyhurst Project,WA,120.6351,-30.0394,historic mine,Au,,Gold,"Ora Banda Mining Ltd, Swan Gold Mining Limited",Yilgarn Craton,Archean,,,,,,West Australian Element
334444,Kerrigan,,WA,118.8314,-32.6606,mineral deposit,Kln,,Kaolin,Altech Chemicals Ltd,Yilgarn Craton,,,,,,,West Australian Element
334445,Blair,Golden Ridge,WA,121.7167,-30.9106,historic mine,"Ni, PGE","Co, Cu","Nickel, (Cobalt, Platinum group elements, Copper)","Develop Global Ltd, Private Interest","Yilgarn Craton, Eastern Goldfields Province, Kambalda Nickel Metallogenic Province",Archean,Magmatic,Komatiite,Komatiite nickel-copper-PGE,,,West Australian Element
334448,Second Fortune,Linden Project,WA,122.4358,-29.3761,historic mine,Au,,Gold,Brightstar Resources Ltd,"Yilgarn Craton, Eastern Goldfields Province",Archean,,,,,,West Australian Element
334449,Sandalwood North,,WA,115.8625,-33.1874,historic mine,"Ilm, Zrn, Leu, Rt",,"Ilmenite, Zircon, Leucoxene, Rutile",Cable Sands (WA) Pty Ltd,,,,,,,Mandurah Terrace,Pinjarra Element
334450,Flynn 2,,VIC,146.61,-38.22,mineral deposit,Cbr,,Coal - brown,Department of Primary Industries,Gippsland Basin,Cenozoic,,,,,Selwyn Province,Melbourne-Mathinna Zone
334451,North Dandalup (MZI),,WA,115.9489,-32.5833,mineral deposit,"Ilm, Zrn, Rt, Leu",,"Ilmenite, Zircon, Rutile, Leucoxene",Olympia Resources Limited,,,Erosional,Placer,Heavy mineral sands,,Mandurah Terrace,Pinjarra Orogen
334457,Toweranna,,WA,117.8791,-20.9775,mineral deposit,Au,,Gold,"De Grey Mining Limited, Range River Gold Limited",Pilbara Craton,Archean,,,,Warakurna Large Igneous Province,,Pilbara Craton
334460,Argyle,AK1,WA,128.3839,-16.7116,closed,Dmd,,Diamond - undifferentiated,Rio Tinto Limited,"Halls Creek Orogen, Carr Boyd Basin",Mesoproterozoic,Magmatic,Kimberlite,Kimberlite diamond,Kalkarindji Igneous Province,Revolver Creek Basin,Halls Creek Orogen
334461,Sandstone North,Sandstone Project,WA,119.3031,-27.9287,historic mine,Au,,Gold,Aurumin Limited,"Yilgarn Craton, Southern Cross Province",Archean,,,,,,West Australian Element
334464,Mount Windarra (Poseidon),Windarra,WA,122.233,-28.4852,care and maintenance,"Ni, PGE, Pd, Pt","Cu, Co","Nickel, Platinum group elements, Palladium, Platinum, (Copper, Cobalt)",Poseidon Nickel Limited,"Yilgarn Craton, Eastern Goldfields Province, Windarra Nickel Metallogenic Province",Archean,Magmatic,Komatiite,Komatiite nickel-copper-PGE,,,West Australian Element
334468,Eastern Range (Rio),Paraburdoo Eastern Range,WA,117.6572,-23.241,operating mine,"Fe, FeOre",,"Iron, Iron ore","Rio Tinto Limited, HIsmelt",Hamersley Basin,Archean,,,,Warakurna Large Igneous Province,Hamersley Basin,Pilbara Craton
334469,Andover,"Carlow Castle, Mt Hall",WA,117.0806,-20.8501,mineral deposit,"Ti, V",,"Titanium, Vanadium",Australasian Resources Ltd,"Pilbara Craton, Andover Nickel Province",Archean,Magmatic,Ultramafic and (or) mafic-layered intrusion,U-M layered intrusion nickel-copper-PGE,Warakurna Large Igneous Province,,Pilbara Craton
334470,Tallering Peak (Mount Gibson),"T1, T3, T4, T5, T6",WA,115.622,-28.1113,closed,FeOre,Fe,"Iron ore, (Iron)",Mt Gibson Ltd,"Yilgarn Craton, Murchison Domain",Archean,,,,Warakurna Large Igneous Province,,West Australian Element
334471,Great Pyramid,,TAS,148.1921,-41.421,historic mine,Sn,,Tin,TinOne Resources Ltd,Lachlan Orogen,,Magmatic hydrothermal,Vein,Vein tin polymetallic,,,Melbourne-Mathinna Zone
334472,Wodgina,"Mt Cassiterite, Mt Francisco, Strelley",WA,118.6764,-21.1746,operating mine,"Li2O, Ta2O5, SnO2, Nb, GS, Ta, Li, Sn",,"Lithium oxide, Tantalum pentoxide, Tin oxide/cassiterite, Niobium, Gemstones, Tantalum, Lithium, Tin","Mineral Resources, Albemarle Corporation",Pilbara Craton,Archean,Magmatic,Pegmatite,LCT pegmatite,Warakurna Large Igneous Province,,Pilbara Craton
334476,The Granites,"Bullakitchie, Bunkers Hill, Ivy, Quorn, Shoe, Tanami Project",NT,130.31,-20.5372,mineral deposit,Au,,Gold,Newmont Mining Corporation,"Tanami Orogen, Callie, The Granites-Tanami Block",Paleoproterozoic,Metamorphic hydrothermal,Orogenic,Hypozonal orogenic gold,Kalkarindji Igneous Province,,Tanami Orogen
334478,Silver Spur,Twin Hills Project,QLD,151.2735,-28.8637,historic mine,"Zn, Ag, Au, Cu, Pb",,"Zinc, Silver, Gold, Copper, Lead","Alcyone Resources Limited, Thomson Resources Ltd","New England Orogen, Woolomin Province",,Magmatic hydrothermal,Epithermal,Low-sulfidation (LS) epithermal gold-silver,,,New England Orogen
334482,Tallebung,Mt Tallebung,NSW,146.5807,-32.7381,historic mine,"Sn, WO3",,"Tin, Tungsten trioxide (wolframite)",Sky Metals Ltd,"Lachlan Orogen, Lachlan Orogen",Cenozoic,Magmatic hydrothermal,Vein,Vein tin polymetallic,,,Central NSW - Omeo Province
334483,Ardmore,,QLD,139.17,-21.647,operating mine,Phos,"P2O5, P","Phosphate, (Phosphorus oxide, Phosphorus)",Centrex Metals Limited,Georgina Basin,,Basin chemical,Phosphorite,Phosphorite,,,North Australian Element
334492,East Wintinna,,SA,135.1,-27.8304,mineral deposit,Cbl,,Coal - black,"Altona Energy Plc, SAPEX Ltd",Arckaringa Basin,,,,,,Arckaringa Basin,South Australian Element
334493,Silver Swan (Poseidon Nickel),includes Cygnet,WA,121.643,-30.3907,historic mine,Ni,,Nickel,"Norilsk Nickel, Poseidon Nickel Limited","Yilgarn Craton, Kambalda Nickel Metallogenic Province",Archean,,,,,,West Australian Element
334495,Erlistoun,Duketon Gold Project,WA,122.339,-27.9704,operating mine,Au,,Gold,Regis Resources Limited,"Yilgarn Craton, Eastern Goldfields Province",Archean,,,,,,West Australian Element
334498,Yam Creek,,NT,131.5493,-13.4937,mineral deposit,Au,,Gold,Northern Gold,Pine Creek Orogen,,,,,,,Pine Creek Orogen
334499,Starlight - Fortnum,Grosvenor Gold Project,WA,118.3585,-25.3219,operating mine,Au,,Gold,"Westgold Resources Limited, Resource and Investment NL",Yilgarn Craton,Archean,,,,Warakurna Large Igneous Province,Bryah Basin,West Australian Element
334501,Vulcan,,QLD,140.5488,-21.0491,mineral deposit,"Cu, Co",,"Copper, Cobalt",Fetch Metals,Mount Isa Orogen,Proterozoic,,,,,,Marimo-Staveley Domain
334504,Kapok,,WA,126.0073,-18.7291,historic mine,"Zn, Pb",,"Zinc, Lead","Meridian Minerals Ltd, Teck Cominco Ltd",Lennard Shelf,Paleozoic,Basin hydrothermal,Mississippi Valley-type (MVT),MVT zinc-lead,Kalkarindji Igneous Province,Canning Basin,King Leopold Orogen
334505,Curragh,includes Curragh West,QLD,148.8541,-23.4662,operating mine,Cbl,,Coal - black,Coronado Global Resources,Bowen Basin,,,,,,Bowen Basin,Anakie Province
334506,Lady Gladys,Mulline Project,WA,120.5031,-29.8354,historic mine,Au,,Gold,"Ora Banda Mining Ltd, Swan Gold Mining Limited",Yilgarn Craton,Archean,Metamorphic hydrothermal,Orogenic,Mesozonal orogenic gold,,,West Australian Element
334509,Bombay - Dalgaringa,Dalgaranga Gold Project,WA,117.3056,-27.8284,mineral deposit,Au,,Gold,Gascoyne Resources Limited,Yilgarn Craton,Archean,,,,,Moore-Monger Paleovalley,West Australian Element
334512,Glen Arden,Wandoan,QLD,148.8664,-25.9023,mineral deposit,Cbl,,Coal - black,Glencore Plc,Surat Basin,Mesozoic,,,,,Surat Basin,Thomson Orogen
334515,Lancefield Deeps,Lancefield Project,WA,122.3845,-28.5567,mineral deposit,Au,,Gold,Focus Minerals Limited,Yilgarn Craton,Archean,,,,,,West Australian Element
334516,Churchill,,VIC,146.42,-38.317,mineral deposit,Cbr,,Coal - brown,Department of Primary Industries,Gippsland Basin,Cenozoic,,,,,Selwyn Province,Melbourne-Mathinna Zone
334521,Pitman South,Binduli Project,WA,121.4041,-30.8201,mineral deposit,Au,,Gold,"Zijin Mining Group Company Ltd, Norton Gold Fields Limited",Yilgarn Craton,Archean,,,,,,West Australian Element
334523,Young Nickel (Jervois Mining),Nico Young,NSW,148.0667,-34.1167,mineral deposit,"Ni, Mg, Al","Co, Fe","Nickel, Magnesium, Aluminium, (Cobalt, Iron)",Legacy Minerals Limited,Lachlan Orogen,Cenozoic,,,,,,Eastern Province
334525,Drake,East Kundana JV,WA,121.2617,-30.7304,mineral deposit,Au,,Gold,"Rand Mining Limited, Tribune Resources Limited, Northern Star Resources Limited, Barrick Gold Corporation",Yilgarn Craton,Archean,,,,,Roe Paleovalley,West Australian Element
334531,Chariot,Tennant Creek Mineral Field,NT,134.0969,-19.654,historic mine,Au,,Gold,Emmerson Resources Limited,Warramunga Province,Proterozoic,Regional metasomatic,Metasomatic iron,Iron oxide gold,Kalkarindji Igneous Province,Warramunga Province,North Australian Element
334532,Tomingley,"Tomingley, Tomingley Gold Project",NSW,148.2067,-32.5848,operating mine,Au,,Gold,Alkane Resources Limited,Lachlan Orogen,Paleozoic,,,,,,Eastern Province
334534,Macey Hill,,WA,121.7552,-28.9881,mineral deposit,"Ni, Co",,"Nickel, Cobalt",GME Resources Limited,"Yilgarn Craton, Eastern Goldfields Province",Cenozoic,,,,,,West Australian Element
334535,Teddy Bear,,WA,119.6081,-32.1123,historic mine,Au,,Gold,Convergent Minerals Limited,Yilgarn Craton,,,,,,,West Australian Element
334536,Emily,,QLD,145.1922,-16.9899,mineral deposit,Au,,Gold,Republic Gold Ltd.,Mossman Orogen,,,,,,,Mossman Orogen
334537,Long,,WA,121.6775,-31.1785,operating mine,"Ni, Co","Cu, PGE","Nickel, (Copper, Cobalt, Platinum group elements)",MIncor Resources NL,"Yilgarn Craton, Eastern Goldfields Province",Archean,Magmatic,Komatiite,Komatiite nickel-copper-PGE,,,West Australian Element
334539,Hassell Beach,,WA,118.416,-34.7737,mineral deposit,"Zrn, Ilm",Rt,"Zircon, Ilmenite, (Rutile)",Tronox Limited,,,Erosional,Placer,Heavy mineral sands,,Bremer Paleovalley,Nornalup Zone
334540,Three Mile Hill Project,Three Mile Hill Project,WA,121.1984,-30.927,historic mine,Au,,Gold,Focus Minerals Limited,"Yilgarn Craton, Kalgoorlie Gold Metallogenic Province",Archean,Metamorphic hydrothermal,Orogenic,Mesozonal orogenic gold,,,West Australian Element
334541,Coyote,Western Tanami Project,WA,128.8319,-19.8989,care and maintenance,Au,,Gold,Black Cat Syndicate ltd,Tanami Orogen,Proterozoic,Metamorphic hydrothermal,Orogenic,Mesozonal orogenic gold,Kalkarindji Igneous Province,,Tanami Orogen
334542,Stormont,,TAS,146.037,-41.4978,mineral deposit,Au,"Ag, Bi","Gold, (Silver, Bismuth)","Frontier Resources Limited, Torque Mining Limited, BCD Resources NL",Delamerian Orogen,,Magmatic hydrothermal,Skarn,Skarn gold ± copper ± tungsten,,Thylacine Province,Delamerian Orogen
334544,Keysbrook,,WA,115.9419,-32.4573,operating mine,"Ilm, Zrn, Leu, Rt, Ti",,"Ilmenite, Zircon, Leucoxene, Rutile, Titanium",Doral Mineral Sands Pty Ltd,Perth Basin,,Erosional,Placer,Heavy mineral sands,,Mandurah Terrace,Pinjarra Orogen
334545,Dry River South,,QLD,144.689,-18.7904,mineral deposit,"Zn, Pb, Cu","Ag, Au","Zinc, Lead, Copper, (Silver, Gold)",Consolidated Tin Mines,"Balcooma Base Metal Metallogenic Province, Georgetown Block, Greenvale Province, Balcooma Subprovince",,Volcanic basin hydrothermal,Volcanogenic massive sulfide (VMS),Bimodal felsic VMS,,,Thomson Orogen
334548,Golden Crown,Kimberley Project,WA,127.8458,-18.3237,mineral deposit,Au,,Gold,"Win Metals, Meteoric Resources NL",,Proterozoic,,,,Kalkarindji Igneous Province,,Halls Creek Orogen
334549,Vivien,Vivien Project Agnew,WA,120.5685,-27.9765,operating mine,Au,,Gold,Gorilla Gold Mines Limited,Yilgarn Craton,Archean,,,,,,West Australian Element
334550,Prospect Ridge Magnesite,Arthur River,TAS,145.45,-41.177,mineral deposit,"Mgs, MgO",,"Magnesite, Magnesia (magnesium oxide)","Dynamic Metals Ltd, GWR Group Ltd",Rocky Cape Block,Neoproterozoic,,,,,Thylacine Province,Delamerian Orogen
334551,Fortnum - 2003 (Perilya),"Callies, Treus, Yarlarweelor",WA,118.3544,-25.3202,historic mine,Au,,Gold,Perilya Limited,Bryah Basin,Proterozoic,,,,Warakurna Large Igneous Province,Bryah Basin,West Australian Element
334552,Frasers,Southern Cross Operations,WA,119.3312,-31.237,care and maintenance,Au,,Gold,"Shandong Tianye Real Estate, China Hanking Holdings Limited","Yilgarn Craton, Bounty Gold Metallogenic Province, Southern Cross Province",Archean,Metamorphic hydrothermal,Orogenic,Mesozonal orogenic gold,,Deborah Paleovalley,West Australian Element
334553,Morgans North,Mount Morgans Gold Project,WA,122.0615,-28.7576,mineral deposit,Au,,Gold,Dacian Gold Limited,"Yilgarn Craton, Eastern Goldfields Province",Archean,,,,,,West Australian Element
334555,"Peak Hill (Cu, Au)",,NSW,148.1971,-32.7214,historic mine,"Au, Cu",,"Gold, Copper",Alkane Resources Limited,"Lachlan Orogen, Lachlan Orogen, Macquarie Igneous Province, Junee - Narromine Igneous Subprovince",,Metamorphic hydrothermal,Orogenic,Orogenic copper ± gold,,,Eastern Province
334557,Kintore,Kunanalling Project; Cement Leases,WA,121.0303,-30.6017,historic mine,Au,,Gold,Phoenix Gold Limited,"Yilgarn Craton, Kalgoorlie Gold Metallogenic Province, Norseman-Wiluna Belt",Archean,,,,,,West Australian Element
334559,Windimurra (Atlantic),Wagoo Hills,WA,118.53,-28.2916,care and maintenance,"V, Fe, Rt, Ti, V2O5, PGE, Cr",FeOre,"Vanadium, Iron, Rutile, Titanium, Vanadium pentoxide, Platinum group elements, Chromium, (Iron ore)",Atlantic Limited,"Yilgarn Craton, Southern Cross Province, Windimurra Vanadium Metallogenic Province",Archean,Magmatic,Ultramafic and (or) mafic-layered intrusion,U-M layered intrusion iron-titanium-vanadium,,,West Australian Element
334562,Mount Arthur South,,NSW,150.8504,-32.4074,mineral deposit,Cbl,,Coal - black,Caltex,Sydney Basin,,,,,,Sydney Basin,Eastern Province
334568,Sulphur Springs,"Panorama Project, Pilbara Copper-Zinc Project",WA,119.2055,-21.147,feasibility,"Cu, Zn, Pb","Ag, Au","Copper, Zinc, (Silver, Lead, Gold)",Develop Global Ltd,"Pilbara Craton, Sulphur Springs Base Metal Metallogenic Province",Archean,Volcanic basin hydrothermal,Volcanogenic massive sulfide (VMS),Bimodal-mafic VMS,Warakurna Large Igneous Province,,Pilbara Craton
334569,Big Rush,"Big Rush Group, Golden Ant Project",QLD,144.7585,-19.4096,historic mine,Au,,Gold,Great Northern Minerals Limited,"Lachlan Orogen, Camel Creek Metallogenic Province",Paleozoic,,,,,,Mossman Orogen
334572,Horseshoe Lights Mine,Horseshoe Lights Project,WA,118.6213,-25.3617,mineral deposit,Cu,"Au, Ag","Copper, (Gold, Silver)",Horseshoe Metals Limited,"Yilgarn Craton, Bryah Basin",Proterozoic,Volcanic basin hydrothermal,Volcanogenic massive sulfide (VMS),Bimodal-mafic VMS,Warakurna Large Igneous Province,Bryah Basin,West Australian Element
334573,Carlinga Well,,WA,115.8943,-28.0102,mineral deposit,Au,,Gold,Atlas Iron Ltd,Yilgarn Craton,,,,,Warakurna Large Igneous Province,,West Australian Element
334574,Brunswick,"Brunswick Open Pit, Brunswick Shaft, Brunswick South, Costerfield Project",VIC,144.7912,-36.8869,historic mine,"Au, Sb",,"Gold, Antimony",Mandalay Resources Corporation,Lachlan Orogen,,,,,,Selwyn Province,Melbourne-Mathinna Zone
334576,Walsh,Binduli Project,WA,121.398,-30.8101,mineral deposit,Au,,Gold,"Zijin Mining Group Company Ltd, Norton Gold Fields Limited","Yilgarn Craton, Eastern Goldfields Province",Archean,,,,,,West Australian Element
334577,Jubilee Plunger,,QLD,143.6951,-18.8395,mineral deposit,Au,,Gold,Savannah Goldfields Limited,"Etheridge Province, Pama Igneous Province",,Metamorphic hydrothermal,Orogenic,Mesozonal orogenic gold,,Etheridge Province,North Australian Element
334578,Penny West,,WA,118.8079,-28.8512,mineral deposit,Au,,Gold,Ramelius Resources Limited,Yilgarn Craton,,,,,,,West Australian Element
334580,Awaba,Awaba State,NSW,151.5492,-33.0264,closed,Cbl,,Coal - black,"Banpu Public Company Limited, Centennial Coal Co Ltd",Sydney Basin,,,,,,Sydney Basin,Eastern Province
335558,Scotia,,WA,121.7923,-32.4679,mineral deposit,Au,,Gold,,"Yilgarn Craton, Kalgoorlie Gold Metallogenic Province, Norseman-Wiluna Belt",Archean,,,,,,Northern Foreland
467220,Aubils,Yerilla,WA,121.8736,-29.2541,mineral deposit,"Co, Ni",,"Cobalt, Nickel",,Yilgarn Craton,,,,,,,West Australian Element
333439,Zakanaka,,WA,118.9017,-21.0893,mineral deposit,Au,,Gold,,Pilbara Craton,,Metamorphic hydrothermal,Orogenic,Mesozonal orogenic gold,Warakurna Large Igneous Province,,Pilbara Craton
334543,Ora Banda,Also known as Siberia (WMC) ( Deposit no 2459),WA,120.9966,-30.2363,mineral deposit,"Ni, Co, Au",,"Nickel, Cobalt, Gold",,"Yilgarn Craton, Eastern Goldfields Province, Norseman-Wiluna Belt",Cenozoic,Metamorphic hydrothermal,Orogenic,Mesozonal orogenic gold,,,West Australian Element
334312,Blinman,,SA,138.8456,-31.0894,historic mine,Mn,MnOre,"Manganese, (Manganese ore)",,Delamerian Orogen,,,,,,Arrowie Basin,South Australian Element
334008,Comanche,,WA,121.3992,-30.8439,mineral deposit,Au,,Gold,,Yilgarn Craton,,,,,,,West Australian Element
455987,Union,,QLD,143.7629,-18.9932,historic mine,Au,,Gold,,,,,,,,Etheridge Province,North Australian Element
335046,Malcolm Creek,,SA,138.8347,-34.7456,mineral deposit,Fe,,Iron,,Delamerian Orogen,,,,,,,South Australian Element
529427,Black Snake,,NT,134.3324,-19.6783,mineral deposit,Au,,Gold,,Warramunga Province,,unknown,unknown,unknown,Kalkarindji Igneous Province,Warramunga Province,North Australian Element
333782,Paris,,WA,121.9748,-31.5861,historic mine,"Ag, Pb","Cu, Au","Silver, Lead, (Copper, Gold)",,"Yilgarn Craton, Eastern Goldfields Province, Kalgoorlie Gold Metallogenic Province",Archean,,,,,,West Australian Element
334288,Jarrahdale,,WA,116.074,-32.2716,historic mine,"Bx, Al2O3",,"Bauxite, Alumina",,"Yilgarn Craton, Southwest Terrane, Western Gneiss Terrane",Cenozoic,Supergene,Laterite,Bauxite,,,West Australian Element
334452,Scotia - Broad Arrow,,WA,121.2741,-30.1989,historic mine,"Co, Ni",,"Cobalt, Nickel",,"Yilgarn Craton, Eastern Goldfields Province, Kambalda Nickel Metallogenic Province",Archean,Magmatic,Komatiite,Komatiite nickel-copper-PGE,,,West Australian Element
334060,New North Clunes,,VIC,143.7866,-37.2501,historic mine,Au,,Gold,,Lachlan Orogen,Paleozoic,,,,,,Bendigo Zone
627207,Zorb Fe,,WA,116.965,-22.4911,mineral deposit,"Fe, FeOre",,"Iron, Iron ore",,,,,,,Warakurna Large Igneous Province,Hamersley Basin,Pilbara Craton
334116,Caledonia,,QLD,148.8677,-23.4454,mineral deposit,Cbl,,Coal - black,,Bowen Basin,,,,,,Bowen Basin,Anakie Province
334404,Chunderloo,,WA,118.3657,-26.7069,mineral deposit,"Cu, Au",,"Copper, Gold",,"Yilgarn Craton, Murchison Province",Archean,,,,Warakurna Large Igneous Province,,West Australian Element
335644,Balcanoona,,SA,139.3,-30.5271,mineral deposit,"Mgs, MgO",,"Magnesite, Magnesia (magnesium oxide)",,Delamerian Orogen,Neoproterozoic,,,,,,Curnamona Province
335346,Ocean Beach (IA),,TAS,145.2704,-42.1376,mineral deposit,"Rt, Zrn, Ilm",,"Rutile, Zircon, Ilmenite",,,,,,,,Thylacine Province,Delamerian Orogen
333389,Spargoville (KalNorth),Spargos Reward,WA,121.466,-31.2304,historic mine,Au,,Gold,,"Yilgarn Craton, Kalgoorlie Gold Metallogenic Province",Archean,,,,,,West Australian Element
334387,Mount O'Connor,Mt O'Connor,QLD,138.3112,-18.6506,mineral deposit,"Phos, P, P2O5",,"Phosphate, Phosphorus, Phosphorus oxide",,Georgina Basin,,Basin chemical,Phosphorite,Phosphorite,Kalkarindji Igneous Province,Georgina Basin,Camooweal-Murphy Domain
558359,Billeroo Uranium,,SA,139.9082,-31.9346,mineral deposit,"U, U3O8",,"Uranium, Uranium oxide",,Curnamona Province,,,,,,,Curnamona Province
513047,Bollard,Tuckanarra Project,WA,118.0985,-27.1098,historic mine,Au,,Gold,,Yilgarn Craton,Archean,,,,Warakurna Large Igneous Province,,West Australian Element
335131,Vulcan,,QLD,145.1962,-17.4238,historic mine,Sn,,Tin,,Hodgkinson Province,,Magmatic hydrothermal,Vein,Vein tin,,,Mossman Orogen
335627,Busselton Blum,,WA,115.3766,-33.665,historic mine,"Ilm, Zrn, Leu, Rt",,"Ilmenite, Zircon, Leucoxene, Rutile",,,,,,,,Bunbury Trough,Pinjarra Orogen
335999,Magpie,,QLD,140.422,-20.73,historic mine,"Zn, Cu, Au, Ag, Pb",,"Zinc, Copper, Gold, Silver, Lead",,"Mount Isa Orogen, Quamby-Malbon Zone",Proterozoic,,,,,,Mitakoodi Domain
333973,Gundagai,,NSW,148.116,-35.0629,historic mine,Au,,Gold,,"Lachlan Orogen, Lachlan Orogen, Nerrigundah",,,,,,,Eastern Province
568113,Theseus,,WA,128.6514,-22.7131,mineral deposit,"U, U3O8",,"Uranium, Uranium oxide",,,,,,,,Amadeus Basin,Aileron Province
333332,Canyon,,NSW,150.2764,-33.5361,closed,Cbl,,Coal - black,,Sydney Basin,,,,,,Sydney Basin,Eastern Province
335880,Tingha (Hannams),,NSW,151.2011,-29.9783,historic mine,Sn,,Tin,,New England Orogen,,,,,,,New England Orogen
336192,Block Creek,,QLD,150.1011,-22.6984,mineral deposit,Osh,,Oil shale,,,,,,,,,New England Orogen
333881,Hopes Hill,"Corinthia, Southern Cross",WA,119.4362,-31.3537,historic mine,Au,,Gold,,"Yilgarn Craton, Bounty Gold Metallogenic Province, Southern Cross Province",Archean,,,,,,West Australian Element
334342,Lake Ned,,WA,119.7468,-32.4585,mineral deposit,Au,,Gold,,Yilgarn Craton,,,,,,,West Australian Element
335388,Hoskins,,NSW,148.1249,-33.8962,historic mine,Mn,,Manganese,,"Lachlan Orogen, Lachlan Orogen",,,,,,,Eastern Province
335005,Cowell,,SA,136.9378,-33.4798,operating mine,Jade,,Jade,,Gawler Craton,Proterozoic,,,,,,South Australian Element
334315,Skull Springs,,WA,120.9847,-21.8626,historic mine,Mn,MnOre,"Manganese, (Manganese ore)",,,,,,,Warakurna Large Igneous Province,Davis Paleovalley,Pilbara Craton
547724,Buckland Hills,,WA,119.3151,-22.7328,under development,"Fe, FeOre",,"Iron, Iron ore",,Pilbara Craton,,,,,Warakurna Large Igneous Province,Hamersley Basin,Pilbara Craton
333563,A248,now included with Appin,NSW,150.76,-34.1169,mineral deposit,Cbl,,Coal - black,,Sydney Basin,,,,,,Sydney Basin,Eastern Province
467252,Twin,,NT,132.025,-13.5764,mineral deposit,"U3O8, U",,"Uranium oxide, Uranium",,Pine Creek Orogen,Proterozoic,,,,,,Pine Creek Orogen
334314,Torrington,,NSW,151.6511,-29.2619,mineral deposit,"F, Toz",,"Fluorine, Topaz",,New England Orogen,,unknown,unknown,unknown,,,New England Orogen
334327,Ewan,,QLD,145.7841,-19.1785,historic mine,Sn,,Tin,,,,,,,,,Charters Towers Province
334463,Dittmer,,QLD,148.4,-20.4469,historic mine,Au,,Gold,,New England Orogen,,,,,,,Connors-Auburn Province
574043,Bilanoo (China First Iron Ore),,WA,116.1597,-21.3639,mineral deposit,"FeOre, Fe",,"Iron ore, Iron",,,,,,,Warakurna Large Igneous Province,Hamersley Basin,Pilbara Craton
887517,Stockpiles,,,120.0997,-23.7646,mineral deposit,Au,,Gold,,,,,,,Kalkarindji Igneous Province,Collier Basin,Pilbara Craton
333897,Mount Frosty,,QLD,139.9222,-20.7786,historic mine,Cu,,Copper,,"Mount Isa Orogen, Kalkadoon-Leichhardt Belt",Proterozoic,,,,,,Mary Kathleen Domain
557735,Grice (Simto),,WA,115.4139,-33.6705,mineral deposit,"Ilm, Zrn","Rt, Leu","Ilmenite, Zircon, (Rutile, Leucoxene)",,,,Erosional,Placer,Heavy mineral sands,,Bunbury Trough,Pinjarra Orogen
870366,Swagman,,,139.0452,-19.7731,mineral deposit,Cu,,Copper,,,,,,,,,Mount Isa Orogen
334485,Bobby Rod,,QLD,140.0402,-20.9656,historic mine,Cu,,Copper,,"Mount Isa Orogen, Quamby-Malbon Zone",Proterozoic,,,,,,Mitakoodi Domain
334556,Princess May,,WA,121.054,-29.7472,historic mine,Au,,Gold,,"Yilgarn Craton, Kalgoorlie Gold Metallogenic Province, Norseman-Wiluna Belt",Archean,,,,,,West Australian Element
449181,Viola,,WA,121.8217,-29.4821,mineral deposit,Au,,Gold,,Yilgarn Craton,,,,,,,West Australian Element
334214,Iron Island,,QLD,150.1677,-21.9787,mineral deposit,"FeOre, Fe",,"Iron ore, Iron",,New England Orogen,,,,,,,New England Orogen
335391,Munga Creek,,NSW,152.6831,-30.9334,historic mine,Sb,,Antimony,,New England Orogen,,,,,,,New England Orogen
335015,Egerton Goldfield,Gordon,VIC,144.2973,-37.4534,historic mine,Au,,Gold,,"Lachlan Orogen, Lachlan Orogen, Bendigo Gold Metallogenic Province, Bendigo Zone",,Metamorphic hydrothermal,Orogenic,Mesozonal orogenic gold,,,Bendigo Zone
516433,Chakola,,NSW,149.1864,-36.1015,historic mine,"Zn, Cu, Ag, Au, Pb",,"Zinc, Copper, Silver, Gold, Lead",,Lachlan Orogen,,,,,,,Eastern Province
526257,Anketell,,WA,118.7202,-28.0138,mineral deposit,"U, U3O8",,"Uranium, Uranium oxide",,,,,,,,Austin Paleovalley,West Australian Element
362742,East Cooee,,WA,121.7889,-31.3444,mineral deposit,"Ni, Co",,"Nickel, Cobalt",,Yilgarn Craton,,,,,,,West Australian Element
333724,Copeton,,NSW,151.0344,-29.9119,mineral deposit,"Dmd, Dmdi, Dmdg",,"Diamond - undifferentiated, Diamond - industrial, Diamond - gem and cheap gem",,,,,,,,,New England Orogen
335827,Blind Pew,,NSW,142.6757,-33.7111,mineral deposit,"Rt, Ilm, Zrn, Leu",,"Rutile, Ilmenite, Zircon, Leucoxene",,Murray Basin,,Erosional,Placer,Heavy mineral sands,,Murray Basin,Stawell Zone
550573,Balladonia West,,WA,122.5765,-32.096,mineral deposit,Cbr,,Coal - brown,,Eucla Basin,,,,,,Lefroy Paleovalley,Northern Foreland
333538,Surveyors Creek,,VIC,148.0552,-36.4404,historic mine,"SnO2, Sn",,"Tin oxide/cassiterite, Tin",,Lachlan Orogen,,,,,,,Central NSW - Omeo Province
333399,Gilmore,Woepen,QLD,144.9277,-17.5319,historic mine,Sn,,Tin,,Hodgkinson Province,,,,,,,Mossman Orogen
334462,Black Rock,,QLD,139.4782,-20.7216,historic mine,Cu,,Copper,,"Mount Isa Orogen, Leichhardt River Fault Trough",Proterozoic,Metamorphic hydrothermal,Orogenic,Orogenic copper ± gold,,,Leichhardt River Domain
861600,Bowerbird,,,119.9602,-26.7118,mineral deposit,Au,,Gold,,,,,,,,,West Australian Element
449179,Yerilla Central,,WA,121.8206,-29.4828,mineral deposit,Au,,Gold,,Yilgarn Craton,,,,,,,West Australian Element
467789,Varischetti,,WA,121.2397,-30.5446,historic mine,Au,,Gold,,Yilgarn Craton,,,,,,Roe Paleovalley,West Australian Element
335798,Tarawi South,,NSW,141.1843,-33.4737,mineral deposit,"Zrn, Rt","Ilm, Leu","Zircon, Rutile, (Ilmenite, Leucoxene)",,Murray Basin,,Erosional,Placer,Heavy mineral sands,,Berri Basin,Delamerian Orogen
570031,Yamba,,NSW,153.3629,-29.4336,mineral deposit,"Mnsd, Ilm, Leu, Zrn, Rt",,"Mineral sands, Ilmenite, Leucoxene, Zircon, Rutile",,,,,,,,Clarence-Moreton Basin,New England Orogen
574040,China First Iron Ore (Resourcehouse),,WA,116.1521,-21.0145,mineral deposit,"FeOre, Fe",,"Iron ore, Iron",,,,,,,Warakurna Large Igneous Province,Hamersley Basin,West Australian Element
334360,Lady Ella,,QLD,140.4801,-21.5767,mineral deposit,"Au, Cu",,"Gold, Copper",,Mount Isa Orogen,Proterozoic,Regional metasomatic,IOCG,,,,Kuridala-Selwyn Domain
336048,Warwick Castle,,QLD,139.8962,-19.9036,historic mine,"Au, Cu",,"Gold, Copper",,"Mount Isa Orogen, Kalkadoon-Leichhardt Belt",Proterozoic,,,,,,Kalkadoon-Leichhardt Domain
430643,Wonthaggi,,VIC,145.589,-38.609,historic mine,Cbl,,Coal - black,,Gippsland Basin,,,,,,Selwyn Province,Melbourne-Mathinna Zone
336148,Dome Rock,,SA,140.5782,-31.8956,mineral deposit,Cu,,Copper,,Curnamona Province,Proterozoic,,,,,,Curnamona Province
464621,Mount Carnage,Black Range,WA,120.9607,-30.356,mineral deposit,"Co, Ni",,"Cobalt, Nickel",,Yilgarn Craton,,,,,,,West Australian Element
335045,Port Macquarie,,NSW,152.9177,-31.4452,mineral deposit,Fe,,Iron,,New England Orogen,,,,,,,New England Orogen
518035,Telegraph Line,,WA,121.7903,-32.3476,mineral deposit,Au,,Gold,,Yilgarn Craton,,,,,,Eucla Basin,West Australian Element
333313,Even Steven,,QLD,140.0142,-20.9006,historic mine,Cu,,Copper,,"Mount Isa Orogen, Mary Kathleen Zone",Proterozoic,,,,,,Mary Kathleen Domain
336183,Perponda,,SA,139.9477,-35.0536,mineral deposit,"Zrn, Ilm, Rt",,"Zircon, Ilmenite, Rutile",,Murray Basin,,,,,,Murray Basin,Delamerian Orogen
336265,Jerrara Creek,,NSW,149.9003,-34.8062,mineral deposit,Fe,,Iron,,Lachlan Orogen,,,,,,,Eastern Province
334697,Paddy's West,,WA,118.3667,-27.1025,mineral deposit,Au,,Gold,,Yilgarn Craton,,,,,Warakurna Large Igneous Province,,West Australian Element
335895,Spring Mountain,,QLD,152.8632,-27.6886,closed,Cbl,,Coal - black,,Ipswich Basin,Mesozoic,,,,,Clarence-Moreton Basin,New England Orogen
334904,Lone Tree,Katanning Project,WA,117.902,-33.5374,mineral deposit,Au,,Gold,,Yilgarn Craton,Archean,,,,,,West Australian Element
335213,Pambula,"Panbula, Yowaka",NSW,149.8295,-36.9484,historic mine,Au,,Gold,,"Lachlan Orogen, Lachlan Orogen, Flinders Igneous Province, Lambie Basin, Pambula Metallogenic Province, Eden-Comerong-Yalwal Rift",,Magmatic hydrothermal,Epithermal,Low-sulfidation (LS) epithermal gold-silver,,,Mallacoota Zone
333528,Willets Knob,,QLD,145.8511,-19.0955,mineral deposit,Fe,,Iron,,,,,,,,,Charters Towers Province
334785,Perseverance (Woolgar),,QLD,143.364,-19.7,mineral deposit,Au,,Gold,,,,,,,,Etheridge Province,North Australian Element
333845,Stuart Town,,NSW,149.0859,-32.8052,historic mine,Au,,Gold,,"Lachlan Orogen, Lachlan Orogen, Hill End, Hill End Trough",Paleozoic,Metamorphic hydrothermal,Orogenic,Mesozonal orogenic gold,,,Eastern Province
807134,Reedy South,,WA,118.264,-27.148,mineral deposit,Au,,Gold,,,,,,,Warakurna Large Igneous Province,,West Australian Element
335145,Mount Remarkable,,QLD,139.8935,-20.2535,historic mine,Cu,,Copper,,"Mount Isa Orogen, Kalkadoon-Leichhardt Belt",Proterozoic,,,,,,Mary Kathleen Domain
334716,Ajax,,VIC,144.1294,-37.3337,historic mine,Au,,Gold,,Lachlan Orogen,Paleozoic,,,,,,Bendigo Zone
529229,Davies,,NT,131.5653,-13.5629,historic mine,Au,,Gold,,Pine Creek Orogen,,Metamorphic hydrothermal,Orogenic,Mesozonal orogenic gold,,,Pine Creek Orogen
364032,Tutunup South/Bemax,Tutunup (Bemax),WA,115.5235,-33.7117,historic mine,"Mnz, Rt, Leu, Zrn, Ilm",,"Monazite, Rutile, Leucoxene, Zircon, Ilmenite",,,,,,,,Bunbury Trough,Pinjarra Orogen
335409,Mount Emu,,QLD,144.4371,-17.7998,mineral deposit,"Au, Ag, Pb, Zn",,"Gold, Silver, Lead, Zinc",,,Paleozoic,,,,,Etheridge Province,Tasman Element
334359,Natone,,TAS,145.9565,-41.1306,mineral deposit,Fe,,Iron,,Delamerian Orogen,,,,,,Thylacine Province,Delamerian Orogen
335489,Carapooee,,VIC,143.293,-36.7052,mineral deposit,Au,,Gold,,Lachlan Orogen,,,,,,,Stawell Zone
333610,Bow River,,WA,128.5805,-16.6372,historic mine,"Dmd, Dmdi, Dmdg",,"Diamond - undifferentiated, Diamond - industrial, Diamond - gem and cheap gem",,Halls Creek Orogen,Cenozoic,,,,Kalkarindji Igneous Province,Ord Basin,Halls Creek Orogen
336003,Ajax North,,VIC,144.1285,-37.3306,historic mine,Au,,Gold,,Lachlan Orogen,Paleozoic,,,,,,Bendigo Zone
334786,Trelawney,,NSW,142.7208,-33.652,mineral deposit,"Zrn, Rt, Ilm, Leu",,"Zircon, Rutile, Ilmenite, Leucoxene",,Murray Basin,,Erosional,Placer,Heavy mineral sands,,Murray Basin,Stawell Zone
644986,Paraburdoo-Western Range (Rio Tinto),,WA,117.561,-23.225,operating mine,FeOre,"Hem, Fe","Iron ore, (Hematite, Iron)",,,,,,,Warakurna Large Igneous Province,Hamersley Basin,Pilbara Craton
335639,Sundance,,NT,131.0545,-13.0522,mineral deposit,Au,,Gold,,Pine Creek Orogen,Proterozoic,,,,,,Pine Creek Orogen
333286,Bethanga,,VIC,147.0913,-36.1154,historic mine,"Au, Cu",,"Gold, Copper",,"Lachlan Orogen, Lachlan Orogen, Adelong Gold Metallogenic Province",,,,,,,Central NSW - Omeo Province
334295,Cumberland,,QLD,143.3541,-18.2895,historic mine,Au,,Gold,,"Etheridge Gold Metallogenic Province, Etheridge Province, Georgetown Block",Paleozoic,Magmatic hydrothermal,Intrusion-related,,,Etheridge Province,North Australian Element
335495,Mount Lucy,,QLD,144.6392,-17.3462,mineral deposit,Fe,,Iron,,Mossman Orogen,,,,,,,Mossman Orogen
334696,Eva Well,,WA,122.2714,-22.146,mineral deposit,Cu,,Copper,,,Proterozoic,,,,Kalkarindji Igneous Province,Percival Paleovalley,Paterson Orogen
334639,Shelburne Bay,,QLD,143.0213,-11.9471,mineral deposit,Sisd,,Silica sand,,Carpentaria Basin,,,,,,,Iron Range Province
334845,Cresant,Crescent,QLD,139.472,-20.7991,historic mine,Cu,,Copper,,"Mount Isa Orogen, Leichhardt River Fault Trough",Proterozoic,,,,,,Leichhardt River Domain
515483,Phil,,WA,119.0909,-29.4711,mineral deposit,Au,,Gold,,Yilgarn Craton,,,,,,,West Australian Element
333928,Grants and Alberts Quarries,,SA,140.7048,-32.2619,mineral deposit,Fe,,Iron,,Curnamona Province,,,,,,,Curnamona Province
334027,Mount Garnet,,QLD,145.0426,-17.722,historic mine,Sn,,Tin,,Hodgkinson Province,,,,,,,Mossman Orogen
334828,Cassilis Goldfield,,VIC,147.5951,-37.2343,historic mine,"Au, Pb",,"Gold, Lead",,"Lachlan Orogen, Lachlan Orogen, Adelong Gold Metallogenic Province",,,,,,,Central NSW - Omeo Province
335607,Bailieston,,VIC,145.018,-36.5788,mineral deposit,Au,,Gold,,Lachlan Orogen,,,,,,Selwyn Province,Melbourne-Mathinna Zone
335626,Benger Swamp,,WA,115.8303,-33.1746,mineral deposit,"Ilm, Zrn, Leu, Rt",,"Ilmenite, Zircon, Leucoxene, Rutile",,,,,,,,Mandurah Terrace,Pinjarra Orogen
333701,Scarsdale-Berringa Goldfield,,VIC,143.6833,-37.73,historic mine,Au,,Gold,,"Lachlan Orogen, Lachlan Orogen, Bendigo Gold Metallogenic Province",,,,,,,Bendigo Zone
568979,Roper River Iron,,NT,134.1839,-14.4253,care and maintenance,FeOre,Fe,"Iron ore, (Iron)",,McArthur Basin,,,,,,McArthur Basin,Pine Creek Orogen
334952,Riverina,Riverina Project,WA,120.5645,-29.7445,historic mine,Au,,Gold,,"Yilgarn Craton, Kalgoorlie Gold Metallogenic Province",Archean,,,,,,West Australian Element
333293,Pamela,,NT,133.92,-23.8771,mineral deposit,U,,Uranium,,Amadeus Basin,,,,,Warakurna Large Igneous Province,Amadeus Basin,Warumpi Province
335894,Gattonvale,,QLD,147.9474,-20.781,mineral deposit,Cbl,,Coal - black,,Bowen Basin,,,,,,Bowen Basin,Connors-Auburn Province
555677,Lochiel North,,SA,138.2833,-33.7333,mineral deposit,Cbr,,Coal - brown,,St Vincent Basin,,,,,,,South Australian Element
335722,Red Hill and Hunt,,WA,121.68,-31.2166,historic mine,"Au, Ni, Cu, Co, PGE",,"Gold, Nickel, Copper, Cobalt, Platinum group elements",,"Yilgarn Craton, Kalgoorlie Gold Metallogenic Province, Norseman-Wiluna Belt",Archean,Magmatic,Komatiite,Komatiite nickel-copper-PGE,,,West Australian Element
364835,Orebody 23,,WA,119.8489,-23.3159,operating mine,"Fe, FeOre",,"Iron, Iron ore",,Hamersley Basin,,,,,Warakurna Large Igneous Province,Hamersley Basin,Pilbara Craton
334249,Cadia,,NSW,149.0012,-33.4573,mineral deposit,Fe,,Iron,,"Lachlan Orogen, Cadia Porphyry Copper Gold Metallogenic Province",,,,,,,Eastern Province
334893,Elizabeth Hill (Munni Munni),,WA,116.8714,-21.0861,mineral deposit,PGE,"Ag, Au","Platinum group elements, (Silver, Gold)",,Pilbara Craton,,Magmatic hydrothermal,Epithermal,Low-sulfidation (LS) epithermal gold-silver,Warakurna Large Igneous Province,,Pilbara Craton
334406,Mount Fraser,,WA,118.4464,-25.6694,mineral deposit,Mn,,Manganese,,Yilgarn Craton,,,,,Warakurna Large Igneous Province,Bryah Basin,West Australian Element
336268,Back Creek,,QLD,151.8968,-25.2516,historic mine,Sn,,Tin,,New England Orogen,,,,,,,New England Orogen
333828,Karkarooc,,VIC,142.3101,-36.0533,mineral deposit,"Rt, Ilm, Zrn",,"Rutile, Ilmenite, Zircon",,Murray Basin,,,,,,Murray Basin,Stawell Zone
573761,Duck Creek Mesa 3 (Brockman Mining Ltd),,WA,116.623,-22.5863,mineral deposit,"Fe, FeOre",,"Iron, Iron ore",,,,,,,Warakurna Large Igneous Province,Hamersley Basin,Pilbara Craton
335586,Ballarat-Last Chance,Golden Feather,WA,121.5995,-30.5943,closed,Au,,Gold,,"Yilgarn Craton, Eastern Goldfields Province",Archean,,,,,,West Australian Element
550537,Eradu,,WA,115.0542,-28.6821,mineral deposit,Cbl,,Coal - black,,Perth Basin,,,,,,Perth Basin,Pinjarra Orogen
333488,Palmers Find,Mt Palmer,WA,119.016,-31.3975,historic mine,Au,,Gold,,"Yilgarn Craton, Bounty Gold Metallogenic Province, Southern Cross Province",Archean,,,,,,West Australian Element
333842,Dyliabing,"Badgebup Project, Katanning Project",WA,117.8954,-33.526,mineral deposit,Au,,Gold,,Yilgarn Craton,Archean,,,,,,West Australian Element
334325,Clarke River,,QLD,145.4619,-19.3069,mineral deposit,"Sn, Ag, SnO2",,"Tin, Silver, Tin oxide/cassiterite",,Mossman Orogen,,,,,,,Mossman Orogen
335764,Belanglo,,NSW,150.237,-34.5548,mineral deposit,Cbl,,Coal - black,,Sydney Basin,,,,,,Sydney Basin,Eastern Province
455544,Eregunda,,SA,138.7959,-31.0715,historic mine,Mn,,Manganese,,Delamerian Orogen,,,,,,Arrowie Basin,South Australian Element
334513,Marra Mamba,,WA,117.1375,-22.2419,mineral deposit,Asb,,Asbestos,,Hamersley Basin,,,,,Warakurna Large Igneous Province,Hamersley Basin,Pilbara Craton
334990,Consuls,,WA,121.6128,-30.5692,mineral deposit,Au,,Gold,,Yilgarn Craton,,,,,,,West Australian Element
334234,Friendly Creek,,WA,118.3292,-21.2432,historic mine,Sn,,Tin,,Pilbara Craton,,,,,Warakurna Large Igneous Province,,Pilbara Craton
335163,Twin Hills - Melita,,WA,121.122,-29.4458,mineral deposit,Au,,Gold,,Yilgarn Craton,,,,,,,West Australian Element
335307,Kalkadoon,,QLD,139.9142,-19.9786,historic mine,"Cu, Au",,"Copper, Gold",,"Mount Isa Orogen, Kalkadoon-Leichhardt Belt",Proterozoic,,,,,,Kalkadoon-Leichhardt Domain
333561,Heathcote,Hirds,VIC,144.7,-36.9136,historic mine,Au,,Gold,,"Lachlan Orogen, Bendigo Gold Metallogenic Province",,,,,,,Bendigo Zone
333468,Waroona South (Cable),,WA,115.9231,-32.8876,mineral deposit,"Ilm, Zrn, Leu, Rt",,"Ilmenite, Zircon, Leucoxene, Rutile",,,,,,,,Mandurah Terrace,Pinjarra Orogen
333846,Meckering,,WA,116.9804,-31.6239,mineral deposit,Kln,,Kaolin,,Yilgarn Craton,,,,,,Mortlock Paleovalley,West Australian Element
334076,Golden Forty,Tennant Creek,NT,134.3191,-19.6834,historic mine,"Au, Bi, Cu",,"Gold, Bismuth, Copper",,"Warramunga Province, Warrego Metallogenic Province",Paleoproterozoic,Regional metasomatic,Metasomatic iron,Iron oxide gold,Kalkarindji Igneous Province,Warramunga Province,North Australian Element
335499,Watsons Creek,,NSW,151.0474,-30.7531,historic mine,Sn,,Tin,,New England Orogen,,,,,,,New England Orogen
335377,Emmaville,Great Britain Mine,NSW,151.598,-29.4364,historic mine,"W, Sn",,"Tungsten, Tin",,New England Orogen,,,,,,,New England Orogen
334095,T.C.,,QLD,139.9562,-20.4116,historic mine,"Au, Cu",,"Gold, Copper",,"Mount Isa Orogen, Kalkadoon-Leichhardt Belt",Proterozoic,,,,,,Mary Kathleen Domain
533499,Warrior,,WA,121.0715,-29.7202,mineral deposit,Au,,Gold,,Yilgarn Craton,,,,,,,West Australian Element
449193,Golden King,,WA,122.1695,-29.1826,mineral deposit,Au,,Gold,,Yilgarn Craton,,,,,,,West Australian Element
333992,Angel,,QLD,139.7222,-20.7636,historic mine,Cu,,Copper,,"Mount Isa Orogen, Kalkadoon-Leichhardt Belt",Proterozoic,,,,,,Kalkadoon-Leichhardt Domain
335592,Frank Creek,,QLD,149.9427,-26.1203,mineral deposit,Cbl,,Coal - black,,Surat Basin,,,,,,Surat Basin,Connors-Auburn Province
654526,Kat Gap,,WA,119.6678,-32.2364,mineral deposit,Au,,Gold,,,,,,,,,West Australian Element
335538,Broadmeadow,includes Wallanbah,QLD,148.1524,-21.8076,operating mine,Cbl,,Coal - black,,Bowen Basin,,,,,,Bowen Basin,Anakie Province
334851,Herberton Deep Lead,,QLD,145.3911,-17.4241,historic mine,Sn,,Tin,,Hodgkinson Province,Cenozoic,,,,,,Mossman Orogen
335964,Tabulam,,NSW,152.5677,-28.8786,mineral deposit,Fe,,Iron,,New England Orogen,,,,,,Clarence-Moreton Basin,Yarrol Province
335256,Thagoona,part of Jeebropilly,QLD,152.6299,-27.6355,historic mine,Cbl,,Coal - black,,Clarence-Moreton Basin,Mesozoic,,,,,Clarence-Moreton Basin,New England Orogen
336124,Mount Jennifer,Mt Jennifer,QLD,138.5954,-18.6064,mineral deposit,"Phos, P, P2O5",,"Phosphate, Phosphorus, Phosphorus oxide",,Georgina Basin,,Basin chemical,Phosphorite,Phosphorite,,Georgina Basin,Century Domain
628983,Typhoon,Jumbuck,SA,133.428,-30.2019,mineral deposit,Au,,Gold,,,,,,,,,Christie Domain
435945,Wakool,,NSW,143.2,-33.93,mineral deposit,"Rt, Zrn","Ilm, Leu","Rutile, Zircon, (Ilmenite, Leucoxene)",,Murray Basin,,Erosional,Placer,Heavy mineral sands,,Murray Basin,Stawell Zone
335143,Fairfield,,QLD,140.3642,-20.6476,historic mine,"Au, Cu",,"Gold, Copper",,"Mount Isa Orogen, Quamby-Malbon Zone",Proterozoic,,,,,,Canobie Domain
334626,Mount Tymn,,NT,131.2213,-13.3086,mineral deposit,Au,,Gold,,Pine Creek Orogen,,,,,,,Pine Creek Orogen
648453,Hendrix,,NT,131.5406,-22.1074,mineral deposit,"Zn, Ag, Pb, Cu",,"Zinc, Silver, Lead, Copper",,,,,,,,,Aileron Province
335425,Granite Flat,,VIC,147.4373,-36.5844,mineral deposit,"Au, Cu",,"Gold, Copper",,Lachlan Orogen,,,,,,,Central NSW - Omeo Province
334945,Crusader,"Crusader Endeavour, Crusader North, Crusader South, Young Crusader",QLD,140.046,-19.822,historic mine,"Au, Cu",,"Gold, Copper",,"Mount Isa Orogen, Kalkadoon-Leichhardt Belt",Proterozoic,,,,,,Mary Kathleen Domain
429275,Oasis (U),,QLD,144.4461,-18.8035,mineral deposit,"U, U3O8",,"Uranium, Uranium oxide",,Etheridge Province,,Magmatic hydrothermal,,,,Etheridge Province,Tasman Element
334570,Bowdens,"Bowdens Gift Prospect, Main Zone North, Main Zone South",NSW,149.8693,-32.6306,feasibility,"Ag, Zn, Pb",,"Silver, Zinc, Lead",,"Lachlan Orogen, Lachlan Orogen",,,,,,Sydney Basin,Eastern Province
333882,Nangaroo,,WA,121.8104,-28.9194,historic mine,Cu,,Copper,,"Yilgarn Craton, Eastern Goldfields Province, Teutonic Bore Base Metal Metallogenic Province, Norseman-Wiluna Belt",Archean,,,,,,West Australian Element
436917,Professor,Grieves Siding,TAS,145.3654,-41.995,mineral deposit,"Ag, Zn, Pb",,"Silver, Zinc, Lead",,Delamerian Orogen,Paleozoic,,,,,Thylacine Province,Delamerian Orogen
336152,Mount Oxide,,QLD,139.3892,-19.4746,mineral deposit,Fe,,Iron,,Mount Isa Orogen,,Metamorphic hydrothermal,Orogenic,Orogenic copper ± gold,,,Mount Isa Orogen
335815,Port Gregory,"Hose, Lynton, Lynton South",WA,114.2814,-28.1782,mineral deposit,"Grt, Ilm",,"Garnet, Ilmenite",,Northampton Province,,Erosional,Placer,Heavy mineral sands,,Southern Carnarvon Basin,Pinjarra Orogen
531504,Cubana Well,,WA,120.2,-23.4833,mineral deposit,Cr,,Chromium,,Pilbara Craton,,,,,Warakurna Large Igneous Province,,Sylvania Dome
648293,Felix,,WA,116.9455,-28.8317,mineral deposit,"Zn, Cu, Au, Ag, Pb",,"Zinc, Copper, Gold, Silver, Lead",,,,,,,,,West Australian Element
468267,Highland Plains,,NT,137.9676,-18.6332,mineral deposit,"Phos, P2O5",,"Phosphate, Phosphorus oxide",,Georgina Basin,,Basin chemical,Phosphorite,Phosphorite,Kalkarindji Igneous Province,,Camooweal-Murphy Domain
601266,Morwell M1 and M2,,VIC,146.3987,-38.1985,mineral deposit,Cbr,,Coal - brown,,Gippsland Basin,,,,,,Selwyn Province,Melbourne-Mathinna Zone
641098,State Forest Lot 3,,NSW,152.8389,-31.5287,mineral deposit,"Co, Ni, Sc",,"Cobalt, Nickel, Scandium",,,,,,,,Lorne Basin,New England Orogen
449187,Cornucopia,,WA,122.1867,-29.1154,mineral deposit,Au,,Gold,,Yilgarn Craton,,,,,,,West Australian Element
435943,Coliban,,NSW,143.1693,-33.9358,mineral deposit,"Ilm, Rt","Zrn, Leu","Ilmenite, (Zircon, Rutile, Leucoxene)",,Murray Basin,,Erosional,Placer,Heavy mineral sands,,Murray Basin,Stawell Zone
335325,Byro East,,WA,116.3791,-26.0323,mineral deposit,Ni,,Nickel,,"Yilgarn Craton, Narryer Terrane",Cenozoic,,,,Warakurna Large Igneous Province,,West Australian Element
334436,Mount Shoobridge,"Barretts, Old Company Mine",NT,130.8334,-13.6138,mineral deposit,"SnO2, Ta2O5","Sn, Ta","Tin oxide/cassiterite, (Tin, Tantalum pentoxide, Tantalum)",,Pine Creek Orogen,,,,,Kalkarindji Igneous Province,,Pine Creek Orogen
335518,Bridget,,WA,120.3264,-21.5182,mineral deposit,Cu,,Copper,,,Archean,,,,Warakurna Large Igneous Province,,Pilbara Craton
335525,Ely,Wenlock River,QLD,141.9,-12.364,operating mine,Bx,,Bauxite,,Karumba Basin,,,,,,Carpentaria Basin,North Australian Element
334221,Curragh East,,QLD,148.8805,-23.508,mineral deposit,Cbl,,Coal - black,,Bowen Basin,,,,,,Bowen Basin,Anakie Province
333425,Bendoc,,VIC,148.8826,-37.1859,mineral deposit,Au,,Gold,,Lachlan Orogen,,,,,,,Kuark Zone
334370,Gibsonvale,,NSW,146.6846,-33.6585,historic mine,Sn,,Tin,,"Lachlan Orogen, Lachlan Orogen",Cenozoic,Erosional,Placer,Paleoplacer tin,,,Central NSW - Omeo Province
335570,Pine Mountain,,VIC,147.8383,-36.052,historic mine,"F, Fl",,"Fluorine, Fluorite",,Lachlan Orogen,Paleozoic,,,,,,Central NSW - Omeo Province
335306,Iron Duke,Iron Duke Extended,QLD,139.9002,-20.5996,historic mine,Cu,,Copper,,"Mount Isa Orogen, Kalkadoon-Leichhardt Belt",Proterozoic,,,,,,Mary Kathleen Domain
334003,Nemesis,Golden Feather,WA,121.6094,-30.5947,mineral deposit,Au,,Gold,,"Yilgarn Craton, Eastern Goldfields Province, Kalgoorlie Gold Metallogenic Province",Archean,,,,,,West Australian Element
334138,Brigantine,,NSW,142.8,-33.65,mineral deposit,"Rt, Zrn, Ilm, Leu",,"Rutile, Zircon, Ilmenite, Leucoxene",,Murray Basin,,Erosional,Placer,Heavy mineral sands,,Murray Basin,Stawell Zone
859787,Sunday Hill,,,120.5465,-22.05,mineral deposit,"Fe, Mn, MnOre",,"Iron, Manganese, Manganese ore",,,,,,,Warakurna Large Igneous Province,Fortescue Basin,Pilbara Craton
335128,Normanby,,QLD,148.19,-20.4769,historic mine,Au,,Gold,,New England Orogen,,,,,,,Connors-Auburn Province
333347,Podosky's Prospect,,QLD,146.7849,-20.0954,mineral deposit,"Ag, Au",,"Silver, Gold",,,Paleozoic,,,,,,Charters Towers Province
334732,Oakleigh Creek,,TAS,146.0344,-41.7615,historic mine,"W, WO3",,"Tungsten, Tungsten trioxide (wolframite)",,Delamerian Orogen,,,,,,Thylacine Province,Delamerian Orogen
335381,Barossa,,SA,138.8375,-34.6429,historic mine,Au,,Gold,,"Delamerian Orogen, Waukaringa",Cenozoic,Metamorphic hydrothermal,Orogenic,,,,South Australian Element
807125,Mount Monger SP,,WA,121.93,-31.002,mineral deposit,Au,,Gold,,,,,,,,,West Australian Element
334194,Cudgen Beach,,NSW,153.566,-28.5628,mineral deposit,Mnsd,,Mineral sands,,New England Orogen,,,,,,,New England Orogen
334361,Port Phillip,,VIC,143.7856,-37.2911,historic mine,Au,,Gold,,Lachlan Orogen,Paleozoic,,,,,,Bendigo Zone
354874,Big Blow,,QLD,143.2965,-15.4528,mineral deposit,Au,,Gold,,,,,,,,Savannah Province,North Australian Element
551287,Mutooroo - Muster Dam,,SA,140.8904,-32.4521,mineral deposit,"FeOre, Fe",,"Iron ore, Iron",,Delamerian Orogen,,Basin chemical,Iron formation,,,,South Australian Element
336212,Kidston,,QLD,144.1511,-18.8685,historic mine,"Ag, Au",,"Silver, Gold",,"Georgetown Block, Kidston Gold Metallogenic Province, Forsayth Subprovince",,Magmatic hydrothermal,Intrusion-related,Reduced intrusion-related gold,,Etheridge Province,North Australian Element
335428,May Day,,QLD,143.9941,-18.6075,mineral deposit,"Au, Cu, As, Pb, Zn, Ag",,"Gold, Copper, Arsenic, Lead, Zinc, Silver",,,Paleozoic,,,,,Etheridge Province,North Australian Element
335139,Sherrin Creek,,QLD,138.95,-20.3671,mineral deposit,"Phos, P, P2O5",,"Phosphate, Phosphorus, Phosphorus oxide",,Georgina Basin,,Basin chemical,Phosphorite,Phosphorite,,,Mount Isa Orogen
334421,Range,,WA,115.4193,-22.2062,mineral deposit,"Ag, Pb",,"Silver, Lead",,,Paleozoic,,,,Warakurna Large Igneous Province,,West Australian Element
335367,Doongul-Miva,,QLD,152.4843,-25.8286,mineral deposit,Fe,,Iron,,New England Orogen,,,,,,Nambour Basin,New England Orogen
599371,Loy Yang East,,VIC,146.564,-38.2347,mineral deposit,Cbr,Cbl,"Coal - brown, (Coal - black)",,Gippsland Basin,,,,,,Selwyn Province,Melbourne-Mathinna Zone
335850,Alexandria,,NT,136.828,-19.0917,mineral deposit,"Phos, P, P2O5",,"Phosphate, Phosphorus, Phosphorus oxide",,Georgina Basin,,Basin chemical,Phosphorite,Phosphorite,Kalkarindji Igneous Province,Georgina Basin,North Australian Element
334983,Burrundie,,NT,131.6012,-13.5258,mineral deposit,Fe,,Iron,,,,,,,,,Pine Creek Orogen
333482,Leviathan,,VIC,143.8341,-37.0687,historic mine,Au,,Gold,,Lachlan Orogen,Paleozoic,,,,,,Bendigo Zone
335510,Kaska,,WA,121.4036,-30.8364,mineral deposit,Au,,Gold,,Yilgarn Craton,,,,,,,West Australian Element
334078,Chinamans Creek,,QLD,151.617,-25.2303,mineral deposit,Cu,,Copper,,New England Orogen,,,,,,,New England Orogen
334923,Coronation Hill,,NT,132.6074,-13.5862,historic mine,"Au, Pt, Pd, PGE","U, U3O8","Gold, (Uranium, Platinum, Palladium, Platinum group elements, Uranium oxide)",,Pine Creek Orogen,Paleoproterozoic,Basin hydrothermal,Unconformity-related,Unconformity-related uranium,,,Pine Creek Orogen
335986,Bowen River,Havilah,QLD,147.765,-20.9704,mineral deposit,Cbl,,Coal - black,,Bowen Basin,,,,,,Bowen Basin,Connors-Auburn Province
333813,Junior,,QLD,143.395,-19.7799,mineral deposit,Au,,Gold,,,,,,,,Etheridge Province,North Australian Element
334712,Liquid Acrobat,,WA,119.7379,-32.5376,mineral deposit,Ni,,Nickel,,Yilgarn Craton,,,,,,Deborah Paleovalley,West Australian Element
333373,Mittagong-Picton,Chalybeate Springs,NSW,150.4512,-34.4453,mineral deposit,Fe,,Iron,,Lachlan Orogen,,,,,,Sydney Basin,Eastern Province
364405,Gidji Dam,,WA,121.3956,-30.5898,historic mine,Au,,Gold,,Yilgarn Craton,,,,,,Roe Paleovalley,West Australian Element
333729,Manningvale,New Acland,QLD,151.5622,-27.2814,mineral deposit,Cbl,,Coal - black,,Clarence-Moreton Basin,,,,,,Clarence-Moreton Basin,Yarrol Province
335897,Dawsonvale,,QLD,150.1816,-25.58,mineral deposit,Fe,,Iron,,New England Orogen,,,,,,Surat Basin,Connors-Auburn Province
334189,Constance Range,,QLD,138.25,-18.3721,mineral deposit,FeOre,Fe,"Iron ore, (Iron)",,South Nicholson Basin,Proterozoic,,,,,South Nicholson Basin,Camooweal-Murphy Domain
335765,Kemmis Walker,Nebo,QLD,148.304,-21.6183,mineral deposit,Cbl,,Coal - black,,Bowen Basin,,,,,,Bowen Basin,Connors-Auburn Province
334829,Maryborough Goldfield,"Leviathan, Mariners",VIC,143.7366,-37.0601,historic mine,Au,,Gold,,"Lachlan Orogen, Lachlan Orogen, Bendigo Gold Metallogenic Province, Bendigo Zone",,Metamorphic hydrothermal,Orogenic,Mesozonal orogenic gold,,,Bendigo Zone
334082,Sardine,,QLD,145.7964,-19.0824,historic mine,Sn,,Tin,,Mossman Orogen,,Magmatic hydrothermal,Vein,Vein tin,,,Mossman Orogen
335433,Marrawah Beach,,TAS,144.6745,-40.8948,mineral deposit,"Rt, Zrn, Ilm",,"Rutile, Zircon, Ilmenite",,,,,,,,Thylacine Province,Delamerian Orogen
333949,Moorlands,,SA,139.7014,-35.2623,mineral deposit,Cbr,,Coal - brown,,Murray Basin,,,,,,Murray Basin,Delamerian Orogen
861602,Bronzewing,,,119.9608,-26.7181,mineral deposit,Au,,Gold,,,,,,,,,West Australian Element
335494,Kathleen,,WA,118.8337,-28.5979,mineral deposit,Au,,Gold,,Yilgarn Craton,,,,,,,West Australian Element
335380,Mount Abbot,,QLD,147.95,-20.1969,mineral deposit,Cu,,Copper,,New England Orogen,,,,,,,Connors-Auburn Province
627217,Wyloo North,,WA,116.4396,-22.5626,mineral deposit,"FeOre, Fe",,"Iron ore, Iron",,,,,,,Warakurna Large Igneous Province,Hamersley Basin,Pilbara Craton
335333,Western No5,,WA,116.2354,-33.4553,historic mine,Cbl,,Coal - black,,Collie Basin,,,,,,Collie Basin,West Australian Element
335293,Rising Sun,,NT,134.3056,-19.7158,historic mine,Au,"Cu, Bi","Gold, (Copper, Bismuth)",,"Warramunga Province, Warrego Metallogenic Province",Paleoproterozoic,,,,Kalkarindji Igneous Province,Warramunga Province,North Australian Element
334124,Glen Roslyn,New Acland,QLD,151.7122,-27.3203,mineral deposit,Cbl,,Coal - black,,Clarence-Moreton Basin,,,,,,Clarence-Moreton Basin,Yarrol Province
335238,Leichhardt,,QLD,139.7672,-20.7326,mineral deposit,Cu,,Copper,,Mount Isa Orogen,Proterozoic,,,,,,Kalkadoon-Leichhardt Domain
333428,Burraga,,NSW,149.5354,-33.9616,mineral deposit,"Cu, Zn","Au, Ag","Copper, Zinc, (Gold, Silver)",,"Lachlan Orogen, Hill End Trough",Paleozoic,,,,,,Eastern Province
334334,Wroth Shoot,,WA,121.6333,-31.16,mineral deposit,Ni,,Nickel,,Yilgarn Craton,,,,,,,West Australian Element
334500,Bottle Dump,,WA,118.1264,-27.1148,mineral deposit,Au,,Gold,,Yilgarn Craton,,,,,Warakurna Large Igneous Province,,West Australian Element
514607,Sunday Hill,,WA,120.5469,-22.0528,mineral deposit,Mn,,Manganese,,,,,,,Warakurna Large Igneous Province,Fortescue Basin,Pilbara Craton
556717,Robinson Range,,WA,118.9868,-25.7756,mineral deposit,Fe,FeOre,"Iron, (Iron ore)",,Yilgarn Craton,,,,,Warakurna Large Igneous Province,Bryah Basin,West Australian Element
333384,Kilkivan,,QLD,152.17,-26.0768,historic mine,Au,,Gold,,New England Orogen,,,,,,,New England Orogen
599502,Lake Purdilla (Minotaur),,SA,134.2329,-32.933,mineral deposit,Gp,,Gypsum,,,,,,,,Eucla Basin,South Australian Element
335591,Poona,,SA,137.6178,-34.0387,mineral deposit,Cu,Au,"Copper, (Gold)",,Gawler Craton,Proterozoic,,,,,Stansbury Basin,Olympic Domain
333755,Wandoo,,WA,116.3572,-32.7493,mineral deposit,"Au, Cu",,"Gold, Copper",,Yilgarn Craton,Archean,,,,,,West Australian Element
336263,Big One,,QLD,139.4342,-19.1596,mineral deposit,Cu,Ag,"Copper, (Silver)",,Mount Isa Orogen,Proterozoic,unknown,unknown,unknown,,,Mount Isa Orogen
429703,Outcamp,,QLD,138.2157,-17.4811,mineral deposit,"U, U3O8",,"Uranium, Uranium oxide",,McArthur Basin,Proterozoic,,,,,McArthur Basin,North Australian Element
513749,Endeavour HMS,,NSW,143.45,-34.2833,mineral deposit,"Rt, Ilm, Zrn",,"Rutile, Ilmenite, Zircon",,Murray Basin,,,,,,Murray Basin,West Province
568067,Salebury,,QLD,140.6752,-20.6987,mineral deposit,"Cu, Au",,"Copper, Gold",,Mount Isa Orogen,,,,,,,Soldiers Cap Domain
333957,Gosp,"Blue Moon, Gosp South, Gosp West",QLD,139.8982,-20.5946,historic mine,Cu,,Copper,,"Mount Isa Orogen, Kalkadoon-Leichhardt Belt",Proterozoic,,,,,,Mary Kathleen Domain
336220,Nabarlek,,NT,133.32,-12.3082,historic mine,"U3O8, U",,"Uranium oxide, Uranium",,Pine Creek Orogen,Proterozoic,Basin hydrothermal,Unconformity-related,Unconformity-related uranium,,,Pine Creek Orogen
334939,Woolgar goldfield,,QLD,143.364,-19.7,historic mine,Au,,Gold,,"Etheridge Province, Georgetown Block, Woolgar Metallogenic Province",,Magmatic hydrothermal,Epithermal,,,Etheridge Province,North Australian Element
333905,Binduli (Croesus 1999),,WA,121.4034,-30.8408,historic mine,Au,,Gold,,"Yilgarn Craton, Eastern Goldfields Province, Kalgoorlie Gold Metallogenic Province",Archean,Metamorphic hydrothermal,Orogenic,Mesozonal orogenic gold,,Roe Paleovalley,West Australian Element
429074,Braithwaites,,TAS,147.9511,-40.8957,mineral deposit,,,,,Lachlan Orogen,,,,,,Bass Basin,Melbourne-Mathinna Zone
335439,Zelma,"Grasstree, Mt Haden-Sarina",QLD,149.2981,-21.3596,historic mine,Au,,Gold,,"New England Orogen, Zelma Metallogenic Province",Paleozoic,,,,,,Yarrol Province
333402,Great Central-Comet,,NSW,145.8589,-32.881,historic mine,Cu,,Copper,,"Lachlan Orogen, Lachlan Orogen",,,,,,Mount Hope Trough,Central NSW - Omeo Province
455552,Heathcote,,NSW,151.4511,-31.2434,mineral deposit,Mn,,Manganese,,New England Orogen,,,,,,,New England Orogen
334111,Yetholme,,NSW,149.8178,-33.4453,mineral deposit,Mo,,Molybdenum,,Lachlan Orogen,,,,,,,Eastern Province
599437,Tyers,,VIC,146.3355,-38.2581,mineral deposit,Cbr,,Coal - brown,,Gippsland Basin,,,,,,Selwyn Province,Melbourne-Mathinna Zone
334105,Woodline,,WA,121.597,-30.5558,mineral deposit,Au,,Gold,,Yilgarn Craton,,,,,,,West Australian Element
336053,Glen Laurel,,QLD,150.1011,-26.2619,mineral deposit,Cbl,,Coal - black,,Surat Basin,,,,,,Surat Basin,Connors-Auburn Province
334187,Mount Biggenden,Biggenden,QLD,151.9799,-25.5361,historic mine,"Fe, Au, Bi, Mag",FeOre,"Iron, Gold, Bismuth, Magnetite, (Iron ore)",,New England Orogen,,,,,,,New England Orogen
336244,Daly River,,NT,130.4712,-13.5158,mineral deposit,Zn,,Zinc,,Pine Creek Orogen,Proterozoic,,,,Kalkarindji Igneous Province,,Pine Creek Orogen
519412,Minara Star,,WA,121.6872,-28.6853,mineral deposit,Au,,Gold,,Yilgarn Craton,,,,,,,West Australian Element
335051,Famous Blue,,WA,122.0728,-27.5593,mineral deposit,Au,,Gold,,"Yilgarn Craton, Eastern Goldfields Province",Archean,,,,,,West Australian Element
595187,Owendale Pt Sc,,NSW,147.4637,-32.786,mineral deposit,"Co, Ni, Pt, MgO, Sc","Pd, Fe","Cobalt, Nickel, Platinum, (Palladium, Magnesia (magnesium oxide), Scandium, Iron)",,,,,,,,,Central NSW - Omeo Province
648298,Grassi,,WA,116.9391,-28.858,mineral deposit,"Ag, Zn, Au, Pb, Cu",,"Silver, Zinc, Gold, Lead, Copper",,,,,,,,,West Australian Element
334398,Wauchope,,NT,134.3297,-20.5986,historic mine,"W, WO3",,"Tungsten, Tungsten trioxide (wolframite)",,Davenport Province,Proterozoic,Magmatic hydrothermal,Vein,Vein tungsten,Kalkarindji Igneous Province,Warramunga Province,North Australian Element
334779,Halpin Creek,,QLD,144.9154,-17.4568,historic mine,"W, Sn",,"Tungsten, Tin",,Mossman Orogen,,,,,,,Mossman Orogen
334554,Mount Newman (Mount Whaleback - BHP),Newman and District,WA,119.6778,-23.3557,operating mine,"FeOre, Fe",,"Iron ore, Iron",,Hamersley Basin,Archean,Basin chemical,Iron formation,Superior-type banded iron formation,Warakurna Large Igneous Province,Hamersley Basin,Pilbara Craton
333829,Port Pirie,,SA,138.0013,-33.179,mineral deposit,REO,,Rare earth oxides,,Gawler Craton,,Erosional,Placer,Heavy mineral sands,,,Olympic Domain
333638,Bangalore Creek,,NSW,149.591,-34.8969,mineral deposit,Fe,,Iron,,Lachlan Orogen,,,,,,,Eastern Province
336155,Western Main,,NSW,150.05,-33.3769,historic mine,Cbl,,Coal - black,,Sydney Basin,,,,,,Sydney Basin,Eastern Province
518689,Sirdar,,WA,120.0595,-33.5457,mineral deposit,Au,,Gold,,Yilgarn Craton,,,,,,,Yilgarn Craton
866900,Brooks Dam,,,140.6624,-31.741,mineral deposit,"U, U3O8",,"Uranium, Uranium oxide",,,,,,,,Yarramba Paleovalley,Curnamona Province
334588,Rossville,,QLD,145.2602,-15.7494,historic mine,"SnO2, Sn",,"Tin oxide/cassiterite, Tin",,Mossman Orogen,,,,,,,Mossman Orogen
334376,Rum Jungle Creek South,,NT,130.9984,-13.0397,historic mine,"U, U3O8",,"Uranium, Uranium oxide",,Pine Creek Orogen,Proterozoic,unknown,unknown,unknown,,,Pine Creek Orogen
334009,Duplex Hill,,WA,121.757,-30.9516,mineral deposit,Ni,,Nickel,,Yilgarn Craton,,,,,,,West Australian Element
334873,Mucketty,,NT,134.0549,-18.6639,historic mine,"Mn, MnOre",,"Manganese, Manganese ore",,Tomkinson Province,,Basin chemical,Manganese,Sedimentary manganese,Kalkarindji Igneous Province,Tomkinson Province,North Australian Element
512995,Seppelt,"Ashmore, Seppelt 1, Seppelt 2",WA,127.3851,-14.4346,mineral deposit,Dmd,,Diamond - undifferentiated,,,,,,,Kalkarindji Igneous Province,Speewah Basin,North Australian Element
335144,Mount Debbie,,QLD,139.9832,-20.5586,historic mine,Cu,,Copper,,"Mount Isa Orogen, Kalkadoon-Leichhardt Belt",Proterozoic,,,,,,Mary Kathleen Domain
335206,Loch Fyne,,VIC,147.0618,-36.9704,historic mine,Au,,Gold,,Lachlan Orogen,Paleozoic,,,,,,Lachlan Orogen
335072,Retina,,QLD,144.5429,-16.5809,mineral deposit,Sb,,Antimony,,Mossman Orogen,,,,,,,Mossman Orogen
455560,Stone Hut Well,,SA,138.3644,-30.487,historic mine,Mn,,Manganese,,Delamerian Orogen,,,,,,,South Australian Element
334688,Lee Creek,,QLD,145.3011,-15.2285,historic mine,"Sn, SnO2",,"Tin, Tin oxide/cassiterite",,Mossman Orogen,,,,,,,Mossman Orogen
333669,Inverell-Glen Innes,"Copes Creek, Frazers Creek, Horses Gully, Kings Plains Creek, Reddestone Creek",NSW,151.7277,-29.6104,operating mine,Cors,,Corundum - sapphire,,New England Orogen,Cenozoic,,,,,,New England Orogen
335223,King Solomon 1,"King Solomon 2, King Solomon 3, King Solomon North, King Solomon South",QLD,139.8112,-20.6956,historic mine,Cu,,Copper,,"Mount Isa Orogen, Kalkadoon-Leichhardt Belt",Proterozoic,,,,,,Mary Kathleen Domain
334826,Echunga,Old Echunga,SA,138.7745,-35.0794,historic mine,Au,,Gold,,"Delamerian Orogen, Waukaringa",Cenozoic,Metamorphic hydrothermal,Orogenic,,,,South Australian Element
333597,Brolga,Yabulu,QLD,150.3,-23.0302,historic mine,"Ni, Fe, Co",,"Nickel, Iron, Cobalt",,New England Orogen,Cenozoic,,,,,,New England Orogen
333395,Mount Cobalt,,QLD,140.491,-21.736,historic mine,"Co, Ni",,"Cobalt, Nickel",,"Mount Isa Orogen, Cloncurry-Selwyn Zone",Proterozoic,Regional metasomatic,Metasomatic iron,Iron sulfide polymetallic,,,Kuridala-Selwyn Domain
334330,Ballarat East - Tower Hill,,VIC,143.8575,-37.6137,historic mine,Au,,Gold,,Lachlan Orogen,,,,,,,Bendigo Zone
334864,Michelago,,NSW,149.2095,-35.6773,mineral deposit,Fe,,Iron,,Lachlan Orogen,,,,,,,Eastern Province
334879,Hakes Find,,WA,119.3595,-31.317,mineral deposit,Au,,Gold,,Yilgarn Craton,,,,,,Deborah Paleovalley,West Australian Element
920588,Cashman's Find,,,118.6194,-25.9673,historic mine,Au,,Gold,,,,,,,Warakurna Large Igneous Province,Bryah Basin,West Australian Element
334752,Woolondonga,Wollondonga,QLD,140.0532,-20.6846,historic mine,"Au, Cu",,"Gold, Copper",,"Mount Isa Orogen, Mary Kathleen Zone",Proterozoic,,,,,,Mary Kathleen Domain
335080,Cape York,,QLD,142.4524,-10.7536,historic mine,Sn,,Tin,,,,,,,,,Cape York - Oriomo Province
364445,Tripitaka,,SA,132.8047,-31.5451,mineral deposit,"Leu, Ilm, Rt, Zrn",,"Leucoxene, Ilmenite, Rutile, Zircon",,,,,,,,Eucla Basin,South Australian Element
335303,Australian Margaret,,QLD,140.5262,-20.6316,historic mine,Cu,,Copper,,"Mount Isa Orogen, Quamby-Malbon Zone",Proterozoic,,,,,,Canobie Domain
440177,Carnage,,WA,120.9364,-30.3807,historic mine,Au,,Gold,,Yilgarn Craton,,,,,,Roe Paleovalley,West Australian Element
335927,Ban Ban,,QLD,151.9711,-25.7784,mineral deposit,"Zn, Cu, Pb, Ag, Au",,"Zinc, Copper, Lead, Silver, Gold",,"New England Orogen, Gympie Province",,Magmatic hydrothermal,Skarn,Skarn zinc-lead-silver,,,New England Orogen
335365,Corkwood,,WA,128.1877,-17.295,mineral deposit,"Ni, Co, Cu",,"Nickel, Cobalt, Copper",,,Proterozoic,Magmatic,Ultramafic and (or) mafic-layered intrusion,U-M layered intrusion iron-titanium-vanadium,Kalkarindji Igneous Province,,Halls Creek Orogen
335867,Mirboo North,,VIC,146.1513,-38.3955,mineral deposit,Fe,,Iron,,Lachlan Orogen,,,,,,Selwyn Province,Melbourne-Mathinna Zone
334735,Catherine,Catherine Reef United,VIC,147.5239,-36.8375,historic mine,Au,,Gold,,"Lachlan Orogen, Lachlan Orogen, Bendigo Gold Metallogenic Province",,,,,,,Central NSW - Omeo Province
333508,Queen Elizabeth,Patsy Lorraine,QLD,139.8362,-20.2196,historic mine,Cu,,Copper,,"Mount Isa Orogen, Kalkadoon-Leichhardt Belt",Proterozoic,,,,,,Kalkadoon-Leichhardt Domain
533403,Jungle Well,,WA,120.999,-28.4085,historic mine,Au,,Gold,,Yilgarn Craton,,,,,,,West Australian Element
334046,Waterhouse Range,,NT,130.9679,-13.1624,mineral deposit,Fe,,Iron,,,,,,,,,Pine Creek Orogen
333465,White Dam - Katanning,Katanning Project,WA,117.9037,-33.5418,mineral deposit,Au,,Gold,,Yilgarn Craton,Archean,,,,,,West Australian Element
333361,Manchester Reef,,VIC,142.7693,-37.0485,mineral deposit,Au,,Gold,,Lachlan Orogen,,,,,,,Stawell Zone
334229,Fingerpost Hill,,SA,133.5066,-30.2868,mineral deposit,Fe,,Iron,,Gawler Craton,,,,,,,Christie Domain
449175,Yerilla King,,WA,121.8234,-29.4803,mineral deposit,Au,,Gold,,Yilgarn Craton,,,,,,,West Australian Element
455548,Ketchowla Well,,SA,139.1955,-33.3073,historic mine,Mn,,Manganese,,Delamerian Orogen,,,,,,,South Australian Element
334465,Narlarla,,WA,124.7305,-17.257,historic mine,"Pb, Ag, Zn",,"Lead, Silver, Zinc",,"Canning Basin, Lennard Shelf",Paleozoic,Basin hydrothermal,Mississippi Valley-type (MVT),MVT zinc-lead,Kalkarindji Igneous Province,Canning Basin,King Leopold Orogen
599434,Gippsland Deep,East Gippsland,VIC,147.0598,-38.3111,mineral deposit,Cbr,,Coal - brown,,Gippsland Basin,,,,,,Gippsland Basin,Melbourne-Mathinna Zone
449185,Bernards,,WA,122.1674,-29.1765,mineral deposit,Au,,Gold,,Yilgarn Craton,,,,,,,West Australian Element
878147,Kingsley,,,117.7608,-25.5799,mineral deposit,Au,,Gold,,,,,,,Warakurna Large Igneous Province,Bryah Basin,West Australian Element
335724,Mount Perry (Fe),,QLD,151.631,-25.1653,mineral deposit,Fe,,Iron,,New England Orogen,,,,,,,New England Orogen
550645,Yandicoogina South,,WA,119.2087,-22.812,mineral deposit,"FeOre, Fe",,"Iron ore, Iron",,Pilbara Craton,,,,,Warakurna Large Igneous Province,Yandicoogina Paleovalley,Pilbara Craton
334872,Fieldings Gully,,WA,119.7622,-21.3024,mineral deposit,Au,,Gold,,Pilbara Craton,,,,,Warakurna Large Igneous Province,,Pilbara Craton
335773,Wallaroo,,QLD,139.9482,-20.9186,historic mine,"Au, Cu",,"Gold, Copper",,"Mount Isa Orogen, Kalkadoon-Leichhardt Belt",Proterozoic,,,,,,Mary Kathleen Domain
335273,Woodlands,Ensor prospect,WA,115.0081,-33.7891,mineral deposit,"Zrn, Rt, Mnz, Leu, Ilm",,"Zircon, Rutile, Monazite, Leucoxene, Ilmenite",,,,,,,,,Leeuwin Province
334807,Mariners,,VIC,143.6156,-36.4563,historic mine,Au,,Gold,,Lachlan Orogen,Paleozoic,,,,,,Bendigo Zone
335705,Kangaroo Creek,,QLD,144.0336,-17.5177,historic mine,"Sn, SnO2",,"Tin, Tin oxide/cassiterite",,,,,,,,Etheridge Province,North Australian Element
335247,Wallarah,,NSW,151.6122,-33.1355,closed,Cbl,,Coal - black,,Sydney Basin,,,,,,Sydney Basin,Eastern Province
334083,Elgalla,,QLD,150.7198,-23.3533,historic mine,Cr,,Chromium,,New England Orogen,,,,,,,New England Orogen
334742,Giles,Giles Mini,WA,119.1928,-23.2796,mineral deposit,Fe,,Iron,,Hamersley Basin,Archean,,,,Warakurna Large Igneous Province,Fortescue Basin,Pilbara Craton
335939,Glassford Creek,,QLD,151.3402,-24.4817,historic mine,"Cu, Ag, Au",,"Copper, Silver, Gold",,New England Orogen,,,,,,,Yarrol Province
335088,Tuena,,NSW,149.329,-34.0679,historic mine,"Pb, Zn, Au, Cu, Ag",,"Lead, Zinc, Gold, Copper, Silver",,"Lachlan Orogen, Hill End, Hill End Trough",,Metamorphic hydrothermal,Orogenic,,,,Eastern Province
333835,Hermidale,,NSW,146.7013,-31.4284,mineral deposit,Cu,,Copper,,Lachlan Orogen,Paleozoic,,,,,,Central NSW - Omeo Province
334822,Parallel Ridge,,WA,118.6828,-23.0082,mineral deposit,Fe,,Iron,,Hamersley Basin,Archean,,,,Warakurna Large Igneous Province,Hamersley Basin,Pilbara Craton
334415,Moolyella,,WA,119.9228,-21.1671,mineral deposit,"Sn, Ta2O5, Ta",,"Tin, Tantalum pentoxide, Tantalum",,Pilbara Craton,,Magmatic,Pegmatite,LCT pegmatite,,,Pilbara Craton
531529,Bills Find,,WA,120.9443,-26.9359,historic mine,Au,,Gold,,Yilgarn Craton,,,,,,,West Australian Element
636113,Duck Hill,,WA,122.2769,-29.5152,mineral deposit,Mgs,,Magnesite,,,,,,,,Raeside Paleovalley,West Australian Element
364306,Greenmount,,WA,119.3148,-31.2896,mineral deposit,Au,,Gold,,Yilgarn Craton,,,,,,,West Australian Element
333695,Paynes Find,Goodingnow,WA,117.6918,-29.2537,historic mine,Au,,Gold,,"Yilgarn Craton, Big Bell Gold Metallogenic Province, Southern Cross Province",Archean,Metamorphic hydrothermal,Orogenic,Mesozonal orogenic gold,,,West Australian Element
334835,Howick,,NSW,150.9597,-32.4205,closed,Cbl,,Coal - black,,Sydney Basin,,,,,,Sydney Basin,Eastern Province
364303,Triad,,WA,119.4453,-31.3643,mineral deposit,Au,,Gold,,Yilgarn Craton,,,,,,,West Australian Element
455561,Larrads Hill,,QLD,143.1883,-12.4964,mineral deposit,Mn,,Manganese,,,,,,,,,Iron Range Province
334328,Brookes Bore,,SA,140.9176,-32.9875,mineral deposit,"Ilm, Rt, Zrn, Xen",,"Ilmenite, Rutile, Zircon, Xenotime",,Murray Basin,,Erosional,Placer,Heavy mineral sands,,Murray Basin,Delamerian Orogen
333650,Ironclad,,QLD,145.3292,-17.3799,mineral deposit,"Sn, Cu, Ag",,"Tin, Copper, Silver",,Mossman Orogen,,,,,,,Mossman Orogen
336289,South Clunes,,VIC,143.7798,-37.2973,historic mine,Au,,Gold,,Lachlan Orogen,Paleozoic,,,,,,Bendigo Zone
334594,Crusade,,NT,130.0747,-19.0747,mineral deposit,Au,,Gold,,Tanami Orogen,,,,,Kalkarindji Igneous Province,,Tanami Orogen
333887,Mount Molloy,,QLD,145.3343,-16.7009,historic mine,Cu,,Copper,,Hodgkinson Province,,Volcanic basin hydrothermal,Volcanogenic massive sulfide (VMS),Mafic-siliciclastic VMS,,,Mossman Orogen
333350,New Dam North,,NSW,141.1791,-33.0318,mineral deposit,"Zrn, Rt","Ilm, Leu","Zircon, (Ilmenite, Rutile, Leucoxene)",,Murray Basin,,,,,,Murray Basin,Delamerian Orogen
333535,Running Creek,,QLD,145.9681,-19.2784,historic mine,"Sn, SnO2",,"Tin, Tin oxide/cassiterite",,,,,,,,,Charters Towers Province
335979,Mount Garnet Area,,QLD,145.4538,-17.6944,historic mine,"Sn, W",,"Tin, Tungsten",,Mossman Orogen,,,,,,,Mossman Orogen
599889,Monty,SPRINGFIELD,WA,119.4344,-25.5595,care and maintenance,"Cu, Au",,"Copper, Gold",,,,,,,Warakurna Large Igneous Province,Yerrida Basin,West Australian Element
334517,Murrin Murrin East,,WA,121.867,-28.7793,mineral deposit,"Ni, Co",,"Nickel, Cobalt",,Yilgarn Craton,,,,,,,West Australian Element
334927,Leadville,,NSW,149.5371,-32.0169,historic mine,"Pb, Cu, Ag, Zn",,"Lead, Copper, Silver, Zinc",,"Lachlan Orogen, Lachlan Orogen, Hill End Trough",,Magmatic hydrothermal,Skarn,Skarn zinc-lead-silver,,,Eastern Province
454424,Leichhardt Creek,,QLD,145.2309,-16.5907,mineral deposit,"Sn, SnO2",,"Tin, Tin oxide/cassiterite",,Mossman Orogen,,,,,,,Mossman Orogen
452734,3KEL,,NSW,146.422,-30.287,mineral deposit,Sn,,Tin,,Lachlan Orogen,,,,,,,Central NSW - Omeo Province
599490,Brother,,QLD,150.1494,-24.3212,mineral deposit,"Ag, Au",,"Silver, Gold",,,,,,,,Bowen Basin,Connors-Auburn Province
333893,IXL,,QLD,139.8872,-20.5966,historic mine,Cu,,Copper,,"Mount Isa Orogen, Kalkadoon-Leichhardt Belt",Proterozoic,,,,,,Mary Kathleen Domain
333431,Lost World,,QLD,143.3892,-19.7763,mineral deposit,Au,U,"Gold, (Uranium)",,"Etheridge Province, Woolgar Metallogenic Province",Paleozoic,Magmatic hydrothermal,Epithermal,Low-sulfidation (LS) epithermal gold-silver,,Etheridge Province,North Australian Element
335685,Mount Norna,,QLD,140.5012,-20.6956,mineral deposit,"Ag, Cu",,"Silver, Copper",,Mount Isa Orogen,,,,,,,Canobie Domain
333711,Mount Olive,Mt Olive 3,QLD,139.8302,-20.4416,historic mine,"Au, Cu",,"Gold, Copper",,"Mount Isa Orogen, Kalkadoon-Leichhardt Belt",Proterozoic,,,,,,Mary Kathleen Domain
335928,Coramba-Orara,"Nana Creek, Orara",NSW,153.0395,-30.2064,historic mine,Au,,Gold,,"New England Orogen, Hillgrove Gold Metallogenic Province",,,,,,,New England Orogen
569366,Charley Creek (REO),,NT,132.9808,-23.4969,mineral deposit,"REO, Zrn","Xen, Mnz","Rare earth oxides, Zircon, (Xenotime, Monazite)",,Georgina Basin,,Erosional,Placer,Fluvial placer REE,Warakurna Large Igneous Province,,Aileron Province
361294,Lalla Rookh,,WA,119.2747,-21.0514,historic mine,Au,,Gold,,Pilbara Craton,,,,,,,Pilbara Craton
334847,Melba,,QLD,139.9172,-20.8476,historic mine,Cu,,Copper,,"Mount Isa Orogen, Kalkadoon-Leichhardt Belt",Proterozoic,,,,,,Mary Kathleen Domain
861606,Wren,,,119.9523,-26.7227,mineral deposit,Au,,Gold,,,,,,,,,West Australian Element
435546,Frost,,WA,121.64,-30.0584,mineral deposit,"Ni, Co, Cu",,"Nickel, Cobalt, Copper",,"Yilgarn Craton, Eastern Goldfields Province",Archean,,,,,,West Australian Element
334905,Cape River,,QLD,145.23,-20.347,historic mine,Au,,Gold,,"Charters Towers Gold Metallogenic Province, Lolworth-Ravenswood Block",,,,,,,Charters Towers Province
335178,Mount Chester,,WA,120.1448,-33.6054,mineral deposit,Mn,MnOre,"Manganese, (Manganese ore)",,Southern Cross Province,,,,,,,Northern Foreland
334932,Timbarra-Poverty Point,"Poverty Point, Rocky River, Timbarra River",NSW,152.315,-29.1279,historic mine,Au,,Gold,,"New England Orogen, Timbarra",,Magmatic hydrothermal,Intrusion-related,Oxidized intrusion-related gold,,,New England Orogen
449203,Yandoo,,WA,122.1763,-29.1134,mineral deposit,Au,,Gold,,Yilgarn Craton,,,,,,,West Australian Element
333987,Commonwealth,,NSW,149.0488,-32.5833,historic mine,"Pb, Ag, Cu, Au, Zn",,"Lead, Silver, Copper, Gold, Zinc",,"Lachlan Orogen, Lachlan Orogen, Woodlawn Base Metal Metallogenic Province, Hill End Trough",,Volcanic basin hydrothermal,Volcanogenic massive sulfide (VMS),Bimodal felsic VMS,,,Eastern Province
333885,Daintree,Carpenteria,QLD,144.4036,-18.9733,historic mine,"Cu, Ag, Au",,"Copper, Silver, Gold",,Georgetown Block,Mesoproterozoic,,,,,Etheridge Province,Tasman Element
333353,Youangarra,,WA,118.8068,-28.8354,mineral deposit,Au,,Gold,,Yilgarn Craton,,,,,,,West Australian Element
627211,Farquhar,,WA,116.9131,-22.2679,mineral deposit,"FeOre, Fe",,"Iron ore, Iron",,,,,,,Warakurna Large Igneous Province,Hamersley Basin,Pilbara Craton
336193,Minervah,,NSW,142.12,-33.39,mineral deposit,"Ilm, Rt, Zrn, Leu",,"Ilmenite, Rutile, Zircon, Leucoxene",,Murray Basin,,Erosional,Placer,Heavy mineral sands,,Berri Basin,Delamerian Orogen
336120,St Arnaud Goldfield,Saint Arnaud,VIC,143.2833,-36.6136,historic mine,Au,,Gold,,"Lachlan Orogen, Lachlan Orogen, Bendigo Gold Metallogenic Province",,,,,,,Stawell Zone
333725,Mount Coffin,,SA,138.5179,-30.5123,mineral deposit,Cu,,Copper,,Delamerian Orogen,Proterozoic,Basin hydrothermal,Sediment-hosted,Sediment-hosted copper ± Co,,,South Australian Element
334910,Overhang,,QLD,140.3904,-20.9855,historic mine,"Mn, Ni, Co",,"Manganese, Nickel, Cobalt",,"Mount Isa Orogen, Quamby-Malbon Zone",Proterozoic,,,,,,Marimo-Staveley Domain
334645,Big Stubby,,WA,119.7532,-21.2165,mineral deposit,"Pb, Cu, Ag, Zn",,"Lead, Copper, Silver, Zinc",,"Pilbara Craton, Lennons Find Base Metal Metallogenic Province",Archean,Volcanic basin hydrothermal,Volcanogenic massive sulfide (VMS),Bimodal felsic VMS,,,Pilbara Craton
335098,Meering West,,VIC,143.6667,-35.9167,mineral deposit,"Rt, Ilm, Zrn, Leu",,"Rutile, Ilmenite, Zircon, Leucoxene",,Murray Basin,,,,,,Murray Basin,Bendigo Zone
335511,North Reward,,QLD,146.1711,-20.3654,mineral deposit,"Au, Cu",,"Gold, Copper",,,Paleozoic,,,,,,Charters Towers Province
334511,Gulf,,NSW,151.4681,-29.2623,historic mine,"Sn, SnO2",,"Tin, Tin oxide/cassiterite",,New England Orogen,,unknown,unknown,unknown,,,New England Orogen
335099,Nimingarra,,WA,120.0158,-20.3954,historic mine,FeOre,Fe,"Iron ore, (Iron)",,Pilbara Craton,Archean,,,,,,Pilbara Craton
333797,Two Macs,,QLD,139.9892,-19.9156,historic mine,Cu,,Copper,,"Mount Isa Orogen, Kalkadoon-Leichhardt Belt",Proterozoic,,,,,,Mary Kathleen Domain
333867,Greenvale,Three Rivers,QLD,144.9338,-18.9612,historic mine,"Co, Ni",,"Cobalt, Nickel",,"Broken River Basin, Forsayth Subprovince",Cenozoic,,,,,,Thomson Orogen
335799,Rhodes,,NT,131.341,-13.3483,mineral deposit,Au,,Gold,,Pine Creek Orogen,,,,,,,Pine Creek Orogen
333694,Yoganup Group/Iluka,"Yoganup, Yoganup Extended, Yoganup North",WA,115.6201,-33.6419,mineral deposit,"Ilm, Zrn, Leu, Mnsd",,"Ilmenite, Zircon, Leucoxene, Mineral sands",,Perth Basin,,Erosional,Placer,Paleoplacer heavy mineral sands,,Bunbury Trough,Pinjarra Orogen
335788,Whitwarta,,SA,138.368,-34.079,mineral deposit,Cbr,,Coal - brown,,St Vincent Basin,,,,,,,South Australian Element
334337,Rutherfords Reward,,WA,118.7696,-31.3334,mineral deposit,Au,,Gold,,Yilgarn Craton,,,,,,,West Australian Element
333864,Bardoc,,WA,121.2864,-30.3363,historic mine,Au,,Gold,,"Yilgarn Craton, Kalgoorlie Gold Metallogenic Province, Norseman-Wiluna Belt",Archean,,,,,,West Australian Element
334670,Pigeon Rocks,,WA,119.2681,-29.9129,mineral deposit,Fe,,Iron,,"Yilgarn Craton, Southern Cross Province",,,,,,,West Australian Element
335319,Naendip,,WA,119.6277,-34.0545,mineral deposit,Mn,MnOre,"Manganese, (Manganese ore)",,,,,,,,,Northern Foreland
860629,Danluce,,,121.3722,-29.2023,mineral deposit,Au,,Gold,,,,,,,,,West Australian Element
334022,New Star,,QLD,146.2494,-19.356,mineral deposit,Au,,Gold,,,Paleozoic,,,,,,Charters Towers Province
449195,Horseshoe - Yundamindra,,WA,122.1741,-29.1848,mineral deposit,Au,,Gold,,Yilgarn Craton,Archean,,,,,,West Australian Element
408596,Hodgkinson,,SA,139.41,-30.19,mineral deposit,"U, U3O8",,"Uranium, Uranium oxide",,Curnamona Province,Paleozoic,,,,,,Curnamona Province
334466,South Windarra,,WA,122.2411,-28.61,historic mine,Ni,,Nickel,,"Yilgarn Craton, Eastern Goldfields Province, Windarra Nickel Metallogenic Province",Archean,,,,,Carey Paleovalley,West Australian Element
333674,North Flinders,,SA,138.6666,-31.0804,mineral deposit,Pb,"Zn, Brt","Lead, (Zinc, Barite)",,Delamerian Orogen,Paleozoic,,,,,,South Australian Element
334484,Belgium,,QLD,140.4532,-21.5905,historic mine,Cu,,Copper,,"Mount Isa Orogen, Quamby-Malbon Zone",Proterozoic,,,,,,Marimo-Staveley Domain
336059,Mount Holland,,WA,119.689,-32.4227,mineral deposit,Au,,Gold,,Yilgarn Craton,,,,,,,West Australian Element
557742,North Capel Extended (M70/01117),,WA,115.5811,-33.5159,mineral deposit,"Ilm, Zrn, Rt, Leu",,"Ilmenite, Zircon, Rutile, Leucoxene",,,,,,,,Bunbury Trough,Pinjarra Orogen
334084,Pernatty,Pernatty Lagoons,SA,137.211,-31.5981,historic mine,"Ag, Cu",,"Silver, Copper",,Stuart Shelf,Proterozoic,,,,,Cariewerloo Basin,South Australian Element
336282,Won Wron,South Gippsland,VIC,146.66,-38.43,mineral deposit,Cbr,,Coal - brown,Department of Primary Industries,Gippsland Basin,Cenozoic,,,,,Selwyn Province,Melbourne-Mathinna Zone
336283,Bombay - Costerfield,Costerfield Project,VIC,144.7945,-36.8786,historic mine,"Sb, Au",,"Antimony, Gold",Mandalay Resources Corporation,"Lachlan Orogen, Lachlan Orogen",,,,,,Selwyn Province,Melbourne-Mathinna Zone
336284,Higgs,,TAS,146.1086,-41.4866,mineral deposit,"Au, Ag, Zn, Pb",,"Gold, Silver, Zinc, Lead",Frontier Resources Limited,Delamerian Orogen,Paleozoic,,,,,Thylacine Province,Delamerian Orogen
336285,Bell Creek,"Gunnawarra, Nornico",QLD,145.1635,-17.9703,mineral deposit,"Ni, Co, Sc",,"Nickel, Cobalt, Scandium",Australian Mines Ltd,,Cenozoic,,,,,,Thomson Orogen
336286,Two Boys - Higginsville,,WA,121.725,-31.7404,historic mine,Au,,Gold,"Alacer Gold Corporation, Karora Resources Inc, Metals X Limited, RNC Minerals","Yilgarn Craton, Eastern Goldfields Province, Kalgoorlie Gold Metallogenic Province, Norseman-Wiluna Belt",Archean,,,,,,West Australian Element
336288,McPhee Creek,,WA,120.1415,-21.5843,mineral deposit,FeOre,Fe,"Iron ore, (Iron)",Atlas Iron Ltd,Pilbara Craton,,Basin chemical,Iron formation,Superior-type banded iron formation,Warakurna Large Igneous Province,,Pilbara Craton
336291,Turpentine,"Boomara, Hazel Creek",QLD,140.252,-19.7055,mineral deposit,Cu,Au,"Copper, (Gold)",Exco Resources Limited,"Mount Isa Inlier, Mount Isa Orogen",Proterozoic,,,,,,Mary Kathleen Domain
349857,Prospero,,WA,120.5801,-27.6331,mineral deposit,Ni,,Nickel,"Glencore Xstrata plc, Xstrata plc","Yilgarn Craton, Eastern Goldfields Province",Archean,,,,,Carey Paleovalley,West Australian Element
351641,Kalkaroo,,SA,140.525,-31.729,mineral deposit,"Cu, Au, Mo, Co",,"Copper, Gold, Molybdenum, Cobalt",Havilah Resources NL,Curnamona Province,Proterozoic,Basin hydrothermal,Sediment-hosted,Sediment-hosted copper ± Co,,,Curnamona Province
354850,McLeay,"Victor, Victor South",WA,121.6785,-31.1957,care and maintenance,"Ni, Co",,"Nickel, Cobalt",Independence Group NL,"Yilgarn Craton, Eastern Goldfields Province",Archean,,,,,,West Australian Element
354861,Cooke,Mt Edwards 166N,WA,121.5346,-31.4443,mineral deposit,Ni,,Nickel,Widgie Nickel Ltd,"Yilgarn Craton, Eastern Goldfields Province",Archean,Magmatic,Komatiite,Komatiite nickel-copper-PGE,,,West Australian Element
355318,Norton,,QLD,151.3724,-24.3218,care and maintenance,Au,,Gold,"Norton Gold Fields Limited, OceanaGold Ltd.",Mossman Orogen,Paleozoic,,,,,,New England Orogen
355322,Bonshaw,"Ashford, Aurthurs Seat, Brunt",NSW,151.107,-29.223,mineral deposit,Cbl,,Coal - black,Whitehaven Coal Limited,Ashford Basin,,,,,,,New England Orogen
355324,Iron Monarch,,WA,119.9051,-26.7909,mineral deposit,Au,,Gold,Golden West Resources Ltd,Yilgarn Craton,,,,,,,West Australian Element
355326,Hawk,,WA,119.9516,-26.8051,mineral deposit,Au,,Gold,Tanami Gold NL,Yilgarn Craton,,,,,,,West Australian Element
355333,Cape Lambert Magnetite (MCC),,WA,117.0778,-20.7095,mineral deposit,FeOre,"Fe, Hem","Iron ore, (Iron, Hematite)",China Metallurgical Group Corporation,Pilbara Craton,,Volcanic basin hydrothermal,Volcanogenic,Algoma-type banded iron formation,Warakurna Large Igneous Province,,Pilbara Craton
356576,Kohinoor,Pine Creek Project,NT,131.8399,-13.833,mineral deposit,Au,,Gold,Crocodile Gold Corporation,Pine Creek Orogen,Proterozoic,,,,,,Pine Creek Orogen
357585,Tarrawonga,East Boggabri,NSW,150.163,-30.638,operating mine,Cbl,,Coal - black,Whitehaven Coal Limited,Gunnedah Basin,,,,,,Gunnedah Basin,Eastern Province
357601,Werris Creek,,NSW,150.6395,-31.407,care and maintenance,Cbl,,Coal - black,Whitehaven Coal Limited,Gunnedah Basin,,,,,,Gunnedah Basin,New England Orogen
358262,Ricks - Fortnum,Grosvenor Gold Project,WA,118.3589,-25.3248,mineral deposit,Au,,Gold,"Westgold Resources Limited, Resource and Investment NL",Yilgarn Craton,Proterozoic,,,,Warakurna Large Igneous Province,Bryah Basin,West Australian Element
358428,Burbanks,Birthday Gift,WA,121.1375,-31.0279,operating mine,Au,,Gold,Horizon Minerals Ltd.,"Yilgarn Craton, Eastern Goldfields Province, Kalgoorlie Gold Metallogenic Province",Archean,,,,,,West Australian Element
358430,Czarina,Pine Creek Project,NT,131.8278,-13.822,historic mine,Au,,Gold,Crocodile Gold Corporation,Pine Creek Orogen,Proterozoic,,,,,,Pine Creek Orogen
358432,Esmeralda,Union Reefs Project,NT,131.8299,-13.756,historic mine,Au,,Gold,"Crocodile Gold Corporation, Newmarket Gold Inc",Pine Creek Orogen,Paleoproterozoic,Metamorphic hydrothermal,Orogenic,Mesozonal orogenic gold,,,Pine Creek Orogen
358434,International,Pine Creek Project,NT,131.8218,-13.8166,mineral deposit,Au,,Gold,Crocodile Gold Corporation,Pine Creek Orogen,Proterozoic,,,,,,Pine Creek Orogen
528015,Vickery South,,NSW,150.194,-30.794,mineral deposit,Cbl,,Coal - black,Coalworks Ltd,Gunnedah Basin,,,,,,Gunnedah Basin,Eastern Province
528089,Kingaroy (Moreton Resources),,QLD,151.82,-26.62,mineral deposit,Cbl,,Coal - black,Moreton Resources Limited,Tarong Basin,,,,,,,New England Orogen
528092,Hill 800,,VIC,146.3767,-37.327,mineral deposit,Au,,Gold,Goldsearch Limited,Melbourne-Mathinna Zone,,Volcanic basin hydrothermal,Volcanogenic massive sulfide (VMS),Felsic-siliciclastic VMS,,Selwyn Province,Tasman Element
528094,Warrawanda (Atlas),Wishbone,WA,120.039,-23.707,mineral deposit,Fe,FeOre,"Iron, (Iron ore)",Atlas Iron Ltd,Pilbara Craton,,,,,Warakurna Large Igneous Province,,Sylvania Dome
528109,Yerecoin Iron,,WA,116.369,-30.9505,mineral deposit,"FeOre, Fe",,"Iron ore, Iron","Burley Minerals Ltd, Cliffs Natural Resources, Radar Iron Ltd",Yilgarn Craton,,,,,,,West Australian Element
528301,Western Creek (Atlas),,WA,119.3947,-23.3679,mineral deposit,"FeOre, Fe",,"Iron ore, Iron",Atlas Iron Ltd,Pilbara Craton,,,,,Warakurna Large Igneous Province,Fortescue Basin,Pilbara Craton
529194,Crush Creek,,QLD,147.8111,-20.4395,mineral deposit,"Au, Ag",,"Gold, Silver",Navarre Minerals Limited,New England Orogen,,,,,,,Connors-Auburn Province
529220,Budgery,,NSW,146.6862,-31.5303,under development,Cu,"Au, Ag","Copper, (Gold, Silver)",Aeris Resources Limited,"Lachlan Orogen, Girilambone Zone",,Volcanic basin hydrothermal,Volcanogenic massive sulfide (VMS),Mafic-siliciclastic VMS,,,Central NSW - Omeo Province
529299,Hillside,,SA,137.8722,-34.5375,feasibility,"Cu, Au",Fe,"Copper, Gold, (Iron)",Rex Minerals Limited,"Gawler Craton, Olympic Domain",,Magmatic hydrothermal,Epithermal,High-sulfidation (HS) epithermal silver-gold ± Cu,,Stansbury Basin,Olympic Domain
529552,McPhillamys,,NSW,149.3222,-33.4884,mineral deposit,Au,Cu,"Gold, (Copper)",Regis Resources Limited,"Lachlan Orogen, Hill End Trough",,Metamorphic hydrothermal,Orogenic,Mesozonal orogenic gold,,,Eastern Province
529577,South Woodie Woodie,Tally-Ho,WA,121.2261,-22.3405,mineral deposit,"MnOre, Mn",,"Manganese ore, Manganese",Trek Metals Ltd,,,,,,Warakurna Large Igneous Province,Collier Basin,Pilbara Craton
529756,Carrapateena,,SA,137.4984,-31.2175,operating mine,"Cu, Au","Ag, U3O8","Copper, Gold, (Silver, Uranium oxide)",BHP Group Limited,"Gawler Craton, Olympic Domain",,Regional metasomatic,IOCG,Hematite-dominant IOCG,,Cariewerloo Basin,Olympic Domain
529923,Cobbora,,NSW,149.2507,-32.2203,mineral deposit,Cbl,,Coal - black,"Cobbora Holding Company, Delta Electricity, Eraring Energy, Macquarie Generation",Gunnedah Basin,,,,,,Gunnedah Basin,Eastern Province
529924,Watermark,,NSW,150.375,-31.247,mineral deposit,Cbl,,Coal - black,"China Shenhua Energy Company Limited, Shenhua Group",Gunnedah Basin,,,,,,Gunnedah Basin,Eastern Province
529938,Norwood,,QLD,149.451,-26.154,mineral deposit,Cbl,,Coal - black,"Unnamed Owner, Metro Mining Limited, MetroCoal Ltd",Surat Basin,,,,,,Surat Basin,Anakie Province
529946,MDL 162,,QLD,148.903,-23.437,mineral deposit,Cbl,,Coal - black,"MCG Coal Holdings Pty Ltd., Macarthur Coal",Bowen Basin,,,,,,Bowen Basin,Anakie Province
529951,Mackenzie River,Mackenzie River,QLD,148.476,-23.583,mineral deposit,Cbl,,Coal - black,Stanmore Coal Limited,Bowen Basin,,,,,,Bowen Basin,Anakie Province
529957,Gem,Cloncurry North,QLD,140.2287,-20.269,mineral deposit,"Cu, Au",,"Copper, Gold","Hammer Metals Ltd, Chinalco Yunnan Copper Resources Limited",Mount Isa Orogen,,,,,,,Mary Kathleen Domain
530061,Mid-West (Atlas Iron),,WA,117.6845,-26.944,mineral deposit,Fe,FeOre,"Iron, (Iron ore)",Fenix Resources Limited,Yilgarn Craton,,,,,Warakurna Large Igneous Province,,West Australian Element
530063,Mount Dove (Atlas Iron),,WA,118.461,-20.937,closed,"FeOre, Fe",,"Iron ore, Iron",Atlas Iron Ltd,Pilbara Craton,,,,,Warakurna Large Igneous Province,,Pilbara Craton
530067,Steeple Hill,,WA,122.354,-30.781,mineral deposit,FeOre,Fe,"Iron ore, (Iron)","FairStar Resources Ltd, Fairstar Resources",Yilgarn Craton,,,,,,,West Australian Element
530071,Bellary Springs,,WA,117.933,-23.083,mineral deposit,"FeOre, Fe",,"Iron ore, Iron",Pelican Resources,Pilbara Craton,,,,,Warakurna Large Igneous Province,Fortescue Basin,Pilbara Craton
530073,Yarram,Rum Jungle Project,NT,130.983,-12.983,mineral deposit,"FeOre, Fe",,"Iron ore, Iron",CuFe Ltd,,,,,,,,Pine Creek Orogen
530079,Mount Forrest,"Bulga Downs, Macaw, Paradise Bore, Toucan",WA,119.9633,-28.6734,mineral deposit,FeOre,Fe,"Iron ore, (Iron)","Mindax Limited, Norton Gold Fields Limited",Yilgarn Craton,,,,,,,West Australian Element
530381,Taralga Bauxite Project,,NSW,149.7,-34.4167,mineral deposit,Bx,Al2O3,"Bauxite, (Alumina)",Australian Bauxite Limited,Lachlan Orogen,,,,,,,Eastern Province
530499,Eugenia,,QLD,147.3889,-21.3574,mineral deposit,Au,,Gold,GBM Resources Limited,,,,,,,Drummond Basin,Anakie Province
530912,Maryvale,,QLD,152.084,-28.076,mineral deposit,Cbl,,Coal - black,"Clean Global Energy, Kaili Resources Ltd",Clarence-Moreton Basin,,,,,,Clarence-Moreton Basin,Yarrol Province
531533,Victoria,Red Cap Project,QLD,144.4219,-17.08,historic mine,"Ag, Cu, Au","Zn, Mo","Silver, Copper, Gold, (Zinc, Molybdenum)",Kagara Limited,Mossman Orogen,,,,,,,Mossman Orogen
531537,Montevideo,,QLD,144.2633,-16.9416,historic mine,"Ag, Zn, Cu, Pb",,"Silver, Zinc, Copper, Lead",Kagara Limited,Mossman Orogen,,,,,,,Mossman Orogen
531933,Crunchie,Rannes Project,QLD,150.0781,-24.2087,mineral deposit,"Ag, Au",,"Silver, Gold",SolGold plc,New England Orogen,,,,,,Bowen Basin,Connors-Auburn Province
531950,Spinifex Ridge - hematite (Moly Mines Ltd),,WA,120.1118,-20.8875,closed,"FeOre, Fe",,"Iron ore, Iron",Moly Mines Ltd,Pilbara Craton,,,,,,,Pilbara Craton
532918,Wandoo Bauxite Project,,WA,116.1539,-31.2347,mineral deposit,"Bx, Al2O3",,"Bauxite, Alumina","Alpha Bauxite Pty Ltd, Iron Mountain Mining Limited",Yilgarn Craton,,,,,,,West Australian Element
576331,North Sandalwood,Ora Banda Project,WA,121.0631,-30.3898,historic mine,Au,,Gold,"Zijin Mining Group Company Ltd, Norton Gold Fields Limited",Yilgarn Craton,Archean,,,,,,West Australian Element
576333,Sleeping Beauty,Ora Banda Project,WA,121.0497,-30.3724,historic mine,Au,,Gold,"Zijin Mining Group Company Ltd, Norton Gold Fields Limited",Yilgarn Craton,Archean,,,,,,West Australian Element
576336,Matts Dam South,Carbine Project,WA,121.0254,-30.5359,mineral deposit,Au,,Gold,"Zijin Mining Group Company Ltd, Norton Gold Fields Limited",Yilgarn Craton,Archean,unknown,unknown,unknown,,Roe Paleovalley,West Australian Element
576341,Cables,,WA,121.2558,-27.8056,mineral deposit,Au,,Gold,Leopard Resources NL,Yilgarn Craton,Archean,,,,,Carey Paleovalley,West Australian Element
576343,Mission,,WA,121.2653,-27.8008,mineral deposit,Au,,Gold,Leopard Resources NL,Yilgarn Craton,Archean,,,,,Carey Paleovalley,West Australian Element
576401,Kintore,Castle Hill Stage 2,WA,121.0106,-30.5904,historic mine,Au,,Gold,Evolution Mining Limited,Yilgarn Craton,Archean,,,,,,West Australian Element
576405,Castle Hill Stage 1,,WA,121.035,-30.6369,under development,Au,,Gold,Evolution Mining Limited,Yilgarn Craton,Archean,,,,,,West Australian Element
576463,Mount Berghaus,Turner River Gold Field,WA,118.4567,-20.7653,mineral deposit,Au,,Gold,De Grey Mining Limited,,Archean,,,,Warakurna Large Igneous Province,,Pilbara Craton
335228,Mended Hill,,QLD,138.608,-18.7541,historic mine,"Pb, Zn, Ag",,"Lead, Zinc, Silver",,"Mount Isa Orogen, Lawn Hill Platform",Proterozoic,,,,,,Century Domain
334575,Junction Gorge,,WA,119.0014,-22.5627,mineral deposit,Asb,,Asbestos,,Hamersley Basin,,,,,Warakurna Large Igneous Province,Hamersley Basin,Pilbara Craton
333498,Woodsreef,"Asbestos Mine, Mt Fibro, New Industry",NSW,150.738,-30.4031,historic mine,"Mg, Asb, MgO, Mgs",,"Magnesium, Asbestos, Magnesia (magnesium oxide), Magnesite",,New England Orogen,,,,,,,New England Orogen
335387,Pitfield,"Glenfine, Smythesdale",VIC,143.5833,-37.797,historic mine,Au,,Gold,,"Lachlan Orogen, Lachlan Orogen, Bendigo Gold Metallogenic Province",Cenozoic,,,,,,Stawell Zone
333658,Shay Gap,,WA,120.0729,-20.4675,historic mine,"Fe, FeOre",,"Iron, Iron ore",,Pilbara Craton,,,,,,,Pilbara Craton
334243,Pisces,"Caledonia, Curragh North, Jellinbah Station",QLD,148.865,-23.3029,mineral deposit,Cbl,,Coal - black,,Bowen Basin,,,,,,Bowen Basin,Anakie Province
861604,Brilliant,,,119.9691,-26.7173,mineral deposit,Au,,Gold,,,,,,,,,West Australian Element
333943,Inverell,,NSW,151.1511,-29.7953,historic mine,"Sn, SnO2",,"Tin, Tin oxide/cassiterite",,New England Orogen,,,,,,,New England Orogen
334747,Mount Devine,,QLD,139.8322,-20.5456,historic mine,Cu,,Copper,,"Mount Isa Orogen, Kalkadoon-Leichhardt Belt",Proterozoic,,,,,,Mary Kathleen Domain
334694,Kallanda,,QLD,145.8011,-18.9785,historic mine,Sn,,Tin,,Mossman Orogen,,,,,,,Mossman Orogen
335755,Clunes Goldfield,,VIC,143.783,-37.297,historic mine,Au,,Gold,,"Lachlan Orogen, Lachlan Orogen, Bendigo Gold Metallogenic Province, Bendigo Zone",,Metamorphic hydrothermal,Orogenic,Mesozonal orogenic gold,,,Bendigo Zone
335629,Andromache River,,QLD,148.26,-20.5669,mineral deposit,Cu,,Copper,,New England Orogen,,,,,,,Connors-Auburn Province
334929,Oraparinna,,SA,138.87,-31.3171,closed,Brt,,Barite,,Delamerian Orogen,,,,,,,South Australian Element
335158,Kingston,,VIC,143.932,-37.3735,mineral deposit,Au,,Gold,,Lachlan Orogen,,,,,,,Bendigo Zone
335949,Hampden,"Block 15, Block 37, Hampden Consols, Hampden Queen",QLD,140.5052,-21.2785,historic mine,"Au, Cu",,"Gold, Copper",,"Mount Isa Orogen, Kuridala-Selwyn Domain, Cloncurry-Selwyn Zone",Proterozoic,Regional metasomatic,Metasomatic iron,Iron sulfide polymetallic,,,Kuridala-Selwyn Domain
334399,True Blue,Esmeralda,QLD,142.2312,-18.1833,historic mine,Au,,Gold,,"Croydon Gold Metallogenic Province, Croydon Province, Georgetown Block",,,,,Croydon Province,,North Australian Element
334061,Christmas Creek,Chichester Ranges,WA,119.759,-22.3762,operating mine,FeOre,Fe,"Iron ore, (Iron)",,Pilbara Craton,,,,,Warakurna Large Igneous Province,Hamersley Basin,Pilbara Craton
866029,Fingal Rail,,,147.5076,-41.8253,under development,"Bx, Hem, FeOre, TiO2, Al2O3, Fe",,"Bauxite, Hematite, Iron ore, Titanium dioxide, Alumina, Iron",,,,,,,,Tasmania Basin,Melbourne-Mathinna Zone
455555,Martins Well 2,,SA,139.2163,-31.5117,historic mine,Mn,,Manganese,,Delamerian Orogen,,,,,,Arrowie Basin,South Australian Element
333442,Long Gully,,VIC,143.7465,-37.0867,mineral deposit,Au,,Gold,,Lachlan Orogen,,,,,,,Bendigo Zone
335898,BHP Yandi,"Eastern, Marillana Creek, Yandicoogina",WA,119.1033,-22.7348,operating mine,FeOre,Fe,"Iron ore, (Iron)",,Hamersley Basin,Cenozoic,,,,Warakurna Large Igneous Province,Yandicoogina Paleovalley,Pilbara Craton
334854,Beenup,,WA,115.2643,-34.2351,historic mine,"Ilm, Leu",Zrn,"Ilmenite, Leucoxene, (Zircon)",,Perth Basin,,Erosional,Placer,Heavy mineral sands,,Vasse Shelf,Leeuwin Province
334103,Bredbo,,NSW,149.1512,-35.9453,mineral deposit,Au,,Gold,,Lachlan Orogen,Paleozoic,,,,,,Eastern Province
333521,Sefton Park,,QLD,150.5844,-26.7869,mineral deposit,Cbl,,Coal - black,,Surat Basin,Mesozoic,,,,,Surat Basin,Connors-Auburn Province
334217,Noddy Creek,,TAS,145.4014,-42.4289,mineral deposit,Asb,,Asbestos,,Delamerian Orogen,,,,,,Thylacine Province,Delamerian Orogen
334137,Western Strands,,NSW,142.85,-33.49,mineral deposit,"Zrn, Rt, Ilm, Leu",,"Zircon, Rutile, Ilmenite, Leucoxene",,Murray Basin,,Erosional,Placer,Heavy mineral sands,,Murray Basin,Stawell Zone
335332,Little Bygoo,,NSW,146.8315,-34.2677,historic mine,Sn,,Tin,,Lachlan Orogen,,,,,,,Central NSW - Omeo Province
335970,Queen of Creation,,WA,122.3956,-28.1572,mineral deposit,Au,,Gold,,Yilgarn Craton,,unknown,unknown,unknown,,,West Australian Element
334704,Tent Hill,,NSW,151.6677,-29.4286,historic mine,Sn,,Tin,,New England Orogen,,,,,,,New England Orogen
333441,Mount Korong,,WA,121.9656,-28.6363,mineral deposit,Au,,Gold,,Yilgarn Craton,,,,,,,West Australian Element
334761,Fine Flower,Gordon Brook,NSW,152.6344,-29.4286,mineral deposit,Fe,,Iron,,New England Orogen,,,,,,,New England Orogen
335772,Straight Eight,,QLD,140.5462,-21.2605,historic mine,Cu,,Copper,,"Mount Isa Orogen, Cloncurry-Selwyn Zone",Proterozoic,,,,,,Doherty - Fig Tree Gully Domain
333409,O.P.,Proxham Park,QLD,139.0852,-19.3646,historic mine,Cu,,Copper,,"Mount Isa Orogen, Lawn Hill Platform",Proterozoic,,,,,,Mount Isa Orogen
606529,Stockpiles,,QLD,139.0452,-19.7731,mineral deposit,Cu,,Copper,,,,,,,,,Mount Isa Orogen
454693,Marshall Pool  (magnesite),,WA,120.9834,-28.3195,mineral deposit,Mg,,Magnesium,,,,,,,,,West Australian Element
334748,Mount Lindsay,,QLD,140.0552,-20.8056,historic mine,Cu,,Copper,,"Mount Isa Orogen, Mary Kathleen Zone",Proterozoic,,,,,,Mary Kathleen Domain
334827,Mount Taylor,Kingston,QLD,153.1139,-27.661,historic mine,Au,,Gold,,"New England Orogen, Gympie Gold Province, Gympie Province",Paleozoic,,,,,,New England Orogen
333413,Durham,,QLD,143.4742,-18.2861,historic mine,"Pb, Au, Ag",,"Lead, Gold, Silver",,"Etheridge Gold Metallogenic Province, Georgetown Block",Paleozoic,,,,,Etheridge Province,North Australian Element
335167,Yambulla,,NSW,149.5845,-37.1453,mineral deposit,Au,,Gold,,Lachlan Orogen,,Magmatic hydrothermal,Intrusion-related,,,,Mallacoota Zone
334774,Laverton Downs,,WA,122.4181,-28.446,mineral deposit,Au,,Gold,,Yilgarn Craton,,,,,,,West Australian Element
336167,Hamersley Gorge,,WA,119.8994,-33.9085,mineral deposit,Mn,MnOre,"Manganese, (Manganese ore)",,,,,,,,,Northern Foreland
333777,Anduramba,,QLD,152.1079,-27.1409,mineral deposit,"Mo, Ag, Cu",,"Molybdenum, Silver, Copper",,New England Orogen,,,,,,,New England Orogen
335348,Broken Hill - North,,NSW,141.4513,-31.9655,mineral deposit,"Zn, Pb, Ag","Au, Cu","Zinc, Lead, Silver, (Gold, Copper)",,Curnamona Province,,,,,,,Curnamona Province
335245,Copper Blow,,NSW,141.4846,-29.9955,mineral deposit,"Au, Cu",,"Gold, Copper",,Delamerian Orogen,Proterozoic,,,,,Lake Eyre Basin,Delamerian Orogen
335630,Baryulgil,,NSW,152.588,-29.2328,historic mine,Asb,,Asbestos,,New England Orogen,,,,,,,New England Orogen
334657,Labour Victory,,QLD,140.4662,-21.4445,historic mine,"Cu, Au",,"Copper, Gold",,"Mount Isa Orogen, Cloncurry-Selwyn Zone",Proterozoic,,,,,,Kuridala-Selwyn Domain
333646,Christmas,,WA,121.2425,-30.7167,mineral deposit,Au,,Gold,,Yilgarn Craton,,,,,,Roe Paleovalley,West Australian Element
519414,Mighty Splash,,WA,121.6944,-28.6989,mineral deposit,Au,,Gold,,Yilgarn Craton,,,,,,,West Australian Element
335843,Cape Bougainville Group,"Admiralty Gulf, Cape Bougainville East, North, West",WA,126.0971,-13.9552,mineral deposit,V,"Bx, V2O5","Vanadium, (Bauxite, Vanadium pentoxide)",,Kimberley Basin,Cenozoic,Supergene,Laterite,Bauxite,Kalkarindji Igneous Province,Speewah Basin,North Australian Element
333793,Mangano,,QLD,140.4413,-21.0857,mineral deposit,Mn,MnOre,"Manganese, (Manganese ore)",,Mount Isa Orogen,Proterozoic,,,,,,Mitakoodi Domain
333805,Cattlin Creek,,WA,120.0345,-33.5633,mineral deposit,"Ta2O5, Ta, Li, Li2O",,"Tantalum pentoxide, Tantalum, Lithium, Lithium oxide",,Yilgarn Craton,,,,,,,Yilgarn Craton
429273,Trident Prospect,,QLD,143.6465,-18.1403,mineral deposit,"U, U3O8",,"Uranium, Uranium oxide",,,Proterozoic,,,,,Etheridge Province,North Australian Element
335828,Williams Fancy,,VIC,143.7003,-37.7774,historic mine,Au,,Gold,,Lachlan Orogen,Paleozoic,,,,,,Bendigo Zone
333702,Chiltern,Rutherglen,VIC,146.5755,-36.1492,historic mine,Au,,Gold,,"Lachlan Orogen, Lachlan Orogen, Tabberabbera Zone",Cenozoic,Metamorphic hydrothermal,Orogenic,Mesozonal orogenic gold,,,Lachlan Orogen
333339,Donnellys Comstock,,SA,138.0346,-31.3456,mineral deposit,Fe,,Iron,,Gawler Craton,,,,,,Arrowie Basin,Olympic Domain
334846,Dolomite,,QLD,140.4442,-20.7366,historic mine,"Au, Cu",,"Gold, Copper",,"Mount Isa Orogen, Quamby-Malbon Zone",Proterozoic,,,,,,Mitakoodi Domain
336273,Byrnes Tank,,NSW,142.8,-33.64,mineral deposit,"Zrn, Rt, Ilm, Leu",,"Zircon, Rutile, Ilmenite, Leucoxene",,Murray Basin,,Erosional,Placer,Heavy mineral sands,,Murray Basin,Stawell Zone
334224,Rosewood,part of New Oakleigh,QLD,152.622,-27.6082,mineral deposit,Cbl,,Coal - black,,Clarence-Moreton Basin,Mesozoic,,,,,Clarence-Moreton Basin,New England Orogen
333562,Bayswater No.3,Mt Arthur,NSW,150.84,-32.3758,historic mine,Cbl,,Coal - black,,Sydney Basin,,,,,,Sydney Basin,Eastern Province
335900,Finigans Tank,,NSW,142.6939,-33.7469,mineral deposit,"Zrn, Rt, Ilm, Leu",,"Zircon, Rutile, Ilmenite, Leucoxene",,Murray Basin,,Erosional,Placer,Heavy mineral sands,,Murray Basin,Stawell Zone
455559,Yanyarrie Station,,SA,138.5008,-32.3078,historic mine,Mn,,Manganese,,Delamerian Orogen,,,,,,,South Australian Element
333736,Butlers Lode,,NSW,151.6341,-29.3282,historic mine,"W, Sn",,"Tungsten, Tin",,New England Orogen,,,,,,,New England Orogen
335272,Telfer East,,WA,115.0432,-33.6557,mineral deposit,"Zrn, Mnz, Leu, Ilm, Rt",,"Zircon, Monazite, Leucoxene, Ilmenite, Rutile",,,,,,,,,Leeuwin Province
335745,Woolwonga,,NT,131.5505,-13.4045,historic mine,Au,,Gold,,"Pine Creek Orogen, Mount Todd Gold Metallogenic Province",Proterozoic,Metamorphic hydrothermal,Orogenic,Mesozonal orogenic gold,,,Pine Creek Orogen
523778,Klondyke Queen,,WA,119.8876,-21.3355,mineral deposit,Au,,Gold,,Pilbara Craton,,Metamorphic hydrothermal,Orogenic,Mesozonal orogenic gold,Warakurna Large Igneous Province,,Pilbara Craton
334503,Gretley,New Wallsend No2,NSW,151.6783,-32.9164,historic mine,Cbl,,Coal - black,,Sydney Basin,,,,,,Sydney Basin,Eastern Province
467249,Dam,,NT,132.023,-13.5682,mineral deposit,"U3O8, U",,"Uranium oxide, Uranium",,Pine Creek Orogen,Proterozoic,,,,,,Pine Creek Orogen
333623,Heron Well,,WA,121.3764,-29.0961,mineral deposit,Ni,,Nickel,,Yilgarn Craton,,,,,,,West Australian Element
455541,Boolcunda,,SA,138.414,-32.2723,historic mine,Mn,,Manganese,,Delamerian Orogen,,,,,,,South Australian Element
335418,Cutters Ridge,,WA,121.1811,-30.7675,mineral deposit,Au,,Gold,,"Yilgarn Craton, Eastern Goldfields Province",Archean,,,,,,West Australian Element
334347,Orebody 18,Shovelanna,WA,120.0483,-23.3284,operating mine,Fe,,Iron,,Hamersley Basin,Archean,,,,Warakurna Large Igneous Province,Hamersley Basin,Pilbara Craton
335656,Magword,Fishington,NSW,152.1688,-30.2215,historic mine,Sb,,Antimony,,New England Orogen,,,,,,,New England Orogen
333841,Dingo Hill - Katanning,Katanning Project,WA,117.9202,-33.5749,historic mine,Au,,Gold,,Yilgarn Craton,Archean,,,,,,West Australian Element
335398,Two Bobs,,QLD,140.5002,-21.1586,historic mine,"Cu, Ag, Au",,"Copper, Silver, Gold",,"Mount Isa Orogen, Cloncurry-Selwyn Zone",Proterozoic,,,,,,Doherty - Fig Tree Gully Domain
519578,Cheapside,,WA,121.071,-31.0551,historic mine,Au,,Gold,,Yilgarn Craton,,,,,,,West Australian Element
334166,Moura West,,QLD,149.94,-24.49,mineral deposit,Cbl,,Coal - black,,Bowen Basin,,,,,,Bowen Basin,Connors-Auburn Province
335706,Caloola,,NSW,149.4785,-33.5947,mineral deposit,Au,,Gold,,Lachlan Orogen,Paleozoic,,,,,,Eastern Province
549963,Gunnedah (EL5183),,NSW,150.0838,-30.9779,mineral deposit,Cbl,,Coal - black,,Gunnedah Basin,,,,,,,Eastern Province
335149,Una,,QLD,140.1652,-20.3466,historic mine,"Au, Cu",,"Gold, Copper",,"Mount Isa Orogen, Mary Kathleen Zone",Proterozoic,,,,,,Mary Kathleen Domain
335084,Millers Mill,Warners Glen,WA,115.2132,-34.1807,mineral deposit,Zrn,"Ilm, Leu","Zircon, (Ilmenite, Leucoxene)",,,,Erosional,Placer,Heavy mineral sands,,Vasse Shelf,Leeuwin Province
333443,Wolverton,,QLD,143.0025,-13.3101,historic mine,"SnO2, Sn",,"Tin oxide/cassiterite, Tin",,,,,,,,Savannah Province,North Australian Element
335284,North Nuggety Ajax,,VIC,144.1297,-37.3379,historic mine,Au,,Gold,,Lachlan Orogen,Paleozoic,,,,,,Bendigo Zone
455557,Mount Tara,,VIC,148.1889,-37.5533,mineral deposit,Mn,,Manganese,,Lachlan Orogen,,,,,,,Lachlan Orogen
335714,Mount Solitary,,NSW,145.9132,-32.8518,mineral deposit,"Au, Bi",,"Gold, Bismuth",,Lachlan Orogen,,,,,,Mount Hope Trough,Central NSW - Omeo Province
334793,Peak Downs East,,QLD,148.18,-22.1869,mineral deposit,Cbl,,Coal - black,,Bowen Basin,,,,,,Bowen Basin,Anakie Province
531509,Annas Brew,,WA,122.4103,-28.5889,mineral deposit,Au,,Gold,,Yilgarn Craton,Archean,,,,,Carey Paleovalley,West Australian Element
334719,Thalanga,"Orient, Vomacka, West 45",QLD,145.7699,-20.3419,historic mine,"Zn, Cu, Pb, Au, Cd, Bi","Ag, Sb","Zinc, Copper, Lead, (Silver, Gold, Cadmium, Bismuth, Antimony)",,"Charters Towers Province, Lolworth-Ravenswood Block, Thalanga Base Metal Metallogenic Province, Thalanga Province, Seventy Mile Range Subprovince",,Volcanic basin hydrothermal,Volcanogenic massive sulfide (VMS),Bimodal felsic VMS,,,Charters Towers Province
336011,Coolgardie,Coolgardie North,WA,121.152,-30.8904,historic mine,Au,,Gold,,"Yilgarn Craton, Eastern Goldfields Province, Kalgoorlie Gold Metallogenic Province",Archean,,,,,,West Australian Element
334637,Nobles Nob,,NT,134.2901,-19.7115,historic mine,"Au, Cu","Ag, Bi","Gold, (Silver, Copper, Bismuth)",,"Tennant Creek Block, Warramunga Province, Warrego Metallogenic Province",Paleoproterozoic,Regional metasomatic,Metasomatic iron,Iron oxide gold,Kalkarindji Igneous Province,Warramunga Province,North Australian Element
335846,Coalstoun,,QLD,151.83,-25.6168,mineral deposit,Cu,,Copper,,New England Orogen,,,,,,,New England Orogen
334710,Dardanup (Doral),,WA,115.805,-33.3537,historic mine,"Ilm, Leu, Rt, Zrn",,"Ilmenite, Leucoxene, Rutile, Zircon",,,,,,,,Bunbury Trough,Pinjarra Orogen
526855,Benbow,,NSW,142.7343,-33.8295,mineral deposit,"Rt, Ilm, Zrn, Leu",,"Rutile, Ilmenite, Zircon, Leucoxene",,Murray Basin,,Erosional,Placer,Heavy mineral sands,,Murray Basin,Stawell Zone
333429,Dalmorton,,NSW,152.4441,-29.9119,mineral deposit,Au,,Gold,,New England Orogen,,,,,,,New England Orogen
336184,Bayswater No.2,,NSW,150.8914,-32.3505,historic mine,Cbl,,Coal - black,,Sydney Basin,,,,,,Sydney Basin,Eastern Province
517755,Parabarana,,SA,139.7082,-29.9832,mineral deposit,Cu,,Copper,,Curnamona Province,,,,,,,Curnamona Province
335514,Four Corners (Formerly Snake Hill),,WA,120.6,-29.3144,mineral deposit,"Ni, Mgs, Co",MgO,"Nickel, Magnesite, Cobalt, (Magnesia (magnesium oxide))",,"Yilgarn Craton, Eastern Goldfields Province, Kambalda Nickel Metallogenic Province",Cenozoic,,,,,,West Australian Element
334262,Errolls,,WA,119.0395,-27.3228,historic mine,Au,,Gold,,"Yilgarn Craton, Southern Cross Province",Archean,,,,,Hope Paleovalley,West Australian Element
363939,Duchess of York,,WA,122.0517,-31.0609,mineral deposit,Au,,Gold,,Yilgarn Craton,,,,,,,West Australian Element
456016,Beaconsfield Asbestos,"Andersons Creek A, Andersons Creek B, Andersons Creek C, Terrazo Q",TAS,146.7697,-41.1992,historic mine,Asb,,Asbestos,,Delamerian Orogen,,,,,,Tasmania Basin,Delamerian Orogen
335976,Douglas (Bondi),Bondi,VIC,141.777,-37.106,historic mine,"Ilm, Zrn, Rt, Leu","Ti, HM","Ilmenite, Zircon, Rutile, Leucoxene, (Titanium, Heavy minerals)",,Murray Basin,,,,,,Murray Basin,Delamerian Orogen
335753,Kiwi Carpet,,QLD,150.8774,-24.6637,mineral deposit,Cu,,Copper,,New England Orogen,,,,,,,Yarrol Province
334408,Prince George,,WA,116.7015,-28.2962,mineral deposit,Au,,Gold,,Yilgarn Craton,,,,,,,West Australian Element
334776,Rosehall,,QLD,150.751,-25.9953,mineral deposit,Au,,Gold,,New England Orogen,,,,,,Surat Basin,Connors-Auburn Province
336027,Barrington Goldfield,"Hidden Treasure, Mountain Maid",NSW,151.8301,-32.0018,historic mine,Au,,Gold,,"New England Orogen, Hillgrove Gold Metallogenic Province",,,,,,,New England Orogen
334958,Pine Mountain (Leighton),,VIC,147.8512,-36.0454,mineral deposit,"Fl, F",,"Fluorite, Fluorine",,Lachlan Orogen,,,,,,,Central NSW - Omeo Province
333603,Oakey Creek,Gordonbrook,NSW,152.6416,-29.3468,historic mine,Cr,,Chromium,,New England Orogen,,,,,,,New England Orogen
597297,Coxs Find,,NT,136.259,-22.679,mineral deposit,"Cu, Ag, Pb, Zn",,"Copper, Silver, Lead, Zinc",,,Paleoproterozoic,,,,Kalkarindji Igneous Province,,Aileron Province
333985,Mount Hope,,NSW,145.883,-32.8362,historic mine,"Ag, Au, Cu",,"Silver, Gold, Copper",,"Lachlan Orogen, Lachlan Orogen, Cobar Basin",,Metamorphic hydrothermal,Orogenic,Orogenic copper ± gold,,Mount Hope Trough,Central NSW - Omeo Province
557970,Basil,,NT,135.3134,-23.4129,mineral deposit,"Cu, Co, S",Fe,"Copper, Cobalt, Sulphur, (Iron)",,Irindina Province,,Volcanic basin hydrothermal,Volcanogenic massive sulfide (VMS),,Kalkarindji Igneous Province,,Irindina Province
336077,Whereat (Junction Hill),Junction Hill,QLD,149.9452,-23.0586,mineral deposit,"Ni, Co",,"Nickel, Cobalt",,New England Orogen,Cenozoic,,,,,,New England Orogen
336147,Linger And Die (Ora Banda),,WA,121.0298,-30.2531,mineral deposit,Ni,,Nickel,,"Yilgarn Craton, Eastern Goldfields Province",Cenozoic,,,,,Rebecca Paleovalley,West Australian Element
431048,Possum,,WA,121.1826,-30.9933,historic mine,Au,,Gold,,Yilgarn Craton,,,,,,,West Australian Element
335161,Black Ridge,,QLD,147.5864,-22.6323,mineral deposit,Au,,Gold,,,,,,,,Bowen Basin,Anakie Province
333699,Montacute,Adelaide Copper Mine,SA,138.7671,-34.8801,historic mine,"Au, Cu",,"Gold, Copper",,"Delamerian Orogen, Waukaringa",,,,,,,South Australian Element
333875,Orebody 25,Mt Newman,WA,119.787,-23.3283,operating mine,Fe,,Iron,,Hamersley Basin,Archean,,,,Warakurna Large Igneous Province,Hamersley Basin,Pilbara Craton
455550,Horseshoe (manganese),,WA,118.5608,-25.441,mineral deposit,Mn,,Manganese,,Yilgarn Craton,,,,,Warakurna Large Igneous Province,Bryah Basin,West Australian Element
334796,Chadwin-Magdala,,WA,120.7898,-30.3387,mineral deposit,Au,,Gold,,Yilgarn Craton,Archean,,,,,,West Australian Element
333457,Merriland,,QLD,146.2677,-20.0788,mineral deposit,Au,,Gold,,,,,,,,,Charters Towers Province
334763,Newrybar,,NSW,153.5677,-28.7619,historic mine,"Zrn, Ilm, Rt",,"Zircon, Ilmenite, Rutile",,,,,,,,,New England Orogen
334627,Golden Age,,WA,121.2467,-29.7072,mineral deposit,Au,,Gold,,"Yilgarn Craton, Eastern Goldfields Province",Archean,,,,,,West Australian Element
518393,Triple P B Zone,,WA,119.6476,-25.1971,historic mine,Au,,Gold,,Yilgarn Craton,,,,,Warakurna Large Igneous Province,,Marymia Dome
334274,Lady Sherry,,WA,121.0139,-29.6862,historic mine,Au,,Gold,,Yilgarn Craton,,,,,,,West Australian Element
599459,Summer Hill (tin),,QLD,145.1659,-17.5786,mineral deposit,Sn,,Tin,,,,,,,,,Mossman Orogen
335785,Blue Mountains,,NSW,150.2,-33.4869,historic mine,Cbl,,Coal - black,,Sydney Basin,,,,,,Sydney Basin,Eastern Province
333365,Lounge Lizard,,WA,119.6876,-32.4301,historic mine,Au,,Gold,,Yilgarn Craton,,,,,,,West Australian Element
333375,Bergalia,,NSW,150.1012,-35.9786,mineral deposit,Au,,Gold,,Lachlan Orogen,Paleozoic,,,,,,Eastern Province
333765,Iron Clad,,WA,119.0758,-27.3684,mineral deposit,Au,,Gold,,"Yilgarn Craton, Southern Cross Province",Archean,,,,,,West Australian Element
335751,Magnet,,TAS,145.4452,-41.4401,historic mine,"Pb, Ag, Zn",,"Lead, Silver, Zinc",,"Delamerian Orogen, Dundas Trough",,Magmatic hydrothermal,Vein,,,Thylacine Province,Delamerian Orogen
333641,Kulwin,"Pirro, Rownack, Woornack",VIC,142.6333,-35.0538,historic mine,"Mnsd, Rt, Zrn, Ilm",,"Mineral sands, Rutile, Zircon, Ilmenite",,Murray Basin,,,,,,Murray Basin,Stawell Zone
335946,Answer,,QLD,140.3612,-21.6676,historic mine,"Au, Cu",,"Gold, Copper",,"Mount Isa Orogen, Quamby-Malbon Zone",Proterozoic,,,,,,Marimo-Staveley Domain
335909,Wonnerup,,WA,115.4156,-33.6196,historic mine,"Ilm, Leu, Rt, Zrn",,"Ilmenite, Leucoxene, Rutile, Zircon",,,,,,,,Bunbury Trough,Pinjarra Orogen
333349,Woolgni,,NT,131.9634,-14.081,mineral deposit,Au,,Gold,,Pine Creek Orogen,,Metamorphic hydrothermal,Orogenic,Mesozonal orogenic gold,Kalkarindji Igneous Province,,Pine Creek Orogen
333952,Hadleigh South,,QLD,146.6154,-20.1047,mineral deposit,Au,,Gold,,,,,,,,,Charters Towers Province
333630,Deborah,,VIC,144.2847,-36.7621,mineral deposit,Au,,Gold,,Lachlan Orogen,,,,,,,Bendigo Zone
336224,Driffield,,VIC,146.3368,-38.2566,historic mine,Cbr,,Coal - brown,,Gippsland Basin,Proterozoic,,,,,Selwyn Province,Melbourne-Mathinna Zone
524839,Golden Web,,WA,121.0057,-31.0703,historic mine,Au,,Gold,,Yilgarn Craton,,,,,,,West Australian Element
335274,Gordon Inlet,,WA,119.5004,-34.2954,mineral deposit,"Ilm, Zrn, Rt",,"Ilmenite, Zircon, Rutile",,,,Erosional,Placer,Heavy mineral sands,,Bremer Paleovalley,Albany-Fraser Orogen
599377,Loy Yang Mine,,VIC,146.564,-38.2347,operating mine,Cbr,,Coal - brown,,Gippsland Basin,,,,,,Selwyn Province,Melbourne-Mathinna Zone
334192,Yerranderie,"Bartletts, Burragorong, Colon Peak, Wollondilly",NSW,150.207,-34.1138,historic mine,"Ag, Pb, Au",,"Silver, Lead, Gold",,"Lachlan Orogen, Lachlan Orogen, Yerranderie, Eden-Comerong-Yalwal Rift",,Magmatic hydrothermal,Epithermal,Intermediate-sulfidation (IS) epithermal silver-gold ± Zn,,,Eastern Province
815830,Capcoal open-cut,,QLD,148.551,-22.9026,operating mine,Cbl,,Coal - black,,Bowen Basin,,,,,,Bowen Basin,Anakie Province
335110,Bingara,,NSW,150.567,-29.8638,historic mine,Au,,Gold,,"New England Orogen, Hillgrove Gold Metallogenic Province",,,,,,,New England Orogen
333326,Mount Madden,,QLD,145.4344,-16.9955,mineral deposit,Au,,Gold,,Mossman Orogen,,,,,,,Mossman Orogen
334658,Magnet,,QLD,140.1962,-20.2716,historic mine,"Au, Cu",,"Gold, Copper",,"Mount Isa Orogen, Quamby-Malbon Zone",Proterozoic,,,,,,Mary Kathleen Domain
336236,Evening Star,Mt Wheeler,QLD,140.7432,-20.9865,historic mine,"Cu, Ag, Au",,"Copper, Silver, Gold",,"Mount Isa Orogen, Cloncurry-Selwyn Zone",Proterozoic,,,,,,Soldiers Cap Domain
333450,Bosuns,,VIC,143.9856,-37.2057,mineral deposit,Au,,Gold,,Lachlan Orogen,,,,,,,Bendigo Zone
336246,Cooranbong,,NSW,151.51,-33.0768,historic mine,Cbl,,Coal - black,,Sydney Basin,,,,,,Sydney Basin,Eastern Province
448432,Breakaway Dam,,WA,120.9664,-30.4999,historic mine,Au,,Gold,,Yilgarn Craton,,,,,,Roe Paleovalley,West Australian Element
455549,Woocalla,,SA,137.1808,-31.6858,mineral deposit,Mn,,Manganese,,Gawler Craton,,,,,,Cariewerloo Basin,South Australian Element
334514,Nindilbillup,,WA,120.2805,-33.5904,mineral deposit,"Ni, Co",,"Nickel, Cobalt",,Southern Cross Province,Cenozoic,,,,,,Northern Foreland
435570,Humboldt,,QLD,148.81,-23.94,mineral deposit,Cbl,,Coal - black,,Bowen Basin,,,,,,Bowen Basin,Anakie Province
431026,Calisi 1,,WA,116.0459,-27.9559,mineral deposit,Au,,Gold,,Yilgarn Craton,,,,,Warakurna Large Igneous Province,Yallbewong Paleovalley,West Australian Element
335615,Golden Valley (Minor Resource),,WA,121.6181,-30.5961,mineral deposit,Au,,Gold,,Yilgarn Craton,,,,,,,West Australian Element
335892,Newvale No.2,Endeavour,NSW,151.5622,-33.2275,historic mine,Cbl,,Coal - black,,Sydney Basin,,,,,,Sydney Basin,Eastern Province
333859,Rum Jungle,,NT,131.0012,-13.0258,mineral deposit,"Cu, Co, U, Zn","Pb, Ag","Copper, Cobalt, (Lead, Uranium, Zinc, Silver)",,,Proterozoic,,,,,,Pine Creek Orogen
568306,Murchison Downs,,WA,119.001,-26.8237,mineral deposit,"U, U3O8",,"Uranium, Uranium oxide",,,,,,,Warakurna Large Igneous Province,Hope Paleovalley,West Australian Element
334467,Wild Cattle Island-Hummock Hill (IA),,QLD,151.4,-23.9769,mineral deposit,"Rt, Zrn, Ilm, Mnz, Mnsd",,"Rutile, Zircon, Ilmenite, Monazite, Mineral sands",,New England Orogen,,Erosional,Placer,Heavy mineral sands,,,New England Orogen
333959,Lady Jenny,,QLD,139.9712,-20.9146,historic mine,"Au, Cu",,"Gold, Copper",,"Mount Isa Orogen, Kalkadoon-Leichhardt Belt",Proterozoic,,,,,,Mary Kathleen Domain
334237,Virginia,,VIC,144.2513,-36.7288,mineral deposit,Au,,Gold,,Lachlan Orogen,,,,,,,Bendigo Zone
336074,Yampire Gorge,,WA,118.473,-22.3797,mineral deposit,Asb,,Asbestos,,Hamersley Basin,,,,,Warakurna Large Igneous Province,Hamersley Basin,Pilbara Craton
335856,Marilyn,,QLD,140.5012,-21.6595,historic mine,Cu,,Copper,,"Mount Isa Orogen, Cloncurry-Selwyn Zone",Proterozoic,,,,,,Kuridala-Selwyn Domain
333393,Wagon Pass,,WA,124.628,-17.1737,mineral deposit,"Zn, Pb, Ag",,"Zinc, Lead, Silver",,"Canning Basin, Lennard Shelf",Paleozoic,Basin hydrothermal,Mississippi Valley-type (MVT),MVT zinc-lead,Kalkarindji Igneous Province,Canning Basin,King Leopold Orogen
333452,Copper Knob,,QLD,146.888,-20.0845,mineral deposit,"Au, Cu","Ag, Zn","Gold, (Silver, Copper, Zinc)",,,Paleozoic,,,,,,Charters Towers Province
860453,South Mine,,,120.2114,-26.7469,mineral deposit,Au,,Gold,,,,,,,,,West Australian Element
335148,Southern Cross,,QLD,140.4052,-21.0136,historic mine,"Au, Cu",,"Gold, Copper",,"Mount Isa Orogen, Quamby-Malbon Zone",Proterozoic,,,,,,Mitakoodi Domain
599386,Tyers,,VIC,146.47,-38.17,mineral deposit,Cbr,,Coal - brown,,Gippsland Basin,,,,,,Selwyn Province,Melbourne-Mathinna Zone
333974,Moline,Northern Hercules,NT,132.15,-13.6672,historic mine,Au,,Gold,,"Pine Creek Orogen, Mount Todd Gold Metallogenic Province",Proterozoic,Metamorphic hydrothermal,Orogenic,Mesozonal orogenic gold,,,Pine Creek Orogen
335021,Mole River,,NSW,151.7582,-29.1024,historic mine,As,,Arsenic,,New England Orogen,,,,,,,New England Orogen
334225,Alpha Island,,WA,121.6681,-31.2336,mineral deposit,Ni,,Nickel,,Yilgarn Craton,,,,,,Lefroy Paleovalley,West Australian Element
333571,North Cornish,,VIC,144.1441,-37.3481,historic mine,Au,,Gold,,Lachlan Orogen,Paleozoic,,,,,,Bendigo Zone
335040,Kajabbi,,QLD,140.0022,-20.1676,mineral deposit,"Au, Cu",,"Gold, Copper",,Mount Isa Orogen,Proterozoic,,,,,,Mary Kathleen Domain
333723,Boxvale,Taroom,QLD,149.8761,-25.687,mineral deposit,Cbl,,Coal - black,,Surat Basin,,,,,,Surat Basin,Connors-Auburn Province
334561,Parkes Goldfield,"Billabong, Bushman, London-Victoria",NSW,148.123,-33.1634,historic mine,Au,,Gold,,"Lachlan Orogen, Lachlan Orogen, Cadia Porphyry Copper Gold Metallogenic Province, Junee - Narromine Igneous Subprovince",Paleozoic,Metamorphic hydrothermal,Orogenic,Mesozonal orogenic gold,,,Eastern Province
519936,Adamsfield,,TAS,146.3296,-42.7279,historic mine,"Ir, OsIr, Pd, Rh, Ru, PGE","Pt, Os","Iridium, Osmiridium, (Platinum, Palladium, Rhodium, Ruthenium, Platinum group elements, Osmium)",,Delamerian Orogen,,Magmatic,Ultramafic and (or) mafic-layered intrusion,U-M layered intrusion PGE,,Thylacine Province,Delamerian Orogen
335974,Ooldea,,SA,131.9313,-30.3758,mineral deposit,Fe,,Iron,,Gawler Craton,,,,,,Eucla Basin,South Australian Element
641088,Quod Est,,WA,116.9268,-21.08,mineral deposit,"Au, Co, Cu, Ag",,"Gold, Cobalt, Copper, Silver",,,,,,,Warakurna Large Igneous Province,,Pilbara Craton
558003,South Blackall,South Gumbardo Creek,QLD,145.163,-26.2833,mineral deposit,Cbl,,Coal - black,,Eromanga Basin,,,,,,Adavale Basin,Thomson Orogen
449948,Nebo South,,QLD,148.61,-21.872,mineral deposit,Cbl,,Coal - black,,Bowen Basin,,,,,,Bowen Basin,Connors-Auburn Province
335389,Stockton,Fullerton,NSW,151.82,-32.8668,historic mine,"Mnz, Ilm, Mnsd, Zrn, Rt",,"Monazite, Ilmenite, Mineral sands, Zircon, Rutile",,New England Orogen,,,,,,Sydney Basin,Eastern Province
334348,Boodanoo,,WA,118.3357,-28.6273,mineral deposit,HM,,Heavy minerals,,"Yilgarn Craton, Southern Cross Province",Cenozoic,,,,,Austin Paleovalley,West Australian Element
336039,Flagship,"Flagship 1, Flagship 2",QLD,140.783,-20.93,historic mine,"Au, Cu",,"Gold, Copper",,"Mount Isa Orogen, Cloncurry-Selwyn Zone",Proterozoic,,,,,,Soldiers Cap Domain
455068,Latrobe,,TAS,146.4223,-41.2666,mineral deposit,Osh,,Oil shale,,,,,,,,Thylacine Province,Delamerian Orogen
333857,Ministers North,,WA,119.1154,-22.8216,mineral deposit,FeOre,Fe,"Iron ore, (Iron)",,Pilbara Craton,,,,,Warakurna Large Igneous Province,Hamersley Basin,Pilbara Craton
336010,Broad Arrow - Allen,,WA,121.3703,-30.4392,historic mine,Au,,Gold,,"Yilgarn Craton, Kalgoorlie Gold Metallogenic Province, Southern Cross Province",Archean,,,,,,West Australian Element
533507,Patty,,WA,120.5974,-27.8468,mineral deposit,Au,,Gold,,Yilgarn Craton,,,,,,,West Australian Element
861550,Nevoria Pegmatite,,,119.58,-31.51,mineral deposit,,,,,"Yilgarn Craton, Southern Cross Domain (Youanmi Terrane)",,,,,,,West Australian Element
333321,Hawkwood,,QLD,150.8528,-25.7881,mineral deposit,"FeOre, Fe, TiO2, V, Mag","Ti, V2O5","Iron ore, Iron, Titanium dioxide, Vanadium, Magnetite, (Titanium, Vanadium pentoxide)",,New England Orogen,,Magmatic,Ultramafic and (or) mafic-layered intrusion,U-M layered intrusion nickel-copper-PGE,,,Connors-Auburn Province
333483,Kathleen Valley,,WA,120.56,-27.52,mineral deposit,Au,,Gold,,"Yilgarn Craton, Eastern Goldfields Province",Archean,,,,,,West Australian Element
333487,Nerrigundah,Brassknocker,NSW,149.7537,-36.2238,historic mine,"Au, Cu, Ag, Pb",,"Gold, Copper, Silver, Lead",,"Lachlan Orogen, Lachlan Orogen, Nerrigundah",Paleozoic,,,,,,Eastern Province
334447,Oberon,,NSW,149.8,-33.8,operating mine,"Fel, Mica",,"Feldspar, Mica",,Lachlan Orogen,,,,,,,Eastern Province
334201,Horse Creek,,QLD,140.3262,-21.4026,historic mine,Cu,,Copper,,"Mount Isa Orogen, Quamby-Malbon Zone",Proterozoic,,,,,,Mitakoodi Domain
861610,Iron Hawk,,,119.9513,-26.8058,mineral deposit,Au,,Gold,,,,,,,,,West Australian Element
335758,Valla,Nambucca Heads,NSW,153.0065,-30.5587,historic mine,"Au, As",,"Gold, Arsenic",,"New England Orogen, Hillgrove Gold Metallogenic Province",,,,,,,New England Orogen
333540,Abbotshall,,WA,121.7076,-32.242,mineral deposit,Au,,Gold,,Yilgarn Craton,,,,,,,West Australian Element
334593,Boundary - Fortnum,,WA,117.7831,-25.5764,mineral deposit,Au,,Gold,,"Yilgarn Craton, Narryer Terrane",Archean,,,,Warakurna Large Igneous Province,Bryah Basin,West Australian Element
335614,Bunyip Dam,,WA,121.1608,-30.383,mineral deposit,Au,,Gold,,Yilgarn Craton,,,,,,,West Australian Element
333914,Coorumburra,,QLD,149.951,-22.8787,mineral deposit,"Ni, Co",,"Nickel, Cobalt",,New England Orogen,Cenozoic,,,,,,New England Orogen
336196,Ledge Point,,WA,115.2319,-34.308,mineral deposit,"Rt, Leu, Zrn, Ilm",,"Rutile, Leucoxene, Zircon, Ilmenite",,,,,,,,Vasse Shelf,Leeuwin Province
333838,Stuart,,QLD,151.1439,-23.7913,historic mine,Osh,,Oil shale,,,,,,,,,New England Orogen
335663,Manxman,,QLD,139.8202,-20.4466,historic mine,Cu,,Copper,,"Mount Isa Orogen, Kalkadoon-Leichhardt Belt",Proterozoic,,,,,,Kalkadoon-Leichhardt Domain
335950,Rosebud,,QLD,139.9732,-20.8306,historic mine,Cu,,Copper,,"Mount Isa Orogen, Kalkadoon-Leichhardt Belt",Proterozoic,,,,,,Mary Kathleen Domain
560635,Buchanan Dam,,NT,136.3593,-19.2098,mineral deposit,"P2O5, Phos",,"Phosphorus oxide, Phosphate",,Georgina Basin,,Basin chemical,Phosphorite,Phosphorite,Kalkarindji Igneous Province,Warramunga Province,North Australian Element
335422,Surprise - Norseman,,WA,121.8064,-32.2531,mineral deposit,Au,,Gold,,Yilgarn Craton,,,,,,,West Australian Element
858536,Gundyer,,,148.3212,-22.023,mineral deposit,Cbl,,Coal - black,,Bowen Basin,,,,,,Bowen Basin,Anakie Province
333639,Breadalbane,,NSW,149.444,-34.7904,historic mine,FeOre,Fe,"Iron ore, (Iron)",,Lachlan Orogen,,,,,,,Eastern Province
335723,Lochbar,Millmerran,QLD,151.2649,-27.973,mineral deposit,Cbl,,Coal - black,,Clarence-Moreton Basin,Mesozoic,,,,,Clarence-Moreton Basin,New England Orogen
334167,Mount Leyshon,,QLD,146.2719,-20.2876,historic mine,"Au, Ag",,"Gold, Silver",,"Charters Towers Province, Lolworth-Ravenswood Block, Mount Leyshon Gold Metallogenic Province",,Magmatic hydrothermal,Intrusion-related,Reduced intrusion-related gold,,,Charters Towers Province
335132,Thomson River,Walhalla,VIC,146.4262,-37.9811,historic mine,"Cu, Pd, Ag, Au","Pt, PGE","Copper, Palladium, Silver, Gold, (Platinum, Platinum group elements)",,"Lachlan Orogen, Lachlan Orogen",Paleozoic,,,,,Selwyn Province,Melbourne-Mathinna Zone
636111,Murrin Murrin Magnesite,,WA,121.8584,-28.8114,mineral deposit,Mgs,,Magnesite,,,,,,,,,West Australian Element
336106,Taurus Eluvials,"Bulong, Taurus Eluvials",WA,121.8448,-30.7181,historic mine,Au,,Gold,,"Yilgarn Craton, Kalgoorlie Gold Metallogenic Province, Norseman-Wiluna Belt",Archean,,,,,,West Australian Element
333322,Kennedy Gap,Y10,WA,120.3364,-20.5885,historic mine,FeOre,Fe,"Iron ore, (Iron)",,Pilbara Craton,,,,,,Officer Basin,Pilbara Craton
334764,Highclere,,TAS,145.8242,-41.1978,mineral deposit,Fe,,Iron,,Delamerian Orogen,,,,,,Thylacine Province,Delamerian Orogen
335649,Tomago,,NSW,152.1,-32.7468,historic mine,"Rt, Zrn, Mnsd, Mnz, Ilm, Ti, HM",,"Rutile, Zircon, Mineral sands, Monazite, Ilmenite, Titanium, Heavy minerals",,Sydney Basin,,Erosional,Placer,Heavy mineral sands,,,New England Orogen
648301,Flying Hi,,WA,116.9384,-28.8681,mineral deposit,"Au, Ag, Cu, Zn",,"Gold, Silver, Copper, Zinc",,,,,,,,,West Australian Element
334656,Diagonal,,QLD,140.2702,-20.9846,historic mine,"Au, Cu",,"Gold, Copper",,"Mount Isa Orogen, Quamby-Malbon Zone",Proterozoic,,,,,,Mitakoodi Domain
333895,Little Bit,"Big Bit, Little Bit Extended",QLD,139.8032,-21.8136,historic mine,Cu,,Copper,,"Mount Isa Orogen, Kalkadoon-Leichhardt Belt",Proterozoic,,,,,,Kalkadoon-Leichhardt Domain
334134,Jimberlana (Anaconda Nickel),,WA,120.4542,-32.237,mineral deposit,"Ni, Co",,"Nickel, Cobalt",,Yilgarn Craton,Cenozoic,,,,,,West Australian Element
335344,Cemetery Reef,,VIC,143.7612,-37.0563,mineral deposit,Au,,Gold,,Lachlan Orogen,,,,,,,Bendigo Zone
334824,Mount Wells,,NT,131.713,-13.4996,historic mine,"Sn, Cu",,"Tin, Copper",,Pine Creek Orogen,Proterozoic,unknown,unknown,unknown,,,Pine Creek Orogen
333341,Ellendale 4,,WA,124.9232,-17.6671,mineral deposit,"Dmd, Dmdi, Dmdg",,"Diamond - undifferentiated, Diamond - industrial, Diamond - gem and cheap gem",,,,Magmatic,Kimberlite,Kimberlite diamond,Kalkarindji Igneous Province,Oscar Range Province,King Leopold Orogen
335298,Berry,,VIC,143.9045,-37.3192,historic mine,Au,,Gold,,"Lachlan Orogen, Lachlan Orogen",Cenozoic,,,,,,Bendigo Zone
335074,Bungalbin,,WA,119.6972,-30.3509,mineral deposit,Fe,FeOre,"Iron, (Iron ore)",,Yilgarn Craton,,,,,,,West Australian Element
334913,New Golden Gate,,TAS,147.8932,-41.4866,mineral deposit,Au,,Gold,,Lachlan Orogen,Paleozoic,,,,,,Melbourne-Mathinna Zone
335291,McMahons Reef,,NSW,148.4313,-34.6616,historic mine,Au,,Gold,,"Lachlan Orogen, Lachlan Orogen, Nerrigundah",,,,,,,Eastern Province
335566,Gilded Rose,Gilded Rose Project,QLD,140.6206,-20.7768,historic mine,Au,,Gold,,"Mount Isa Orogen, Cloncurry-Selwyn Zone",Proterozoic,,,,,,Soldiers Cap Domain
336272,John Fardy,Peelwood,NSW,149.4187,-34.105,mineral deposit,"Zn, Ag, Pb, Cu",,"Zinc, Silver, Lead, Copper",Sultan Corporation Limited,"Lachlan Orogen, Hill End Trough",Paleozoic,Volcanic basin hydrothermal,Volcanogenic massive sulfide (VMS),Felsic-siliciclastic VMS,,,Eastern Province
336274,Fossil Downs,,WA,125.73,-18.1472,mineral deposit,"Zn, Ag, Pb",,"Zinc, Silver, Lead",Teck Cominco Ltd,Lennard Shelf,Paleozoic,Basin hydrothermal,Mississippi Valley-type (MVT),MVT zinc-lead,Kalkarindji Igneous Province,Canning Basin,King Leopold Orogen
336276,Mertondale,,WA,121.5721,-28.687,mineral deposit,"Ni, Co",,"Nickel, Cobalt",Alliance Nickel Ltd,"Yilgarn Craton, Eastern Goldfields Province",Cenozoic,,,,,,West Australian Element
336277,Michaelangelo - Leonora,,WA,121.4192,-28.9348,mineral deposit,Au,,Gold,Navigator Resources Limited,Yilgarn Craton,,,,,,Raeside Paleovalley,West Australian Element
336278,Snook,Gidgee Project,WA,119.3821,-27.0328,historic mine,Au,,Gold,Horizon Gold Limited,Yilgarn Craton,Archean,,,,,,West Australian Element
336279,Deep South - Gum Creek,Gidgee Project,WA,119.4663,-27.4148,historic mine,Au,,Gold,Horizon Gold Limited,Yilgarn Craton,Archean,,,,,Raeside Paleovalley,West Australian Element
334246,Midway,,NSW,146.3667,-30.317,mineral deposit,"Sn, Zn",,"Tin, Zinc",,Thomson Orogen,,Magmatic hydrothermal,Skarn,Skarn tin ± copper ± Mo,,,Central NSW - Omeo Province
333851,Mount Fort Cooper,Carinyah,QLD,148.505,-21.555,mineral deposit,Cbl,,Coal - black,,Bowen Basin,,,,,,Bowen Basin,Connors-Auburn Province
652955,Belyando,,QLD,147.2954,-22.2878,historic mine,"Ag, Au",,"Silver, Gold",,Anakie Province,,Magmatic hydrothermal,Epithermal,Low-sulfidation (LS) epithermal gold-silver,,,Anakie Province
334431,Pope John,,WA,121.2421,-30.7106,mineral deposit,Au,,Gold,,"Yilgarn Craton, Eastern Goldfields Province",Archean,,,,,Roe Paleovalley,West Australian Element
599368,Hazelwood,,VIC,146.4013,-38.2485,closed,Cbr,,Coal - brown,,Gippsland Basin,,,,,,Selwyn Province,Melbourne-Mathinna Zone
336188,Alberts Dam,,NSW,141.0872,-33.2393,mineral deposit,"Rt, Zrn, Th","Ilm, Leu","Rutile, (Ilmenite, Zircon, Thorium, Leucoxene)",,Murray Basin,,,,,,Darling Basin,Delamerian Orogen
333411,Trekelano,"Inheritance, Trekelano 2",QLD,139.9031,-21.478,historic mine,"Cu, Au, Ag",,"Copper, Gold, Silver",,"Mount Isa Orogen, Mary Kathleen Zone",Proterozoic,Regional metasomatic,Metasomatic iron,Iron sulfide polymetallic,,,Mary Kathleen Domain
334662,Trey Bit,Tray Bit,QLD,139.8892,-20.5836,mineral deposit,"Au, Cu",,"Gold, Copper",,"Mount Isa Orogen, Kalkadoon-Leichhardt Belt",Proterozoic,,,,,,Mary Kathleen Domain
641093,Limeburners Flat,,NSW,152.8219,-31.5928,mineral deposit,"Ni, Co, Sc",,"Nickel, Cobalt, Scandium",,,,,,,,Lorne Basin,New England Orogen
333594,Ragged Hills,Braeside lead field,WA,121.1425,-21.2895,historic mine,"Pb, Ag, Zn",,"Lead, Silver, Zinc",,"Fortescue Basin, Hamersley Basin",Archean,Metamorphic hydrothermal,Orogenic,Orogenic silver-lead-zinc-copper-antimony,Kalkarindji Igneous Province,Fortescue Basin,Pilbara Craton
333756,Moonbeam,,WA,121.2438,-30.7187,mineral deposit,Au,,Gold,,Yilgarn Craton,,,,,,Roe Paleovalley,West Australian Element
599461,Dalcouth,,QLD,145.1543,-17.5759,historic mine,Sn,,Tin,,,,,,,,,Mossman Orogen
334261,Pioneer,Thackaringa,NSW,141.1293,-32.0467,historic mine,"Pb, Ag",,"Lead, Silver",,Curnamona Province,Proterozoic,,,,,,Curnamona Province
334979,Dynamite Creek,,QLD,139.717,-19.4,mineral deposit,Cu,,Copper,,Mount Isa Orogen,Proterozoic,,,,,,Kalkadoon-Leichhardt Domain
335759,Basin Creek,,NSW,148.2155,-35.4255,mineral deposit,Cu,,Copper,,"Lachlan Orogen, Lachlan Orogen",,,,,,,Eastern Province
809933,Wollombi MCM,,QLD,147.901,-21.2544,mineral deposit,Cbl,,Coal - black,,Bowen Basin,,,,,,Bowen Basin,Anakie Province
455542,Bungoola,,SA,138.7994,-31.0729,historic mine,Mn,,Manganese,,Delamerian Orogen,,,,,,Arrowie Basin,South Australian Element
334011,Murchison,,VIC,144.2513,-36.7288,mineral deposit,Au,,Gold,,Lachlan Orogen,,,,,,,Bendigo Zone
334606,Seven Leaders,,WA,121.7006,-30.1514,mineral deposit,Au,,Gold,,Yilgarn Craton,,,,,,,West Australian Element
627213,Elevation,,WA,116.623,-22.4504,mineral deposit,"Fe, FeOre",,"Iron, Iron ore",,,,,,,Warakurna Large Igneous Province,Hamersley Basin,Pilbara Craton
336029,Big Bygoo,"Bulgarian, Empire, Lone Hand, Titanic, includes Drumlish Hill",NSW,146.8337,-34.2818,historic mine,Sn,,Tin,,"Lachlan Orogen, Lachlan Orogen",,unknown,unknown,unknown,,,Central NSW - Omeo Province
333801,Bowmans,,SA,138.241,-34.1712,mineral deposit,Cbr,,Coal - brown,,St Vincent Basin,Cenozoic,,,,,,South Australian Element
333908,Ironstone,,QLD,145.0415,-17.7228,mineral deposit,"Fl, F",,"Fluorite, Fluorine",,Mossman Orogen,,,,,,,Mossman Orogen
335690,Godkin,,TAS,145.4654,-41.8263,mineral deposit,"Sn, Cu, As",,"Tin, Copper, Arsenic",,Delamerian Orogen,,,,,,Thylacine Province,Delamerian Orogen
452436,Windimurra (U),,WA,118.5167,-28.2333,mineral deposit,"U, U3O8",,"Uranium, Uranium oxide",,,Cenozoic,,,,,Austin Paleovalley,West Australian Element
335533,Pearl,Pearl Extended,QLD,140.0262,-20.8576,historic mine,Cu,,Copper,,"Mount Isa Orogen, Mary Kathleen Zone",Proterozoic,,,,,,Mary Kathleen Domain
333976,Hercules,,TAS,145.5144,-41.8501,historic mine,"Zn, Au, Cu, Ag, Pb",,"Zinc, Gold, Copper, Silver, Lead",,"Delamerian Orogen, Bendigo Gold Metallogenic Province, Dundas Trough, Rosebery Basemetal Metallogenic Province",,Volcanic basin hydrothermal,Volcanogenic massive sulfide (VMS),Bimodal felsic VMS,,Thylacine Province,Delamerian Orogen
335991,Wallerawang-Pipers Flat,,NSW,150.0012,-33.362,mineral deposit,Fe,,Iron,,Lachlan Orogen,,,,,,Sydney Basin,Eastern Province
335322,Dicks Reward,,NSW,149.0012,-32.4453,mineral deposit,Au,,Gold,,Lachlan Orogen,,,,,,,Eastern Province
364407,New Bau,,WA,121.891,-30.9721,mineral deposit,Au,,Gold,,Yilgarn Craton,,,,,,,West Australian Element
362773,Walford Creek,,QLD,138.2847,-17.7858,feasibility,"Co, Cu, Zn, Pb","Ag, Ni","Cobalt, Copper, Zinc, Lead, (Silver, Nickel)",Aeon Metals Limited,Mount Isa Orogen,Proterozoic,Basin hydrothermal,Sediment-hosted,Sediment-hosted copper ± Co,,,Camooweal-Murphy Domain
363455,Specimen Well,Gidgee Project,WA,119.364,-26.8597,historic mine,Au,,Gold,"Horizon Gold Limited, Panoramic Resources Limited",Yilgarn Craton,Archean,,,,,,West Australian Element
363521,Munda (Gold),,WA,121.5309,-31.5029,historic mine,Au,,Gold,Auric Mining Ltd,Yilgarn Craton,,,,,,,West Australian Element
363881,Spice,Aldiss Project,WA,122.5567,-31.0575,mineral deposit,Au,,Gold,Silver Lake Resources Limited,Yilgarn Craton,Archean,,,,,,West Australian Element
363941,Gambols,Nullagine Gold Project,WA,120.226,-21.9125,mineral deposit,Au,,Gold,Millennium Minerals Limited,Pilbara Craton,Archean,,,,Warakurna Large Igneous Province,,Pilbara Craton
363943,Otways,Nullagine Gold Project,WA,120.215,-21.9167,mineral deposit,Au,,Gold,Millennium Minerals Limited,Pilbara Craton,Archean,,,,Warakurna Large Igneous Province,,Pilbara Craton
364067,Gwindinup South,,WA,115.6929,-33.5624,mineral deposit,"Zrn, Ilm","Leu, Rt","Zircon, Ilmenite, (Leucoxene, Rutile)",Tronox Limited,,,Erosional,Placer,Heavy mineral sands,,Bunbury Trough,Pinjarra Orogen
364096,Deep South - Edjudina,Safari Bore Project,WA,122.5479,-29.5459,operating mine,Au,,Gold,Saracen Mineral Holdings Limited,Yilgarn Craton,Archean,,,,,,West Australian Element
364120,Prospero (Sunset),Sunset Well Project,WA,121.415,-28.8662,mineral deposit,Au,,Gold,Midas Resources Limited,Yilgarn Craton,Archean,,,,,,West Australian Element
364123,Tom Allen,Ora Banda Project,WA,121.0513,-30.3756,mineral deposit,Au,,Gold,"Zijin Mining Group Company Ltd, Norton Gold Fields Limited",Yilgarn Craton,Archean,,,,,,West Australian Element
364194,British Hill,Parker Range Project,WA,119.6089,-31.8459,historic mine,Au,,Gold,Ramelius Resources Limited,Yilgarn Craton,Archean,,,,,,West Australian Element
364237,Porphyry - Edjudina,Porphyry Project,WA,122.285,-29.7809,operating mine,Au,,Gold,Saracen Mineral Holdings Limited,Yilgarn Craton,Archean,Metamorphic hydrothermal,Orogenic,Epizonal orogenic gold,,,West Australian Element
364239,Enterprise - Porphyry,Porphyry Project,WA,122.3145,-29.7784,mineral deposit,Au,,Gold,Saracen Mineral Holdings Limited,Yilgarn Craton,Archean,,,,,,West Australian Element
364247,Camperdown,Siberia Project,WA,120.9622,-30.2057,mineral deposit,Au,,Gold,"Swan Gold Mining Limited, Solbec Pharmaceuticals Ltd.",Yilgarn Craton,Archean,,,,,,West Australian Element
364253,Hopes Hill,,WA,119.2823,-31.1818,historic mine,Au,,Gold,Bullseye Mining Ltd,Yilgarn Craton,,,,,,,West Australian Element
364263,Hopes Hill North,,WA,119.2785,-31.178,historic mine,Au,,Gold,Bullseye Mining Ltd,Yilgarn Craton,,,,,,,West Australian Element
364266,Mount Palmer,,WA,119.6878,-31.4079,mineral deposit,Au,,Gold,"Aurumin Limited, Kula Gold Ltd",Yilgarn Craton,,,,,,Deborah Paleovalley,West Australian Element
364308,Corinthia,,WA,119.2214,-31.1245,mineral deposit,Au,,Gold,Adaman Resources Pty Ltd,Yilgarn Craton,,,,,,,West Australian Element
364356,Fairplay - Fairplay Area,Higginsville Gold Operations,WA,121.7239,-31.7492,care and maintenance,Au,,Gold,"Karora Resources Inc, Metals X Limited, RNC Minerals",Yilgarn Craton,Archean,,,,,,West Australian Element
364358,Fairplay East,Higginsville Gold Operations,WA,121.7275,-31.749,mineral deposit,Au,,Gold,"Karora Resources Inc, Metals X Limited, RNC Minerals",Yilgarn Craton,Archean,,,,,,West Australian Element
364360,Pluto - Paleochannel,Higginsville Gold Operations,WA,121.7565,-31.7991,historic mine,Au,,Gold,"Alacer Gold Corporation, Karora Resources Inc, Metals X Limited, RNC Minerals",Yilgarn Craton,,,,,,,West Australian Element
364363,Mitchell paleochannels,"Challenge/Swordsman, Graveyard, Higginsville Gold Operations, Mitchell 1& 2",WA,121.7338,-31.7833,mineral deposit,Au,,Gold,"Alacer Gold Corporation, Karora Resources Inc, Metals X Limited, RNC Minerals",Yilgarn Craton,,,,,,,West Australian Element
364367,Mousehollow,Higginsville Gold Operations,WA,121.819,-31.7838,mineral deposit,Au,,Gold,"Alacer Gold Corporation, Karora Resources Inc, Metals X Limited, RNC Minerals",Yilgarn Craton,Archean,,,,,,West Australian Element
364369,Pioneer - Higginsville,Higginsville Gold Operations,WA,121.6803,-31.8473,mineral deposit,Au,,Gold,"Karora Resources Inc, Metals X Limited, RNC Minerals",Yilgarn Craton,Archean,,,,,,West Australian Element
364371,Eundynie,Higginsville Gold Operations,WA,121.814,-31.775,historic mine,Au,,Gold,Alacer Gold Corporation,Yilgarn Craton,Archean,,,,,,West Australian Element
364391,Jaurdi,,WA,120.925,-30.6887,operating mine,Au,,Gold,Beacon Minerals Limited,Yilgarn Craton,,,,,,,West Australian Element
364397,Nelson Bay River,,TAS,144.74,-41.17,care and maintenance,Fe,FeOre,"Iron, (Iron ore)",Catalina Resources Limited,Delamerian Orogen,,,,,,Thylacine Province,Delamerian Orogen
364399,Lorna Doone,Mount Monger Project,WA,121.9331,-31.0214,historic mine,Au,,Gold,Silver Lake Resources Limited,Yilgarn Craton,Archean,unknown,unknown,unknown,,,West Australian Element
364409,Christmas Flat,Mount Monger Project,WA,121.9186,-31.0112,mineral deposit,Au,,Gold,Silver Lake Resources Limited,Yilgarn Craton,Archean,,,,,,West Australian Element
364416,Otto Bore,,WA,121.0217,-28.0967,mineral deposit,Au,,Gold,Saracen Mineral Holdings Limited,Yilgarn Craton,,,,,,,West Australian Element
364418,Wilgeena,,WA,118.8469,-25.7048,historic mine,Au,,Gold,Alchemy Resources Limited,Yilgarn Craton,,,,,Warakurna Large Igneous Province,,Marymia Dome
534577,MLSA172,"Central Tanami Project, Crusade",NT,130.0747,-19.1397,mineral deposit,Au,,Gold,Tanami Gold NL,Tanami Orogen,Proterozoic,Metamorphic hydrothermal,Orogenic,Mesozonal orogenic gold,Kalkarindji Igneous Province,,Tanami Orogen
534579,ML 22934 - Groundrush,Central Tanami Project,NT,129.9928,-19.7103,historic mine,Au,,Gold,Tanami Gold NL,Tanami Orogen,Proterozoic,,,,Kalkarindji Igneous Province,,Tanami Orogen
534723,Desmond,"Great Southern Project, Mount Desmond",WA,120.1477,-33.619,mineral deposit,"Ag, Au, Cu",,"Silver, Gold, Copper",Medallion Metals Limited,Yilgarn Craton,Archean,,,,,,Northern Foreland
534765,Gap Creek,,WA,125.7588,-18.4859,mineral deposit,"Zn, Ag, Pb",,"Zinc, Silver, Lead",Meridian Minerals Ltd,,,,,,Kalkarindji Igneous Province,Canning Basin,King Leopold Orogen
534767,Palijippa,,WA,125.9591,-18.7342,mineral deposit,"Pb, Ag, Zn",,"Lead, Silver, Zinc",Meridian Minerals Ltd,,,,,,Kalkarindji Igneous Province,Canning Basin,King Leopold Orogen
536022,Mount Charter,Mt Charter,TAS,145.6784,-41.6206,mineral deposit,"Au, Zn, Ag",,"Gold, Zinc, Silver",Bass Metals Limited,Delamerian Orogen,,Volcanic basin hydrothermal,Volcanogenic massive sulfide (VMS),Bimodal-mafic VMS,,Thylacine Province,Delamerian Orogen
536033,Waite Kauri North,Waite Kauri Extended,WA,121.7195,-28.6491,mineral deposit,"Co, Ni",,"Cobalt, Nickel",Alliance Nickel Ltd,Yilgarn Craton,,,,,,,West Australian Element
536044,Blue Gum,Mount Pleasant Project,WA,121.2425,-30.5287,historic mine,Au,,Gold,"Zijin Mining Group Company Ltd, Norton Gold Fields Limited",Yilgarn Craton,Archean,,,,,,West Australian Element
536267,Liberty West,Lady Bountiful Project,WA,121.241,-30.4898,mineral deposit,Au,,Gold,"Zijin Mining Group Company Ltd, Norton Gold Fields Limited",Yilgarn Craton,Archean,,,,,,West Australian Element
536545,Matts Dam,Carbine Project,WA,121.0279,-30.5247,mineral deposit,Au,,Gold,"Zijin Mining Group Company Ltd, Norton Gold Fields Limited",Yilgarn Craton,Archean,,,,,Roe Paleovalley,West Australian Element
536547,Porphyry - Zuleika,Carbine Project,WA,121.0233,-30.4926,historic mine,Au,,Gold,"Zijin Mining Group Company Ltd, Norton Gold Fields Limited",Yilgarn Craton,Archean,,,,,Roe Paleovalley,West Australian Element
576465,Amanda,Turner River Gold Field,WA,118.6401,-20.8105,mineral deposit,Au,,Gold,De Grey Mining Limited,Pilbara Craton,Archean,,,,Warakurna Large Igneous Province,,Pilbara Craton
576477,Fairyland,Lawlers Project,WA,120.6524,-28.0805,historic mine,Au,,Gold,Gold Fields Limited,,Archean,,,,,,West Australian Element
576482,Waroonga,Agnew Gold Project,WA,120.5046,-27.0078,operating mine,Au,,Gold,Gold Fields Limited,Yilgarn Craton,Archean,unknown,unknown,unknown,,,West Australian Element
577347,Darlot,Darlot Project,WA,121.2689,-27.8875,mineral deposit,Au,,Gold,"Red 5 Limited, Gold Fields Limited","Yilgarn Craton, Darlot Gold Metallogenic Province, Eastern Goldfields Province",Archean,Metamorphic hydrothermal,Orogenic,Epizonal orogenic gold,,,West Australian Element
577349,Hillside Well,Granny Smith Project,WA,122.3734,-28.8405,mineral deposit,Au,,Gold,Gold Fields Limited,Yilgarn Craton,Archean,,,,,,West Australian Element
577353,Bartus Group,"Bartus, Bartus East, Bartus South",WA,117.8038,-28.0872,mineral deposit,Au,,Gold,Ramelius Resources Limited,,Archean,,,,,,West Australian Element
577361,Water Tank Hill,,WA,117.83,-28.0647,operating mine,Au,,Gold,Ramelius Resources Limited,,Archean,,,,,,West Australian Element
577501,Stellar,,WA,117.7826,-28.0486,operating mine,Au,,Gold,Ramelius Resources Limited,,Archean,,,,,,West Australian Element
577503,Shannon - Mount Magnet,,WA,117.7834,-28.0602,operating mine,Au,,Gold,Ramelius Resources Limited,,Archean,,,,,,West Australian Element
577505,Simmer and Jack,,WA,117.8226,-27.9618,mineral deposit,Au,,Gold,Ramelius Resources Limited,,,,,,,,West Australian Element
577507,Eclipse - Mount Magnet,,WA,117.8057,-28.1131,mineral deposit,Au,,Gold,Ramelius Resources Limited,,,,,,,,West Australian Element
577509,Britanna Well,,WA,117.8104,-28.1131,mineral deposit,Au,,Gold,Ramelius Resources Limited,,,,,,,,West Australian Element
577512,Springsure,,QLD,148.086,-24.012,mineral deposit,Cbl,,Coal - black,"TerraCom Limited, Guildford Coal",Bowen Basin,,,,,,Bowen Basin,Anakie Province
577515,Gayndah,,QLD,148.1705,-24.0906,mineral deposit,Cbl,,Coal - black,Wavenet International Ltd,Surat Basin,,,,,,Bowen Basin,Anakie Province
577517,Golden Stream -Mount Magnet,,WA,117.8064,-28.0597,mineral deposit,Au,,Gold,Ramelius Resources Limited,,Archean,,,,,,West Australian Element
577520,Yellow Jacket,Eastern Galilee Coal Project,QLD,146.284,-21.652,mineral deposit,Cbl,,Coal - black,"Wintime Energy Co. Ltd, Cuesta Coal Limited",Galilee Basin,,,,,,Drummond Basin,Thomson Orogen
577526,South Pentland,,QLD,145.436,-20.945,mineral deposit,Cbl,,Coal - black,Baralaba Coal Company Limited,Galilee Basin,,,,,,Drummond Basin,Thomson Orogen
577529,Taroom West,,QLD,149.61,-25.664,mineral deposit,Cbl,,Coal - black,Baralaba Coal Company Limited,Surat Basin,,,,,,Surat Basin,Anakie Province
577544,J5-Bungalbin West Yilgarn Iron (Polaris),,WA,119.6184,-30.3613,mineral deposit,"FeOre, Fe",,"Iron ore, Iron",Polaris Metals NL,,,,,,,,West Australian Element
577546,Latrobe Valley (Brown Coal),,VIC,146.2,-38.32,mineral deposit,Cbr,,Coal - brown,Greenpower Energy Limited,Gippsland Basin,,,,,,Selwyn Province,Melbourne-Mathinna Zone
577551,Bushranger,,QLD,150.238,-26.321,mineral deposit,Cbl,,Coal - black,Baralaba Coal Company Limited,,,,,,,Surat Basin,Connors-Auburn Province
577558,Dalby (Linc),,QLD,151.027,-27.32,mineral deposit,Cbl,,Coal - black,Linc Energy Limited,Surat Basin,,,,,,Surat Basin,Yarrol Province
577565,Havana - Tropicana,Tropicana Project,WA,124.5401,-29.2634,mineral deposit,Au,,Gold,"Independence Group NL, AngloGold Ashanti Limited",Albany-Fraser Orogen,Mesoproterozoic,,,,,Canning Basin,Northern Foreland
577570,Boston Shaker,Tropicana Project,WA,124.5593,-29.2445,mineral deposit,Au,,Gold,"Independence Group NL, AngloGold Ashanti Limited",Albany-Fraser Orogen,Mesoproterozoic,,,,,Canning Basin,Northern Foreland
577583,Wonder West,Bundarra Gold Project,WA,121.1764,-28.3384,historic mine,Au,,Gold,"SR Mining Pty Ltd, Bligh Resources Limited",Yilgarn Craton,Archean,,,,,,West Australian Element
577859,Drummond Crossing,,WA,115.2696,-29.6317,mineral deposit,"Zrn, Rt, Ilm",Leu,"Zircon, Rutile, Ilmenite, (Leucoxene)",Image Resources NL,,,,,,,Perth Basin,Pinjarra Orogen
577883,Riverina,,WA,120.5596,-29.7493,mineral deposit,"Ni, Co",Cu,"Nickel, Cobalt, (Copper)",Ora Banda Mining Ltd,,,,,,,,West Australian Element
577886,Camelwood,,WA,121.5502,-26.7936,mineral deposit,Ni,PGE,"Nickel, (Platinum group elements)",Cannon Resources Ltd,,Archean,,,,,Carnegie Paleovalley,West Australian Element
335879,Christian Kruck,,QLD,146.5536,-19.8946,historic mine,Au,,Gold,,,,,,,,,Charters Towers Province
335480,Buka,,QLD,140.4324,-21.2072,mineral deposit,Mn,MnOre,"Manganese, (Manganese ore)",,"Mount Isa Orogen, Quamby-Malbon Zone",Proterozoic,,,,,,Mitakoodi Domain
336151,Queen Lapage,,WA,121.9766,-30.6127,mineral deposit,"Cu, Au",,"Copper, Gold",,"Yilgarn Craton, Eastern Goldfields Province",Archean,,,,,Roe Paleovalley,West Australian Element
533397,Voyager,,WA,121.3619,-29.1946,mineral deposit,Au,,Gold,,Yilgarn Craton,,,,,,,West Australian Element
518147,Hawkins Find,,WA,121.022,-30.4984,historic mine,Au,,Gold,,Yilgarn Craton,,,,,,Roe Paleovalley,West Australian Element
920590,Patricia,,,122.6282,-29.8558,historic mine,,,,,,,,,,,Raeside Paleovalley,West Australian Element
336139,Yamamilla,Yamamiller,QLD,139.9382,-20.3686,historic mine,"Au, Cu",,"Gold, Copper",,"Mount Isa Orogen, Kalkadoon-Leichhardt Belt",Proterozoic,,,,,,Mary Kathleen Domain
333830,Sandy Flat,,NT,137.7234,-17.2954,mineral deposit,Cu,,Copper,,McArthur Basin,Proterozoic,,,,,McArthur Basin,North Australian Element
336116,Minninup Shoreline,Quindalup Shorelines,WA,115.5794,-33.4481,historic mine,"Ilm, Zrn, Leu, Mnsd",,"Ilmenite, Zircon, Leucoxene, Mineral sands",,Perth Basin,Cenozoic,,,,,Bunbury Trough,Pinjarra Orogen
434671,White Knight,,WA,118.7217,-22.1458,mineral deposit,"FeOre, Fe",,"Iron ore, Iron",,Pilbara Craton,,,,,Warakurna Large Igneous Province,Hamersley Basin,Pilbara Craton
568980,Mount Fisher - Roper River Iron,,NT,134.2248,-14.8547,mineral deposit,"FeOre, Fe",,"Iron ore, Iron",,McArthur Basin,,,,,,McArthur Basin,Pine Creek Orogen
333877,Warrior,Tarcoola,SA,134.02,-30.6272,mineral deposit,"U, U3O8",,"Uranium, Uranium oxide",,Gawler Craton,Cenozoic,,,,,Wynbring Paleovalley,South Australian Element
334159,South German Co,,VIC,144.0791,-37.0717,historic mine,Au,,Gold,,Lachlan Orogen,Paleozoic,,,,,,Bendigo Zone
335671,Eidsvold,,QLD,151.1156,-25.371,historic mine,Au,,Gold,,New England Orogen,,,,,,,Yarrol Province
334651,Taleeban,"Black Cat, Rest Down",NSW,146.4691,-33.92,historic mine,"Sn, W, SnO2",,"Tin, Tungsten, Tin oxide/cassiterite",,Lachlan Orogen,,Magmatic hydrothermal,Greisen,Greisen tin ± W-Mo,,,Central NSW - Omeo Province
334751,Wonder Valley,,QLD,140.1502,-20.6376,historic mine,Cu,,Copper,,"Mount Isa Orogen, Mary Kathleen Zone",Proterozoic,,,,,,Mary Kathleen Domain
335009,Twelve Mile Bore,"Goongewa, Prices Creek",WA,125.8578,-18.625,mineral deposit,"Zn, Pb",Ag,"Zinc, Lead, (Silver)",,Canning Basin,Paleozoic,Basin hydrothermal,Mississippi Valley-type (MVT),MVT zinc-lead,Kalkarindji Igneous Province,Canning Basin,King Leopold Orogen
335068,Ascot West,,WA,118.4055,-26.7181,mineral deposit,Au,,Gold,,Yilgarn Craton,Archean,,,,Warakurna Large Igneous Province,,West Australian Element
333331,Tate River,,QLD,144.331,-17.4516,historic mine,Sn,,Tin,,Etheridge Province,,Erosional,Placer,Fluvial placer tin,,Etheridge Province,Tasman Element
336190,Hackneys Creek,,NSW,149.571,-33.9047,mineral deposit,Au,,Gold,,Lachlan Orogen,,,,,,,Eastern Province
333739,Lagoon Hill,,QLD,150.2192,-23.0744,mineral deposit,"Ni, Co",,"Nickel, Cobalt",,New England Orogen,Cenozoic,,,,,,New England Orogen
333496,Buchan,"Five Mile, McRaes, Seven Mile, Six Mile",VIC,148.2008,-37.4519,historic mine,"FeOre, Fe",,"Iron ore, Iron",,"Lachlan Orogen, Lachlan Orogen",,,,,,,Eastern Province
333427,Bee Hill,,WA,120.9035,-22.0853,historic mine,Mn,MnOre,"Manganese, (Manganese ore)",,,,,,,Warakurna Large Igneous Province,Hamersley Basin,Pilbara Craton
533835,Evanston,,WA,119.4835,-29.7447,historic mine,Au,,Gold,,Yilgarn Craton,,,,,,,West Australian Element
335343,Sabine,"Acland, New Acland",QLD,151.6844,-27.3675,mineral deposit,Cbl,,Coal - black,,Clarence-Moreton Basin,Mesozoic,,,,,Clarence-Moreton Basin,Yarrol Province
333507,Native Bee,,QLD,139.4792,-20.8226,historic mine,Cu,,Copper,,"Mount Isa Orogen, Leichhardt River Fault Trough",Proterozoic,,,,,,Leichhardt River Domain
334474,Mount Leslie,,QLD,148.16,-20.9369,mineral deposit,Cu,,Copper,,New England Orogen,,,,,,,Connors-Auburn Province
335996,Toomey Hill,,WA,121.8876,-28.8054,mineral deposit,"Co, Ni",,"Cobalt, Nickel",,Yilgarn Craton,,,,,,,West Australian Element
334855,Ghost Crab,Celebration,WA,121.4319,-31.0784,mineral deposit,Au,,Gold,,"Yilgarn Craton, Eastern Goldfields Province, Eastern Goldfields Superterrane, Kalgoorlie Gold Metallogenic Province, Kalgoorlie Terrane",Archean,Metamorphic hydrothermal,Orogenic,Mesozonal orogenic gold,,,West Australian Element
333790,Mount Bulga,,NSW,149.1995,-33.2755,mineral deposit,"Zn, Ag, Cu","Pb, Au","Zinc, (Lead, Silver, Copper, Gold)",,"Lachlan Orogen, Lachlan Orogen, Woodlawn Base Metal Metallogenic Province, Hill End Trough",,Volcanic basin hydrothermal,Volcanogenic massive sulfide (VMS),Felsic-siliciclastic VMS,,,Eastern Province
334725,Turee Creek,,WA,118.6014,-23.4861,mineral deposit,"U, U3O8",,"Uranium, Uranium oxide",,,Proterozoic,,,,Warakurna Large Igneous Province,Bresnahan Basin,Pilbara Craton
334795,Rundle,,QLD,151.0677,-23.6651,mineral deposit,Osh,,Oil shale,,,,,,,,,New England Orogen
434542,Anomaly 1,,WA,120.5744,-27.603,mineral deposit,Ni,,Nickel,,"Yilgarn Craton, Eastern Goldfields Province",Archean,,,,,,West Australian Element
333513,Hadleigh Castle,,QLD,146.612,-20.1004,historic mine,Au,,Gold,,"Lachlan Orogen, Charters Towers Gold Metallogenic Province, Charters Towers Province",,Metamorphic hydrothermal,Orogenic,Mesozonal orogenic gold,,,Charters Towers Province
648474,Rogetta North (other),Kara No 2 North,TAS,145.8404,-41.3105,mineral deposit,"Co, Ni, Cu, Mgs, Zr, V, MgO, Cr2O3, Cr, Ba","Pb, Bi","Cobalt, Nickel, Copper, (Lead, Magnesite, Zirconium, Vanadium, Magnesia (magnesium oxide), Chromium oxide, Chromium, Barium, Bismuth)",,,,,,,,Thylacine Province,Tasman Element
335701,Coombah 1,,NSW,141.75,-32.907,mineral deposit,"Zrn, Ilm, Rt, Leu",,"Zircon, Ilmenite, Rutile, Leucoxene",,Murray Basin,,Erosional,Placer,Heavy mineral sands,,Berri Basin,Delamerian Orogen
335794,Burunga,,QLD,150.002,-26.2069,mineral deposit,Cbl,,Coal - black,,Surat Basin,,,,,,Surat Basin,Connors-Auburn Province
336153,Carapooee South,,VIC,143.318,-36.7122,mineral deposit,Au,,Gold,,Lachlan Orogen,,,,,,,Stawell Zone
640833,Palaeochannel,,WA,118.8386,-28.609,historic mine,Au,,Gold,,,,,,,,,West Australian Element
333896,McLeod Hill,Mt McLeod,QLD,139.1512,-19.9386,historic mine,Cu,,Copper,,"Mount Isa Orogen, Lawn Hill Platform",Proterozoic,,,,,Carpentaria Basin,Mount Isa Orogen
334322,Copeton,,NSW,151.0178,-29.8953,historic mine,"Sn, SnO2",,"Tin, Tin oxide/cassiterite",,New England Orogen,,,,,,,New England Orogen
334605,Zuleika - Bullant (Centaur Mining),Zuleika Project,WA,121.0561,-30.5262,historic mine,Au,,Gold,,Yilgarn Craton,Archean,,,,,Roe Paleovalley,West Australian Element
334030,Lowlands,,WA,121.0656,-27.0442,mineral deposit,Au,,Gold,,Yilgarn Craton,,,,,,,West Australian Element
358436,Enterprise,Pine Creek Project,NT,131.827,-13.8247,historic mine,Au,,Gold,Crocodile Gold Corporation,Pine Creek Orogen,Proterozoic,Metamorphic hydrothermal,Orogenic,Mesozonal orogenic gold,,,Pine Creek Orogen
358441,Gandys,Pine Creek Project,NT,131.8205,-13.8174,mineral deposit,Au,,Gold,Crocodile Gold Corporation,Pine Creek Orogen,Proterozoic,,,,,,Pine Creek Orogen
358448,Cardinia,Leonora - Cardinia Project,WA,121.5957,-28.7953,historic mine,Au,,Gold,Kin Mining NL,Yilgarn Craton,,,,,,,West Australian Element
358734,Iron King,,WA,119.9516,-26.8001,mineral deposit,Au,,Gold,"GWR Group Ltd, Blackham Resources Limited",Yilgarn Craton,,,,,,,West Australian Element
358736,Iron Duke - Meekatharra,,WA,119.9525,-26.78,mineral deposit,Au,,Gold,Golden West Resources Ltd,Yilgarn Craton,,,,,,,West Australian Element
358738,Goldfinch,,WA,119.9536,-26.7923,mineral deposit,Au,,Gold,Western Gold Resources Ltd,Yilgarn Craton,,,,,,,West Australian Element
358740,Bottom Camp,,WA,119.9694,-26.7045,mineral deposit,Au,,Gold,"Golden West Resources Ltd, Blackham Resources Limited",Yilgarn Craton,,,,,,,West Australian Element
358742,Bronzewing  - Glengarry,,WA,119.9621,-26.7173,mineral deposit,Au,,Gold,"GWR Group Ltd, Blackham Resources Limited",Yilgarn Craton,,,,,,,West Australian Element
358744,Brilliant North - Glengarry,,WA,119.6774,-26.7202,mineral deposit,Au,,Gold,Golden West Resources Ltd,Yilgarn Craton,,,,,,,West Australian Element
358756,Federal Flag,Davyhurst Project,WA,120.6475,-30.1362,operating mine,Au,,Gold,"Ora Banda Mining Ltd, Swan Gold Mining Limited",Yilgarn Craton,Archean,,,,,,West Australian Element
358758,Lady Bountiful,Lady Bountiful Project,WA,121.2088,-30.5005,historic mine,Au,,Gold,"Zijin Mining Group Company Ltd, Norton Gold Fields Limited, Swan Gold Mining Limited","Yilgarn Craton, Eastern Goldfields Province, Kalgoorlie Gold Metallogenic Province, Norseman-Wiluna Belt",Archean,,,,,,West Australian Element
359170,Mt Egerton - Hibernian,Egerton Project,WA,117.7497,-24.9388,historic mine,Au,,Gold,Benz Mining Corporation,,Proterozoic,Metamorphic hydrothermal,Orogenic,Mesozonal orogenic gold,Warakurna Large Igneous Province,Padbury Basin,West Australian Element
360110,Picante,Kunanalling Project,WA,121.0328,-30.6169,mineral deposit,Au,,Gold,Phoenix Gold Limited,Yilgarn Craton,Archean,,,,,,West Australian Element
360112,Eldorado - Fortnum,Grosvenor Gold Project,WA,118.3592,-25.3335,historic mine,Au,,Gold,"Westgold Resources Limited, Resource and Investment NL",Yilgarn Craton,Proterozoic,,,,Warakurna Large Igneous Province,Bryah Basin,West Australian Element
361052,Alpha,Brightstar Project,WA,122.7235,-28.7246,historic mine,Au,,Gold,Brightstar Resources Ltd,"Yilgarn Craton, Eastern Goldfields Province",Archean,,,,,,West Australian Element
361054,Beta,"Brightstar Project, Mikado",WA,122.644,-28.8404,historic mine,Au,,Gold,Brightstar Resources Ltd,"Yilgarn Craton, Eastern Goldfields Province",Archean,,,,,,West Australian Element
361056,Golden Gate - Nullagine,Nullagine Gold Project,WA,120.4169,-21.8083,operating mine,Au,,Gold,Millennium Minerals Limited,Pilbara Craton,Archean,,,,Warakurna Large Igneous Province,,Pilbara Craton
361059,Trident - Higginsville,Higginsville Gold Operations,WA,121.7313,-31.725,closed,Au,,Gold,"Karora Resources Inc, Metals X Limited, RNC Minerals","Yilgarn Craton, Eastern Goldfields Province, Eastern Goldfields Superterrane, Kalgoorlie Terrane",Archean,Metamorphic hydrothermal,Orogenic,Mesozonal orogenic gold,,,West Australian Element
361115,Swift - Gum Creek,Gidgee Project,WA,119.4203,-27.2526,historic mine,Au,,Gold,"Horizon Gold Limited, Panoramic Resources Limited",Yilgarn Craton,Archean,,,,,Raeside Paleovalley,West Australian Element
361117,North Well,Thunderbox Project,WA,120.8794,-28.4034,historic mine,Au,,Gold,"Saracen Mineral Holdings Limited, Menzies project",Yilgarn Craton,Archean,,,,,Raeside Paleovalley,West Australian Element
361239,Regent - Wiluna,Matilda Gold Project,WA,120.2471,-26.7017,mineral deposit,Au,,Gold,Blackham Resources Limited,Yilgarn Craton,Archean,,,,,Carey Paleovalley,West Australian Element
361241,Williamson,Matilda Gold Project,WA,120.318,-26.7735,mineral deposit,Au,,Gold,Blackham Resources Limited,"Yilgarn Craton, Kalgoorlie Terrane",Archean,Metamorphic hydrothermal,Orogenic,Mesozonal orogenic gold,,Carey Paleovalley,West Australian Element
361243,Wingina Well,Turner River Gold Field,WA,118.5834,-20.845,mineral deposit,Au,,Gold,De Grey Mining Limited,Pilbara Craton,Archean,Metamorphic hydrothermal,Orogenic,Mesozonal orogenic gold,Warakurna Large Igneous Province,,Pilbara Craton
361291,Lake Cowan,Lake Cowan,WA,121.8973,-31.6683,mineral deposit,Au,,Gold,"Alacer Gold Corporation, Karora Resources Inc, Metals X Limited",Yilgarn Craton,Archean,,,,,,West Australian Element
362672,Hamersley Iron - Brockman No 4,,WA,117.1737,-22.6113,operating mine,"Fe, FeOre",,"Iron, Iron ore",Rio Tinto Limited,Pilbara Craton,,,,,Warakurna Large Igneous Province,Hamersley Basin,Pilbara Craton
362714,Tapinos,,WA,120.576,-27.634,historic mine,"Ni, Co",,"Nickel, Cobalt",Jubilee Mines NL,"Yilgarn Craton, Eastern Goldfields Province",Archean,,,,,Carey Paleovalley,West Australian Element
362727,Waterloo Nickel,Wildara,WA,120.978,-28.1438,care and maintenance,"Ni, PGE, Cu",,"Nickel, Platinum group elements, Copper",Saracen Mineral Holdings Limited,"Yilgarn Craton, Eastern Goldfields Province",Archean,,,,,,West Australian Element
362729,Sonoma,Cows,QLD,147.86,-20.62,operating mine,Cbl,,Coal - black,"Cliffs Natural Resources, QCoal Pty Ltd",Bowen Basin,,,,,,Bowen Basin,Connors-Auburn Province
362733,Lanfranchi,,WA,121.8429,-31.5055,care and maintenance,Ni,"Cu, Fe","Nickel, (Copper, Iron)",Black Mountain Metals LLC,"Yilgarn Craton, Eastern Goldfields Province",Proterozoic,Magmatic,Komatiite,Komatiite nickel-copper-PGE,,,West Australian Element
533377,Splinter,Leonora - Raeside Project,WA,121.4201,-28.9322,mineral deposit,Au,,Gold,Navigator Resources Limited,Yilgarn Craton,Archean,,,,,Raeside Paleovalley,West Australian Element
533385,Mount Penny,EL7406,NSW,150.055,-32.438,mineral deposit,Cbl,,Coal - black,"Cascade Resources Limited, White Energy Company Ltd",Sydney Basin,,,,,,Sydney Basin,Eastern Province
533389,Cooroorah,Blackwater,QLD,148.943,-23.421,mineral deposit,Cbl,,Coal - black,Bowen Coking Coal Ltd,Bowen Basin,,,,,,Bowen Basin,Anakie Province
533392,Orion Downs,"Inderi, Meteor Downs South",QLD,148.361,-24.425,operating mine,Cbl,,Coal - black,U&D Coal Limited,Bowen Basin,,,,,,Bowen Basin,Anakie Province
533395,Drake,,QLD,147.816,-20.708,operating mine,Cbl,,Coal - black,QCoal Pty Ltd,Bowen Basin,,,,,,Bowen Basin,Connors-Auburn Province
533405,City of Chester,Cuddingwarra Project,WA,117.7938,-27.3359,historic mine,Au,,Gold,"Metals X Limited, Westgold Resources Limited",Yilgarn Craton,Archean,,,,,Austin Paleovalley,West Australian Element
533415,Marwest,Plutonic Dome Project,WA,119.6433,-25.1623,historic mine,Au,,Gold,"Vango Mining Ltd, Dampier Gold Limited",Yilgarn Craton,,,,,Warakurna Large Igneous Province,,Marymia Dome
533417,Mareast OP,Plutonic Dome Project,WA,119.6623,-25.1543,historic mine,Au,,Gold,"Vango Mining Ltd, Dampier Gold Limited",Yilgarn Craton,,,,,Warakurna Large Igneous Province,,Marymia Dome
533421,Midnight - Fortnum,Grosvenor Gold Project,WA,118.3607,-25.3229,mineral deposit,Au,,Gold,"Westgold Resources Limited, Resource and Investment NL",Yilgarn Craton,Proterozoic,,,,Warakurna Large Igneous Province,Bryah Basin,West Australian Element
533423,Dougies - Fortnum,Grosvenor Gold Project,WA,118.3579,-25.3163,historic mine,Au,,Gold,"Westgold Resources Limited, Resource and Investment NL",Yilgarn Craton,Proterozoic,,,,Warakurna Large Igneous Province,Bryah Basin,West Australian Element
533425,Horseshoe,Grosvenor Gold Project,WA,118.6049,-25.4598,historic mine,Au,,Gold,"Westgold Resources Limited, Fe Ltd",Yilgarn Craton,Proterozoic,,,,Warakurna Large Igneous Province,Bryah Basin,West Australian Element
533485,Pencil Tiger,Marda Project,WA,119.2406,-30.1954,mineral deposit,Au,,Gold,"Black Oak Minerals Limited, Southern Cross Goldfields Limited",Yilgarn Craton,Archean,,,,,,West Australian Element
533487,Cobra,Marda Project,WA,119.2478,-30.1934,mineral deposit,Au,,Gold,Southern Cross Goldfields Limited,Yilgarn Craton,Archean,,,,,,West Australian Element
533489,Greentree,Marda Project,WA,119.2467,-30.1962,mineral deposit,Au,,Gold,"Black Oak Minerals Limited, Southern Cross Goldfields Limited",Yilgarn Craton,Archean,,,,,,West Australian Element
533495,Taipan - Marda,Marda Project,WA,119.2598,-30.1998,historic mine,Au,,Gold,"Black Oak Minerals Limited, Southern Cross Goldfields Limited",Yilgarn Craton,Archean,,,,,,West Australian Element
533505,Jaq,Miranda JV,WA,120.5524,-27.7478,mineral deposit,Au,,Gold,Gold Fields Limited,Yilgarn Craton,Archean,,,,,Carey Paleovalley,West Australian Element
533509,Quartz City,Miranda JV,WA,120.5597,-27.7313,mineral deposit,Au,,Gold,Gold Fields Limited,Yilgarn Craton,Archean,,,,,Carey Paleovalley,West Australian Element
533511,Scorpion,Miranda JV,WA,120.5457,-27.7329,historic mine,Au,,Gold,Gold Fields Limited,Yilgarn Craton,Archean,,,,,Carey Paleovalley,West Australian Element
533654,Rheingold Group,Cuddingwarra Project,WA,117.7974,-27.3809,historic mine,Au,,Gold,Westgold Resources Limited,Yilgarn Craton,Archean,unknown,unknown,unknown,,Austin Paleovalley,West Australian Element
533657,Razorback,,WA,119.7311,-32.1417,historic mine,Au,,Gold,Convergent Minerals Limited,Yilgarn Craton,,,,,,,West Australian Element
533660,Red Leap,Mulline Area Project,WA,120.5217,-29.8701,historic mine,Au,,Gold,Swan Gold Mining Limited,Yilgarn Craton,Archean,,,,,,West Australian Element
533821,Enigma,Peak Hill Project,WA,118.6569,-25.6664,mineral deposit,Au,,Gold,"Montezuma Mining Limited, Westgold Resources Limited",Yilgarn Craton,,,,,Warakurna Large Igneous Province,Bryah Basin,West Australian Element
533823,Southern Belle,Mt Magnet Project,WA,117.8157,-28.0403,historic mine,Au,,Gold,Ramelius Resources Limited,Yilgarn Craton,Archean,,,,,,West Australian Element
533829,Eclipse-Justice,South Kookynie Project,WA,121.4105,-29.3778,mineral deposit,Au,,Gold,Nex Metals Explorations Limited,Yilgarn Craton,Archean,,,,,,West Australian Element
533831,Wills Paleochannel,,WA,121.6438,-31.4963,mineral deposit,Au,,Gold,"Karora Resources Inc, Metals X Limited, RNC Minerals",Yilgarn Craton,,,,,,Lefroy Paleovalley,West Australian Element
533833,Vine,Higginsville Gold Operations,WA,121.7199,-31.7561,operating mine,Au,,Gold,"Karora Resources Inc, Metals X Limited, RNC Minerals",Yilgarn Craton,Archean,,,,,,West Australian Element
534114,Byerwen,,QLD,147.8157,-21.342,operating mine,Cbl,,Coal - black,"JFE Holdings Inc, QCoal Pty Ltd",Bowen Basin,,,,,,Bowen Basin,Anakie Province
534118,Jax,,QLD,147.87,-20.72,operating mine,Cbl,,Coal - black,QCoal Pty Ltd,Bowen Basin,,,,,,Bowen Basin,Connors-Auburn Province
534125,Dysart East,,QLD,148.41,-22.55,feasibility,Cbl,,Coal - black,Bengal Coal Pty Limited,Bowen Basin,,,,,,Bowen Basin,Anakie Province
534132,Grosvenor West,Mabbin Creek,QLD,147.92,-21.936,mineral deposit,Cbl,,Coal - black,"Carabella Resources, Wealth Mining Pty Limited",Bowen Basin,,,,,,Drummond Basin,Anakie Province
534571,MLS167,"Carbine, Central Tanami Project, Dogbolter, Harleys, Phoenix, Redback SE",NT,129.667,-20.4058,historic mine,Au,,Gold,Tanami Gold NL,Tanami Orogen,Proterozoic,,,,Kalkarindji Igneous Province,,Tanami Orogen
534573,MLS168,"Camel Bore, Central Tanami Project, Jims Main",NT,129.6207,-20.1581,historic mine,Au,,Gold,Tanami Gold NL,Tanami Orogen,Proterozoic,,,,Kalkarindji Igneous Province,,Tanami Orogen
534575,MLS180,"Banjo, Beaver, Bonsai, Central Tanami Project",NT,129.4079,-19.9703,historic mine,Au,,Gold,Tanami Gold NL,Tanami Orogen,Proterozoic,unknown,unknown,unknown,Kalkarindji Igneous Province,,Tanami Orogen
577889,Goongarrie South Iron,,WA,121.1633,-30.0905,mineral deposit,"Co, Mn, Ni, Al2O3, Fe, Cr",,"Cobalt, Manganese, Nickel, Alumina, Iron, Chromium",Ardea Resources Limited,,,,,,,Rebecca Paleovalley,West Australian Element
577896,Little John,Tuckabianna Project,WA,118.1086,-27.5001,historic mine,Au,,Gold,Silver Lake Resources Limited,Yilgarn Craton,Archean,,,,,Austin Paleovalley,West Australian Element
577897,Jaffas Folly,Tuckabianna Project,WA,118.1312,-27.4677,historic mine,Au,,Gold,Silver Lake Resources Limited,Yilgarn Craton,Archean,,,,,,West Australian Element
577898,Sherwood,Tuckabianna Project,WA,118.1559,-27.4341,historic mine,Au,,Gold,Silver Lake Resources Limited,Yilgarn Craton,Archean,,,,,,West Australian Element
577900,TMC/Katies,Tuckabianna Project,WA,118.125,-27.4781,historic mine,Au,,Gold,Silver Lake Resources Limited,Yilgarn Craton,Archean,,,,,,West Australian Element
577901,Exodus,Tuckabianna Project,WA,118.1369,-27.4619,mineral deposit,Au,,Gold,Silver Lake Resources Limited,Yilgarn Craton,Archean,,,,,,West Australian Element
577910,Friars,Tuckabianna Project,WA,118.0937,-27.53,historic mine,Au,,Gold,Silver Lake Resources Limited,Yilgarn Craton,Archean,,,,,Austin Paleovalley,West Australian Element
577912,Genesis - Tuckabianna,Tuckabianna Project,WA,118.1389,-27.4611,mineral deposit,Au,,Gold,Silver Lake Resources Limited,Yilgarn Craton,Archean,,,,,,West Australian Element
577915,Comet North,Comet Project,WA,118.0469,-27.5345,historic mine,Au,,Gold,"Westgold Resources Limited, Silver Lake Resources Limited",Yilgarn Craton,Archean,,,,,,West Australian Element
577916,Pinnacles - Tuckabianna,Comet Project,WA,118.0402,-27.5403,historic mine,Au,,Gold,"Westgold Resources Limited, Silver Lake Resources Limited",,Archean,,,,,,West Australian Element
577917,Eclipse,Comet Project,WA,118.0373,-27.548,historic mine,Au,,Gold,Silver Lake Resources Limited,Yilgarn Craton,Archean,,,,,,West Australian Element
577918,Venus,Comet Project,WA,118.0249,-27.5645,historic mine,Au,,Gold,"Westgold Resources Limited, Silver Lake Resources Limited",Yilgarn Craton,Archean,,,,,,West Australian Element
577919,Comet,Comet Project,WA,118.0436,-27.5401,historic mine,Au,,Gold,"Westgold Resources Limited, Silver Lake Resources Limited",Yilgarn Craton,Archean,,,,,,West Australian Element
577921,Lena,Moyagee Project,WA,117.8328,-27.6926,historic mine,Au,,Gold,"Ramelius Resources Limited, Musgrave Minerals Ltd",Yilgarn Craton,Archean,,,,,,West Australian Element
577923,Numbers,Moyagee Project,WA,117.8257,-27.7321,mineral deposit,Au,,Gold,"Musgrave Minerals Ltd, Ramelius Resources Limited",Yilgarn Craton,Archean,,,,,,West Australian Element
577925,Break of Day,Moyagee Project,WA,117.8318,-27.6973,mineral deposit,Au,,Gold,"Ramelius Resources Limited, Musgrave Minerals Ltd",Yilgarn Craton,Archean,,,,,,West Australian Element
578011,Dinnie - Reggio,Mount Monger Project,WA,121.9155,-31.0101,historic mine,Au,,Gold,Silver Lake Resources Limited,Yilgarn Craton,Archean,,,,,,West Australian Element
578029,Kailis,,WA,121.2884,-28.8403,under development,Au,,Gold,Saracen Mineral Holdings Limited,"Yilgarn Craton, Burtville Terrane",Archean,Metamorphic hydrothermal,Orogenic,Mesozonal orogenic gold,,Raeside Paleovalley,West Australian Element
578041,Copper Chert,Mount Lyell Project,TAS,145.5905,-42.0352,mineral deposit,"Cu, Au, Ag",,"Copper, Gold, Silver",Vedanta Resources PLC,,,,,,,Thylacine Province,Delamerian Orogen
578045,Dionysus,,WA,116.348,-31.18,mineral deposit,"Bx, Al2O3",,"Bauxite, Alumina",Bauxite Resources Limited,,,,,,,,West Australian Element
592647,Indicator,,WA,117.7217,-27.2143,mineral deposit,Au,,Gold,"Metals X Limited, Westgold Resources Limited",,Archean,,,,Warakurna Large Igneous Province,,West Australian Element
592661,South Victory,Cuddingwarra Project,WA,117.8014,-27.3993,historic mine,Au,,Gold,"Metals X Limited, Westgold Resources Limited",,Archean,,,,,Austin Paleovalley,West Australian Element
592721,Athena,,WA,116.793,-32.516,mineral deposit,"Bx, Al2O3",,"Bauxite, Alumina",Australian Silica Quartz Group Ltd,,,,,,,,West Australian Element
592751,Corona,,WA,121.7294,-31.7552,historic mine,Au,,Gold,"Karora Resources Inc, Metals X Limited, RNC Minerals",,Archean,,,,,,West Australian Element
592755,Napoleon,,WA,121.8826,-31.6618,mineral deposit,Au,,Gold,"Karora Resources Inc, Metals X Limited, RNC Minerals",,Archean,,,,,,West Australian Element
592761,TNT,,WA,121.5985,-30.9956,historic mine,Au,,Gold,"Metals X Limited, Northern Star Resources Limited",,Archean,,,,,,West Australian Element
592763,Celebration,,WA,121.5903,-30.0059,operating mine,Au,,Gold,"Metals X Limited, Northern Star Resources Limited",,Archean,,,,,,West Australian Element
592769,Peaceful Chief,South Kalgoorlie Operations,WA,121.6038,-31.0154,mineral deposit,Au,,Gold,Northern Star Resources Limited,,Archean,,,,,,West Australian Element
592773,Mount Goddard,South Kalgoorlie Operations,WA,121.6086,-31.0565,historic mine,Au,,Gold,"Metals X Limited, Westgold Resources Limited",,Archean,,,,,,West Australian Element
592779,28 Pit,,WA,121.2467,-30.9637,historic mine,Au,,Gold,"Metals X Limited, Northern Star Resources Limited",,Archean,,,,,,West Australian Element
592781,Barbara,,WA,121.2482,-30.9614,care and maintenance,Au,,Gold,Aeris Resources Limited,,Archean,,,,,,West Australian Element
592785,Surprise -South Kalgoorlie,South Kalgoorlie Operations,WA,121.2609,-30.9634,historic mine,Au,,Gold,"Metals X Limited, Northern Star Resources Limited",,Archean,,,,,Roe Paleovalley,West Australian Element
592789,Nobel 6,South Kalgoorlie Operations,WA,121.2339,-30.0131,historic mine,Au,,Gold,Northern Star Resources Limited,,,,,,,Rebecca Paleovalley,West Australian Element
593199,Ammaroo South,,NT,135.8356,-21.7917,mineral deposit,"Phos, P2O5",,"Phosphate, Phosphorus oxide",Rum Jungle Resources Limited,Georgina Basin,,Basin chemical,Phosphorite,Phosphorite,Kalkarindji Igneous Province,Georgina Basin,North Australian Element
333868,Kambalda,,WA,121.6506,-31.179,historic mine,"Ni, Cu, PGE, Co, Ir, Os, Pd, Pt, Rh",Ru,"Nickel, Copper, Platinum group elements, Cobalt, Iridium, Osmium, Palladium, Platinum, Rhodium, (Ruthenium)",,"Yilgarn Craton, Eastern Goldfields Province, Kambalda Nickel Metallogenic Province",Archean,Magmatic,Komatiite,Komatiite nickel-copper-PGE,,,West Australian Element
336197,Eulaminna,Anaconda,WA,121.766,-28.9634,historic mine,"Ag, Zn, Cu",,"Silver, Zinc, Copper",,"Yilgarn Craton, Eastern Goldfields Province, Teutonic Bore Base Metal Metallogenic Province",Archean,unknown,unknown,unknown,,,West Australian Element
865418,Western Hub,,,116.8796,-22.4315,mineral deposit,"Hem, FeOre, Fe",,"Hematite, Iron ore, Iron",,,,,,,Warakurna Large Igneous Province,Fortescue Basin,Pilbara Craton
334176,Orebody 42 and 43,Mt Newman,WA,119.8867,-23.326,mineral deposit,Fe,,Iron,,Hamersley Basin,Archean,,,,Warakurna Large Igneous Province,Sylvania Paleovalley,Pilbara Craton
335545,Mitchells Creek,Mitchells Creek,NSW,148.993,-32.4497,historic mine,"Au, Ag",,"Gold, Silver",,"Lachlan Orogen, Lachlan Orogen, Hill End, Macquarie Igneous Province, Molong - Sofala Igneous Subprovince",,Metamorphic hydrothermal,Orogenic,Mesozonal orogenic gold,,,Eastern Province
518390,Flamingo,,WA,119.6428,-25.2062,historic mine,Au,,Gold,,Yilgarn Craton,,,,,Warakurna Large Igneous Province,,Marymia Dome
333919,Gladstone/Eurimbula,,QLD,151.2677,-23.8453,mineral deposit,"Rt, Zrn, Ilm",,"Rutile, Zircon, Ilmenite",,,,Erosional,Placer,Heavy mineral sands,,,New England Orogen
335747,Eldorado,Tennant Creek,NT,134.194,-19.6959,historic mine,Au,,Gold,,"Tennant Creek Block, Warramunga Province, Warrego Metallogenic Province",Paleoproterozoic,Regional metasomatic,Metasomatic iron,Iron oxide gold,Kalkarindji Igneous Province,Warramunga Province,North Australian Element
335477,Alroy,,NT,136.4415,-19.1776,mineral deposit,"Phos, P, P2O5",,"Phosphate, Phosphorus, Phosphorus oxide",,Georgina Basin,,Basin chemical,Phosphorite,Phosphorite,Kalkarindji Igneous Province,Warramunga Province,North Australian Element
334320,Tyrrell Ridge,"Dunkirk, Sea Lake",VIC,142.7533,-35.7356,mineral deposit,"Rt, Ilm, Zrn","Ti, HM","Rutile, Ilmenite, Zircon, (Titanium, Heavy minerals)",,Murray Basin,,Erosional,Placer,Paleoplacer heavy mineral sands,,Murray Basin,Stawell Zone
536566,Dogbolter - Moolart Well,Duketon Gold Project,WA,122.3421,-27.7208,mineral deposit,Au,,Gold,Regis Resources Limited,Yilgarn Craton,Archean,,,,,,West Australian Element
536568,King John,Duketon Gold Project,WA,122.2516,-27.9122,mineral deposit,Au,,Gold,Regis Resources Limited,Yilgarn Craton,Archean,,,,,,West Australian Element
536570,Russells Find,Duketon Gold Project,WA,122.3765,-27.9746,historic mine,Au,,Gold,Regis Resources Limited,Yilgarn Craton,Archean,,,,,,West Australian Element
536572,Baneygo,Duketon Gold Project,WA,122.3123,-27.9637,operating mine,Au,,Gold,Regis Resources Limited,Yilgarn Craton,Archean,,,,,,West Australian Element
536574,Reichelts Find,"Duketon Gold Project, Reichelt Find",WA,122.3731,-28.0067,historic mine,Au,,Gold,Regis Resources Limited,Yilgarn Craton,Archean,,,,,,West Australian Element
536576,Petra,Duketon Gold Project,WA,122.2604,-27.6902,historic mine,Au,,Gold,Regis Resources Limited,Yilgarn Craton,Archean,,,,,,West Australian Element
536579,Garden Well - Erlistoun,Duketon Gold Project,WA,122.356,-27.9064,operating mine,Au,,Gold,Regis Resources Limited,"Yilgarn Craton, Kurnalpi Terrane",Archean,Metamorphic hydrothermal,Orogenic,Mesozonal orogenic gold,,,West Australian Element
537331,Tanami - Newmont,"Callie, Dead Bullock Soak, Tanami Project, The Granites",NT,129.9336,-20.5256,operating mine,Au,,Gold,Newmont Mining Corporation,Tanami Orogen,Paleoproterozoic,Metamorphic hydrothermal,Orogenic,Mesozonal orogenic gold,Kalkarindji Igneous Province,,Tanami Orogen
537482,Lucky Bay,Randalls Project,WA,122.0308,-31.1523,mineral deposit,Au,,Gold,Silver Lake Resources Limited,Yilgarn Craton,Archean,,,,,Lefroy Paleovalley,West Australian Element
538087,Countess,Tindals Project,WA,121.1729,-30.9865,historic mine,Au,,Gold,Focus Minerals Limited,Yilgarn Craton,Archean,,,,,,West Australian Element
538157,Big Blow - Coolgardie,Tindals Project,WA,121.1725,-30.9736,mineral deposit,Au,,Gold,Focus Minerals Limited,Yilgarn Craton,Archean,,,,,,West Australian Element
538160,Korella,Corella Bore,QLD,139.9757,-21.9388,mineral deposit,"Phos, Y2O3, P2O5",,"Phosphate, Yttrium oxide, Phosphorus oxide","ZLD International Holdings Limited, Australia New Agribusiness & Chemical Group Limited, Krucible Metals Limited",Georgina Basin,,Basin chemical,Phosphorite,Phosphorite,,Georgina Basin,Mary Kathleen Domain
538299,Black Swan - Cuddingwarra,Cuddingwarra Project,WA,117.8039,-27.3742,historic mine,Au,,Gold,"Metals X Limited, Westgold Resources Limited",Yilgarn Craton,Archean,,,,,Austin Paleovalley,West Australian Element
538302,Great Fingall,Day Dawn Project,WA,117.8582,-27.4606,historic mine,Au,,Gold,"Metals X Limited, Westgold Resources Limited","Yilgarn Craton, Murchison Domain (Youanmi Terrane)",Archean,Metamorphic hydrothermal,Orogenic,Mesozonal orogenic gold,,,West Australian Element
538305,Yellow Taxi Group,Day Dawn Project,WA,117.833,-27.4892,historic mine,Au,,Gold,"Metals X Limited, Westgold Resources Limited",Yilgarn Craton,Archean,,,,,,West Australian Element
538307,Mount Fingall,Day Dawn Project,WA,117.8281,-27.4956,historic mine,Au,,Gold,"Metals X Limited, Westgold Resources Limited",Yilgarn Craton,Archean,,,,,,West Australian Element
538308,3210 - Day Dawn,Day Dawn Project,WA,117.8478,-27.472,historic mine,Au,,Gold,"Metals X Limited, Westgold Resources Limited",Yilgarn Craton,Archean,,,,,,West Australian Element
538309,Kinsella - Kalahari,Day Dawn Project,WA,117.8721,-27.4741,mineral deposit,Au,,Gold,"Metals X Limited, Westgold Resources Limited",Yilgarn Craton,Archean,,,,,,West Australian Element
538311,South Fingall,Day Dawn Project,WA,117.86,-27.4745,historic mine,Au,,Gold,"Metals X Limited, Westgold Resources Limited",Yilgarn Craton,Archean,,,,,,West Australian Element
595291,Avoca Tank,,NSW,146.841,-31.1967,operating mine,"Cu, Au",Ag,"Copper, Gold, (Silver)",Aeris Resources Limited,"Lachlan Orogen, Girilambone Zone",,Volcanic basin hydrothermal,Volcanogenic massive sulfide (VMS),Mafic-siliciclastic VMS,,,Central NSW - Omeo Province
595865,King Solomon - New Phoenix,Gullewa Project,WA,116.3108,-28.6619,historic mine,Au,,Gold,Doray Minerals Limited,,Archean,,,,,,West Australian Element
596107,Explorer 142,Tennant Creek Project,NT,133.3875,-19.9642,mineral deposit,"Cu, Au",,"Copper, Gold",Metals X Limited,,Paleoproterozoic,Regional metasomatic,IOCG,,Kalkarindji Igneous Province,Wiso Basin,North Australian Element
596205,Parkerville,Kalgoorlie North Project,WA,121.2976,-30.3628,mineral deposit,Au,,Gold,Genesis Minerals Ltd,,Archean,,,,,,West Australian Element
596209,Nerrin Nerrin,Kalgoorlie North Project,WA,121.2904,-30.3659,mineral deposit,Au,,Gold,Genesis Minerals Ltd,,Archean,,,,,,West Australian Element
596213,Duke South,Kalgoorlie North Project,WA,121.3163,-30.4336,historic mine,Au,,Gold,Genesis Minerals Ltd,,Archean,,,,,,West Australian Element
596219,Castlereagh,Kalgoorlie North Project,WA,121.2937,-30.3618,historic mine,Au,,Gold,Genesis Minerals Ltd,,Archean,,,,,,West Australian Element
596231,Woolshed South Extended,Mount Pleasant Project,WA,121.2269,-30.5566,historic mine,Au,,Gold,"Zijin Mining Group Company Ltd, Norton Gold Fields Limited",,Archean,,,,,,West Australian Element
596237,Black Flag,Mount Pleasant Project,WA,121.2325,-30.5437,historic mine,Au,,Gold,"Zijin Mining Group Company Ltd, Norton Gold Fields Limited",,Archean,,,,,Roe Paleovalley,West Australian Element
596251,Nefertiti,Binduli Project,WA,121.4083,-30.8623,mineral deposit,Au,,Gold,"Zijin Mining Group Company Ltd, Norton Gold Fields Limited",,Archean,,,,,Roe Paleovalley,West Australian Element
596951,Southern Cross Operations,,WA,119.5027,-31.466,operating mine,Au,,Gold,"Shandong Tianye Real Estate, China Hanking Holdings Limited",,Archean,,,,,,West Australian Element
596995,Mount Stirling,Mount Stirling Project,WA,121.0705,-28.6047,historic mine,Au,,Gold,Asra Minerals Ltd,,Archean,,,,,,West Australian Element
597053,Justinian,Yamarna Project,WA,123.7007,-28.1541,mineral deposit,Au,,Gold,Gold Road Resources Limited,,Archean,,,,,,West Australian Element
335662,Lady Clayre,Roseby Project,QLD,140.1363,-20.3227,historic mine,"Cu, Au",Ag,"Copper, Gold, (Silver)",Altona Mining Limited,"Mount Isa Orogen, Mary Kathleen Zone",Proterozoic,Regional metasomatic,IOCG,Magnetite-dominant IOCG,,,Mary Kathleen Domain
335672,Blackard,"Blackard Creek, Roseby",QLD,140.1627,-20.2039,mineral deposit,Cu,Au,"Copper, (Gold)",Harmony Gold Mining,"Mount Isa Orogen, Quamby-Malbon Zone",Proterozoic,Regional metasomatic,IOCG,Magnetite-dominant IOCG,,Karumba Basin,Mary Kathleen Domain
335674,Hatches Creek,,NT,135.188,-20.8861,historic mine,"WO3, Cu, Bi, W",,"Tungsten trioxide (wolframite), Copper, Bismuth, Tungsten",Tungsten Mining NL,Davenport Province,Proterozoic,Magmatic hydrothermal,Vein,Vein tungsten,Kalkarindji Igneous Province,Warramunga Province,North Australian Element
335675,Sirius,St Ives Project,WA,121.7756,-31.3193,historic mine,Au,,Gold,Gold Fields Limited,"Yilgarn Craton, Kalgoorlie Gold Metallogenic Province, Norseman-Wiluna Belt",Archean,,,,,,West Australian Element
335676,Kingston,,SA,139.9999,-36.6639,mineral deposit,Cbr,,Coal - brown,"Primary Industries and Resources South Australia, Strike Energy Limited",Murray Basin,Cenozoic,,,,,Murray Basin,Delamerian Orogen
335678,Witchelina,SAMAG Project,SA,137.9918,-30.1161,mineral deposit,"Mgs, MgO, Mg",,"Magnesite, Magnesia (magnesium oxide), Magnesium",Archer Exlporation Limited,Delamerian Orogen,Neoproterozoic,Basin evaporative,Evaporite,Marine evaporite magnesite,,,South Australian Element
335680,Blue Bar,,WA,119.7067,-21.3974,mineral deposit,Au,,Gold,"Haoma Mining NL, Calidus Resources Ltd, West Coast Gold Pty Ltd",,,,,,Warakurna Large Igneous Province,Fortescue Basin,Pilbara Craton
335681,Gwendolyn - Johnson Range,Gewndolyn C,WA,119.4388,-29.7079,under development,Au,,Gold,Aurumin Limited,Yilgarn Craton,Archean,,,,,,West Australian Element
335686,Coal Cliff,,NSW,150.9778,-34.2294,historic mine,Cbl,,Coal - black,Illawarra Coal,Sydney Basin,,,,,,Sydney Basin,Eastern Province
335688,Central North Open Pit,Fosterville Project,VIC,144.5003,-36.7053,historic mine,Au,,Gold,"Newmarket Gold Inc, Crocodile Gold Corporation",Lachlan Orogen,,,,,,,Bendigo Zone
335692,Rose Hill,South Kalgoorlie Operations,WA,121.1767,-30.957,historic mine,Au,,Gold,Horizon Minerals Ltd.,Yilgarn Craton,Archean,,,,,,West Australian Element
335693,Wallarah No2,Wyong,NSW,151.3814,-33.2347,mineral deposit,Cbl,,Coal - black,Korea Resources Corporation,Sydney Basin,,,,,,Sydney Basin,Eastern Province
335695,Woori,"Guluguba, Surat Project",QLD,150.0272,-26.2422,mineral deposit,Cbl,,Coal - black,"New Hope Coal, MITSUI & CO. (AUSTRALIA) LTD.",Surat Basin,Mesozoic,,,,,Surat Basin,Connors-Auburn Province
429228,Coglia Well - Irwin Hills,,WA,123.046,-29.1547,mineral deposit,"Ni, Co",,"Nickel, Cobalt",Glencore Plc,Yilgarn Craton,,,,,,,West Australian Element
429230,Rocky Well -  Irwin Hills,,WA,123.0281,-29.1547,mineral deposit,"Ni, Co",,"Nickel, Cobalt",Glencore Plc,Yilgarn Craton,,,,,,,West Australian Element
429232,Wedderburn,,VIC,143.7,-36.2167,mineral deposit,"Ti, HM, Ilm, Rt, Leu","Zrn, Mnz","Titanium, Heavy minerals, (Zircon, Ilmenite, Rutile, Leucoxene, Monazite)",Wim Resources Pty Ltd,Murray Basin,,Erosional,Placer,Paleoplacer heavy mineral sands,,Murray Basin,Bendigo Zone
429263,Robertson Range (FerrAus-Atlas),King Brown,WA,120.666,-23.5455,mineral deposit,"FeOre, Fe",,"Iron ore, Iron",Atlas Iron Ltd,Hamersley Basin,,,,,Kalkarindji Igneous Province,Collier Basin,Pilbara Craton
429714,Weednanna Gold,,SA,136.4767,-32.7785,mineral deposit,Au,,Gold,Alliance Resources Limited,Gawler Craton,,,,,,,South Australian Element
429720,Venus - Mt McClure,Bronzewing Gold Project,WA,121.0027,-27.631,mineral deposit,Au,,Gold,Navigator Resources Limited,Yilgarn Craton,Archean,,,,,,West Australian Element
429723,Mount Moss,,QLD,145.8471,-19.0858,care and maintenance,"FeOre, Fe",,"Iron ore, Iron",Curtain Brothers,,,,,,,,Charters Towers Province
430797,Mulline Laterites,Mulline Project,WA,120.5206,-29.824,historic mine,Au,,Gold,Swan Gold Mining Limited,Yilgarn Craton,Archean,,,,,,West Australian Element
430799,Sunraysia,Riverina Project,WA,120.5687,-29.8027,mineral deposit,Au,,Gold,Ora Banda Mining Ltd,Yilgarn Craton,Archean,,,,,,West Australian Element
431022,A-zone,,WA,115.8964,-28.0091,mineral deposit,Au,,Gold,Adaman Resources Pty Ltd,Yilgarn Craton,,,,,Warakurna Large Igneous Province,,West Australian Element
431024,Mixy,,WA,116.0566,-27.9536,mineral deposit,Au,,Gold,Atlas Iron Ltd,Yilgarn Craton,,,,,Warakurna Large Igneous Province,Yallbewong Paleovalley,West Australian Element
431034,Lop,,WA,116.0517,-27.9543,mineral deposit,Au,,Gold,Atlas Iron Ltd,Yilgarn Craton,,,,,Warakurna Large Igneous Province,Yallbewong Paleovalley,West Australian Element
431038,Buckshot,,WA,116.0556,-27.9557,mineral deposit,Au,,Gold,Atlas Iron Ltd,Yilgarn Craton,,,,,Warakurna Large Igneous Province,Yallbewong Paleovalley,West Australian Element
431040,Warren,,WA,116.0382,-27.9596,mineral deposit,Au,,Gold,Atlas Iron Ltd,Yilgarn Craton,,,,,Warakurna Large Igneous Province,Yallbewong Paleovalley,West Australian Element
431042,Asp,,WA,115.973,-27.9808,mineral deposit,Au,,Gold,Atlas Iron Ltd,Yilgarn Craton,,,,,Warakurna Large Igneous Province,Yallbewong Paleovalley,West Australian Element
431046,Williamson South,Matilda Gold Project,WA,120.3217,-26.7844,mineral deposit,Au,,Gold,Blackham Resources Limited,Yilgarn Craton,Archean,,,,,Carey Paleovalley,West Australian Element
432976,Corboys -Yandal,Bronzewing Gold Project,WA,120.9671,-27.0793,mineral deposit,Au,,Gold,Northern Star Resources Limited,Yilgarn Craton,Archean,,,,,,West Australian Element
433063,Gamma,Brightstar Project,WA,122.718,-28.723,mineral deposit,Au,,Gold,"Stone Resources Australia Limited, A1 Minerals Limited",Yilgarn Craton,Archean,,,,,,West Australian Element
433069,Wombola Dam,Mount Monger Project,WA,121.8216,-31.0027,mineral deposit,Au,,Gold,Black Cat Syndicate ltd,Yilgarn Craton,Archean,,,,,,West Australian Element
433966,Eagle,,WA,119.9546,-26.7562,mineral deposit,Au,,Gold,"Golden West Resources Ltd, Blackham Resources Limited",Yilgarn Craton,,,,,,,West Australian Element
434544,Blair South,Golden Ridge,WA,121.7162,-30.937,mineral deposit,"Ni, Cu, Co",,"Nickel, Copper, Cobalt","Australian Mines Ltd, Morgan Stanley","Yilgarn Craton, Eastern Goldfields Province",Archean,,,,,,West Australian Element
434546,Nebo-Babel,"Babel, Nebo",WA,127.7274,-26.0954,under development,"Ni, Cu, Pt, Au, Pd, Ag","Co, PGE","Nickel, Copper, (Cobalt, Platinum, Gold, Palladium, Silver, Platinum group elements)",BHP Group Limited,Warakurna Large Igneous Province,Proterozoic,Magmatic,Ultramafic and (or) mafic intrusion,U-M intrusion nickel-copper-PGE,Warakurna Large Igneous Province,Kadgo Paleovalley,Musgrave Province
435525,Avondale NRE,Avondale,NSW,150.774,-34.508,historic mine,Cbl,,Coal - black,Gujarat NRE,Sydney Basin,,,,,,Sydney Basin,Eastern Province
435527,Pine Dale,,NSW,150.065,-33.297,care and maintenance,Cbl,,Coal - black,Energy Australia,Sydney Basin,,,,,,Sydney Basin,Eastern Province
435539,Belara,Native Bee,NSW,149.2333,-32.3729,mineral deposit,"Zn, Cu, Pb","Ag, Au","Zinc, Copper, Lead, (Silver, Gold)",Belararox Ltd,Lachlan Orogen,Paleozoic,,,,,,Eastern Province
435553,Rocklands,Las Minerale,QLD,140.3636,-20.6724,care and maintenance,"Cu, Co, Mag","Au, Fe","Copper, Cobalt, (Gold, Magnetite, Iron)",Austral Resources,Mount Isa Orogen,Proterozoic,Regional metasomatic,IOCG,Magnetite-dominant IOCG,,,Mitakoodi Domain
435559,Area 55,Batchelor,NT,130.9674,-13.0139,mineral deposit,"Co, Cu, Ni, Pb",,"Cobalt, Copper, Nickel, Lead",Compass Resources NL,Pine Creek Orogen,Proterozoic,Basin hydrothermal,Sediment-hosted,Sediment-hosted copper ± Co,,,Pine Creek Orogen
435901,St Patricks,,WA,121.2356,-30.0612,mineral deposit,"Ni, Co",,"Nickel, Cobalt",Croesus Mining,Yilgarn Craton,,,,,,Rebecca Paleovalley,West Australian Element
435921,Premium,Gidgee Project,WA,119.4158,-27.2493,historic mine,Au,,Gold,Horizon Gold Limited,Yilgarn Craton,Archean,,,,,Raeside Paleovalley,West Australian Element
435931,Mount Monger,"Daisy Complex, Daisy Milano, Mt Monger Project",WA,121.9224,-31.0133,operating mine,Au,,Gold,Vault Minerals,Yilgarn Craton,Archean,Metamorphic hydrothermal,Orogenic,Mesozonal orogenic gold,,,West Australian Element
435948,Barda,,NSW,142.836,-33.54,mineral deposit,"Rt, Ti, HM, Zrn, Leu","Ilm, Zr","Rutile, Titanium, Heavy minerals, (Ilmenite, Zircon, Leucoxene, Zirconium)",Tronox Limited,Murray Basin,,Erosional,Placer,Paleoplacer heavy mineral sands,,Murray Basin,Stawell Zone
435968,Mount Watson,Leichhardt,QLD,139.8888,-19.7717,mineral deposit,Cu,Au,"Copper, (Gold)",Matrix metals,Mount Isa Orogen,Proterozoic,Basin hydrothermal,Sediment-hosted,Sediment-hosted copper ± Co,,,Kalkadoon-Leichhardt Domain
547719,Victory Bore Vanadium,,WA,118.989,-28.2619,pre-feasibility,"V2O5, Ti, V, TiO2, Al2O3, HPA, Fe","FeOre, Al","Vanadium pentoxide, Titanium, Vanadium, Titanium dioxide, Alumina, Alumina - High Purity, (Iron ore, Iron, Aluminium)",SUREFIRE RESOURCES NL,Yilgarn Craton,,Magmatic,Ultramafic and (or) mafic-layered intrusion,U-M layered intrusion iron-titanium-vanadium,,Raeside Paleovalley,West Australian Element
547773,Canegrass Magnetite (Flinders Mines),,WA,118.4011,-28.3571,mineral deposit,"FeOre, V, Fe, TiO2, Ti, V2O5, Cu, Co, Ni",,"Iron ore, Vanadium, Iron, Titanium dioxide, Titanium, Vanadium pentoxide, Copper, Cobalt, Nickel",Viking Mines,Yilgarn Craton,,Magmatic,Ultramafic and (or) mafic-layered intrusion,U-M layered intrusion iron-titanium-vanadium,,,West Australian Element
547777,Canegrass Vanadium,,WA,118.3866,-28.3343,mineral deposit,"V, TiO2, Fe, Ti, FeOre, V2O5",,"Vanadium, Titanium dioxide, Iron, Titanium, Iron ore, Vanadium pentoxide",Flinders Mines Ltd,Yilgarn Craton,,,,,,,West Australian Element
547927,Rockwood,,QLD,148.75,-22.45,mineral deposit,Cbl,,Coal - black,U&D Coal Limited,Bowen Basin,,,,,,Bowen Basin,Anakie Province
548721,Moorlands (Cuesta Coal),,QLD,147.426,-22.6551,mineral deposit,Cbl,,Coal - black,"Wintime Energy Co. Ltd, Cuesta Coal Limited",Bowen Basin,,,,,,,Anakie Province
548728,Yeerun,,QLD,148.597,-22.168,mineral deposit,Cbl,,Coal - black,Peabody Energy Corp.,Bowen Basin,,,,,,Bowen Basin,Connors-Auburn Province
548731,Penryhn,,SA,134.6477,-29.3463,mineral deposit,Cbl,,Coal - black,WPG Resources Limited,Arckaringa Basin,,,,,,Arckaringa Basin,Christie Domain
549365,Fusion Magnetite,,SA,135.8762,-34.3899,mineral deposit,FeOre,Fe,"Iron ore, (Iron)",Lincoln Minerals Limited,"Gawler Craton, Cleve Domain",,Basin chemical,Iron formation,Superior-type banded iron formation,,,South Australian Element
549408,Peak Hill Iron- (AustSino),,WA,118.5203,-25.5407,mineral deposit,FeOre,"Mag, Fe","Iron ore, (Magnetite, Iron)",Austsino Resources Group Ltd,Yilgarn Craton,,,,,Warakurna Large Igneous Province,Bryah Basin,West Australian Element
549410,Maldorky,,SA,140.634,-32.411,mineral deposit,FeOre,Fe,"Iron ore, (Iron)",Havilah Resources NL,Delamerian Orogen,,Basin chemical,Iron formation,,,,South Australian Element
549793,Nyidinghu (FMG),,WA,119.3297,-22.7069,mineral deposit,FeOre,Fe,"Iron ore, (Iron)",Fortescue Metals Group Limited,Pilbara Craton,,Basin chemical,Iron formation,Superior-type banded iron formation,Warakurna Large Igneous Province,Hamersley Basin,Pilbara Craton
549801,Buckland-Bungaroo South,,WA,116.5612,-22.0146,mineral deposit,Fe,,Iron,"Mineral Resources, BC Iron Ltd",Pilbara Craton,,,,,Warakurna Large Igneous Province,Hamersley Basin,Pilbara Craton
550198,Abel,,NSW,151.6211,-32.8184,care and maintenance,Cbl,,Coal - black,Yancoal Australia Limited,Sydney Basin,,,,,,Sydney Basin,Eastern Province
550517,Unicorn,Mount Unicorn,VIC,147.9896,-36.3386,mineral deposit,"Ag, Mo, Cu",,"Silver, Molybdenum, Copper",Dart Mining NL,"Lachlan Orogen, Tabberabbera Zone",,Magmatic hydrothermal,Porphyry,Climax-type porphyry molybdenum,,,Central NSW - Omeo Province
550699,Mount Alexander Magnetite,,WA,115.5199,-22.6797,mineral deposit,Fe,,Iron,Zenith Minerals Limited,Pilbara Craton,,,,,Warakurna Large Igneous Province,,West Australian Element
550749,Mount Ida (Juno Minerals),,WA,120.4139,-29.2188,mineral deposit,FeOre,Fe,"Iron ore, (Iron)","Juno Minerals Ltd, Jupiter Mines Ltd",Yilgarn Craton,,,,,,,West Australian Element
550778,Blacksmith,"Anvil, Eagle, Pilbara",WA,117.4462,-22.1176,mineral deposit,FeOre,Fe,"Iron ore, (Iron)",Red Hawk Mining Limited,Pilbara Craton,,,,,Warakurna Large Igneous Province,Hamersley Basin,Pilbara Craton
597055,Gruyere,Yamarna Project,WA,123.8452,-27.9844,operating mine,Au,,Gold,"Gold Fields Limited, Gold Road Resources Limited",Yamarna Terrane,Archean,Metamorphic hydrothermal,Orogenic,Mesozonal orogenic gold,,,West Australian Element
597061,Yarraloola Iron_Robe Mesa (Coziron),,WA,116.0116,-21.7619,mineral deposit,"FeOre, Al2O3","Fe, Sic","Iron ore, (Iron, Alumina, Silica)",CZR Resources Ltd,,,,,,Warakurna Large Igneous Province,Ashburton Basin,Pilbara Craton
597090,Urquhart Bauxite,,QLD,141.8,-12.735,mineral deposit,Bx,Al2O3,"Bauxite, (Alumina)","Ozore Pty Ltd, Metallica Minerals Limited",Savannah Province,,Supergene,Laterite,Bauxite,,Carpentaria Basin,North Australian Element
597299,Rock Face,,NT,136.25,-22.685,mineral deposit,Cu,"Au, Ag","Copper, (Gold, Silver)",KGL Resources Limited,,Paleoproterozoic,,,,Kalkarindji Igneous Province,,Aileron Province
597577,East Kundana Project,,WA,121.23,-30.72,operating mine,Au,,Gold,"Rand Mining Limited, Tribune Resources Limited, Evolution Mining Limited",,Archean,,,,,Roe Paleovalley,West Australian Element
597585,Blue Manna,Carosue Dam Project,WA,122.3444,-30.0712,mineral deposit,Au,,Gold,Saracen Mineral Holdings Limited,,Archean,,,,,Rebecca Paleovalley,West Australian Element
597588,Mangilla,Thunderbox Project,WA,121.0164,-28.113,historic mine,Au,,Gold,Saracen Mineral Holdings Limited,,Archean,,,,,,West Australian Element
597590,Carosue Dam,,WA,122.35,-30.12,operating mine,Au,,Gold,Saracen Mineral Holdings Limited,Kurnalpi Terrane,Archean,Magmatic hydrothermal,Intrusion-related,Reduced intrusion-related gold,,,West Australian Element
597608,Edna May,,WA,118.6998,-31.2912,operating mine,Au,,Gold,Ramelius Resources Limited,"Yilgarn Craton, Southern Cross Domain (Youanmi Terrane)",Archean,Metamorphic hydrothermal,Orogenic,Hypozonal orogenic gold,,Deborah Paleovalley,West Australian Element
597610,Mossbecker,Kathleen Valley Project,WA,120.5725,-27.525,mineral deposit,Au,,Gold,Ramelius Resources Limited,,Archean,,,,,,West Australian Element
597643,Shiraz,Gidgee Project,WA,119.4612,-27.1271,historic mine,Au,,Gold,"Horizon Gold Limited, Panoramic Resources Limited",,Archean,,,,,,West Australian Element
597648,Malcolm Challenger,Murrin Murrin Project,WA,121.815,-28.9041,historic mine,Au,,Gold,Zeta Resources Limited,,Archean,,,,,,West Australian Element
597668,Castle Hill Stage 3,,WA,121.033,-30.6214,under development,Au,,Gold,Evolution Mining Limited,,Archean,,,,,,West Australian Element
597670,Young Australian,Mulline Project,WA,120.5165,-29.8198,historic mine,Au,,Gold,Swan Gold Mining Limited,,Archean,,,,,,West Australian Element
597672,Timoni Group,Mount Ida Project,WA,120.4628,-29.0983,historic mine,Au,,Gold,Ora Banda Mining Ltd,,Archean,,,,,,West Australian Element
597769,Gunnedah Project,"BLOCK 7, CCL701, EL5183, ML1624, Sunnyside",NSW,150.1545,-31.0182,mineral deposit,Cbl,,Coal - black,Whitehaven Coal Limited,Gunnedah Basin,,,,,,Gunnedah Basin,Eastern Province
597774,Dawson West,,QLD,149.4956,-24.8689,mineral deposit,Cbl,,Coal - black,CMR Coal Queensland,Bowen Basin,,,,,,Bowen Basin,Anakie Province
597778,Blackall (EPC 1399),,QLD,145.3503,-24.6038,mineral deposit,Cbl,,Coal - black,East Energy Resources Limited,Eromanga Basin,,,,,,Adavale Basin,Thomson Orogen
597779,Blackall (EPC 1398),,QLD,145.4598,-25.196,mineral deposit,Cbl,,Coal - black,East Energy Resources Limited,Eromanga Basin,,,,,,Adavale Basin,Thomson Orogen
598018,Lake Mackay South,,WA,128.8,-22.6,mineral deposit,"K, K2O, K2SO4",,"Potassium, Potash, Potassium sulfate","Toro Energy Limited, Rum Jungle Resources Limited",,,,,,,Mackay (Wilkinkarra) Paleovalley,Aileron Province
641091,Carnegie,,WA,122.8688,-26.206,mineral deposit,"K, K2O, K2SO4",,"Potassium, Potash, Potassium sulfate",,,,,,,Warakurna Large Igneous Province,Earaheedy Basin,West Australian Element
335482,Referee,"2, 3, Referee 1, Referee Extended, Referee Extended 1, Referee West, Ruth, South",QLD,139.8492,-20.3126,historic mine,"Cu, Ag, Au",,"Copper, Silver, Gold",,"Mount Isa Orogen, Kalkadoon-Leichhardt Belt",Proterozoic,,,,,,Kalkadoon-Leichhardt Domain
335682,Evelyn Mine,,NT,132.119,-13.6455,mineral deposit,"Zn, Ag, Pb, Au, Cd",,"Zinc, Silver, Lead, Gold, Cadmium",,Pine Creek Orogen,Proterozoic,Magmatic hydrothermal,Skarn,Skarn zinc-lead-silver,,,Pine Creek Orogen
335768,Dinkum Digger,,QLD,140.0872,-19.8376,historic mine,"Cu, Au",,"Copper, Gold",,"Mount Isa Orogen, Kalkadoon-Leichhardt Belt",Proterozoic,,,,,,Mary Kathleen Domain
334592,Tank Anomaly,"Aldiss Project, Tank/Atriedes",WA,122.5548,-31.0675,mineral deposit,Au,,Gold,,Yilgarn Craton,,,,,,,West Australian Element
335820,Ivena,Ivena North,QLD,139.3962,-19.4676,historic mine,Cu,,Copper,,"Mount Isa Orogen, Lawn Hill Platform",Proterozoic,,,,,,Mount Isa Orogen
336058,Summer Hill,,QLD,149.7511,-26.0286,mineral deposit,Cbl,,Coal - black,,Surat Basin,,,,,,Surat Basin,Anakie Province
533375,Browns North,,WA,122.2034,-31.039,mineral deposit,Au,,Gold,,Yilgarn Craton,,,,,,,West Australian Element
335171,Lachlan,,NSW,151.53,-32.9668,mineral deposit,Cbl,,Coal - black,,Sydney Basin,,,,,,Sydney Basin,Eastern Province
336014,Fine Gold Creek,"Groganville, Limestone Creek",QLD,144.4173,-16.4336,historic mine,Au,,Gold,,"Hodgkinson Gold Metallogenic Province, Hodgkinson Province",,,,,,,Mossman Orogen
334150,Redgate,,WA,115.0021,-34.0324,mineral deposit,"Ilm, Rt, Zrn, Mnz, Leu",,"Ilmenite, Rutile, Zircon, Monazite, Leucoxene",,,,,,,,,Leeuwin Province
335730,Ajax Central,,VIC,144.1293,-37.3362,historic mine,Au,,Gold,,Lachlan Orogen,Paleozoic,,,,,,Bendigo Zone
335906,Nagoorin South,,QLD,151.3344,-24.4318,mineral deposit,Osh,,Oil shale,,,,,,,,,Yarrol Province
336249,Williams River-Karua River,Ironstone Mountain,NSW,151.8678,-32.5286,mineral deposit,Fe,,Iron,,New England Orogen,,,,,,,New England Orogen
557931,Cookernup,,WA,115.9144,-32.9868,mineral deposit,"Ilm, Zrn, Rt, Leu",,"Ilmenite, Zircon, Rutile, Leucoxene",,,,Erosional,Placer,Heavy mineral sands,,,Pinjarra Element
334830,Beechworth,"Eldorado, Homeward Bound, Jimmys Creek, Wooragee",VIC,146.7,-36.3802,historic mine,"Au, Sn",,"Gold, Tin",,"Lachlan Orogen, Lachlan Orogen",Cenozoic,,,,,,Lachlan Orogen
333292,Palmer River,"Maytown, Palmer",QLD,143.4665,-15.8771,historic mine,Au,,Gold,,"Coen Metallogenic Province, Etheridge Province",Cenozoic,,,,,Etheridge Province,North Australian Element
333469,Busselto-Vines V,,WA,115.3578,-33.6946,mineral deposit,"Ilm, Zrn, Leu, Rt",,"Ilmenite, Zircon, Leucoxene, Rutile",,,,,,,,Bunbury Trough,Pinjarra Orogen
455565,South Rosie Creek,,NT,135.7747,-15.6506,mineral deposit,Mn,,Manganese,,McArthur Basin,,,,,,McArthur Basin,North Australian Element
334420,Bullfinch Operations,,WA,119.1226,-30.9768,historic mine,Au,,Gold,,"Yilgarn Craton, Southern Cross Domain (Youanmi Terrane)",,Metamorphic hydrothermal,Orogenic,Mesozonal orogenic gold,,Deborah Paleovalley,West Australian Element
455546,Far Northern,,SA,137.1795,-31.5726,historic mine,Mn,,Manganese,,Gawler Craton,,,,,,Cariewerloo Basin,South Australian Element
335011,Woodcutters,,NT,131.1124,-12.9681,historic mine,"Pb, Cu, Sb, Ag, Cd, Zn",,"Lead, Copper, Antimony, Silver, Cadmium, Zinc",,Pine Creek Orogen,Proterozoic,Metamorphic hydrothermal,Orogenic,Orogenic silver-lead-zinc-copper-antimony,,,Pine Creek Orogen
335053,South Hercules,Rosebery,TAS,145.5144,-41.85,mineral deposit,"Au, Zn, Ag, Pb, Cu",,"Gold, Zinc, Silver, Lead, Copper",,Delamerian Orogen,Paleozoic,Volcanic basin hydrothermal,Volcanogenic massive sulfide (VMS),Bimodal felsic VMS,,Thylacine Province,Delamerian Orogen
335279,Babbling Brooke Hill,,QLD,138.462,-18.6911,mineral deposit,P,"Phos, P2O5","Phosphorus, (Phosphate, Phosphorus oxide)",,Georgina Basin,,Basin chemical,Phosphorite,Phosphorite,,Georgina Basin,Camooweal-Murphy Domain
896583,Imperial,,,121.9354,-30.8922,mineral deposit,Au,,Gold,,,,,,,,,West Australian Element
336055,Canoona,,QLD,150.2659,-23.0797,mineral deposit,"Ni, Co",,"Nickel, Cobalt",,New England Orogen,Cenozoic,,,,,,New England Orogen
449189,Eastern Shear,,WA,122.1813,-21.1826,mineral deposit,Au,,Gold,,,,,,,Kalkarindji Igneous Province,Yeneena Basin,Paterson Orogen
335410,Mount Leviathan,,QLD,140.5012,-20.7122,mineral deposit,Fe,,Iron,,Mount Isa Orogen,,,,,,,Canobie Domain
333689,Mintabie,,SA,133.3002,-27.3221,operating mine,Opl,,Opal,,Officer Basin,,,,,,Officer Basin,South Australian Element
334094,Secret,,QLD,139.9862,-20.8766,historic mine,Cu,,Copper,,"Mount Isa Orogen, Kalkadoon-Leichhardt Belt",Proterozoic,unknown,unknown,unknown,,,Mary Kathleen Domain
527958,Prairie Downs_Spearhole,Prairie Downs Project,WA,119.271,-23.469,mineral deposit,"FeOre, Fe",,"Iron ore, Iron",,Pilbara Craton,,,,,Warakurna Large Igneous Province,Fortescue Basin,Pilbara Craton
334017,Mount Ruby,,QLD,145.3192,-17.5591,mineral deposit,Fe,,Iron,,Mossman Orogen,,,,,,,Mossman Orogen
333979,New Golden King,New Golden Gate,TAS,147.917,-41.437,historic mine,Au,,Gold,,"Lachlan Orogen, Lachlan Orogen, Beaconsfield Metallogenic Province",,,,,,,Melbourne-Mathinna Zone
568966,"Kogan (Carbon Energy EPC867, 869, 1132)",,QLD,150.8,-27.2,mineral deposit,Cbl,,Coal - black,,Surat Basin,,,,,,Surat Basin,Connors-Auburn Province
333295,Robe River,Pannawonica,WA,116.5,-21.7144,historic mine,Fe,,Iron,,Hamersley Basin,Cenozoic,Infiltrational,Paleochannel,Paleochannel iron,Warakurna Large Igneous Province,Fortescue Basin,Pilbara Craton
601254,Moe Swamp Deposits,,VIC,146.1787,-38.1685,mineral deposit,Cbr,,Coal - brown,,Gippsland Basin,,,,,,Selwyn Province,Melbourne-Mathinna Zone
334336,Wadgingarra,,WA,116.8118,-28.3067,mineral deposit,"Au, Cu",,"Gold, Copper",,Yilgarn Craton,,,,,,,West Australian Element
334916,Honeymoon Well - (Laterite),,WA,120.379,-26.923,mineral deposit,"Ni, Co",,"Nickel, Cobalt",,"Yilgarn Craton, Eastern Goldfields Province",Cenozoic,,,,,,West Australian Element
335742,Kingscliff,,NSW,153.6,-28.2468,historic mine,"Mnsd, Ilm, Mnz, Zrn, Rt",,"Mineral sands, Ilmenite, Monazite, Zircon, Rutile",,New England Orogen,,,,,,,New England Orogen
336145,Eastern Creek,Newlands,QLD,148.0156,-21.2077,historic mine,Cbl,,Coal - black,,Bowen Basin,,,,,,Bowen Basin,Connors-Auburn Province
335188,"Monarch, Shallamar",,TAS,147.9146,-40.9587,historic mine,Sn,,Tin,,Lachlan Orogen,,,,,,,Melbourne-Mathinna Zone
467791,Palace,,WA,121.2452,-30.539,historic mine,Au,,Gold,,Yilgarn Craton,,,,,,Roe Paleovalley,West Australian Element
333576,Armidale - Rockvale,,NSW,151.6667,-30.5135,historic mine,Au,,Gold,,New England Orogen,,,,,,,New England Orogen
333584,Horseshoe,,,118.5664,-25.4519,mineral deposit,,,,,,,,,,Warakurna Large Igneous Province,Bryah Basin,West Australian Element
334346,Tibooburra-Milparinka,Milparinka,NSW,141.9355,-29.7865,historic mine,Au,,Gold,,Wonominta Block,,,,,,Lake Eyre Basin,Thomson Orogen
364820,Newhaven,Phillips Find Project,WA,120.966,-30.6129,historic mine,Au,,Gold,Barra Resources Limited,Yilgarn Craton,Archean,,,,,,West Australian Element
364822,Bacchus Gift,Phillips Find Project,WA,120.9638,-30.6103,historic mine,Au,,Gold,Barra Resources Limited,Yilgarn Craton,Archean,,,,,,West Australian Element
407951,Pardoo-Ridley (Atlas Iron),"Alice, Bobby, Bobby Trend, Connie, Olivia, South Limb",WA,119.118,-20.256,mineral deposit,FeOre,Fe,"Iron ore, (Iron)",Atlas Iron Ltd,Pilbara Craton,,Volcanic basin hydrothermal,Volcanogenic,Algoma-type banded iron formation,,,Pilbara Craton
407953,Wilgerup North,,SA,135.858,-33.748,mineral deposit,FeOre,Fe,"Iron ore, (Iron)",GFG Alliance,Gawler Craton,,,,,,Eucla Basin,South Australian Element
407955,Balmoral Southern Block (Australasian Resources Ltd),"Balmoral Southern Block, Susan Palmer",WA,116.123,-21.1444,mineral deposit,"FeOre, Fe",,"Iron ore, Iron",Australasian Resources Ltd,Pilbara Craton,,,,,Warakurna Large Igneous Province,Hamersley Basin,West Australian Element
407981,The Dam,"Dam, Temora Project",NSW,147.4701,-34.3265,mineral deposit,"Cu, Au",Mo,"Copper, Gold, (Molybdenum)",Sandfire Resources NL,Lachlan Orogen,Paleozoic,Magmatic hydrothermal,Porphyry,Porphyry copper ± gold,,,Central NSW - Omeo Province
408249,Bird in Hand,,SA,138.9079,-34.9572,historic mine,Au,,Gold,Terramin Australia Limited,Delamerian Orogen,Proterozoic,,,,,,South Australian Element
408370,Gambia-Camelia (Kalpini),Kalpini Project,WA,121.9475,-30.4069,historic mine,Au,,Gold,Horizon Minerals Ltd.,Yilgarn Craton,Archean,,,,,,West Australian Element
408372,Wombola Pit,Mount Monger Project,WA,121.8317,-30.9987,operating mine,Au,,Gold,Black Cat Syndicate ltd,"Yilgarn Craton, Eastern Goldfields Province",Archean,,,,,,West Australian Element
408446,Duplex Hill South,,WA,121.7855,-31.0053,mineral deposit,Au,,Gold,Australian Mines Ltd,Yilgarn Craton,,,,,,,West Australian Element
408448,Sinclair,,WA,120.8645,-28.3665,mineral deposit,"Cu, Ni",,"Copper, Nickel","Haddington Resources Ltd, Jubilee Mines NL, Xstrata plc","Yilgarn Craton, Eastern Goldfields Province",Archean,,,,,Raeside Paleovalley,West Australian Element
408589,Crocker Well,,SA,139.813,-32.02,mineral deposit,"U, U3O8",,"Uranium, Uranium oxide",PepinNini Minerals Limited,Curnamona Province,Proterozoic,,,,,,Curnamona Province
408595,Armchair-Streitberg,Goulds Dam,SA,139.3659,-30.2021,mineral deposit,"U, U3O8",,"Uranium, Uranium oxide",Marathon Resources Ltd.,Curnamona Province,Proterozoic,,,,,,Curnamona Province
408597,Yuinmery,,WA,119.1,-28.564,mineral deposit,"U, Cu, Au, Ag, U3O8",,"Uranium, Copper, Gold, Silver, Uranium oxide",Empire Resources Limited,,Cenozoic,,,,,Raeside Paleovalley,West Australian Element
408598,Thatcher Soak,,WA,123.579,-28.025,mineral deposit,"U, U3O8",,"Uranium, Uranium oxide","Eleckra Mines Limited, Magnis Resources Ltd",,Proterozoic,,,,,Wells Paleovalley,West Australian Element
408599,Lake Mason,,WA,119.3798,-27.7791,mineral deposit,U,U3O8,"Uranium, (Uranium oxide)",Energy Metals Limited,,Cenozoic,,,,,Raeside Paleovalley,West Australian Element
408600,Nowthanna,,WA,118.67,-27.07,mineral deposit,"U, U3O8",,"Uranium, Uranium oxide",Toro Energy Limited,,Cenozoic,,,,,,West Australian Element
408601,Centipede and Millipede,,WA,120.359,-26.58,mineral deposit,"U, V","U3O8, V2O5","Uranium, (Uranium oxide, Vanadium, Vanadium pentoxide)",Toro Energy Limited,,Cenozoic,,,,,Carey Paleovalley,West Australian Element
408607,Cadia East,Cadia Valley,NSW,149.0123,-33.465,operating mine,"Cu, Au","Mo, Ag","Copper, Gold, (Molybdenum, Silver)",Newcrest Mining Limited,Lachlan Orogen,Paleozoic,,,,,,Eastern Province
408634,Prospect Claim,Union Reefs Project,NT,131.7852,-13.7073,mineral deposit,Au,,Gold,"Newmarket Gold Inc, Crocodile Gold Corporation",Pine Creek Orogen,Paleoproterozoic,,,,,,Pine Creek Orogen
428943,Ivy Ann,Roseby Project,QLD,140.2881,-20.4221,historic mine,"Cu, Au",,"Copper, Gold",Altona Mining Limited,Mount Isa Orogen,Proterozoic,,,,,,Canobie Domain
429012,Mount Victoria (U),,SA,139.8333,-31.9333,mineral deposit,"U, U3O8",,"Uranium, Uranium oxide",PepinNini Minerals Limited,Curnamona Province,,,,,,,Curnamona Province
429091,Bickham,,NSW,150.918,-31.844,mineral deposit,Cbl,,Coal - black,Bickham Coal Company,Sydney Basin,,,,,,Gunnedah Basin,New England Orogen
429144,Lenton,Lenton North,QLD,148.12,-21.56,operating mine,Cbl,,Coal - black,Bowen Coking Coal Ltd,Bowen Basin,,,,,,Bowen Basin,Anakie Province
429148,Saraji East,"New Saraji, Phillips Creek",QLD,148.368,-22.458,mineral deposit,Cbl,,Coal - black,BMA,Bowen Basin,,,,,,Bowen Basin,Anakie Province
429151,Bee Creek (New Hope),,QLD,148.49,-21.66,mineral deposit,Cbl,,Coal - black,New Hope Coal,Bowen Basin,,,,,,Bowen Basin,Connors-Auburn Province
429153,Pittsworth,,QLD,151.7,-27.7,mineral deposit,Cbl,,Coal - black,New Hope Coal,Clarence-Moreton Basin,,,,,,Clarence-Moreton Basin,Yarrol Province
429159,Freitag Creek,,QLD,148.21,-24.6,mineral deposit,Cbl,,Coal - black,Macarthur Coal,Bowen Basin,,,,,,Bowen Basin,Anakie Province
429161,Caramal,,NT,133.357,-12.5004,mineral deposit,"U, U3O8",,"Uranium, Uranium oxide",Caramal,Pine Creek Orogen,Proterozoic,Basin hydrothermal,Unconformity-related,Unconformity-related uranium,,McArthur Basin,Pine Creek Orogen
429163,Mount Mason,,WA,120.3656,-29.1184,feasibility,"FeOre, MgO","Mgs, Fe","Iron ore, (Magnesite, Magnesia (magnesium oxide), Iron)",Juno Minerals Ltd,Yilgarn Craton,,,,,,,West Australian Element
429170,Avonbank,,VIC,142.3089,-36.637,mineral deposit,"Zrn, Rt","Ilm, Leu","Zircon, Rutile, (Ilmenite, Leucoxene)",Wim Resources Pty Ltd,Murray Basin,,Erosional,Placer,Heavy mineral sands,,Murray Basin,Stawell Zone
429175,Walbiri,,NT,131.5863,-22.305,mineral deposit,"U, U3O8",,"Uranium, Uranium oxide",Energy Metals Limited,,Paleozoic,,,,,Ngalia Basin,Aileron Province
429177,Mount Gee,,SA,139.3391,-30.2224,mineral deposit,"U, U3O8","REO, REE","Uranium, (Rare earth oxides, Uranium oxide, Rare earth elements)",Marathon Resources Ltd.,Curnamona Province,Paleozoic,Regional metasomatic,Metasomatic iron,Iron oxide uranium,,,Curnamona Province
538313,Try Again Group - Day Dawn,Day Dawn Project,WA,117.854,-27.4733,historic mine,Au,,Gold,"Metals X Limited, Westgold Resources Limited",Yilgarn Craton,Archean,,,,,,West Australian Element
544561,Mottrams,Burnside Project,NT,131.3506,-13.5087,mineral deposit,Au,,Gold,PNX Metals Limited,Pine Creek Orogen,Paleoproterozoic,,,,,,Pine Creek Orogen
545408,Fingers,,WA,118.9798,-22.5469,mineral deposit,"Fe, FeOre",,"Iron, Iron ore",Hamersley Iron - Home Page,Pilbara Craton,,,,,Warakurna Large Igneous Province,Hamersley Basin,Pilbara Craton
545421,Carrow Magnetite,,SA,136.3197,-34.0653,mineral deposit,FeOre,Fe,"Iron ore, (Iron)",Centrex Metals Limited,"Gawler Craton, Cleve Domain",,Basin chemical,Iron formation,Superior-type banded iron formation,,,South Australian Element
545423,Bungalow Magnetite,,SA,136.8881,-33.595,mineral deposit,"FeOre, Fe",,"Iron ore, Iron",Baotou Iron & Steel Group Company Limited,"Gawler Craton, Cleve Domain",,Basin chemical,Iron formation,Superior-type banded iron formation,,,South Australian Element
545864,Greenvale Nickel (AusMines),,QLD,144.9267,-18.9721,under development,"Ni, Co","Sc, Cr","Nickel, Cobalt, (Scandium, Chromium)",Australian Mines Ltd,Thomson Orogen,,Supergene,Laterite,Laterite nickel,,,Thomson Orogen
546004,Odin,,QLD,139.3658,-20.3777,mineral deposit,U,U3O8,"Uranium, (Uranium oxide)",Paladin Energy Limited,Leichhardt Superbasin,,Regional metasomatic,Alkali-calcic,Albitite-hosted uranium,,,Leichhardt River Domain
546006,Plumbush,,SA,137.372,-33.2418,mineral deposit,"U, U3O8",,"Uranium, Uranium oxide",UraniumSA Limited,,,,,,,Pirie Basin Paleovalley,South Australian Element
546027,Cleos,Cleo's prospect ; cleo deposit,NT,132.021,-13.5655,mineral deposit,"U, U3O8",,"Uranium, Uranium oxide",Thundelarra Exploration,Pine Creek Orogen,,,,,,,Pine Creek Orogen
546029,Thunderball,,NT,131.5195,-13.5429,mineral deposit,"U, U3O8",,"Uranium, Uranium oxide",Thundelarra Exploration,Pine Creek Orogen,,Basin hydrothermal,Unconformity-related,Unconformity-related uranium,,,Pine Creek Orogen
546360,Pernatty Decline,South Kalgoorlie Operations,WA,121.5924,-31.0014,historic mine,Au,,Gold,"Alacer Gold Corporation, Metals X Limited, Northern Star Resources Limited",Yilgarn Craton,Archean,,,,,,West Australian Element
546362,Pit 28,South Kalgoorlie Operations,WA,121.2467,-30.9637,historic mine,Au,,Gold,Alacer Gold Corporation,Yilgarn Craton,Archean,,,,,,West Australian Element
546364,Lanarkshire,South Kalgoorlie Operations,WA,121.5863,-30.9961,historic mine,Au,,Gold,"Alacer Gold Corporation, Metals X Limited, Northern Star Resources Limited",Yilgarn Craton,Archean,,,,,,West Australian Element
546367,Carley Bore,,WA,114.9874,-23.5007,mineral deposit,U,U3O8,"Uranium, (Uranium oxide)","Energia Minerals Limited, Paladin Energy Limited",,,,,,Warakurna Large Igneous Province,Southern Carnarvon Basin,West Australian Element
546369,Musket,Higginsville Gold Operations,WA,122.0568,-32.0243,mineral deposit,Au,,Gold,"Alacer Gold Corporation, Karora Resources Inc, Metals X Limited, RNC Minerals",Yilgarn Craton,Archean,,,,,,West Australian Element
546371,Mirrin Mirrin,,WA,120.4338,-23.3975,mineral deposit,"FeOre, Fe",,"Iron ore, Iron",Atlas Iron Ltd,Pilbara Craton,,,,,Kalkarindji Igneous Province,Hamersley Basin,Pilbara Craton
546383,Albatross-Flamingo,Plutonic Dome Project,WA,119.6451,-25.2092,historic mine,Au,,Gold,"Vango Mining Ltd, Dampier Gold Limited",Yilgarn Craton,,,,,Warakurna Large Igneous Province,,Marymia Dome
546384,Trident - Marymia Dome,Plutonic Dome Project,WA,119.6363,-25.1691,mineral deposit,Au,,Gold,Catalyst Metals Ltd,Yilgarn Craton,,,,,Warakurna Large Igneous Province,,Marymia Dome
546439,North Marillana -South (Australian Aboriginal Corp)),,WA,119.0498,-22.6923,mineral deposit,"Fe, FeOre",,"Iron, Iron ore",Iron Ore Holdings Ltd,Pilbara Craton,,,,,Warakurna Large Igneous Province,Yandicoogina Paleovalley,Pilbara Craton
546441,Lamb Creek (Mineral Resources),,WA,118.8736,-22.8131,mineral deposit,,,,"Mineral Resources, Iron Ore Holdings Ltd",Pilbara Craton,,,,,Warakurna Large Igneous Province,Hamersley Basin,Pilbara Craton
546448,Maitland River Magnetite,,WA,116.404,-20.93,mineral deposit,"FeOre, Fe",,"Iron ore, Iron",Leichhardt Industrials Pty Ltd,Pilbara Craton,,,,,Warakurna Large Igneous Province,,Pilbara Craton
546450,Axehandle,Southern Cross Operations,WA,119.3931,-31.3165,operating mine,Au,,Gold,"Shandong Tianye Real Estate, China Hanking Holdings Limited",Yilgarn Craton,Archean,,,,,,West Australian Element
546506,Tin Dog (Red Dog),Red October Area Project,WA,122.3614,-29.3851,historic mine,Au,,Gold,"Matsa Resources Limited, Saracen Mineral Holdings Limited",Yilgarn Craton,Archean,,,,,,West Australian Element
546510,Central Eyre Iron-Warramboo (Iron Road),Central Eyre Iron Project,SA,135.6677,-33.2438,under development,FeOre,Fe,"Iron ore, (Iron)",Iron Road Limited,Gawler Craton,Paleoproterozoic,,,,,Eucla Basin,South Australian Element
546514,Hamersley Iron,,WA,118.0149,-22.3304,mineral deposit,FeOre,Fe,"Iron ore, (Iron)",Equinox Resources,Pilbara Craton,,,,,Warakurna Large Igneous Province,Marandoo Paleovalley,Pilbara Craton
546518,Mount Bevan (Legacy-Hawthorn JV),,WA,120.3272,-29.0689,mineral deposit,FeOre,Fe,"Iron ore, (Iron)","Hawthorn Resources Limited, Legacy Iron Ore Limited",Yilgarn Craton,,,,,,,West Australian Element
546524,Mountain Maid,Mountain Maid Gold Project,QLD,144.1069,-17.1146,mineral deposit,Au,,Gold,Tartana Resources Ltd,Etheridge Province,,Metamorphic hydrothermal,Orogenic,Mesozonal orogenic gold,,Etheridge Province,North Australian Element
546865,Livingstone,,TAS,145.2819,-41.6881,mineral deposit,FeOre,Fe,"Iron ore, (Iron)",Critica Limited,Delamerian Orogen,,,,,,Thylacine Province,Delamerian Orogen
598021,Clifford,"EPC 1274, EPC 1276",QLD,149.6903,-25.8006,mineral deposit,Cbl,,Coal - black,"Japan Oil Gas and Metals Natl, Stanmore Coal Limited",Surat Basin,,,,,,Surat Basin,Anakie Province
598077,Capcoal - Aquila,,QLD,148.5499,-22.9041,care and maintenance,Cbl,,Coal - black,"MITSUI & CO. (AUSTRALIA) LTD., Anglo American Plc",Bowen Basin,,,,,,Bowen Basin,Anakie Province
598087,Teviot Brook,,QLD,147.8775,-21.8259,mineral deposit,Cbl,,Coal - black,Anglo American Plc,Bowen Basin,,,,,,Drummond Basin,Anakie Province
598090,Broadmere,"Broadmere, Juandah Creek, Raka Hills, Tarana Crossing",QLD,149.5208,-25.5081,mineral deposit,Cbl,,Coal - black,"Bunji Corporation Ltd, Cockatoo Coal Limited",Surat Basin,,,,,,Surat Basin,Anakie Province
598100,Wollombi,,QLD,147.901,-21.2544,operating mine,Cbl,,Coal - black,"Glencore Plc, Itochu Corporation, Sumitomo Corporation",Bowen Basin,,,,,,Bowen Basin,Anakie Province
598107,Milray,,QLD,145.5588,-20.7938,mineral deposit,Cbl,,Coal - black,"Unnamed Owner, Glencore Plc",Galilee Basin,,,,,,Drummond Basin,Thomson Orogen
598125,South Johnstone,Camp Creek,QLD,145.936,-17.589,under development,Bx,Al2O3,"Bauxite, (Alumina)",Queensland Bauxite Limited,,,Supergene,Laterite,Bauxite,,,Mossman Orogen
598127,Wongai,,QLD,144.2456,-14.4107,mineral deposit,Cbl,,Coal - black,"Private Interest, QCoal Pty Ltd, Aust-Pac Capital Pty Ltd, Bounty Mining Limited",Laura Basin,,,,,,Laura-Lakefield Basin,Mossman Orogen
598133,Burnett (Coal Project),,QLD,151.1231,-24.9997,mineral deposit,Cbl,,Coal - black,Wealth Mining Pty Limited,Mulgildie Basin,,,,,,Mulgildie Basin,Yarrol Province
598136,Mackenzie (Moreton),MDL 503,QLD,148.9927,-23.3484,mineral deposit,Cbl,,Coal - black,Moreton Resources Limited,Bowen Basin,,,,,,Bowen Basin,Anakie Province
598607,Eastern Pilbara,,WA,120.2019,-23.351,mineral deposit,"FeOre, Fe",,"Iron ore, Iron",APIJV,,,,,,Warakurna Large Igneous Province,Hamersley Basin,Pilbara Craton
598612,Copi North,,NSW,141.3496,-33.6199,mineral deposit,"Zrn, Rt, Ilm, Ti, HM, Mnz, Leu","REO, Th","Zircon, Rutile, Ilmenite, Titanium, Heavy minerals, (Rare earth oxides, Monazite, Leucoxene, Thorium)",RZ Resources Limited,Murray Basin,,Erosional,Placer,Paleoplacer heavy mineral sands,,Berri Basin,Delamerian Orogen
598697,Mount Isa (Deep Yellow),"Eldorado North, Bambino, Citation, Queens Gift, Slance, Thanksgiving",QLD,139.447,-20.6412,mineral deposit,U,U3O8,"Uranium, (Uranium oxide)",Deep Yellow Limited,,,Regional metasomatic,Alkali-calcic,Albitite-hosted uranium,,,Leichhardt River Domain
598780,Coalstoun Lakes,,QLD,151.8525,-25.6418,mineral deposit,Cu,,Copper,ActivEX Limited,Esk Trough,,Magmatic hydrothermal,Porphyry,Porphyry copper ± gold,,,New England Orogen
598782,Florence Bore,,QLD,140.3754,-21.1722,mineral deposit,"Au, Cu",,"Gold, Copper",ActivEX Limited,,Proterozoic,,,,,,Mitakoodi Domain
598785,Parker Range Project,,WA,119.5798,-31.5898,mineral deposit,Au,,Gold,Cazaly Resources Limited,,,,,,,,West Australian Element
599072,Discovery Hill - Kurnalpi,,WA,122.2442,-30.5416,mineral deposit,Au,,Gold,KalNorth Gold Mines Limited,,,,,,,,West Australian Element
599074,Dazzle,,WA,122.2259,-30.5282,mineral deposit,Au,,Gold,KalNorth Gold Mines Limited,,,,,,,,West Australian Element
599085,Norton (Mantle),,QLD,151.3728,-24.3197,care and maintenance,Au,Ag,"Gold, (Silver)",Mantle Mining Corporation Ltd,,,,,,,,New England Orogen
599136,Hyde Park Coal Project,"EPC 1754, EPC 2050",QLD,146.302,-21.3115,mineral deposit,Cbl,,Coal - black,"Saul Geological Pty Ltd, Hyde Park Coal Project, Resolve Coal Pty Ltd",Galilee Basin,,,,,,Drummond Basin,Thomson Orogen
599180,Kazput,Electric Dingo,WA,117.1123,-22.9734,mineral deposit,Cbr,,Coal - brown,Northern Star Resources Limited,,Cenozoic,,,,Warakurna Large Igneous Province,Ashburton Basin,Pilbara Craton
599197,Mimosa,,QLD,149.6792,-24.3949,mineral deposit,Cbl,,Coal - black,"Square Resources Pty Ltd, Mitsui Matsushima Co. Ltd",Bowen Basin,,,,,,Bowen Basin,Anakie Province
599201,Campbell Town Bauxite Area,"Bald Hill, Fingal Rail, Nile Road, Tasmania Project",TAS,147.49,-41.82,operating mine,"Bx, FeOre, Al2O3, Hem, Fe","Mag, TiO2","Bauxite, Iron ore, (Magnetite, Alumina, Hematite, Iron, Titanium dioxide)",Australian Bauxite Limited,,,,,,,Tasmania Basin,Melbourne-Mathinna Zone
599505,China Stone,,QLD,146.1667,-21.7667,mineral deposit,Cbl,,Coal - black,"Jin Xin Resources Group Ltd, Macmines AustAsia, Macmines Austasia Pty Ltd",Galilee Basin,,,,,,Drummond Basin,Thomson Orogen
599509,Blackmans,,WA,117.8404,-27.7965,operating mine,Au,,Gold,Ramelius Resources Limited,,,,,,,,West Australian Element
599837,Mount Robert,,QLD,148.5037,-21.5583,mineral deposit,Cbl,,Coal - black,"Glencore Plc, Rio Tinto Limited",Bowen Basin,,,,,,Bowen Basin,Connors-Auburn Province
599840,Bounty South,,WA,119.7814,-32.1053,mineral deposit,Au,,Gold,Convergent Minerals Limited,,,,,,,Deborah Paleovalley,West Australian Element
599875,Miralga Creek Iron (Atlas Iron),,WA,119.4314,-20.9725,mineral deposit,Fe,,Iron,Atlas Iron Ltd,,,,,,,,Pilbara Craton
600136,Nullamanna,,NSW,151.1977,-29.6793,mineral deposit,"Bx, Al2O3",,"Bauxite, Alumina","Plateau Bauxite Limited, Queensland Bauxite Limited",,,,,,,,New England Orogen
600190,Gloucester,,NSW,151.9736,-32.1177,operating mine,Cbl,,Coal - black,Yancoal Australia Limited,Gloucester Basin,,,,,,Gloucester Basin,New England Orogen
600309,Succoth,,WA,127.8596,-26.0504,mineral deposit,"Cu, Pt, Pd, Au, Ni",,"Copper, Platinum, Palladium, Gold, Nickel",BHP Group Limited,Musgrave Province,,Magmatic,Ultramafic and (or) mafic-layered intrusion,U-M layered intrusion nickel-copper-PGE,Warakurna Large Igneous Province,Kadgo Paleovalley,Musgrave Province
600482,Siviour,,SA,136.4283,-33.918,feasibility,Gr,,Graphite,Renascor Resources,Cleve Domain,,Metamorphic,Metamorphic,Metamorphic graphite,,,South Australian Element
335642,Old Jasper Queen South,Tuckabianna Project,WA,118.128,-27.4001,historic mine,Au,,Gold,Silver Lake Resources Limited,Yilgarn Craton,Archean,,,,,,West Australian Element
335643,Karara,"Karara East, Karara South, Mt Karara",WA,116.8005,-29.1602,operating mine,FeOre,Fe,"Iron ore, (Iron)",Karara Mining Ltd,Yilgarn Craton,,,,,,,West Australian Element
335645,Bamboo Creek,"Prophecy North, Prophecy-Perseverence, Wheel of Fortune",WA,120.2117,-20.9307,operating mine,"Au, Cu, Ag",,"Gold, Copper, Silver",Haoma Mining NL,"Pilbara Craton, Bamboo Creek Gold Metallogenic Province, Talga Talga Nickel (prospective) Metallogenic Province",Archean,Metamorphic hydrothermal,Orogenic,,,,Pilbara Craton
335647,Olympic Dam,Roxby Downs,SA,136.8907,-30.4389,operating mine,"Cu, Au, Ag","U, REE","Copper, Gold, (Uranium, Silver, Rare earth elements)",BHP Group Limited,"Gawler Craton, Olympic Copper Gold Metallogenic Province, Olympic Domain",Mesoproterozoic,Regional metasomatic,IOCG,Hematite-dominant IOCG,,Billa Kalina Basin,Olympic Domain
335648,The Pinnacles,Consols,NSW,141.3287,-32.049,historic mine,"Pb, Au, Ag, Zn",,"Lead, Gold, Silver, Zinc",Coolabah Metals Ltd.,Curnamona Province,Paleoproterozoic,Basin hydrothermal,Sediment-hosted,Siliciclastic-mafic zinc-lead,,,Curnamona Province
335650,Koodaideri (Hamersley Iron),,WA,119.0253,-22.5546,under development,"FeOre, Fe",,"Iron ore, Iron",Rio Tinto Limited,Hamersley Basin,Archean,,,,Warakurna Large Igneous Province,Hamersley Basin,Pilbara Craton
335651,Coates,"Wundowie, Wundowie-Coates",WA,116.4129,-31.7425,historic mine,"Ti, Fe, V","FeOre, V2O5","Titanium, Iron, Vanadium, (Iron ore, Vanadium pentoxide)",Australian Vanadium Ltd,"Yilgarn Craton, Coates Vanadium Metallogenic Province, Western Gneiss Terrane",Archean,Magmatic,Ultramafic and (or) mafic-layered intrusion,U-M layered intrusion iron-titanium-vanadium,,,West Australian Element
335652,Mount Mulgine Project,"Mulgine Hill, Schumanns, The Trenches",WA,116.9774,-29.1785,mineral deposit,"Mo, Au, Cu, Ag, MoS2","WO3, W","Molybdenum, Gold, Copper, Silver, (Tungsten trioxide (wolframite), Molybdenite, Tungsten)",Tungsten Mining NL,"Yilgarn Craton, Murchison Province, Murchison Domain (Youanmi Terrane)",Archean,Magmatic hydrothermal,Greisen,Greisen tin ± W-Mo,,,West Australian Element
335653,Hamersley Iron - Nammuldi,,WA,117.3953,-22.4069,operating mine,"FeOre, Fe",,"Iron ore, Iron","Rio Tinto Limited, HIsmelt",Hamersley Basin,Archean,,,,Warakurna Large Igneous Province,Fortescue Basin,Pilbara Craton
335654,Yundamindera,,WA,122.0221,-29.1204,historic mine,Au,,Gold,Saracen Mineral Holdings Limited,"Yilgarn Craton, Eastern Goldfields Province",Archean,,,,,,West Australian Element
335658,Nymagee,,NSW,146.3085,-32.0637,historic mine,"Cu, Zn, Ag","Pb, Au","Copper, Zinc, (Lead, Silver, Gold)","Aurelia Metals Limited, YTC Resources","Lachlan Orogen, Lachlan Orogen, Cobar Basin",,Metamorphic hydrothermal,Orogenic,Orogenic silver-lead-zinc-copper-antimony,,Kopyje Shelf,Central NSW - Omeo Province
335659,Moranbah North,,QLD,147.9567,-21.8713,operating mine,Cbl,,Coal - black,"Anglo American Plc, MITSUI & CO. (AUSTRALIA) LTD., Nippon Steel Australia Pty Ltd",Bowen Basin,,,,,,Bowen Basin,Anakie Province
627985,Railway (CobaltBlue),,NSW,141.2365,-32.0788,mineral deposit,Co,"Fe, Ni","Cobalt, (Iron, Nickel)",Cobalt Blue Holdings ltd,Curnamona Province,Proterozoic,,,,,,Curnamona Province
627988,Wyloo South,,WA,116.5844,-22.7897,mineral deposit,"FeOre, Hem, Fe",,"Iron ore, Hematite, Iron",Fortescue Metals Group Limited,,,,,,Warakurna Large Igneous Province,Hamersley Basin,Pilbara Craton
628045,Jellinbah Extension,,QLD,148.9506,-23.4069,mineral deposit,Cbl,Coal,"Coal - black, (Coal - undifferentiated)",Jellinbah Group Pty Ltd,Bowen Basin,,,,,,Bowen Basin,Anakie Province
628052,Greenewood,,SA,133.74,-29.625,mineral deposit,Au,,Gold,Tyranna Resources Limited,,,,,,,Eromanga Basin,Christie Domain
628054,Campfire Bore,,SA,133.7825,-29.6203,mineral deposit,Au,,Gold,Tyranna Resources Limited,,,,,,,Eromanga Basin,Christie Domain
628056,Mainwood,,SA,133.7266,-29.6351,mineral deposit,Au,,Gold,Tyranna Resources Limited,,,,,,,Eromanga Basin,Christie Domain
628657,Burke Graphite,,QLD,140.2171,-19.6146,mineral deposit,Gr,,Graphite,Lithium Energy Ltd,,,,,,,,Mary Kathleen Domain
629077,Vecco Critical Minerals Project,"Debella, Debella Vanadium-Julia Creek (Vecco)",QLD,141.889,-19.9586,mineral deposit,"Mo, V, Fe","V2O5, HPA","Molybdenum, (Vanadium pentoxide, Vanadium, Iron, Alumina - High Purity)",Vecco Group,,,Basin chemical,Black shale,Black shale vanadium ± Mo ± Ni,,Eromanga Basin,North Australian Element
635596,Hillalong East,,QLD,148.2,-21.3,mineral deposit,Cbl,,Coal - black,"Sumitomo Corporation, Bowen Coking Coal Ltd",Bowen Basin,,,,,,Bowen Basin,Connors-Auburn Province
635754,Olympia,Collurabbie Hills,WA,122.1873,-26.8204,mineral deposit,"Ni, Co, Pd, Cu, Pt",,"Nickel, Cobalt, Palladium, Copper, Platinum",Cannon Resources Ltd,,,,,,,Canning Basin,West Australian Element
335741,Gove,,NT,136.837,-12.2611,operating mine,Bx,"Al2O3, Sic","Bauxite, (Alumina, Silica)",Rio Tinto Limited,Carpentaria Basin,Cenozoic,Supergene,Laterite,Bauxite,,Carpentaria Basin,Arnhem Province
335744,Sofala-Wattle Flat,"Turon River, Wattle Flat",NSW,149.6776,-33.0949,historic mine,Au,,Gold,MinRex Resources Ltd,"Lachlan Orogen, Lachlan Orogen, Macquarie Igneous Province, Molong - Sofala Igneous Subprovince",Paleozoic,Metamorphic hydrothermal,Orogenic,Mesozonal orogenic gold,,,Eastern Province
335748,Bounty Group - Forrestania,Mt Holland Gold Project,WA,119.782,-32.0999,historic mine,Au,,Gold,Convergent Minerals Limited,"Yilgarn Craton, Bounty Gold Metallogenic Province, Southern Cross Province",Archean,Metamorphic hydrothermal,Orogenic,Mesozonal orogenic gold,,Deborah Paleovalley,West Australian Element
335749,Honeymoon Well (BHP),,WA,120.379,-26.9204,mineral deposit,"Ni, PGE","Co, Cu","Nickel, (Cobalt, Platinum group elements, Copper)",BHP Billiton Limited,"Yilgarn Craton, Eastern Goldfields Province, Mount Keith Nickel Metallogenic Province, Norseman-Wiluna Belt",Archean,Magmatic,Komatiite,Komatiite nickel-copper-PGE,,,West Australian Element
335750,Fingals - Fortune,"Fingals, Fingals Fortune, Mt Monger Project",WA,121.8956,-30.9684,historic mine,Au,,Gold,Black Cat Syndicate ltd,"Yilgarn Craton, Kalgoorlie Gold Metallogenic Province, Southern Cross Province",Archean,,,,,,West Australian Element
335752,Moina,,TAS,146.0802,-41.4885,scoping,"Sn, Fe, W, F, Au, Zn, Fl, WO3",Bi,"Tin, Iron, Tungsten, Fluorine, Gold, Zinc, Fluorite, Tungsten trioxide (wolframite), (Bismuth)",Mazel Resources,"Delamerian Orogen, Dundas Trough",,Magmatic hydrothermal,Skarn,Skarn tungsten ± Mo,,Thylacine Province,Delamerian Orogen
335760,Copper Hill,,NSW,148.8687,-33.0529,mineral deposit,"Cu, Au","Ag, S","Copper, Gold, (Silver, Sulphur)",Golden Cross Resources Limited,"Lachlan Orogen, Lachlan Orogen, Lachlan Orogen, Cadia Porphyry Copper Gold Metallogenic Province",,Magmatic hydrothermal,Porphyry,Porphyry copper ± gold,,,Eastern Province
335761,Thuddungra,"Baileys, Noakes, Young",NSW,148.0517,-34.1749,operating mine,"Mgs, MgO, Mg",,"Magnesite, Magnesia (magnesium oxide), Magnesium",Young Mining Company Pty Ltd,"Lachlan Orogen, Lachlan Orogen",Cenozoic,Supergene,Laterite,Laterite magnesite,,,Eastern Province
335763,Lake Maitland,,WA,121.0975,-27.1366,mineral deposit,U,"V2O5, U3O8","Uranium, (Vanadium pentoxide, Uranium oxide)",Toro Energy Limited,,Cenozoic,,,,,Carey Paleovalley,West Australian Element
335766,Rocky Point (IA),Agnes Waters,QLD,151.95,-24.2768,mineral deposit,"Rt, Zrn, Ilm, Mnz",,"Rutile, Zircon, Ilmenite, Monazite",Department of Natural Resources and Mines,New England Orogen,,Erosional,Placer,Heavy mineral sands,,,New England Orogen
335770,Mount Hope Group,"Binna Burra, Greater Duchess Project, Greens Creek, Mt Hope North, Regina, South, The Stubbie, and West",QLD,139.8102,-21.1676,mineral deposit,"Cu, Au",,"Copper, Gold",Carnaby Resources Ltd,"Mount Isa Orogen, Kalkadoon-Leichhardt Belt",Proterozoic,,,,,,Mary Kathleen Domain
335780,Cave Rocks,St Ives Project,WA,121.5577,-31.2098,care and maintenance,Au,,Gold,Gold Fields Limited,"Yilgarn Craton, Kalgoorlie Gold Metallogenic Province, Norseman-Wiluna Belt",Archean,,,,,,West Australian Element
335781,Revenge,St Ives Project,WA,121.7453,-31.2895,operating mine,Au,,Gold,Gold Fields Limited,"Yilgarn Craton, Kalgoorlie Gold Metallogenic Province, Norseman-Wiluna Belt",Archean,,,,,Lefroy Paleovalley,West Australian Element
335782,Ewington,"Ewington 1, Ewington 2",WA,116.25,-33.3624,operating mine,Cbl,,Coal - black,"Griffin Coal, Lanco Infratech Ltd",Collie Basin,,,,,,Collie Basin,West Australian Element
335786,Taroborah,,QLD,147.9955,-23.5065,mineral deposit,Cbl,,Coal - black,Henna shenhuo Group Co. Ltd,Bowen Basin,,,,,,Bowen Basin,Anakie Province
335787,Togara South,,QLD,148.6066,-23.9342,mineral deposit,Cbl,,Coal - black,BHP Group Limited,Bowen Basin,,,,,,Bowen Basin,Anakie Province
335789,Reeves Find,South Kalgoorlie Operations,WA,121.6559,-31.1215,mineral deposit,Au,,Gold,"Alacer Gold Corporation, Metals X Limited, Northern Star Resources Limited",Yilgarn Craton,Archean,,,,,,West Australian Element
335790,Discovery Ridge,Blayney Project,NSW,149.1002,-33.6815,mineral deposit,Au,,Gold,Regis Resources Limited,"Lachlan Orogen, Hill End Trough",Paleozoic,Metamorphic hydrothermal,Orogenic,Mesozonal orogenic gold,,,Eastern Province
335792,Bellchambers,,WA,119.1403,-28.162,mineral deposit,Au,,Gold,Venus Metals Corporation Limited,,Archean,,,,,,West Australian Element
335793,Ravensworth East,Swamp Creek,NSW,151.0717,-32.3955,closed,Cbl,,Coal - black,Glencore Plc,Sydney Basin,,,,,,Sydney Basin,Eastern Province
335800,Chicken Creek,,WA,116.3229,-33.4053,closed,Cbl,,Coal - black,Griffin Coal,Collie Basin,,,,,,Collie Basin,West Australian Element
335801,Yerilla (Anaconda),,WA,121.905,-29.4849,mineral deposit,"Ni, Co",,"Nickel, Cobalt",Mt Margaret project,Yilgarn Craton,,,,,,,West Australian Element
335802,Ravensworth Narama,,NSW,151.04,-32.4568,closed,Cbl,,Coal - black,Glencore Plc,Sydney Basin,,,,,,Sydney Basin,Eastern Province
335806,Old Camp,,WA,120.9488,-26.3598,mineral deposit,Au,,Gold,Audax Resources,"Yilgarn Craton, Eastern Goldfields Province",Archean,,,,Warakurna Large Igneous Province,Carnegie Paleovalley,West Australian Element
335809,Rubicon - Day Dawn,Day Dawn Project,WA,117.8632,-27.4435,historic mine,Au,,Gold,"Metals X Limited, Westgold Resources Limited",Yilgarn Craton,Archean,,,,,,West Australian Element
335811,Kandos No.3,,NSW,149.99,-32.8669,historic mine,Cbl,,Coal - black,Kandos Collieries Pty Ltd,Sydney Basin,,,,,,Sydney Basin,Eastern Province
335812,Emily South,,QLD,145.1905,-16.9938,mineral deposit,Au,,Gold,Republic Gold Ltd.,Mossman Orogen,,,,,,,Mossman Orogen
335814,Mercury,,VIC,142.3522,-34.8989,mineral deposit,"Rt, Zrn, Ilm",Leu,"Rutile, Zircon, Ilmenite, (Leucoxene)",Tronox Limited,Murray Basin,,Erosional,Placer,Heavy mineral sands,,Murray Basin,Stawell Zone
440081,Tindals East,Tindals Project,WA,121.177,-30.9885,mineral deposit,Au,,Gold,Focus Minerals Limited,"Yilgarn Craton, Eastern Goldfields Province",Archean,,,,,,West Australian Element
440141,Perseverance - Coolgardie,Tindals Project,WA,121.1737,-30.9824,care and maintenance,Au,,Gold,Focus Minerals Limited,"Yilgarn Craton, Eastern Goldfields Province",Archean,,,,,,West Australian Element
440143,Safari Bore,Safari Bore Project,WA,122.4922,-29.5399,mineral deposit,Au,,Gold,Saracen Mineral Holdings Limited,Yilgarn Craton,Archean,unknown,unknown,unknown,,,West Australian Element
440145,Margarets,Porphyry Project,WA,122.3109,-29.7812,mineral deposit,Au,,Gold,Saracen Mineral Holdings Limited,Yilgarn Craton,Archean,,,,,,West Australian Element
440147,Monty's Dam/Elliotts,Carosue Dam Project,WA,122.3218,-30.0755,historic mine,Au,,Gold,Saracen Mineral Holdings Limited,Yilgarn Craton,Archean,,,,,,West Australian Element
440149,Eagle Downs,Peak Downs East,QLD,148.1905,-22.1928,feasibility,Cbl,,Coal - black,"China Baowu Steel Group, S32 Ltd. , Australia",Bowen Basin,,,,,,Bowen Basin,Anakie Province
440151,Yamala,Emerald,QLD,148.4227,-23.6375,mineral deposit,Cbl,,Coal - black,"Sojitz Corporation, New Hope Coal",Bowen Basin,,,,,,Bowen Basin,Anakie Province
443072,Rocklands,,QLD,148.917,-24.017,mineral deposit,Cbl,,Coal - black,"Unnamed Owner, Shandong Energy, Rocklands Richfield Ltd",Bowen Basin,,,,,,Bowen Basin,Anakie Province
443091,Gingin,,WA,115.8745,-31.3213,historic mine,"Mnz, Leu, Zrn, Rt, Ilm",,"Monazite, Leucoxene, Zircon, Rutile, Ilmenite",Iluka Resources Limited,,,,,,,Beermullah Trough,Pinjarra Orogen
444537,Narrabri,"Narabri South, Narrabri North",NSW,149.85,-30.52,operating mine,Cbl,,Coal - black,Whitehaven Coal Limited,Gunnedah Basin,,,,,,Gunnedah Basin,Eastern Province
444540,Sunnyside,,NSW,150.09,-30.99,care and maintenance,Cbl,,Coal - black,Whitehaven Coal Limited,Gunnedah Basin,,,,,,,Eastern Province
444544,Carborough Downs,Broadlea North,QLD,148.2094,-21.9502,operating mine,Cbl,,Coal - black,"Fitzroy Mining Operations Pty Ltd, Riverstone Holdings LLC, Vale S.A.",Bowen Basin,,,,,,Bowen Basin,Anakie Province
444574,Alpha North (Waratah Coal),EPC1053,QLD,146.57,-22.76,mineral deposit,Cbl,,Coal - black,Waratah Coal Inc,Galilee Basin,,,,,,Drummond Basin,Thomson Orogen
444579,Galilee Coal Project,"Alpha South, China First, EPC1040",QLD,146.428,-23.383,mineral deposit,Cbl,,Coal - black,"Resourcehouse Ltd, Waratah Coal Inc",Galilee Basin,,,,,,Drummond Basin,Thomson Orogen
444805,Peko - magnetite tailings,Peko Rehabilitation Project,NT,134.282,-19.677,care and maintenance,"FeOre, Fe",,"Iron ore, Iron",Elmore Limited,,,Regional metasomatic,IOCG,Magnetite-dominant IOCG,Kalkarindji Igneous Province,Warramunga Province,North Australian Element
446901,Abydos (Atlas Iron),Trigg,WA,119.1058,-21.1438,closed,"FeOre, Fe",,"Iron ore, Iron","Atlas Iron Ltd, Hancock Prospecting Pty Ltd",Pilbara Craton,,,,,Warakurna Large Igneous Province,,Pilbara Craton
446991,Flying Doctor,,NSW,141.489,-31.917,mineral deposit,"Pb, Zn, Ag",,"Lead, Zinc, Silver",Perilya Limited,Curnamona Province,Proterozoic,,,,,,Curnamona Province
446997,Silver Peak,,NSW,141.512,-31.925,mineral deposit,"Ag, Zn, Pb",,"Silver, Zinc, Lead",Perilya Limited,Curnamona Province,Proterozoic,,,,,,Curnamona Province
447610,Lake Giles-Moonshine Magnetite (Macarthur Minerals),"Clark Hill North, Clark Hill South, Moonshine, Sandlewood, Snark",WA,120.0075,-30.0442,mineral deposit,FeOre,Fe,"Iron ore, (Iron)",Macarthur Minerals Ltd,Yilgarn Craton,,,,,,,West Australian Element
447927,Kings (Solomon - FMG),Mt Sheila,WA,117.5217,-22.1761,mineral deposit,"FeOre, Fe",,"Iron ore, Iron",Fortescue Metals Group Limited,Pilbara Craton,,,,,Warakurna Large Igneous Province,Serenity Paleovalley,Pilbara Craton
448420,Nepean HMS,,NSW,143.341,-34.0495,mineral deposit,"Zrn, Ilm, Rt",,"Zircon, Ilmenite, Rutile",Iluka Resources Limited,Murray Basin,,Erosional,Placer,Heavy mineral sands,,Murray Basin,Stawell Zone
448421,West Balranald,,NSW,143.46,-34.49,mineral deposit,"Zrn, Ilm, Mnz, Rt, Ti, HM",,"Zircon, Ilmenite, Monazite, Rutile, Titanium, Heavy minerals",Iluka Resources Limited,Murray Basin,,Erosional,Placer,Paleoplacer heavy mineral sands,,Murray Basin,West Province
448434,Natal,Mount Pleasant Project,WA,121.2237,-30.5829,mineral deposit,Au,,Gold,"Zijin Mining Group Company Ltd, Norton Gold Fields Limited",Yilgarn Craton,Archean,,,,,,West Australian Element
448436,Natal 4,Mount Pleasant Project,WA,121.2211,-30.5844,mineral deposit,Au,,Gold,"Zijin Mining Group Company Ltd, Norton Gold Fields Limited",Yilgarn Craton,Archean,,,,,,West Australian Element
551129,Unaly Hill (Surefire Resources),,WA,118.9353,-28.4044,mineral deposit,"V2O5, Ti, V, Fe","FeOre, TiO2","Vanadium pentoxide, Titanium, (Iron ore, Vanadium, Iron, Titanium dioxide)",SUREFIRE RESOURCES NL,Yilgarn Craton,,Magmatic,Ultramafic and (or) mafic-layered intrusion,U-M layered intrusion iron-titanium-vanadium,,Raeside Paleovalley,West Australian Element
551164,Columboola,,QLD,150.3334,-26.667,mineral deposit,Cbl,,Coal - black,"Metro Mining Limited, China National Coal Corp Group",Surat Basin,,,,,,Surat Basin,Connors-Auburn Province
551167,Die Hardy,,WA,119.4385,-29.9856,mineral deposit,FeOre,Fe,"Iron ore, (Iron)","Austsino Resources Group Ltd, Radar Iron Ltd",Yilgarn Craton,,,,,,,West Australian Element
551172,Western Hub,,WA,117.7695,-22.1287,operating mine,FeOre,Fe,"Iron ore, (Iron)",Fortescue Metals Group Limited,Pilbara Craton,,Infiltrational,Paleochannel,Paleochannel iron,Warakurna Large Igneous Province,Solomon Paleovalley,Pilbara Craton
551173,Eliwana,,WA,116.9409,-22.4959,mineral deposit,FeOre,Fe,"Iron ore, (Iron)",Fortescue Metals Group Limited,Pilbara Craton,,,,,Warakurna Large Igneous Province,Hamersley Basin,Pilbara Craton
551175,Eliwanna (Western Hub - FMG),,WA,116.8306,-22.4937,mineral deposit,"FeOre, Fe",,"Iron ore, Iron",Fortescue Metals Group Limited,Pilbara Craton,,Basin chemical,Iron formation,Superior-type banded iron formation,Warakurna Large Igneous Province,Hamersley Basin,Pilbara Craton
551177,Flying Fish,,WA,116.8306,-22.4937,mineral deposit,"FeOre, Fe",,"Iron ore, Iron",Fortescue Metals Group Limited,Pilbara Craton,,,,,Warakurna Large Igneous Province,Hamersley Basin,Pilbara Craton
551181,DID (Western Hub - FMG,,WA,116.8306,-22.4937,mineral deposit,"Fe, FeOre",,"Iron, Iron ore",Fortescue Metals Group Limited,Pilbara Craton,,,,,Warakurna Large Igneous Province,Hamersley Basin,Pilbara Craton
551183,Mount Macleod (Solomon - FMG),,WA,117.5217,-22.1761,mineral deposit,"Fe, FeOre",,"Iron, Iron ore",Fortescue Metals Group Limited,Pilbara Craton,,,,,Warakurna Large Igneous Province,Serenity Paleovalley,Pilbara Craton
551191,Valley of the Queens (Solomon - FMG),,WA,117.7695,-22.1287,mineral deposit,"Fe, FeOre",,"Iron, Iron ore",Fortescue Metals Group Limited,Pilbara Craton,,,,,Warakurna Large Igneous Province,Solomon Paleovalley,Pilbara Craton
551193,Monash,,NSW,151.1992,-32.7731,mineral deposit,Cbl,,Coal - black,Yancoal Australia Limited,Sydney Basin,,,,,,Sydney Basin,Eastern Province
551382,Ammaroo Phosphate,Barrow Creek 1,NT,135.8348,-21.7921,under development,"Phos, P2O5","U, U3O8","Phosphate, (Uranium, Phosphorus oxide, Uranium oxide)",Rum Jungle Resources Limited,Georgina Basin,,,,,Kalkarindji Igneous Province,Georgina Basin,North Australian Element
600485,Emperor,,WA,127.9651,-17.6069,mineral deposit,Gr,,Graphite,"NH3 Clean Energy, Green Critical Minerals Ltd",,,,,,Kalkarindji Igneous Province,,Halls Creek Orogen
600494,Mount Dromedary,,QLD,140.216,-19.618,mineral deposit,Gr,,Graphite,Novonix Ltd,,,,,,,,Mary Kathleen Domain
600533,Maronan,,QLD,140.9282,-21.0637,mineral deposit,"Au, Cu, Pb","Ag, Zn","Gold, (Silver, Copper, Lead, Zinc)",Maronan Metals,Calvert Superbasin,,Basin hydrothermal,Sediment-hosted,Siliciclastic-mafic zinc-lead,,Eromanga Basin,Soldiers Cap Domain
600556,Oakover,,WA,120.6807,-23.3066,mineral deposit,"MnOre, Mn",,"Manganese ore, Manganese",Firebird Metals Ltd,,,,,,Kalkarindji Igneous Province,Collier Basin,Pilbara Craton
600559,Lake Hopkins,,WA,128.783,-24.229,mineral deposit,"K, K2O, K2SO4",,"Potassium, Potash, Potassium sulfate",Rum Jungle Resources Limited,,,,,,Warakurna Large Igneous Province,Katiti (Ayers Rock) Paleovalley,Warumpi Province
600561,Lake Wells,,WA,123.2117,-26.6959,mineral deposit,"K, K2SO4, K2O",,"Potassium, Potassium sulfate, Potash",Salt Lake Potash Ltd,,,,,,Warakurna Large Igneous Province,Earaheedy Basin,West Australian Element
600577,Voyce,"Cassini, South Kambalda",WA,121.6499,-31.6827,mineral deposit,Ni,Co,"Nickel, (Cobalt)",Wyloo Pty Ltd,,,,,,,,West Australian Element
600580,Lake Wells,,WA,123.02,-27.22,mineral deposit,"K, K2O, K2SO4",,"Potassium, Potash, Potassium sulfate",Australian Potash Ltd,,,,,,,Wells Paleovalley,West Australian Element
601694,Hutton,,QLD,149.0316,-25.7244,mineral deposit,Cbl,,Coal - black,Valiant Resources,Bowen Basin,,,,,,Surat Basin,Thomson Orogen
601698,Barns,,SA,135.452,-32.8432,mineral deposit,Au,,Gold,Cobra Resources PLC,"Gawler Craton, Nuyts Domain",,,,,,,South Australian Element
601709,Appin,Appin (Bulli seam)and Dendrobium (Wongawilli seam) mines,NSW,150.8634,-34.1606,operating mine,Cbl,,Coal - black,GM3,Sydney Basin,,,,,,Sydney Basin,Eastern Province
601762,Caravel Copper-Calingiri,Caravel Copper Project,WA,116.6188,-30.9696,definitive feasibility,"Cu, Au","Mo, Ag","Copper, (Molybdenum, Gold, Silver)",Caravel Minerals Limited,,,,,,,Mortlock Paleovalley,West Australian Element
601783,Iron Hill,,WA,117.1754,-29.6033,closed,"FeOre, Hem","Fe, Mag","Iron ore, (Iron, Hematite, Magnetite)",Mount Gibson Iron Ltd.,,,,,,,,West Australian Element
603039,Earl Grey,Mount Holland,WA,119.749,-32.088,under development,"Feox, Li, Li2O",,"Iron oxide, Lithium, Lithium oxide","Sociedad Quimica y Minera de Chile S.A., Westfarmers Ltd",,,Magmatic,Pegmatite,LCT pegmatite,,,West Australian Element
603132,GVG,,WA,119.5737,-31.55,mineral deposit,Au,,Gold,Shandong Tianye Real Estate,,,,,,,,West Australian Element
603170,Beyondie (Potash),,WA,120.3477,-27.3209,under development,"K2SO4, K2O, K",,"Potassium sulfate, Potash, Potassium",Kalium Lakes Ltd,Hamersley Basin,,,,,,Carey Paleovalley,West Australian Element
603223,Dalgaranga,,WA,117.2653,-27.8462,operating mine,Au,,Gold,Gascoyne Resources Limited,,,,,,,,West Australian Element
603250,Woorana,,WA,121.1121,-27.4806,mineral deposit,Au,,Gold,Northern Star Resources Limited,,,,,,,,West Australian Element
603259,Anne de Vidia,,WA,120.1868,-21.9233,mineral deposit,Au,,Gold,Millennium Minerals Limited,,,,,,Warakurna Large Igneous Province,,Pilbara Craton
603261,Angela Golden Eagle,,WA,120.1401,-21.9662,mineral deposit,Au,,Gold,Millennium Minerals Limited,,,,,,Warakurna Large Igneous Province,,Pilbara Craton
603263,Crossing - Nullagine,,WA,120.1828,-21.9088,mineral deposit,Au,,Gold,Millennium Minerals Limited,,,,,,Warakurna Large Igneous Province,,Pilbara Craton
603265,Golden Gate - D Reef,,WA,120.4157,-21.8071,mineral deposit,Au,,Gold,Millennium Minerals Limited,,,,,,Warakurna Large Igneous Province,,Pilbara Craton
604273,Emily Well,,WA,117.8436,-27.3443,mineral deposit,Au,,Gold,Westgold Resources Limited,,,,,,,,West Australian Element
604275,South Cuddingwarra,,WA,117.81,-27.37,mineral deposit,Au,,Gold,Westgold Resources Limited,,,,,,,Austin Paleovalley,West Australian Element
604548,Brega Well,,WA,117.8582,-27.602,mineral deposit,Au,,Gold,Westgold Resources Limited,,,,,,,Austin Paleovalley,West Australian Element
604550,Creme d'Or Group,,WA,117.8678,-27.4617,mineral deposit,Au,,Gold,Westgold Resources Limited,,,,,,,,West Australian Element
604565,Culculli,Reedy's,WA,118.3405,-27.1029,mineral deposit,Au,,Gold,Westgold Resources Limited,,,,,,Warakurna Large Igneous Province,,West Australian Element
605553,Hawks Nest Buzzard,"Buzzard, Hawks Nest",SA,135.1501,-30.0094,mineral deposit,"FeOre, Mag","Hem, Fe","Iron ore, (Hematite, Magnetite, Iron)",Peak Iron Mines Pty Ltd,,,,,,,Eromanga Basin,South Australian Element
605556,Mutooroo,,WA,121.5993,-31.0204,mineral deposit,Au,,Gold,Northern Star Resources Limited,,,,,,,,West Australian Element
605558,BD1  (Location 48),,WA,121.6148,-31.0385,mineral deposit,Au,,Gold,Northern Star Resources Limited,,,,,,,,West Australian Element
605560,Resolution/Belterre,,WA,121.6148,-31.0385,mineral deposit,Au,,Gold,Northern Star Resources Limited,,,,,,,,West Australian Element
605915,Widgiemooltha Gold,,WA,121.5641,-31.4947,care and maintenance,Au,,Gold,"Wyloo Metals, MIncor Resources NL",,,,,,,,West Australian Element
605918,Mungari,,WA,121.3228,-30.8876,operating mine,Au,,Gold,Evolution Mining Limited,,,,,,,,West Australian Element
606101,Teena,,NT,136.01,-16.44,mineral deposit,"Pb, Zn",,"Lead, Zinc",Teck Australia Pty Ltd,Isa Superbasin,,Basin hydrothermal,Sediment-hosted,Siliciclastic-carbonate zinc-lead,,McArthur Basin,North Australian Element
606104,Chameleon,,WA,121.2339,-30.1517,mineral deposit,Au,,Gold,Minotaur Exploration Limited,,,,,,,,West Australian Element
606289,Amrun,"Amrun, Boyd, South of Embley",QLD,141.633,-12.973,operating mine,Bx,"Al2O3, Sic","Bauxite, (Alumina, Silica)",Rio Tinto Limited,,,Supergene,Laterite,Bauxite,,Carpentaria Basin,North Australian Element
606291,Milky Way,,WA,117.7889,-28.0533,operating mine,Au,,Gold,Ramelius Resources Limited,,,,,,,,West Australian Element
606310,Olary-Nippon-Red Dam,,SA,140.5345,-32.1937,mineral deposit,Fe,,Iron,Lodestone Equities Ltd,,,,,,,,Curnamona Province
606329,Gloster,,WA,122.079,-27.57,operating mine,Au,,Gold,Regis Resources Limited,,,,,,,,West Australian Element
606331,Tooheys Well,,WA,122.3681,-27.94,operating mine,Au,,Gold,Regis Resources Limited,,,,,,,,West Australian Element
335697,Pearl-Croydon,,VIC,143.6734,-37.1148,mineral deposit,Au,,Gold,Octagonal Resources Limited,Lachlan Orogen,,,,,,,Bendigo Zone
335698,Castle Hill Project,"Castle Hill Project, Lady Alice, Mick Adam, Outridge, Wadi",WA,121.0288,-30.62,mineral deposit,Au,,Gold,"Evolution Mining Limited, Phoenix Gold Limited","Yilgarn Craton, Eastern Goldfields Province",Archean,,,,,,West Australian Element
335700,Wagga Tank,,NSW,145.7074,-32.6414,mineral deposit,"Zn, Cu, Au, Ag, Pb",,"Zinc, Copper, Gold, Silver, Lead",Peel Mining Limited,"Lachlan Orogen, Cobar Basin",Paleozoic,Volcanic basin hydrothermal,Volcanogenic massive sulfide (VMS),,,Mount Hope Trough,Central NSW - Omeo Province
335703,Grey Dam,,WA,122.1492,-30.4721,mineral deposit,"Ni, Co",,"Nickel, Cobalt",Carnavale Resources Ltd,Yilgarn Craton,,,,,,,West Australian Element
335704,Great Southern,,QLD,145.2002,-17.4473,historic mine,"W, Sn",,"Tungsten, Tin",Monto Minerals NL,Mossman Orogen,,,,,,,Mossman Orogen
335707,Bulchina,Sandstone Project,WA,119.2314,-28.0711,historic mine,Au,,Gold,Aurumin Limited,"Yilgarn Craton, Southern Cross Province",Archean,unknown,unknown,unknown,,,West Australian Element
335708,Mount Martin,,WA,121.68,-31.0089,mineral deposit,"Ni, As",,"Nickel, Arsenic",Lefroy Exploration Ltd,"Yilgarn Craton, Eastern Goldfields Province, Kalgoorlie Gold Metallogenic Province, Kambalda Nickel Metallogenic Province",Archean,,,,,,West Australian Element
335709,Integra (Camberwell),Rix's Creek North (formerly Integra Open Cut),NSW,151.145,-32.4838,mineral deposit,Cbl,,Coal - black,"Bloomfield Group, Vale Australia",Sydney Basin,,,,,,Sydney Basin,Eastern Province
335712,Eucalyptus,"Euclayptus Bore, Niwest",WA,122.1988,-29.0344,mineral deposit,"Ni, Co",,"Nickel, Cobalt",Alliance Nickel Ltd,"Yilgarn Craton, Eastern Goldfields Province",Cenozoic,,,,,Carey Paleovalley,West Australian Element
335713,Lennons Find,,WA,120.2347,-21.3543,mineral deposit,"Cu, Zn, Au, Pb, Ag",,"Copper, Zinc, Gold, Lead, Silver","Musketeer Mining Ltd, Orange Minerals NL","Pilbara Craton, Lennons Find Base Metal Metallogenic Province",Archean,,,,,,Pilbara Craton
335716,Tuatara,Davyhurst Project,WA,120.5547,-30.1645,historic mine,Au,,Gold,"Ora Banda Mining Ltd, Swan Gold Mining Limited",Yilgarn Craton,Archean,,,,,,West Australian Element
335717,Marda Central Group,Marda Project,WA,119.2581,-30.1959,mineral deposit,Au,,Gold,Southern Cross Goldfields Limited,Yilgarn Craton,Archean,,,,,,West Australian Element
335719,Sandalwood-Benger North,,WA,115.8691,-33.1752,mineral deposit,"Ilm, Zrn, Leu, Rt",,"Ilmenite, Zircon, Leucoxene, Rutile",Cable Sands (WA) Pty Ltd,,,,,,,Mandurah Terrace,Pinjarra Element
335720,Mount Arthur,"Bayswater No3, Hunter Valley, Mt Arthur North",NSW,150.8561,-32.337,operating mine,Cbl,,Coal - black,BHP Group Limited,Sydney Basin,,,,,,Sydney Basin,Eastern Province
335721,Lightning Ridge,,NSW,147.9802,-29.4048,operating mine,Opl,,Opal,"NSW DMR, Opal Horizon Limited",Surat Basin,Cenozoic,,,,,Surat Basin,Eastern Province
335725,Coburn,,WA,114.127,-26.7038,care and maintenance,"Ilm, Zrn, Rt, Leu",,"Ilmenite, Zircon, Rutile, Leucoxene",Strandline Resources Limited,,,Erosional,Placer,Heavy mineral sands,,Southern Carnarvon Basin,Pinjarra Element
335726,Mary Mac,Central Laverton Project,WA,122.3926,-28.6437,historic mine,Au,,Gold,Focus Minerals Limited,"Yilgarn Craton, Eastern Goldfields Province",Archean,,,,,,West Australian Element
335727,Mary Mac South,Central Laverton Project,WA,122.3914,-28.6499,historic mine,Au,,Gold,Focus Minerals Limited,"Yilgarn Craton, Eastern Goldfields Province",Archean,,,,,,West Australian Element
335729,Grants Creek,,WA,127.9318,-17.8341,mineral deposit,Au,,Gold,Pantoro Ltd,Tanami Orogen,Proterozoic,Metamorphic hydrothermal,Orogenic,Mesozonal orogenic gold,Kalkarindji Igneous Province,,Halls Creek Orogen
335732,Chichester Hub - Others Group - FMG,Chichester Ranges,WA,120.4073,-22.6404,mineral deposit,FeOre,Fe,"Iron ore, (Iron)",Fortescue Metals Group Limited,Pilbara Craton,,,,,Warakurna Large Igneous Province,Hamersley Basin,Pilbara Craton
335733,Chichester Hub - Cloudbreak Christmas Creek (FMG),Chichester Ranges,WA,119.4016,-22.3325,operating mine,FeOre,Fe,"Iron ore, (Iron)",Fortescue Metals Group Limited,Pilbara Craton,,Basin chemical,Iron formation,Superior-type banded iron formation,Warakurna Large Igneous Province,Hamersley Basin,Pilbara Craton
335734,Dolly Pot,Marda Project,WA,119.2587,-30.1976,mineral deposit,Au,,Gold,Ramelius Resources Limited,"Yilgarn Craton, Southern Cross Province",Archean,,,,,,West Australian Element
335735,Balcooma,,QLD,144.713,-18.7718,historic mine,"Cu, Zn, Pb, Au","Ag, Alu","Copper, Zinc, Lead, (Silver, Gold, Alunite)",Aurora Metals Ltd,"Balcooma Base Metal Metallogenic Province, Georgetown Block, Greenvale Province, Balcooma Subprovince",,Volcanic basin hydrothermal,Volcanogenic massive sulfide (VMS),Bimodal felsic VMS,,,Thomson Orogen
335736,Caledonian,Nannine Project,WA,118.3439,-26.8857,historic mine,Au,,Gold,Reed Resources Limited,"Yilgarn Craton, Big Bell Gold Metallogenic Province, Murchison Domain",Archean,,,,Warakurna Large Igneous Province,,West Australian Element
335737,Collingwood,,QLD,145.2546,-15.766,historic mine,Sn,,Tin,Metals X Limited,"Hodgkinson Province, North Queensland Igneous Province",,Magmatic hydrothermal,Greisen,Greisen tin ± W-Mo,,,Mossman Orogen
335738,Coobina,,WA,120.2706,-23.4888,closed,"Cr, FeCr2O4",,"Chromium, Chromite",Process Minerals International Pty Ltd,"Pilbara Craton, Coobina Chromium Metallogenic Province, Sylvania Dome",Archean,Magmatic,Ultramafic and (or) mafic-layered intrusion,U-M layered intrusion chromium,Kalkarindji Igneous Province,,Sylvania Dome
335739,Copperhead,Bullfinch,WA,119.1259,-30.974,mineral deposit,Au,Ag,"Gold, (Silver)",China Hanking Holdings Limited,"Yilgarn Craton, Bounty Gold Metallogenic Province, Southern Cross Province",Archean,Metamorphic hydrothermal,Orogenic,Mesozonal orogenic gold,,Deborah Paleovalley,West Australian Element
436529,Otter - Juan,"Kambalda, Northern Operations",WA,121.6514,-31.169,care and maintenance,Ni,,Nickel,MIncor Resources NL,"Yilgarn Craton, Eastern Goldfields Province",Proterozoic,Magmatic,Komatiite,Komatiite nickel-copper-PGE,,,West Australian Element
436544,Narraburra,,NSW,147.5551,-34.3162,mineral deposit,"HfO2, Th, Li2O, ZrO2, ThO2, Ga2O3, Nb2O5, Li, Nb, Ga, Hf","REO, Y2O3","Hafnium oxide, Thorium, Lithium oxide, Zirconia, Thorium Oxide, Gallium oxide, Niobium pentoxide, (Rare earth oxides, Lithium, Niobium, Gallium, Hafnium, Yttrium oxide)",Godolphin Resources Ltd,Lachlan Orogen,,Supergene,Clay,Ion adsorption REE,,,Eastern Province
436851,Harrods,,WA,118.3599,-25.5406,mineral deposit,Au,,Gold,Meteoric Resources NL,Yilgarn Craton,Proterozoic,,,,Warakurna Large Igneous Province,Bryah Basin,West Australian Element
436923,Little Wonder - MML,,WA,120.3278,-21.8623,historic mine,Au,,Gold,Millennium Minerals Limited,Pilbara Craton,Archean,,,,Warakurna Large Igneous Province,,Pilbara Craton
436925,Condor - Nullagine,Nullagine Gold Project,WA,120.4126,-21.8107,mineral deposit,Au,,Gold,Millennium Minerals Limited,Pilbara Craton,Archean,,,,Warakurna Large Igneous Province,,Pilbara Craton
436927,Falcon - Nullagine,Nullagine Gold Project,WA,120.4007,-21.8028,mineral deposit,Au,,Gold,Millennium Minerals Limited,Pilbara Craton,Archean,,,,Warakurna Large Igneous Province,,Pilbara Craton
436929,Harrier - Nullagine,Nullagine Gold Project,WA,120.4157,-21.8071,mineral deposit,Au,,Gold,Millennium Minerals Limited,Pilbara Craton,Archean,,,,Warakurna Large Igneous Province,,Pilbara Craton
437046,Phils Creek,,WA,119.1866,-22.7349,closed,"FeOre, Fe",,"Iron ore, Iron",Iron Ore Holdings Ltd,Pilbara Craton,,,,,Warakurna Large Igneous Province,Hamersley Basin,Pilbara Craton
437048,Wiluna West,"Bowerbird, Bowerbird North, C3, C4 Joyners North, JWD, Joyners Find",WA,119.9373,-26.6804,operating mine,FeOre,Fe,"Iron ore, (Iron)",CuFe Ltd,"Pilbara Craton, Yilgarn Craton",,,,,,Yerrida Basin,West Australian Element
437053,Onslow Iron,"Cardo Bore East, Cochrane, Jewel, Onslow Project, Upper Cane, West Pilbara Iron Ore Stage 1",WA,116.2675,-22.1987,mineral deposit,"FeOre, Mag","Hem, Fe","Iron ore, (Hematite, Magnetite, Iron)","American Metals and Coal International, Inc, POSCO, Aquila Resources Limited, Mineral Resources",Pilbara Craton,,,,,Warakurna Large Igneous Province,Ashburton Basin,Pilbara Craton
437194,Kennecott East,Brightstar Project,WA,122.3656,-28.1603,mineral deposit,Au,,Gold,A1 Minerals Limited,Yilgarn Craton,Archean,,,,,,West Australian Element
437347,Wilcherry Hill,"Ultima Dam, Weednanna",SA,136.436,-32.751,mineral deposit,FeOre,Fe,"Iron ore, (Iron)","Ironclad Mining Ltd, Trafford Resources Ltd, Tyranna Resources Limited",Gawler Craton,,Magmatic hydrothermal,Skarn,Skarn iron,,,South Australian Element
437389,Mickey Doolan,Paddy's Flat Project,WA,118.5022,-26.6181,historic mine,Au,,Gold,"Reed Resources Limited, Westgold Resources Limited",Yilgarn Craton,Archean,Metamorphic hydrothermal,Orogenic,Mesozonal orogenic gold,Warakurna Large Igneous Province,,West Australian Element
437410,Prohibition,Paddy's Flat Project,WA,118.5056,-26.6042,mineral deposit,Au,,Gold,Reed Resources Limited,Yilgarn Craton,Archean,Metamorphic hydrothermal,Orogenic,Mesozonal orogenic gold,Warakurna Large Igneous Province,,West Australian Element
437412,Vivian-Consols,Paddy's Flat Project,WA,118.5078,-26.6054,operating mine,Au,,Gold,Reed Resources Limited,Yilgarn Craton,Archean,,,,Warakurna Large Igneous Province,,West Australian Element
437414,Golden Bar,,WA,118.5006,-26.6131,historic mine,Au,,Gold,Reed Resources Limited,Yilgarn Craton,,,,,Warakurna Large Igneous Province,,West Australian Element
437416,Maid Marion,Meekatharra North Project,WA,118.5921,-26.4651,mineral deposit,Au,,Gold,"Metals X Limited, Reed Resources Limited, Westgold Resources Limited",Yilgarn Craton,Archean,,,,Warakurna Large Igneous Province,Hope Paleovalley,West Australian Element
437418,Princess Grace,,WA,121.1294,-29.9609,mineral deposit,Au,,Gold,Labyrinth Resources Ltd,Yilgarn Craton,,,,,,,West Australian Element
437420,Sand Prince West,,WA,121.1301,-29.9602,mineral deposit,Au,,Gold,Labyrinth Resources Ltd,Yilgarn Craton,,,,,,,West Australian Element
437422,Balla Balla,"Caine Well, Central Zone, Don Well, Western Zone",WA,117.7757,-20.766,mineral deposit,"V, Ti, Fe, P2O5, TiO2, V2O5, FeOre",,"Vanadium, Titanium, Iron, Phosphorus oxide, Titanium dioxide, Vanadium pentoxide, Iron ore","BBI Group Pty Ltd, Todd Corporation",Pilbara Craton,,Magmatic,Ultramafic and (or) mafic-layered intrusion,U-M layered intrusion iron-titanium-vanadium,Warakurna Large Igneous Province,,Pilbara Craton
437427,Cairn Hill,,SA,135.1558,-29.2945,closed,"Cu, Au","FeOre, Fe","Copper, Gold, (Iron ore, Iron)",Cu-River Mining Australia,Gawler Craton,Proterozoic,,,,,Eromanga Basin,South Australian Element
437804,Barrow Creek,Home of Bullion,NT,134.15,-21.5167,mineral deposit,"Pb, Au, Ni, Zn","Cu, Ag","Lead, Gold, (Copper, Nickel, Zinc, Silver)",Kidman Resources Limited,,Proterozoic,,,,Kalkarindji Igneous Province,Georgina Basin,North Australian Element
439954,Cork Tree Well (Delta),"Brightstar Project, Corktree Well",WA,122.4044,-28.3386,historic mine,Au,,Gold,Brightstar Resources Ltd,Yilgarn Craton,Archean,,,,,Carey Paleovalley,West Australian Element
439956,Eta,Brightstar Project,WA,122.3388,-27.9666,mineral deposit,Au,,Gold,"Stone Resources Australia Limited, A1 Minerals Limited",Yilgarn Craton,Archean,,,,,,West Australian Element
439958,Ben Hur (Epsilon),"Ben Hur - King of Creation, Brightstar Project, Kennecott",WA,122.3672,-28.1673,mineral deposit,Au,,Gold,Regis Resources Limited,Yilgarn Craton,Archean,,,,,,West Australian Element
439960,Zeta,Brightstar Project,WA,122.345,-27.6662,mineral deposit,Au,,Gold,"Stone Resources Australia Limited, A1 Minerals Limited",Yilgarn Craton,Archean,,,,,,West Australian Element
440032,Karara Mungada,"Gully, Skyhook, Terapod, Tor, Wagonwheel",WA,116.9125,-29.1288,mineral deposit,"FeOre, Fe",,"Iron ore, Iron","Karara Mining Ltd, Gindalbie Metals Ltd",Yilgarn Craton,,,,,,,West Australian Element
551389,Andy Well,"Andy Well Project, Judy Lode, Murchison Project, Wilber Lode",WA,118.6766,-26.2278,care and maintenance,Au,,Gold,Meeka Metals Limited,"Yilgarn Craton, Murchison Domain (Youanmi Terrane)",Archean,Metamorphic hydrothermal,Orogenic,Mesozonal orogenic gold,Warakurna Large Igneous Province,,West Australian Element
551393,Brindal - Jack Hills,,WA,117.2387,-26.0746,mineral deposit,FeOre,Fe,"Iron ore, (Iron)","Sinosteel Midwest Corporation, Crosslands Resources Pty Ltd",Yilgarn Craton,,,,,Warakurna Large Igneous Province,,West Australian Element
551400,Cohen - Zanthus,,WA,123.8768,-31.2681,mineral deposit,"FeOre, Fe",,"Iron ore, Iron",Buxton Resources Ltd,,,,,,,Eucla Basin,Fraser Zone
551403,Byro FE1- (Athena Resources),,WA,116.311,-26.1274,mineral deposit,Fe,FeOre,"Iron, (Iron ore)",Athena Resources Limited,Yilgarn Craton,,,,,Warakurna Large Igneous Province,Byro Paleovalley,West Australian Element
551572,Hughenden,,QLD,144.333,-20.36,mineral deposit,Cbl,,Coal - black,TerraCom Limited,Galilee Basin,,,,,,Galilee Basin,Tasman Element
551575,Comet Ridge,,QLD,148.5,-23.8,mineral deposit,Cbl,,Coal - black,"Bowen Coking Coal Ltd, Acacia Coal Limited",Bowen Basin,,,,,,Bowen Basin,Anakie Province
551586,Dalby West,,QLD,150.95,-27.15,mineral deposit,Cbl,,Coal - black,"Unnamed Owner, Metro Mining Limited",Surat Basin,,,,,,Surat Basin,Yarrol Province
555840,K2-K3,Plutonic Dome Project,WA,119.7312,-25.1152,under development,Au,,Gold,"Vango Mining Ltd, Dampier Gold Limited",Yilgarn Craton,,,,,Warakurna Large Igneous Province,,Marymia Dome
556062,Bauxite Hills,,QLD,142.0449,-11.8348,operating mine,Bx,"Al2O3, Sic","Bauxite, (Alumina, Silica)",Metro Mining Limited,Carpentaria Basin,,Supergene,Laterite,Bauxite,,Carpentaria Basin,Cape York - Oriomo Province
556294,Skardon River,,QLD,141.9863,-11.8787,mineral deposit,"Bx, Al2O3",,"Bauxite, Alumina",Gulf Alumina Limited,Karumba Basin,,,,,,Carpentaria Basin,North Australian Element
556517,Welcome Breccia,Welcome,QLD,146.593,-19.8911,historic mine,Au,,Gold,"EMR Capital Group, PT Sinar Mas",,,Metamorphic hydrothermal,Orogenic,Mesozonal orogenic gold,,,Charters Towers Province
556519,McCamey's North (Atlas - SE Pilbara),,WA,120.1767,-23.3458,mineral deposit,"Fe, FeOre",,"Iron, Iron ore",Atlas Iron Ltd,Pilbara Craton,,,,,Warakurna Large Igneous Province,Hamersley Basin,Pilbara Craton
556699,North East - Larsens,,NSW,146.8469,-31.2184,mineral deposit,Cu,,Copper,Aeris Resources Limited,Lachlan Orogen,,,,,,,Central NSW - Omeo Province
556737,Thin Lizzie,Red October Area Project; Thin Lizzy,WA,122.2931,-29.2401,mineral deposit,Au,,Gold,Saracen Mineral Holdings Limited,Yilgarn Craton,Archean,,,,,,West Australian Element
556739,Bulldog,Red October Area Project,WA,122.3934,-29.4565,mineral deposit,Au,,Gold,Saracen Mineral Holdings Limited,Yilgarn Craton,Archean,,,,,Raeside Paleovalley,West Australian Element
556741,Crimson Belle,Red October Area Project,WA,122.2778,-29.2042,mineral deposit,Au,,Gold,"Northern Star Resources Limited, AngloGold Ashanti Limited",Yilgarn Craton,Archean,,,,,,West Australian Element
556743,North West,Carosue Dam Project,WA,122.3203,-30.068,mineral deposit,Au,,Gold,Saracen Mineral Holdings Limited,Yilgarn Craton,Archean,,,,,,West Australian Element
556966,Central Bore,Yamarna Project,WA,123.6963,-28.1561,mineral deposit,Au,,Gold,Gold Road Resources Limited,"Yilgarn Craton, Yamarna Terrane",Archean,Metamorphic hydrothermal,Orogenic,,,,West Australian Element
557151,Julies Reward,Tuckabianna Project,WA,118.1442,-27.4474,historic mine,Au,,Gold,Silver Lake Resources Limited,Yilgarn Craton,Archean,,,,,,West Australian Element
557206,Haoma,Mount Monger Project,WA,121.9189,-31.0119,operating mine,Au,,Gold,Silver Lake Resources Limited,Yilgarn Craton,Archean,,,,,,West Australian Element
557287,Lake Mackay Potash,,WA,128.7576,-22.4419,mineral deposit,"K2O, K2SO4, K",,"Potash, Potassium sulfate, Potassium",Agrimin Ltd,Amadeus Basin,,Basin evaporative,Evaporite,Lacustrine evaporite potash,,Mackay (Wilkinkarra) Paleovalley,Aileron Province
557322,Lodestone Magnetite (Gindalbie),,WA,117.1515,-29.4262,mineral deposit,"FeOre, Fe",,"Iron ore, Iron",Gindalbie Metals Ltd,Yilgarn Craton,,,,,,,West Australian Element
557324,Shine,,WA,116.9358,-28.8484,mineral deposit,"FeOre, Fe",,"Iron ore, Iron",Fenix Resources Limited,Yilgarn Craton,,,,,,,West Australian Element
557331,North Point,Burnside Project,NT,131.5473,-13.5061,mineral deposit,Au,,Gold,"Crocodile Gold Corporation, PNX Metals Limited",Pine Creek Orogen,Paleoproterozoic,,,,,,Pine Creek Orogen
557340,Careys Well,,SA,134.7406,-32.8282,mineral deposit,Kln,,Kaolin,Minotaur Exploration Limited,Gawler Craton,,,,,,Eucla Basin,South Australian Element
557427,Hume,,NSW,150.2729,-34.5497,feasibility,Cbl,,Coal - black,POSCO,Sydney Basin,,,,,,Sydney Basin,Eastern Province
557433,East Wandoan,,QLD,149.8,-26.2,mineral deposit,Cbl,,Coal - black,"Wintime Energy Co. Ltd, Cuesta Coal Limited",Surat Basin,,,,,,Surat Basin,Anakie Province
557436,Ferndale,,NSW,150.577,-32.4689,mineral deposit,Cbl,,Coal - black,Whitehaven Coal Limited,Sydney Basin,,,,,,Sydney Basin,Eastern Province
557573,Hammer and Tap,Mount Monger Project; Mount Monger,WA,121.8385,-30.9686,mineral deposit,Au,,Gold,Black Cat Syndicate ltd,Yilgarn Craton,Archean,,,,,,West Australian Element
557595,White Mountain (Clyde Park),Clyde Park,QLD,145.15,-20.45,feasibility,Cbl,,Coal - black,"TerraCom Limited, Guildford Coal",Galilee Basin,,,,,,,Charters Towers Province
557598,Magnum,Citadel Project,WA,122.1966,-20.7886,mineral deposit,"Cu, Au, Ag, Bi",,"Copper, Gold, Silver, Bismuth","Antipa Minerals Limited, Rio Tinto Limited",Yeneena Basin,Neoproterozoic,Magmatic hydrothermal,Intrusion-related,Reduced intrusion-related gold,Kalkarindji Igneous Province,Canning Basin,Paterson Orogen
557601,Tutunup West (Cristal),,WA,115.5222,-33.6639,mineral deposit,"Ilm, Zrn","Rt, Leu","Ilmenite, Zircon, (Rutile, Leucoxene)",Tronox Limited,,,Erosional,Placer,Heavy mineral sands,,Bunbury Trough,Pinjarra Orogen
557603,Wenham Cox Road,,NSW,151.9605,-32.1103,mineral deposit,Cbl,,Coal - black,Yancoal Australia Limited,Gloucester Basin,,,,,,Gloucester Basin,New England Orogen
606335,Baloo (Polar Bear),,WA,121.866,-31.806,care and maintenance,Au,,Gold,Karora Resources Inc,,,,,,,Cowan Paleovalley,West Australian Element
606519,Tollu,,WA,128.3801,-26.1409,mineral deposit,Cu,,Copper,Redstone Resources Ltd,,,,,,Warakurna Large Igneous Province,,Musgrave Province
606544,Incredible-St Ives,,WA,121.7451,-31.3243,mineral deposit,Au,,Gold,Gold Fields Limited,,,,,,,Lefroy Paleovalley,West Australian Element
606547,Justice,,WA,121.7451,-31.3243,mineral deposit,Au,,Gold,Gold Fields Limited,,,,,,,Lefroy Paleovalley,West Australian Element
606680,Millennium,,QLD,140.195,-20.585,mineral deposit,"Cu, Au, Co",,"Copper, Gold, Cobalt","Global Energy Metals Corp, Metal Bank Ltd",,,,,,,,Tommy Creek Domain
620166,Gabanintha North (Technology Metals),,WA,118.6316,-26.9401,mineral deposit,"TiO2, V2O5, FeOre, Mag, Fe, Ti, V, Hem",,"Titanium dioxide, Vanadium pentoxide, Iron ore, Magnetite, Iron, Titanium, Vanadium, Hematite",Technology Metals Australia Ltd,,,,,,Warakurna Large Igneous Province,,West Australian Element
621236,Jaws,,NSW,142.0609,-33.8565,mineral deposit,"Rt, Th, Ti, HM, Ilm, Mnz, REO","Zrn, Leu","Rutile, Thorium, Titanium, Heavy minerals, (Zircon, Ilmenite, Monazite, Rare earth oxides, Leucoxene)",RZ Resources Limited,Murray Basin,,Erosional,Placer,Paleoplacer heavy mineral sands,,Berri Basin,Delamerian Orogen
621590,Munglinup Graphite,,WA,120.8586,-33.6635,feasibility,Gr,,Graphite,Mineral Commodities Ltd,,,,,,,Eucla Basin,Albany-Fraser Orogen
626298,Karin Basin Coking Coal Project,EPC1243,QLD,147.424,-23.0,mineral deposit,Cbl,,Coal - black,Vitrinite Pty Ltd,Bowen Basin,,,,,,,Anakie Province
626636,Wilton,,QLD,148.551,-23.323,feasibility,Cbl,,Coal - black,Futura Resources,Bowen Basin,,,,,,Bowen Basin,Anakie Province
626637,Fairhill,,QLD,148.551,-23.323,feasibility,Cbl,,Coal - black,Futura Resources,Bowen Basin,,,,,,Bowen Basin,Anakie Province
627006,Pedirka Basin,,NT,136.2,-24.5,mineral deposit,Cbl,,Coal - black,Frid Energy Pty Ltd,Pedirka Basin,,,,,Warakurna Large Igneous Province,Lake Eyre Basin,Thomson Orogen
627011,Ashford Coking Coal Project,,NSW,151.1223,-29.2,mineral deposit,Cbl,,Coal - black,AusTinMining,Ashford Basin,,,,,,,New England Orogen
627041,Lost Dog,,WA,121.1616,-28.3486,mineral deposit,Au,,Gold,Beacon Minerals Limited,,,,,,,,West Australian Element
627044,Klondyke,,WA,119.8923,-21.3355,mineral deposit,Au,,Gold,Calidus Resources Ltd,Pilbara Craton,,Metamorphic hydrothermal,Orogenic,Mesozonal orogenic gold,Warakurna Large Igneous Province,,Pilbara Craton
627047,Spargos Reward,,WA,121.4687,-31.2362,operating mine,Au,,Gold,Karora Resources Inc,,,,,,,,West Australian Element
627059,Turner River (GOLD),,WA,118.769,-20.846,mineral deposit,Au,,Gold,De Grey Mining Limited,,,,,,Warakurna Large Igneous Province,,Pilbara Craton
627069,Mount Joel 4800N,,WA,121.0493,-27.2488,mineral deposit,Au,,Gold,Northern Star Resources Limited,,,,,,,,West Australian Element
627071,Fat Lady,,WA,121.0447,-27.2329,mineral deposit,Au,,Gold,Northern Star Resources Limited,,,,,,,,West Australian Element
627073,Julius,,WA,120.96,-26.7768,mineral deposit,Au,,Gold,Northern Star Resources Limited,,,,,,,,West Australian Element
627078,Linden,,WA,122.4327,-29.3083,operating mine,Au,,Gold,Anova Metals ltd,,,,,,,Carey Paleovalley,West Australian Element
627089,Golden Monarch,,WA,119.9508,-26.7915,mineral deposit,Au,,Gold,"GWR Group Ltd, Blackham Resources Limited",,,,,,,,West Australian Element
627194,Deep South (Hawthorn),,WA,122.5532,-29.5736,mineral deposit,Au,,Gold,Hawthorn Resources Limited,,,,,,,,West Australian Element
627196,Box Well West,,WA,122.2747,-29.3434,mineral deposit,Au,,Gold,Hawthorn Resources Limited,,,,,,,,West Australian Element
627219,Triumph,,WA,121.15,-28.45,mineral deposit,"Zn, Cu, Ag","Au, Pb","Zinc, Copper, Silver, (Gold, Lead)",Aeris Resources Limited,,,,,,,,West Australian Element
627651,Yarrabubba,,WA,118.7056,-27.0244,mineral deposit,"V, V2O5, Ti, Mag, Fe, TiO2, FeOre",,"Vanadium, Vanadium pentoxide, Titanium, Magnetite, Iron, Titanium dioxide, Iron ore",Technology Metals Australia Ltd,,,,,,,Hope Paleovalley,West Australian Element
627972,Baggy Green,,SA,135.452,-32.8432,mineral deposit,Au,REE,"Gold, (Rare earth elements)",Cobra Resources PLC,,,,,,,,South Australian Element
627974,White Tank,,SA,135.452,-32.8432,mineral deposit,Au,,Gold,Cobra Resources PLC,,,,,,,,South Australian Element
448448,Slippery Gimlet,Ora Banda Project,WA,121.0564,-30.3795,historic mine,Au,,Gold,"Zijin Mining Group Company Ltd, Norton Gold Fields Limited","Yilgarn Craton, Eastern Goldfields Province, Kalgoorlie Gold Metallogenic Province, Norseman-Wiluna Belt",Archean,,,,,,West Australian Element
448450,Mayday North,,WA,121.8645,-30.4468,historic mine,Au,,Gold,Genesis Minerals Ltd,Yilgarn Craton,,,,,,,West Australian Element
448508,Marillana Iron Ore (Brockman Mining),"North-West Sector, Rockhole Bore",WA,119.2096,-22.5875,under development,FeOre,Fe,"Iron ore, (Iron)",Brockman Mining limited,Pilbara Craton,,,,,Warakurna Large Igneous Province,Hamersley Basin,Pilbara Craton
448611,Homestead,Mount Pleasant Project,WA,121.2283,-30.5421,operating mine,Au,,Gold,"Zijin Mining Group Company Ltd, Norton Gold Fields Limited",Yilgarn Craton,Archean,,,,,Roe Paleovalley,West Australian Element
448617,Tuart - Quarters West,Mount Pleasant Project,WA,121.2253,-30.5295,mineral deposit,Au,,Gold,"Zijin Mining Group Company Ltd, Norton Gold Fields Limited",Yilgarn Craton,Archean,unknown,unknown,unknown,,Roe Paleovalley,West Australian Element
448635,Penny's Find,,WA,121.8745,-30.5326,care and maintenance,Au,,Gold,"Horizon Minerals Ltd., Gorilla Gold Mines Limited",Yilgarn Craton,,,,,,,West Australian Element
557922,Stratham North (Cristal),,WA,115.6106,-33.4644,mineral deposit,"Ilm, Zrn","Rt, Leu","Ilmenite, Zircon, (Rutile, Leucoxene)",Tronox Limited,,,Erosional,Placer,Heavy mineral sands,,Bunbury Trough,Pinjarra Orogen
557934,Coolup (Cristal),,WA,115.9411,-32.7229,mineral deposit,"Ilm, Zrn","Rt, Leu","Ilmenite, Zircon, (Rutile, Leucoxene)",Tronox Limited,,,Erosional,Placer,Heavy mineral sands,,,Pinjarra Element
557953,West Mine North,,WA,115.2104,-29.8396,mineral deposit,"Zrn, Ilm, Rt",Leu,"Zircon, Ilmenite, Rutile, (Leucoxene)",Image Resources NL,,,Erosional,Placer,Heavy mineral sands,,Perth Basin,Pinjarra Orogen
557955,Yandanooka,,WA,115.5354,-29.3322,mineral deposit,"Zrn, Ilm, Rt",Leu,"Zircon, Ilmenite, Rutile, (Leucoxene)",Image Resources NL,,,Erosional,Placer,Heavy mineral sands,,Dandaragan Trough,Pinjarra Orogen
557957,Lake Nerramyne,,WA,115.4406,-27.7809,operating mine,Atta,,Attapulgite,Lake Nerramyne,Yilgarn Craton,,,,,Warakurna Large Igneous Province,Murchison Paleovalley,West Australian Element
557959,Ellengail,,WA,115.1975,-29.7673,mineral deposit,"Zrn, Ilm, Rt",Leu,"Zircon, Ilmenite, Rutile, (Leucoxene)",Image Resources NL,,,Erosional,Placer,Heavy mineral sands,,Perth Basin,Pinjarra Orogen
557964,Griffiths Hill,,QLD,144.408,-17.1212,mineral deposit,"Cu, Ag, Pb, Zn, Mo, Au",,"Copper, Silver, Lead, Zinc, Molybdenum, Gold","Auctus Minerals, Kagara Limited",Mossman Orogen,,,,,,,Mossman Orogen
558130,Yarragon,Yalungah,VIC,146.066,-38.2,mineral deposit,Cbr,,Coal - brown,Mantle Mining Corporation Ltd,Gippsland Basin,,,,,,Selwyn Province,Melbourne-Mathinna Zone
558134,Rookwood,"Develin Creek, Develin Creek East, Rookwood Grid",QLD,149.8629,-23.4531,mineral deposit,"Ag, Zn, Cu, Au",,"Silver, Zinc, Copper, Gold","Fitzroy Resources Limited, Zenith Minerals Limited",New England Orogen,,,,,,,Yarrol Province
558154,Tally Ho (Burnside),Burnside Project,NT,131.5055,-13.469,mineral deposit,Au,,Gold,"Crocodile Gold Corporation, PNX Metals Limited",Pine Creek Orogen,Paleoproterozoic,,,,,,Pine Creek Orogen
558156,Millars/Big Tree/PingQue,Union Reefs Project,NT,131.796,-13.7244,historic mine,Au,,Gold,"Newmarket Gold Inc, Crocodile Gold Corporation",Pine Creek Orogen,Paleoproterozoic,,,,,,Pine Creek Orogen
558158,Riley Creek,,TAS,145.4114,-41.7448,care and maintenance,FeOre,Fe,"Iron ore, (Iron)",Gold Valley,Delamerian Orogen,,,,,,Thylacine Province,Delamerian Orogen
558161,Cox,Pine Creek Project,NT,131.8353,-13.8288,mineral deposit,Au,,Gold,Crocodile Gold Corporation,Pine Creek Orogen,Proterozoic,,,,,,Pine Creek Orogen
558166,Jubilee - Peak Hill,Peak Hill Project,WA,118.7121,-25.6161,historic mine,Au,,Gold,"Montezuma Mining Limited, Westgold Resources Limited",Yilgarn Craton,,,,,Warakurna Large Igneous Province,,Marymia Dome
558168,Harmony,Peak Hill Project,WA,118.6304,-25.6521,historic mine,Au,,Gold,"Montezuma Mining Limited, Westgold Resources Limited",Yilgarn Craton,,,,,Warakurna Large Igneous Province,Bryah Basin,West Australian Element
558170,Goongarrie Lady,Goongarry Lady Project,WA,121.1848,-30.0816,historic mine,Au,,Gold,Brightstar Resources Ltd,Yilgarn Craton,Archean,,,,,Rebecca Paleovalley,West Australian Element
558172,Anthill - Zulikia,Anthill Project,WA,121.0063,-30.4836,mineral deposit,Au,,Gold,"Intermin Resources Limited, Metaliko Resources Limited",Yilgarn Craton,Archean,,,,,Roe Paleovalley,West Australian Element
558186,Great Northern Highway (GNH),"GNH, Yaloginda Project",WA,118.4334,-26.7168,historic mine,Au,,Gold,Reed Resources Limited,Yilgarn Craton,Archean,,,,Warakurna Large Igneous Province,Hope Paleovalley,West Australian Element
558188,Angas Sunter,,SA,138.9162,-35.2529,mineral deposit,"Pb, Ag, Zn",,"Lead, Silver, Zinc",Terramin Australia Limited,Delamerian Orogen,,,,,,,Delamerian Orogen
558211,Whangamata,Yaloginda Proje,WA,118.4425,-26.6624,operating mine,Au,,Gold,"Reed Resources Limited, Westgold Resources Limited",Yilgarn Craton,Archean,,,,Warakurna Large Igneous Province,,West Australian Element
558212,Rhens,Yaloginda Project,WA,118.4346,-26.6829,historic mine,Au,,Gold,"Reed Resources Limited, Westgold Resources Limited",Yilgarn Craton,Archean,,,,Warakurna Large Igneous Province,,West Australian Element
558228,Queenslander,,QLD,144.4238,-17.0738,mineral deposit,"Ag, Pb, Cu","Zn, Au","Silver, Lead, (Zinc, Copper, Gold)",Kagara Limited,"Mossman Orogen, Hodgkinson Province",,Magmatic hydrothermal,Skarn,Skarn zinc-lead-silver,,,Mossman Orogen
558254,Discovery - Orchard Well,Turner River,WA,118.7811,-20.7756,mineral deposit,"Zn, Ag, Au, Pb",Cu,"Zinc, Silver, Gold, Lead, (Copper)","De Grey Mining Limited, Polymetals Mining Limited",Pilbara Craton,,,,,,,Pilbara Craton
645050,Cuddingwarra,,WA,117.81,-27.37,mineral deposit,Au,,Gold,Westgold Resources Limited,,,,,,,Austin Paleovalley,West Australian Element
646407,Paddy's Flat,,WA,118.5022,-26.6181,mineral deposit,Au,,Gold,Westgold Resources Limited,"Yilgarn Craton, Murchison Domain (Youanmi Terrane)",,Metamorphic hydrothermal,Orogenic,Mesozonal orogenic gold,Warakurna Large Igneous Province,,West Australian Element
646410,Yaloginda,,WA,117.1813,-29.7211,mineral deposit,Au,,Gold,Westgold Resources Limited,,,,,,,,West Australian Element
335859,SWAN,,QLD,140.497,-21.545,mineral deposit,"Cu, Au",U,"Copper, Gold, (Uranium)",Chinova Resources,"Mount Isa Orogen, Cloncurry-Selwyn Zone",Proterozoic,Regional metasomatic,IOCG,Magnetite-dominant IOCG,,,Kuridala-Selwyn Domain
335863,Invicta - Deakin,Jundee,WA,120.5586,-26.3615,mineral deposit,Au,,Gold,Northern Star Resources Limited,"Yilgarn Craton, Eastern Goldfields Province",Archean,,,,Warakurna Large Igneous Province,,West Australian Element
335864,Roper Valley,Roper Bar,NT,133.9179,-15.1624,mineral deposit,FeOre,Fe,"Iron ore, (Iron)",Northern Territory Iron Ore,McArthur Basin,,Basin chemical,Iron formation,Oolitic iron formation,Kalkarindji Igneous Province,McArthur Basin,Pine Creek Orogen
335865,Ilgarari,,WA,119.5947,-24.3583,mineral deposit,Cu,,Copper,"Zeta Resources Limited, Kumarina Resources Limited, Sipa Resources Ltd",Collier Basin,Proterozoic,,,,Warakurna Large Igneous Province,Collier Basin,West Australian Element
335866,Mount Adrah,"Hobbs, Mt Adrah",NSW,147.9163,-35.1983,mineral deposit,Au,,Gold,"Sovereign Gold Company Limited, Bright Star Resources Ltd, Gossan Hill Gold Ltd","Lachlan Orogen, Lachlan Orogen, Adelong Gold Metallogenic Province",Paleozoic,Metamorphic hydrothermal,Orogenic,Mesozonal orogenic gold,,,Central NSW - Omeo Province
335868,Scandinavian Gully - alluvial lead,Inglewood Project,VIC,143.8666,-36.5159,mineral deposit,Au,,Gold,GBM Gold Limited,Lachlan Orogen,,,,,,,Bendigo Zone
335869,Alliance,Burnakura Project,WA,118.4669,-27.059,mineral deposit,Au,,Gold,"Monument Mining Limited, Kentor Gold Limited",Yilgarn Craton,Archean,,,,Warakurna Large Igneous Province,,West Australian Element
335870,Plant Zone,,WA,118.8448,-28.5962,mineral deposit,Au,,Gold,Apex Minerals NL,Yilgarn Craton,,,,,,Raeside Paleovalley,West Australian Element
335871,Oakdale,,NSW,150.4803,-34.0378,historic mine,Cbl,,Coal - black,Illawarra Coal,Sydney Basin,,,,,,Sydney Basin,Eastern Province
335873,Lotus Deeps - Mt McClure,Bronzewing Gold Project,WA,120.9303,-27.4047,mineral deposit,Au,,Gold,Navigator Resources Limited,Yilgarn Craton,Archean,,,,,,West Australian Element
335874,Taroom East,"Boxvale, Taroom",QLD,149.8372,-25.6509,mineral deposit,Cbl,,Coal - black,"Anglo Coal Australia Pty Ltd, New Hope Coal",Surat Basin,Mesozoic,,,,,Surat Basin,Anakie Province
335875,Avoca,,VIC,143.4216,-37.1891,mineral deposit,Au,,Gold,GBM Gold Limited,"Lachlan Orogen, Stawell Zone",,Metamorphic hydrothermal,Orogenic,Mesozonal orogenic gold,,,Stawell Zone
335884,Admiral Group,North Kookynie Project,WA,121.367,-29.2001,mineral deposit,Au,,Gold,Genesis Minerals Ltd,Yilgarn Craton,Archean,,,,,,West Australian Element
335885,Plutonic East,Plutonic Project,WA,119.4464,-25.3067,operating mine,Au,,Gold,Superior Resources Limited,Yilgarn Craton,Archean,,,,Warakurna Large Igneous Province,,Marymia Dome
335886,Holey Plains,includes Coolungoolun,VIC,146.9,-38.197,mineral deposit,Cbr,,Coal - brown,Department of Primary Industries,Gippsland Basin,Cenozoic,,,,,Gippsland Basin,Melbourne-Mathinna Zone
335888,Maxwell,"CL229, CL395, Drayton South, EL5460, ML1531, Mount Arthur South, Saddlers Creek",NSW,150.83,-32.4268,operating mine,Cbl,,Coal - black,"Malabar Coal Limited, Anglo American Plc",Sydney Basin,,,,,,Sydney Basin,Eastern Province
335891,Thunderbox,Thunderbox Project,WA,121.0054,-28.192,operating mine,Au,,Gold,Northern Star Resources Limited,"Yilgarn Craton, Eastern Goldfields Province",Archean,Metamorphic hydrothermal,Orogenic,Mesozonal orogenic gold,,,West Australian Element
335893,Frog's Leg,Mungari East Project,WA,121.2701,-30.7616,operating mine,Au,,Gold,"Evolution Mining Limited, Weather Investments II S.ar.l","Yilgarn Craton, Eastern Goldfields Province",Archean,,,,,Roe Paleovalley,West Australian Element
335896,Spring Hill - Parker Range,Parker Range Project,WA,119.5756,-31.6621,mineral deposit,Au,,Gold,Gondwana Resources Limited,Yilgarn Craton,Archean,,,,,,West Australian Element
335899,Armstrong (formerly called Moore),,WA,121.5288,-31.4242,mineral deposit,Ni,,Nickel,Widgiemooltha North,"Yilgarn Craton, Eastern Goldfields Province, Kambalda Nickel Metallogenic Province",Archean,,,,,,West Australian Element
335902,Kookaburra,"Bald Hill operations, Western Tanami Project",WA,128.8627,-19.5894,historic mine,Au,,Gold,"Northern Star Resources Limited, Tanami Gold NL",Tanami Orogen,Proterozoic,Metamorphic hydrothermal,Orogenic,Mesozonal orogenic gold,Kalkarindji Igneous Province,,Tanami Orogen
335903,Tahmoor,"Bargo, Tahmoor North",NSW,150.5795,-34.2508,operating mine,Cbl,,Coal - black,GFG Alliance,Sydney Basin,,,,,,Sydney Basin,Eastern Province
335904,Whistler,Gum Greek Project,WA,119.5442,-27.3882,mineral deposit,Au,,Gold,Brightstar Resources Ltd,Yilgarn Craton,Archean,,,,,,West Australian Element
335905,Black Bess,,QLD,145.1964,-17.0129,mineral deposit,Au,,Gold,Republic Gold Ltd.,Mossman Orogen,,,,,,,Mossman Orogen
335907,Gibb,,WA,121.6802,-31.1813,historic mine,Ni,,Nickel,Independence Group NL,"Yilgarn Craton, Eastern Goldfields Province",Archean,,,,,,West Australian Element
335908,Copernicus,,WA,127.991,-17.6588,historic mine,Ni,"Co, Cu","Nickel, (Cobalt, Copper)",Panoramic Resources Limited,,Proterozoic,,,,Kalkarindji Igneous Province,,Halls Creek Orogen
335910,Cheriton's Find (Redwing),Cheriton's Find Gold Project,WA,119.6592,-31.8307,operating mine,Au,,Gold,"China Hanking Holdings Limited, Shandong Tianye Real Estate",Yilgarn Craton,Archean,,,,,,West Australian Element
335911,Big Reef,includes Tunnel,QLD,143.6159,-18.6296,historic mine,"Ag, Au",,"Silver, Gold",Savannah Goldfields Limited,Etheridge Gold Metallogenic Province,Paleozoic,,,,,Etheridge Province,North Australian Element
335912,Lights of Israel,Davyhurst Project,WA,120.6617,-30.0293,historic mine,Au,,Gold,"Ora Banda Mining Ltd, Swan Gold Mining Limited",Yilgarn Craton,Archean,Metamorphic hydrothermal,Orogenic,Mesozonal orogenic gold,,,West Australian Element
453937,Caliwingina North,,WA,117.4458,-21.9617,mineral deposit,"FeOre, Fe",,"Iron ore, Iron",Rio Tinto Limited,Pilbara Craton,,Infiltrational,Paleochannel,Paleochannel iron,Warakurna Large Igneous Province,Caliwingina Paleovalley,Pilbara Craton
453940,"Hope Downs 5,6",,WA,119.7766,-23.1614,mineral deposit,"Fe, FeOre",,"Iron, Iron ore",Hancock Prospecting Pty Ltd,Pilbara Craton,,,,,Warakurna Large Igneous Province,Hamersley Basin,Pilbara Craton
453958,Costello,Mount Monger Project,WA,121.9385,-31.027,mineral deposit,Au,,Gold,Silver Lake Resources Limited,Yilgarn Craton,Archean,,,,,,West Australian Element
454026,Nullagine Iron,"Bonnie Creek, Coongan, Outcamp, Warrigal",WA,119.8358,-22.0928,care and maintenance,"FeOre, Fe",,"Iron ore, Iron","Fortescue Metals Group Limited, BC Iron Ltd",Pilbara Craton,,Infiltrational,Paleochannel,Paleochannel iron,Warakurna Large Igneous Province,Nullagine Paleovalley,Pilbara Craton
454029,Yanco Glen,Yanco Glen Tungsten Project,NSW,141.5385,-31.6566,mineral deposit,"Sn, W, WO3",,"Tin, Tungsten, Tungsten trioxide (wolframite)",Carpentaria Exploration Limited,Curnamona Province,,unknown,unknown,unknown,,,Curnamona Province
454039,Davidson Creek (FerrAus-Atlas),"Dugite, Mirrin Mirrin, Tiger",WA,120.5091,-23.4206,mineral deposit,"FeOre, Fe",,"Iron ore, Iron",Atlas Iron Ltd,Pilbara Craton,,,,,Kalkarindji Igneous Province,Fortescue Basin,Pilbara Craton
454042,J4-Yilgarn Iron ( Polaris-Mineral Resources),"Carina, J4, J5",WA,119.9987,-30.4564,care and maintenance,FeOre,Fe,"Iron ore, (Iron)",Polaris Metals NL,Yilgarn Craton,,,,,,,West Australian Element
454402,Chinchilla,Underground Coal Gasification,QLD,150.5275,-26.8515,mineral deposit,Cbl,,Coal - black,"Bunji Corporation Ltd, Linc Energy Limited",Surat Basin,,,,,,Surat Basin,Connors-Auburn Province
454406,Bloodwood Creek,Underground Coal Gasification,QLD,150.78,-27.15,closed,Cbl,,Coal - black,Carbon Energy Limited,Surat Basin,,,,,,Surat Basin,Connors-Auburn Province
454790,Inglewood Project,Inglewood Project,VIC,143.8651,-36.5538,historic mine,Au,,Gold,GBM Gold Limited,Lachlan Orogen,,,,,,,Bendigo Zone
454796,Calypso,,WA,115.3423,-30.5509,mineral deposit,,,,Image Resources NL,,,Erosional,Placer,Heavy mineral sands,,Perth Basin,Pinjarra Orogen
454808,Cooljarloo North,,WA,115.2333,-30.5333,mineral deposit,"Zrn, Ilm, Rt",Leu,"Zircon, Ilmenite, Rutile, (Leucoxene)",Image Resources NL,,,Erosional,Placer,Heavy mineral sands,,Perth Basin,Pinjarra Orogen
454813,Yalyalup,,WA,115.4723,-33.6897,operating mine,,,,Doral Mineral Sands Pty Ltd,,,Erosional,Placer,Heavy mineral sands,,Bunbury Trough,Pinjarra Orogen
455014,Maitland Copper Prospect,,QLD,144.4036,-18.9763,mineral deposit,Cu,Mo,"Copper, (Molybdenum)",Kagara Limited,,Proterozoic,,,,,Etheridge Province,Tasman Element
455086,Mount Cattlin,,WA,120.034,-33.5625,operating mine,"Ta2O5, Li, Nb2O5, Nb, Ta, Li2O",,"Tantalum pentoxide, Lithium, Niobium pentoxide, Niobium, Tantalum, Lithium oxide",Allkem Ltd,Yilgarn Craton,,Magmatic,Pegmatite,LCT pegmatite,,,Yilgarn Craton
455095,Dandaragan Phosphate,Dandaragan Project,WA,115.67,-30.67,mineral deposit,"Phos, P2O5",,"Phosphate, Phosphorus oxide",Dempsey Minerals Limited,,,,,,,Dandaragan Trough,Pinjarra Orogen
455311,Granville East,Heemskirk,TAS,145.0862,-41.7978,care and maintenance,Sn,,Tin,Stonehenge Metals,Delamerian Orogen,,,,,,Thylacine Province,Delamerian Orogen
455312,Talwood,Red Hill,QLD,148.073,-21.678,mineral deposit,Cbl,,Coal - black,Aquila Resources Limited,Bowen Basin,,,,,,Bowen Basin,Anakie Province
455315,Oaklands North,,NSW,146.174,-35.394,mineral deposit,Cbl,,Coal - black,Whitehaven Coal Limited,Oaklands Basin,,,,,,Murray Basin,Central NSW - Omeo Province
455343,Yalleen (Helix Resources),"Kumina Creek, Robe Exit, West Pilbara Stage 2",WA,116.8291,-21.8321,mineral deposit,"FeOre, Fe",,"Iron ore, Iron",Helix Resources Limited,Pilbara Craton,,,,,Warakurna Large Igneous Province,Hamersley Basin,Pilbara Craton
455344,Legend,,QLD,140.1426,-20.1845,mineral deposit,Au,,Gold,Copper Mountain Mining Corporation,Mount Isa Orogen,Proterozoic,,,,,Karumba Basin,Mary Kathleen Domain
455353,Mount Lindsay (Venture Minerals),,TAS,145.3286,-41.6973,feasibility,"Sn, Cu, FeOre, WO3","W, Fe","Tin, Copper, (Tungsten, Iron ore, Tungsten trioxide (wolframite), Iron)",Critica Limited,Delamerian Orogen,,unknown,unknown,unknown,,Thylacine Province,Delamerian Orogen
455374,Longamundi,Roseby,QLD,140.1754,-20.2552,mineral deposit,"Cu, Au",,"Copper, Gold",Copper Mountain Mining Corporation,Mount Isa Orogen,Proterozoic,,,,,,Mary Kathleen Domain
455376,Great Southern,,QLD,140.167,-20.2365,mineral deposit,"Cu, Au",,"Copper, Gold",Copper Mountain Mining Corporation,Mount Isa Orogen,Proterozoic,,,,,,Mary Kathleen Domain
455378,Scanlan,Roseby,QLD,140.1508,-20.3054,mineral deposit,Cu,Au,"Copper, (Gold)",Harmony Gold Mining,Mount Isa Orogen,Proterozoic,unknown,unknown,unknown,,,Mary Kathleen Domain
455380,Charlie Brown,Roseby,QLD,140.1567,-20.2294,mineral deposit,"Cu, Au",,"Copper, Gold",Copper Mountain Mining Corporation,Mount Isa Orogen,Proterozoic,,,,,,Mary Kathleen Domain
455382,Caroline,Roseby,QLD,140.1508,-20.3096,mineral deposit,"Cu, Au",,"Copper, Gold","Copper Mountain Mining Corporation, Altona Mining Limited, Sichuan Railway Investment Group Company Limited, Universal Resources",Mount Isa Orogen,Proterozoic,,,,,,Mary Kathleen Domain
455617,Explorer 108,Rover Project,NT,133.3222,-19.9274,mineral deposit,"Zn, Pb, Cu","Ag, Au","Zinc, Lead, Copper, (Silver, Gold)",Castile Resources Ltd,,Paleoproterozoic,Basin hydrothermal,Sediment-hosted,,Kalkarindji Igneous Province,Wiso Basin,North Australian Element
455619,Victoria,,QLD,144.2112,-17.2799,mineral deposit,"Zn, Cu, Ag, Mo, Au",,"Zinc, Copper, Silver, Molybdenum, Gold",Kagara Limited,,Paleozoic,,,,,Etheridge Province,Tasman Element
558255,Orchard Tank,Turner River,WA,118.8023,-20.7689,mineral deposit,"Pb, Au, Zn, Ag, Cu",,"Lead, Gold, Zinc, Silver, Copper","De Grey Mining Limited, Polymetals Mining Limited",Pilbara Craton,,Volcanic basin hydrothermal,Volcanogenic massive sulfide (VMS),Bimodal-mafic VMS,,,Pilbara Craton
558258,Rosie,"C2, Duketon",WA,122.0143,-27.6246,mineral deposit,"Ni, Co, Pt, Pd, S, PGE, Au","Cu, As","Nickel, (Copper, Cobalt, Platinum, Palladium, Sulphur, Platinum group elements, Gold, Arsenic)",Duketon Mining Limited,Yilgarn Craton,,,,,,,West Australian Element
558318,Morrison,Morrisons,QLD,144.4266,-17.0774,mineral deposit,"Pb, Ag, Cu, Zn, Au",,"Lead, Silver, Copper, Zinc, Gold",Kagara Limited,Mossman Orogen,,,,,,,Mossman Orogen
558329,Johnston Range,,WA,119.4217,-29.6957,mineral deposit,Fe,FeOre,"Iron, (Iron ore)",Radar Iron Ltd,,,,,,,,West Australian Element
558332,Green Zone,,QLD,139.8431,-20.4156,mineral deposit,"Au, Cu",,"Gold, Copper",Syndicated Metals Limited,Mount Isa Orogen,,,,,,,Mary Kathleen Domain
558341,Jess,Yaloginda Project,WA,118.4334,-26.7112,mineral deposit,Au,,Gold,"Reed Resources Limited, Westgold Resources Limited",Yilgarn Craton,Archean,,,,Warakurna Large Igneous Province,Hope Paleovalley,West Australian Element
558343,Euro - Yaloginda,Yaloginda Project,WA,118.46,-26.7719,mineral deposit,Au,,Gold,"Reed Resources Limited, Westgold Resources Limited",Yilgarn Craton,Archean,,,,Warakurna Large Igneous Province,Hope Paleovalley,West Australian Element
635758,Minyari,,WA,122.2489,-21.378,mineral deposit,"Au, Co, Cu",Ag,"Gold, Cobalt, Copper, (Silver)",Antipa Minerals Limited,Yeneena Basin,,Magmatic hydrothermal,Breccia pipe,,Kalkarindji Igneous Province,Yeneena Basin,Paterson Orogen
635767,WACA,,WA,122.2489,-21.378,mineral deposit,"Cu, Ag, Co, Au",,"Copper, Silver, Cobalt, Gold",Antipa Minerals Limited,,,,,,Kalkarindji Igneous Province,Yeneena Basin,Paterson Orogen
635926,Thomson,,WA,115.3462,-29.8533,mineral deposit,"Ilm, Rt, Zrn, REO, Th, Mnz, Leu",,"Ilmenite, Rutile, Zircon, Rare earth oxides, Thorium, Monazite, Leucoxene",Image Resources NL,,,,,,,Perth Basin,Pinjarra Orogen
636004,Saints Nickel,,WA,121.1853,-29.9986,mineral deposit,"Cu, Ni, Co",,"Copper, Nickel, Cobalt",Future Battery Minerals Ltd,,,,,,,Rebecca Paleovalley,West Australian Element
636031,Isaac River,MDL 444,QLD,148.322,-22.056,mineral deposit,Cbl,,Coal - black,Bowen Coking Coal Ltd,Bowen Basin,,,,,,Bowen Basin,Anakie Province
636039,Wilson Creek,,QLD,147.993,-21.207,mineral deposit,Cbl,,Coal - black,Vitrinite Pty Ltd,Bowen Basin,,,,,,Bowen Basin,Connors-Auburn Province
636048,Consuelo,,QLD,148.394,-24.718,mineral deposit,Cbl,,Coal - black,Lustrum Minerals Limited,Bowen Basin,,,,,,Bowen Basin,Anakie Province
636108,New Hope,,QLD,140.494,-21.7293,mineral deposit,"Au, Co",,"Gold, Cobalt",Chinova Resources,,,,,,,,Kuridala-Selwyn Domain
636174,Toolebuc Vanadium Project,,QLD,142.851,-20.4828,mineral deposit,"MoO3, V","Mo, V2O5","Molybdenum trioxide, Vanadium, (Molybdenum, Vanadium pentoxide)",Velox Energy Materials,,,Basin chemical,Black shale,Black shale vanadium ± Mo ± Ni,,Galilee Basin,North Australian Element
636221,West Muswellbrook Project,,NSW,150.8114,-32.1736,mineral deposit,Cbl,,Coal - black,Idemitsu Australia Resources,Sydney Basin,,,,,,Sydney Basin,Eastern Province
636223,Bonya,,NT,136.27,-22.61,mineral deposit,WO3,"Cu, W","Tungsten trioxide (wolframite), (Copper, Tungsten)","Investigator Resources Limited, Arafura Resources Limited",,,,,,Kalkarindji Igneous Province,,Aileron Province
636621,Broadlea,,QLD,148.1825,-21.9267,operating mine,Cbl,,Coal - black,Fitzroy Mining Operations Pty Ltd,Bowen Basin,,,,,,Bowen Basin,Anakie Province
636637,Springdale Graphite (Comet),,WA,120.3734,-33.8948,mineral deposit,Gr,,Graphite,International Graphite Ltd,,,,,,,Bremer Paleovalley,Albany-Fraser Orogen
636707,Blue Hills (Sinosteel),,WA,116.862,-29.1412,care and maintenance,"Hem, Mag","FeOre, Fe","Hematite, (Iron ore, Magnetite, Iron)",Sinosteel Midwest Corporation,,,,,,,,West Australian Element
636709,Robinson Range Iron (Sinosteel Midwest),,WA,118.5188,-25.553,mineral deposit,"Hem, Mag","FeOre, Fe","Hematite, (Iron ore, Magnetite, Iron)",Sinosteel Midwest Corporation,,,,,,Warakurna Large Igneous Province,Bryah Basin,West Australian Element
636749,Greater Western (FMG Developments),,WA,116.965,-22.4911,mineral deposit,"FeOre, Fe","Mag, Hem","Iron ore, (Magnetite, Iron, Hematite)",Fortescue Metals Group Limited,,,,,,Warakurna Large Igneous Province,Hamersley Basin,Pilbara Craton
636751,Iron Ridge (Fenix),,WA,117.6818,-26.9455,operating mine,"FeOre, Fe","Hem, Mag","Iron ore, (Hematite, Iron, Magnetite)",Fenix Resources Limited,,,,,,Warakurna Large Igneous Province,,West Australian Element
636756,Lady Ada,,WA,119.6678,-32.2364,mineral deposit,Au,,Gold,Classic Minerals Limited,,,,,,,,West Australian Element
636758,Lady Magdalene,,WA,119.6678,-32.2364,mineral deposit,Au,,Gold,Classic Minerals Limited,,,,,,,,West Australian Element
636760,Lady Lila,,WA,119.6678,-32.2364,mineral deposit,Au,,Gold,Classic Minerals Limited,,,,,,,,West Australian Element
636762,Kumina Iron A,,WA,116.8375,-21.8551,mineral deposit,"FeOre, Mag, Fe, Hem",,"Iron ore, Magnetite, Iron, Hematite",Mineral Resources,,,,,,Warakurna Large Igneous Province,Hamersley Basin,Pilbara Craton
636767,Kumina Iron E,,WA,117.1897,-21.8916,mineral deposit,"FeOre, Hem, Fe",,"Iron ore, Hematite, Iron",Mineral Resources,,,,,,Warakurna Large Igneous Province,Hamersley Basin,Pilbara Craton
636769,Kumina Iron J,,WA,117.1104,-21.5881,mineral deposit,"FeOre, Hem, Fe",,"Iron ore, Hematite, Iron",Mineral Resources,,,,,,Warakurna Large Igneous Province,Hamersley Basin,Pilbara Craton
636772,Cameron Well,,WA,122.0772,-28.765,mineral deposit,Au,,Gold,Dacian Gold Limited,,,,,,,,West Australian Element
636782,Dromedary,,WA,118.1451,-20.9001,mineral deposit,Au,,Gold,De Grey Mining Limited,,,,,,Warakurna Large Igneous Province,,Pilbara Craton
636784,Mallina,,WA,118.0399,-20.8806,mineral deposit,Au,,Gold,De Grey Mining Limited,,,,,,Warakurna Large Igneous Province,,Pilbara Craton
636792,Sagittarius,EPC 2391,QLD,150.069,-23.434,mineral deposit,Cbl,,Coal - black,Metroof Industries,Bowen Basin,,,,,,,Yarrol Province
636902,Rocky Hill,,NSW,151.9712,-32.0656,mineral deposit,Cbl,,Coal - black,Gloucester Resources Ltd,Gloucester Basin,,,,,,Gloucester Basin,New England Orogen
636941,Mon Ami,,WA,122.5052,-28.7564,mineral deposit,Au,,Gold,Great Southern Mining Ltd,,,,,,,,West Australian Element
636943,Grace,,WA,122.2915,-21.9188,mineral deposit,Au,,Gold,Hardy Resources Ltd,,,,,,Kalkarindji Igneous Province,Yeneena Basin,Paterson Orogen
636948,Five Mile - Nullagine,,WA,120.215,-21.9167,mineral deposit,Au,,Gold,Millennium Minerals Limited,,,,,,Warakurna Large Igneous Province,,Pilbara Craton
636950,Middle Creek,,WA,120.2916,-21.8787,mineral deposit,Au,,Gold,Millennium Minerals Limited,,,,,,Warakurna Large Igneous Province,,Pilbara Craton
637063,Camel Creek,,WA,120.29,-21.88,mineral deposit,Au,,Gold,Millennium Minerals Limited,,,,,,Warakurna Large Igneous Province,,Pilbara Craton
637065,Twenty Mile Sandy,,WA,120.29,-21.88,mineral deposit,Au,,Gold,Millennium Minerals Limited,,,,,,Warakurna Large Igneous Province,,Pilbara Craton
637082,Winu,E45/4833,WA,121.7419,-20.723,mineral deposit,"Au, Ag, Cu",,"Gold, Silver, Copper",Rio Tinto Limited,"Yeneena Basin, Yeneena Basin",,Magmatic hydrothermal,Porphyry,,Kalkarindji Igneous Province,Canning Basin,Paterson Orogen
637304,Alaric,,WA,123.6264,-28.0854,mineral deposit,Au,,Gold,Gold Road Resources Limited,Yamarna Terrane,,Metamorphic hydrothermal,Orogenic,,,Wells Paleovalley,West Australian Element
637306,Argos,,WA,123.6419,-28.1163,mineral deposit,Au,,Gold,Gold Road Resources Limited,Yamarna Terrane,,Metamorphic hydrothermal,Orogenic,Mesozonal orogenic gold,,Wells Paleovalley,West Australian Element
335816,Boodyarn,South Gippsland,VIC,146.77,-38.4,mineral deposit,Cbr,,Coal - brown,Department of Primary Industries,Gippsland Basin,Cenozoic,,,,,Selwyn Province,Melbourne-Mathinna Zone
335819,Ensham,Yongala,QLD,148.4975,-23.4545,operating mine,Cbl,,Coal - black,Thungela,Bowen Basin,,,,,,Bowen Basin,Anakie Province
335821,Butchers Creek,Palm Springs,WA,127.8243,-18.3456,historic mine,Au,,Gold,Win Metals,"Halls Creek Orogen, Lamboo Province, Palm Springs",,Metamorphic hydrothermal,Orogenic,Mesozonal orogenic gold,Kalkarindji Igneous Province,,Halls Creek Orogen
335822,Callie,Tanami Project,NT,129.9249,-20.5266,operating mine,Au,,Gold,Newmont Mining Corporation,Tanami Orogen,Paleoproterozoic,Metamorphic hydrothermal,Orogenic,Mesozonal orogenic gold,Kalkarindji Igneous Province,,Tanami Orogen
335823,Mulga Downs,Murrays Hill,WA,118.5722,-22.1058,mineral deposit,"Fe, Mn",MnOre,"Iron, Manganese, (Manganese ore)",Hancock Prospecting Pty Ltd,Hamersley Basin,,,,,Warakurna Large Igneous Province,Hamersley Basin,Pilbara Craton
335825,Temora Project,Gidginbung,NSW,147.4574,-34.3232,historic mine,"Au, Cu, Ag",,"Gold, Copper, Silver",Straits Resources Limited,"Lachlan Orogen, Lachlan Orogen, Gidginbung Metallogenic Province",,,,,,,Central NSW - Omeo Province
335826,Mount Edwards 166N,166N,WA,121.5458,-31.4488,mineral deposit,Ni,,Nickel,Widgiemooltha North,"Yilgarn Craton, Kambalda Nickel Metallogenic Province",,,,,,,West Australian Element
335829,Maybell,,WA,121.7931,-32.3701,mineral deposit,Au,,Gold,Mawson West - Maybell,"Yilgarn Craton, Eastern Goldfields Province",Archean,Metamorphic hydrothermal,Orogenic,Mesozonal orogenic gold,,,West Australian Element
335830,Broughton,EPC818,QLD,148.3971,-21.5425,mineral deposit,Cbl,,Coal - black,"MITSUI & CO. (AUSTRALIA) LTD., U&D Coal Limited",Bowen Basin,,,,,,Bowen Basin,Connors-Auburn Province
335831,Goldstream,Marda Project,WA,119.2806,-30.2079,mineral deposit,Au,,Gold,Ramelius Resources Limited,"Yilgarn Craton, Southern Cross Province",Archean,,,,,,West Australian Element
335832,Lady Shenton,Menzies Gold Project,WA,121.028,-29.7034,historic mine,Au,,Gold,Intermin Resources Limited,Yilgarn Craton,Archean,,,,,,West Australian Element
335833,Camel 1,,WA,118.1646,-20.8994,mineral deposit,Au,,Gold,De Grey Mining Limited,Pilbara Craton,Archean,Metamorphic hydrothermal,Orogenic,,Warakurna Large Igneous Province,,Pilbara Craton
335834,Calvert,,WA,118.2925,-20.9002,mineral deposit,Au,,Gold,De Grey Mining Limited,Pilbara Craton,Archean,,,,Warakurna Large Igneous Province,,Pilbara Craton
335835,Cadia Hill,"Cadia, Cadia Extended, Cadia Valley",NSW,148.9957,-33.4574,operating mine,Ag,"Au, Cu","Silver, (Gold, Copper)",Newmont Mining Corporation,"Lachlan Orogen, Lachlan Orogen, Macquarie Igneous Province, Molong - Sofala Igneous Subprovince",,Magmatic hydrothermal,Porphyry,Porphyry copper ± gold,,,Eastern Province
335838,Scuddles Mine,Golden Grove,WA,116.9436,-28.7452,operating mine,"Cu, Zn, Ag","Au, Pb","Copper, Zinc, (Gold, Silver, Lead)",29Metals Ltd,"Yilgarn Craton, Golden Grove Base Metal Metallogenic Province, Murchison Province, Murchison Domain (Youanmi Terrane), Murchison Domain",Archean,Volcanic basin hydrothermal,Volcanogenic massive sulfide (VMS),Bimodal-mafic VMS,,,West Australian Element
335840,Telfer,Telfer Dome,WA,122.2109,-21.7224,operating mine,"Au, Cu",,"Gold, Copper",Greatland Pty Ltd,"Paterson Orogen, Yeneena Basin",Neoproterozoic,Magmatic hydrothermal,Intrusion-related,Oxidized intrusion-related gold,Kalkarindji Igneous Province,Yeneena Basin,Paterson Orogen
335841,Woodlawn,,NSW,149.5717,-35.0613,operating mine,"Zn, Cu, Pb, Au","Ag, Fe","Zinc, Copper, Lead, (Silver, Gold, Iron)",Develop Global Ltd,"Lachlan Orogen, Lachlan Orogen, Hill End - Ngunnawal Province, Woodlawn Base Metal Metallogenic Province, Captains Flat - Goulburn Trough",,Volcanic basin hydrothermal,Volcanogenic massive sulfide (VMS),Bimodal felsic VMS,,,Eastern Province
335842,Robe River (Rio JV),"Deepdale, Mesa A, Mesa J, Pannawonica, Warramboo",WA,116.2422,-21.7475,operating mine,"Fe, FeOre",,"Iron, Iron ore","Rio Tinto Limited, MITSUI & CO. (AUSTRALIA) LTD., Nippon Steel Australia Pty Ltd",Hamersley Basin,Cenozoic,,,,Warakurna Large Igneous Province,Hamersley Basin,Pilbara Craton
335844,Panton,,WA,127.8329,-17.7501,mineral deposit,"Pt, Ni, Pd, Au, Cr, PGE","Cu, Co","Platinum, Nickel, Palladium, (Copper, Gold, Chromium, Platinum group elements, Cobalt)",Future Metals NL,"Halls Creek Orogen, Kimberley Basin, Panton PGE-Ni Metallogenic Province",Paleoproterozoic,Magmatic,Ultramafic and (or) mafic-layered intrusion,U-M layered intrusion PGE,Kalkarindji Igneous Province,,Halls Creek Orogen
335845,Capel,"North Capel, South Capel",WA,115.5764,-33.5198,historic mine,"Ilm, Zrn, Rt",,"Ilmenite, Zircon, Rutile",Iluka Resources Limited,Perth Basin,,,,,,Bunbury Trough,Pinjarra Orogen
335848,Duchess,Phosphate Hill,QLD,139.9682,-21.8746,operating mine,Phos,P2O5,"Phosphate, (Phosphorus oxide)",Dyno Nobel Limited,Georgina Basin,,Basin chemical,Phosphorite,Phosphorite,,Georgina Basin,Mary Kathleen Domain
335849,German Creek East,includes Oak Park,QLD,148.6501,-22.918,mineral deposit,Cbl,,Coal - black,Anglo Coal Australia Pty Ltd,Bowen Basin,,,,,,Bowen Basin,Anakie Province
335851,Mitchell Plateau,Kimberley,WA,125.7985,-14.7737,mineral deposit,"Bx, V2O5",,"Bauxite, Vanadium pentoxide","Alcoa Incorporated, Marubeni Corporation, Rio Tinto Limited, Sumitomo Metal Mining Co Ltd",Kimberley Basin,Cenozoic,Supergene,Laterite,Bauxite,Kalkarindji Igneous Province,Speewah Basin,North Australian Element
335852,Koolanooka (Sinosteel Midwest Corp),,WA,116.2026,-29.1821,closed,FeOre,Fe,"Iron ore, (Iron)","Sinosteel Midwest Corporation, Midwest Corporation Limited","Yilgarn Craton, Murchison Domain",Archean,,,,,,West Australian Element
335853,Redtree,"Garee lens, Jack lens",QLD,138.096,-17.5151,mineral deposit,"U3O8, U",,"Uranium oxide, Uranium",Laramide Resources Limited,"McArthur Basin, Wearyan Shelf",Proterozoic,,,,,McArthur Basin,North Australian Element
448841,Tropicana Project,,WA,124.55,-29.26,operating mine,Au,,Gold,"Regis Resources Limited, AngloGold Ashanti Limited",Eastern Goldfields Province,Proterozoic,,,,,Canning Basin,Northern Foreland
448981,Mudlode,Paddy's Flat Project,WA,118.5092,-26.6054,mineral deposit,Au,,Gold,Reed Resources Limited,Yilgarn Craton,Archean,,,,Warakurna Large Igneous Province,,West Australian Element
449018,Selene,Mt Henry Gold Project,WA,121.7825,-32.4129,historic mine,Au,,Gold,Royal Nickel Corp,"Yilgarn Craton, Eastern Goldfields Province",Archean,,,,,Cowan Paleovalley,West Australian Element
449020,Mount Henry,Mt Henry Gold Project,WA,121.7868,-32.3748,historic mine,Au,,Gold,Royal Nickel Corp,Yilgarn Craton,Archean,,,,,,West Australian Element
449164,Horse Well,,WA,120.7183,-25.9237,mineral deposit,Au,,Gold,Strickland Metals Ltd,Yilgarn Craton,,,,,Warakurna Large Igneous Province,,West Australian Element
449169,Eastman,,WA,126.561,-18.7104,mineral deposit,"Pb, Zn, Cu, Ag",,"Lead, Zinc, Copper, Silver",Navigator Resources Limited,,Proterozoic,,,,Kalkarindji Igneous Province,,King Leopold Orogen
449205,Zelica,Linden Project,WA,122.1749,-29.2168,historic mine,Au,,Gold,Exterra Resources Limited,Yilgarn Craton,Archean,,,,,,West Australian Element
449778,Yogi-Yalgoo,Yogi,WA,116.8186,-28.3417,under development,"Hem, Mag","FeOre, Fe","Hematite, (Iron ore, Magnetite, Iron)",Ferrowest Limited,Yilgarn Craton,,,,,,,West Australian Element
449807,Jack Hills,"Dead Goat Hill, Matthew Ridge, Taylor Range",WA,117.3504,-25.9531,mineral deposit,Fe,FeOre,"Iron, (Iron ore)","Sinosteel Midwest Corporation, Midwest Corporation Limited",Yilgarn Craton,,,,,Warakurna Large Igneous Province,,West Australian Element
449810,Beebyn,Weld Range,WA,117.8717,-26.8585,mineral deposit,"Fe, FeOre",,"Iron, Iron ore",Giralia Resources NL,Yilgarn Craton,,Volcanic basin hydrothermal,Volcanogenic,Algoma-type banded iron formation,Warakurna Large Igneous Province,,West Australian Element
449946,Exevale,Exevale Eastern Syncline Limb,QLD,148.231,-21.319,mineral deposit,Cbl,,Coal - black,Aquila Resources Limited,Bowen Basin,,,,,,Bowen Basin,Connors-Auburn Province
449947,Ironbark No.1,"Ellensfield, Ironbark No. 1",QLD,148.254,-21.762,operating mine,Cbl,,Coal - black,Fitzroy Mining Operations Pty Ltd,Bowen Basin,,,,,,Bowen Basin,Anakie Province
450333,Cyclone,,WA,128.7322,-28.8171,mineral deposit,"Zrn, Ilm, Rt","Leu, Zr","Zircon, Ilmenite, Rutile, (Leucoxene, Zirconium)","Perpetual Mining Holding Limited, Diatreme Resources Limited",,,Erosional,Placer,Heavy mineral sands,,Officer Basin,Central Australian Element
450342,Spotted Quoll,,WA,119.6778,-32.4782,care and maintenance,Ni,PGE,"Nickel, (Platinum group elements)",IGO Ltd,Yilgarn Craton,,Magmatic,Komatiite,Komatiite nickel-copper-PGE,,,West Australian Element
450406,Comstock,"Allisons, Balstrup Fault, Boss, Mathisons, Watsons",TAS,145.2824,-41.8919,historic mine,"Zn, Pb",Ag,"Zinc, Lead, (Silver)",Creat Resources Holdings Limited,Delamerian Orogen,Paleozoic,,,,,Thylacine Province,Delamerian Orogen
450408,Altia,,QLD,140.9665,-20.9881,mineral deposit,"Zn, Ag, Pb",,"Zinc, Silver, Lead",Minotaur Exploration Limited,Mount Isa Orogen,Proterozoic,Basin hydrothermal,Sediment-hosted,Siliciclastic-mafic zinc-lead,,Eromanga Basin,Soldiers Cap Domain
450416,Mariposa,,TAS,145.4021,-41.9085,mineral deposit,"Zn, Pb, Ag",,"Zinc, Lead, Silver",Creat Resources Holdings Limited,Delamerian Orogen,Paleozoic,,,,,Thylacine Province,Delamerian Orogen
451519,Atlas,,NSW,143.35,-33.8833,operating mine,"Rt, Zrn, Leu, Ilm, U",,"Rutile, Zircon, Leucoxene, Ilmenite, Uranium",Tronox Limited,Murray Basin,,Erosional,Placer,Heavy mineral sands,,Murray Basin,Stawell Zone
452068,Dawson-Hinkler Well,,WA,120.1833,-26.8833,mineral deposit,U,U3O8,"Uranium, (Uranium oxide)",Toro Energy Limited,,Cenozoic,,,,,Carey Paleovalley,West Australian Element
452102,Foresthome,"Develin Creek, Fitzroy, Rookwood Project, Scorpion, Sulphide City, Window",QLD,149.8218,-23.0293,mineral deposit,"Au, Cu, Zn, Ag",,"Gold, Copper, Zinc, Silver","Fitzroy Resources Limited, Icon Resources Ltd",New England Orogen,Paleozoic,,,,,,Yarrol Province
452145,Four Mile West,,SA,139.5,-30.15,operating mine,U,U3O8,"Uranium, (Uranium oxide)",Alliance Resources Limited,Callabonna Sub-basin,Cenozoic,,,,,Lake Eyre Basin,Curnamona Province
452151,Marchinbar Island,,NT,136.5971,-11.305,mineral deposit,"Bx, Al2O3",,"Bauxite, Alumina",Gulf Alumina Limited,,,,,,,Arafura Basin,Arnhem Province
452804,Ravensworth North,,NSW,150.997,-32.44,operating mine,Cbl,,Coal - black,Glencore Plc,Sydney Basin,,,,,,Sydney Basin,Eastern Province
452807,Cook (Glencore),,QLD,148.92,-23.67,mineral deposit,Cbl,,Coal - black,"QCoal Pty Ltd, Glencore Plc",Bowen Basin,,,,,,Bowen Basin,Anakie Province
452872,Bushranger,Racecourse,NSW,149.689,-33.8422,mineral deposit,"Cu, Au, Ag",,"Copper, Gold, Silver",Xtract Resources plc,Lachlan Orogen,Paleozoic,,,,,,Eastern Province
452874,Anthill,Buckley River Project,QLD,139.1151,-20.2505,operating mine,Cu,Mg,"Copper, (Magnesium)",Austral Resources,Mount Isa Orogen,Proterozoic,,,,,,Sybella Domain
453614,Magic (HMS),,NSW,141.35,-32.8833,mineral deposit,"Ilm, Zrn, Rt, Leu",,"Ilmenite, Zircon, Rutile, Leucoxene",RZ Resources Limited,Murray Basin,,,,,,Murray Basin,Delamerian Orogen
453889,Pardoo-Highway,,WA,119.5475,-20.2739,mineral deposit,"Ni, Co, Cu, S",,"Nickel, Cobalt, Copper, Sulphur",Mantle Minerals Ltd,Pilbara Craton,Archean,,,,,,Pilbara Craton
453896,The Horn (Ni Cu PGE),Horn,WA,120.9166,-28.1674,mineral deposit,"Ni, Cu, PGE",,"Nickel, Copper, Platinum group elements",Future Battery Minerals Ltd,"Yilgarn Craton, Eastern Goldfields Province",Archean,,,,,,West Australian Element
453917,Jump-up Dam,Yerilla,WA,122.0667,-29.5667,mineral deposit,"Co, Ni",,"Cobalt, Nickel",Heron Resources Limited,Yilgarn Craton,,,,,,Raeside Paleovalley,West Australian Element
453919,Boyce Creek,Yerilla,WA,121.9333,-29.5333,mineral deposit,"Ni, Co",,"Nickel, Cobalt",Heron Resources Limited,Yilgarn Craton,,,,,,,West Australian Element
558349,Turn of the Tide (tenement),Reedy's Project,WA,118.3428,-27.0998,historic mine,Au,,Gold,"Metals X Limited, Reed Resources Limited",Yilgarn Craton,Archean,,,,Warakurna Large Igneous Province,,West Australian Element
558351,Callisto,Reedy's Project,WA,118.2873,-27.0867,operating mine,Au,,Gold,"Metals X Limited, Reed Resources Limited",Yilgarn Craton,Archean,,,,Warakurna Large Igneous Province,,West Australian Element
558353,RL9,Reedy's Project,WA,118.2821,-27.0935,mineral deposit,Au,,Gold,"Metals X Limited, Reed Resources Limited",Yilgarn Craton,Archean,,,,Warakurna Large Igneous Province,,West Australian Element
558355,Wilpeena,,QLD,149.5,-23.33,mineral deposit,Cbl,,Coal - black,Aquila Resources Limited,Bowen Basin,,,,,,Bowen Basin,Connors-Auburn Province
558787,Walton,Rangals,QLD,149.2167,-23.6,mineral deposit,Cbl,,Coal - black,Baosteel Group Corp,Bowen Basin,,,,,,Bowen Basin,Anakie Province
558791,Bendoba,Injune,QLD,148.4167,-25.9333,mineral deposit,Cbl,,Coal - black,"Aurizon Holdings Ltd, China Baowu Steel Group, Baosteel Group Corp",Surat Basin,,,,,,Surat Basin,Thomson Orogen
558794,Cornwall,Blackwood No. 4,TAS,148.1333,-41.55,operating mine,Cbl,,Coal - black,Cornwall Coal Company NL,Tasmania Basin,,,,,,Tasmania Basin,Melbourne-Mathinna Zone
558798,Restdown,"Good Friday, Restdown JV, Sunrise",NSW,146.2277,-31.7402,mineral deposit,"Zn, Pb","Au, Cu","Zinc, Lead, (Gold, Copper)","Glencore Xstrata plc, Helix Resources Limited",Lachlan Orogen,,,,,,,Central NSW - Omeo Province
558868,Sandy Creek,Former Muswellbrook Underground mine,NSW,150.9038,-32.1557,mineral deposit,Cbl,,Coal - black,Muswellbrook Coal Company,Sydney Basin,,,,,,Sydney Basin,Eastern Province
558873,Governor Broome,,WA,115.4102,-34.2488,mineral deposit,"Ilm, Zrn, Xen","Rt, Leu","Ilmenite, Zircon, (Rutile, Xenotime, Leucoxene)",Astute Metals NL,,,Erosional,Placer,Heavy mineral sands,,Bunbury Trough,Pinjarra Orogen
558876,Lakeside Uranium,Lake Austin,WA,117.44,-27.73,mineral deposit,"U, U3O8",,"Uranium, Uranium oxide",Energy Metals Limited,,,,,,,,West Australian Element
558879,Carina Yilgarn Iron ( Polaris-Mineral Resources)),,WA,119.9987,-30.4564,closed,"Fe, FeOre",,"Iron, Iron ore",Mineral Resources,Yilgarn Craton,,,,,,,West Australian Element
558881,Gingin South,,WA,115.921,-31.3999,mineral deposit,"Zrn, Ilm, Rt, Xen","Grt, Leu","Zircon, Ilmenite, Rutile, (Garnet, Xenotime, Leucoxene)",Image Resources NL,,,Erosional,Placer,Heavy mineral sands,,Beermullah Trough,Pinjarra Orogen
558884,Boonanarring,,WA,115.8346,-31.2237,closed,"Zrn, Ilm","Rt, Leu","Zircon, Ilmenite, (Rutile, Leucoxene)",Image Resources NL,,,Erosional,Placer,Heavy mineral sands,,Beermullah Trough,Pinjarra Orogen
558900,Gingin North,,WA,115.861,-31.289,mineral deposit,"Ilm, Zrn, Rt","Grt, Leu","Ilmenite, Zircon, Rutile, (Garnet, Leucoxene)",Image Resources NL,,,Erosional,Placer,Heavy mineral sands,,Beermullah Trough,Pinjarra Orogen
558902,Red Gully,,WA,115.7348,-31.0413,mineral deposit,"Zrn, Ilm, REO, Mnz, Grt, Th","Rt, Leu","Zircon, Ilmenite, (Rutile, Rare earth oxides, Monazite, Garnet, Thorium, Leucoxene)",Image Resources NL,,,Erosional,Placer,Heavy mineral sands,,Beermullah Trough,Pinjarra Orogen
558907,Welcome - Baxter,Mt Magnet Project,WA,117.8346,-27.9553,historic mine,Au,,Gold,Ramelius Resources Limited,Yilgarn Craton,Archean,,,,,,West Australian Element
558909,Souvenir Group,Mt Magnet Project,WA,117.8301,-27.9618,historic mine,Au,,Gold,Ramelius Resources Limited,Yilgarn Craton,Archean,,,,,,West Australian Element
558911,Eastern Jaspilite,Mt Magnet Project,WA,117.8282,-27.9826,historic mine,Au,,Gold,Ramelius Resources Limited,Yilgarn Craton,Archean,,,,,,West Australian Element
558913,Spearmont - Galtee,Mt Magnet Project,WA,117.8311,-28.0102,historic mine,Au,,Gold,Ramelius Resources Limited,Yilgarn Craton,Archean,,,,,,West Australian Element
558916,Hesperus,Mt Magnet Project,WA,117.8026,-28.0438,historic mine,Au,,Gold,Ramelius Resources Limited,Yilgarn Craton,Archean,,,,,,West Australian Element
558921,Boomer,Mt Magnet Project,WA,117.8081,-28.0542,historic mine,Au,,Gold,Ramelius Resources Limited,Yilgarn Craton,Archean,,,,,,West Australian Element
558923,O'Meara Group,Mt Magnet Project,WA,117.7815,-28.0683,historic mine,Au,,Gold,Ramelius Resources Limited,Yilgarn Craton,Archean,,,,,,West Australian Element
558925,Hill 60,Mt Magnet Project,WA,117.8336,-28.072,operating mine,Au,,Gold,Ramelius Resources Limited,Yilgarn Craton,Archean,,,,,,West Australian Element
558927,Lone Pine,Mt Magnet Project,WA,117.778,-28.0752,historic mine,Au,,Gold,Ramelius Resources Limited,Yilgarn Craton,Archean,,,,,,West Australian Element
558945,Hill 50 - Galaxy Pits,Mt Magnet Project,WA,117.7955,-28.0352,mineral deposit,Au,,Gold,Ramelius Resources Limited,Yilgarn Craton,Archean,,,,,,West Australian Element
558948,Sandstone,Sandstone Project,WA,119.2569,-28.0943,mineral deposit,Au,,Gold,"Alto Metals Ltd, Southern Cross Goldfields Limited, Troy Resources NL",Yilgarn Craton,Archean,,,,,,West Australian Element
558971,Burnett,,WA,121.648,-31.5698,mineral deposit,Ni,"Co, Cu","Nickel, (Cobalt, Copper)",MIncor Resources NL,Yilgarn Craton,,,,,,Lefroy Paleovalley,West Australian Element
559010,Reedy Creek Project,,VIC,145.0932,-37.3212,historic mine,"Au, Sn",,"Gold, Tin",Beadell Resources Limited,Lachlan Orogen,,Erosional,Placer,Fluvial placer gold,,Selwyn Province,Melbourne-Mathinna Zone
559013,Eureka - Walhalla,,VIC,146.4697,-37.951,historic mine,Au,,Gold,"Centennial Mining Ltd, Orion Gold NL",Lachlan Orogen,,,,,,Selwyn Province,Melbourne-Mathinna Zone
559014,Tubal Cain,,VIC,146.4626,-37.9147,historic mine,Au,,Gold,"Centennial Mining Ltd, Orion Gold NL",Lachlan Orogen,,,,,,Selwyn Province,Melbourne-Mathinna Zone
559016,Lakeside,,TAS,145.6139,-41.7637,historic mine,"Au, Cu, Ag, Sn",,"Gold, Copper, Silver, Tin",Unity Mining Limited,Delamerian Orogen,,Magmatic hydrothermal,,,,Thylacine Province,Delamerian Orogen
559020,Slance,Ewen,QLD,139.5907,-19.9095,mineral deposit,"U3O8, U",,"Uranium oxide, Uranium",Deep Yellow Limited,Mount Isa Orogen,,,,,,,Leichhardt River Domain
637308,Montagne,,WA,123.636,-28.1057,mineral deposit,Au,,Gold,Gold Road Resources Limited,Yamarna Terrane,,Metamorphic hydrothermal,Orogenic,Mesozonal orogenic gold,,Wells Paleovalley,West Australian Element
637310,YAM14,,WA,123.9017,-28.0718,mineral deposit,Au,,Gold,Gold Road Resources Limited,,,,,,,,West Australian Element
637312,Orleans,,WA,123.6501,-28.1319,mineral deposit,Au,,Gold,Gold Road Resources Limited,Yamarna Terrane,,Metamorphic hydrothermal,Orogenic,Mesozonal orogenic gold,,,West Australian Element
637314,Golden Highway,,WA,123.65,-28.1319,mineral deposit,Au,,Gold,Gold Road Resources Limited,,,,,,,,West Australian Element
641033,McLeay + Victor South combined,,WA,121.68,-31.184,care and maintenance,Ni,,Nickel,"MIncor Resources NL, Independence Group NL",,,,,,,,West Australian Element
641040,Mount Edwards 26N,,WA,121.539,-31.4559,mineral deposit,Ni,,Nickel,Widgie Nickel Ltd,,,,,,,,West Australian Element
641042,Armstrong,,WA,121.539,-31.4559,mineral deposit,Ni,,Nickel,WIN Metals Ltd,,,,,,,,West Australian Element
641050,Pacific Highway,,NSW,152.7904,-31.5205,mineral deposit,Ni,"Co, Sc","Nickel, (Cobalt, Scandium)",Tyranna Resources Limited,,,,,,,,New England Orogen
641057,Quicksilver,,WA,118.6678,-32.7435,mineral deposit,"Ni, Co",,"Nickel, Cobalt",Golden Mile Resources Ltd,,,,,,,,West Australian Element
641082,Wirraminna OP,,WA,119.2473,-28.0902,under development,Au,,Gold,Aurumin Limited,,,,,,,,West Australian Element
641085,Sinclair Nickel,,WA,120.8645,-28.3741,mineral deposit,Ni,,Nickel,Northern Star Resources Limited,,,,,,,Raeside Paleovalley,West Australian Element
641139,Paulsens East Iron (Strike Resources),,WA,116.3416,-22.564,operating mine,"FeOre, Hem, Fe",Mag,"Iron ore, Hematite, Iron, (Magnetite)",Miracle Iron Holdings Pty Ltd,,,,,,Warakurna Large Igneous Province,Ashburton Basin,Pilbara Craton
643110,Lilyvale,,QLD,148.28,-23.36,mineral deposit,"Cbl, Coal",,"Coal - black, Coal - undifferentiated","Stanmore Coal Limited, Bowen Coking Coal Ltd",Bowen Basin,,,,,,Bowen Basin,Anakie Province
644661,Feysville,,WA,121.5276,-30.906,mineral deposit,Au,,Gold,Astral Resources NL,,,,,,,,West Australian Element
644663,Paterson,Wilki Project,WA,122.0625,-21.6413,mineral deposit,Au,Cu,"Gold, (Copper)","Antipa Minerals Limited, Newcrest Mining Limited",,,,,,Kalkarindji Igneous Province,Yeneena Basin,Paterson Orogen
644666,Gimlet,,WA,121.3753,-30.6828,mineral deposit,Au,,Gold,First Au Ltd,,,Metamorphic hydrothermal,Orogenic,Mesozonal orogenic gold,,Roe Paleovalley,West Australian Element
644670,George's Reward,,WA,121.764,-30.8152,mineral deposit,Au,,Gold,Northern Star Resources Limited,,,,,,,,West Australian Element
644672,Ophir,,WA,121.256,-30.3103,historic mine,Au,,Gold,Genesis Minerals Ltd,,,,,,,,West Australian Element
644904,Queen Margaret,,WA,121.7756,-30.7509,mineral deposit,Au,,Gold,Black Cat Syndicate ltd,,,,,,,,West Australian Element
644907,Melbourne United,,WA,121.872,-30.7846,mineral deposit,Au,,Gold,Black Cat Syndicate ltd,,,,,,,,West Australian Element
644915,Collerina,"Gwinear, Widgelands South",NSW,147.04,-32.012,mineral deposit,Cu,Au,"Copper, (Gold)",Helix Resources Limited,,,,,,,,Central NSW - Omeo Province
644917,Joyners Find Au,,WA,119.9518,-26.7885,mineral deposit,Au,,Gold,Western Gold Resources Ltd,,,,,,,,West Australian Element
644919,Emu,,WA,119.9564,-26.7398,mineral deposit,Au,,Gold,"GWR Group Ltd, Blackham Resources Limited",,,,,,,,West Australian Element
644948,Boundary,,WA,121.7881,-30.7148,mineral deposit,Au,,Gold,Black Cat Syndicate ltd,,,,,,,,West Australian Element
644951,Trump,,WA,121.7736,-30.7287,mineral deposit,Au,,Gold,Black Cat Syndicate ltd,,,,,,,,West Australian Element
644954,Myhree,,WA,121.7753,-30.7291,mineral deposit,Au,,Gold,Black Cat Syndicate ltd,,,,,,,,West Australian Element
644957,Mount Marven,,WA,122.0772,-28.765,mineral deposit,Au,,Gold,Dacian Gold Limited,,,,,,,,West Australian Element
644959,Phoenix Ridge,,WA,122.0772,-28.765,mineral deposit,Au,,Gold,Dacian Gold Limited,,,,,,,,West Australian Element
644991,Renegade,,WA,123.5716,-27.949,mineral deposit,Au,,Gold,Gold Road Resources Limited,,,,,,,Wells Paleovalley,West Australian Element
644993,Gilmour,,WA,123.878,-28.0106,mineral deposit,Au,,Gold,Gold Road Resources Limited,,,,,,,,West Australian Element
644997,Binduli North,,WA,147.5061,-43.0201,mineral deposit,Au,,Gold,Horizon Minerals Ltd.,,,,,,,Thylacine Province,Delamerian Orogen
645004,Wallbrook (Nexus),,WA,122.3151,-29.8684,mineral deposit,Au,,Gold,Nexus Minerals Ltd,,Archean,,,,,,West Australian Element
645007,Laverton Links,"East Laverton, Lake Hope Campbell, Lake Rason",WA,124.2015,-28.6713,mineral deposit,"K, K2SO4, K2O",,"Potassium, Potassium sulfate, Potash",Trigg Mining Limited,,,,,,,Carey Paleovalley,West Australian Element
645009,Ashburton,,WA,117.908,-23.425,historic mine,Au,,Gold,De Grey Mining Limited,,,,,,Warakurna Large Igneous Province,Ashburton Basin,Pilbara Craton
645034,Galaxy Group,,WA,117.8141,-28.029,mineral deposit,Au,,Gold,Ramelius Resources Limited,,,,,,,,West Australian Element
645035,Eridanus,,WA,117.7817,-28.0749,operating mine,Au,,Gold,Ramelius Resources Limited,,,,,,,,West Australian Element
645038,Bulgera Project,,WA,119.8234,-25.11,mineral deposit,Au,,Gold,Norwest Minerals Ltd,,,,,,Warakurna Large Igneous Province,,Marymia Dome
645040,Symes,,WA,119.066,-31.8158,mineral deposit,Au,,Gold,Ramelius Resources Limited,,,,,,,,West Australian Element
809923,Tenth Legion,,TAS,145.255,-41.889,mineral deposit,,,,Australian Hualong Pty Ltd,,,,,,,Thylacine Province,Delamerian Orogen
815731,Gonneville,,WA,116.2102,-31.5216,mineral deposit,"Cu, Pt, Au, Co, Ni, Pd",,"Copper, Platinum, Gold, Cobalt, Nickel, Palladium",Chalice Mining Ltd,,,,,,,,West Australian Element
815836,Enterprise Mine 3000 & 3500 Orebodies,,QLD,139.4782,-20.725,operating mine,"Cu, Co",,"Copper, Cobalt",Glencore Plc,,,,,,,,Leichhardt River Domain
815838,Black Rock Cave,,QLD,139.4783,-20.7434,care and maintenance,Cu,,Copper,Glencore Plc,,,,,,,,Leichhardt River Domain
815841,Dendrobium,Wongawilli Seam,NSW,150.76,-34.3769,operating mine,Cbl,,Coal - black,GM3,Sydney Basin,,,,,,Sydney Basin,Eastern Province
816354,Wirlong,,NSW,146.2112,-32.1413,mineral deposit,"Cu, Ag",,"Copper, Silver",Peel Mining Limited,,,,,,,Cobar Basin,Central NSW - Omeo Province
817344,Karonie (Alchemy Resources Ltd),,,122.561,-31.0337,mineral deposit,Au,,Gold,Alchemy Resources Limited,,,,,,,,West Australian Element
817822,Hemi,,,118.4277,-20.8634,mineral deposit,Au,,Gold,De Grey Mining Limited,Pilbara Craton,,Magmatic hydrothermal,Intrusion-related,,Warakurna Large Igneous Province,,Pilbara Craton
858464,Applecross,,,116.7587,-28.1822,mineral deposit,Au,,Gold,Spartan Resources Ltd,,,,,,,,West Australian Element
858486,Mount Rosey (HPA),Lava Plains,,144.7589,-18.4375,mineral deposit,HPA,,Alumina - High Purity,Lava Blue Pty Ltd,,,,,,,,Thomson Orogen
858490,Meckering Kaolin (HPA),,,116.9804,-31.6238,mineral deposit,HPA,,Alumina - High Purity,Altech Chemicals Ltd,,,,,,,Mortlock Paleovalley,West Australian Element
858492,Great White (HPA),,,134.7393,-32.8286,mineral deposit,HPA,,Alumina - High Purity,Andromeda Metals Ltd,,,,,,,Eucla Basin,South Australian Element
858495,Mount Hope (HPA),,,135.384,-34.133,mineral deposit,HPA,,Alumina - High Purity,Andromeda Metals Ltd,,,,,,,Eucla Basin,South Australian Element
858497,Cadoux,,,117.1801,-30.6814,mineral deposit,HPA,,Alumina - High Purity,Cadoux Limited,,,,,,,,West Australian Element
858499,Tampu (HPA),,,117.8105,-30.2232,mineral deposit,HPA,,Alumina - High Purity,Corella Resources Ltd,,,,,,,,West Australian Element
858501,Yendon (HPA),,,144.0342,-37.6776,care and maintenance,HPA,,Alumina - High Purity,Peak Minerals Ltd,,,,,,,,Bendigo Zone
858503,Abercorn (HPA),,,151.1312,-25.1351,mineral deposit,HPA,,Alumina - High Purity,Zeotech Ltd,,,,,,,Mulgildie Basin,Yarrol Province
859611,Havieron,,,122.6693,-21.7204,mineral deposit,"Au, Cu",,"Gold, Copper",Greatland Pty Ltd,"Paterson Orogen, Yeneena Basin",,Magmatic hydrothermal,Skarn,Skarn gold ± copper ± tungsten,Kalkarindji Igneous Province,Canning Basin,Paterson Orogen
859635,Wateranga,,,151.8362,-25.3171,mineral deposit,"Ti, Ilm, P2O5","Sc, TiO2","Titanium, Ilmenite, Phosphorus oxide, (Scandium, Titanium dioxide)",High Titanium Resources & Technology Limited,New England Orogen,,,,,,,New England Orogen
859957,West Jordan,,,120.4361,-27.0167,mineral deposit,Ni,,Nickel,BHP Group Limited,Yilgarn Craton,Archean,,,,,,West Australian Element
860006,Silver Knight,"Rockford, Widowmaker",,123.441,-31.5915,mineral deposit,"Ni, Cu, Co",,"Nickel, Copper, Cobalt",IGO Ltd,Albany-Fraser Orogen,Mesoproterozoic,,,,,,Fraser Zone
860080,Carosue Dam,,,122.35,-30.12,operating mine,Au,,Gold,Northern Star Resources Limited,,,,,,,,West Australian Element
860230,Mount Slopeaway,,,149.8344,-22.8348,mineral deposit,"Ni, Co",Mn,"Nickel, Cobalt, (Manganese)",Firetail Resources Ltd,,,,,,,,New England Orogen
860232,Constellation,,,147.0252,-31.0141,mineral deposit,Cu,"Au, Ag","Copper, (Gold, Silver)",Aeris Resources Limited,,,,,,,,Central NSW - Omeo Province
860237,Mount Thirsty Sill,Norseman,,121.6444,-32.0957,mineral deposit,"Co, Ni",Mn,"Cobalt, Nickel, (Manganese)",Galileo Mining Ltd,,,,,,,,West Australian Element
860239,Mission Sill,,,121.6646,-32.2016,mineral deposit,"Ni, Mn",Co,"Nickel, Manganese, (Cobalt)",Galileo Mining Ltd,,,,,,,,West Australian Element
860500,Red dam,,,143.702,-17.9326,mineral deposit,"Ag, Au",,"Silver, Gold",Savannah Goldfields Limited,,,,,,,Etheridge Province,North Australian Element
860522,Achilles North (Airport),,,119.5424,-27.4133,mineral deposit,Au,,Gold,Brightstar Resources Ltd,,,,,,,,West Australian Element
860612,Cannonball,,,121.5537,-26.8035,mineral deposit,Ni,PGE,"Nickel, (Platinum group elements)",Cannon Resources Ltd,,,,,,,Carnegie Paleovalley,West Australian Element
860614,Sabre,,,121.585,-26.8654,mineral deposit,Ni,PGE,"Nickel, (Platinum group elements)",Cannon Resources Ltd,,,,,,,,West Australian Element
860622,Goblin,,,121.6399,-32.1241,mineral deposit,"Co, Ni",Mn,"Cobalt, Nickel, (Manganese)",Galileo Mining Ltd,,,,,,,,West Australian Element
861323,Galalar,,,145.2779,-15.317,mineral deposit,"Sisd, HPSi",,"Silica sand, Silica - High Purity",Diatreme Resources Limited,Hodgkinson Province,,,,,,,Mossman Orogen
861325,Si2 North,Northern Resource Project,,145.2,-15.0,mineral deposit,"HPSi, Sisd",,"Silica - High Purity, Silica sand",Diatreme Resources Limited,Hodgkinson Province,,,,,,,Mossman Orogen
865328,John Ellis,,,120.2845,-33.5892,mineral deposit,Ni,Co,"Nickel, (Cobalt)",NickelSearch Ltd,,,,,,,,Northern Foreland
865404,Monument,,,121.965,-28.64,mineral deposit,Au,,Gold,SI6 Metals,,,,,,,,West Australian Element
865410,Stawell Corridor,,,142.93,-37.35,mineral deposit,Au,,Gold,Navarre Minerals Limited,,,,,,,,Stawell Zone
865412,Walhalla North,,,120.6495,-30.148,mineral deposit,Au,,Gold,Ora Banda Mining Ltd,,,,,,,,West Australian Element
865421,British Lion,,,120.5665,-29.7572,mineral deposit,Au,,Gold,Ora Banda Mining Ltd,,,,,,,,West Australian Element
865423,Macedon,,,120.6517,-30.1565,mineral deposit,Au,,Gold,Ora Banda Mining Ltd,,,,,,,,West Australian Element
865427,Maguires (Old Prospect),,,117.7749,-27.003,mineral deposit,Au,,Gold,Ozz Resources Ltd,,,,,,Warakurna Large Igneous Province,,West Australian Element
335945,Mount Ida Project,Mount Ida Project,WA,120.479,-29.097,historic mine,Au,,Gold,Ora Banda Mining Ltd,"Yilgarn Craton, Eastern Goldfields Province, Kalgoorlie Gold Metallogenic Province",Archean,,,,,,West Australian Element
335954,Goondicum,Monto,QLD,151.4339,-24.8557,closed,"Ilm, Ti, P2O5, Mag","Fel, Ap","Ilmenite, Titanium, Phosphorus oxide, (Feldspar, Magnetite, Apatite)",Monto Minerals NL,New England Orogen,,Magmatic,Ultramafic and (or) mafic-layered intrusion,U-M layered intrusion iron-titanium-vanadium,,,New England Orogen
335956,Redoubtable,St Ives Project,WA,121.6938,-31.2312,historic mine,Au,,Gold,Gold Fields Limited,"Yilgarn Craton, Kalgoorlie Gold Metallogenic Province, Norseman-Wiluna Belt",Archean,,,,,Lefroy Paleovalley,West Australian Element
335959,Cangai,Jackaderry,NSW,152.4897,-29.5001,mineral deposit,"Cu, Au, Co, Zn, Ag",,"Copper, Gold, Cobalt, Zinc, Silver",Infinity Mining,New England Orogen,Paleozoic,,,,,,New England Orogen
335961,Bailey Island South,Nannine Project,WA,118.3523,-26.916,historic mine,Au,,Gold,Reed Resources Limited,Yilgarn Craton,Archean,,,,Warakurna Large Igneous Province,Hope Paleovalley,West Australian Element
335962,Mount Lyell,"Mt Lyell, Prince Lyell, Western Tharsis",TAS,145.5855,-42.061,care and maintenance,Cu,"Ag, Au","Copper, (Silver, Gold)",Sibanye Stillwater,"Delamerian Orogen, Dundas Trough, Mount Read Igneous Province",,Volcanic basin hydrothermal,Volcanogenic massive sulfide (VMS),Bimodal-mafic VMS,,Thylacine Province,Delamerian Orogen
335967,Chain Valley,,NSW,151.55,-33.1631,operating mine,Cbl,,Coal - black,"Delta Coal, LD Operations, LakeCoal Pty Ltd",Sydney Basin,,,,,,Sydney Basin,Eastern Province
335968,Running Stream,,NSW,149.93,-33.0369,mineral deposit,Cbl,,Coal - black,Glencore Plc,Sydney Basin,,,,,,Sydney Basin,Eastern Province
335972,Dalmayne,,TAS,148.2338,-41.6632,mineral deposit,Cbl,,Coal - black,Ind & Mining Investigations,Tasmania Basin,,,,,,Tasmania Basin,Melbourne-Mathinna Zone
335973,Brunswick South,Costerfield Project,VIC,144.7916,-36.8885,mineral deposit,"Au, Sb",,"Gold, Antimony",Mandalay Resources Corporation,Lachlan Orogen,,,,,,Selwyn Province,Melbourne-Mathinna Zone
335975,Monto,,QLD,151.1343,-24.9619,mineral deposit,Cbl,,Coal - black,"Noble Group, Peabody Energy Corp., Unnamed Owner, Macarthur Coal",Mulgildie Basin,Mesozoic,,,,,Mulgildie Basin,Yarrol Province
335978,Fort William,Binduli Project,WA,121.3841,-30.7887,historic mine,Au,,Gold,"Zijin Mining Group Company Ltd, Norton Gold Fields Limited",Yilgarn Craton,Archean,,,,,,West Australian Element
335982,Charlie,Mulline Area Project,WA,120.5221,-29.8093,historic mine,Au,,Gold,Swan Gold Mining Limited,Yilgarn Craton,Archean,,,,,,West Australian Element
335985,Tinto-Too,,QLD,145.1164,-17.4091,mineral deposit,"Pb, Ag, Zn, Sn",,"Lead, Silver, Zinc, Tin",Rio Tinto Limited,Mossman Orogen,Paleozoic,,,,,,Mossman Orogen
335988,Camp,Gidgee Project,WA,119.3793,-26.8494,historic mine,Au,,Gold,Horizon Gold Limited,Yilgarn Craton,Archean,,,,,,West Australian Element
335992,Woodbury,,TAS,147.4614,-42.1674,mineral deposit,Cbl,,Coal - black,Energy Investments Pty Ltd,Tasmania Basin,,,,,,Tasmania Basin,Delamerian Orogen
335993,Abundance,,WA,121.1018,-31.0364,mineral deposit,Au,,Gold,Austminex,"Yilgarn Craton, Eastern Goldfields Province",Archean,,,,,,West Australian Element
335994,Mineral Hill,"Parkers Hill, Pearse",NSW,146.9871,-32.5755,operating mine,"Au, Cu, Pb, Zn",Ag,"Gold, Copper, Lead, Zinc, (Silver)",Kingston Resources Ltd,"Lachlan Orogen, Lachlan Orogen, Cobar Basin, Mineral Hill Metallogenic Province",,Magmatic hydrothermal,Epithermal,Low-sulfidation (LS) epithermal gold-silver,,Canbelego - Mineral Hill Rift Zone,Central NSW - Omeo Province
335995,Commodore,Millmerran,QLD,151.2791,-27.9303,operating mine,Cbl,,Coal - black,"Marubeni Corporation, InterGen Australia, Huaneng Power International",Clarence-Moreton Basin,,,,,,Clarence-Moreton Basin,New England Orogen
336000,McEwen/Hangingwall (formerly Mount Edwards 360n),,WA,121.5185,-31.4023,mineral deposit,Ni,,Nickel,Widgie Nickel Ltd,"Yilgarn Craton, Eastern Goldfields Province, Kambalda Nickel Metallogenic Province",Archean,Magmatic,Komatiite,Komatiite nickel-copper-PGE,,,West Australian Element
336001,Salmon Gums,O'Sullivans,WA,121.4157,-32.8437,mineral deposit,Cbr,,Coal - brown,Spitfire Oil Pty Ltd,Eucla Basin,Cenozoic,,,,,Cowan Paleovalley,West Australian Element
336002,Golden Cities,Golden Cities Project,WA,121.3967,-30.4072,operating mine,Au,,Gold,"Zijin Mining Group Company Ltd, Norton Gold Fields Limited","Yilgarn Craton, Eastern Goldfields Province, Kalgoorlie Gold Metallogenic Province",Archean,,,,,,West Australian Element
336005,Balmoral Central  (Sino Iron),"Fortescue, George Palmer",WA,116.1474,-21.0796,operating mine,"Fe, FeOre",,"Iron, Iron ore","CITIC Pacific Ltd, Citic Pacific Mining",Pilbara Craton,,,,,Warakurna Large Igneous Province,Hamersley Basin,Pilbara Craton
336006,Kemerton,,WA,115.7441,-33.1781,mineral deposit,"Ilm, Zrn",Rt,"Ilmenite, Zircon, (Rutile)",Tronox Limited,,,Erosional,Placer,Heavy mineral sands,,Bunbury Trough,Pinjarra Orogen
336007,FCL1,Burnakura Project,WA,118.4313,-27.1022,mineral deposit,Au,,Gold,"Monument Mining Limited, Kentor Gold Limited","Yilgarn Craton, Murchison Province",Archean,,,,Warakurna Large Igneous Province,,West Australian Element
336009,Aberfoyle,,TAS,147.7519,-41.6526,historic mine,WO3,"Sn, W","Tungsten trioxide (wolframite), (Tin, Tungsten)",TinOne Resources Ltd,"Lachlan Orogen, Lachlan Orogen",,Magmatic hydrothermal,Greisen,Greisen tin ± W-Mo,,,Melbourne-Mathinna Zone
336012,Cosmo Howley,"Burnside Project, Cosmopolitan Howley",NT,131.3761,-13.5369,care and maintenance,Au,,Gold,"Newmarket Gold Inc, Crocodile Gold Corporation","Pine Creek Orogen, Mount Todd Gold Metallogenic Province",Paleoproterozoic,,,,,,Pine Creek Orogen
336013,Cosmopoliton - Kookynie,South Kookynie Project,WA,121.4958,-29.3344,historic mine,Au,,Gold,Nex Metals Explorations Limited,"Yilgarn Craton, Eastern Goldfields Province",Archean,,,,,,West Australian Element
463685,Kokomo,,QLD,145.1712,-18.5525,mineral deposit,"Ni, Co, Mgs, Mg","Pt, Sc","Nickel, Cobalt, (Platinum, Magnesite, Magnesium, Scandium)",Australian Mines Ltd,Thomson Orogen,,Supergene,Laterite,Laterite nickel,,,Mossman Orogen
463712,Stockwell,,WA,121.7648,-31.5832,mineral deposit,Ni,"Co, Cu","Nickel, (Cobalt, Copper)",MIncor Resources NL,Yilgarn Craton,,,,,,,West Australian Element
463714,Bluebush,Bundarra Gold Project,WA,121.1818,-28.3583,mineral deposit,Au,,Gold,"SR Mining Pty Ltd, Bligh Resources Limited, Terrain Minerals Limited",Yilgarn Craton,Archean,,,,,,West Australian Element
559021,Binjour,Sunrise Project,QLD,151.5,-25.5,under development,Bx,Al2O3,"Bauxite, (Alumina)",Australian Bauxite Limited,,,Supergene,Laterite,Bauxite,,,New England Orogen
559036,Bindi Bindi Hill,Butcherbird Project,WA,119.6179,-24.3984,mineral deposit,MnOre,Mn,"Manganese ore, (Manganese)",Montezuma Mining Limited,Collier Basin,,,,,Warakurna Large Igneous Province,Collier Basin,West Australian Element
559039,Budgie Hill,Butcherbird Project,WA,119.7582,-24.3295,mineral deposit,MnOre,Mn,"Manganese ore, (Manganese)",Montezuma Mining Limited,Collier Basin,,,,,Warakurna Large Igneous Province,Collier Basin,West Australian Element
559042,Cadgies Flats,Butcherbird Project,WA,119.6344,-24.3589,mineral deposit,MnOre,Mn,"Manganese ore, (Manganese)",Montezuma Mining Limited,Collier Basin,,,,,Warakurna Large Igneous Province,Collier Basin,West Australian Element
559045,Coodamudgi,Butcherbird Project,WA,119.6921,-24.3998,mineral deposit,Mn,,Manganese,Montezuma Mining Limited,Collier Basin,,,,,Warakurna Large Igneous Province,Collier Basin,West Australian Element
559048,Beavis Alluvial Project,Avoca Project,VIC,143.3989,-37.0483,historic mine,Au,,Gold,GBM Gold Limited,Lachlan Orogen,,,,,,,Stawell Zone
559050,Ilgarrarie Ridge,"Butcherbird Project, Ilgararie Ridge",WA,119.6987,-24.3506,mineral deposit,Mn,,Manganese,Montezuma Mining Limited,Collier Basin,,,,,Warakurna Large Igneous Province,Collier Basin,West Australian Element
559051,Maxwells - Inglewood,Inglewood Project,VIC,143.868,-36.552,closed,Au,,Gold,GBM Gold Limited,Lachlan Orogen,,,,,,,Bendigo Zone
559056,Mundawindi,Butcherbird Project,WA,119.7382,-24.4013,mineral deposit,Mn,,Manganese,Montezuma Mining Limited,Collier Basin,,,,,Warakurna Large Igneous Province,Collier Basin,West Australian Element
559059,Richies Find,Butcherbird Project,WA,119.6812,-24.4107,mineral deposit,Mn,,Manganese,Montezuma Mining Limited,Collier Basin,,,,,Warakurna Large Igneous Province,Collier Basin,West Australian Element
559071,Cominsky Reef - Inglewood,"Comiskeys Reef, Inglewood Project",VIC,143.865,-36.5486,historic mine,Au,,Gold,GBM Gold Limited,Lachlan Orogen,,,,,,,Bendigo Zone
559073,South Gordon,Inglewood Project,VIC,143.8526,-36.5541,historic mine,Au,,Gold,GBM Gold Limited,Lachlan Orogen,,,,,,,Bendigo Zone
559078,Citation,,QLD,139.4329,-20.6735,mineral deposit,"U3O8, U",,"Uranium oxide, Uranium",Deep Yellow Limited,Mount Isa Orogen,,Regional metasomatic,Alkali-calcic,Albitite-hosted uranium,,,Leichhardt River Domain
559084,Eldorado North,also referred to as Eldorado,QLD,139.4399,-20.6979,mineral deposit,"U3O8, U",,"Uranium oxide, Uranium",Deep Yellow Limited,Mount Isa Orogen,,Regional metasomatic,Alkali-calcic,Albitite-hosted uranium,,,Leichhardt River Domain
559087,Costerfield Project,Costrefield Project,VIC,144.8015,-36.8957,operating mine,Au,Sb,"Gold, (Antimony)",Mandalay Resources Corporation,"Lachlan Orogen, Melbourne-Mathinna Zone",,Metamorphic hydrothermal,Orogenic,Epizonal orogenic antimony ± gold,,Selwyn Province,Melbourne-Mathinna Zone
559097,Western Tharsis,,TAS,145.5798,-42.0507,historic mine,"Cu, Ag, Au",,"Copper, Silver, Gold",Vedanta Resources PLC,Delamerian Orogen,,,,,,Thylacine Province,Delamerian Orogen
559143,Junction Dam,Saffron,SA,140.8416,-31.737,mineral deposit,"U, U3O8",,"Uranium, Uranium oxide",Marmota Energy Limited,Curnamona Province,,,,,,Yarramba Paleovalley,Curnamona Province
559151,Lake Way South,Lake Way South JV,WA,120.381,-26.767,mineral deposit,"U, U3O8",,"Uranium, Uranium oxide",Encounter Resources Limited,,,,,,,Carey Paleovalley,West Australian Element
559153,Bellah Bore East,,WA,119.8103,-26.8675,mineral deposit,"U, U3O8",,"Uranium, Uranium oxide",Encounter Resources Limited,,,,,,,,West Australian Element
559168,Vertigo,White Dam Project,SA,140.5593,-32.1087,mineral deposit,Au,,Gold,Exco Resources Limited,Curnamona Province,,,,,,,Curnamona Province
559210,Homeward Bound - Croydon,Croydon Gold Project,QLD,142.2754,-18.1381,historic mine,Au,,Gold,Centius Gold Limited,Croydon Province,,,,,Croydon Province,,North Australian Element
559216,Peak Mines Project,"Chesney, New Cobar, New Occidental, Perseverance, The Peak",NSW,145.8691,-31.5539,operating mine,"Cu, Au, Zn, Pb",Ag,"Copper, Gold, Zinc, Lead, (Silver)",Aurelia Metals Limited,Lachlan Orogen,,,,,,Cobar Basin,Central NSW - Omeo Province
559230,Iron Duke,,NSW,147.471,-32.3544,historic mine,"Cu, Au",,"Copper, Gold",Kimberley Mining Limited,Lachlan Orogen,,,,,,,Central NSW - Omeo Province
559237,Yellow Jack,,QLD,144.8469,-19.336,mineral deposit,Au,,Gold,Great Divide Mining Ltd,Mossman Orogen,,,,,,,Mossman Orogen
559445,Belvedere - Ashburton,Paulsens Project,WA,116.2946,-22.6098,historic mine,Au,,Gold,Northern Star Resources Limited,,Paleoproterozoic,,,,Warakurna Large Igneous Province,Fortescue Basin,Pilbara Craton
559447,Merlin - Catho Well,Paulsens Project,WA,116.1055,-22.4932,historic mine,Au,,Gold,Northern Star Resources Limited,,Paleoproterozoic,,,,Warakurna Large Igneous Province,Ashburton Basin,Pilbara Craton
559451,Electric Dingo,Ashburton Gold Project,WA,116.8979,-22.9287,mineral deposit,Au,,Gold,Northern Star Resources Limited,,Paleoproterozoic,,,,Warakurna Large Igneous Province,Ashburton Basin,Pilbara Craton
559455,Challenger - Yandal,Bronzewing Gold Project,WA,120.9695,-27.566,historic mine,Au,,Gold,Yandal Resources Limited,Yilgarn Craton,Archean,,,,,,West Australian Element
559486,Clark,North Kookynie Project,WA,121.3749,-29.1987,historic mine,Au,,Gold,Genesis Minerals Ltd,Yilgarn Craton,Archean,,,,,,West Australian Element
559488,Diamantina,South Kookynie Project,WA,121.4972,-29.3471,historic mine,Au,,Gold,Nex Metals Explorations Limited,Yilgarn Craton,Archean,,,,,,West Australian Element
559497,Ora Banda - Grants Patch Project,Ora Banda Project,WA,121.1197,-30.463,mineral deposit,Au,,Gold,"Evolution Mining Limited, Phoenix Gold Limited","Yilgarn Craton, Kalgoorlie Terrane",Archean,Metamorphic hydrothermal,Orogenic,Mesozonal orogenic gold,,,West Australian Element
559499,Carbine (North),,WA,120.8902,-30.454,mineral deposit,Au,,Gold,"Evolution Mining Limited, Phoenix Gold Limited",Yilgarn Craton,Archean,,,,,Roe Paleovalley,West Australian Element
559505,Roscoe's Reward,"Camel Creek Joint Venture, Camel Creek Trend",WA,120.3173,-21.8646,mineral deposit,"Au, Sb",,"Gold, Antimony","Millennium Minerals Limited, Northwest Resources Limited",Pilbara Craton,Archean,,,,Warakurna Large Igneous Province,,Pilbara Craton
559507,Red Spec,"Bule Spec Shear, Nullagine Project",WA,120.2772,-21.8206,mineral deposit,Au,Sb,"Gold, (Antimony)",Northwest Resources Limited,Pilbara Craton,Archean,,,,Warakurna Large Igneous Province,,Pilbara Craton
646463,Coronation Dam,"E31/1101, E31/1102",WA,122.2705,-29.5235,mineral deposit,"Co, Ni",,"Cobalt, Nickel",White Cliff,,Archean,,,,,Raeside Paleovalley,West Australian Element
646465,Ghan Well,,WA,122.132,-28.871,mineral deposit,"Ni, Co",,"Nickel, Cobalt",White Cliff,,Archean,,,,,Carey Paleovalley,West Australian Element
646472,Kara No2 (Rogetta),Rogetta,TAS,145.8404,-41.3105,mineral deposit,"WO3, Fe, SnO2, P2O5, Pb, Mn, Sr, Ti, W, Al2O3, K2O","FeOre, Mag","Tungsten trioxide (wolframite), Iron, Tin oxide/cassiterite, Phosphorus oxide, Lead, Manganese, Strontium, Titanium, Tungsten, (Iron ore, Alumina, Potash, Magnetite)",Forward Mining Ltd,,,,,,,Thylacine Province,Tasman Element
646629,Vulcan,"Bacchus, Circe, Hercules, Juno, Jupiter, Venus, Vesta",QLD,148.188,-22.287,operating mine,Cbl,,Coal - black,Vitrinite Pty Ltd,Bowen Basin,,,,,,Bowen Basin,Anakie Province
646632,Julia Creek Vanadium-Oil Shale (QEM),Collerina,QLD,141.9093,-20.6981,scoping,"Mo, Ni, Zn, Cu, V","V2O5, Al","Molybdenum, Nickel, Zinc, Copper, (Vanadium pentoxide, Vanadium, Aluminium)",QEM Limited,,,Basin chemical,Black shale,Black shale vanadium ± Mo ± Ni,,Eromanga Basin,Soldiers Cap Domain
646703,Tank South,,WA,122.5613,-31.074,mineral deposit,Au,,Gold,Vault Minerals,,,,,,,,West Australian Element
647319,Caval Ridge,,QLD,148.172,-22.2215,operating mine,Cbl,,Coal - black,BMA,Bowen Basin,,,,,,Bowen Basin,Anakie Province
647320,Hermes South,,WA,118.8452,-25.7058,mineral deposit,Au,,Gold,Catalyst Metals Ltd,,,,,,Warakurna Large Igneous Province,,Marymia Dome
647991,Cassini,,WA,121.6211,-31.7009,care and maintenance,Ni,"Co, Cu","Nickel, (Cobalt, Copper)",Wyloo Metals,,,,,,,,West Australian Element
648257,Trouser Legs,,WA,122.7315,-30.0768,mineral deposit,Au,,Gold,"Gel Resources Pty Ltd, Hawthorn Resources Limited",,,,,,,,West Australian Element
648260,Cyanide,,WA,121.1769,-30.9864,mineral deposit,Au,,Gold,Focus Minerals Limited,,,,,,,,West Australian Element
648263,Empress,,WA,121.1707,-30.9895,mineral deposit,Au,,Gold,Focus Minerals Limited,,Archean,,,,,,West Australian Element
648265,Alicia,,WA,121.177,-30.99,historic mine,Au,,Gold,Focus Minerals Limited,,,,,,,,West Australian Element
648268,Forrest,,WA,118.4007,-25.439,mineral deposit,"Au, Cu",,"Gold, Copper",Auris Minerals Ltd,,,,,,Warakurna Large Igneous Province,Bryah Basin,West Australian Element
648270,Wodger,,WA,118.4007,-25.439,mineral deposit,"Au, Cu",,"Gold, Copper",Auris Minerals Ltd,,,,,,Warakurna Large Igneous Province,Bryah Basin,West Australian Element
648273,Mount Aubrey,,NSW,148.436,-32.9483,historic mine,Au,,Gold,Godolphin Resources Ltd,Lachlan Orogen,,Magmatic hydrothermal,Epithermal,Low-sulfidation (LS) epithermal gold-silver,,,Eastern Province
648295,Gossan Valley,,WA,116.9419,-28.8424,mineral deposit,"Zn, Cu, Au, Ag, Pb",,"Zinc, Copper, Gold, Silver, Lead",29Metals Ltd,,,,,,,,West Australian Element
648317,Saint Elmo,,QLD,141.9107,-20.636,under development,"Mo, V2O5","V, HPA","Molybdenum, (Vanadium, Vanadium pentoxide, Alumina - High Purity)",Multicom Resources Pty Ltd,,,Basin chemical,Black shale,Black shale vanadium ± Mo ± Ni,,Eromanga Basin,Soldiers Cap Domain
648319,Hillalong (Bowen Coking Coal),EPC 2141 and EPC 1824 (west of Shandong's Hillalong Project on MDL 324),QLD,148.1964,-21.3144,mineral deposit,Cbl,,Coal - black,Bowen Coking Coal Ltd,Bowen Basin,,,,,,Bowen Basin,Connors-Auburn Province
648443,Copperhead,Julivon Creek,QLD,148.31,-20.54,mineral deposit,"Cu, Mo, Ag",,"Copper, Molybdenum, Silver",Rockfire Resources PLC,,,,,,,,Connors-Auburn Province
648468,Olive Downs Coking Coal Complex,,QLD,148.369,-22.2091,operating mine,Cbl,,Coal - black,Pembroke Resources Pty Ltd,Bowen Basin,,,,,,Bowen Basin,Anakie Province
648478,East West - Matilda,,WA,120.2521,-26.6318,mineral deposit,Au,,Gold,Blackham Resources Limited,,,,,,,,West Australian Element
648488,Lake Way Potash,Goldfields Salt Lakes Project,WA,120.3279,-26.7751,mineral deposit,"K, K2SO4, K2O",,"Potassium, Potassium sulfate, Potash",Salt Lake Potash Ltd,,,,,,,Carey Paleovalley,West Australian Element
651701,Alford East,Alford East JV.EL6529 EL6255. The northern extension of the Alford Copper Belt.,SA,137.7675,-33.8786,mineral deposit,"Cu, Au",,"Copper, Gold",Thor Mining PLC,"Gawler Craton, Olympic Domain",,Regional metasomatic,IOCG,,,Stansbury Basin,Olympic Domain
651710,Kulgera,,NT,132.0298,-25.9548,mineral deposit,HM,,Heavy minerals,Tivan Limited,,,,,,Warakurna Large Igneous Province,Hou Paleovalley,Musgrave Province
651745,Briggs,EPM 19198,QLD,150.7355,-23.9912,mineral deposit,"Cu, Mo, Au",,"Copper, Molybdenum, Gold",Alma Metals Ltd.,Yarrol Province,,,,,,,Yarrol Province
654472,Panther,,WA,120.8847,-30.6871,mineral deposit,Au,,Gold,Beacon Minerals Limited,,,,,,,,West Australian Element
654474,Anomaly 38,,WA,121.8117,-30.6494,mineral deposit,Au,,Gold,Black Cat Syndicate ltd,,,,,,,,West Australian Element
806883,8 Mile,,QLD,151.9318,-25.1902,mineral deposit,Au,,Gold,Metal Bank Ltd,,,,,,,,New England Orogen
806885,Twin Shafts OP,,WA,119.2524,-28.092,mineral deposit,Au,,Gold,Aurumin Limited,,,,,,,,West Australian Element
806887,Goat Farm OP,,WA,119.2523,-28.0891,mineral deposit,Au,,Gold,Aurumin Limited,,,,,,,,West Australian Element
806889,Ridge OP,,WA,119.2756,-28.0848,mineral deposit,Au,,Gold,Aurumin Limited,,,,,,,,West Australian Element
806891,McClaren OP,,WA,119.2473,-28.092,mineral deposit,Au,,Gold,Aurumin Limited,,,,,,,,West Australian Element
806893,Old Town Well,,WA,119.2586,-28.0885,mineral deposit,Au,,Gold,Aurumin Limited,,,,,,,,West Australian Element
806972,Koppamurra,,SA,140.9251,-37.1971,mineral deposit,"REO, U, U3O8, ThO2, Th",,"Rare earth oxides, Uranium, Uranium oxide, Thorium Oxide, Thorium",Australian Rare Earths Limited,Murray Basin,,Supergene,Clay,Ion adsorption REE,,Murray Basin,Delamerian Orogen
807070,Red Dog,,WA,122.3684,-29.3826,mineral deposit,Au,,Gold,Matsa Resources Limited,,,,,,,,West Australian Element
807097,Goodenough,,WA,121.0782,-29.6751,mineral deposit,Au,,Gold,Resources & Energy Group Limited,,,,,,,,West Australian Element
807140,Northern Territory Operations,,NT,131.72,-13.72,mineral deposit,Au,,Gold,Agnico Eagle Mines Ltd,,,,,,,,Pine Creek Orogen
335913,Princess Louise,Burnside Project,NT,131.5437,-13.5142,mineral deposit,Au,,Gold,"Crocodile Gold Corporation, PNX Metals Limited",Pine Creek Orogen,Paleoproterozoic,,,,,,Pine Creek Orogen
335914,Flying Fox,,WA,119.689,-32.4185,closed,Ni,Co,"Nickel, (Cobalt)",IGO Ltd,"Yilgarn Craton, Forrestania Nickel Metallogenic Province, Southern Cross Province",Archean,,,,,,West Australian Element
335915,Ebenezer,,QLD,152.6501,-27.6786,mineral deposit,Cbl,,Coal - black,Zedemar Holdings Pty Ltd,Clarence-Moreton Basin,Mesozoic,,,,,Clarence-Moreton Basin,New England Orogen
335916,Kundip Project,Great Southern Project,WA,120.2016,-33.6729,mineral deposit,"Au, Cu, Ag",,"Gold, Copper, Silver","ACH Global Pty Ltd, Silver Lake Resources Limited","Yilgarn Craton, Bounty Gold Metallogenic Province, Southern Cross Province",Archean,,,,,,Northern Foreland
335917,Try Again - Kundip,Great Southern Project,WA,120.2035,-33.6841,mineral deposit,Au,,Gold,"ACH Global Pty Ltd, Silver Lake Resources Limited","Yilgarn Craton, Southern Cross Province",Archean,,,,,,Northern Foreland
335918,Lord Byron,Jasper Hills Project,WA,123.0439,-29.1312,mineral deposit,Au,,Gold,Focus Minerals Limited,"Yilgarn Craton, Eastern Goldfields Province",Archean,,,,,,West Australian Element
335919,Black Label,Barnicoat Project,WA,122.4953,-28.5553,mineral deposit,Au,,Gold,Focus Minerals Limited,"Yilgarn Craton, Eastern Goldfields Province",Archean,,,,,,West Australian Element
335920,Nunierra Range-Tallering Peak (Mt Gibson),,WA,115.509,-28.154,mineral deposit,FeOre,Fe,"Iron ore, (Iron)","Mt Gibson Ltd, Koolanooka",Yilgarn Craton,,,,,Warakurna Large Igneous Province,,West Australian Element
335921,Lefroy,,TAS,146.9894,-41.0996,historic mine,Au,,Gold,BCD Resources NL,Lachlan Orogen,Paleozoic,Metamorphic hydrothermal,Orogenic,Mesozonal orogenic gold,,Tasmania Basin,Melbourne-Mathinna Zone
335922,Pieces of Eight,,WA,122.48,-28.5644,mineral deposit,Au,,Gold,Resource Mining Corporation,"Yilgarn Craton, Eastern Goldfields Province",Archean,,,,,,West Australian Element
335924,Maxwells,Randalls Project,WA,122.1989,-31.0809,operating mine,Au,,Gold,Silver Lake Resources Limited,Yilgarn Craton,Archean,,,,,,West Australian Element
335925,Rumbles,Randalls Project,WA,122.1882,-31.0668,operating mine,Au,,Gold,Silver Lake Resources Limited,Yilgarn Craton,Archean,,,,,,West Australian Element
335926,Withnell,,WA,118.1963,-20.8981,mineral deposit,Au,,Gold,De Grey Mining Limited,Pilbara Craton,,Metamorphic hydrothermal,Orogenic,Mesozonal orogenic gold,Warakurna Large Igneous Province,,Pilbara Craton
335929,Cowarra,,NSW,149.2991,-36.0154,historic mine,"Au, Cu, Ag",,"Gold, Copper, Silver","Gold Mountain Ltd, Capital Mining Limited, Commissioners Gold Limited","Lachlan Orogen, Lachlan Orogen, Nerrigundah",,Metamorphic hydrothermal,Orogenic,Mesozonal orogenic gold,,,Eastern Province
335930,Cummins Range,,WA,127.1679,-19.2835,mineral deposit,"REO, U, ThO2, U3O8, Th, REE","Tb, Dy","Rare earth oxides, Uranium, Thorium Oxide, Uranium oxide, Thorium, Rare earth elements, (Terbium, Dysprosium)",RareX Ltd,Halls Creek Orogen,Neoproterozoic,Magmatic,Carbonatite,Carbonatite REE,Kalkarindji Igneous Province,Wolfe Basin,Halls Creek Orogen
335931,Fraser Island (IA),,QLD,153.0,-25.5168,mineral deposit,"Rt, Zrn, Ilm, Mnz, Mnsd",,"Rutile, Zircon, Ilmenite, Monazite, Mineral sands",Department of Environment and Resource Management,Maryborough Basin,,Erosional,Placer,Heavy mineral sands,,Maryborough Basin,Tasman Element
335932,Mount Chalmers,,QLD,150.6514,-23.297,feasibility,"Cu, Au, Zn","Ag, Pb","Copper, (Silver, Gold, Zinc, Lead)",QMines Ltd,"New England Orogen, Mount Chalmers, Yarrol Province",,Volcanic basin hydrothermal,Volcanogenic massive sulfide (VMS),Bimodal felsic VMS,,,Yarrol Province
335933,Mount Gibson,,WA,117.1582,-29.7745,historic mine,Au,,Gold,Capricorn Metals Ltd,"Yilgarn Craton, Big Bell Gold Metallogenic Province, Murchison Province, Murchison Domain (Youanmi Terrane), Murchison Domain",Archean,Metamorphic hydrothermal,Orogenic,,,,West Australian Element
335934,Nevoria,Southern Cross Operations,WA,119.5835,-31.5067,operating mine,Au,,Gold,"Shandong Tianye Real Estate, China Hanking Holdings Limited","Yilgarn Craton, Bounty Gold Metallogenic Province, Southern Cross Province, Southern Cross Domain (Youanmi Terrane)",Archean,Metamorphic hydrothermal,Orogenic,Mesozonal orogenic gold,,,West Australian Element
335937,Mount Oxide,Mt Oxide,QLD,139.3895,-19.4772,historic mine,"Cu, Co",Ag,"Copper, Cobalt, (Silver)",True North Copper Ltd,"Mount Isa Orogen, Lawn Hill Platform",Proterozoic,Metamorphic hydrothermal,Orogenic,Orogenic copper ± gold,,,Mount Isa Orogen
335938,Pegmont,,QLD,140.6885,-21.8409,mineral deposit,"Pb, Zn",Ag,"Lead, Zinc, (Silver)",Vendetta Mining Crop,"Mount Isa Orogen, Cloncurry-Selwyn Zone",Paleoproterozoic,Basin hydrothermal,Sediment-hosted,Siliciclastic-mafic zinc-lead,,,Doherty - Fig Tree Gully Domain
335941,Attunga,,NSW,150.9349,-30.9152,historic mine,"Mo, WO3, W, Cu, Au, Mgs",,"Molybdenum, Tungsten trioxide (wolframite), Tungsten, Copper, Gold, Magnesite",Peel Mining Limited,"New England Orogen, Hillgrove Gold Metallogenic Province",Paleozoic,,,,,,New England Orogen
335942,Yandan,,QLD,146.9708,-21.2975,historic mine,Au,,Gold,GBM Resources Limited,"Drummond Basin, Drummond Basin, Pajingo Metallogenic Province",,Magmatic hydrothermal,Epithermal,Low-sulfidation (LS) epithermal gold-silver,,,Anakie Province
335943,Oaky Creek,"Includes Alliance, Oaky No1, Oaky North",QLD,148.4932,-23.0416,operating mine,Cbl,,Coal - black,"Itochu Corporation, Sumitomo Corporation, Glencore Plc",Bowen Basin,,,,,,Bowen Basin,Anakie Province
335944,Lyons River,,TAS,145.406,-41.229,mineral deposit,"Mgs, MgO",,"Magnesite, Magnesia (magnesium oxide)","Dynamic Metals Ltd, GWR Group Ltd",Rocky Cape Block,Neoproterozoic,,,,,Thylacine Province,Delamerian Orogen
455632,Salt Creek - Randalls,Randalls Project,WA,122.0203,-31.1076,operating mine,Au,,Gold,Silver Lake Resources Limited,Yilgarn Craton,Archean,Metamorphic hydrothermal,Orogenic,Mesozonal orogenic gold,,,West Australian Element
455635,Randalls Dam,Randalls Project,WA,122.1663,-31.0761,mineral deposit,Au,,Gold,Silver Lake Resources Limited,Yilgarn Craton,Archean,,,,,,West Australian Element
455893,Yiddah,Temora Project,NSW,147.3344,-34.0465,mineral deposit,"Cu, Au, Mo",,"Copper, Gold, Molybdenum",Straits Resources Limited,Lachlan Orogen,,Magmatic hydrothermal,Porphyry,Porphyry copper ± gold,,,Central NSW - Omeo Province
455895,Estoril,Temora Project,NSW,147.4136,-34.2449,mineral deposit,Au,"Cu, Mo","Gold, (Copper, Molybdenum)",Straits Resources Limited,Lachlan Orogen,Paleozoic,Magmatic hydrothermal,Porphyry,Porphyry copper ± gold,,,Central NSW - Omeo Province
455897,Cullingerai,Temora Project,NSW,147.3944,-34.2074,mineral deposit,Au,"Cu, Mo","Gold, (Copper, Molybdenum)",Straits Resources Limited,Lachlan Orogen,Paleozoic,Magmatic hydrothermal,Porphyry,Porphyry copper ± gold,,,Central NSW - Omeo Province
455899,Mandamah,Temora Project,NSW,147.3854,-34.1848,mineral deposit,Au,"Cu, Mo","Gold, (Copper, Molybdenum)","Sandfire Resources NL, Straits Resources Limited",Lachlan Orogen,Paleozoic,unknown,unknown,unknown,,,Central NSW - Omeo Province
455911,Wattle Gully,"Castlemaine-Chewton Goldfield, Fryerstown",VIC,144.2536,-37.0952,historic mine,Au,,Gold,Lion Gold Corporation Limited,"Lachlan Orogen, Bendigo Zone",Paleozoic,Metamorphic hydrothermal,Orogenic,Mesozonal orogenic gold,,,Bendigo Zone
455912,Chewton,Castlemaine Gold project,VIC,144.2552,-37.0989,mineral deposit,Au,,Gold,Lion Gold Corporation Limited,Lachlan Orogen,Paleozoic,,,,,,Bendigo Zone
455965,Redcliffe,Redcliffe Gold Project,WA,121.5528,-28.4207,historic mine,Au,,Gold,Dacian Gold Limited,Yilgarn Craton,Archean,,,,,,West Australian Element
455970,Golden Terrace South,Redcliffe Gold Project,WA,121.5433,-28.5739,mineral deposit,Au,,Gold,Pacrim Energy Limited,"Yilgarn Craton, Eastern Goldfields Province",Archean,,,,,,West Australian Element
455972,Golden Terrace North,Redcliffe Gold Project,WA,121.5431,-28.5515,mineral deposit,Au,,Gold,Pacrim Energy Limited,"Yilgarn Craton, Eastern Goldfields Province",Archean,,,,,,West Australian Element
455974,Nambi,Redcliffe Gold Project,WA,121.5567,-28.3953,historic mine,Au,,Gold,Pacrim Energy Limited,Yilgarn Craton,Archean,,,,,,West Australian Element
455998,Springsure Creek,,QLD,148.41,-24.17,feasibility,Cbl,,Coal - black,Adamelia Global Pty Ltd,Bowen Basin,,,,,,Bowen Basin,Anakie Province
456001,Arcturus,,QLD,148.41,-24.03,mineral deposit,Cbl,,Coal - black,Adamelia Global Pty Ltd,Bowen Basin,,,,,,Bowen Basin,Anakie Province
456004,Arcadia,,QLD,148.73,-24.58,mineral deposit,Cbl,,Coal - black,"Adamelia Global Pty Ltd, Bandanna Energy Limited",Bowen Basin,,,,,,Bowen Basin,Anakie Province
456007,Dingo West,,QLD,149.26,-23.64,mineral deposit,Cbl,,Coal - black,"Magnetic South, Bandanna Energy Limited",Bowen Basin,,,,,,Bowen Basin,Anakie Province
456011,Western Creek (Giralia Resources),,WA,119.5507,-23.4193,mineral deposit,"FeOre, Fe",,"Iron ore, Iron",Atlas Iron Ltd,Pilbara Craton,,,,,Warakurna Large Igneous Province,Hamersley Basin,Pilbara Craton
456014,Railway,,WA,118.6915,-22.8915,mineral deposit,"FeOre, Fe",,"Iron ore, Iron",United Minerals Corporation,Pilbara Craton,,,,,Warakurna Large Igneous Province,Hamersley Basin,Pilbara Craton
456322,Homeville Ni Co,,NSW,147.0487,-32.0105,mineral deposit,"Ni, Al, Mg","Co, Fe","Nickel, Aluminium, (Cobalt, Magnesium, Iron)","Aeris Resources Limited, Helix Resources Limited",Lachlan Orogen,,,,,,,Central NSW - Omeo Province
456406,Urquhart,Urquhart Point,QLD,141.8262,-12.6767,operating mine,"Zrn, Rt","Ilm, Leu","Zircon, Rutile, (Ilmenite, Leucoxene)",Clear Logistics Australia,,,Erosional,Placer,Heavy mineral sands,,Carpentaria Basin,North Australian Element
456428,Rocklea - Pilbara Iron,,WA,117.4787,-22.8098,mineral deposit,Fe,,Iron,"WA Iron Pty Ltd, AusQuest Ltd, Dragon Energy Limited",Pilbara Craton,,Infiltrational,Paleochannel,Paleochannel iron,Warakurna Large Igneous Province,Fortescue Basin,Pilbara Craton
456436,Jimblebar (Atlas Iron),,WA,120.2009,-23.4381,mineral deposit,FeOre,Fe,"Iron ore, (Iron)",Atlas Iron Ltd,Pilbara Craton,,,,,Warakurna Large Igneous Province,,Sylvania Dome
456463,Wonmunna Iron Ore (MinRes),,WA,119.0497,-23.1229,operating mine,FeOre,Fe,"Iron ore, (Iron)","Australian Aboriginal Mining Corporation, Mineral Resources, ASCOT RESOURCES, Ascot Resources Ltd, Ochre Group Holdings, Talison Minerals",Pilbara Craton,,,,,Warakurna Large Igneous Province,Fortescue Basin,Pilbara Craton
456505,Fort Scott,Binduli Project,WA,121.3784,-30.7804,mineral deposit,Au,,Gold,"Zijin Mining Group Company Ltd, Norton Gold Fields Limited","Yilgarn Craton, Eastern Goldfields Province",Archean,,,,,,West Australian Element
457344,Inglenook,Cherry Tree Hill,NSW,149.868,-33.032,mineral deposit,Cbl,,Coal - black,Banpu Public Company Limited,Sydney Basin,,,,,,Sydney Basin,Eastern Province
457577,Teresa,"Corvus Metallurgical Coal Project, EPC 980, EPC 1267, EPC 1226, EPC 2841.",QLD,148.03,-23.367,mineral deposit,Cbl,,Coal - black,"Linc Energy Limited, United Mining Group",Bowen Basin,,,,,,Bowen Basin,Anakie Province
457739,Parker Range Iron Ore,Parker Range,WA,119.5543,-31.6187,mineral deposit,FeOre,Fe,"Iron ore, (Iron)",Mineral Resources,Yilgarn Craton,,,,,,,West Australian Element
460653,Pipeline - Higginsville,Higginsville Gold Operations,WA,121.7209,-31.7607,mineral deposit,Au,,Gold,Alacer Gold Corporation,Yilgarn Craton,Archean,,,,,,West Australian Element
463677,Cerberus,,WA,122.2833,-28.5667,mineral deposit,"Ni, Pt, Cu","Pd, Co","Nickel, (Palladium, Platinum, Copper, Cobalt)",Poseidon Nickel Limited,"Yilgarn Craton, Eastern Goldfields Province",Archean,,,,,,West Australian Element
559509,Tregurtha,Mount Jewell Project,WA,121.4624,-30.2608,mineral deposit,Au,,Gold,"Zijin Mining Group Company Ltd, Norton Gold Fields Limited",Yilgarn Craton,Archean,,,,,,West Australian Element
559511,Hughes,Mount Jewell Project,WA,121.4648,-30.2691,mineral deposit,Au,,Gold,"Zijin Mining Group Company Ltd, Norton Gold Fields Limited",Yilgarn Craton,Archean,Metamorphic hydrothermal,Orogenic,,,,West Australian Element
559513,Sparkle,Kurnalpi Project,WA,122.2278,-30.5347,mineral deposit,Au,,Gold,KalNorth Gold Mines Limited,Yilgarn Craton,Archean,,,,,,West Australian Element
559515,Atlas - Gindalbie,Kalpini Project,WA,121.9484,-30.3987,historic mine,Au,,Gold,KalNorth Gold Mines Limited,Yilgarn Craton,Archean,,,,,,West Australian Element
559517,Lady Allison,Spargoville Project,WA,121.437,-31.27,mineral deposit,Au,,Gold,KalNorth Gold Mines Limited,Yilgarn Craton,Archean,,,,,,West Australian Element
559522,Milo,,QLD,140.2222,-20.7587,mineral deposit,"Cu, REO, Mo, Au, U, Ag, U3O8, P2O5, REE, Y2O3, Nd2O3, Nd, Dy, Eu2O3, Dy2O3, Pr2O3, Pr","Co, Eu","Copper, Rare earth oxides, (Cobalt, Molybdenum, Gold, Uranium, Silver, Uranium oxide, Phosphorus oxide, Rare earth elements, Yttrium oxide, Neodymium(III) oxide, Neodymium, Dysprosium, Europium(III) oxide, Dysprosium(III) oxide, Praseodymium(III) oxide, Praseodymium, Europium)",Consolidated Uranium Inc.,Mount Isa Orogen,,Magmatic hydrothermal,Skarn,Skarn uranium-REE,,,Tommy Creek Domain
559524,Triumph,South Kalgoorlie Operations,WA,121.6001,-30.9726,historic mine,Au,,Gold,Alacer Gold Corporation,Yilgarn Craton,Archean,,,,,,West Australian Element
559527,Weerianna,Weerianna Gold Project,WA,117.1106,-20.7624,mineral deposit,Au,,Gold,"Western Metals Pty Ltd, Artemis Resources Limited",Pilbara Craton,Archean,,,,Warakurna Large Igneous Province,,Pilbara Craton
559631,Nameless (Fortescue),,WA,117.7007,-22.6396,mineral deposit,"FeOre, Fe",,"Iron ore, Iron",Fortescue Metals Group Limited,Hamersley Basin,,,,,Warakurna Large Igneous Province,Fortescue Basin,Pilbara Craton
559642,Crown Jewel,Lancefield Project,WA,122.3808,-28.5476,historic mine,Au,,Gold,Focus Minerals Limited,Yilgarn Craton,Archean,,,,,,West Australian Element
559644,Summit,Lancefield Project,WA,122.3774,-28.5582,historic mine,Au,,Gold,Focus Minerals Limited,Yilgarn Craton,Archean,,,,,,West Australian Element
559646,Calypso - Beasley Creek (South),Chatterbox Shear Project,WA,122.3265,-28.5851,mineral deposit,Au,,Gold,Focus Minerals Limited,Yilgarn Craton,Archean,,,,,Carey Paleovalley,West Australian Element
559653,Arganara,,NT,135.1738,-21.4992,mineral deposit,"Phos, P2O5",,"Phosphate, Phosphorus oxide",Nupower Resources Limited,Georgina Basin,,,,,Kalkarindji Igneous Province,Warramunga Province,North Australian Element
559661,Barnicoat,Barnicoat Project,WA,122.4935,-28.6274,historic mine,Au,,Gold,Focus Minerals Limited,Yilgarn Craton,Archean,,,,,,West Australian Element
560077,Undaunted,Tindals Project,WA,121.1808,-30.9826,mineral deposit,Au,,Gold,Focus Minerals Limited,Yilgarn Craton,Archean,,,,,,West Australian Element
560079,Lady Charlotte - Coolgardie,Tindals Project,WA,121.1799,-30.9836,mineral deposit,Au,,Gold,Focus Minerals Limited,Yilgarn Craton,Archean,,,,,,West Australian Element
560085,Griffiths,Tindals Project,WA,121.1735,-30.9912,historic mine,Au,,Gold,Focus Minerals Limited,Yilgarn Craton,Archean,,,,,,West Australian Element
560088,Bird In Hand - Coolgardie,Tindals Project,WA,121.1769,-30.9869,historic mine,Au,,Gold,Focus Minerals Limited,Yilgarn Craton,Archean,,,,,,West Australian Element
560238,North Royal,Norseman Project,WA,121.8087,-32.1326,operating mine,Au,,Gold,Norseman Gold PLC,Yilgarn Craton,Archean,,,,,,West Australian Element
560256,Centenary - Parker Range,Parker Range Project,WA,119.5955,-31.6139,mineral deposit,Au,,Gold,Gondwana Resources Limited,Yilgarn Craton,Archean,,,,,Deborah Paleovalley,West Australian Element
560258,Buffalo,Parker Range Project,WA,119.5789,-31.6565,mineral deposit,Au,,Gold,Gondwana Resources Limited,Yilgarn Craton,Archean,,,,,Deborah Paleovalley,West Australian Element
560265,Wattle Bird,Bullant Project,WA,121.0509,-30.5198,operating mine,Au,,Gold,"Zijin Mining Group Company Ltd, Norton Gold Fields Limited",Yilgarn Craton,Archean,,,,,Roe Paleovalley,West Australian Element
560295,MacPhersons Reward,MacPhersons Project,WA,121.1987,-30.9959,historic mine,Au,,Gold,Beacon Minerals Limited,Yilgarn Craton,Archean,Metamorphic hydrothermal,Orogenic,,,,West Australian Element
560297,Tycho,Macphersons Project,WA,121.1988,-30.0166,historic mine,Au,,Gold,Beacon Minerals Limited,Yilgarn Craton,Archean,,,,,Rebecca Paleovalley,West Australian Element
560308,Queen Sheba,Great Southern Project,WA,120.2306,-33.7655,mineral deposit,"Ag, Cu, Au",,"Silver, Copper, Gold",Medallion Metals Limited,Albany-Fraser Orogen,Proterozoic,,,,,,Northern Foreland
560473,Battler,Parker Range Project,WA,119.3896,-31.3464,historic mine,Au,,Gold,IMD Mines Ltd,Yilgarn Craton,Archean,,,,,,West Australian Element
560475,Red Legs,Marda Project,WA,119.3839,-29.9186,mineral deposit,Au,,Gold,Ramelius Resources Limited,Yilgarn Craton,Archean,,,,,,West Australian Element
560477,Die Hardy - Marda Au,Marda Project,WA,119.4113,-29.9555,mineral deposit,Au,,Gold,Ramelius Resources Limited,Yilgarn Craton,Archean,,,,,,West Australian Element
560543,Cannon,Bulong Project,WA,121.7629,-30.8161,care and maintenance,Au,,Gold,Horizon Minerals Ltd.,Yilgarn Craton,Archean,,,,,,West Australian Element
560554,Murphys,Oberon Project,NSW,149.7275,-33.6133,mineral deposit,"Au, Ag",,"Gold, Silver",New South Resources Limited,Lachlan Orogen,,,,,,,Eastern Province
560590,Karinga Lakes,,NT,132.5,-25.3333,mineral deposit,"K2SO4, K2O, K",,"Potassium sulfate, Potash, Potassium",Rum Jungle Resources Limited,,,,,,Warakurna Large Igneous Province,Amadeus Basin,Warumpi Province
560595,Bungarra - Dingo Range,Melrose Gold Mines,WA,121.4675,-27.3984,mineral deposit,Au,,Gold,Bullseye Mining Ltd,Yilgarn Craton,Archean,,,,,,West Australian Element
560597,Stirling - Dingo Range,Melrose Gold Mines,WA,121.4372,-27.3787,mineral deposit,Au,,Gold,Bullseye Mining Ltd,"Yilgarn Craton, Eastern Goldfields Province",Archean,,,,,,West Australian Element
809918,Girofla,,QLD,144.3947,-17.1086,mineral deposit,"Ag, Pb, Zn, Cu",,"Silver, Lead, Zinc, Copper",Consolidated Tin Mines,,,,,,,,Mossman Orogen
809920,Golden Dragon,,WA,116.9578,-28.9841,care and maintenance,Au,,Gold,"Warriedar Resources, Minjar Gold Pty Ltd",,,,,,,,West Australian Element
463716,Black Cat,Bundarra Gold Project,WA,121.2028,-28.3012,mineral deposit,Au,,Gold,"SR Mining Pty Ltd, Bligh Resources Limited, Terrain Minerals Limited",Yilgarn Craton,Archean,,,,,,West Australian Element
463718,Great Western,"Bundarra Gold Project, Wilsons Patch",WA,121.1799,-28.3176,mineral deposit,Au,,Gold,"Red 5 Limited, Terrain Minerals Limited",Yilgarn Craton,Archean,,,,,,West Australian Element
464172,Aurora,"Bindoon, North Darling Range Project",WA,116.514,-31.8331,mineral deposit,Bx,Al2O3,"Bauxite, (Alumina)","Bauxite Resources Limited, Yankuang Group Corporation Limited",Yilgarn Craton,,,,,,,West Australian Element
464201,Fairplay NE (North),"Fairplay North, Higginsville Gold Operations",WA,121.7281,-31.7465,mineral deposit,Au,,Gold,"Karora Resources Inc, Metals X Limited, RNC Minerals",Yilgarn Craton,Archean,,,,,,West Australian Element
464205,White Well,,WA,118.1859,-27.3921,historic mine,Au,,Gold,"Mutiny Gold Limited, Private Consortium",Yilgarn Craton,,,,,,,West Australian Element
464625,Krugers,Surat Project,QLD,150.5907,-26.5604,mineral deposit,Cbl,,Coal - black,"Bunji Corporation Ltd, Baralaba Coal Company Limited",Surat Basin,,,,,,Surat Basin,Connors-Auburn Province
464630,Galilee (Liberty),Underground Coal Gasification Project,QLD,144.765,-23.049,mineral deposit,Cbl,,Coal - black,Liberty Resources Ltd,Galilee Basin,,,,,,Galilee Basin,Thomson Orogen
464829,Mount Cobalt (Lateritic Ni Co),,QLD,152.2759,-26.1962,mineral deposit,"Co, Ni",,"Cobalt, Nickel",Clara Resources Australia Ltd,New England Orogen,,,,,,,New England Orogen
466189,White Rock,,NSW,148.905,-34.4991,mineral deposit,"Sn, W, WO3",,"Tin, Tungsten, Tungsten trioxide (wolframite)",Strategic Metals Australia,Lachlan Orogen,,Magmatic hydrothermal,Greisen,Greisen tin ± W-Mo,,,Eastern Province
466198,Narrawa,,TAS,146.1099,-41.4853,mineral deposit,"Ag, Au, Pb, Zn",,"Silver, Gold, Lead, Zinc",Frontier Resources Limited,Delamerian Orogen,,unknown,unknown,unknown,,Thylacine Province,Delamerian Orogen
466201,Four Mile East,,SA,139.5292,-30.1417,operating mine,"U, U3O8",,"Uranium, Uranium oxide",Alliance Resources Limited,Callabonna Sub-basin,Cenozoic,Infiltrational,Uranium,Sandstone uranium,,Lake Eyre Basin,Curnamona Province
466228,Hamersley Iron - Western Turner Syncline,,WA,117.5863,-22.6622,operating mine,"FeOre, Fe",,"Iron ore, Iron",Rio Tinto Limited,Pilbara Craton,,,,,Warakurna Large Igneous Province,Hamersley Basin,Pilbara Craton
466240,Honey Pot,,QLD,139.4397,-19.8333,mineral deposit,"U, U3O8",,"Uranium, Uranium oxide",Paladin Energy Limited,Mount Isa Orogen,Proterozoic,Regional metasomatic,Alkali-calcic,Albitite-hosted uranium,,,Leichhardt River Domain
466624,Duke Batman,,QLD,139.3619,-19.9797,mineral deposit,"U, U3O8",,"Uranium, Uranium oxide",Paladin Energy Limited,Mount Isa Orogen,,Regional metasomatic,Alkali-calcic,Albitite-hosted uranium,,,Leichhardt River Domain
466854,Hillview,,WA,118.8476,-26.8937,mineral deposit,"U, U3O8",,"Uranium, Uranium oxide",Encounter Resources Limited,,Cenozoic,,,,Warakurna Large Igneous Province,Hope Paleovalley,West Australian Element
466857,Harnett,"Chakola Gold Project, Harnett Central Gold Deposit",NSW,149.1643,-36.1163,mineral deposit,"Cu, Pb, Au, Ag, Zn",,"Copper, Lead, Gold, Silver, Zinc",Capital Mining Limited,"Lachlan Orogen, Captains Flat - Goulburn Trough",,Volcanic basin hydrothermal,Volcanogenic massive sulfide (VMS),Bimodal felsic VMS,,,Eastern Province
467105,Just Desserts,Yuinmery Project,WA,118.8992,-28.5801,mineral deposit,"Cu, Au",Ag,"Copper, Gold, (Silver)",Empire Resources Limited,"Yilgarn Craton, Murchison Domain (Youanmi Terrane)",Archean,Volcanic basin hydrothermal,Volcanogenic massive sulfide (VMS),Bimodal-mafic VMS,,,West Australian Element
467171,Digger Lode,Nightflower Project,QLD,144.5301,-16.8475,mineral deposit,"Ag, Au, Cu, Zn, Pb",,"Silver, Gold, Copper, Zinc, Lead",Tartana Minerals,Mossman Orogen,,,,,,,Mossman Orogen
467173,Caloma,"Tomingley, Tomingley Gold Project",NSW,148.2243,-32.5836,operating mine,Au,,Gold,Alkane Resources Limited,Lachlan Orogen,,,,,,,Eastern Province
467176,Greenfinch,Edna May Project,WA,118.6905,-31.2882,under development,Au,,Gold,Ramelius Resources Limited,Yilgarn Craton,Archean,,,,,,West Australian Element
467186,Bald Hill,"Bald Hills Deposit, Blayney Project",NSW,149.1266,-33.6585,mineral deposit,Au,,Gold,"Straits Resources Limited, Gold Fields Limited",Lachlan Orogen,,,,,,,Eastern Province
467209,Mount Carlton,"Mount Carlton Project, Silver Hill",QLD,147.5619,-20.2716,care and maintenance,Au,"Ag, Cu","Gold, (Silver, Copper)",Wolfram Limited,"New England Orogen, Bowen Basin",,Magmatic hydrothermal,Epithermal,High-sulfidation (HS) epithermal silver-gold ± Cu,,,Connors-Auburn Province
467214,17 Mile Hill,Camp Dome,WA,122.2074,-21.5895,mineral deposit,"Cu, W",,"Copper, Tungsten",Mount Burgess Mining N.L.,,,,,,Kalkarindji Igneous Province,Yeneena Basin,Paterson Orogen
467216,Mount Royal,Tottenham,NSW,147.3576,-32.2342,mineral deposit,"Cu, Au",,"Copper, Gold",Locksley Resources Limited,"Lachlan Orogen, Girilambone Zone",,Volcanic basin hydrothermal,Volcanogenic massive sulfide (VMS),Mafic-siliciclastic VMS,,,Central NSW - Omeo Province
560599,Twin Bonanza,Twin Bonanza Project,NT,129.1391,-20.1445,mineral deposit,Au,,Gold,Prodigy Gold NL,Tanami Orogen,Proterozoic,Metamorphic hydrothermal,Orogenic,Mesozonal orogenic gold,Kalkarindji Igneous Province,,Tanami Orogen
560601,Westminster,,NT,134.1804,-19.6452,mineral deposit,Au,,Gold,Truscott Mining Corporation Limited,Warramunga Province,Proterozoic,unknown,unknown,unknown,Kalkarindji Igneous Province,Warramunga Province,North Australian Element
560636,Geolsec,"Area 4, Rum Jungle",NT,131.0119,-13.0438,under development,"P2O5, Phos",,"Phosphorus oxide, Phosphate",Korab Resources Limited,Pine Creek Orogen,,Basin chemical,Phosphorite,Phosphorite,,,Pine Creek Orogen
560646,Mount Thirsty Laterite Nickel,,WA,121.6478,-32.1019,mineral deposit,"Ni, Co","Fe, Mn","Nickel, Cobalt, (Iron, Manganese)","Conico Ltd, Greenstone Resources Ltd",Yilgarn Craton,,,,,,,West Australian Element
908390,Goschen Central,,,143.3754,-35.8492,mineral deposit,"Ilm, Rt, Zrn, Mnz","Leu, Xen","Ilmenite, Rutile, Zircon, Monazite, (Leucoxene, Xenotime)",ACDC Metals Limited,Murray Basin,,Erosional,Placer,Heavy mineral sands,,Murray Basin,Stawell Zone
921093,Purple Haze,,,119.8139,-32.7226,mineral deposit,Ni,,Nickel,IGO Ltd,,,,,,,,West Australian Element
922818,Wyooda,"Kingston Town, Manikato, Think Big",,119.46,-27.4263,mineral deposit,Au,,Gold,Horizon Gold Limited,,,,,,,,West Australian Element
922821,Camel Bore,,,119.4184,-27.0787,mineral deposit,Au,,Gold,Horizon Gold Limited,,,,,,,,West Australian Element
922823,Wahoo,,,119.3775,-26.9959,mineral deposit,Au,,Gold,Horizon Gold Limited,,,,,,,,West Australian Element
922825,Altair,,,119.3288,-27.0452,mineral deposit,"Zn, Cu",Ag,"Zinc, Copper, (Silver)",Horizon Gold Limited,,,,,,,Hope Paleovalley,West Australian Element
922829,Gascoyne (REE),,,116.355,-23.988,mineral deposit,,,,Lanthanein Resources Limited,,,,,,Warakurna Large Igneous Province,,West Australian Element
922834,Vanadis,,,136.975,-17.4899,mineral deposit,"REE, V2O5",Ga,"Rare earth elements, Vanadium pentoxide, (Gallium)",Transition Minerals,,,Supergene,Clay,Ion adsorption REE,,Georgina Basin,North Australian Element
922837,Benmara South,,,137.067,-17.4808,mineral deposit,V2O5,Ga,"Vanadium pentoxide, (Gallium)",Transition Minerals,,,,,,,Georgina Basin,North Australian Element
922839,Benmara North,,,137.1162,-17.4061,mineral deposit,"REE, V2O5",Ga,"Rare earth elements, Vanadium pentoxide, (Gallium)",Transition Minerals,,,,,,,Georgina Basin,North Australian Element
922987,Savoy Hill,EL6812,,150.91,-32.3897,mineral deposit,Cbl,,Coal - black,NuCoal Resources Ltd,Sydney Basin,,,,,,Sydney Basin,Eastern Province
925074,Leliyn,,,131.9795,-13.5507,mineral deposit,Gr,,Graphite,Kingsland Minerals,,,,,,,,Pine Creek Orogen
925233,Lilyvale,,,142.8024,-20.4652,bankable feasibility,V,"Mo, Ni","Vanadium, (Molybdenum, Nickel)",Richmond Vanadium Technology,,,Basin chemical,Black shale,Black shale vanadium ± Mo ± Ni,,Galilee Basin,North Australian Element
925234,Manfred,,,141.8134,-20.2868,bankable feasibility,V,"Mo, Ni","Vanadium, (Molybdenum, Nickel)",Richmond Vanadium Technology,,,Basin chemical,Black shale,Black shale vanadium ± Mo ± Ni,,Eromanga Basin,Soldiers Cap Domain
925235,Rothbury,,,142.1683,-20.1649,bankable feasibility,V,"Mo, Ni","Vanadium, (Molybdenum, Nickel)",Richmond Vanadium Technology,,,Basin chemical,Black shale,Black shale vanadium ± Mo ± Ni,,Eromanga Basin,North Australian Element
925236,Burwood,,,141.873,-20.407,bankable feasibility,V,Mo,"Vanadium, (Molybdenum)",Richmond Vanadium Technology,,,Basin chemical,Black shale,Black shale vanadium ± Mo ± Ni,,Eromanga Basin,Soldiers Cap Domain
925273,Barr Creek,D-Eight,,139.1707,-19.5792,mineral deposit,P2O5,,Phosphorus oxide,Phosphate International Pty Ltd,Georgina Basin,,Basin chemical,Phosphorite,Phosphorite,,Georgina Basin,Mount Isa Orogen
927369,Jupiter,,,117.2842,-28.4488,mineral deposit,,,,Critica Limited,,,,,,,,West Australian Element
927374,Goschen South,,,143.2078,-35.9503,mineral deposit,,,,Iluka Resources Limited,,,,,,,Murray Basin,Stawell Zone
927994,Esmeralda Graphite Project,,,142.2186,-18.8195,pre-feasibility,Gr,,Graphite,Graphinex Pty Ltd,,,Metamorphic,Metamorphic,Metamorphic graphite,,Carpentaria Basin,North Australian Element
334364,King Delta,,TAS,145.3531,-42.1883,mineral deposit,"Co, Cu, Au","Ag, S","Cobalt, Copper, (Silver, Gold, Sulphur)",,Delamerian Orogen,Paleozoic,,,,,Thylacine Province,Delamerian Orogen
573758,Duck Creek Mesa 2 (Brockman Mining Ltd),,WA,116.6361,-22.5408,mineral deposit,"FeOre, Fe",,"Iron ore, Iron",,,,,,,Warakurna Large Igneous Province,Hamersley Basin,Pilbara Craton
336156,Mining Area C (Mt Goldsworthy JV - BHP),"Area C, C Deposit, MAC, consists of around 30 Deposits",WA,118.9643,-22.9282,operating mine,FeOre,Fe,"Iron ore, (Iron)",,Hamersley Basin,Archean,Basin chemical,Iron formation,Superior-type banded iron formation,Warakurna Large Igneous Province,Hamersley Basin,Pilbara Craton
333662,Condor,,QLD,148.6011,-20.4985,mineral deposit,Osh,,Oil shale,,,,,,,,,Yarrol Province
333635,Bernts,,WA,119.2717,-21.2296,mineral deposit,"Zn, Pb, Au, Cu, Ag",,"Zinc, Lead, Gold, Copper, Silver",,Pilbara Craton,Archean,Volcanic basin hydrothermal,Volcanogenic massive sulfide (VMS),Bimodal-mafic VMS,Warakurna Large Igneous Province,,Pilbara Craton
334731,Lisle,Lisle Goldfields,TAS,147.3175,-41.2253,historic mine,Au,,Gold,,"Lachlan Orogen, Lachlan Orogen",Cenozoic,Erosional,Placer,Fluvial placer gold,,,Melbourne-Mathinna Zone
334454,Sunshine Coast (IA),,QLD,153.1013,-26.4165,mineral deposit,"Rt, Zrn, Ilm, Mnz",,"Rutile, Zircon, Ilmenite, Monazite",,,,Erosional,Placer,Heavy mineral sands,,Nambour Basin,New England Orogen
573771,Duck Creek Mesa 6 (Brockman Mining Ltd),,WA,116.6659,-22.6078,mineral deposit,"Fe, FeOre",,"Iron, Iron ore",,,,,,,Warakurna Large Igneous Province,Hamersley Basin,Pilbara Craton
359166,Golden Road,,WA,121.2281,-30.5407,historic mine,Au,,Gold,,Yilgarn Craton,,,,,,Roe Paleovalley,West Australian Element
336071,Eureka - Sandstone,Sandstone Project,WA,119.249,-28.0957,historic mine,Au,,Gold,"Southern Cross Goldfields Limited, Troy Resources NL","Yilgarn Craton, Kalgoorlie Gold Metallogenic Province",Archean,,,,,,West Australian Element
336073,Peake,Ashburton Gold Project,WA,117.8746,-23.4312,historic mine,Au,,Gold,Northern Star Resources Limited,,Paleoproterozoic,,,,Warakurna Large Igneous Province,Ashburton Basin,Pilbara Craton
336075,Austar,"Bellbird, Pelton-Ellalong, Southland",NSW,151.3046,-32.8669,closed,Cbl,,Coal - black,"Yancoal Australia Limited, Austar Coal Mine Pty Ltd",Sydney Basin,,,,,,Sydney Basin,Eastern Province
336078,South Emu,Reedy's Project,WA,118.2669,-27.138,historic mine,Au,,Gold,"Metals X Limited, Reed Resources Limited","Yilgarn Craton, Murchison Domain (Youanmi Terrane)",Archean,Metamorphic hydrothermal,Orogenic,Mesozonal orogenic gold,Warakurna Large Igneous Province,,West Australian Element
336080,Vanguard Camp,,WA,119.4538,-28.1448,mineral deposit,Au,,Gold,Aurumin Limited,Yilgarn Craton,,,,,,,West Australian Element
336082,Corboys Find TC 9/10,Bronzewing Gold Project,WA,120.9695,-27.0817,mineral deposit,Au,,Gold,Navigator Resources Limited,Yilgarn Craton,Archean,,,,,,West Australian Element
336085,Redfin,Plutonic Project,WA,119.5615,-25.3074,historic mine,Au,,Gold,"Northern Star Resources Limited, Barrick Gold Corporation",Yilgarn Craton,,,,,Warakurna Large Igneous Province,Gascoyne Paleovalley,Marymia Dome
336086,Gallant,Lake Carey Project,WA,122.5271,-29.3147,mineral deposit,Au,,Gold,Midas Resources Limited,"Yilgarn Craton, Eastern Goldfields Province",Archean,,,,,Carey Paleovalley,West Australian Element
336087,Hamersley Iron - Brockman No 2,Brockman No2 Detritals,WA,117.3439,-22.4355,operating mine,"FeOre, Fe",,"Iron ore, Iron","Rio Tinto Limited, HIsmelt",Pilbara Craton,,,,,Warakurna Large Igneous Province,Hamersley Basin,Pilbara Craton
336088,Eleven Bells - Wallbrook,Porphyry Project,WA,122.3151,-29.8684,mineral deposit,Au,,Gold,"Saracen Mineral Holdings Limited, Jackson Gold Limited","Yilgarn Craton, Darlot Gold Metallogenic Province, Eastern Goldfields Province",Archean,,,,,,West Australian Element
336089,Twinings Group,Mt Holland Gold Project,WA,119.753,-32.075,historic mine,Au,,Gold,Convergent Minerals Limited,Yilgarn Craton,Archean,,,,,,West Australian Element
336090,Herbert Creek,,QLD,150.0245,-23.8022,mineral deposit,"Ag, Au",,"Silver, Gold",Conquest Mining Ltd,New England Orogen,Paleozoic,,,,,Bowen Basin,Connors-Auburn Province
336091,Kea,Gidgee Project,WA,119.4192,-27.2517,historic mine,Au,,Gold,Panoramic Resources Limited,Yilgarn Craton,Archean,,,,,Raeside Paleovalley,West Australian Element
336092,Swan Bitter,Gidgee Project,WA,119.4156,-27.2516,historic mine,Au,,Gold,"Horizon Gold Limited, Panoramic Resources Limited",Yilgarn Craton,Archean,,,,,Raeside Paleovalley,West Australian Element
336093,Miitel,,WA,121.6432,-31.5834,care and maintenance,Ni,"Co, Cu","Nickel, (Cobalt, Copper)",MIncor Resources NL,"Yilgarn Craton, Eastern Goldfields Province, Kambalda Nickel Metallogenic Province",Proterozoic,,,,,Lefroy Paleovalley,West Australian Element
336095,Pajingo,"Cindy, Jandam, Nancy, Pajingo Project, Scott, Vera, Veracity",QLD,146.4634,-20.548,operating mine,Au,Ag,"Gold, (Silver)",Minjar Gold Pty Ltd,"Drummond Basin, Drummond Basin, Pajingo Metallogenic Province",,Magmatic hydrothermal,Epithermal,Low-sulfidation (LS) epithermal gold-silver,,Drummond Basin,Thomson Orogen
336096,Sunrise Dam,"Cleo, Sunrise, Sunrise Dam Project",WA,122.4245,-29.0775,operating mine,Au,,Gold,AngloGold Ashanti Limited,"Yilgarn Craton, Eastern Goldfields Province, Kurnalpi Terrane",Archean,Metamorphic hydrothermal,Orogenic,Epizonal orogenic gold,,Carey Paleovalley,West Australian Element
336097,Curragh North,Pisces,QLD,148.8738,-23.3799,operating mine,Cbl,,Coal - black,Wesfarmers Limited,Bowen Basin,,,,,,Bowen Basin,Anakie Province
336098,Stockman,Stockman,VIC,147.9125,-36.9815,mineral deposit,"Cu, Zn, Au","Ag, Pb","Copper, Zinc, Gold, (Silver, Lead)",Aeris Resources Limited,"Lachlan Orogen, Lachlan Orogen, Benambra Base Metal Metallogenic Province, Enano Province",,Volcanic basin hydrothermal,Volcanogenic massive sulfide (VMS),Bimodal felsic VMS,,,Eastern Province
336099,Hawkins Hill,"Hawkins Hill-Reward, Hill End Project, Reward",NSW,149.4105,-33.05,mineral deposit,Au,,Gold,Vertex Minerals Limited,"Lachlan Orogen, Hill End Trough",Paleozoic,Metamorphic hydrothermal,Orogenic,Mesozonal orogenic gold,,,Eastern Province
336100,Spargoville - Location 5B,Spargoville-Location 2,WA,121.5029,-31.355,historic mine,Ni,"Au, Cu","Nickel, (Gold, Copper)",Estrella Resources,"Yilgarn Craton, Eastern Goldfields Province",Archean,,,,,,West Australian Element
336101,Catherwood,Kunanalling Project,WA,121.0616,-30.6698,historic mine,Au,,Gold,Phoenix Gold Limited,Yilgarn Craton,Archean,,,,,,West Australian Element
336102,Barmedman - Reefton,Temora Project,NSW,147.4,-34.1469,historic mine,Au,,Gold,Straits Resources Limited,"Lachlan Orogen, Lachlan Orogen, Adelong Gold Metallogenic Province",,,,,,,Central NSW - Omeo Province
336105,Browns,,NT,130.9975,-12.9939,historic mine,"Pb, Co, Ag, Ni, Zn, Cu",,"Lead, Cobalt, Silver, Nickel, Zinc, Copper",Compass Resources NL,Pine Creek Orogen,Proterozoic,Metamorphic hydrothermal,Orogenic,Orogenic copper ± gold,,,Pine Creek Orogen
336108,Hargraves,Windeyer,NSW,149.4671,-32.7894,historic mine,Au,,Gold,Hill End Gold Limited,"Lachlan Orogen, Hill End, Hill End Trough",Paleozoic,Metamorphic hydrothermal,Orogenic,Mesozonal orogenic gold,,,Eastern Province
336109,Iron Blow,Burnside Project,NT,131.552,-13.5137,historic mine,"Zn, Au, Ag","Cu, Pb","Zinc, Gold, Silver, (Copper, Lead)",PNX Metals Limited,"Pine Creek Orogen, Mount Todd Gold Metallogenic Province",Paleoproterozoic,Volcanic basin hydrothermal,Volcanogenic massive sulfide (VMS),Felsic-siliciclastic VMS,,,Pine Creek Orogen
512989,Federal,Golden Cities Project,WA,121.4133,-30.4126,historic mine,Au,,Gold,"Zijin Mining Group Company Ltd, Norton Gold Fields Limited",Yilgarn Craton,Archean,,,,,,West Australian Element
513609,Beyondie Iron,,WA,119.6708,-24.931,mineral deposit,"FeOre, Fe",,"Iron ore, Iron",Fenix Resources Limited,Yilgarn Craton,,,,,Warakurna Large Igneous Province,Gascoyne Paleovalley,Marymia Dome
513611,Mount Peake (Tivan),,NT,133.286,-21.637,mineral deposit,"V2O5, Fe, Ti, V","FeOre, TiO2","Vanadium pentoxide, Iron, Titanium, Vanadium, (Iron ore, Titanium dioxide)",Tivan Limited,Aileron Province,,Magmatic,Ultramafic and (or) mafic-layered intrusion,U-M layered intrusion iron-titanium-vanadium,Kalkarindji Igneous Province,Georgina Basin,Aileron Province
513616,Mount Webber (Atlas Iron),"Fender, Ibanez",WA,119.289,-21.537,operating mine,FeOre,Fe,"Iron ore, (Iron)",Atlas Iron Ltd,Pilbara Craton,,Basin chemical,Iron formation,,Warakurna Large Igneous Province,,Pilbara Craton
513629,Turner River (Atlas Iron),Mt Dove,WA,118.461,-20.937,mineral deposit,"Hem, Mag, Fe, FeOre",,"Hematite, Magnetite, Iron, Iron ore",Atlas Iron Ltd,Pilbara Craton,,,,,Warakurna Large Igneous Province,,Pilbara Craton
513704,Kingaroy (South Burnett),"EPC882, Kingaroy, MDL385, South Burnett",QLD,151.8549,-26.6123,mineral deposit,Cbl,,Coal - black,Moreton Resources Limited,Tarong Basin,,,,,,,New England Orogen
513706,Wandoan (Moreton),MDL 420,QLD,150.0338,-26.4361,mineral deposit,Cbl,,Coal - black,"Cougar Energy Ltd, Moreton Resources Limited",Surat Basin,,,,,,Surat Basin,Connors-Auburn Province
513708,Colton,"Burrum, Maryborough",QLD,152.702,-25.452,feasibility,Cbl,,Coal - black,New Hope Coal,Maryborough Basin,,,,,,Maryborough Basin,Tasman Element
513733,Brilliant - Kurnalpi,Kurnalpi Project,WA,122.2241,-30.5209,mineral deposit,Au,,Gold,KalNorth Gold Mines Limited,Yilgarn Craton,Archean,,,,,,West Australian Element
561110,Nova-Bollinger,Eye Prospect,WA,123.1924,-31.8199,operating mine,"Ni, Cu","Co, PGE","Nickel, Copper, (Cobalt, Platinum group elements)",IGO Ltd,Fraser Zone,,Magmatic,Ultramafic and (or) mafic intrusion,U-M intrusion nickel-copper-PGE,,,Fraser Zone
567434,Ironback Hill (Magnetite Mines),,SA,139.7013,-33.0602,mineral deposit,Fe,FeOre,"Iron, (Iron ore)",Magnetite Mines,Delamerian Orogen,,Basin chemical,Iron formation,,,,South Australian Element
567444,Jindarra,Yilgarn Avon JV,WA,118.6631,-30.5288,mineral deposit,"U, U3O8",,"Uranium, Uranium oxide","Mindax Limited, Mindax Ltd",,,,,,,Deborah Paleovalley,West Australian Element
567450,Yandegin,,WA,118.4263,-30.6803,mineral deposit,"U, U3O8",,"Uranium, Uranium oxide",Mindax Ltd,,,,,,,Deborah Paleovalley,West Australian Element
567537,Horseshoe - Mitakoodi,Duck Creek,QLD,140.2842,-20.9639,mineral deposit,Cu,"Co, Au","Copper, (Cobalt, Gold)",Young Australian Mines Ltd,Mount Isa Orogen,,,,,,,Mitakoodi Domain
567681,Dandaragan Potash Project,"Dandaragan, Dandaragan Trough, Dandaragan Trough Greensands, Dinner Hill",WA,115.6363,-30.4009,mineral deposit,"K2O, Lime, P2O5",,"Potash, Agricultural Lime, Phosphorus oxide",Richmond Resources Pty Ltd,,,,,,,Dandaragan Trough,Pinjarra Orogen
568062,Bennet Well (Yanrey Project),,WA,115.0757,-22.5326,mineral deposit,U,U3O8,"Uranium, (Uranium oxide)",Cauldron Energy Limited,,Mesozoic,,,,Warakurna Large Igneous Province,Northern Carnarvon Basin,West Australian Element
568082,Thanksgiving,,QLD,139.4337,-20.6805,mineral deposit,"U3O8, U",,"Uranium oxide, Uranium",Thanksgiving,Mount Isa Orogen,,Regional metasomatic,Alkali-calcic,Albitite-hosted uranium,,,Leichhardt River Domain
568084,Bambino,,QLD,139.421,-20.6795,mineral deposit,"U3O8, U",,"Uranium oxide, Uranium",Deep Yellow Limited,Mount Isa Orogen,,Regional metasomatic,Alkali-calcic,Albitite-hosted uranium,,,Sybella Domain
568148,Davidson Creek (Atlas Iron),,WA,120.5091,-23.4206,mineral deposit,FeOre,Fe,"Iron ore, (Iron)",Atlas Iron Ltd,Hamersley Basin,,,,,Kalkarindji Igneous Province,Fortescue Basin,Pilbara Craton
568150,Sandy Creek / Artemis,Artemis,QLD,140.803,-20.9785,mineral deposit,"Cu, Au",,"Copper, Gold",AIC Mines Ltd,Mount Isa Orogen,,,,,,,Soldiers Cap Domain
568208,Nowthanna Hill,,WA,118.6803,-27.0553,mineral deposit,"U, U3O8, V2O5",,"Uranium, Uranium oxide, Vanadium pentoxide",Australian Vanadium Ltd,,,,,,,Hope Paleovalley,West Australian Element
568312,Hollandaire,Eelya Project,WA,118.1883,-27.3555,mineral deposit,Cu,"Au, Ag","Copper, (Gold, Silver)","Musgrave Minerals Ltd, Cyprium Metals Ltd","Yilgarn Craton, Murchison Domain (Youanmi Terrane)",Archean,Volcanic basin hydrothermal,Volcanogenic massive sulfide (VMS),Bimodal felsic VMS,,,West Australian Element
568313,Miaree magnetite,,WA,116.5251,-20.8731,mineral deposit,Fe,FeOre,"Iron, (Iron ore)",Iron Mountain Mining Limited,Pilbara Craton,,Basin chemical,Iron formation,Superior-type banded iron formation,Warakurna Large Igneous Province,,Pilbara Craton
568323,Red Bore,,WA,119.348,-25.5443,mineral deposit,Cu,Au,"Copper, (Gold)",Thundelarra Exploration,Yilgarn Craton,,Volcanic basin hydrothermal,Volcanogenic massive sulfide (VMS),Mafic-siliciclastic VMS,Warakurna Large Igneous Province,Bryah Basin,West Australian Element
568352,Grants Iron Ore,,SA,140.6189,-32.415,mineral deposit,Fe,FeOre,"Iron, (Iron ore)",Havilah Resources NL,New England Orogen,,Basin chemical,Iron formation,,,,South Australian Element
568354,Green Dragon,Thaduna,WA,119.7343,-25.4624,mineral deposit,Cu,Ag,"Copper, (Silver)","Ventnor Resources limited, Sandfire Resources NL",Yilgarn Craton,,,,,Warakurna Large Igneous Province,Yerrida Basin,West Australian Element
568357,Desolation,White Range,QLD,140.5565,-21.0479,mineral deposit,"Cu, Co, Au",,"Copper, Cobalt, Gold",Fetch Metals,Mount Isa Orogen,,,,,,,Marimo-Staveley Domain
568371,Ophthalmia,,WA,119.5965,-23.1214,mineral deposit,FeOre,Fe,"Iron ore, (Iron)","Brockman Mining limited, Polaris Metals NL",Hamersley Basin,,,,,Warakurna Large Igneous Province,Hamersley Basin,Pilbara Craton
568432,Hinge Iron,,WA,116.8711,-29.0228,closed,FeOre,Fe,"Iron ore, (Iron)",Karara Mining Ltd,Yilgarn Craton,,,,,,,West Australian Element
568571,Pannawonica CID (Red Hill Iron),,WA,116.1369,-21.6456,mineral deposit,FeOre,Fe,"Iron ore, (Iron)",Red HIll Iron Limited,Hamersley Basin,,,,,Warakurna Large Igneous Province,Ashburton Basin,Pilbara Craton
568934,White Rock (Mt Carrington),"Mt Carrington Project, White Rock",NSW,152.3372,-28.9353,mineral deposit,Ag,,Silver,White Rock Minerals,New England Orogen,,,,,,,New England Orogen
568936,White Rock North (Mt Carrington),"Mt Carrington Project, White Rock",NSW,152.3349,-28.9284,mineral deposit,Ag,,Silver,White Rock Minerals,New England Orogen,,,,,,,New England Orogen
568938,Silver King (Mt Carrington),"Mt Carrington Project, White Rock",NSW,152.3846,-28.9149,historic mine,Ag,,Silver,White Rock Minerals,New England Orogen,,,,,,,New England Orogen
568940,Back Creek,,QLD,150.2833,-26.2833,mineral deposit,Cbl,,Coal - black,Allegiance Coal Ltd,Surat Basin,,,,,,Surat Basin,Connors-Auburn Province
568960,Injune,,QLD,148.3,-25.45,mineral deposit,Cbl,,Coal - black,Baosteel Group Corp,Surat Basin,,,,,,Surat Basin,Anakie Province
568964,Thorn Hill,,QLD,150.175,-26.1167,mineral deposit,Cbl,,Coal - black,Cuesta Coal Limited,Surat Basin,,,,,,Surat Basin,Connors-Auburn Province
865433,Hancock Iron Ore,,,119.733,-23.2177,mineral deposit,"Hem, FeOre, Fe",,"Hematite, Iron ore, Iron",Alien Metals Ltd,,,,,,Warakurna Large Igneous Province,Hamersley Basin,Pilbara Craton
865441,Mount Celia,,,122.4979,-29.4596,mineral deposit,Au,,Gold,Legacy Iron Ore Limited,,,,,,,,West Australian Element
865464,Old Highway,,,119.1646,-25.6492,mineral deposit,Au,,Gold,Sandfire Resources NL,,,,,,Warakurna Large Igneous Province,Bryah Basin,West Australian Element
865599,McIntyre,,,119.2831,-28.0922,mineral deposit,Au,,Gold,Aurumin Limited,,,,,,,,West Australian Element
865601,Eureka,,,119.249,-28.0957,mineral deposit,Au,,Gold,Aurumin Limited,,,,,,,,West Australian Element
865609,Green Light,,,121.1865,-30.9171,mineral deposit,Au,,Gold,Focus Minerals Limited,,,,,,,,West Australian Element
865613,CNX,,,121.1912,-30.9205,mineral deposit,Au,,Gold,Focus Minerals Limited,,,,,,,,West Australian Element
865615,Hillside,,,121.1758,-30.9482,mineral deposit,Au,,Gold,Focus Minerals Limited,,,,,,,,West Australian Element
865627,East Sampson Dam,Silver Swan North,,121.583,-30.3842,mineral deposit,Au,"Ag, Ni","Gold, (Silver, Nickel)",Moho Resources Ltd,,,,,,,,West Australian Element
865629,Primrose Gold Project,Payne's Find,,117.6878,-29.2508,mineral deposit,Au,,Gold,Reach Resources Ltd,,,,,,,,West Australian Element
865653,Maranoa,,,121.0778,-29.6953,mineral deposit,Au,,Gold,Resources & Energy Group Limited,,,,,,,,West Australian Element
865658,Bullocks,,,117.8242,-28.0546,mineral deposit,Au,,Gold,Ramelius Resources Limited,,,,,,,,West Australian Element
865660,Franks Tower,,,117.7925,-28.0686,mineral deposit,Au,,Gold,Ramelius Resources Limited,,,,,,,,West Australian Element
865663,Orion,,,117.79,-28.0717,mineral deposit,Au,,Gold,Ramelius Resources Limited,,,,,,,,West Australian Element
865665,Golden Treasure,,,117.832,-27.9634,mineral deposit,Au,,Gold,Ramelius Resources Limited,,,,,,,,West Australian Element
865668,Wedge - Lancefield North,,,122.3947,-28.53,mineral deposit,Au,,Gold,Focus Minerals Limited,,,,,,,,West Australian Element
865697,Camelback Bore,,,122.2539,-29.1732,mineral deposit,"Co, Ni, Fe","Al, Mg","Cobalt, Nickel, (Aluminium, Iron, Magnesium)",Glencore Plc,,,,,,,,West Australian Element
866811,Goschen,,,143.4509,-35.6032,under development,"Ilm, Rt, Leu, Zrn, Mnz, Xen, REO",,"Ilmenite, Rutile, Leucoxene, Zircon, Monazite, Xenotime, Rare earth oxides",VHM Limited,Murray Basin,,Erosional,Placer,Heavy mineral sands,,Murray Basin,Stawell Zone
866841,Andover,,,117.1182,-20.8545,mineral deposit,"Ni, Cu",Co,"Nickel, Copper, (Cobalt)","Creasy Group Ltd, Azure Minerals Ltd",,,,,,Warakurna Large Igneous Province,,Pilbara Craton
867060,Manna Project,,,122.5373,-30.871,mineral deposit,"Li2O, Ta2O5",,"Lithium oxide, Tantalum pentoxide",Global Lithium Resources Ltd,,,Magmatic,Pegmatite,LCT pegmatite,,,West Australian Element
867640,HJ Reef,,,140.4772,-20.6746,mineral deposit,HPQ,,Quartz - high purity,Lava Blue Pty Ltd,,,,,,,,Mitakoodi Domain
869704,Baker Area,,,121.7965,-31.348,mineral deposit,"Ni, Cu, PGE, Pt","Co, Pd","Nickel, (Cobalt, Copper, Platinum group elements, Platinum, Palladium)",Lunnon Metals Ltd,,,,,,,,West Australian Element
869987,Gunnawarra,,,145.1396,-17.9485,mineral deposit,"Ni, Co, Cu",,"Nickel, Cobalt, Copper",Ark Mines Ltd,,,,,,,,Thomson Orogen
869992,Kurrajong,,,146.9202,-31.4228,mineral deposit,"Cu, Au",Ag,"Copper, Gold, (Silver)",Aeris Resources Limited,,,,,,,,Central NSW - Omeo Province
870279,T5,,,121.621,-30.0584,mineral deposit,"Ni, Cu, Co, Pt, Pd, Ag",,"Nickel, Copper, Cobalt, Platinum, Palladium, Silver",Estrella Resources,,,,,,,,West Australian Element
870283,LN04a Cu-Co Resource,,,121.6784,-31.1778,mineral deposit,"Ni, Cu, Co",,"Nickel, Copper, Cobalt",Wyloo Pty Ltd,,,,,,,,West Australian Element
870287,Ridgeline,,,117.1143,-20.8515,mineral deposit,"Ni, Cu, Co",,"Nickel, Copper, Cobalt",Azure Minerals Ltd,,,,,,Warakurna Large Igneous Province,,Pilbara Craton
870298,Gossan Valley Deposits,,,116.9848,-28.7629,mineral deposit,"Ag, Pb, Zn, Cu, Au",,"Silver, Lead, Zinc, Copper, Gold",29Metals Ltd,,,,,,,,West Australian Element
870299,Golden Grove - Other,,,116.9848,-28.7629,mineral deposit,"Ag, Pb, Zn, Cu, Au",,"Silver, Lead, Zinc, Copper, Gold",29Metals Ltd,,,,,,,,West Australian Element
870387,Lindfield,,,142.0151,-20.6073,mineral deposit,"V2O5, Al2O3, HPA",Mo,"Vanadium pentoxide, Alumina, Alumina - High Purity, (Molybdenum)",Critical Minerals Group Ltd,,,Basin chemical,Black shale,Black shale vanadium ± Mo ± Ni,,Galilee Basin,Soldiers Cap Domain
877734,Parmelia,,,120.9717,-27.5607,mineral deposit,Au,,Gold,Yandal Resources Limited,,,,,,,,West Australian Element
877736,TIO,Lode Rutile,,144.2582,-17.096,mineral deposit,"Rt, TiO2",,"Rutile, Titanium dioxide",Australian Rutile Pty Ltd,,,,,,,Etheridge Province,Tasman Element
878104,Stockyard HPSS,,,115.1422,-30.0162,mineral deposit,HPSi,,Silica - High Purity,Industrial Minerals Ltd,,,,,,,Perth Basin,Pinjarra Orogen
880261,Hawks Nest,,,122.3759,-28.6325,mineral deposit,Au,,Gold,Magnetic Resources NL,,,,,,,,West Australian Element
880764,Lady Julie,,,122.3759,-28.6325,mineral deposit,Au,,Gold,Magnetic Resources NL,,,,,,,,West Australian Element
880770,Mount Jumbo,,,122.3759,-28.6325,mineral deposit,Au,,Gold,Magnetic Resources NL,,,,,,,,West Australian Element
880772,Homeward Bound South,,,122.3759,-28.6325,mineral deposit,Au,,Gold,Magnetic Resources NL,,,,,,,,West Australian Element
881818,Minyari South,,,122.2566,-21.3863,mineral deposit,"Au, Cu, Co",Ag,"Gold, Copper, Cobalt, (Silver)",Antipa Minerals Limited,,,,,,Kalkarindji Igneous Province,Yeneena Basin,Paterson Orogen
881820,Sundown,,,122.2525,-21.3834,mineral deposit,"Ag, Cu, Au, Co",,"Silver, Copper, Gold, Cobalt",Antipa Minerals Limited,,,,,,Kalkarindji Igneous Province,Yeneena Basin,Paterson Orogen
881822,WACA West,,,122.2519,-21.3904,mineral deposit,"Au, Cu, Co",Ag,"Gold, Copper, Cobalt, (Silver)",Antipa Minerals Limited,,,,,,Kalkarindji Igneous Province,Yeneena Basin,Paterson Orogen
887380,Tropicana North,,,124.9336,-28.7386,mineral deposit,Au,,Gold,"Thunderstruck Investments Pty Ltd, Carawine Resources Limited",,,,,,,Officer Basin,Biranup Zone
336015,Tregoora,Tregoora,QLD,144.55,-16.5803,mineral deposit,"Au, Ag, Sb",,"Gold, Silver, Antimony",Republic Gold Ltd.,"Hodgkinson Gold Metallogenic Province, Hodgkinson Province",,Metamorphic hydrothermal,Orogenic,Epizonal orogenic antimony ± gold,,,Mossman Orogen
336016,The Blow,"Iron Blow, Mt Lyell",TAS,145.5907,-42.0683,historic mine,"Ag, Cu, Au",,"Silver, Copper, Gold",Vedanta Resources PLC,"Dundas Trough, Mount Lyell Copper-Gold Metallogenic Province",,,,,,Thylacine Province,Delamerian Orogen
336017,Mulga Rock,"Ambassador, Emperor, Mulga Rock East, Mulga Rock West, Officer Basin, Shogun",WA,123.592,-29.9043,under development,"U, Sc, Ni, U3O8, Zn","Co, Cu","Uranium, (Cobalt, Scandium, Nickel, Uranium oxide, Zinc, Copper)",Deep Yellow Limited,Officer Basin,Cenozoic,,,,,,West Australian Element
336018,Redbank,"Azurite, Bluff, Punchbowl, Roman Nose, Sandy Flat",NT,137.7435,-17.1932,care and maintenance,Cu,,Copper,Redbank Copper Limited,McArthur Basin,Proterozoic,Magmatic hydrothermal,Breccia pipe,Breccia pipe copper,,McArthur Basin,North Australian Element
336023,Dimbulah,Eureka Creek,QLD,144.1,-17.097,mineral deposit,Cu,,Copper,Tartana Minerals,Georgetown Block,,,,,,Etheridge Province,North Australian Element
336032,New Acland,"Acland, Glen Roslyn, Manningvale East, Manningvale West, Sabine",QLD,151.7078,-27.2696,care and maintenance,Cbl,,Coal - black,New Hope Coal,Clarence-Moreton Basin,,,,,,Clarence-Moreton Basin,New England Orogen
336033,Centurion,"Centurion, North Goonyella",QLD,147.9766,-21.6476,under development,Cbl,,Coal - black,Peabody Energy Corp.,Bowen Basin,,,,,,Bowen Basin,Anakie Province
336035,Gabanintha Au-Cu Project,Gabanintha Project,WA,118.6444,-26.9179,historic mine,"Ni, Cu, Co",Au,"Nickel, Copper, Cobalt, (Gold)",Monument Mining Limited,"Yilgarn Craton, Murchison Province, Murchison Domain",Archean,Magmatic,Komatiite,Komatiite nickel-copper-PGE,Warakurna Large Igneous Province,,West Australian Element
336037,Eloise,,QLD,140.9799,-20.9549,operating mine,"Cu, Ag, Au",,"Copper, Silver, Gold",AIC Mines Ltd,"Mount Isa Inlier, Mount Isa Orogen, Selwyn Metallogenic Province, Soldiers Cap Domain",Mesoproterozoic,Regional metasomatic,Metasomatic iron,Iron sulfide polymetallic,,Eromanga Basin,Soldiers Cap Domain
336045,Ravenswood,,QLD,146.88,-20.0969,operating mine,Au,Ag,"Gold, (Silver)","EMR Capital Group, Golden Energy and Resources Limited","Charters Towers Province, Lolworth-Ravenswood Block, Ravenswood, Ravenswood Igneous Subprovince",,Magmatic hydrothermal,Intrusion-related,Oxidized intrusion-related gold,,,Charters Towers Province
336047,Yallourn,"East Field, Maryvale Field, Yallourn East, Yallourn Township",VIC,146.3604,-38.1951,operating mine,Cbr,,Coal - brown,"CLP Holdings, TRU Energy",Gippsland Basin,Cenozoic,,,,,Selwyn Province,Melbourne-Mathinna Zone
336049,Emerald - Rumour,Chatterbox Shear Project,WA,122.3119,-28.668,mineral deposit,Au,,Gold,Focus Minerals Limited,"Yilgarn Craton, Eastern Goldfields Province",Archean,,,,,,West Australian Element
336050,Clarence,includes Blue Mountains,NSW,150.2439,-33.4565,operating mine,Cbl,,Coal - black,Banpu Public Company Limited,Sydney Basin,,,,,,Sydney Basin,Eastern Province
336051,Lock,,SA,135.5818,-33.5614,mineral deposit,Cbl,,Coal - black,Energy Exploration Ltd,Polda Basin,,,,,,Polda Basin,South Australian Element
336052,Merlin,"Excalibur, Launfal, Palomides, Sacramore, Tristram, etc",NT,136.3451,-16.848,feasibility,Dmd,Dmdg,"Diamond - undifferentiated, (Diamond - gem and cheap gem)",Lucapa Diamond Company Limited,McArthur Basin,,Magmatic,Kimberlite,Kimberlite diamond,,Georgina Basin,North Australian Element
336054,Lake Rebecca Nickel,"Mulgabbie?, North Rebecca, South Rebecca",WA,122.357,-30.0655,mineral deposit,"Ni, Co",,"Nickel, Cobalt",Ardea Resources Limited,"Yilgarn Craton, Eastern Goldfields Province",Cenozoic,,,,,Rebecca Paleovalley,West Australian Element
336057,Mount Ararat,"Ararat, Mt Ararat",VIC,142.8679,-37.3129,mineral deposit,"Cu, Ag","Au, Zn","Copper, (Gold, Silver, Zinc)",Stavely Minerals Limited,"Lachlan Orogen, Grampians-Stavely Zone, Heathcote Igneous Province",Paleozoic,Volcanic basin hydrothermal,Volcanogenic massive sulfide (VMS),Mafic-siliciclastic VMS,,,Stawell Zone
336060,PPP,Plutonic Dome Project,WA,119.6499,-25.1995,historic mine,Au,Ag,"Gold, (Silver)","Vango Mining Ltd, Dampier Gold Limited",Yilgarn Craton,,,,,Warakurna Large Igneous Province,,Marymia Dome
336061,Wee Macgregor,,QLD,139.9431,-20.9094,mineral deposit,"Cu, Au",,"Copper, Gold",Cape Lambert Resources Ltd,Mount Isa Orogen,Proterozoic,,,,,,Mary Kathleen Domain
336062,Lotus South - Mt McClure,Bronzewing Gold Project,WA,120.9324,-27.41,mineral deposit,Au,,Gold,Navigator Resources Limited,Yilgarn Craton,Archean,unknown,unknown,unknown,,,West Australian Element
336063,South Junction,Yaloginda Project,WA,118.423,-26.7239,historic mine,Au,,Gold,"Metals X Limited, Reed Resources Limited",Yilgarn Craton,Archean,,,,Warakurna Large Igneous Province,Hope Paleovalley,West Australian Element
336064,Moranbah South,,QLD,148.0399,-22.0565,mineral deposit,Cbl,,Coal - black,"Anglo American Plc, Exxaro resources Ltd., South Africa",Bowen Basin,,,,,,Drummond Basin,Anakie Province
336066,Mount Gunyan,"Mt Gunyan, Twin Hills Project",QLD,151.2905,-28.8306,under development,"Ag, Pb","Au, Zn","Silver, (Gold, Lead, Zinc)",Thomson Resources Ltd,"New England Orogen, Woolomin Province",,Magmatic hydrothermal,Epithermal,Low-sulfidation (LS) epithermal gold-silver,,,New England Orogen
336067,Granny Venn,,WA,121.092,-29.6608,mineral deposit,Au,,Gold,Resources & Energy Group Limited,Yilgarn Craton,,,,,,,West Australian Element
336069,Maninga Marley,,WA,119.4895,-28.1731,mineral deposit,Au,,Gold,"Alto Metals Ltd, Troy Resources NL",Yilgarn Craton,,unknown,unknown,unknown,,,West Australian Element
336070,Gladiator North,Central Laverton Project,WA,122.3566,-28.6198,mineral deposit,Au,,Gold,Focus Minerals Limited,"Yilgarn Craton, Eastern Goldfields Province",Archean,,,,,,West Australian Element
467218,Carolina,Tottenham,NSW,147.448,-32.2205,mineral deposit,"Cu, Au",,"Copper, Gold",Locksley Resources Limited,"Lachlan Orogen, Girilambone Zone",,unknown,unknown,unknown,,,Central NSW - Omeo Province
467228,Webbs,Webbs Silver Project,NSW,151.5477,-29.3469,historic mine,"Ag, Zn, Cu",Pb,"Silver, Zinc, Copper, (Lead)",Silver Mines Limited,New England Orogen,,Magmatic hydrothermal,Epithermal,Intermediate-sulfidation (IS) epithermal silver-gold ± Zn,,,New England Orogen
467235,Reliance,Flinders Project,SA,138.4103,-30.6358,mineral deposit,"Zn, Pb",,"Zinc, Lead",Perilya Limited,Delamerian Orogen,,,,,,,South Australian Element
467236,Myrtle,,NT,136.0326,-16.5754,mineral deposit,"Zn, Pb",,"Zinc, Lead",Rox Resources Limited,McArthur Basin,,Basin hydrothermal,Sediment-hosted,Siliciclastic-carbonate zinc-lead,,McArthur Basin,North Australian Element
467238,Wonawinta,Cobar,NSW,145.7322,-32.2181,under development,"Ag, Pb",,"Silver, Lead",Manuka Resources ltd.,"Delamerian Orogen, Cobar Basin",,Supergene,Supergene,Supergene silver,,Yathong Trough,Delamerian Orogen
467240,Sunshine,,TAS,145.3134,-41.9045,mineral deposit,"Zn, Ag, Pb",,"Zinc, Silver, Lead",Stonehenge Metals,Delamerian Orogen,,,,,,Thylacine Province,Delamerian Orogen
467253,Watta,,QLD,139.4531,-20.1529,mineral deposit,"U, U3O8",,"Uranium, Uranium oxide",Paladin Energy Limited,Mount Isa Orogen,Proterozoic,Regional metasomatic,Alkali-calcic,Albitite-hosted uranium,,,Leichhardt River Domain
467257,Augusta,"C Lode, Costerfield Project, E Lode, N Lode, W Lode",VIC,144.8024,-36.8987,mineral deposit,"Au, Sb",,"Gold, Antimony",Mandalay Resources Corporation,Lachlan Orogen,,,,,,Selwyn Province,Melbourne-Mathinna Zone
467260,Whitewash,,QLD,150.875,-24.8065,mineral deposit,"Mo, Cu",Ag,"Molybdenum, Copper, (Silver)",Aeon Metals Limited,New England Orogen,,,,,,,Yarrol Province
467268,Djibitgun,Manbarrum,NT,129.2726,-15.2974,mineral deposit,"Pb, Zn, Ag",,"Lead, Zinc, Silver",TNG Limited,Bonaparte Basin,,Basin hydrothermal,Mississippi Valley-type (MVT),MVT zinc-lead,Kalkarindji Igneous Province,Petrel Sub-basin,Halls Creek Orogen
467786,Prospect Hill,South Ridge,SA,139.5313,-29.7918,mineral deposit,Sn,,Tin,Havilah Resources NL,Curnamona Province,,,,,,,Curnamona Province
467794,Lounge Lizard Nickel,,WA,119.6876,-32.4301,operating mine,"Cu, Ni, Co",,"Copper, Nickel, Cobalt",Western Areas Limited,Yilgarn Craton,,,,,,,West Australian Element
467799,Ned Kelly,,QLD,139.9827,-20.0259,mineral deposit,Cu,,Copper,Matrix metals,Mount Isa Orogen,,,,,,,Mary Kathleen Domain
467805,Mount Millicent,,QLD,139.99,-19.9576,mineral deposit,Cu,,Copper,Matrix metals,Mount Isa Orogen,,,,,,,Mary Kathleen Domain
467811,Thursdays Gossan,"Stavely, TGC Deposit",VIC,142.6124,-37.6078,mineral deposit,Cu,"Ag, Au","Copper, (Silver, Gold)",Stavely Minerals Limited,"Delamerian Orogen, Grampians-Stavely Zone",,Magmatic hydrothermal,Porphyry,Porphyry copper-molybdenum,,,Delamerian Orogen
467826,Deadmans Gully,,QLD,145.3049,-17.5863,historic mine,Sn,Fe,"Tin, (Iron)",Huntore,"Mossman Orogen, Hodgkinson Province",,Magmatic hydrothermal,Skarn,Skarn tin ± copper ± Mo,,,Mossman Orogen
512259,Pebbles,Western Tanami Project,WA,128.8035,-19.9511,mineral deposit,Au,,Gold,"Northern Star Resources Limited, Tanami Gold NL",Tanami Orogen,Proterozoic,,,,Kalkarindji Igneous Province,,Tanami Orogen
512261,Whirling Dervish,Carosue Dam Project,WA,122.3588,-30.1434,operating mine,Au,,Gold,Saracen Mineral Holdings Limited,Yilgarn Craton,Archean,Metamorphic hydrothermal,Orogenic,Mesozonal orogenic gold,,,West Australian Element
512335,Brunt,,NSW,151.15,-29.1333,mineral deposit,Cbl,,Coal - black,Whitehaven Coal Limited,Ashford Basin,,,,,,,New England Orogen
512348,Kogan,Underground Coal Gasification,QLD,150.7415,-27.0591,mineral deposit,Cbl,,Coal - black,Carbon Energy Limited,Surat Basin,,,,,,Surat Basin,Connors-Auburn Province
512353,Blackall (EPC 1149),located in Eromanga Basin,QLD,145.4164,-24.8565,mineral deposit,Cbl,,Coal - black,"East Energy Resources Limited, AustChina Holdings Limited",Eromanga Basin,,,,,,Adavale Basin,Thomson Orogen
512356,Langloh,Hamilton,TAS,146.767,-42.51,mineral deposit,Cbl,,Coal - black,"Advaita Power Resources Pty Ltd, Spitfire Resources Limited",Tasmania Basin,,,,,,Tasmania Basin,Delamerian Orogen
512358,Sienna,,QLD,148.6757,-22.7967,mineral deposit,Cbl,,Coal - black,Norton Gold Fields Limited,Bowen Basin,,,,,,Bowen Basin,Anakie Province
512476,South Galilee,Alpha,QLD,146.4604,-23.735,mineral deposit,Cbl,,Coal - black,"Bandanna Energy Limited, Fitzroy Mining Operations Pty Ltd, Enterprise Energy NL",Galilee Basin,,,,,,Drummond Basin,Thomson Orogen
512488,Duchess-Paradise,,WA,124.513,-18.158,mineral deposit,Cbl,,Coal - black,Rey Resources Ltd,Canning Basin,,,,,Kalkarindji Igneous Province,Canning Basin,North Australian Element
512500,Anthiby Well,,WA,116.697,-22.826,mineral deposit,"FeOre, Fe",,"Iron ore, Iron",Atlas Iron Ltd,Pilbara Craton,,,,,Warakurna Large Igneous Province,Ashburton Basin,Pilbara Craton
512503,Iron Valley (BC Iron),,WA,119.3171,-22.7201,operating mine,FeOre,Fe,"Iron ore, (Iron)","BC Iron Ltd, Iron Ore Holdings Ltd",Pilbara Craton,,,,,Warakurna Large Igneous Province,Hamersley Basin,Pilbara Craton
512507,Pilbara (Flinders),"Ajax, Anvil, Area D, Blackjack, Champion, Delta, Eagle",WA,117.446,-22.118,mineral deposit,"Fe, FeOre",,"Iron, Iron ore",Flinders Mines Ltd,Pilbara Craton,,,,,Warakurna Large Igneous Province,Hamersley Basin,Pilbara Craton
512513,Gum Flat (Lincoln Minerals),"Barns, Rifle Range, Sheoak West",SA,135.694,-34.706,mineral deposit,FeOre,Fe,"Iron ore, (Iron)",Lincoln Minerals Limited,Gawler Craton,,Basin chemical,Iron formation,Superior-type banded iron formation,,,South Australian Element
512516,Wodgina (Atlas Iron),"Anson, Arvo, Constellation, Dragon, Electra, Navajo",WA,118.6595,-21.2073,closed,FeOre,Fe,"Iron ore, (Iron)",Atlas Iron Ltd,Pilbara Craton,,Volcanic basin hydrothermal,Volcanogenic,Algoma-type banded iron formation,Warakurna Large Igneous Province,,Pilbara Craton
568981,Hyperion (Suplejack),,NT,130.079,-19.56,mineral deposit,Au,,Gold,Prodigy Gold NL,Tanami Orogen,,Metamorphic hydrothermal,Orogenic,Mesozonal orogenic gold,Kalkarindji Igneous Province,,Tanami Orogen
568992,Kauffmans,"Homestead, Rannes Project",QLD,150.1061,-24.1881,mineral deposit,"Au, Ag",,"Gold, Silver",SolGold plc,New England Orogen,,,,,,Bowen Basin,Connors-Auburn Province
568994,Cracklin Rosie,Rannes Project,QLD,150.1122,-24.2409,mineral deposit,"Au, Ag",,"Gold, Silver",SolGold plc,New England Orogen,,,,,,Bowen Basin,Connors-Auburn Province
568996,Porcupine,Rannes Project,QLD,150.1266,-24.1967,mineral deposit,"Ag, Au",,"Silver, Gold",SolGold plc,New England Orogen,,,,,,Bowen Basin,Connors-Auburn Province
568998,Lochinvar (Cockatoo Coal),,QLD,149.7167,-24.0167,mineral deposit,Cbl,,Coal - black,"Bunji Corporation Ltd, Baralaba Coal Company Limited",Bowen Basin,,,,,,Bowen Basin,Anakie Province
569027,Bushranger (Coal),,QLD,150.2457,-26.2727,mineral deposit,Cbl,,Coal - black,"Bunji Corporation Ltd, Baralaba Coal Company Limited",Surat Basin,,,,,,Surat Basin,Connors-Auburn Province
569030,Amberley ,,QLD,152.7083,-27.7,mineral deposit,Cbl,,Coal - black,Wintime Energy Co. Ltd,Clarence-Moreton Basin,,,,,,Clarence-Moreton Basin,New England Orogen
569086,Golden Kilometre,Mount Pleasant Project,WA,121.235,-30.5193,historic mine,Au,,Gold,"Zijin Mining Group Company Ltd, Norton Gold Fields Limited",Yilgarn Craton,Archean,Metamorphic hydrothermal,Orogenic,Mesozonal orogenic gold,,,West Australian Element
569089,Extension Hill Magnetite (Asia Iron Australia Ltd),,WA,117.1614,-29.5772,mineral deposit,Fe,FeOre,"Iron, (Iron ore)",Asia Iron Australia Limited,Yilgarn Craton,Archean,,,,,,West Australian Element
569095,Belview,,QLD,149.0,-23.6833,mineral deposit,Cbl,,Coal - black,Stanmore Coal Limited,Bowen Basin,,,,,,Bowen Basin,Anakie Province
569109,Tennyson,,QLD,148.1,-23.4833,mineral deposit,Cbl,,Coal - black,Stanmore Coal Limited,Bowen Basin,,,,,,Bowen Basin,Anakie Province
569136,Maryborough Basin T9 West,,QLD,152.45,-25.85,mineral deposit,Cbl,,Coal - black,Tiaro Coal Limited,Maryborough Basin,,,,,,Nambour Basin,New England Orogen
569149,Nannine Project,,WA,118.3464,-26.8848,historic mine,Au,,Gold,Westgold Resources Limited,Yilgarn Craton,Archean,,,,Warakurna Large Igneous Province,,West Australian Element
569152,Five Mile Well,Meekatharra North Project,WA,118.5409,-26.5293,historic mine,Au,,Gold,"Metals X Limited, Reed Resources Limited, Westgold Resources Limited",Yilgarn Craton,Archean,,,,Warakurna Large Igneous Province,,West Australian Element
569161,Davyhurst Mill,Davyhurst Project,WA,120.6706,-30.0362,historic mine,Au,,Gold,"Ora Banda Mining Ltd, Swan Gold Mining Limited",Yilgarn Craton,,,,,,,West Australian Element
569163,Riverina Project,Riverina Project,WA,120.5652,-29.7519,historic mine,Au,,Gold,Ora Banda Mining Ltd,Yilgarn Craton,Archean,,,,,,West Australian Element
569165,Silver Tongue,Riverina Project,WA,120.577,-29.7427,mineral deposit,Au,,Gold,Ora Banda Mining Ltd,Yilgarn Craton,Archean,,,,,,West Australian Element
569167,Forehand,Riverina Project,WA,120.5745,-29.7505,mineral deposit,Au,,Gold,Ora Banda Mining Ltd,Yilgarn Craton,Archean,,,,,,West Australian Element
569169,Makai Shoot,Davyhurst Project,WA,120.6632,-30.0291,historic mine,Au,,Gold,"Ora Banda Mining Ltd, Swan Gold Mining Limited",Yilgarn Craton,Archean,,,,,,West Australian Element
569171,Mount Banjo,Davyhurst Project,WA,120.6509,-30.1567,mineral deposit,Au,,Gold,"Ora Banda Mining Ltd, Swan Gold Mining Limited",Yilgarn Craton,Archean,,,,,,West Australian Element
569181,Hickman (Atlas Iron),"Hickman, McCamey's North, Warrawanda, Western Creek",WA,120.0393,-23.7068,mineral deposit,"FeOre, Fe",,"Iron ore, Iron",Atlas Iron Ltd,Pilbara Craton,,,,,Warakurna Large Igneous Province,,Sylvania Dome
569183,Galaxy - Wiluna,Matilda Gold Project,WA,120.2011,-26.5195,mineral deposit,Au,,Gold,Blackham Resources Limited,Yilgarn Craton,Archean,,,,Warakurna Large Igneous Province,,West Australian Element
569187,Baldric,Wiluna Project,WA,120.2436,-26.6199,mineral deposit,Au,,Gold,Apex Minerals NL,Yilgarn Craton,Archean,,,,,,West Australian Element
569194,Burgandy - Calais,Wiluna Project,WA,120.2421,-26.6235,mineral deposit,Au,,Gold,"Apex Minerals NL, Blackham Resources Limited",Yilgarn Craton,Archean,,,,,,West Australian Element
569199,East Lode,Wiluna Project,WA,120.2397,-26.6337,mineral deposit,Au,,Gold,"Apex Minerals NL, Blackham Resources Limited",Yilgarn Craton,Archean,,,,,Carey Paleovalley,West Australian Element
569203,West Lode - Calvert (Wiluna),Wiluna Project,WA,120.2381,-26.6309,historic mine,Au,,Gold,"Apex Minerals NL, Blackham Resources Limited",Yilgarn Craton,Archean,,,,,,West Australian Element
569208,Happy Jack,,WA,120.2394,-26.6201,historic mine,Au,,Gold,"Apex Minerals NL, Blackham Resources Limited",Yilgarn Craton,Archean,,,,,,West Australian Element
569209,Essex,Wiluna Project,WA,120.2422,-26.6229,mineral deposit,Au,,Gold,"Apex Minerals NL, Blackham Resources Limited",Yilgarn Craton,Archean,,,,,,West Australian Element
569210,Lone Hand,Wiluna Project,WA,120.2361,-26.6078,historic mine,Au,,Gold,"Apex Minerals NL, Blackham Resources Limited",Yilgarn Craton,Archean,,,,,,West Australian Element
569211,North Mine,Wiluna Project,WA,120.2408,-26.6262,historic mine,Au,,Gold,"Apex Minerals NL, Blackham Resources Limited",Yilgarn Craton,Archean,,,,,,West Australian Element
569215,Wiluna Queen,Wiluna Project,WA,120.2432,-26.6406,mineral deposit,Au,,Gold,"Apex Minerals NL, Blackham Resources Limited",Yilgarn Craton,Archean,,,,,Carey Paleovalley,West Australian Element
569221,Squib,Wiluna Project,WA,120.2419,-26.6142,historic mine,Au,,Gold,"Apex Minerals NL, Blackham Resources Limited",Yilgarn Craton,Archean,,,,,,West Australian Element
569223,Golden Age - Wiluna,Wiluna Project,WA,120.246,-26.6018,operating mine,Au,,Gold,"Apex Minerals NL, Blackham Resources Limited",Yilgarn Craton,Archean,,,,,,West Australian Element
887460,Corella,,,140.2068,-20.7175,mineral deposit,Gr,,Graphite,Lithium Energy Ltd,,,,,,,,Tommy Creek Domain
887509,Pine Ridge,,,149.2941,-33.9353,mineral deposit,Au,,Gold,Argent Minerals Limited,,,,,,,,Eastern Province
887525,Patricia Jean,,,121.1643,-30.91,mineral deposit,Au,,Gold,Focus Minerals Limited,,,,,,,,West Australian Element
887528,Jolly Briton,,,121.1644,-30.9157,mineral deposit,Au,,Gold,Focus Minerals Limited,,,,,,,,West Australian Element
888041,Steam Engine,,,144.7409,-19.0156,mineral deposit,Au,,Gold,Superior Resources Limited,,,,,,,,Thomson Orogen
888043,Monger North Project,Mount Monger,,121.8106,-31.0055,mineral deposit,Au,,Gold,"Asra Minerals Ltd, Monger Gold Ltd",,,,,,,,West Australian Element
893545,Euro South,,,122.3983,-28.7322,mineral deposit,Au,,Gold,Focus Minerals Limited,,,,,,,,West Australian Element
893547,Euro North,,,122.396,-28.7268,mineral deposit,Au,,Gold,Focus Minerals Limited,,,,,,,,West Australian Element
893549,Lancefield Far North,,,122.4143,-28.4811,mineral deposit,Au,,Gold,Focus Minerals Limited,,,,,,,Carey Paleovalley,West Australian Element
893552,Endeavour,,,121.2529,-27.9618,mineral deposit,Au,,Gold,"Central Iron Ore Ltd, BK Gold Mines Pty Ltd",,,,,,,Carey Paleovalley,West Australian Element
513740,Osborne - magnetite tailings,"TSF1, TSF2",QLD,140.58,-22.093,mineral deposit,"FeOre, Fe",,"Iron ore, Iron",Barrick Gold Corporation,Mount Isa Orogen,,,,,,Eromanga Basin,Kuridala-Selwyn Domain
513745,Moran,,WA,121.6785,-31.1931,care and maintenance,"Cu, Ni, PGE, Co",,"Copper, Nickel, Platinum group elements, Cobalt",Independence Group NL,Yilgarn Craton,,Magmatic,Komatiite,Komatiite nickel-copper-PGE,,,West Australian Element
514156,Westralia,Mount Morgans Gold Project,WA,122.0679,-28.7696,operating mine,Au,,Gold,"Dacian Gold Limited, Range River Gold Limited",Yilgarn Craton,Archean,,,,,,West Australian Element
514158,King Street,Mount Morgans Gold Project,WA,122.0681,-28.7744,mineral deposit,Au,,Gold,"Dacian Gold Limited, Range River Gold Limited",Yilgarn Craton,Archean,,,,,,West Australian Element
514160,Jupiter,Mount Morgans Gold Project,WA,122.2192,-28.8072,operating mine,Au,,Gold,"Dacian Gold Limited, Range River Gold Limited","Yilgarn Craton, Eastern Goldfields Alkaline Province, Kurnalpi Terrane",Archean,Metamorphic hydrothermal,Orogenic,Mesozonal orogenic gold,,,West Australian Element
514162,Craic,Mount Morgans Gold Project,WA,122.0811,-28.7574,closed,Au,,Gold,"Dacian Gold Limited, Range River Gold Limited",Yilgarn Craton,Archean,Metamorphic hydrothermal,Orogenic,Mesozonal orogenic gold,,,West Australian Element
514176,Magic/Mirror,Mount Monger Project,WA,121.9384,-31.0362,historic mine,Au,,Gold,Silver Lake Resources Limited,Yilgarn Craton,Archean,unknown,unknown,unknown,,,West Australian Element
514528,Daltons (Mount Webber-Atlas JV Hoama),Mt Webber,WA,119.3074,-21.5248,mineral deposit,"FeOre, Fe",,"Iron ore, Iron",Atlas Iron Ltd,Pilbara Craton,,,,,Warakurna Large Igneous Province,,Pilbara Craton
514532,Oban,,SA,140.7796,-31.1929,mineral deposit,"U, U3O8",,"Uranium, Uranium oxide",Curnamona Energy Limited,Curnamona Province,,,,,,Yarramba Paleovalley,Curnamona Province
514534,Caramulla South (Atlas),,WA,120.3606,-23.394,mineral deposit,"FeOre, Fe",,"Iron ore, Iron",Atlas Iron Ltd,Pilbara Craton,,,,,Kalkarindji Igneous Province,Hamersley Basin,Pilbara Craton
514536,Cobar and Mainline,"13 Deposits including Belah Tank, Gromit, Quartermaine, Wendoline",NSW,146.43,-30.82,mineral deposit,"FeOre, Fe, Hem",,"Iron ore, Iron, Hematite","3E Steel Pty Ltd, Eastern Iron Ltd",Lachlan Orogen,,,,,,,Central NSW - Omeo Province
514558,Tin Hut Creek,Surat Project,QLD,150.153,-26.408,mineral deposit,Cbl,,Coal - black,Baralaba Coal Company Limited,Surat Basin,,,,,,Surat Basin,Connors-Auburn Province
514561,Bottle Tree,Surat Project,QLD,150.179,-26.156,mineral deposit,Cbl,,Coal - black,"Bunji Corporation Ltd, Baralaba Coal Company Limited",Surat Basin,,,,,,Surat Basin,Connors-Auburn Province
514564,Davies Road,Surat Project,QLD,150.4192,-26.6025,mineral deposit,Cbl,,Coal - black,"Bunji Corporation Ltd, Baralaba Coal Company Limited",Surat Basin,,,,,,Surat Basin,Connors-Auburn Province
514566,Westgrove,Underground Coal Gasification Project,QLD,148.423,-25.578,mineral deposit,Cbl,,Coal - black,Liberty Resources Ltd,Surat Basin,,,,,,Surat Basin,Anakie Province
514569,Merivale,Underground Coal Gasification Project,QLD,148.316,-25.578,mineral deposit,Cbl,,Coal - black,Liberty Resources Ltd,Surat Basin,,,,,,Surat Basin,Anakie Province
514571,Andrew,Underground Coal Gasification Project,QLD,150.174,-26.818,mineral deposit,Cbl,,Coal - black,Liberty Resources Ltd,Surat Basin,,,,,,Surat Basin,Connors-Auburn Province
514573,Lauren,Underground Coal Gasification Project,QLD,150.355,-26.996,mineral deposit,Cbl,,Coal - black,Liberty Resources Ltd,Surat Basin,,,,,,Surat Basin,Connors-Auburn Province
514575,Sargon,Underground Coal Gasification Project,WA,114.944,-29.138,mineral deposit,Cbl,,Coal - black,Eneabba Gas Ltd,Perth Basin,,,,,,Perth Basin,Pinjarra Orogen
514599,Halfway Hill,Kurnalpi Project,WA,122.2026,-30.5251,mineral deposit,Au,,Gold,"KalNorth Gold Mines Limited, Carrick Gold Limited",Yilgarn Craton,Archean,,,,,,West Australian Element
514601,Elliots Lode,Carosue Dam Project,WA,122.3214,-30.0714,mineral deposit,Au,,Gold,Saracen Mineral Holdings Limited,Yilgarn Craton,Archean,,,,,,West Australian Element
569225,Moonlight - Kanowna,Kanowna Belle Project,WA,121.6123,-30.5771,historic mine,Au,,Gold,"Northern Star Resources Limited, Barrick Gold Corporation",Yilgarn Craton,Archean,,,,,,West Australian Element
569262,Roper Heavy Minerals,,NT,134.0546,-14.93,operating mine,"Mnsd, HM","Ilm, Mag","Mineral sands, Heavy minerals, (Ilmenite, Magnetite)",Australian Ilmenite Resources Pty Ltd,,,,,,,McArthur Basin,Pine Creek Orogen
569267,Kookaburra Gully,,SA,135.9107,-34.4002,feasibility,Gr,,Graphite,Lincoln Minerals Limited,"Gawler Craton, Cleve Domain",,Metamorphic,Metamorphic,Metamorphic graphite,,,South Australian Element
569297,Uley Graphite,,SA,135.7,-34.797,under development,Gr,,Graphite,Quantum Graphite Ltd,"Gawler Craton, Cleve Domain",,Metamorphic,Metamorphic,Metamorphic graphite,,,South Australian Element
569375,Wagtail,Nicolson's Project,WA,127.3543,-18.425,mineral deposit,Au,,Gold,Pantoro Ltd,,,,,,Kalkarindji Igneous Province,,Halls Creek Orogen
569380,Earaheedy Manganese (Zenith),,WA,120.6262,-25.657,mineral deposit,"MnOre, FeOre, Fe","Mn, Mag","Manganese ore, Iron ore, (Manganese, Iron, Magnetite)",Zenith Minerals Limited,Yilgarn Craton,,,,,Warakurna Large Igneous Province,Earaheedy Basin,West Australian Element
569398,Bush Pig,Mt Holland Gold Project,WA,119.7395,-32.1273,historic mine,Au,,Gold,Convergent Minerals Limited,Yilgarn Craton,Archean,,,,,,West Australian Element
569399,Victory,Mt Holland Gold Project,WA,119.7852,-32.1276,mineral deposit,Au,,Gold,Convergent Minerals Limited,Yilgarn Craton,Archean,,,,,,West Australian Element
569449,Cinnamon,Plutonic Dome Project,WA,119.7128,-25.1653,historic mine,Au,,Gold,"Vango Mining Ltd, Dampier Gold Limited",Yilgarn Craton,,,,,Warakurna Large Igneous Province,,Marymia Dome
569534,Barnicoat Project,Barnicoat Project,WA,122.507,-28.632,historic mine,Au,,Gold,Focus Minerals Limited,Yilgarn Craton,Archean,,,,,,West Australian Element
569536,Central Laverton Project,Central Laverton Project,WA,122.39,-28.67,mineral deposit,Au,,Gold,Focus Minerals Limited,Yilgarn Craton,Archean,,,,,,West Australian Element
569538,Chatterbox Shear Project,Chatterbox Shear Project,WA,122.317,-28.659,mineral deposit,Au,,Gold,Focus Minerals Limited,Yilgarn Craton,Archean,,,,,,West Australian Element
569540,Jasper Hills Project,Jasper Hills Project,WA,123.141,-29.114,historic mine,Au,,Gold,Unnamed Owner,Yilgarn Craton,Archean,,,,,,West Australian Element
569544,DL-130 AREA TAS,Rubble Flat,TAS,146.749,-41.465,under development,"Bx, Al2O3",,"Bauxite, Alumina",Australian Bauxite Limited,Lachlan Orogen,,,,,,Tasmania Basin,Delamerian Orogen
569546,Lindsays-Bayleys Project,Lindsays-Bayleys Project,WA,121.1782,-30.95,historic mine,Au,,Gold,Focus Minerals Limited,Yilgarn Craton,Archean,Metamorphic hydrothermal,Orogenic,Mesozonal orogenic gold,,,West Australian Element
569548,Toondoon,"Brovinia, Brovinia 2, ML 80126, ML80126, Red Hill",QLD,151.146,-25.765,mineral deposit,"Bx, Al2O3",,"Bauxite, Alumina",Zeotech Ltd,,,Supergene,Laterite,Bauxite,,Mulgildie Basin,Yarrol Province
569550,Tindals Project,Tindals Project,WA,121.177,-30.99,historic mine,Au,,Gold,Focus Minerals Limited,Yilgarn Craton,Archean,,,,,,West Australian Element
569855,Hey Point,,QLD,141.89,-12.733,mineral deposit,"Bx, Al2O3",,"Bauxite, Alumina","Cape Alumina Limited, Metro Mining Limited, Racle Resources Pty Ltd",Karumba Basin,,,,,,Carpentaria Basin,North Australian Element
569863,Guyra Bauxite Project,,NSW,151.6869,-30.212,mineral deposit,Bx,Al2O3,"Bauxite, (Alumina)",Australian Bauxite Limited,,,,,,,,New England Orogen
569872,Ceres,"East Darling Range Project, Williams Project",WA,116.783,-32.906,mineral deposit,"Bx, Al2O3",Sic,"Bauxite, Alumina, (Silica)",Australian Silica Quartz Group Ltd,Yilgarn Craton,,,,,,,West Australian Element
569874,Lake Giles-Ularring Hematite (Macarthur Minerals),,WA,119.987,-29.9782,mineral deposit,Fe,FeOre,"Iron, (Iron ore)",Macarthur Minerals Ltd,Yilgarn Craton,,,,,,,West Australian Element
569876,Crusader,Agnew Gold Project,WA,120.4753,-28.0888,historic mine,Au,,Gold,Gold Fields Limited,Yilgarn Craton,Archean,Magmatic hydrothermal,Intrusion-related,,,,West Australian Element
569878,Songvang,Agnew Gold Project,WA,120.4616,-28.1417,historic mine,Au,,Gold,Gold Fields Limited,Yilgarn Craton,Archean,,,,,Raeside Paleovalley,West Australian Element
569880,Apollo - St Ives,St Ives Project,WA,121.7825,-31.3948,care and maintenance,Au,,Gold,Gold Fields Limited,Yilgarn Craton,Archean,,,,,Lefroy Paleovalley,West Australian Element
569882,Athena,St Ives Project,WA,121.8049,-31.4006,historic mine,Au,,Gold,Gold Fields Limited,Yilgarn Craton,Archean,,,,,,West Australian Element
569884,Bahama,St Ives Project,WA,121.6851,-31.2554,historic mine,Au,,Gold,Gold Fields Limited,Yilgarn Craton,Archean,,,,,Lefroy Paleovalley,West Australian Element
569886,Bellerophon,St Ives Project,WA,121.7929,-31.304,historic mine,Au,,Gold,Gold Fields Limited,Yilgarn Craton,Archean,unknown,unknown,unknown,,Lefroy Paleovalley,West Australian Element
569888,Clifton,St Ives Project,WA,121.8162,-31.3884,historic mine,Au,,Gold,Gold Fields Limited,Yilgarn Craton,Archean,,,,,,West Australian Element
569892,Conqueror,St Ives Project,WA,121.7714,-31.3359,historic mine,Au,,Gold,Gold Fields Limited,Yilgarn Craton,Archean,,,,,,West Australian Element
569893,Delta Island,St Ives Project,WA,121.7334,-31.2912,historic mine,Au,,Gold,Gold Fields Limited,Yilgarn Craton,Archean,,,,,Lefroy Paleovalley,West Australian Element
569894,Formidable,St Ives Project,WA,121.6955,-31.2391,historic mine,Au,,Gold,Gold Fields Limited,Yilgarn Craton,Archean,,,,,Lefroy Paleovalley,West Australian Element
569895,Hamlet,St Ives Project,WA,121.8122,-31.4001,operating mine,Au,,Gold,Gold Fields Limited,Yilgarn Craton,Archean,,,,,,West Australian Element
569897,Idough,St Ives Project,WA,121.7974,-31.3497,historic mine,Au,,Gold,Gold Fields Limited,Yilgarn Craton,Archean,,,,,,West Australian Element
569901,Junction,St Ives Project,WA,121.8373,-31.4576,historic mine,Au,,Gold,Gold Fields Limited,Yilgarn Craton,Archean,Metamorphic hydrothermal,Orogenic,Mesozonal orogenic gold,,,West Australian Element
333328,East Scotia,,WA,121.457,-31.1823,mineral deposit,Ni,,Nickel,,"Yilgarn Craton, Eastern Goldfields Province, Kambalda Nickel Metallogenic Province",Archean,,,,,,West Australian Element
334413,Beaufort,,SA,138.1847,-34.079,mineral deposit,Cbr,,Coal - brown,,St Vincent Basin,,,,,,,South Australian Element
335019,Mount Edwards,Widgiemooltha,WA,121.5411,-31.4528,historic mine,Ni,,Nickel,,"Yilgarn Craton, Eastern Goldfields Province, Kambalda Nickel Metallogenic Province",Archean,Magmatic,Komatiite,Komatiite nickel-copper-PGE,,,West Australian Element
870385,Enterprise,,,139.9862,-20.0756,mineral deposit,Cu,,Copper,,,,,,,,,Mary Kathleen Domain
335936,Tumbarumba,"Batlow, Reedy Flat",NSW,148.0281,-35.8194,historic mine,"Sn, Au",,"Tin, Gold",,"Lachlan Orogen, Lachlan Orogen, Adelong Gold Metallogenic Province",Paleozoic,,,,,,Central NSW - Omeo Province
334354,Bakers South,,WA,119.3311,-23.1974,mineral deposit,Fe,,Iron,,Hamersley Basin,Archean,,,,Warakurna Large Igneous Province,Hamersley Basin,Pilbara Craton
334453,Perseverance,,WA,127.9138,-17.8316,mineral deposit,Au,,Gold,,,Proterozoic,,,,Kalkarindji Igneous Province,,Halls Creek Orogen
335940,Great Northern Gully,,QLD,145.3889,-17.3795,historic mine,Sn,,Tin,,Hodgkinson Province,,Magmatic hydrothermal,Greisen,Greisen tin ± W-Mo,,,Mossman Orogen
545096,McCameys North,,WA,120.1767,-23.3458,mineral deposit,"Fe, FeOre",,"Iron, Iron ore",,Pilbara Craton,,,,,Warakurna Large Igneous Province,Hamersley Basin,Pilbara Craton
333315,Western,,QLD,139.9062,-20.1746,historic mine,"Au, Cu",,"Gold, Copper",,"Mount Isa Orogen, Kalkadoon-Leichhardt Belt",Proterozoic,,,,,,Kalkadoon-Leichhardt Domain
334522,Paradise Bore,,WA,119.9606,-28.6908,mineral deposit,Au,,Gold,,Yilgarn Craton,Archean,,,,,,West Australian Element
335255,Pelton/Ellalong,,NSW,151.3,-32.8869,historic mine,Cbl,,Coal - black,,Sydney Basin,,,,,,Sydney Basin,Eastern Province
335269,Boundary Flat Lagoons,,QLD,150.0677,-22.5318,mineral deposit,Osh,,Oil shale,,,,,,,,,New England Orogen
463918,Nobles Nob West,,NT,134.2817,-19.7162,mineral deposit,"Ag, Cu","Au, Bi","Silver, (Gold, Copper, Bismuth)",,Warramunga Province,,Regional metasomatic,IOCG,Magnetite-dominant IOCG,Kalkarindji Igneous Province,Warramunga Province,North Australian Element
333406,Amy,"Amy North, Amy South, Lady Amy",QLD,139.9752,-20.9056,historic mine,Cu,,Copper,,"Mount Isa Orogen, Kalkadoon-Leichhardt Belt",Proterozoic,,,,,,Mary Kathleen Domain
333937,Sweeneys,,TAS,145.2066,-41.9089,mineral deposit,"Sn, Zn, Sb","Ag, Pb","Tin, Zinc, (Silver, Antimony, Lead)",,Delamerian Orogen,,Magmatic hydrothermal,Greisen,Greisen tin ± W-Mo,,Thylacine Province,Tasman Element
551174,Sheila Valley,,WA,117.5217,-22.1761,mineral deposit,"FeOre, Fe",,"Iron ore, Iron",,Pilbara Craton,,,,,Warakurna Large Igneous Province,Serenity Paleovalley,Pilbara Craton
528098,Austin - Meekatharra,,WA,118.5132,-27.1391,mineral deposit,"Cu, Zn","Au, Ag","Copper, Zinc, (Gold, Silver)",,"Yilgarn Craton, Murchison Domain (Youanmi Terrane)",Archean,Volcanic basin hydrothermal,Volcanogenic massive sulfide (VMS),,,,West Australian Element
335393,Federal,"Corella, Mt Moffat",QLD,140.196,-20.596,historic mine,"Cu, Ag, Au",,"Copper, Silver, Gold",,"Mount Isa Orogen, Quamby-Malbon Zone",Proterozoic,,,,,,Tommy Creek Domain
449199,Round Hill,,WA,121.171,-29.1826,mineral deposit,Au,,Gold,,Yilgarn Craton,,,,,,,West Australian Element
335230,Great Northern East,,QLD,145.3905,-17.3791,historic mine,Sn,,Tin,,Hodgkinson Province,,,,,,,Mossman Orogen
335805,Mount Jagged,,SA,138.618,-35.3623,mineral deposit,Fe,,Iron,,Delamerian Orogen,,,,,,,South Australian Element
336226,Stanthorpe,,QLD,151.933,-28.6468,historic mine,Sn,,Tin,,New England Orogen,,,,,,,New England Orogen
335334,Douglas River,,TAS,148.2347,-41.7621,mineral deposit,Cbl,,Coal - black,,Tasmania Basin,,,,,,Tasmania Basin,Melbourne-Mathinna Zone
336130,Apple Pie,"Apple Extended, Apple Pie 2",QLD,140.0162,-20.7066,historic mine,"Au, Cu",,"Gold, Copper",,"Mount Isa Orogen, Mary Kathleen Zone",Proterozoic,,,,,,Mary Kathleen Domain
334487,St Andrews,,QLD,139.8202,-21.3516,historic mine,Cu,,Copper,,"Mount Isa Orogen, Mary Kathleen Zone",Proterozoic,,,,,,Mary Kathleen Domain
455540,Bendleby,,SA,138.7835,-32.3454,historic mine,Mn,,Manganese,,Delamerian Orogen,,,,,,,South Australian Element
334391,Bohemian Girl,,QLD,140.0152,-20.3726,historic mine,"Au, Cu",,"Gold, Copper",,"Mount Isa Orogen, Kalkadoon-Leichhardt Belt",Proterozoic,,,,,,Mary Kathleen Domain
574253,Red Rock,,NSW,152.3199,-28.8382,mineral deposit,"Pb, Ag, Cu, Zn, Au",,"Lead, Silver, Copper, Zinc, Gold",,,,,,,,,New England Orogen
449177,Queen of the Earth,,WA,121.8172,-29.4781,mineral deposit,Au,,Gold,,Yilgarn Craton,,,,,,,West Australian Element
606328,P529,,WA,116.0116,-21.7619,mineral deposit,Fe,,Iron,,,,,,,Warakurna Large Igneous Province,Ashburton Basin,Pilbara Craton
335468,Mary River Valley,,QLD,152.6167,-26.3968,historic mine,Mn,,Manganese,,New England Orogen,Cenozoic,,,,,,New England Orogen
335263,Swanbank,,QLD,152.821,-27.6552,closed,Cbl,,Coal - black,,Ipswich Basin,Mesozoic,,,,,,New England Orogen
335309,Revenue Central,,QLD,139.8332,-21.2856,historic mine,Cu,,Copper,,"Mount Isa Orogen, Mary Kathleen Zone",Proterozoic,,,,,,Mary Kathleen Domain
335612,Bathurst Range,,QLD,144.3261,-14.3455,mineral deposit,Cbl,,Coal - black,,Laura Basin,Mesozoic,,,,,Laura-Lakefield Basin,Mossman Orogen
333612,Again,,QLD,139.1148,-19.9576,historic mine,Cu,,Copper,,"Mount Isa Orogen, Lawn Hill Platform",Proterozoic,,,,,Carpentaria Basin,Mount Isa Orogen
335153,Golden Gate,,QLD,142.2006,-18.1545,historic mine,Au,,Gold,,"Croydon Gold Metallogenic Province, Croydon Province, Georgetown Block",,,,,Croydon Province,Karumba Basin,North Australian Element
466207,Cloverdale,West Tutunup,WA,115.5931,-33.6128,historic mine,"Ilm, Zrn, Leu",,"Ilmenite, Zircon, Leucoxene",,,,,,,,Bunbury Trough,Pinjarra Orogen
334443,Duaringa,,QLD,149.3344,-23.1984,mineral deposit,Osh,,Oil shale,,,,,,,,Bowen Basin,Anakie Province
335044,Pelican,,QLD,144.5269,-16.7672,mineral deposit,Cu,,Copper,,Mossman Orogen,,,,,,,Mossman Orogen
627205,Lora Fe,,WA,116.5129,-22.2339,mineral deposit,"Fe, FeOre",,"Iron, Iron ore",,,,,,,Warakurna Large Igneous Province,Hamersley Basin,Pilbara Craton
335168,Rat Bat,,WA,119.7379,-32.5485,mineral deposit,Ni,,Nickel,,"Yilgarn Craton, Southern Cross Province",Archean,,,,,,West Australian Element
333663,Maguires Crossing,,NSW,141.8333,-31.0833,mineral deposit,"Rt, Ilm, Zrn",,"Rutile, Ilmenite, Zircon",,,,,,,,Darling Basin,South Australian Element
334321,Maytown,,QLD,144.3011,-16.0288,historic mine,Sn,,Tin,,Mossman Orogen,,,,,,,Mossman Orogen
529185,Flamingo,Eclipse,QLD,140.2416,-19.7613,mineral deposit,"Cu, Au",,"Copper, Gold",,Mount Isa Orogen,,,,,,,Mary Kathleen Domain
333303,Canoona,,QLD,150.2585,-23.0409,historic mine,Au,,Gold,,New England Orogen,Paleozoic,,,,,,New England Orogen
336287,Boolgeeda Creek,Boolgeeda Creek Limonites,WA,116.9838,-22.5748,mineral deposit,"Fe, FeOre",,"Iron, Iron ore",,Pilbara Craton,,,,,Warakurna Large Igneous Province,Hamersley Basin,Pilbara Craton
333305,Hades Flat,,NT,132.9188,-12.5908,mineral deposit,"U, U3O8",,"Uranium, Uranium oxide",,Pine Creek Orogen,Proterozoic,,,,,,Pine Creek Orogen
336110,Meekatharra North,"Paddys Flat, Reedy's, Yalgodinda",WA,118.5153,-26.5897,operating mine,Au,,Gold,"Reed Resources Limited, Westgold Resources Limited","Yilgarn Craton, Big Bell Gold Metallogenic Province, Murchison Province, Murchison Domain",Archean,,,,Warakurna Large Igneous Province,,West Australian Element
336112,Orchin and North Orchin,St Ives Project,WA,121.7587,-31.3115,historic mine,Au,,Gold,Gold Fields Limited,"Yilgarn Craton, Kalgoorlie Gold Metallogenic Province, Norseman-Wiluna Belt",Archean,,,,,Lefroy Paleovalley,West Australian Element
336113,Renison Bell,Renison,TAS,145.434,-41.7824,operating mine,Sn,Cu,"Tin, (Copper)","Greentech Technology Intl Ltd., Metals X Limited","Delamerian Orogen, Dundas Trough",,Magmatic hydrothermal,Replacement,Replacement tin,,Thylacine Province,Delamerian Orogen
336114,Yeelirrie,,WA,119.9045,-27.1797,mineral deposit,"U, V2O5","V, U3O8","Uranium, (Vanadium, Vanadium pentoxide, Uranium oxide)","CAMECO, Cameco Corporation",,Cenozoic,,,,,Carey Paleovalley,West Australian Element
336117,Mount Garnet,Koohinoor,QLD,145.1126,-17.6849,care and maintenance,"Zn, Pb","Ag, Cu","Zinc, (Silver, Lead, Copper)",Aurora Metals Ltd,Hodgkinson Province,,Magmatic hydrothermal,Skarn,Skarn zinc-lead-silver,,,Mossman Orogen
336118,Ant Hill,"SRDC, Sunday Hill",WA,120.5963,-22.0896,mineral deposit,Mn,,Manganese,Resource Development Group,Hamersley Basin,Cenozoic,,,,Warakurna Large Igneous Province,Fortescue Basin,Pilbara Craton
336121,Sunny Corner,,NSW,149.8903,-33.2894,historic mine,"Zn, Pb, Au, Ag, Cu",,"Zinc, Lead, Gold, Silver, Copper",Argent Minerals Limited,"Lachlan Orogen, Lachlan Orogen, Woodlawn Base Metal Metallogenic Province, Hill End Trough",,Volcanic basin hydrothermal,Volcanogenic massive sulfide (VMS),Felsic-siliciclastic VMS,,,Eastern Province
336125,Togara North,,QLD,148.6124,-23.8999,mineral deposit,Cbl,,Coal - black,Glencore Plc,Bowen Basin,,,,,,Bowen Basin,Anakie Province
336126,Saraji South,Norwich Park,QLD,148.4294,-22.6158,care and maintenance,Cbl,,Coal - black,"BHP Group Limited, Mitsubishi Corporation, Mitsubishi Corp",Bowen Basin,,,,,,Bowen Basin,Anakie Province
336127,Middleback Ranges,"Iron Baron, Iron Duchess, Iron Duke, Iron Knight, Iron Magnet, includes Iron Knob",SA,137.156,-32.998,operating mine,FeOre,Fe,"Iron ore, (Iron)","OneSteel Ltd, SIMEC Mining","Gawler Craton, Cleve Domain",Proterozoic,Basin chemical,Iron formation,Superior-type banded iron formation,,,South Australian Element
336128,Dolphin Project,King Island,TAS,144.06,-40.0519,operating mine,"WO3, W, Mo",,"Tungsten trioxide (wolframite), Tungsten, Molybdenum",Group 6 Metals Ltd,Rocky Cape Block,,,,,,Thylacine Province,Tasman Element
336131,Barbara,Mt Remarkable,QLD,139.8529,-20.4191,care and maintenance,"Cu, Au","Co, Ag","Copper, (Cobalt, Gold, Silver)","Aeris Resources Limited, Syndicated Metals Limited","Mount Isa Orogen, Kalkadoon-Leichhardt Belt",Proterozoic,,,,,,Mary Kathleen Domain
336138,Bullabulling,Bullabulling Project,WA,120.9002,-31.0212,mineral deposit,Au,,Gold,"Zijin Mining Group Company Ltd, Auzex Resources Limited, Bullabulling Gold Limited, Norton Gold Fields Limited","Yilgarn Craton, Eastern Goldfields Province, Eastern Goldfields Superterrane, Kalgoorlie Gold Metallogenic Province, Kalgoorlie Terrane",Archean,Metamorphic hydrothermal,Orogenic,Hypozonal orogenic gold,,,West Australian Element
336140,Quarters,Mount Pleasant Project,WA,121.2335,-30.5282,historic mine,Au,,Gold,"Zijin Mining Group Company Ltd, Norton Gold Fields Limited","Yilgarn Craton, Eastern Goldfields Province, Kalgoorlie Gold Metallogenic Province",Archean,Metamorphic hydrothermal,Orogenic,Mesozonal orogenic gold,,,West Australian Element
336141,Genesis – New Holland,"GNH, Lawlers Project",WA,120.4978,-27.9848,operating mine,Au,,Gold,Gold Fields Limited,"Yilgarn Craton, Eastern Goldfields Province",Archean,Metamorphic hydrothermal,Orogenic,Mesozonal orogenic gold,,,West Australian Element
336142,Deflector,Gullewa Project,WA,116.3796,-28.6691,operating mine,"Au, Cu, Ag",,"Gold, Copper, Silver",Vault Minerals,"Yilgarn Craton, Big Bell Gold Metallogenic Province, Murchison Province, Murchison Domain (Youanmi Terrane), Murchison Domain",Archean,Metamorphic hydrothermal,Orogenic,Mesozonal orogenic gold,,Moore-Monger Paleovalley,West Australian Element
336143,"Murray Basin - Iluka (Douglas, Kulwin etc)",includes Rownack,VIC,141.7792,-37.103,mineral deposit,"Zrn, Rt, Ilm",Mnsd,"Zircon, Rutile, Ilmenite, (Mineral sands)",Iluka Resources Limited,Murray Basin,,Erosional,Placer,Heavy mineral sands,,Murray Basin,Delamerian Orogen
336146,Mount Jackson,"J1, J2, J3",WA,119.2494,-30.2571,mineral deposit,FeOre,Fe,"Iron ore, (Iron)",Cliffs Natural Resources,Yilgarn Craton,,,,,,,West Australian Element
336149,Maroochydore,Broadhurst,WA,122.218,-22.2293,mineral deposit,"Co, Cu",,"Cobalt, Copper",Cyprium Metals Ltd,,Proterozoic,,,,Kalkarindji Igneous Province,Yeneena Basin,Rudall Province
336150,Glendell,,NSW,151.0776,-32.4512,operating mine,Cbl,,Coal - black,Glencore Plc,Sydney Basin,,,,,,Sydney Basin,Eastern Province
336154,Fireball,,WA,119.7987,-32.7019,mineral deposit,Ni,,Nickel,Western Areas Limited,Yilgarn Craton,,,,,,,West Australian Element
336157,Ben Hur (1-2-3) - Binduli,Binduli Project,WA,121.4075,-30.8467,historic mine,Au,,Gold,"Zijin Mining Group Company Ltd, Norton Gold Fields Limited",Yilgarn Craton,Archean,,,,,Roe Paleovalley,West Australian Element
336158,Bream,Plutonic Project,WA,119.5134,-25.3344,mineral deposit,Au,,Gold,"Northern Star Resources Limited, Barrick Gold Corporation",Yilgarn Craton,,,,,Warakurna Large Igneous Province,,Marymia Dome
336159,Liskeard,,QLD,148.4919,-23.082,mineral deposit,Cbl,,Coal - black,Sojitz Corporation,Bowen Basin,,,,,,Bowen Basin,Anakie Province
336160,Corboys Find TC 7,Bronzewing Gold Project,WA,120.9664,-27.0778,mineral deposit,Au,,Gold,Navigator Resources Limited,Yilgarn Craton,Archean,unknown,unknown,unknown,,,West Australian Element
514605,Karari,Carosue Dam Project,WA,122.3595,-30.1595,operating mine,Au,,Gold,Northern Star Resources Limited,Yilgarn Craton,Archean,Metamorphic hydrothermal,Orogenic,Mesozonal orogenic gold,,,West Australian Element
514609,Newstan Lochiel,Awaba East,NSW,151.5636,-33.0302,care and maintenance,Cbl,,Coal - black,"Banpu Public Company Limited, Centennial Coal Co Ltd",Sydney Basin,,,,,,Sydney Basin,Eastern Province
514729,Juandah,Underground Coal Gasification,QLD,149.803,-26.237,mineral deposit,Cbl,,Coal - black,MetroCoal Ltd,Surat Basin,,,,,,Surat Basin,Anakie Province
514731,Carmichael,Galilee (Linc Energy),QLD,146.322,-22.018,operating mine,Cbl,,Coal - black,"Adani Enterprises Limited, Bravus Mining and Resources",Galilee Basin,,,,,,Drummond Basin,Thomson Orogen
515168,Red Lake (Melita),North Kookynie Project,WA,121.3732,-29.2087,mineral deposit,Au,,Gold,Nex Metals Explorations Limited,Yilgarn Craton,Archean,,,,,,West Australian Element
515170,Orient Well Group,North Kookynie Project,WA,121.4411,-29.2125,historic mine,Au,,Gold,Genesis Minerals Ltd,Yilgarn Craton,Archean,,,,,,West Australian Element
515172,Danluce,North Kookynie Project,WA,121.3721,-29.2022,historic mine,Au,,Gold,Nex Metals Explorations Limited,Yilgarn Craton,Archean,,,,,,West Australian Element
515183,Puzzle Group,South Kookynie Project,WA,121.532,-29.3131,historic mine,Au,,Gold,Genesis Minerals Ltd,Yilgarn Craton,Archean,,,,,,West Australian Element
515185,King,North Kookynie Project,WA,121.3779,-29.201,historic mine,Au,,Gold,Nex Metals Explorations Limited,Yilgarn Craton,Archean,,,,,,West Australian Element
515197,Irvine Island (Pluton Resources),,WA,123.5502,-16.0869,mineral deposit,FeOre,Fe,"Iron ore, (Iron)",Pluton Resources,Kimberley Basin,,,,,Kalkarindji Igneous Province,Kimberley Basin,King Leopold Orogen
515198,Twin Peaks,Carosue Dam Project,WA,122.2945,-30.0557,historic mine,Au,,Gold,Saracen Mineral Holdings Limited,Yilgarn Craton,Archean,Magmatic hydrothermal,Intrusion-related,Reduced intrusion-related gold,,,West Australian Element
515249,Cookes Creek - Big Hill,,WA,120.4627,-21.6558,mineral deposit,"W, WO3",,"Tungsten, Tungsten trioxide (wolframite)",Tungsten Mining NL,Pilbara Craton,,,,,Warakurna Large Igneous Province,,Pilbara Craton
515255,Wallbrook,Porphyry Project,WA,122.3103,-29.8581,mineral deposit,Au,,Gold,Saracen Mineral Holdings Limited,Yilgarn Craton,Archean,,,,,,West Australian Element
515257,Mexico,Safari Bore Project,WA,122.5504,-29.5507,mineral deposit,Au,,Gold,Saracen Mineral Holdings Limited,Yilgarn Craton,Archean,,,,,,West Australian Element
515481,Halleys East,Barlee Gold Project,WA,119.0954,-29.4755,historic mine,Au,,Gold,Beacon Minerals Limited,Yilgarn Craton,Archean,,,,,,West Australian Element
515724,Bentley,"Jaguar Operation, Teutonic Bore group",WA,121.17,-28.4839,care and maintenance,"Zn, Cu, Ag","Au, Pb","Zinc, Copper, Silver, (Gold, Lead)",Independence Group NL,Yilgarn Craton,Archean,Volcanic basin hydrothermal,Volcanogenic massive sulfide (VMS),Bimodal-mafic VMS,,Raeside Paleovalley,West Australian Element
515728,Dulcie,Parker Range Project,WA,119.6002,-31.7662,mineral deposit,Au,,Gold,Zenith Minerals Limited,Yilgarn Craton,Cenozoic,,,,,,West Australian Element
516405,Red Dam,Broads Dam Project,WA,121.0319,-30.5411,mineral deposit,Au,,Gold,Evolution Mining Limited,Yilgarn Craton,Archean,unknown,unknown,unknown,,Roe Paleovalley,West Australian Element
516415,Waldon,Paddington Project,WA,121.5995,-30.5891,historic mine,Au,,Gold,"Zijin Mining Group Company Ltd, Norton Gold Fields Limited",Yilgarn Craton,Archean,,,,,,West Australian Element
516417,Green Gum,Mount Pleasant Project,WA,121.233,-30.5312,historic mine,Au,,Gold,"Zijin Mining Group Company Ltd, Norton Gold Fields Limited",Yilgarn Craton,Archean,,,,,Roe Paleovalley,West Australian Element
516422,Rose West - Violet,Mount Pleasant Project,WA,121.2606,-30.5367,operating mine,Au,,Gold,"Zijin Mining Group Company Ltd, Norton Gold Fields Limited",Yilgarn Craton,,,,,,Roe Paleovalley,West Australian Element
516424,Golden Flag,Mount Pleasant Project,WA,121.2814,-30.5475,mineral deposit,Au,,Gold,"Zijin Mining Group Company Ltd, Norton Gold Fields Limited",Yilgarn Craton,Archean,,,,,,West Australian Element
516427,Crow,Nullagine Gold Project,WA,120.4195,-21.8102,mineral deposit,Au,,Gold,Millennium Minerals Limited,Pilbara Craton,Archean,,,,Warakurna Large Igneous Province,,Pilbara Craton
516429,Golden Gate - G reef,Nullagine Gold Project,WA,120.4157,-21.8071,mineral deposit,Au,,Gold,Millennium Minerals Limited,Pilbara Craton,Archean,,,,Warakurna Large Igneous Province,,Pilbara Craton
516436,Evelyn (Liberty-Indee),Liberty-Indee,WA,117.8472,-21.0964,mineral deposit,"Cu, Zn, Au","Ag, Pb","Copper, Zinc, Gold, (Silver, Lead)",Venturex Resources Limited,Pilbara Craton,,,,,Warakurna Large Igneous Province,,Pilbara Craton
517124,Mount Marion (Ghost Crab),South Kalgoorlie Operations,WA,121.432,-31.0809,historic mine,Au,,Gold,"Alacer Gold Corporation, Metals X Limited, Westgold Resources Limited",Yilgarn Craton,Archean,,,,,,West Australian Element
517126,Shirl,South Kalgoorlie Operations,WA,121.2597,-30.9695,historic mine,Au,,Gold,"Alacer Gold Corporation, Metals X Limited, Northern Star Resources Limited",Yilgarn Craton,Archean,,,,,Roe Paleovalley,West Australian Element
517129,Inclined Shaft - Lancashire Lass,South Kalgoorlie Operations,WA,121.6054,-31.1057,historic mine,Au,,Gold,"Alacer Gold Corporation, Metals X Limited, Northern Star Resources Limited",Yilgarn Craton,Archean,,,,,,West Australian Element
517131,HBJ (Hampton-Boulder-Jubilee),South Kalgoorlie Operations,WA,121.6031,-31.0276,mineral deposit,Au,,Gold,"Alacer Gold Corporation, Metals X Limited, Northern Star Resources Limited",Yilgarn Craton,Archean,,,,,,West Australian Element
569902,Mars,St Ives Project,WA,121.7238,-31.2753,historic mine,Au,,Gold,Gold Fields Limited,Yilgarn Craton,Archean,,,,,Lefroy Paleovalley,West Australian Element
569904,Neptune,St Ives Project,WA,121.7484,-31.301,mineral deposit,Au,,Gold,Gold Fields Limited,Yilgarn Craton,Archean,,,,,Lefroy Paleovalley,West Australian Element
569907,Paddys - St Ives,St Ives Project,WA,121.7756,-31.3302,historic mine,Au,,Gold,Gold Fields Limited,Yilgarn Craton,Archean,,,,,,West Australian Element
569909,Pistol Club,St Ives Project,WA,121.6676,-31.2231,mineral deposit,Au,,Gold,Gold Fields Limited,Yilgarn Craton,Archean,,,,,Lefroy Paleovalley,West Australian Element
569911,Redback,St Ives Project,WA,121.7392,-31.3076,mineral deposit,Au,,Gold,Gold Fields Limited,Yilgarn Craton,Archean,,,,,Lefroy Paleovalley,West Australian Element
569913,Swiftsure,St Ives Project,WA,121.7228,-31.2645,historic mine,Au,,Gold,Gold Fields Limited,Yilgarn Craton,Archean,unknown,unknown,unknown,,Lefroy Paleovalley,West Australian Element
569915,Temeraire,St Ives Project,WA,121.6907,-31.2233,historic mine,Au,,Gold,Gold Fields Limited,Yilgarn Craton,Archean,,,,,Lefroy Paleovalley,West Australian Element
569917,Thunderer,St Ives Project,WA,121.7611,-31.3057,historic mine,Au,,Gold,Gold Fields Limited,Yilgarn Craton,Archean,unknown,unknown,unknown,,Lefroy Paleovalley,West Australian Element
569918,East Repulse,St Ives Project,WA,121.7785,-31.3316,historic mine,Au,,Gold,Gold Fields Limited,Yilgarn Craton,Archean,,,,,,West Australian Element
569925,Junction - Nullagine,Camel Creek Joint Venture,WA,120.31,-21.8651,historic mine,Au,,Gold,"Millennium Minerals Limited, Northwest Resources Limited",Pilbara Craton,Archean,,,,Warakurna Large Igneous Province,,Pilbara Craton
569929,North Scotia,Mt Henry Gold Project,WA,121.7764,-32.4294,historic mine,Au,,Gold,Royal Nickel Corp,Yilgarn Craton,Archean,,,,,Cowan Paleovalley,West Australian Element
569934,South Kalgoorlie Operations,South Kalgoorlie Operations,WA,121.6148,-31.0385,operating mine,Au,,Gold,"Northern Star Resources Limited, Horizon Minerals Ltd., Southern Gold Limited",Yilgarn Craton,Archean,,,,,,West Australian Element
569941,Juturna,North Darling Range Project,WA,116.514,-31.8331,mineral deposit,"Bx, Al2O3",,"Bauxite, Alumina","Bauxite Resources Limited, Yankuang Group Corporation Limited",Yilgarn Craton,,,,,,,West Australian Element
569943,Minerva,North Darling Range Project,WA,116.4354,-31.6744,mineral deposit,"Bx, Al2O3",,"Bauxite, Alumina","Bauxite Resources Limited, Yankuang Group Corporation Limited",Yilgarn Craton,,,,,,,West Australian Element
569945,Rusina,North Darling Range Project,WA,116.0888,-30.8328,mineral deposit,"Bx, Al2O3",,"Bauxite, Alumina","Bauxite Resources Limited, Yankuang Group Corporation Limited",Yilgarn Craton,,,,,,,West Australian Element
569947,Vallonia,"Avon, North Darling Range Project",WA,116.1411,-31.7011,mineral deposit,"Bx, Al2O3",,"Bauxite, Alumina","Bauxite Resources Limited, State of Western Australia",Yilgarn Craton,,,,,,,West Australian Element
569952,Felicitas,North Darling Range Project,WA,116.3448,-31.6329,mineral deposit,Bx,Al2O3,"Bauxite, (Alumina)","Bauxite Resources Limited, Yankuang Group Corporation Limited",Yilgarn Craton,,,,,,,West Australian Element
569954,Cardea 3,North Darling Range Project,WA,116.3713,-31.4511,mineral deposit,Bx,"Al2O3, Sic","Bauxite, (Alumina, Silica)",Bauxite Resources Limited,Yilgarn Craton,,,,,,,West Australian Element
569956,Cardea 1 and 2,North Darling Range Project,WA,116.2855,-31.5461,mineral deposit,"Bx, Al2O3",,"Bauxite, Alumina","Bauxite Resources Limited, Yankuang Group Corporation Limited",Yilgarn Craton,,,,,,,West Australian Element
569958,Fortuna,North Darling Range Project,WA,116.3884,-31.6907,mineral deposit,Bx,Al2O3,"Bauxite, (Alumina)",Bauxite Resources Limited,Yilgarn Craton,,,,,,,West Australian Element
569960,Cronus,,WA,116.5631,-33.8742,mineral deposit,"Bx, Al2O3",,"Bauxite, Alumina","Bauxite Resources Limited, Yankuang Group Corporation Limited",Yilgarn Craton,,,,,,,West Australian Element
569981,Penfold,"Penfolds, South Kalgoorlie Operations",WA,121.4306,-31.0059,historic mine,Au,,Gold,"Alacer Gold Corporation, Metals X Limited, Northern Star Resources Limited",Yilgarn Craton,Archean,,,,,,West Australian Element
569982,SBS 28 (Group),South Kalgoorlie Operations,WA,121.2546,-30.9649,historic mine,Au,,Gold,"Alacer Gold Corporation, Metals X Limited, Northern Star Resources Limited",Yilgarn Craton,Archean,,,,,,West Australian Element
569984,Hamersley Iron (Rio  Tinto),,WA,117.2204,-22.5983,operating mine,FeOre,Fe,"Iron ore, (Iron)",Rio Tinto Limited,Hamersley Basin,,,,,Warakurna Large Igneous Province,Hamersley Basin,Pilbara Craton
569987,Pearl Creek (EPC 862),Dingo West,QLD,149.5001,-23.7333,mineral deposit,Cbl,,Coal - black,"Bunji Corporation Ltd, Whitehaven Coal Limited",Bowen Basin,,,,,,Bowen Basin,Anakie Province
569998,1600N/Shocker,Big Bell Project,WA,117.6442,-27.3356,historic mine,Au,,Gold,Westgold Resources Limited,Yilgarn Craton,Archean,,,,Warakurna Large Igneous Province,,West Australian Element
570002,Big Bell South,Big Bell Project,WA,117.6477,-27.3303,historic mine,Au,,Gold,"Westgold Resources Limited, Metals X Limited",Yilgarn Craton,Archean,,,,Warakurna Large Igneous Province,,West Australian Element
570006,Jim's Find,Cuddingwarra Project,WA,117.8044,-27.3306,mineral deposit,Au,,Gold,"Metals X Limited, Westgold Resources Limited",Yilgarn Craton,Archean,,,,,Austin Paleovalley,West Australian Element
570007,City of Sydney,Cuddingwarra Project,WA,117.7989,-27.3568,historic mine,Au,,Gold,Metals X Limited,Yilgarn Craton,Archean,,,,,,West Australian Element
570009,Lady Rosie,Cuddingwarra Project,WA,117.801,-27.3942,historic mine,Au,,Gold,"Metals X Limited, Westgold Resources Limited",Yilgarn Craton,Archean,,,,,Austin Paleovalley,West Australian Element
570021,Flushing Meadows,Iron Stone Well Project,WA,120.7819,-26.8406,mineral deposit,Au,,Gold,Yandal Resources Limited,Yilgarn Craton,Archean,,,,,,West Australian Element
570029,McLaren West Eucla,,WA,123.1998,-32.1852,mineral deposit,"Ilm, Zrn","Rt, Leu","Ilmenite, (Rutile, Zircon, Leucoxene)",McLaren Minerals Ltd,,,,,,,Bremer Paleovalley,Nornalup Zone
334405,Crookwell,,NSW,149.4845,-34.462,mineral deposit,"Fe, Mag",,"Iron, Magnetite",,Lachlan Orogen,,,,,,,Eastern Province
333888,Daylesford Goldfield,,VIC,144.15,-37.347,historic mine,Au,,Gold,,"Lachlan Orogen, Lachlan Orogen, Bendigo Zone",,Metamorphic hydrothermal,Orogenic,Mesozonal orogenic gold,,,Bendigo Zone
335977,Ropewalk,,QLD,143.6871,-18.6764,mineral deposit,Au,,Gold,,,,,,,,Etheridge Province,North Australian Element
528386,Shanghai,,QLD,143.3794,-19.7079,mineral deposit,Au,,Gold,,,,,,,,Etheridge Province,North Australian Element
558214,Mount Victoria,,SA,139.8447,-31.9363,mineral deposit,"U3O8, U",,"Uranium oxide, Uranium",,Curnamona Province,,,,,,,Curnamona Province
335061,Copper Creek Shear Lode,,NSW,149.4372,-35.5901,mineral deposit,"Zn, Cu, Pb",,"Zinc, Copper, Lead",,Lachlan Orogen,Paleozoic,unknown,unknown,unknown,,,Eastern Province
335216,Oonah,,TAS,145.3167,-41.8716,historic mine,"Sn, Pb, Zn, Bi, Cu, As, Ag",,"Tin, Lead, Zinc, Bismuth, Copper, Arsenic, Silver",,Dundas Trough,,,,,,Thylacine Province,Delamerian Orogen
335385,Freeburgh,"Bright, Wandiligong",VIC,147.026,-36.7729,historic mine,Au,,Gold,,"Lachlan Orogen, Lachlan Orogen, Adelong Gold Metallogenic Province",,,,,,,Lachlan Orogen
335277,Yarrabubba,,WA,118.7056,-27.0294,mineral deposit,"V, Fe",V2O5,"Vanadium, Iron, (Vanadium pentoxide)",,"Yilgarn Craton, Gabanintha-Yarrabubba Vanadium Metallogenic Province, Southern Cross Province",Archean,,,,,Hope Paleovalley,West Australian Element
533503,Old Prospect Zone,,WA,117.788,-27.0048,mineral deposit,Au,,Gold,,Yilgarn Craton,,,,,Warakurna Large Igneous Province,,West Australian Element
429493,Sue,,QLD,138.2113,-17.4781,mineral deposit,"U, U3O8",,"Uranium, Uranium oxide",,McArthur Basin,Proterozoic,,,,,McArthur Basin,North Australian Element
334200,Chum,,QLD,140.3912,-20.6876,historic mine,"Cu, Au",,"Copper, Gold",,"Mount Isa Orogen, Quamby-Malbon Zone",Proterozoic,,,,,,Mitakoodi Domain
335476,Riversleigh,,QLD,138.5393,-18.8417,mineral deposit,"Phos, P, P2O5",,"Phosphate, Phosphorus, Phosphorus oxide",,Georgina Basin,,Basin chemical,Phosphorite,Phosphorite,,Georgina Basin,Century Domain
627209,Cobra Fe,,WA,116.965,-22.4911,mineral deposit,"Fe, FeOre",,"Iron, Iron ore",,,,,,,Warakurna Large Igneous Province,Hamersley Basin,Pilbara Craton
336034,Burra,,SA,138.9333,-33.6804,historic mine,Cu,,Copper,,Delamerian Orogen,Paleozoic,Basin hydrothermal,Sediment-hosted,Sediment-hosted copper ± Co,,,South Australian Element
336202,Bringalily,"Bringalily South, Millmerran, includes Bringalily North",QLD,151.1733,-28.0314,mineral deposit,Cbl,,Coal - black,,Clarence-Moreton Basin,Mesozoic,,,,,Surat Basin,New England Orogen
333628,Wubagul,,QLD,149.9677,-26.1536,mineral deposit,Cbl,,Coal - black,,Surat Basin,,,,,,Surat Basin,Connors-Auburn Province
449173,Waihi - Laverton,,WA,121.9206,-28.5925,mineral deposit,Au,,Gold,,Yilgarn Craton,,,,,,,West Australian Element
335455,Grenfell,"Emu Creek, Tyagong, Weddin Mountain",NSW,148.1662,-33.8919,historic mine,Au,,Gold,,"Lachlan Orogen, Lachlan Orogen, Hill End",,,,,,,Eastern Province
334012,New Moon,,VIC,142.8485,-37.2075,mineral deposit,Au,,Gold,,Lachlan Orogen,,,,,,,Stawell Zone
334988,Abattoirs South,,WA,121.5355,-31.0707,mineral deposit,Au,,Gold,,Yilgarn Craton,,,,,,,West Australian Element
336235,Deadlock,,QLD,140.2982,-21.0156,historic mine,Cu,,Copper,,"Mount Isa Orogen, Quamby-Malbon Zone",Proterozoic,,,,,,Mitakoodi Domain
334965,Jimmys Scrub,,QLD,152.2635,-26.2841,mineral deposit,Au,,Gold,,New England Orogen,,,,,,,New England Orogen
333668,Arbouin,,QLD,145.264,-17.3219,historic mine,Sn,,Tin,,Hodgkinson Province,Paleozoic,,,,,,Mossman Orogen
333325,Bluff,,NT,137.7848,-17.1813,mineral deposit,Cu,,Copper,,McArthur Basin,Proterozoic,unknown,unknown,unknown,,McArthur Basin,North Australian Element
334843,Kafani,,QLD,140.4269,-21.0917,mineral deposit,Mn,MnOre,"Manganese, (Manganese ore)",,"Mount Isa Orogen, Quamby-Malbon Zone",Proterozoic,,,,,,Mitakoodi Domain
334496,Eskdale,,QLD,152.1518,-27.144,mineral deposit,Sb,,Antimony,,New England Orogen,,,,,,,New England Orogen
455556,Masterton 2,,NT,137.4513,-17.1889,mineral deposit,Mn,,Manganese,,McArthur Basin,,,,,,McArthur Basin,North Australian Element
579404,Kimba Gap,,SA,137.095,-33.1135,mineral deposit,Fe,FeOre,"Iron, (Iron ore)",,,,,,,,,South Australian Element
333357,Laverton - Mount Lucky,,WA,122.515,-28.779,mineral deposit,Mn,,Manganese,,"Yilgarn Craton, Eastern Goldfields Province",,,,,,,West Australian Element
334650,Sunnyside Goldfield,,VIC,147.4858,-36.8359,historic mine,Au,,Gold,,"Lachlan Orogen, Lachlan Orogen, Adelong Gold Metallogenic Province",,,,,,,Central NSW - Omeo Province
364834,Orebody 24,,WA,119.7925,-23.3001,mineral deposit,"Fe, FeOre",,"Iron, Iron ore",,Hamersley Basin,,,,,Warakurna Large Igneous Province,Hamersley Basin,Pilbara Craton
334424,Jacks Reward,,WA,121.5214,-30.8151,mineral deposit,Au,,Gold,,Yilgarn Craton,,,,,,Roe Paleovalley,West Australian Element
334718,Selkirk,,WA,121.0151,-29.6836,historic mine,Au,,Gold,,Yilgarn Craton,,,,,,,West Australian Element
335265,Myrtle Springs,,SA,138.2258,-30.4169,operating mine,"Mg, MgO, Mgs, Dol",,"Magnesium, Magnesia (magnesium oxide), Magnesite, Dolomite",,,,Basin evaporative,Evaporite,Marine evaporite magnesite,,,South Australian Element
334582,First Hit,,WA,121.0211,-29.692,mineral deposit,Au,,Gold,,Yilgarn Craton,,,,,,,West Australian Element
335181,Goornong South,,VIC,144.5187,-36.6287,mineral deposit,Au,,Gold,,Lachlan Orogen,,,,,,,Bendigo Zone
333481,Lord Nelson,,VIC,143.2576,-36.6145,historic mine,Au,,Gold,,Lachlan Orogen,Paleozoic,,,,,,Stawell Zone
333299,Halls Reward,Ninety Mile,QLD,144.9855,-18.9166,historic mine,"Cu, Ag, Au",,"Copper, Silver, Gold",,Georgetown Block,Proterozoic,,,,,,Thomson Orogen
335412,Sandy Creek (Sorby),"Manbarrum, Sorby",NT,129.2513,-15.3291,mineral deposit,"Zn, Pb",Ag,"Zinc, Lead, (Silver)",,,Paleozoic,Basin hydrothermal,Mississippi Valley-type (MVT),MVT zinc-lead,Kalkarindji Igneous Province,Petrel Sub-basin,Halls Creek Orogen
335102,Pinarra Well,,WA,116.9166,-22.6306,mineral deposit,"Fe, FeOre",,"Iron, Iron ore",,Pilbara Craton,,,,,Warakurna Large Igneous Province,Hamersley Basin,Pilbara Craton
335529,Witchcliffe,,WA,115.129,-34.0271,mineral deposit,"Ilm, Zrn, Leu","Grt, Rt","Ilmenite, Zircon, (Garnet, Leucoxene, Rutile)",,,,Erosional,Placer,Heavy mineral sands,,,Leeuwin Province
929698,Toondoon,,,151.146,-25.765,mineral deposit,,,,,,,Supergene,Laterite,Bauxite,,Mulgildie Basin,Yarrol Province
333539,Enhance Place,,NSW,150.066,-33.3673,closed,Cbl,,Coal - black,,Sydney Basin,,,,,,Sydney Basin,Eastern Province
333568,Harden-Murrumburrah,,NSW,148.3996,-34.5272,historic mine,Au,,Gold,,"Lachlan Orogen, Lachlan Orogen, Nerrigundah",Paleozoic,,,,,,Eastern Province
335450,Argyle Alluvials,,WA,128.4044,-16.7228,historic mine,Dmd,,Diamond - undifferentiated,,,Cenozoic,,,,Kalkarindji Igneous Province,Revolver Creek Basin,Halls Creek Orogen
334917,Sultan,,VIC,144.2914,-37.4515,historic mine,Au,,Gold,,Lachlan Orogen,Paleozoic,,,,,,Bendigo Zone
336161,Beaver,,NT,129.4074,-19.9711,historic mine,Au,,Gold,Newmont Mining Corporation,Tanami Orogen,,,,,Kalkarindji Igneous Province,,Tanami Orogen
336162,Donaldson,Abel,NSW,151.5765,-32.793,care and maintenance,Cbl,,Coal - black,"Yancoal Australia Limited, Donaldson Coal Pty Ltd",Sydney Basin,,,,,,Sydney Basin,Eastern Province
336163,Stanhope,Merrywood,TAS,147.96,-41.7735,historic mine,Cbl,,Coal - black,Merrywood Coal Company,Tasmania Basin,,,,,,Tasmania Basin,Melbourne-Mathinna Zone
336166,Pegasus,East Kundana JV,WA,121.2569,-30.738,mineral deposit,Au,,Gold,"Rand Mining Limited, Tribune Resources Limited, Northern Star Resources Limited",Yilgarn Craton,Archean,,,,,Roe Paleovalley,West Australian Element
336168,Siberia,,WA,120.9321,-30.2477,mineral deposit,"Ni, Co, Mn, Sc, Pt, Pd",,"Nickel, Cobalt, Manganese, Scandium, Platinum, Palladium","Ardea Resources Limited, Heron Resources Limited","Yilgarn Craton, Eastern Goldfields Province",Cenozoic,,,,,,West Australian Element
336169,South Lancefield,Lancefield Project,WA,122.377,-28.5623,mineral deposit,Au,,Gold,Focus Minerals Limited,Yilgarn Craton,Archean,,,,,,West Australian Element
336170,St Ives,"Argo, Britannia, Defiance, Junction, Repulse, Revenge, Sirius, Victory",WA,121.7451,-31.3243,operating mine,Au,,Gold,Gold Fields Limited,"Yilgarn Craton, Eastern Goldfields Province",Archean,,,,,Lefroy Paleovalley,West Australian Element
336175,Altona,,VIC,144.441,-37.7033,mineral deposit,Cbr,,Coal - brown,Department of Primary Industries,Otway Basin,Cenozoic,,,,,Selwyn Province,Bendigo Zone
336178,Mount Edwards 132N,,WA,121.5407,-31.4566,mineral deposit,Ni,,Nickel,Widgie Nickel Ltd,"Yilgarn Craton, Eastern Goldfields Province, Kambalda Nickel Metallogenic Province",Archean,Magmatic,Komatiite,Komatiite nickel-copper-PGE,,,West Australian Element
336180,Manumbar,,QLD,152.3715,-26.3658,historic mine,Au,,Gold,Daguilar Gold Ltd,New England Orogen,Paleozoic,,,,,,New England Orogen
336181,Rosedale,Rosedale East,VIC,146.71,-38.217,mineral deposit,Cbr,,Coal - brown,Department of Primary Industries,Gippsland Basin,Cenozoic,,,,,Selwyn Province,Melbourne-Mathinna Zone
336182,Mount Jewell,Includes Red Dam / GSP / Ringlock prospects,WA,121.456,-30.1804,mineral deposit,Ni,,Nickel,Private Interest,"Yilgarn Craton, Eastern Goldfields Province, Kambalda Nickel Metallogenic Province",Archean,,,,,,West Australian Element
336186,Snapper,,NSW,142.1254,-33.4152,operating mine,"Rt, Ilm, Zrn, Leu",,"Rutile, Ilmenite, Zircon, Leucoxene",Tronox Limited,Murray Basin,,Erosional,Placer,Heavy mineral sands,,Berri Basin,Delamerian Orogen
336187,Youanmi Vanadium (Venus Metals),,WA,118.7645,-28.6056,mineral deposit,"TiO2, V, Fe, V2O5, Ti",,"Titanium dioxide, Vanadium, Iron, Vanadium pentoxide, Titanium",Venus Metals Corporation Limited,Yilgarn Craton,,Magmatic,Ultramafic and (or) mafic-layered intrusion,U-M layered intrusion iron-titanium-vanadium,,,West Australian Element
336189,Severn,,TAS,145.3244,-41.8805,mineral deposit,"Sn, Zn","Pb, Ag","Tin, (Lead, Zinc, Silver)",Stellar Resources Limited,Delamerian Orogen,,,,,,Thylacine Province,Delamerian Orogen
336191,Glen Wills,Mount Wills Project,VIC,147.4746,-36.8579,historic mine,"Au, Sn",Ag,"Gold, Tin, (Silver)",ABA Resources,Lachlan Orogen,,Metamorphic hydrothermal,Orogenic,Mesozonal orogenic gold,,,Central NSW - Omeo Province
336200,Challenger,,SA,133.5889,-29.8782,care and maintenance,Au,,Gold,Barton Gold Holdings Ltd,"Gawler Craton, Challenger Metallogenic Province, Christie Domain",Archean,Metamorphic hydrothermal,Orogenic,Mesozonal orogenic gold,,,Christie Domain
336201,Bulong,,WA,121.8598,-30.6862,historic mine,"Ni, Co, Cr",,"Nickel, Cobalt, Chromium","Ardea Resources Limited, Heron Resources Limited","Yilgarn Craton, Eastern Goldfields Province, Kambalda Nickel Metallogenic Province, Norseman-Wiluna Belt",Cenozoic,Magmatic,Ultramafic and (or) mafic-layered intrusion,U-M layered intrusion chromium,,,West Australian Element
336203,Glen Eva,,QLD,147.4494,-21.4294,historic mine,Au,,Gold,GBM Resources Limited,,,,,,,Drummond Basin,Anakie Province
336204,Brackins Spur,,NSW,151.9085,-30.5943,mineral deposit,"As, Sb, Au",,"Arsenic, Antimony, Gold",Straits Resources Limited,New England Orogen,Paleozoic,,,,,,New England Orogen
336205,Northcote,,QLD,145.1571,-17.0058,mineral deposit,Au,Sb,"Gold, (Antimony)",Territory Minerals Pty Ltd,"Mossman Orogen, Hodgkinson Province",Paleozoic,Metamorphic hydrothermal,Orogenic,Epizonal orogenic antimony ± gold,,,Mossman Orogen
336207,Sickle,Barnicoat Project,WA,122.5139,-28.6597,mineral deposit,Au,,Gold,Focus Minerals Limited,"Yilgarn Craton, Eastern Goldfields Province",Archean,,,,,,West Australian Element
336208,Bellbird,Jervois Project,NT,136.2415,-22.6868,mineral deposit,"Cu, Ag, Zn","Au, Pb","Copper, (Gold, Silver, Zinc, Lead)",Kentor Gold Limited,,Proterozoic,Regional metasomatic,Metasomatic iron,Iron oxide gold,Kalkarindji Igneous Province,,Aileron Province
336209,Premier - Kunanalling,Kunanalling Project,WA,121.0703,-30.6765,mineral deposit,Au,,Gold,Phoenix Gold Limited,Yilgarn Craton,Archean,,,,,,West Australian Element
336210,Jeffreys Find,,WA,122.1523,-31.9454,operating mine,Au,,Gold,Auric Mining Ltd,"Yilgarn Craton, Eastern Goldfields Province",Archean,,,,,,West Australian Element
336211,Glenburgh Project,"Apollo, Glenburgh Project, Icon, Mustang, Zone126",WA,116.0838,-25.3919,mineral deposit,Au,,Gold,Gascoyne Resources Limited,Narryer Terrane,Archean,,,,Warakurna Large Igneous Province,,West Australian Element
336213,Pillara,"Blendevale, Lennard Shelf, Pillara, Pillara Springs",WA,125.7735,-18.32,historic mine,"Zn, Pb","Ag, Cd","Zinc, Lead, (Silver, Cadmium)","Meridian Minerals Ltd, Northwest Nonferrous International Investment Company Limited, Teck Cominco Ltd","Canning Basin, Lennard Shelf",Paleozoic,Basin hydrothermal,Mississippi Valley-type (MVT),MVT zinc-lead,Kalkarindji Igneous Province,Canning Basin,King Leopold Orogen
517134,Scrubby Tank,South Kalgoorlie Operations,WA,121.5538,-31.0266,historic mine,Au,,Gold,"Alacer Gold Corporation, Metals X Limited, Northern Star Resources Limited",Yilgarn Craton,Archean,,,,,,West Australian Element
517136,Freddo,South Kalgoorlie Operations,WA,121.389,-30.9622,historic mine,Au,,Gold,"Alacer Gold Corporation, Metals X Limited, Northern Star Resources Limited",Yilgarn Craton,Archean,,,,,,West Australian Element
517138,Zoroastrian,Kalgoorlie North Project,WA,121.286,-30.3351,operating mine,Au,,Gold,Genesis Minerals Ltd,Yilgarn Craton,Archean,,,,,,West Australian Element
517140,Navan,Kalgoorlie North Project,WA,121.2764,-30.334,mineral deposit,Au,,Gold,Genesis Minerals Ltd,Yilgarn Craton,Archean,,,,,,West Australian Element
517142,Big Blow - Bardoc,Kalgoorlie North Project,WA,121.2995,-30.3655,mineral deposit,Au,,Gold,Genesis Minerals Ltd,Yilgarn Craton,Archean,,,,,,West Australian Element
517144,Excelsior,Kalgoorlie North Project,WA,121.2906,-30.3315,mineral deposit,Au,,Gold,Genesis Minerals Ltd,Yilgarn Craton,Archean,,,,,,West Australian Element
517147,Lochinvar,Kalgoorlie North Project,WA,121.2904,-30.3217,mineral deposit,Au,,Gold,Genesis Minerals Ltd,Yilgarn Craton,Archean,,,,,,West Australian Element
517150,Three Star,,WA,121.2902,-30.1189,mineral deposit,Au,,Gold,Genesis Minerals Ltd,Yilgarn Craton,,,,,,,West Australian Element
517152,Bulletin South,Kalgoorlie North Project,WA,121.2717,-30.4045,historic mine,Au,,Gold,Genesis Minerals Ltd,Yilgarn Craton,Archean,,,,,,West Australian Element
517154,Windanya,Kalgoorlie North Project,WA,121.2501,-30.369,mineral deposit,Au,,Gold,Genesis Minerals Ltd,Yilgarn Craton,Archean,,,,,,West Australian Element
517157,Eldorado - Broad Arrow,Kalgoorlie North Project,WA,121.2962,-30.4142,mineral deposit,Au,,Gold,Genesis Minerals Ltd,Yilgarn Craton,Archean,,,,,,West Australian Element
517159,Duke North,Kalgoorlie North Project,WA,121.3017,-30.4098,mineral deposit,Au,,Gold,Genesis Minerals Ltd,Yilgarn Craton,Archean,,,,,,West Australian Element
517161,Talbot North,Kalgoorlie North Project,WA,121.3208,-30.4422,historic mine,Au,,Gold,Genesis Minerals Ltd,Yilgarn Craton,Archean,,,,,,West Australian Element
517163,Jackorite,Kalgoorlie North Project,WA,121.3042,-30.3584,mineral deposit,Au,,Gold,Genesis Minerals Ltd,Yilgarn Craton,Archean,,,,,,West Australian Element
517400,Kroombit,,QLD,150.8533,-24.4844,mineral deposit,Cu,Zn,"Copper, (Zinc)",Argonaut Resources NL,New England Orogen,,,,,,,New England Orogen
518031,Jacoletti,"Jaccoeltti, Southern Cross Operations",WA,119.4787,-31.4685,historic mine,Au,,Gold,"Shandong Tianye Real Estate, St Barbara Limited",Yilgarn Craton,Archean,,,,,,West Australian Element
518033,Transvaal (Southern Cross),Southern Cross Operations,WA,119.3205,-31.2698,historic mine,Au,,Gold,"Shandong Tianye Real Estate, China Hanking Holdings Limited","Yilgarn Craton, Southern Cross Domain (Youanmi Terrane)",Archean,Metamorphic hydrothermal,Orogenic,Mesozonal orogenic gold,,,West Australian Element
518253,Ulysses,,WA,121.3236,-29.1838,historic mine,Au,,Gold,Genesis Minerals Ltd,Yilgarn Craton,,,,,,,West Australian Element
518395,Pelican,Plutonic Dome Project,WA,119.6308,-25.2048,historic mine,Au,,Gold,"Vango Mining Ltd, Dampier Gold Limited",Yilgarn Craton,,,,,Warakurna Large Igneous Province,,Marymia Dome
518398,Tattersalls,Ora Banda Project,WA,121.1555,-30.48,mineral deposit,Au,,Gold,Phoenix Gold Limited,Yilgarn Craton,Archean,,,,,,West Australian Element
518926,O'Callaghans,Telfer,WA,122.2585,-21.7921,mineral deposit,"Cu, Zn, Pb","W, WO3","Copper, Zinc, Lead, (Tungsten, Tungsten trioxide (wolframite))",Greatland Resources Ltd,Yeneena Basin,Neoproterozoic,Magmatic hydrothermal,Skarn,Skarn tungsten ± Mo,Kalkarindji Igneous Province,Yeneena Basin,Paterson Orogen
519421,Nullagine Au 81,Nullagine Gold Project,WA,120.1563,-21.9523,closed,Au,,Gold,Millennium Minerals Limited,Pilbara Craton,Archean,,,,Warakurna Large Igneous Province,,Pilbara Craton
519423,Zsa Zsa,Ora Banda Project,WA,121.1331,-30.4692,mineral deposit,Au,,Gold,Phoenix Gold Limited,Yilgarn Craton,Archean,,,,,,West Australian Element
519576,Gnows Nest,Gnows Nest Project,WA,116.8683,-28.5873,mineral deposit,Au,,Gold,Emu NL,Yilgarn Craton,,,,,,,West Australian Element
519582,DeGrussa,"Conductor 1, Doolgunna",WA,119.3281,-25.5406,closed,"Cu, Au",Ag,"Copper, Gold, (Silver)",Sandfire Resources NL,Bryah Basin,Proterozoic,Volcanic basin hydrothermal,Volcanogenic massive sulfide (VMS),Mafic-siliciclastic VMS,Warakurna Large Igneous Province,Bryah Basin,West Australian Element
520087,Speewah Vanadium (Tivan),Speewah Dome,WA,127.9495,-16.3614,mineral deposit,"Fe, Al, V2O5, Ti","V, TiO2","Iron, (Vanadium, Aluminium, Vanadium pentoxide, Titanium, Titanium dioxide)",Tivan Limited,,,Magmatic,Ultramafic and (or) mafic-layered intrusion,U-M layered intrusion iron-titanium-vanadium,Kalkarindji Igneous Province,Speewah Basin,Halls Creek Orogen
520415,Wondinong,,WA,118.4236,-27.868,mineral deposit,"U, U3O8",,"Uranium, Uranium oxide",Wondinong,,,,,,,Austin Paleovalley,West Australian Element
520531,Mount Finnerty,"FIN10, FIN11, FIN9",WA,120.145,-30.701,mineral deposit,"FeOre, Fe",,"Iron ore, Iron","Cliffs Natural Resources, Reed Resources Limited",Yilgarn Craton,,,,,,,West Australian Element
523485,Cashmere Downs (Cashmere Iron),,WA,119.6344,-28.7946,mineral deposit,"FeOre, Fe",,"Iron ore, Iron",Cashmere Iron Ltd,Yilgarn Craton,,,,,,,West Australian Element
523487,Doyles Creek,"Redbank Creek, West Borehole, Whybrow, Whynot and Woodlands Hill",NSW,150.871,-32.5103,mineral deposit,Cbl,,Coal - black,"Mitsui Matsushima Co. Ltd, NuCoal Resources Ltd",Sydney Basin,,,,,,Sydney Basin,Eastern Province
525797,Red Rock (Glencore),Redrock EPCs,QLD,148.552,-23.375,mineral deposit,Cbl,,Coal - black,"Unnamed Owner, Glencore Plc",Bowen Basin,,,,,,Bowen Basin,Anakie Province
525800,Sarum,,QLD,147.904,-20.749,mineral deposit,Cbl,,Coal - black,Glencore Plc,Bowen Basin,,,,,,Bowen Basin,Connors-Auburn Province
570057,Bundaberg,,QLD,152.15,-24.7,mineral deposit,Cbl,,Coal - black,"Hancock Prospecting Pty Ltd, Unnamed Owner, International Coal Limited",Maryborough Basin,,,,,,Maryborough Basin,Tasman Element
570077,Romulus,Ashburton Gold Project,WA,117.7452,-23.3848,mineral deposit,Au,,Gold,Northern Star Resources Limited,,Paleoproterozoic,,,,Warakurna Large Igneous Province,Ashburton Basin,Pilbara Craton
570085,Spur Hill,,NSW,150.77,-32.41,mineral deposit,Cbl,,Coal - black,Malabar Coal Limited,Sydney Basin,,,,,,Sydney Basin,Eastern Province
570090,Browns Range,,WA,128.9398,-18.8595,operating mine,"REO, Y2O3, Tb4O7, Dy2O3, Dy, U3O8, Th","Y, Tb","Rare earth oxides, (Yttrium, Yttrium oxide, Terbium(III,IV) Oxide, Dysprosium(III) oxide, Dysprosium, Uranium oxide, Thorium, Terbium)",Northern Minerals Limited,Tanami Orogen,,Basin hydrothermal,Unconformity-related,Unconformity-related REE,Kalkarindji Igneous Province,,Lucas Craton
570093,Bondi,St Ives Project,WA,121.8261,-31.4424,mineral deposit,Au,,Gold,Gold Fields Limited,Yilgarn Craton,Archean,,,,,,West Australian Element
570095,Invincible - St Ives,St Ives Project,WA,121.6761,-31.2951,operating mine,Au,,Gold,Gold Fields Limited,Yilgarn Craton,Archean,,,,,Lefroy Paleovalley,West Australian Element
570097,Trinidad,St Ives Project,WA,121.6939,-31.2714,mineral deposit,Au,,Gold,Gold Fields Limited,Yilgarn Craton,Archean,unknown,unknown,unknown,,Lefroy Paleovalley,West Australian Element
570099,Yorick,St Ives Project,WA,121.8216,-31.3961,mineral deposit,Au,,Gold,Gold Fields Limited,Yilgarn Craton,Archean,,,,,,West Australian Element
570102,Broads Dam Project,Broads Dam Project,WA,121.101,-30.5588,historic mine,Au,,Gold,Evolution Mining Limited,Yilgarn Craton,Archean,,,,,Roe Paleovalley,West Australian Element
570110,Zuleika North,"Carbine North Project, Lady Jane",WA,120.7231,-30.3066,historic mine,Au,,Gold,"Evolution Mining Limited, Phoenix Gold Limited",Yilgarn Craton,Archean,,,,,,West Australian Element
570115,Mount Windarra Ni Au Tailings,Mount Windarra Tailings,WA,122.2487,-28.4999,historic mine,"Ni, Au, Cu","Ag, As","Nickel, Gold, (Silver, Copper, Arsenic)",Poseidon Nickel Limited,Yilgarn Craton,Archean,,,,,,West Australian Element
570181,Specimen Reef - Dunolly,Dunolly Gold Project,VIC,143.8152,-36.8463,historic mine,Au,,Gold,Octagonal Resources Limited,Lachlan Orogen,,,,,,,Bendigo Zone
570390,Wilson Hill,Wilson Hill Project,VIC,144.1097,-36.7411,historic mine,Au,,Gold,GBM Gold Limited,Lachlan Orogen,,,,,,,Bendigo Zone
570392,Venus (BHP),,WA,120.704,-27.815,operating mine,Ni,,Nickel,BHP Group Limited,Yilgarn Craton,,,,,,,West Australian Element
570399,Weld Range (Cr),,WA,117.7887,-26.8256,mineral deposit,"Co, Fe","Ni, Cr","Cobalt, Iron, (Nickel, Chromium)",Podium Minerals Ltd,Yilgarn Craton,,,,,Warakurna Large Igneous Province,Austin Paleovalley,West Australian Element
570426,Grant and Chainey,,NSW,151.95,-32.188,mineral deposit,Cbl,,Coal - black,Yancoal Australia Limited,Gloucester Basin,,,,,,Gloucester Basin,New England Orogen
570583,Peninsula Uranium,,WA,120.6979,-28.7971,mineral deposit,"U, U3O8",,"Uranium, Uranium oxide",Energy Metals Limited,,,,,,,Raeside Paleovalley,West Australian Element
570873,Pinnacles - Carosue Dam,Carosue Dam Project,WA,122.3715,-30.2866,historic mine,Au,,Gold,Saracen Mineral Holdings Limited,Yilgarn Craton,Archean,,,,,,West Australian Element
570882,Teal,Binduli North Project,WA,121.3814,-30.6895,mineral deposit,Au,,Gold,Horizon Minerals Ltd.,Yilgarn Craton,Archean,,,,,,West Australian Element
570934,Twilight - Fortnum,Grosvenor Gold Project,WA,118.3591,-25.3183,historic mine,Au,,Gold,"Westgold Resources Limited, Resource and Investment NL",,Proterozoic,,,,Warakurna Large Igneous Province,Bryah Basin,West Australian Element
570941,Damsel,Mount Fisher Project,WA,121.4155,-26.8647,mineral deposit,Au,,Gold,High-Tech Metals Limited,,Archean,,,,,Carnegie Paleovalley,West Australian Element
571038,Contact,,WA,121.1711,-22.2637,mineral deposit,Mn,MnOre,"Manganese, (Manganese ore)",Trek Metals Ltd,,,,,,Warakurna Large Igneous Province,Hamersley Basin,Pilbara Craton
571086,Nyngan Scandium Platinum,,NSW,146.994,-31.612,mineral deposit,"Co, Sc","Pt, Ni","Cobalt, Scandium, (Platinum, Nickel)",Scandium International Mining Corp.,,,Supergene,Laterite,Laterite nickel,,,Central NSW - Omeo Province
572039,Kilba,,WA,115.5427,-22.7817,mineral deposit,"W, WO3",,"Tungsten, Tungsten trioxide (wolframite)",Cuvier Resources Pty Ltd,,,,,,Warakurna Large Igneous Province,,West Australian Element
573727,Wilclo South,,SA,136.444,-33.2969,mineral deposit,Gr,,Graphite,iTech Minerals Pty Ltd,Cleve Domain,,Metamorphic,Metamorphic,Metamorphic graphite,,,South Australian Element
573729,Koppio Mine,Koppio,SA,135.9072,-34.4274,historic mine,Gr,,Graphite,Lincoln Minerals Limited,Cleve Domain,,Metamorphic,Metamorphic,Metamorphic graphite,,,South Australian Element
573750,Sanjiv Ridge Iron Ore ,,WA,119.6649,-21.474,operating mine,FeOre,Fe,"Iron ore, (Iron)",Atlas Iron Ltd,Pilbara Craton,,Volcanic basin hydrothermal,Volcanogenic,Algoma-type banded iron formation,Warakurna Large Igneous Province,,Pilbara Craton
573756,West Pilbara Duck Creek,,WA,116.624,-22.5394,mineral deposit,"FeOre, Fe",,"Iron ore, Iron",Brockman Mining limited,,,,,,Warakurna Large Igneous Province,Hamersley Basin,Pilbara Craton
573788,Longtom,,WA,127.895,-17.6523,mineral deposit,Gr,,Graphite,"NH3 Clean Energy, Green Critical Minerals Ltd",,,,,,Kalkarindji Igneous Province,,Halls Creek Orogen
574054,Rocksteady Iron,Gullewa,WA,116.2737,-28.6941,mineral deposit,"FeOre, Fe",,"Iron ore, Iron","Doray Minerals Limited, Mutiny Gold Limited",,,,,,,,West Australian Element
574198,Calibre,Citadel Project,WA,122.2018,-20.772,mineral deposit,"Au, Cu","Ag, W","Gold, (Silver, Copper, Tungsten)","Antipa Minerals Limited, Rio Tinto Limited",Yeneena Basin,Neoproterozoic,Magmatic hydrothermal,Porphyry,,Kalkarindji Igneous Province,Canning Basin,Paterson Orogen
574207,John Hill,"Ben Hur, Greater Whitewash",QLD,150.8603,-24.6961,mineral deposit,"Ag, Mo, Cu",,"Silver, Molybdenum, Copper",Aeon Metals Limited,,,,,,,,Yarrol Province
334547,Swan Lake,,WA,115.1785,-34.305,mineral deposit,"Leu, Mnz, Rt","Ilm, Zrn","Leucoxene, Monazite, (Ilmenite, Rutile, Zircon)",,,,Erosional,Placer,Heavy mineral sands,,Vasse Shelf,Leeuwin Province
335987,Binneringie,,WA,122.1764,-31.5211,mineral deposit,"Ta2O5, Ta, Sn",,"Tantalum pentoxide, Tantalum, Tin",,Yilgarn Craton,,,,,,,West Australian Element
335280,Elsie,Elsie Siding,QLD,140.0172,-19.8186,historic mine,"Au, Cu",,"Gold, Copper",,"Mount Isa Orogen, Kalkadoon-Leichhardt Belt",Proterozoic,,,,,,Mary Kathleen Domain
336079,Quartz Hill,,VIC,144.2644,-36.8111,mineral deposit,Au,,Gold,,Lachlan Orogen,,,,,,,Bendigo Zone
333977,Ashburton Downs,Windy Ridge,WA,117.2533,-23.4509,historic mine,"Cu, U",,"Copper, Uranium",,Ashburton Basin,Proterozoic,,,,Warakurna Large Igneous Province,Ashburton Basin,Pilbara Craton
335576,Lillimay,"Lillimay 1, Lillimay Extended 1, Royal",QLD,139.8232,-20.4286,historic mine,Cu,,Copper,,"Mount Isa Orogen, Kalkadoon-Leichhardt Belt",Proterozoic,,,,,,Kalkadoon-Leichhardt Domain
627983,Angularli,,NT,133.1565,-11.7403,mineral deposit,U,,Uranium,,Pine Creek Orogen,,Basin hydrothermal,Unconformity-related,Unconformity-related uranium,,Money Shoal Basin,Pine Creek Orogen
354876,Julie Anne,,QLD,143.2908,-15.4474,mineral deposit,Au,,Gold,,,,,,,,Savannah Province,North Australian Element
334455,O'Donnell,Tasman,NSW,151.54,-32.8868,mineral deposit,Cbl,,Coal - black,,Sydney Basin,,,,,,Sydney Basin,Eastern Province
334289,Wadnaminga,,SA,140.2092,-32.5492,historic mine,Au,,Gold,,Kanmantoo Copper Gold Metallogenic Province,,Metamorphic hydrothermal,Orogenic,Mesozonal orogenic gold,,,South Australian Element
333617,Iguana - Lady Mary,,QLD,142.2417,-18.1949,historic mine,Au,,Gold,,"Croydon Gold Metallogenic Province, Croydon Province, Georgetown Block",,,,,Croydon Province,,North Australian Element
335665,Sweet William,,QLD,140.4522,-21.0036,historic mine,"Au, Cu",,"Gold, Copper",,"Mount Isa Orogen, Quamby-Malbon Zone",Proterozoic,,,,,,Marimo-Staveley Domain
547110,Ashmore,,WA,127.2925,-14.2344,mineral deposit,Dmd,,Diamond - undifferentiated,,,,,,,Kalkarindji Igneous Province,Speewah Basin,North Australian Element
333454,Edin Hope,,WA,118.4203,-26.7243,historic mine,Au,,Gold,,Yilgarn Craton,,,,,Warakurna Large Igneous Province,Hope Paleovalley,West Australian Element
334363,Rose of Denmark,,VIC,147.1091,-37.0821,historic mine,Au,,Gold,,Lachlan Orogen,Paleozoic,,,,,,Lachlan Orogen
524841,Yarri (Heron),,WA,122.3645,-29.7795,mineral deposit,Au,,Gold,,Yilgarn Craton,,,,,,,West Australian Element
335517,Tirrana,,NSW,149.6584,-34.812,mineral deposit,Fe,,Iron,,Lachlan Orogen,,,,,,,Eastern Province
334558,Mount Pyrton,,WA,117.4064,-21.9411,mineral deposit,Fe,,Iron,,Hamersley Basin,Archean,,,,Warakurna Large Igneous Province,Hamersley Basin,Pilbara Craton
527395,Tutunup South/Iluka,,WA,115.4906,-33.7302,operating mine,"Ilm, Zrn, Rt, Leu",,"Ilmenite, Zircon, Rutile, Leucoxene",,,,,,,,Bunbury Trough,Pinjarra Orogen
335951,Waterhole,Waterhole 2,QLD,139.9264,-20.7219,historic mine,Cu,,Copper,,"Mount Isa Orogen, Kalkadoon-Leichhardt Belt",Proterozoic,,,,,,Mary Kathleen Domain
334919,Lady Irene,,WA,120.9633,-29.6346,historic mine,Au,,Gold,,Yilgarn Craton,,,,,,,West Australian Element
364836,Orebody 35,,WA,119.6573,-23.3897,historic mine,"Fe, FeOre",,"Iron, Iron ore",,Hamersley Basin,,,,,Warakurna Large Igneous Province,Hamersley Basin,Pilbara Craton
333941,Siberia-Wongi Hill (Gem),Siberia (WMC),WA,120.9959,-30.2361,mineral deposit,"Ni, Co",,"Nickel, Cobalt",,Yilgarn Craton,,,,,,,West Australian Element
334223,Blackfoot,,WA,121.4064,-30.8383,mineral deposit,Au,,Gold,,Yilgarn Craton,,,,,,Roe Paleovalley,West Australian Element
599357,Wyloo,,WA,116.4477,-22.563,mineral deposit,"FeOre, Fe",,"Iron ore, Iron",,,,,,,Warakurna Large Igneous Province,Hamersley Basin,Pilbara Craton
336259,Wet Lagoon,,NSW,149.4576,-34.8083,mineral deposit,"Zn, Ag, Cu, Pb",,"Zinc, Silver, Copper, Lead",,"Lachlan Orogen, Hill End Trough",Paleozoic,Volcanic basin hydrothermal,Volcanogenic massive sulfide (VMS),Felsic-siliciclastic VMS,,,Eastern Province
335989,Bullrush Swamp,,WA,115.2954,-34.3052,mineral deposit,"Ilm, Leu, Zrn, Rt",,"Ilmenite, Leucoxene, Zircon, Rutile",,,,,,,,Vasse Shelf,Pinjarra Orogen
333958,Wallaroo,,SA,137.6775,-33.9892,historic mine,"Au, Cu",,"Gold, Copper",,"Gawler Craton, Olympic Copper Gold Metallogenic Province, Olympic Domain",Proterozoic,,,,,Stansbury Basin,Olympic Domain
335710,Gift,,QLD,145.2949,-17.5426,historic mine,Sn,,Tin,,Mossman Orogen,,,,,,,Mossman Orogen
334382,Hercules and Energetic,,VIC,144.2538,-36.7382,historic mine,Au,,Gold,,"Lachlan Orogen, Lachlan Orogen",,,,,,,Bendigo Zone
336104,Bendigo Goldfield,,VIC,144.267,-36.747,historic mine,Au,,Gold,,"Hume Superprovince, Lachlan Orogen, Lachlan Orogen, Bendigo Gold Metallogenic Province, Bendigo Zone",,Metamorphic hydrothermal,Orogenic,Mesozonal orogenic gold,,,Bendigo Zone
815832,Glendell,,NSW,151.0776,-32.4512,operating mine,Cbl,,Coal - black,,Sydney Basin,,,,,,Sydney Basin,Eastern Province
647316,SW,,WA,116.0838,-25.3915,mineral deposit,Au,,Gold,,,,,,,Warakurna Large Igneous Province,,West Australian Element
533401,Austin - Yalgoo,,WA,116.9175,-28.786,mineral deposit,Au,,Gold,,Yilgarn Craton,Archean,,,,,,West Australian Element
333529,Mount Christie,,SA,133.218,-30.5458,mineral deposit,Fe,,Iron,,Gawler Craton,,,,,,,South Australian Element
335337,Saxon Extended,,WA,122.7328,-30.0784,mineral deposit,Au,,Gold,,,Archean,,,,,,West Australian Element
333637,Nimingarra,,WA,120.0153,-20.395,historic mine,MnOre,,Manganese ore,,Pilbara Craton,,,,,,,Pilbara Craton
334096,The Joker,Old Joker,QLD,140.7072,-20.8875,historic mine,"Au, Cu",,"Gold, Copper",,"Mount Isa Orogen, Cloncurry-Selwyn Zone",Proterozoic,,,,,,Soldiers Cap Domain
333565,Golden Valley,,QLD,146.4789,-19.7972,mineral deposit,Au,,Gold,,,Paleozoic,,,,,,Charters Towers Province
449183,Caller Herring,,WA,121.8234,-29.4803,mineral deposit,Au,,Gold,,Yilgarn Craton,,,,,,,West Australian Element
334946,Longara,,QLD,140.3122,-20.9056,historic mine,Cu,,Copper,,"Mount Isa Orogen, Quamby-Malbon Zone",Proterozoic,,,,,,Mitakoodi Domain
429070,Pioneer,,TAS,147.9239,-41.0734,mineral deposit,,,,,Lachlan Orogen,,,,,,,Melbourne-Mathinna Zone
334661,Pommern,Pommern 2,QLD,140.0962,-20.9656,historic mine,"Au, Cu",,"Gold, Copper",,"Mount Isa Orogen, Quamby-Malbon Zone",Proterozoic,,,,,,Mitakoodi Domain
333557,Koolaman,,NSW,142.6742,-34.3569,mineral deposit,"Zrn, Leu, Ilm, Rt",,"Zircon, Leucoxene, Ilmenite, Rutile",,Murray Basin,,,,,,Murray Basin,Stawell Zone
333342,Emull,Lamboo,WA,127.3087,-18.4366,mineral deposit,"Cu, Zn",,"Copper, Zinc",,,Proterozoic,,,,Kalkarindji Igneous Province,,Halls Creek Orogen
335568,Black Mountain,Mt Leviathan,QLD,140.5,-20.717,mineral deposit,Fe,,Iron,,"Mount Isa Orogen, Quamby-Malbon Zone",Proterozoic,,,,,,Canobie Domain
334216,Mayfield,,WA,118.9415,-30.5662,mineral deposit,Fe,FeOre,"Iron, (Iron ore)",,"Yilgarn Craton, Southern Cross Province",,,,,,,West Australian Element
546505,Warramboo-Boo Loo (CEIP - Iron Road),,SA,135.6397,-33.2425,mineral deposit,"Fe, FeOre",,"Iron, Iron ore",,"Gawler Craton, Cleve Domain",,Basin chemical,Iron formation,,,Eucla Basin,South Australian Element
336216,Ida H,Barnicoat Project,WA,122.5011,-28.6864,historic mine,Au,,Gold,Focus Minerals Limited,"Yilgarn Craton, Eastern Goldfields Province",Archean,,,,,,West Australian Element
336217,Montague - Boulder,Gum Greek Project,WA,119.5384,-27.3982,historic mine,Au,,Gold,Brightstar Resources Ltd,"Yilgarn Craton, Bounty Gold Metallogenic Province, Southern Cross Province",Archean,,,,,Raeside Paleovalley,West Australian Element
336218,Mount Cannindah,Mount Cannindah Project,QLD,151.2734,-24.6697,mineral deposit,"Cu, Au","Ag, Mo","Copper, Gold, (Silver, Molybdenum)","Cannindah Resources Limited, Drummond Gold Limited",New England Orogen,,,,,,,Yarrol Province
336223,Niagara Mining Centre,South Kookynie Project,WA,121.4153,-29.3769,historic mine,Au,,Gold,Nex Metals Explorations Limited,"Yilgarn Craton, Norseman-Wiluna Belt",Archean,,,,,,West Australian Element
336229,Carboona,,NSW,147.7237,-35.8249,mineral deposit,"Pb, Zn, Fl, Ag, F",,"Lead, Zinc, Fluorite, Silver, Fluorine",Mining Exploration Group Pty Ltd,"Lachlan Orogen, Lachlan Orogen",Paleozoic,,,,,,Central NSW - Omeo Province
336230,Boggabri,,NSW,150.1633,-30.5904,operating mine,Cbl,,Coal - black,"Nippon Steel Australia Pty Ltd, The Chugoku Electric Power Company Inc, Idemitsu Australia Resources, Idemitsu Kosan Co Ltd",Gunnedah Basin,,,,,,Gunnedah Basin,Eastern Province
336231,Wongawilli Colliery (NRE),"Elouera, Nebo",NSW,150.7357,-34.4749,care and maintenance,Cbl,,Coal - black,"Wollongong Coal Ltd, Gujarat NRE, Illawarra Coal",Sydney Basin,,,,,,Sydney Basin,Eastern Province
336232,Hail Creek,,QLD,148.4068,-21.5054,operating mine,Cbl,,Coal - black,"Glencore Plc, Marubeni Corporation, Nippon Steel Australia Pty Ltd, Rio Tinto Limited, Sumitomo Corp.",Bowen Basin,,,,,,Bowen Basin,Connors-Auburn Province
336233,Theodore,"Theodore Central, Theodore South",QLD,150.0571,-25.0994,mineral deposit,Cbl,,Coal - black,"MITSUI & CO. (AUSTRALIA) LTD., Anglo American Plc",Bowen Basin,,,,,,Bowen Basin,Connors-Auburn Province
336234,Mount Keith,,WA,120.5417,-27.2296,care and maintenance,Ni,"Co, Cu","Nickel, (Cobalt, Copper)",BHP Group Limited,"Yilgarn Craton, Eastern Goldfields Province, Mount Keith Nickel Metallogenic Province",Archean,Magmatic,Komatiite,Komatiite nickel-copper-PGE,,,West Australian Element
336237,Mount Dore,"Merlin, Mt Dore",QLD,140.4926,-21.662,mineral deposit,"Cu, Mo, Au, Pb, Co, Ag","Zn, Re","Copper, Molybdenum, (Zinc, Gold, Lead, Cobalt, Silver, Rhenium)",Chinova Resources,"Mount Isa Orogen, Kuridala-Selwyn Domain, Cloncurry-Selwyn Zone",Proterozoic,Regional metasomatic,Alkali-calcic,Low Iron alkali-calcic,,,Kuridala-Selwyn Domain
336240,Cosmic Boy,,WA,119.739,-32.5816,historic mine,Ni,Co,"Nickel, (Cobalt)",IGO Ltd,"Yilgarn Craton, Forrestania Nickel Metallogenic Province, Southern Cross Province",Archean,,,,,,West Australian Element
336241,Golden Ridge,South Kalgoorlie Operations,WA,121.6678,-30.8473,historic mine,Au,,Gold,Horizon Minerals Ltd.,Yilgarn Craton,Archean,,,,,,West Australian Element
336242,Calarie Project,Calarie Project,NSW,148.0195,-33.3447,historic mine,Au,,Gold,Orange Minerals NL,Lachlan Orogen,Paleozoic,,,,,,Eastern Province
336243,Miclere,,QLD,147.928,-22.9515,mineral deposit,Au,,Gold,Sedimentary Holdings,,Paleozoic,,,,,,Anakie Province
336245,Queen of Sheba,Lindsays-Bayleys Project,WA,121.1778,-30.9553,mineral deposit,Au,,Gold,Focus Minerals Limited,Yilgarn Craton,Archean,,,,,,West Australian Element
336247,Isabel,,QLD,145.3643,-17.3841,mineral deposit,"In, Zn, Pb, Ag",,"Indium, Zinc, Lead, Silver",Iltani Resources Ltd,Mossman Orogen,Paleozoic,,,,,,Mossman Orogen
336251,Bargo,Tahmoor,NSW,150.5804,-34.2971,mineral deposit,Cbl,,Coal - black,"GFG Alliance, Glencore Plc",Sydney Basin,,,,,,Sydney Basin,Eastern Province
336253,Bee Creek (Stanmore),"Bee Creek (BHP), ML 4751",QLD,148.4899,-21.6315,mineral deposit,Cbl,,Coal - black,Stanmore Coal Limited,Bowen Basin,,,,,,Bowen Basin,Connors-Auburn Province
336254,Irwin River,"Blackfin, Holmwood, Mingenew",WA,115.6182,-29.0796,mineral deposit,Cbl,,Coal - black,New Coal Energy Pty Ltd,Perth Basin,,,,,,Perth Basin,Pinjarra Orogen
336256,Golden Wings,Dalgaranga Gold Project,WA,117.2959,-27.8205,historic mine,Au,,Gold,Gascoyne Resources Limited,Yilgarn Craton,Archean,,,,,Moore-Monger Paleovalley,West Australian Element
336258,Fender,Big Bell Project,WA,117.6354,-27.3442,historic mine,Au,,Gold,"Westgold Resources Limited, Metals X Limited",Yilgarn Craton,Archean,,,,Warakurna Large Igneous Province,,West Australian Element
336261,Mount Kilkenny,Niwest,WA,121.8072,-29.0405,mineral deposit,"Ni, Co",,"Nickel, Cobalt",Alliance Nickel Ltd,"Yilgarn Craton, Eastern Goldfields Province",Cenozoic,,,,,,West Australian Element
336262,Pinnacles Nickel,Kanowna,WA,122.3242,-30.2758,mineral deposit,"Ni, Co",,"Nickel, Cobalt",Element 25 Limited,"Yilgarn Craton, Eastern Goldfields Province",Cenozoic,,,,,,West Australian Element
336264,Alice Springs,,NT,133.8679,-23.6957,mineral deposit,REO,,Rare earth oxides,Wasabi Energy Ltd.,,,unknown,unknown,unknown,Warakurna Large Igneous Province,,Aileron Province
336267,Kaltails,Kalgoorlie Project,WA,121.5312,-30.7922,historic mine,Au,,Gold,"Newmont Mining Corporation, Kalgoorlie Consolidated Gold Mines",Yilgarn Craton,Archean,,,,,Roe Paleovalley,West Australian Element
336269,Traralgon,,VIC,146.49,-38.237,mineral deposit,Cbr,,Coal - brown,Department of Primary Industries,Gippsland Basin,Cenozoic,,,,,Selwyn Province,Melbourne-Mathinna Zone
336270,Bendigo Creek - Huntly,,VIC,144.315,-36.655,mineral deposit,Au,,Gold,GBM Gold Limited,Lachlan Orogen,,,,,,,Bendigo Zone
336271,Dawns Hope,South Kalgoorlie Operations,WA,121.6537,-31.1184,historic mine,Au,,Gold,"Alacer Gold Corporation, Metals X Limited, Northern Star Resources Limited",Yilgarn Craton,Archean,,,,,,West Australian Element
525835,Double 8 - Ponton,,WA,123.2545,-30.2668,mineral deposit,"U, U3O8",,"Uranium, Uranium oxide",Double 8 Uranium Project,,,,,,,Raeside Paleovalley,West Australian Element
525841,Blackbush,Samphire Project,SA,137.4052,-33.196,mineral deposit,"U, U3O8",,"Uranium, Uranium oxide",UraniumSA Limited,Gawler Craton,,,,,,Pirie Basin Paleovalley,South Australian Element
525845,Rover 1,,NT,133.6567,-20.0021,mineral deposit,"Cu, Au, Co, Bi","Ag, Mag","Copper, Gold, Cobalt, (Silver, Bismuth, Magnetite)",Castile Resources Ltd,,,Regional metasomatic,IOCG,,Kalkarindji Igneous Province,Wiso Basin,North Australian Element
525847,Pentland (United),,QLD,145.37,-20.611,mineral deposit,Cbl,,Coal - black,"Programmed Maintenance Services Ltd, Linc Energy Limited, United Mining Group",Galilee Basin,,,,,,Galilee Basin,Charters Towers Province
526259,Turee Syncline Central (Rio Tinto),"Central, South",WA,117.9031,-23.1548,mineral deposit,FeOre,Fe,"Iron ore, (Iron)",Rio Tinto Limited,Pilbara Craton,,,,,Warakurna Large Igneous Province,Hamersley Basin,Pilbara Craton
526757,Anthony,,QLD,147.2816,-22.3107,mineral deposit,Mo,,Molybdenum,"Zamia Metals Limited, QX Resources Ltd",,,Magmatic hydrothermal,Porphyry,Climax-type porphyry molybdenum,,,Anakie Province
526814,Wonnerup (Tronox),,WA,115.4506,-33.6538,operating mine,"Ilm, Zrn, Rt",Leu,"Ilmenite, Zircon, Rutile, (Leucoxene)",Tronox Limited,,,Erosional,Placer,Heavy mineral sands,,Bunbury Trough,Pinjarra Orogen
526823,Dardanup (Cristal),,WA,115.7895,-33.4303,mineral deposit,"Ilm, Zrn, REO, Leu, Th","Rt, Mnz","Ilmenite, Zircon, (Rutile, Rare earth oxides, Leucoxene, Thorium, Monazite)",Tronox Limited,,,Erosional,Placer,Heavy mineral sands,,Bunbury Trough,Pinjarra Orogen
526853,Phoenix,,NSW,143.3073,-34.4685,mineral deposit,"Rt, Zrn, Ilm, Leu",,"Rutile, Zircon, Ilmenite, Leucoxene",Tronox Limited,Murray Basin,,,,,,Murray Basin,West Province
526878,Perth Basin (Iluka),,WA,115.3018,-29.8558,operating mine,"Zrn, Ilm, Rt",Leu,"Zircon, Ilmenite, Rutile, (Leucoxene)",Iluka Resources Limited,,,Erosional,Placer,Heavy mineral sands,,Perth Basin,Pinjarra Orogen
527757,Elaine Dorothy,,QLD,140.0228,-20.8028,mineral deposit,"Au, Cu, U","REO, U3O8","Gold, Copper, (Rare earth oxides, Uranium, Uranium oxide)","Hammer Metals Ltd, Chinalco Yunnan Copper Resources Limited, Goldsearch Limited",Mount Isa Orogen,,Magmatic hydrothermal,Skarn,Skarn copper,,,Mary Kathleen Domain
527766,Cameron,,WA,121.8288,-31.6376,mineral deposit,Ni,Co,"Nickel, (Cobalt)",MIncor Resources NL,Yilgarn Craton,,,,,,,West Australian Element
527772,Wanbanna,,WA,121.842,-28.7666,mineral deposit,"Ni, Co",,"Nickel, Cobalt",Alliance Nickel Ltd,Yilgarn Craton,,,,,,,West Australian Element
527920,Hercules,,SA,136.611,-32.809,mineral deposit,"FeOre, Fe",,"Iron ore, Iron","Ironclad Mining Ltd, Trafford Resources Ltd",Gawler Craton,,Basin chemical,Iron formation,Superior-type banded iron formation,,,South Australian Element
527922,Hercules South - Eurilla (LIncoln Minerals),Wilcherry Project,SA,136.629,-32.879,mineral deposit,"FeOre, Fe, Mn",,"Iron ore, Iron, Manganese",Lincoln Minerals Limited,Gawler Craton,,,,,,,South Australian Element
527931,Koodaideri South  (Hamersley Iron),"Fingers, Kurrajura East",WA,118.979,-22.547,mineral deposit,"FeOre, Fe",,"Iron ore, Iron","Rio Tinto Limited, Iron Ore Holdings Ltd",Pilbara Craton,,,,,Warakurna Large Igneous Province,Hamersley Basin,Pilbara Craton
527933,Lamb Creek-Boundary,Lamb Creek,WA,118.875,-22.815,mineral deposit,"FeOre, Fe",,"Iron ore, Iron",Iron Ore Holdings Ltd,Pilbara Craton,,,,,Warakurna Large Igneous Province,Hamersley Basin,Pilbara Craton
527935,Bungaroo South - Western Pilbara Hub (IOH),"Bungaroo South, Bungaroo South West",WA,116.503,-21.994,mineral deposit,"FeOre, Fe",,"Iron ore, Iron",Iron Ore Holdings Ltd,Pilbara Craton,,,,,Warakurna Large Igneous Province,Hamersley Basin,Pilbara Craton
527938,Extension (AAMC),North Marillana,WA,119.047,-22.692,mineral deposit,"FeOre, Fe",,"Iron ore, Iron","Australian Aboriginal Mining Corporation, Iron Ore Holdings Ltd",Pilbara Craton,,,,,Warakurna Large Igneous Province,Yandicoogina Paleovalley,Pilbara Craton
527949,Mallee Bull,,NSW,146.0979,-32.4135,mineral deposit,"Cu, Zn, Pb, Au",Ag,"Copper, Zinc, Lead, Gold, (Silver)",Peel Mining Limited,"Lachlan Orogen, Cobar Basin",,Metamorphic hydrothermal,Orogenic,Orogenic silver-lead-zinc-copper-antimony,,Cobar Basin,Central NSW - Omeo Province
527951,Surface Hill,,NSW,149.7073,-33.1144,historic mine,Au,,Gold,MinRex Resources Ltd,Lachlan Orogen,,,,,,,Eastern Province
527968,Magnetite Range (Accent Resources),,WA,117.0799,-29.4806,mineral deposit,FeOre,Fe,"Iron ore, (Iron)",Accent Resources Ltd,Yilgarn Craton,,,,,,,West Australian Element
527971,Golden Spec,"Blue Spec Shear, Nullagine Project",WA,120.2572,-21.8238,mineral deposit,Au,Sb,"Gold, (Antimony)",Northwest Resources Limited,Pilbara Craton,Archean,,,,Warakurna Large Igneous Province,,Pilbara Craton
527973,Green Spec,"Blue Spec Shear, Nullagine Project",WA,120.3093,-21.8139,mineral deposit,"Au, Sb",,"Gold, Antimony",Northwest Resources Limited,Pilbara Craton,Archean,,,,Warakurna Large Igneous Province,,Pilbara Craton
527975,Cappers,,NT,132.3691,-22.7388,mineral deposit,"U, U3O8",,"Uranium, Uranium oxide",Energy Metals Limited,Ngalia Basin,,Infiltrational,Uranium,Calcrete uranium,,Ngalia Basin,Aileron Province
527977,Mount Padbury (Sinosteel Ocean Capital P/L),Jabiru,WA,118.384,-25.691,mineral deposit,"FeOre, Fe",,"Iron ore, Iron","Sinosteel Ocean Capital Pty Ltd, Midwest Corporation Limited, Sinosteel Midwest Corporation",Yilgarn Craton,,,,,Warakurna Large Igneous Province,Bryah Basin,West Australian Element
527979,Inverell Bauxite Project,,NSW,151.06,-29.67,mineral deposit,Bx,Al2O3,"Bauxite, (Alumina)",Australian Bauxite Limited,,,,,,,,New England Orogen
528001,Bundi,West Wandoan,QLD,149.568,-26.108,mineral deposit,Cbl,,Coal - black,"Metro Mining Limited, MetroCoal Ltd",Surat Basin,,,,,,Surat Basin,Anakie Province
528012,The Range,"EPC 1112, EPC 2030",QLD,150.211,-26.204,mineral deposit,Cbl,,Coal - black,Stanmore Coal Limited,Surat Basin,,,,,,Surat Basin,Connors-Auburn Province
574210,Cockie Creek,Greenvale Project,QLD,144.7913,-18.9404,mineral deposit,Cu,,Copper,Superior Resources Limited,,,,,,,,Thomson Orogen
574218,Kumarina Project,,WA,119.5552,-24.6805,mineral deposit,Cu,,Copper,Horseshoe Metals Limited,,,,,,Warakurna Large Igneous Province,Collier Basin,West Australian Element
574347,Nanadie Well,,WA,118.9485,-27.1599,mineral deposit,"Cu, Au, Zn, Co","Ag, Ni","Copper, Gold, (Silver, Zinc, Cobalt, Nickel)",Cyprium Metals Ltd,,Archean,,,,,Hope Paleovalley,West Australian Element
575411,Goanna,,NT,134.0774,-19.4301,mineral deposit,"Au, Cu",,"Gold, Copper",Emmerson Resources Limited,Warramunga Province,,Regional metasomatic,IOCG,,Kalkarindji Igneous Province,Warramunga Province,North Australian Element
575428,Gordons,,QLD,150.875,-24.8065,mineral deposit,"Mo, Cu, Ag",,"Molybdenum, Copper, Silver",Aeon Metals Limited,,,,,,,,Yarrol Province
575436,Taipan - Eastern Hills,,WA,116.1233,-22.8362,mineral deposit,"Pb, Au, Ag",Sb,"Lead, Gold, Silver, (Antimony)","Northern Star Resources Limited, Artemis Resources Limited",,,,,,Warakurna Large Igneous Province,Ashburton Basin,Pilbara Craton
575438,Paperbark Project,,QLD,138.8434,-18.8131,mineral deposit,"Ag, Zn, Pb",,"Silver, Zinc, Lead",Rubix Resources Ltd,,,,,,,,Century Domain
575546,Paris Silver Project,Peterlumbo JV,SA,136.0193,-32.647,feasibility,"Ag, Pb",,"Silver, Lead",Investigator Resources Limited,"Gawler Craton, Nuyts Domain",,Magmatic hydrothermal,Epithermal,Intermediate-sulfidation (IS) epithermal silver-gold ± Zn,,,South Australian Element
575760,WAIO (BHP),Western Australia Iron Ore Operation,WA,118.5701,-20.3086,operating mine,FeOre,Fe,"Iron ore, (Iron)","BHP Group Limited, ITOCHU MINERALS & ENERGY OF AUSTRALIA PTY LTD, MITSUI & CO. (AUSTRALIA) LTD.",,,,,,,,Pilbara Craton
575854,Ramornie,Mount Morgans Gold Project,WA,122.072,-28.7689,mineral deposit,Au,,Gold,Dacian Gold Limited,Yilgarn Craton,Archean,,,,,,West Australian Element
575856,Camel Flat,,NT,131.2979,-22.3886,mineral deposit,"U3O8, V2O5, V, U",,"Uranium oxide, Vanadium pentoxide, Vanadium, Uranium",Energy Metals Limited,,,,,,,Ngalia Basin,Aileron Province
575910,Vettersburg South,Kalgoorlie North Project,WA,121.2598,-30.2953,mineral deposit,Au,,Gold,Genesis Minerals Ltd,Yilgarn Craton,Archean,,,,,,West Australian Element
575912,Zone 126 - Glenburgh,Glenburgh Project,WA,116.1517,-25.3714,mineral deposit,Au,,Gold,Gascoyne Resources Limited,Gascoyne Province,Proterozoic,,,,Warakurna Large Igneous Province,,West Australian Element
575917,Zone 102 - Glenburgh,Glenburgh Project,WA,116.1457,-25.373,mineral deposit,Au,,Gold,Gascoyne Resources Limited,Gascoyne Province,Proterozoic,,,,Warakurna Large Igneous Province,,West Australian Element
575919,Icon - Glenburgh,Glenburgh Project,WA,116.1003,-25.3915,mineral deposit,Au,,Gold,Gascoyne Resources Limited,Gascoyne Province,Proterozoic,,,,Warakurna Large Igneous Province,,West Australian Element
575921,Apollo - Glenburgh,Glenburgh Project,WA,116.1073,-25.3902,mineral deposit,Au,,Gold,Gascoyne Resources Limited,Gascoyne Province,Proterozoic,,,,Warakurna Large Igneous Province,,West Australian Element
575927,Tuxedo - Glenburgh,Glenburgh Project,WA,116.0993,-25.3951,mineral deposit,Au,,Gold,Gascoyne Resources Limited,Gascoyne Province,Proterozoic,,,,Warakurna Large Igneous Province,,West Australian Element
575929,Torino - Glenburgh,Glenburgh Project,WA,116.0743,-25.4166,mineral deposit,Au,,Gold,Gascoyne Resources Limited,Gascoyne Province,Proterozoic,,,,Warakurna Large Igneous Province,,West Australian Element
575931,Mustang - Glenburgh,Glenburgh Project,WA,116.1167,-25.3869,mineral deposit,Au,,Gold,Gascoyne Resources Limited,Gascoyne Province,Proterozoic,,,,Warakurna Large Igneous Province,,West Australian Element
575933,Shelby - Glenburgh,Glenburgh Project,WA,116.1207,-25.3851,mineral deposit,Au,,Gold,Gascoyne Resources Limited,Gascoyne Province,Proterozoic,,,,Warakurna Large Igneous Province,,West Australian Element
575935,Hurricane - Glenburgh,Glenburgh Project,WA,116.1383,-25.3755,mineral deposit,Au,,Gold,Gascoyne Resources Limited,Gascoyne Province,Proterozoic,,,,Warakurna Large Igneous Province,,West Australian Element
576098,Parks Reef,,WA,117.7392,-26.845,mineral deposit,"Pt, Pd, Ni, Cu, PGE, Co, Ir","Au, Rh","Platinum, Palladium, (Gold, Nickel, Copper, Platinum group elements, Cobalt, Iridium, Rhodium)",Podium Minerals Ltd,,,,,,Warakurna Large Igneous Province,,West Australian Element
576112,Olary Iron,,SA,140.3913,-32.313,mineral deposit,"FeOre, Fe",,"Iron ore, Iron",Henan Yukuang Rsrc Dev Grp,,Neoproterozoic,Basin chemical,Iron formation,,,,South Australian Element
576125,Yalbra Graphite,Graphite Bull,WA,116.3548,-25.5611,mineral deposit,Gr,,Graphite,Buxton Resources Ltd,,,,,,Warakurna Large Igneous Province,,West Australian Element
576191,Little Wonder,Camel Creek Joint Venture,WA,120.3245,-21.8615,historic mine,Au,,Gold,"Millennium Minerals Limited, Northwest Resources Limited",,Archean,,,,Warakurna Large Igneous Province,,Pilbara Craton
576312,Mulgarrie Well,Mulgarrie Project,WA,121.507,-30.3766,mineral deposit,Au,,Gold,"Zijin Mining Group Company Ltd, Norton Gold Fields Limited",Yilgarn Craton,Archean,,,,,,West Australian Element
576316,Rose,,WA,121.2606,-30.5367,historic mine,Au,,Gold,Zijin Mining Group Company Ltd,Yilgarn Craton,Archean,unknown,unknown,unknown,,Roe Paleovalley,West Australian Element
576317,Racetrack,Mount Pleasant Project,WA,121.2396,-30.5564,historic mine,Au,,Gold,Zijin Mining Group Company Ltd,Yilgarn Craton,Archean,,,,,,West Australian Element
576318,Royal Standard North,Mount Pleasant Project,WA,121.2514,-30.5539,historic mine,Au,,Gold,Zijin Mining Group Company Ltd,,Archean,,,,,,West Australian Element
576319,Carbine Project,,WA,121.03,-30.51,historic mine,Au,,Gold,"Evolution Mining Limited, Northern Star Resources Limited",,Archean,,,,,Roe Paleovalley,West Australian Element
576322,Marlock,Mount Pleasant Project,WA,121.2177,-30.5255,mineral deposit,Au,,Gold,"Zijin Mining Group Company Ltd, Norton Gold Fields Limited",Yilgarn Craton,Archean,,,,,Roe Paleovalley,West Australian Element
576329,Enterprise West,Ora Banda Project,WA,121.0798,-30.3749,mineral deposit,Au,,Gold,"Zijin Mining Group Company Ltd, Norton Gold Fields Limited",Yilgarn Craton,Archean,unknown,unknown,unknown,,,West Australian Element
